NASDAQ 100 3x, 1986-2026
Date,Close,Daily Return
1986-01-02,131.25,0.0
1986-01-03,129.10195890410964,-0.01636602739726001
1986-01-06,128.36684945247325,-0.005694022444557927
1986-01-07,135.52849687152832,0.05579047432886166
1986-01-08,130.48804441113202,-0.03719108952543248
1986-01-09,123.39655428848044,-0.05434589930942828
1986-01-10,125.53573671125704,0.01733583595677678
1986-01-13,124.03168416574344,-0.011981070768502005
1986-01-14,124.24570537978394,0.0017255366278385734
1986-01-15,130.98093886142914,0.05420898421444419
1986-01-16,135.50383567279462,0.03453095427992366
1986-01-17,134.5682587722318,-0.00690443112490176
1986-01-20,130.86295174493674,-0.02753477722831052
1986-01-21,129.29362134537746,-0.011992167214889245
1986-01-22,124.89672832994567,-0.034007037390394734
1986-01-23,123.83927404834738,-0.008466629156247952
1986-01-24,126.46673556856321,0.021216706415688864
1986-01-27,128.04711294689545,0.012496387854302207
1986-01-28,131.5247461191788,0.02715901274342366
1986-01-29,134.67528947302011,0.0239539968470005
1986-01-30,131.98431038320416,-0.019981238580185374
1986-01-31,134.1525461563971,0.016427981226690307
1986-02-03,137.9713795176872,0.028466350216253534
1986-02-04,139.03089825058186,0.007679264617042137
1986-02-05,142.4506169939894,0.024596825500213828
1986-02-06,145.2953498973862,0.019969958455966684
1986-02-07,147.7303932193895,0.01675926534278659
1986-02-10,149.85798345002775,0.014401845038607943
1986-02-11,150.22624442993416,0.0024573998089946042
1986-02-12,151.47511613240815,0.008313272472550353
1986-02-13,153.05830380920392,0.010451800382921468
1986-02-14,156.3018987835848,0.021191891544964505
1986-02-18,158.01344739770312,0.010950273972603007
1986-02-19,154.25059113010528,-0.023813519226165123
1986-02-20,155.188298561076,0.006079117260431177
1986-02-21,159.1570315059509,0.02557366104064186
1986-02-24,155.76867888322093,-0.021289368057881078
1986-02-25,153.04515237098536,-0.01748442967971355
1986-02-26,151.27643323829196,-0.01155684518779134
1986-02-27,156.61289907735778,0.03527625370873063
1986-02-28,156.22124108672799,-0.002500802890037496
1986-03-03,153.74692748093386,-0.015838522268687417
1986-03-04,156.33121741458686,0.016808725715663362
1986-03-05,155.3062418206474,-0.006556435821907891
1986-03-06,157.07652773788905,0.011398678485092913
1986-03-07,156.11539715064194,-0.0061188683063513995
1986-03-10,162.30945189932172,0.03967612972026636
1986-03-11,172.16363550623535,0.06071232138117287
1986-03-12,176.64932097908093,0.026054778987767962
1986-03-13,177.99429081653736,0.007613784361026175
1986-03-14,177.89281713501506,-0.0005700951477532521
1986-03-17,175.41028283730893,-0.013955225048923586
1986-03-18,179.87604213068573,0.0254589367347338
1986-03-19,179.22535870322366,-0.003617399069684509
1986-03-20,180.36293833231085,0.006347202412192751
1986-03-21,181.02911110346454,0.0036935125215486965
1986-03-24,177.4910730623108,-0.0195440281377267
1986-03-25,178.874126642712,0.007792243049405151
1986-03-26,177.93544633198755,-0.005247714291287172
1986-03-27,181.96675961723764,0.022656043910040145
1986-03-31,183.46629352633767,0.008240702380227366
1986-04-01,181.8831950491337,-0.008628824656430466
1986-04-02,183.54417423543384,0.0091321201271587
1986-04-03,182.7005158789144,-0.004596486704270337
1986-04-04,176.4416540505446,-0.034257494010131104
1986-04-07,172.75579470805792,-0.020889961400105628
1986-04-08,182.8762351350465,0.05858234998189907
1986-04-09,183.2881917468763,0.0022526525194790418
1986-04-10,193.1810814649323,0.05397450661588857
1986-04-11,196.54730468480295,0.017425221943804678
1986-04-14,201.2367935609235,0.02385933952969193
1986-04-15,205.04589557653046,0.01892845710868361
1986-04-16,220.77414804863298,0.07670600978322033
1986-04-17,221.36024609458642,0.0026547403812166915
1986-04-18,215.4341760739967,-0.02677115753683035
1986-04-21,218.7640406633976,0.015456528996853035
1986-04-22,215.91026033992145,-0.013045015601385438
1986-04-23,214.18995220931083,-0.007967699765181323
1986-04-24,223.8647724130258,0.04516934666599362
1986-04-25,226.34568778502646,0.011082205320913271
1986-04-28,223.72732511677606,-0.01156798123204012
1986-04-29,216.7195419824649,-0.03132287542727914
1986-04-30,202.91806938980162,-0.06368356294228403
1986-05-01,200.0929860195842,-0.0139222858699216
1986-05-02,203.13383227376303,0.015197165651179833
1986-05-05,211.28459043690648,0.04012506470196788
1986-05-06,211.1669176057064,-0.000556939959306683
1986-05-07,207.54173023041474,-0.017167402055186746
1986-05-08,211.0919333816614,0.01710597260273966
1986-05-09,214.03679094706814,0.013950592607830081
1986-05-12,213.15115200626292,-0.004137788353518456
1986-05-13,210.23562147109516,-0.013678230249874955
1986-05-14,209.95787136346908,-0.001321137234891819
1986-05-15,204.90622305911964,-0.024060294913184014
1986-05-16,201.8318240494882,-0.015003931865673042
1986-05-19,202.82118706206177,0.004901917808219222
1986-05-20,209.40709996505933,0.03247152330778104
1986-05-21,211.05094775151872,0.007850009797822974
1986-05-22,219.78089197897546,0.04136415552956895
1986-05-23,221.8895811398193,0.009594506337000227
1986-05-27,225.80410931682283,0.017641784516853203
1986-05-28,226.26782687847458,0.0020536276467897716
1986-05-29,227.48950779536068,0.005399269236550444
1986-05-30,233.90915790084287,0.02821954369542613
1986-06-02,228.79234046465268,-0.021875233454345094
1986-06-03,229.04748505806654,0.0011151797865947988
1986-06-04,227.7344122419482,-0.005732753694219507
1986-06-05,229.93093252720985,0.00964509607326291
1986-06-06,227.80747277004397,-0.009235206998147526
1986-06-09,213.75208726835638,-0.06169852696568708
1986-06-10,211.61193090766375,-0.010012329648064495
1986-06-11,219.28420999444205,0.03625636349458046
1986-06-12,220.60162074049182,0.00600777751431887
1986-06-13,228.69181437495857,0.0366733191139324
1986-06-16,221.89054144667062,-0.02973990541321568
1986-06-17,212.57768336538882,-0.04197050500920091
1986-06-18,212.13791425233083,-0.0020687454397652263
1986-06-19,215.2728542663771,0.014777839336712683
1986-06-20,216.4509881526723,0.005472747087923095
1986-06-23,216.0912407010074,-0.0016620273011235338
1986-06-24,221.0501211662955,0.02294808641572561
1986-06-25,225.91809407547404,0.02202203230423205
1986-06-26,224.66397470904016,-0.00555121258244548
1986-06-27,224.16497680740576,-0.0022210855224147567
1986-06-30,228.07978879745554,0.01746397695931434
1986-07-01,230.9416229974188,0.012547513372632518
1986-07-02,233.57205600975257,0.011390034322064025
1986-07-03,235.8370982981313,0.00969740270764305
1986-07-07,205.9028597106594,-0.12692760724875776
1986-07-08,188.70266655433682,-0.08353547483746844
1986-07-09,196.57521306395194,0.041719317767818793
1986-07-10,192.2532597611527,-0.02198625775566716
1986-07-11,186.7999480537149,-0.028365249641086786
1986-07-14,173.50599780871994,-0.07116677699060305
1986-07-15,162.87731354641966,-0.06125831035545966
1986-07-16,166.65993005041585,0.023223716192483434
1986-07-17,170.2283606193395,0.021411448857827784
1986-07-18,167.72389969745075,-0.014712359989703352
1986-07-21,165.19004672426834,-0.015107286306561503
1986-07-22,166.275253734489,0.006569445506799088
1986-07-23,165.43608753771105,-0.005046849593854597
1986-07-24,165.7127451532666,0.0016722930267102582
1986-07-25,168.96004378669585,0.019595949789051305
1986-07-28,159.33845914398654,-0.05694591707644272
1986-07-29,155.04206242217805,-0.026963965541590005
1986-07-30,155.98516797725046,0.006082901248464758
1986-07-31,155.92807313220453,-0.00036602739726027404
1986-08-01,154.80285088484877,-0.007216290336646085
1986-08-04,149.28632050589712,-0.035635844866030005
1986-08-05,147.12639800270838,-0.014468321651101306
1986-08-06,142.96553502294717,-0.028280873019705388
1986-08-07,143.37097212669946,0.0028359079947990477
1986-08-08,148.20996265953565,0.03375153604008412
1986-08-11,157.89038233943313,0.06531558004730849
1986-08-12,163.10863013764973,0.03304981418689823
1986-08-13,168.97168110582254,0.035945682109063695
1986-08-14,172.8605278845001,0.023014784212521972
1986-08-15,171.3106556555828,-0.00896602739726041
1986-08-18,169.4045108949254,-0.011126831272478824
1986-08-19,167.70607503730156,-0.010025918723482647
1986-08-20,171.57239135255026,0.02305412200714103
1986-08-21,172.40325703486525,0.00484265373796492
1986-08-22,175.54663953447442,0.01823273268540102
1986-08-25,171.76013489205445,-0.02156979280526965
1986-08-26,175.99384729802085,0.024648981608142974
1986-08-27,178.9332930178463,0.016701980012107553
1986-08-28,178.93842080094902,2.8657512619645934e-05
1986-08-29,177.6724693640524,-0.007074788249667603
1986-09-02,169.12017468801062,-0.048135170894248444
1986-09-03,170.68900095474024,0.009276399280119996
1986-09-04,176.0267768374298,0.031271938161410384
1986-09-05,169.92813900318592,-0.03464608023741915
1986-09-08,159.11464889697098,-0.06363566487368051
1986-09-09,156.48321364006665,-0.01653798236143674
1986-09-10,153.14081963511944,-0.021359441228214895
1986-09-11,133.1512779768352,-0.13053046017327247
1986-09-12,123.20707186981373,-0.07468351981384283
1986-09-15,122.8254209810851,-0.0030976378460799425
1986-09-16,123.51774371790407,0.005636640455118789
1986-09-17,126.70641208498778,0.025815468054259102
1986-09-18,131.5094179738141,0.03790657323328469
1986-09-19,132.40383114409477,0.006801133972464172
1986-09-22,137.02061822822307,0.034868984108955774
1986-09-23,135.3276256571697,-0.01235575049175076
1986-09-24,134.34720553362257,-0.00724478922013201
1986-09-25,129.6088077155154,-0.03526979068367232
1986-09-26,129.47660645814014,-0.0010200021102380638
1986-09-29,123.51885213245976,-0.04601413713763449
1986-09-30,128.85987574928205,0.043240554171396085
1986-10-01,130.94944053495652,0.016215790784557708
1986-10-02,130.78785450584616,-0.0012339573842411516
1986-10-03,131.7051367539191,0.007013512466724753
1986-10-06,133.15740045071146,0.011026629124616456
1986-10-07,130.6105242246458,-0.01912680945591477
1986-10-08,133.42528419911554,0.021550789962594862
1986-10-09,133.0890162903027,-0.0025202712576651498
1986-10-10,135.07737884401968,0.01494009505171949
1986-10-13,137.27578925360265,0.01627519299231875
1986-10-14,138.07449007046435,0.005818220541323577
1986-10-15,141.34432075778813,0.02368164231970069
1986-10-16,140.63609470419598,-0.005010643864536815
1986-10-17,138.53276636275103,-0.014955821589535387
1986-10-20,135.17218827535126,-0.024258362664902222
1986-10-21,134.63065005201975,-0.004006284356574781
1986-10-22,135.64933425235557,0.007566510300159962
1986-10-23,140.96571142628883,0.03919206241029484
1986-10-24,140.37861299409846,-0.004164831477457392
1986-10-27,139.60152760997713,-0.005535639422181779
1986-10-28,141.736627363857,0.015294243483101093
1986-10-29,143.56462314324085,0.012897130497476473
1986-10-30,148.47710554062934,0.03421791726842838
1986-10-31,147.49977643062311,-0.0065823556193906375
1986-11-03,148.3485015424947,0.005754077276657976
1986-11-04,151.85923738938635,0.023665462140754986
1986-11-05,152.45907043349453,0.003949927936027552
1986-11-06,149.99404163214854,-0.016168462750934035
1986-11-07,148.3918522923842,-0.010681686567881276
1986-11-10,146.32421434198457,-0.01393363529370625
1986-11-11,149.49548761747874,0.021672921940878245
1986-11-12,150.1504474746273,0.004381134625443921
1986-11-13,143.3811084849424,-0.04508370839739798
1986-11-14,143.59857267653047,0.0015166864999575644
1986-11-17,136.50612930209627,-0.04939076511861013
1986-11-18,134.91891135768833,-0.011627448177768833
1986-11-19,131.64666695182416,-0.024253415425128988
1986-11-20,136.60811088937194,0.037687577303900904
1986-11-21,141.1693936176732,0.033389545456748715
1986-11-24,145.75624708535148,0.03249184083131213
1986-11-25,149.54601949864272,0.026000754609660354
1986-11-26,152.87676460936356,0.02227237556631236
1986-11-28,156.10613466770093,0.021124008390609024
1986-12-01,152.48421669038356,-0.02320163768725203
1986-12-02,158.6586062185521,0.040491990988847995
1986-12-03,162.53368873013818,0.024424029707207685
1986-12-04,162.1493028464785,-0.002364961299179705
1986-12-05,159.04113835722265,-0.019168534398193687
1986-12-08,155.024924725161,-0.02525267156376127
1986-12-09,151.91675730952386,-0.020049468955701807
1986-12-10,152.1404293733086,0.0014723330575637894
1986-12-11,149.3516802024185,-0.018330099253547606
1986-12-12,145.92310495732983,-0.022956388843043872
1986-12-15,143.01511055502547,-0.019928265665363314
1986-12-16,144.21353730845948,0.00837972119717332
1986-12-17,139.81907435804112,-0.0304719170782074
1986-12-18,139.21073181059546,-0.004350926726119287
1986-12-19,141.84946269163203,0.018954938651042478
1986-12-22,142.64087625779933,0.005579249657700847
1986-12-23,138.78728495193502,-0.02701603780742061
1986-12-24,138.67817510130376,-0.0007861660430135874
1986-12-26,139.01369673947536,0.0024194264016417673
1986-12-29,138.86104827467213,-0.001098082191780822
1986-12-30,134.70092907668322,-0.02995886355229028
1986-12-31,134.30899547810182,-0.002909657722986365
1987-01-02,138.3441490088748,0.030043806942409153
1987-01-05,151.4166676209538,0.09449274657246542
1987-01-06,156.44794528426166,0.03322803058843438
1987-01-07,168.7042905373882,0.07834136287860541
1987-01-08,177.64427033926572,0.0529920120786509
1987-01-09,182.0317280988966,0.024697997583888822
1987-01-12,189.90982311144782,0.04327869154915185
1987-01-13,190.95164829934922,0.005485894151404689
1987-01-14,201.79463074411157,0.056783916459124506
1987-01-15,207.26908774495183,0.027128853630314014
1987-01-16,200.98378388710188,-0.03032436687126319
1987-01-19,215.42713122363236,0.07186324715950072
1987-01-20,215.58429825026695,0.0007295600407519431
1987-01-21,206.73076620542653,-0.04106761075225685
1987-01-22,220.5525245641102,0.0668587390855461
1987-01-23,215.82592128488105,-0.02143073759219303
1987-01-26,205.4254972632503,-0.048188947646852096
1987-01-27,214.8147699767926,0.04570646214140637
1987-01-28,218.49001817688153,0.017108917606019288
1987-01-29,211.02284317756755,-0.03417627524415703
1987-01-30,214.53907890543053,0.016662820360657266
1987-02-02,228.3295287716135,0.06427943075238904
1987-02-03,233.27671978628305,0.021666891011797182
1987-02-04,241.10833499406894,0.03357221078451722
1987-02-05,245.73451053365145,0.01918712407721756
1987-02-06,245.64806584556234,-0.0003517808219178083
1987-02-09,241.16879095635073,-0.018234521301005096
1987-02-10,235.6252566198274,-0.02298611820601046
1987-02-11,250.55609448307862,0.06336688213072837
1987-02-12,251.66392546559996,0.004421488867819682
1987-02-13,263.568910036584,0.04730508971025077
1987-02-17,283.4669062473433,0.0754944739423076
1987-02-18,272.06864321948547,-0.0402102071763964
1987-02-19,265.93730781508106,-0.0225359869915553
1987-02-20,260.60987575858746,-0.02003266145793282
1987-02-23,256.04700921690693,-0.017508417623848277
1987-02-24,261.2735394793889,0.02041238551649854
1987-02-25,270.07374791477366,0.0336819735091429
1987-02-26,275.44080622887225,0.019872565754862855
1987-02-27,277.88379043267327,0.008869361941131793
1987-03-02,269.8812484289954,-0.028798160523208927
1987-03-03,267.55046561355084,-0.008636327381069469
1987-03-04,279.5476834392721,0.04484095289540605
1987-03-05,285.80963331838683,0.022400292508505365
1987-03-06,283.8983081094406,-0.006687406532644829
1987-03-09,275.23334211817604,-0.030521372420170653
1987-03-10,284.1867754321422,0.03253033678645617
1987-03-11,287.9690106971452,0.013308977024886606
1987-03-12,285.35025258173516,-0.009093888641247449
1987-03-13,277.79064295636397,-0.02649238806335332
1987-03-16,275.5409929473003,-0.00809836495974786
1987-03-17,289.784318166329,0.051692218521375836
1987-03-18,290.33708127811195,0.0019074983604380768
1987-03-19,299.2240969176701,0.030609302816009782
1987-03-20,308.0019514988964,0.029335386660525032
1987-03-23,305.6324278305137,-0.00769320991913011
1987-03-24,309.30094114325226,0.01200302382433353
1987-03-25,309.240925771831,-0.00019403552798588736
1987-03-26,311.6686350094964,0.007850543169880032
1987-03-27,303.42040961332515,-0.026464727180262885
1987-03-30,278.0144473565093,-0.08373188306347902
1987-03-31,287.8975836316975,0.035549002467899236
1987-04-01,287.9355821138178,0.0001319861099248247
1987-04-02,295.21566840521905,0.025283732694500804
1987-04-03,312.5736839713508,0.05879774491611934
1987-04-06,310.0386775263465,-0.008110108352041318
1987-04-07,293.0237261966422,-0.05488009259186175
1987-04-08,301.55002597019677,0.029097642993703248
1987-04-09,298.8152612109169,-0.009069025116085358
1987-04-10,296.5726955123338,-0.007504856644521347
1987-04-13,275.7510179341648,-0.07020766878825188
1987-04-14,256.6749562399041,-0.0691785721669216
1987-04-15,268.32441441679407,0.045386033556003555
1987-04-16,273.9212182754083,0.02085834742536914
1987-04-20,266.29084063824837,-0.02785610287950804
1987-04-21,277.16285564369434,0.04082759654589639
1987-04-22,274.04798335097104,-0.011238418963064763
1987-04-23,273.10244093911285,-0.003450280495759911
1987-04-24,257.8926296926932,-0.055692696096446
1987-04-27,254.06046549200067,-0.014859533617765578
1987-04-28,261.2299623352616,0.02821964774951042
1987-04-29,265.2886916666105,0.015536997728231281
1987-04-30,276.594832882269,0.04261825539803631
1987-05-01,280.98697917675815,0.01587935048793449
1987-05-04,283.5028819870298,0.008953805680401277
1987-05-05,298.410785570966,0.052584663264969085
1987-05-06,296.18261779748474,-0.007466780294881079
1987-05-07,299.45818476358687,0.011059281569122378
1987-05-08,301.0076545165249,0.0051742441241380225
1987-05-11,295.37697239078636,-0.01870610943360388
1987-05-12,294.0087685814711,-0.004632059832697932
1987-05-13,300.06650362004,0.020603926433201945
1987-05-14,302.0897482273717,0.006742653988109262
1987-05-15,288.5372066316017,-0.04486263329124798
1987-05-18,276.94672124041676,-0.04016981215869135
1987-05-19,258.9745406656012,-0.06489400016840777
1987-05-20,259.86813245980187,0.003450500546903315
1987-05-21,263.8957043953027,0.015498521874835216
1987-05-22,259.38197499081645,-0.017104217042217987
1987-05-26,274.13951577948677,0.05689501280570029
1987-05-27,277.55180399372125,0.012447268700143333
1987-05-28,287.0810171822194,0.03433309764657013
1987-05-29,290.0017723844049,0.010173975384557072
1987-06-01,276.2840801917343,-0.04730209777644892
1987-06-02,270.12189871981064,-0.02230378770882215
1987-06-03,275.56107977052045,0.020136024056130825
1987-06-04,277.644777827073,0.007561655870588799
1987-06-05,275.0427145551722,-0.009371915050105763
1987-06-08,282.92863525387855,0.028671621829577564
1987-06-09,291.609806312317,0.030683253572579037
1987-06-10,294.0467083504803,0.008356721843411977
1987-06-11,292.27202088368693,-0.006035393073259987
1987-06-12,295.4053711935163,0.010720664606744278
1987-06-15,291.5554567895493,-0.013032648622509349
1987-06-16,289.5614732775956,-0.006839122594069652
1987-06-17,297.90815136824574,0.028825236990863052
1987-06-18,304.07247705033416,0.020692034285656972
1987-06-19,302.4480720289619,-0.005342163937788159
1987-06-22,303.8297132162041,0.0045681930718667555
1987-06-23,301.02261445564795,-0.009239052793228963
1987-06-24,301.2462385558822,0.0007428813965975146
1987-06-25,298.45603336033906,-0.009262207584462643
1987-06-26,297.0407931242906,-0.004741871759515818
1987-06-29,295.0482384288983,-0.0067080170182502365
1987-06-30,288.1677744635988,-0.023319793407129863
1987-07-01,289.1171094175015,0.0032943827798575524
1987-07-02,293.1811802491906,0.014056832678900209
1987-07-06,286.5317236960908,-0.022680366275379935
1987-07-07,280.61025432128537,-0.02066601665749948
1987-07-08,278.8525403107392,-0.006263897999015083
1987-07-09,281.3884991098642,0.009094264647182472
1987-07-10,284.7475501924148,0.01193741426240432
1987-07-13,292.05077217094953,0.025648059038961717
1987-07-14,312.97532181402175,0.07164695880627285
1987-07-15,312.28739287163654,-0.002198029347483292
1987-07-16,317.80245917626723,0.01766022718341889
1987-07-17,316.8638961234698,-0.002953290717857221
1987-07-20,306.7746113579566,-0.03184106769166843
1987-07-21,303.4859605747839,-0.010720087847606693
1987-07-22,305.45281392697734,0.006480870971653253
1987-07-23,295.26508734883197,-0.03335286536460224
1987-07-24,302.23832972464055,0.023616887585392914
1987-07-27,302.6709287771251,0.0014313176388934682
1987-07-28,305.19651230368305,0.008344321460809077
1987-07-29,309.67300473756404,0.014667574016791852
1987-07-30,318.34280120845716,0.027996616877342725
1987-07-31,317.2104848251437,-0.0035569090270461345
1987-08-03,311.49598439874285,-0.01801485354291133
1987-08-04,314.44967329514856,0.00948226957759028
1987-08-05,325.7528663100844,0.03594595248418804
1987-08-06,343.4827928913522,0.05442753821969638
1987-08-07,352.8563595390038,0.02728977067161742
1987-08-10,364.4346397494373,0.03281301271021493
1987-08-11,376.82984420154895,0.03401214676144362
1987-08-12,369.48220001557183,-0.019498572894473844
1987-08-13,366.19379819823473,-0.008900027706878737
1987-08-14,366.06497824292336,-0.0003517808219178083
1987-08-17,367.5934612061041,0.004175441667534903
1987-08-18,351.8419155251201,-0.042850451227565055
1987-08-19,359.4314025625034,0.021570730212902896
1987-08-20,377.8899047436246,0.051354728745247394
1987-08-21,386.6557322585794,0.023196776111026045
1987-08-24,380.24319381387147,-0.016584620140635935
1987-08-25,386.8618884963343,0.017406477723050817
1987-08-26,389.14919242114587,0.005912456080132274
1987-08-27,386.0820679127763,-0.007881616017977685
1987-08-28,376.1031110450589,-0.025846724562125643
1987-08-31,379.650197545841,0.009431154373932313
1987-09-01,364.95164131886423,-0.038716050517007855
1987-09-02,358.6845773319726,-0.01717231347211835
1987-09-03,354.7924985875102,-0.010850978799850032
1987-09-04,349.73544890991957,-0.01425354171163034
1987-09-08,327.8540385788146,-0.0625656060868479
1987-09-09,336.10316602952093,0.025160975556271118
1987-09-10,353.7903967247565,0.052624409654272696
1987-09-11,359.92573308832937,0.017341726684418825
1987-09-14,353.21487877171086,-0.01864510842010737
1987-09-15,338.06057048779724,-0.04290393523798327
1987-09-16,333.177876553478,-0.014443251773709975
1987-09-17,336.83436971704833,0.010974597717575349
1987-09-18,334.8154958725545,-0.005993669369873793
1987-09-21,312.4487956688364,-0.06680306162481753
1987-09-22,332.15402175603907,0.063067057259802
1987-09-23,345.097097168884,0.03896708925701759
1987-09-24,347.86743203438266,0.008027696808307016
1987-09-25,350.1929142116435,0.006684966637034767
1987-09-28,347.3136703997864,-0.008221879127220015
1987-09-29,344.7474140906507,-0.007388872157498951
1987-09-30,351.4653598554634,0.0194865733294414
1987-10-01,372.942730790203,0.06110807319268085
1987-10-02,394.6855321536659,0.058300643955155204
1987-10-05,385.0761037457028,-0.024347050056605066
1987-10-06,362.72366511492135,-0.05804680792538252
1987-10-07,356.4248649702881,-0.017365285892326904
1987-10-08,339.45074462785595,-0.04762327775265383
1987-10-09,333.5301803190362,-0.01744160059307132
1987-10-12,319.14313897637425,-0.04313565065955997
1987-10-13,326.7045020944432,0.023692701470322753
1987-10-14,308.42218625686286,-0.05595979155590365
1987-10-15,287.5127600267272,-0.0677948187966013
1987-10-16,243.71730393870146,-0.15232526056914666
1987-10-19,133.23679381053947,-0.4533141814007163
1987-10-20,103.1699149309892,-0.22566498352027947
1987-10-21,134.9961836801123,0.3084840068968928
1987-10-22,112.52868350418856,-0.1664306320626281
1987-10-23,102.2032906786404,-0.09175787456150088
1987-10-26,66.27297400676693,-0.35155733668938116
1987-10-27,68.47888451860767,0.03328521987885299
1987-10-28,70.5744924714142,0.030602250132113228
1987-10-29,91.18790423782855,0.2920801984479547
1987-10-30,102.68729647200219,0.1261065525114154
1987-11-02,106.93083668619798,0.04132488009705069
1987-11-03,96.22753874904215,-0.10009552219782954
1987-11-04,97.78298237805734,0.0161642254310558
1987-11-05,107.84150119969351,0.1028657397945484
1987-11-06,102.8353715711232,-0.04642117897914177
1987-11-09,94.14813106884934,-0.0844771635435341
1987-11-10,88.23436851952812,-0.06281338229642142
1987-11-11,91.96793013705854,0.042314142212103216
1987-11-12,100.20434666599034,0.08955748505655375
1987-11-13,96.37732784113807,-0.03819214387584229
1987-11-16,95.31803194915089,-0.010991131583698285
1987-11-17,87.74102176124426,-0.07949188661331916
1987-11-18,90.03859031638774,0.02618579666641563
1987-11-19,82.9574990810847,-0.0786450699685624
1987-11-20,82.54016969478315,-0.005030640881466911
1987-11-23,84.21123045715333,0.02024542436185237
1987-11-24,89.20435761647394,0.05929288922884346
1987-11-25,89.801958602744,0.006699235353942902
1987-11-27,86.67312431958783,-0.03484149267831849
1987-11-30,75.29933499449173,-0.13122625282501396
1987-12-01,75.32226595423592,0.00030453070728807973
1987-12-02,76.61374393294555,0.017146031951485764
1987-12-03,68.24013734274367,-0.10929640245137603
1987-12-04,64.35115821573822,-0.05698961459401239
1987-12-07,68.29409296344942,0.06127216443397077
1987-12-08,73.71718269797753,0.07940788872370724
1987-12-09,78.65822130925358,0.06702695939316727
1987-12-10,77.36423003449035,-0.016450807725180545
1987-12-11,78.68940007077347,0.017128975958170006
1987-12-14,89.17556574182919,0.1332602060966844
1987-12-15,90.62760611748521,0.016282939879067416
1987-12-16,98.31409494954795,0.08481398948239187
1987-12-17,96.03415294200805,-0.023190387997874495
1987-12-18,105.30205698575051,0.09650633404700361
1987-12-21,107.78350132188137,0.02356501294620154
1987-12-22,106.79223794242806,-0.009196800691165491
1987-12-23,111.90343484586117,0.04786112738070497
1987-12-24,112.14018184990925,0.002115636614498656
1987-12-28,100.4770125460259,-0.10400526476311207
1987-12-29,103.51950681388537,0.030280500890348238
1987-12-30,109.398874296785,0.05679477872194634
1987-12-31,107.21108594425897,-0.01999827115762485
1988-01-04,118.491121730944,0.1052133339321806
1988-01-05,123.87047905909702,0.045398821865893425
1988-01-06,128.1193889265643,0.0343012306058829
1988-01-07,133.89721600051766,0.04509721067484235
1988-01-08,108.81887659764611,-0.18729545058483213
1988-01-11,110.11367375921903,0.011898644812888378
1988-01-12,103.49988290343026,-0.06006330213131257
1988-01-13,103.1000223804671,-0.003863391066212571
1988-01-14,104.03362573275577,0.00905531667920908
1988-01-15,111.5734599896151,0.07247497339204405
1988-01-18,109.78649185888118,-0.016016068076586013
1988-01-19,107.63058367552367,-0.019637280933693494
1988-01-20,96.26707100018004,-0.10557884466743633
1988-01-21,97.13817752301233,0.009048852466184134
1988-01-22,99.76715680887246,0.02706432581810918
1988-01-25,104.90372996705717,0.05148561232455527
1988-01-26,101.19533876347285,-0.03535042276141055
1988-01-27,101.54644649748734,0.0034696038207366322
1988-01-28,105.877022188859,0.042646255390914274
1988-01-29,108.79668229487778,0.027575956006873733
1988-02-01,107.62149691279917,-0.010801665614153839
1988-02-02,108.29132940556829,0.006223965582934121
1988-02-03,103.36423873598267,-0.04549847800956336
1988-02-04,104.90767351098377,0.014931999634258454
1988-02-05,106.12602102370629,0.011613521413140083
1988-02-08,105.73812155945912,-0.0036550834612043824
1988-02-09,107.80596098186085,0.01955623375850256
1988-02-10,114.4990626806463,0.062084708840094954
1988-02-11,115.97815940284441,0.012917981052155055
1988-02-12,118.02466462119304,0.017645608698101327
1988-02-16,121.29353366526031,0.027696490852644237
1988-02-17,121.83904512106366,0.00449744878658438
1988-02-18,121.65857611666742,-0.0014812082958868007
1988-02-19,124.51703856271918,0.02349577429963146
1988-02-22,131.36760506288394,0.055017101107123954
1988-02-23,133.81640222558713,0.01864079931677958
1988-02-24,136.55260448877098,0.0204474355734897
1988-02-25,132.4844231259259,-0.02979204518343409
1988-02-26,132.12946182593512,-0.002679268185765392
1988-02-29,136.59504123393856,0.03379699989913172
1988-03-01,136.51726395921284,-0.0005694004264217971
1988-03-02,142.37059302538296,0.04287610882619877
1988-03-03,145.6800406721659,0.023245303517088596
1988-03-04,147.82617722861698,0.0147318503382403
1988-03-07,150.3507460217989,0.01707795493674697
1988-03-08,153.22296353879307,0.019103447059569123
1988-03-09,157.28229582498957,0.026492975938092776
1988-03-10,149.93044741106522,-0.046743013098593605
1988-03-11,148.48475295767926,-0.009642434064258371
1988-03-14,151.61392992638196,0.02107406253081467
1988-03-15,149.2697129485564,-0.015461751957513687
1988-03-16,154.5097282325641,0.0351043435436471
1988-03-17,156.55531707249602,0.013239223596671878
1988-03-18,155.9491846276527,-0.003871682266547643
1988-03-21,150.2593938862688,-0.03648490214917726
1988-03-22,152.99683789832045,0.01821812228341357
1988-03-23,150.99845571354516,-0.013061591417355837
1988-03-24,139.5917195107219,-0.07554207192994505
1988-03-25,135.03147304368926,-0.0326684597268134
1988-03-28,134.7774777171282,-0.0018810083370630008
1988-03-29,136.6424190228715,0.013837188062366541
1988-03-30,132.9767694917943,-0.026826585457797394
1988-03-31,135.5430600542756,0.019298788595098492
1988-04-04,130.98673986655615,-0.03361529676174463
1988-04-05,134.35076708259783,0.02568219668241854
1988-04-06,142.9227934804516,0.06380333052050029
1988-04-07,144.63862128968884,0.012005277586964768
1988-04-08,148.49650208403446,0.026672549557969532
1988-04-11,150.83489302838728,0.01574711128905601
1988-04-12,151.17757896026265,0.002271927436650047
1988-04-13,151.82287245850407,0.004268447098303026
1988-04-14,133.80969763842037,-0.11864598876567174
1988-04-15,133.43240901696882,-0.0028195910170206616
1988-04-18,134.2451301960498,0.006090882905198966
1988-04-19,136.04847716102856,0.013433239346151189
1988-04-20,132.6939065560845,-0.02465717128883074
1988-04-21,130.63880067949415,-0.015487567816248932
1988-04-22,133.43418723210632,0.021397827736265678
1988-04-25,135.770200924148,0.017506860426842633
1988-04-26,141.204903327207,0.04002868351130486
1988-04-27,142.25151541089306,0.007412009491347396
1988-04-28,141.039307646131,-0.008521580675331326
1988-04-29,139.04424793507795,-0.014145416227217067
1988-05-02,140.84727303760735,0.01296727573636324
1988-05-03,146.17044146947367,0.037793904823737644
1988-05-04,145.20619223331155,-0.0065967457337363766
1988-05-05,142.83201359729125,-0.016350395251777988
1988-05-06,141.56969688480032,-0.008837771594048858
1988-05-09,136.0083103000504,-0.03928373590624704
1988-05-10,134.53167408622778,-0.010856955803398877
1988-05-11,126.328756564233,-0.06097387531754898
1988-05-12,128.29796646027197,0.015587978142076441
1988-05-13,133.02167675294726,0.03681827875376349
1988-05-16,135.50372156904896,0.018658950004903797
1988-05-17,133.31290305427726,-0.01616795826272067
1988-05-18,124.55235515675804,-0.06571417842391764
1988-05-19,124.63474081491063,0.0006614540371307832
1988-05-20,123.57571037549604,-0.008497072585783251
1988-05-23,118.562537348377,-0.04056762459132175
1988-05-24,121.82533940662888,0.02751967131628315
1988-05-25,121.34516262167375,-0.003941518138130469
1988-05-26,123.10645512672292,0.014514731918407579
1988-05-27,122.49241050302297,-0.004987915727634799
1988-05-31,130.42427729806312,0.06475394485639908
1988-06-01,137.91191426878314,0.057409840605121804
1988-06-02,137.31875594635332,-0.004300994048083286
1988-06-03,140.8832001537314,0.025957446110060945
1988-06-06,144.87125088795605,0.02830749677657027
1988-06-07,144.8381144946789,-0.00022872994520334083
1988-06-08,152.6366847859146,0.05384335689845113
1988-06-09,152.00081345453995,-0.00416591419203389
1988-06-10,156.83051667208892,0.03177419322820543
1988-06-13,156.6443768457437,-0.0011868852459016395
1988-06-14,159.22790813248855,0.01649297177956779
1988-06-15,159.98770770683558,0.004771773888499538
1988-06-16,155.7979155324728,-0.026188213047218776
1988-06-17,154.31762976389422,-0.009501319472211152
1988-06-20,152.2468206737977,-0.013419134892525539
1988-06-21,156.1758049257517,0.025806675203892553
1988-06-22,161.66667191155312,0.035158243547467966
1988-06-23,162.1214840603512,0.002813270932223527
1988-06-24,162.4990685073309,0.0023290216541511175
1988-06-27,156.5035919090241,-0.03689545209938426
1988-06-28,164.22796505519747,0.04935588411711075
1988-06-29,163.08960641311702,-0.006931576127718794
1988-06-30,166.28201197902584,0.019574549452416996
1988-07-01,168.67047575114765,0.014363933558989355
1988-07-05,173.5979211447839,0.029213443382385754
1988-07-06,169.5129062910329,-0.023531473342610063
1988-07-07,166.64184251083898,-0.016937139731794972
1988-07-08,163.3289589408448,-0.019880262484367868
1988-07-11,161.93715795871333,-0.00852145872450926
1988-07-12,160.70832377769884,-0.007588339801096093
1988-07-13,162.91065826619862,0.013703922962610084
1988-07-14,164.30107491275746,0.008534841497521093
1988-07-15,163.79196870978444,-0.0030986176033440476
1988-07-18,164.32742296472537,0.0032691117834336924
1988-07-19,156.40247801141126,-0.048226551663353795
1988-07-20,155.0020285645303,-0.008954138480969636
1988-07-21,147.8118671207869,-0.046387531249308694
1988-07-22,146.41634791915467,-0.009441185128199778
1988-07-25,145.59043367708372,-0.005640860831517117
1988-07-26,141.01094373962977,-0.0314546074339689
1988-07-27,135.44685451215875,-0.03945856314347377
1988-07-28,137.34055028616078,0.013981098201376359
1988-07-29,144.08311522232515,0.04909376671431449
1988-08-01,144.58018754948327,0.00344989991638586
1988-08-02,142.3475911785556,-0.015441924711596788
1988-08-03,143.5686416105346,0.008577949383403137
1988-08-04,143.77349556623582,0.0014268711704952283
1988-08-05,140.66942281620075,-0.021590020732333348
1988-08-08,140.29134292980643,-0.0026877190424553373
1988-08-09,134.29056393524402,-0.04277369415135514
1988-08-10,123.80599648382395,-0.07807374654019483
1988-08-11,127.95127683453819,0.03348206442695082
1988-08-12,125.96632955074186,-0.015513305790321943
1988-08-15,117.85647493118017,-0.06438112985021811
1988-08-16,123.13136985762169,0.044756937873135026
1988-08-17,123.6389397967622,0.00412218218417801
1988-08-18,124.96291676919712,0.01070841415019621
1988-08-19,123.3149894112093,-0.013187331094643831
1988-08-22,116.9390131522904,-0.05170479508908195
1988-08-23,116.2732954783901,-0.0056928620821636074
1988-08-24,121.0811560860401,0.04134965460356762
1988-08-25,118.01256115362004,-0.025343290662334855
1988-08-26,118.90011795587255,0.00752086721596648
1988-08-29,122.47245270981519,0.030044837762637392
1988-08-30,121.59456656393036,-0.007168029434054652
1988-08-31,118.64715259634424,-0.024239684805623763
1988-09-01,112.81356181106969,-0.049167558239861964
1988-09-02,119.30758267926558,0.05756418611329296
1988-09-06,120.09984457594834,0.0066404991107112486
1988-09-07,120.36665402243905,0.00222156362843574
1988-09-08,122.16555552851312,0.014945181625956856
1988-09-09,127.43552499446542,0.043137932317774394
1988-09-12,127.52392331523939,0.0006936709428380511
1988-09-13,128.0835292922688,0.00438824310357868
1988-09-14,130.45804573601367,0.018538811796219076
1988-09-15,126.93452981212214,-0.027008805045428127
1988-09-16,129.5762694646271,0.02081182840016053
1988-09-19,128.23417525557602,-0.010357561724814609
1988-09-20,129.71255334139633,0.01152873703810906
1988-09-21,131.8621157496791,0.01657173768390199
1988-09-22,132.85558923273524,0.007534184306143672
1988-09-23,130.99217361421503,-0.014025872974421068
1988-09-26,127.29377856408352,-0.02823371006136331
1988-09-27,127.09142063561026,-0.0015896922124233048
1988-09-28,129.7738220814889,0.021106078069340936
1988-09-29,133.59238713631962,0.02942477144915203
1988-09-30,134.77221196158487,0.008831527383827259
1988-10-03,128.796693238797,-0.04433791384600219
1988-10-04,127.65294367164847,-0.008880271211838812
1988-10-05,126.66834162704141,-0.007713116644921826
1988-10-06,127.43934658889306,0.006086800789748846
1988-10-07,126.868295134511,-0.004480966590516316
1988-10-10,124.42543760339005,-0.0192550670640835
1988-10-11,125.84849132261074,0.011436999914412459
1988-10-12,120.7684885146414,-0.040366020717299125
1988-10-13,123.96136618468964,0.02643800306949393
1988-10-14,125.03963178326549,0.008698400411054998
1988-10-17,125.76821985292507,0.00582685712736625
1988-10-18,128.31567842594427,0.02025518510159571
1988-10-19,128.2649130974304,-0.0003956284153005464
1988-10-20,135.56264075446174,0.056895743978619934
1988-10-21,134.08852048546768,-0.010874089356698707
1988-10-24,130.95277773522778,-0.023385616746958934
1988-10-25,128.6769518510931,-0.017378981366368156
1988-10-26,126.34119354558517,-0.01815211094066714
1988-10-27,121.84222263758619,-0.03560969135831149
1988-10-28,123.05243014762229,0.009932579066911886
1988-10-31,122.69528926205405,-0.002902347277008587
1988-11-01,122.24660840214062,-0.003656871120415509
1988-11-02,120.97990922190534,-0.010361834956339766
1988-11-03,121.4326238842186,0.0037420648207205295
1988-11-04,119.94202483578412,-0.012275111916017867
1988-11-07,115.19714445344233,-0.03955978222677278
1988-11-08,120.01252024843933,0.04180117326556784
1988-11-09,119.44700022948855,-0.004712175177890474
1988-11-10,118.94536308247038,-0.004199662997433091
1988-11-11,110.57871927200169,-0.07034022675325055
1988-11-14,109.89863240643413,-0.006150250880503408
1988-11-15,108.17701375628616,-0.01566551477893715
1988-11-16,103.17261694998571,-0.046261184631838204
1988-11-17,104.40330342314336,0.011928421605843781
1988-11-18,104.96501379926875,0.005380197347288826
1988-11-21,99.69712778768233,-0.050187065393622755
1988-11-22,100.64364012791944,0.00949387771985589
1988-11-23,105.82124773618526,0.0514449557039572
1988-11-25,102.94625031010452,-0.027168432499002294
1988-11-28,103.34587792389007,0.003881905485452472
1988-11-29,105.49019636709276,0.020748949897952243
1988-11-30,109.27253628178342,0.03585489500397343
1988-12-01,113.37570653910652,0.03754987663818988
1988-12-02,113.90656463350948,0.004682291388586549
1988-12-05,116.22047458350332,0.020314105314638908
1988-12-06,118.51436863864316,0.01973743493442459
1988-12-07,116.07689749203725,-0.020566882940902306
1988-12-08,114.09680693872566,-0.017058437950130585
1988-12-09,113.87243650252,-0.001966491808365535
1988-12-12,112.38505194711762,-0.013061848864272531
1988-12-13,110.64604516759756,-0.015473648402443559
1988-12-14,111.81109067723244,0.010529481716858123
1988-12-15,113.23917290013848,0.012772277009876489
1988-12-16,117.92531778300125,0.041382719096644205
1988-12-19,120.59100200424781,0.022604850861218564
1988-12-20,119.8832359785249,-0.005869144579277852
1988-12-21,118.99353578508178,-0.007421389539422268
1988-12-22,119.15084457239878,0.0013219943947302732
1988-12-23,120.84228747501665,0.014195811273415798
1988-12-27,119.84594228214337,-0.008245004407743067
1988-12-28,119.61385481417821,-0.0019365484016035384
1988-12-29,122.74248389527702,0.026156076032823907
1988-12-30,124.21535227718556,0.011999662506139168
1989-01-03,118.16583728586838,-0.0487018301716662
1989-01-04,124.06049080707372,0.04988458302838341
1989-01-05,123.85788640809326,-0.00163310976494139
1989-01-06,123.86490417884319,5.665986198722746e-05
1989-01-09,123.96965706024592,0.0008457026798446021
1989-01-10,122.67865909829688,-0.010413822160705462
1989-01-11,123.72505847595592,0.008529595818459516
1989-01-12,126.61632722823202,0.023368497763433804
1989-01-13,126.77150398189163,0.00122556669472708
1989-01-16,126.81255373574012,0.00032380899933447745
1989-01-17,122.27595234933756,-0.03577407167318958
1989-01-18,125.45229390658187,0.025976829427340208
1989-01-19,129.4405982946679,0.03179140264311079
1989-01-20,128.8446635099567,-0.004603924831640444
1989-01-23,124.14756791377894,-0.036455491971654416
1989-01-24,128.20877144916776,0.03271271120034619
1989-01-25,131.09688070092284,0.022526612018118793
1989-01-26,136.32329900760152,0.03986683953679975
1989-01-27,135.2394727572175,-0.007950410958904239
1989-01-30,137.79777468078856,0.01891682858128063
1989-01-31,141.51660913755546,0.0269876234604053
1989-02-01,145.77873686054264,0.030117508813713556
1989-02-02,149.19560726189553,0.02343874336503282
1989-02-03,149.36414122803765,0.0011296174816077297
1989-02-06,147.9829386837756,-0.009247216453066491
1989-02-07,153.9849372252125,0.040558719774193536
1989-02-08,149.0810020930723,-0.03184684957183743
1989-02-09,145.81337824579026,-0.02191844568660756
1989-02-10,138.8391666007665,-0.047829710338839294
1989-02-13,139.10013021332094,0.0018796109119903041
1989-02-14,138.4089797417849,-0.0049687262727656735
1989-02-15,142.3282363630354,0.028316490942728187
1989-02-16,143.19825177452975,0.006112739353245669
1989-02-17,144.71196892492975,0.010570779542639887
1989-02-21,143.66823422947203,-0.007212497371237945
1989-02-22,138.0834026059452,-0.03887311383396384
1989-02-23,139.60452899758442,0.01101599730982987
1989-02-24,135.31914975649056,-0.03069656315496775
1989-02-27,133.4208959809897,-0.01402797592888202
1989-02-28,133.31724996143342,-0.0007768349837125024
1989-03-01,133.25720241103983,-0.00045041095890410954
1989-03-02,136.82968957351088,0.026808961150568918
1989-03-03,137.54273470441697,0.005211187229384379
1989-03-06,141.1098648673568,0.025934704371013806
1989-03-07,139.24010116750887,-0.013250410958904293
1989-03-08,138.1705613870293,-0.007681262592540778
1989-03-09,136.10531837147266,-0.014947055254206216
1989-03-10,135.27298410688127,-0.0061153691461173975
1989-03-13,137.02058084689622,0.012919037393557866
1989-03-14,135.78680414190984,-0.009004316704546479
1989-03-15,135.7696000811263,-0.0001266990624917507
1989-03-16,139.57565133391498,0.028033162434848775
1989-03-17,128.05613979394664,-0.08253238605642997
1989-03-20,123.38731615315719,-0.03645919397775066
1989-03-21,127.77664780638744,0.03557360505176962
1989-03-22,124.66576456926191,-0.0243462580254827
1989-03-23,125.54155228951021,0.007025086023209883
1989-03-27,125.54420846694003,2.115775519244917e-05
1989-03-28,127.27570535717794,0.013791929642806934
1989-03-29,130.00850076027285,0.021471461465688152
1989-03-30,132.14109801397532,0.01640352162536557
1989-03-31,135.30680634245954,0.02395703059883305
1989-04-03,135.03661956841006,-0.001996845401595183
1989-04-04,134.3217968545791,-0.005293547158656754
1989-04-05,135.47759943090637,0.008604728371662412
1989-04-06,135.65682606963622,0.0013229245239265402
1989-04-07,140.40418367473058,0.03499534629136469
1989-04-10,142.1819120854946,0.012661505976790782
1989-04-11,145.79110483564892,0.025384331221991845
1989-04-12,149.4368462340539,0.02500661067432628
1989-04-13,147.71628689051857,-0.011513621887071272
1989-04-14,154.14150809698214,0.04349703977616005
1989-04-17,153.83819038497077,-0.001967787364715083
1989-04-18,159.08157092414842,0.034083737764051984
1989-04-19,162.01649021673515,0.018449147035303794
1989-04-20,160.9128665564575,-0.006811798347200987
1989-04-21,163.79568286130615,0.017915387169100058
1989-04-24,162.21529571807514,-0.009648527455813375
1989-04-25,159.5164891463469,-0.01663718923533989
1989-04-26,159.46890346452503,-0.00029831199317721484
1989-04-27,165.02396446709974,0.03483476014375738
1989-04-28,167.18225952619937,0.01307867657930312
1989-05-01,167.6568766304507,0.0028389202634084053
1989-05-02,167.58136213588074,-0.00045041095890410954
1989-05-03,169.60951817980649,0.012102515566625206
1989-05-04,170.7951623768792,0.0069904343211197005
1989-05-05,174.1410677928177,0.019590165022094368
1989-05-08,172.87858372765513,-0.0072497779022727745
1989-05-09,171.9066939102273,-0.005621805757958399
1989-05-10,172.64346637701053,0.004285885849029087
1989-05-11,173.84133366721704,0.006938387622446563
1989-05-12,183.1166899747719,0.05335529883422654
1989-05-15,187.48341540895572,0.02384668177862667
1989-05-16,185.64888628575903,-0.009785020820081789
1989-05-17,192.19781403832278,0.03527587955730222
1989-05-18,193.01418266592887,0.0042475437698959555
1989-05-19,197.17966783555357,0.02158123880893458
1989-05-22,196.2454867323821,-0.004737715168232141
1989-05-23,191.33343200505283,-0.025030153860444
1989-05-24,194.9534699310552,0.018920049089522235
1989-05-25,197.21073055843058,0.011578458327382898
1989-05-26,201.5694310264047,0.022101740892251608
1989-05-30,198.809324278639,-0.013693082000137904
1989-05-31,201.3725550748258,0.012892910357636768
1989-06-01,204.238522649461,0.014232165716774246
1989-06-02,210.39902105773137,0.030163253867850216
1989-06-05,197.39166358047532,-0.06182232888662995
1989-06-06,200.0777093082602,0.013607695882707885
1989-06-07,215.32937169104468,0.07622869351870769
1989-06-08,213.79280804763383,-0.007135875757885496
1989-06-09,211.9424359615096,-0.008654978167983753
1989-06-12,211.10389190741927,-0.003956470776067844
1989-06-13,205.04072948068986,-0.028721225231548242
1989-06-14,205.28925923238637,0.0012120994317858951
1989-06-15,195.04887645797294,-0.04988270118321861
1989-06-16,194.1921423494588,-0.004392407298478953
1989-06-19,192.4788459983311,-0.008822686285856652
1989-06-20,189.0191473319718,-0.017974435831713736
1989-06-21,188.58470537195996,-0.0022984018611026803
1989-06-22,192.01376547519536,0.01818312941376673
1989-06-23,197.46457301401546,0.028387587344742934
1989-06-26,195.4282574773778,-0.010312308205751625
1989-06-27,196.2184814627533,0.004043550280680103
1989-06-28,188.23330375453332,-0.04069533944352603
1989-06-29,176.64423554239005,-0.061567575880493865
1989-06-30,170.97753128900678,-0.03207975757591828
1989-07-03,172.9527703549119,0.01155262361676236
1989-07-05,175.06967465547567,0.012239782549997382
1989-07-06,178.29930481309447,0.018447684694533638
1989-07-07,183.13860496404905,0.027141441499323245
1989-07-10,182.23576485932483,-0.004929818619626728
1989-07-11,183.74682126298197,0.008291766464303053
1989-07-12,186.10596513650253,0.012839100330035682
1989-07-13,187.6372304386795,0.008227921663090273
1989-07-14,191.25258063152415,0.019267765700827517
1989-07-17,193.33910258349832,0.010909771492151362
1989-07-18,186.8477871358333,-0.03357476765395436
1989-07-19,192.67720484986904,0.031198751686568757
1989-07-20,185.7712660698595,-0.03584201247568718
1989-07-21,185.1067549296548,-0.00357703941122301
1989-07-24,177.6145842817606,-0.04047486354963878
1989-07-25,177.2529548360287,-0.0020360346375512405
1989-07-26,182.00473324810238,0.026807893930284127
1989-07-27,189.33647937680257,0.040283271747146306
1989-07-28,190.31913799059407,0.005190012072823351
1989-07-31,193.08886380110505,0.014553059874870997
1989-08-01,193.00189446080668,-0.00045041095890410954
1989-08-02,189.02394233953703,-0.02061094857324046
1989-08-03,193.5214177843933,0.02379315228108836
1989-08-04,195.00363871652243,0.007659208727896562
1989-08-07,204.58368488021776,0.0491275251413225
1989-08-08,207.21296127234123,0.012851838081139759
1989-08-09,201.80091594536006,-0.02611827606608104
1989-08-10,200.51505734277708,-0.006371916582039387
1989-08-11,197.35365889827102,-0.015766389249769513
1989-08-14,192.9813459425137,-0.02215470936878389
1989-08-15,195.75127843522455,0.014353369125821958
1989-08-16,192.94270487734383,-0.014347663935232454
1989-08-17,196.30393273516904,0.01742086004216632
1989-08-18,197.7685096251227,0.007460761837764775
1989-08-21,190.57500022113982,-0.03637338127095376
1989-08-22,193.66556144746963,0.016217033833102953
1989-08-23,199.2701468420819,0.028939504539285326
1989-08-24,207.17905254978496,0.03968936558254602
1989-08-25,208.27015428511706,0.005266467443999532
1989-08-28,209.79961359622257,0.007343631718886096
1989-08-29,206.40834768151552,-0.016164309631350557
1989-08-30,209.40728807542087,0.014529162350219733
1989-08-31,211.01546701503324,0.007679670341908821
1989-09-01,215.2262794874441,0.019954994446501173
1989-09-05,215.04073537442076,-0.0008620885584473414
1989-09-06,209.43272644904152,-0.026078821371284804
1989-09-07,208.00623458431866,-0.006811217563316058
1989-09-08,212.03129542639485,0.019350674032054406
1989-09-11,212.60183014998944,0.0026908043100299425
1989-09-12,216.39652525241587,0.01784883554271033
1989-09-13,217.1672679106131,0.0035617145760461137
1989-09-14,210.6594320850332,-0.029966927742805915
1989-09-15,209.28587319916488,-0.0065202819179435685
1989-09-18,208.40905284499308,-0.004189582128829934
1989-09-19,208.8508907228526,0.002120051273339377
1989-09-20,209.80135875374108,0.004550940757776136
1989-09-21,219.191381986778,0.044756732219540324
1989-09-22,213.93486868019022,-0.023981386763211612
1989-09-25,213.64579285215441,-0.0013512328767123286
1989-09-26,213.49230977794176,-0.000718399703376598
1989-09-27,213.22449455986663,-0.0012544490167055427
1989-09-28,220.10224305248482,0.032255902431918435
1989-09-29,220.4700638350636,0.001671136002421812
1989-10-02,225.138357363862,0.021174273947191437
1989-10-03,226.90233110578615,0.007835065346387136
1989-10-04,233.2280722899997,0.02787869632447435
1989-10-05,235.6684319617705,0.010463404545643356
1989-10-06,243.70806898988437,0.03411418729776268
1989-10-09,250.77078674002257,0.028980237623693002
1989-10-10,248.4655252805879,-0.009192703382250648
1989-10-11,245.19635765628163,-0.013157429468794408
1989-10-12,243.3649861628169,-0.007468999584536991
1989-10-13,212.50011399750878,-0.1268254429363919
1989-10-16,213.00751124583712,0.0023877504759094266
1989-10-17,210.95137850716242,-0.009652864946634143
1989-10-18,217.29073350045783,0.030051261281898584
1989-10-19,231.58107245111898,0.06576598422054232
1989-10-20,230.03644815328673,-0.006669907352459888
1989-10-23,222.88575211377045,-0.03108505672436462
1989-10-24,215.2441146764652,-0.03428499742506932
1989-10-25,214.97586943389052,-0.0012462372919132476
1989-10-26,203.29932281626847,-0.05431561527519638
1989-10-27,194.36387697986783,-0.04395216724099001
1989-10-30,194.71407318521383,0.0018017556080252393
1989-10-31,204.0923182399857,0.04816418711477113
1989-11-01,205.89811584342158,0.008847944983958137
1989-11-02,195.1282905973385,-0.05230657503574814
1989-11-03,194.000074128222,-0.005781921553572412
1989-11-06,183.4560903296217,-0.05435041118402546
1989-11-07,189.66513657060116,0.03384486298505251
1989-11-08,196.6905180185241,0.03704097429264653
1989-11-09,197.3516656883267,0.0033613601533162623
1989-11-10,202.30725127067993,0.025110432005065915
1989-11-13,202.63390856805313,0.0016146593625362968
1989-11-14,198.77651486564287,-0.019036269544762636
1989-11-15,201.29998305951145,0.012695001698637548
1989-11-16,199.471004792071,-0.009085834184594695
1989-11-17,201.89141843598406,0.012134162789404507
1989-11-20,203.74063883829888,0.009159479965222735
1989-11-21,201.87055283099173,-0.00917875794426742
1989-11-22,204.1448738700058,0.011266234758459934
1989-11-24,207.27468982883292,0.015331347290258786
1989-11-27,203.70351470458698,-0.01722919053549187
1989-11-28,203.44781791848882,-0.0012552399327471985
1989-11-29,203.1105058346332,-0.001657978381418579
1989-11-30,205.58175922062202,0.01216703870552539
1989-12-01,207.8798615334351,0.011178532188485007
1989-12-04,211.50173168509087,0.017422900539469776
1989-12-05,213.05766017063405,0.007356575632486197
1989-12-06,204.10421178324046,-0.04202359295705649
1989-12-07,205.65123345957434,0.0075795676278195825
1989-12-08,203.55479648794298,-0.010194137600655174
1989-12-11,193.00342307893754,-0.05183554301374769
1989-12-12,186.47603476438957,-0.03382006500412325
1989-12-13,186.64888616456042,0.0009269362703323028
1989-12-14,182.55620478924826,-0.021927167417992756
1989-12-15,176.8795831820945,-0.031095199495996893
1989-12-18,168.48796029289323,-0.04744257498934882
1989-12-19,169.2271424650967,0.004387151289139573
1989-12-20,174.0789330459451,0.02867028604379504
1989-12-21,181.32320479668235,0.04161486760046534
1989-12-22,184.76351356517,0.018973350776285352
1989-12-26,184.40516612043712,-0.0019394924778071874
1989-12-27,194.36347010504184,0.05400230478413406
1989-12-28,194.30224297492066,-0.00031501356756025444
1989-12-29,200.160070591155,0.030148018502238468
1990-01-02,210.2228696133131,0.050273758359689336
1990-01-03,205.65715740011967,-0.021718437302238568
1990-01-04,201.8140584610987,-0.018686920443736196
1990-01-05,197.4812410009484,-0.021469353984502035
1990-01-08,198.32023504915216,0.004248474659928545
1990-01-09,191.96434474055454,-0.03204862230534554
1990-01-10,179.86284871260048,-0.06304033201743581
1990-01-11,172.17073734079457,-0.04276653809757557
1990-01-12,160.71120661465682,-0.06655910814539166
1990-01-15,157.82797283281388,-0.01794046502778221
1990-01-16,167.55203981363525,0.06161180940416688
1990-01-17,164.38161218418196,-0.018922047341110852
1990-01-18,164.24948408809223,-0.0008037887835148271
1990-01-19,172.00348669224894,0.04720868773017275
1990-01-22,157.69741226384784,-0.0831731652858742
1990-01-23,156.31922983134604,-0.008739410575716616
1990-01-24,154.610399190432,-0.010931672595609003
1990-01-25,152.3760612111426,-0.014451408126418298
1990-01-26,146.69845461519486,-0.03726048928434012
1990-01-29,143.9560897366691,-0.018693890714249577
1990-01-30,134.49766087443368,-0.06570356891144509
1990-01-31,143.18400320134657,0.06458359402266796
1990-02-01,145.46994285917103,0.015965049214401048
1990-02-02,150.9605791509392,0.03774412901972233
1990-02-05,152.70628769615905,0.011564002702151794
1990-02-06,149.49839016698417,-0.0210069773653176
1990-02-07,153.2475533161368,0.02507828442142389
1990-02-08,154.16799363302394,0.006006231727487244
1990-02-09,156.89948832540205,0.017717650908009322
1990-02-12,153.06507388572894,-0.024438667586478828
1990-02-13,153.71773308606018,0.0042639328735338934
1990-02-14,155.57392068936784,0.012075299095573264
1990-02-15,159.710154809847,0.02658693759308109
1990-02-16,156.04394540082507,-0.022955393245889705
1990-02-20,148.4168351100581,-0.04887796364783957
1990-02-21,147.68785668582083,-0.004911696329440531
1990-02-22,146.42046351337683,-0.008581566561292624
1990-02-23,141.20237282038312,-0.035637714618469186
1990-02-26,147.00477326659714,0.04109279702824113
1990-02-27,149.42789111198366,0.01648325963533255
1990-02-28,154.01176232888557,0.030676142069532897
1990-03-01,156.59830561657205,0.01679445289485766
1990-03-02,162.02142007819253,0.03463073524498336
1990-03-05,159.1960439952796,-0.017438287366876516
1990-03-06,160.43002417073984,0.007751324370201248
1990-03-07,158.54448967412813,-0.011753002633752714
1990-03-08,165.1612384216282,0.04173433438841142
1990-03-09,166.74982527564904,0.009618399990229207
1990-03-12,165.883033333974,-0.005198158020508753
1990-03-13,161.11281366196576,-0.028756525463362576
1990-03-14,162.8803086918012,0.01097054287403766
1990-03-15,165.51180143433143,0.01615599063917245
1990-03-16,175.86957612945275,0.06258027890072176
1990-03-19,180.29443924333756,0.025159912312677658
1990-03-20,172.99412781215875,-0.04049105153668011
1990-03-21,170.34521890954372,-0.015312131897860034
1990-03-22,162.4445041005329,-0.046380607918360385
1990-03-23,166.85451377061847,0.027147792376874348
1990-03-26,171.21687226029368,0.026144683719328963
1990-03-27,173.59679286178093,0.01390003549340133
1990-03-28,165.77239334447606,-0.04507225846928355
1990-03-29,163.1100031329344,-0.016060516216407715
1990-03-30,163.14044779902997,0.000186651128139385
1990-04-02,161.8540656543934,-0.007885120839077503
1990-04-03,171.24546980632542,0.0580239001965231
1990-04-04,168.02954006926177,-0.018779648540196654
1990-04-05,164.6443741779976,-0.02014625458040776
1990-04-06,160.91354743102994,-0.022659910279924124
1990-04-09,159.93661083724984,-0.006071189215431461
1990-04-10,162.36457548337768,0.01518079339944557
1990-04-11,165.2961049886508,0.01805522846683537
1990-04-12,168.72426182015542,0.020739489486095317
1990-04-16,170.55543787830103,0.010853069015631506
1990-04-17,169.47700610910474,-0.006323057081098788
1990-04-18,161.54603104367212,-0.04679676168179941
1990-04-19,156.3011942797871,-0.03246651576643885
1990-04-20,151.23911726163158,-0.032386681634013294
1990-04-23,144.56551707246493,-0.044126151421671304
1990-04-24,142.67617025871377,-0.013069138837611708
1990-04-25,144.336582294415,0.011637626890954511
1990-04-26,144.70350515400332,0.002542133489345714
1990-04-27,140.19780768381244,-0.03113744525673801
1990-04-30,144.45873646104752,0.030392263956400278
1990-05-01,146.9943801566498,0.017552719605061842
1990-05-02,150.04876079269638,0.020778893946772365
1990-05-03,153.4250468947799,0.022501259485562287
1990-05-04,159.10731214025793,0.03703609912777114
1990-05-07,164.13371745092027,0.03159129045075832
1990-05-08,164.39251979935108,0.0015767774741846795
1990-05-09,164.92656571881213,0.003248602309356172
1990-05-10,168.0339373862888,0.01884094083893373
1990-05-11,177.4570322757682,0.056078522208385
1990-05-14,184.4146796074383,0.03920750416279882
1990-05-15,185.9022308152612,0.008066338379295218
1990-05-16,187.42221971921336,0.008176281141363163
1990-05-17,191.12292188321632,0.019745269101748703
1990-05-18,195.7818247717442,0.024376473751142422
1990-05-21,205.09663941376084,0.04757752489474708
1990-05-22,206.66218465465218,0.007633207669156491
1990-05-23,215.15833128980802,0.041111278530968395
1990-05-24,217.72967474556341,0.011950936040175515
1990-05-25,204.33757082319678,-0.06150794069764031
1990-05-29,213.63956269948258,0.045522670347952474
1990-05-30,214.94511636630278,0.006111010761881634
1990-05-31,214.31854138879146,-0.002915046352779429
1990-06-01,218.9480615512634,0.021601118281565745
1990-06-04,224.85836928204824,0.026994108506418795
1990-06-05,218.3962907290019,-0.028738439105820912
1990-06-06,218.92012218560774,0.002398536416792211
1990-06-07,216.96172700197718,-0.008945706607865722
1990-06-08,209.6138746177943,-0.03386704413592686
1990-06-11,215.32453407418348,0.027243709257327994
1990-06-12,223.85827649160996,0.03963200224311848
1990-06-13,229.22805336852232,0.023987394886932387
1990-06-14,224.73826628422935,-0.019586551551240124
1990-06-15,225.4105494524589,0.0029914049767532946
1990-06-18,213.7253777086656,-0.05183950694489476
1990-06-19,213.8345322066918,0.0005107231494753424
1990-06-20,215.18995570965475,0.006338655824087342
1990-06-21,217.3940567298339,0.010242583176851545
1990-06-22,210.71235131191048,-0.030735455782156362
1990-06-25,202.88574275006857,-0.037143568059076155
1990-06-26,202.88776694059763,9.976997405679523e-06
1990-06-27,208.0634452410391,0.025510056020069723
1990-06-28,214.52059026178986,0.031034500141388394
1990-06-29,217.28613554128032,0.012891747482679952
1990-07-02,216.93140633800067,-0.0016325441215840732
1990-07-03,216.22193415447327,-0.0032704908685373783
1990-07-05,213.63539757769638,-0.011962415315964349
1990-07-06,216.7149443417594,0.014414964930813965
1990-07-09,219.5509431850075,0.01308630953837558
1990-07-10,216.88426548927077,-0.01214605438287554
1990-07-11,222.58232497702082,0.026272350716156127
1990-07-12,229.8476912143829,0.03264125414321271
1990-07-13,233.47189124732955,0.015767833097641668
1990-07-16,237.329330195043,0.016522070074924324
1990-07-17,223.79152109732377,-0.05704229260915008
1990-07-18,214.5065577870336,-0.04148934358532849
1990-07-19,209.50932114764868,-0.02329642828144345
1990-07-20,198.90181279120628,-0.050630245462763464
1990-07-23,185.6874742731599,-0.06643649111392426
1990-07-24,183.43714709950217,-0.01211889591619587
1990-07-25,188.88360040001277,0.02969111429516656
1990-07-26,184.94829361787535,-0.020834560405473733
1990-07-27,181.0445766388024,-0.021107072158981194
1990-07-30,176.7238295370238,-0.02386565332138516
1990-07-31,175.37875530316256,-0.007611165044267171
1990-08-01,174.70034712778698,-0.003868246038141162
1990-08-02,164.8863790134381,-0.05617600809442189
1990-08-03,150.43430761577656,-0.08764866742864012
1990-08-06,126.61665619524898,-0.15832592842691254
1990-08-07,128.83157578526394,0.017493113912275832
1990-08-08,134.35183716958645,0.04284866773285194
1990-08-09,141.2613119209189,0.05142821190164255
1990-08-10,135.3315354784709,-0.041977356445391266
1990-08-13,137.52139655690877,0.016181454460673282
1990-08-14,139.2000825964658,0.012206726237413928
1990-08-15,139.5085640236742,0.0022161008919993324
1990-08-16,126.84827988302796,-0.0907491538547973
1990-08-17,116.73121386870073,-0.0797572188101927
1990-08-20,109.94563719629397,-0.058129924700681866
1990-08-21,101.61989407519735,-0.0757259981697324
1990-08-22,96.33465308989753,-0.05200990449162269
1990-08-23,85.8010829058733,-0.10934352121655032
1990-08-24,95.4129239797664,0.11202470584710007
1990-08-27,109.23256066802449,0.14484030162610598
1990-08-28,110.77950042933583,0.01416189231352677
1990-08-29,107.32762483665347,-0.03115987686624596
1990-08-30,103.63193000348801,-0.03443377079097851
1990-08-31,108.32025638113457,0.04524017238209074
1990-09-04,110.05368035944159,0.016002768422259037
1990-09-05,108.41866333926576,-0.014856541051928148
1990-09-06,103.108236812166,-0.04898074153969487
1990-09-07,104.90262647703564,0.01740297109471972
1990-09-10,106.17884917105667,0.012165783993029177
1990-09-11,103.36108856818457,-0.026537871006047698
1990-09-12,105.5629236207828,0.021302359360754433
1990-09-13,101.19310267529227,-0.041395414181482744
1990-09-14,100.83498092235163,-0.0035389937008827367
1990-09-17,100.84879955426536,0.00013704204421238026
1990-09-18,100.53956569280987,-0.0030663117738857046
1990-09-19,99.46676043166048,-0.01067047837094566
1990-09-20,91.84206576406132,-0.0766557052276552
1990-09-21,90.63937442987954,-0.013095212135923075
1990-09-24,82.22510631972717,-0.09283237183705202
1990-09-25,86.51374959286794,0.052157345427619635
1990-09-26,84.68589413123,-0.0211279186284238
1990-09-27,77.19338886585342,-0.0884740645681338
1990-09-28,80.97990570890099,0.049052346304263965
1990-10-01,91.42599498321196,0.12899606615820977
1990-10-02,91.65881937983833,0.002546588600639422
1990-10-03,85.05176549007702,-0.07208312232761131
1990-10-04,83.60614599275947,-0.016996936971122832
1990-10-05,81.9957049929563,-0.019262232228030602
1990-10-08,83.54421531327183,0.018885261373733645
1990-10-09,75.2355796637468,-0.09945195628888895
1990-10-10,69.79955186723936,-0.07225341814076376
1990-10-11,64.48487015979605,-0.07614206059018813
1990-10-12,66.25238415221492,0.027409747248291115
1990-10-15,69.31294887918041,0.04619554097757203
1990-10-16,64.54730000337265,-0.06875553490177971
1990-10-17,66.60580198439997,0.03189137238768723
1990-10-18,72.68503309152469,0.09127179503894504
1990-10-19,75.49119887826058,0.03860720243743133
1990-10-22,80.51593276348491,0.06656052572866636
1990-10-23,80.26918279863865,-0.0030646103991750794
1990-10-24,80.33345366616254,0.000800691688678551
1990-10-25,78.77729606766204,-0.019371227396339126
1990-10-26,74.57645141011898,-0.0533255756066436
1990-10-29,71.33297381601042,-0.04349198081672817
1990-10-30,72.8636098598734,0.021457622779206795
1990-10-31,72.28022764735337,-0.008006496159632554
1990-11-01,72.65513391102901,0.005186843980414079
1990-11-02,77.6583364442255,0.06886233998719532
1990-11-05,82.29942117012851,0.05976286562919448
1990-11-06,81.99480838949857,-0.0037012748850353307
1990-11-07,77.6244856581517,-0.05329999322135875
1990-11-08,78.42376198889642,0.010296703726510035
1990-11-09,84.39153320031487,0.07609646693897941
1990-11-12,93.22902419924654,0.10472011425547487
1990-11-13,94.98765030753283,0.018863504401030847
1990-11-14,98.808828133909,0.04022815401796654
1990-11-15,94.30482675269553,-0.04558298551126925
1990-11-16,87.41848288217084,-0.07302217826647833
1990-11-19,90.26899934658567,0.03260770915295988
1990-11-20,84.83451551754526,-0.06020321337755002
1990-11-21,85.67725860733847,0.00993396478605364
1990-11-23,86.08785914062341,0.00479240979414079
1990-11-26,87.1678767502503,0.01254552756228615
1990-11-27,92.87028780661835,0.06541872154011913
1990-11-28,93.58641963441606,0.007711097324139943
1990-11-29,95.65292530355809,0.022081255776367895
1990-11-30,97.94430054672276,0.02395509845509588
1990-12-03,100.68569683232286,0.027989339556234418
1990-12-04,102.30924085587795,0.016124872495632152
1990-12-05,107.65294699931412,0.05223092360702591
1990-12-06,108.35884779886985,0.006557189740102631
1990-12-07,108.07362666648119,-0.0026321905241929416
1990-12-10,108.11422466705949,0.00037565132059074087
1990-12-11,103.38987760400916,-0.04369773799515349
1990-12-12,105.6706023782734,0.022059459079733036
1990-12-13,105.63082391041922,-0.0003764383561643836
1990-12-14,102.55063373241892,-0.029159956005005552
1990-12-17,100.7564067547734,-0.017496010627561013
1990-12-18,107.22688956544637,0.06421907071796647
1990-12-19,109.04305826856923,0.01693762367334489
1990-12-20,110.79753990466217,0.01608980584322678
1990-12-21,112.80122299700236,0.0180841839454585
1990-12-24,110.12015984009167,-0.023768032701045574
1990-12-26,108.9700910651625,-0.010443762310181947
1990-12-27,106.63090289498012,-0.021466332158826745
1990-12-28,107.00837743537767,0.0035400107299973587
1990-12-31,108.67440267367698,0.015569110365264953
1991-01-02,107.35023997517077,-0.012184678874954127
1991-01-03,101.90228831751512,-0.05074931978648328
1991-01-04,102.52661423838906,0.00612671149178342
1991-01-07,95.45231669769304,-0.06899962115443774
1991-01-08,95.03768376554034,-0.004343874999554751
1991-01-09,94.4165327837217,-0.006535838808435347
1991-01-10,100.87612601098783,0.06841591230704279
1991-01-11,101.01676946416241,0.0013942194128198134
1991-01-14,97.19113858244859,-0.03787124555662057
1991-01-15,99.52551433899541,0.02401840116901753
1991-01-16,111.14391940442545,0.11673795551416506
1991-01-17,121.46174623940244,0.09283303027521425
1991-01-18,125.32719265154888,0.03182439353809065
1991-01-21,130.32059377273114,0.03984291848829308
1991-01-22,125.90591115878746,-0.033875556319537224
1991-01-23,132.74784046263287,0.05434160509919683
1991-01-24,139.99793754058044,0.05461555572339706
1991-01-25,142.30800846172593,0.016500749666228977
1991-01-28,144.56071232036058,0.01582977573072092
1991-01-29,148.8706200515589,0.02981382466936878
1991-01-30,158.39774314073043,0.06399599253279112
1991-01-31,164.88052136639553,0.04092721333728463
1991-02-01,169.13173457104836,0.025783598750308445
1991-02-04,174.22256417620426,0.030099789481064895
1991-02-05,184.521017369061,0.059110903582162554
1991-02-06,197.07162839472346,0.06801724380567407
1991-02-07,188.32812610350425,-0.04436712865489937
1991-02-08,190.68751199169185,0.012528059069046785
1991-02-11,201.8479733054813,0.058527489279296435
1991-02-12,199.09363012757007,-0.013645632070542256
1991-02-13,204.18594143603303,0.0255774697824337
1991-02-14,192.50418758391953,-0.05721135240730141
1991-02-15,198.91530967526222,0.03330380586421182
1991-02-19,204.62080877279195,0.02868305665785196
1991-02-20,197.09678579947726,-0.03677056609462069
1991-02-21,194.86811489443699,-0.011307494924385467
1991-02-22,199.0273416010899,0.021343803263586963
1991-02-25,202.24102238175865,0.01614693114431464
1991-02-26,196.77151784121605,-0.027044486208233957
1991-02-27,201.26455665825355,0.022833786445979064
1991-02-28,202.17359115462065,0.004516614904583613
1991-03-01,207.61977649946306,0.02693816394979703
1991-03-04,209.88308147789343,0.01090120130456952
1991-03-05,231.69047221438535,0.10390256605218014
1991-03-06,234.19515689069536,0.010810477670365207
1991-03-07,237.89209491778988,0.015785715111179648
1991-03-08,233.2374844577361,-0.01956605771899362
1991-03-11,212.59188016722035,-0.08851752255224153
1991-03-12,201.2585722162578,-0.053310163784468234
1991-03-13,216.6158005783382,0.07630595901067339
1991-03-14,213.31753631616687,-0.015226332766886704
1991-03-15,210.35377128256061,-0.013893677401250021
1991-03-18,212.64988780458626,0.01091549967479001
1991-03-19,208.14631743953817,-0.02117833407552334
1991-03-20,213.59632883400323,0.026183559053588205
1991-03-21,205.7277780667335,-0.036838417636778746
1991-03-22,203.96054626597962,-0.008590146733517998
1991-03-25,212.29737045344257,0.04087469042464276
1991-03-26,234.37216287169656,0.10398052680117885
1991-03-27,239.32541624043037,0.021134136870364646
1991-03-28,234.78511630391307,-0.018971240112483634
1991-04-01,233.71623898655622,-0.004552576986921405
1991-04-02,258.159806230373,0.10458651632342433
1991-04-03,261.7618082636374,0.013952605891135785
1991-04-04,267.7938370283957,0.02304396047983837
1991-04-05,262.3565740664325,-0.020303913720712996
1991-04-08,262.72936914760953,0.001420948121859099
1991-04-09,254.904581640811,-0.02978269057694245
1991-04-10,249.56365533795304,-0.020952649295193537
1991-04-11,269.90340332302276,0.08150124246868444
1991-04-12,272.0064037865394,0.007791678199032316
1991-04-15,269.1111027966384,-0.010644238332613389
1991-04-16,279.8833207538381,0.040028887122282975
1991-04-17,283.8216729639858,0.014071407326239219
1991-04-18,266.9135302999767,-0.05957312028864891
1991-04-19,255.94006365782556,-0.0411124405339001
1991-04-22,248.20827632858357,-0.030209367063293743
1991-04-23,250.3870529181902,0.00877801748529253
1991-04-24,256.9392322861319,0.026168203553570205
1991-04-25,249.6212483175545,-0.028481380221561596
1991-04-26,247.73180279676203,-0.007569249547173186
1991-04-29,233.38196089168704,-0.05792490807830413
1991-04-30,226.76401833944303,-0.028356701293273497
1991-05-01,228.16929861193492,0.006197104297156668
1991-05-02,234.03605438010646,0.02571229259967005
1991-05-03,235.5491444738103,0.0064652008328868376
1991-05-06,235.92710445737387,0.0016045907719508883
1991-05-07,232.99957490833205,-0.012408618991764655
1991-05-08,235.3476118284365,0.0100774300598111
1991-05-09,246.0353286110313,0.04541247178826669
1991-05-10,239.0795738951703,-0.028271365560096726
1991-05-13,239.6198328380198,0.00225974529754828
1991-05-14,231.8005639861415,-0.032631976908038415
1991-05-15,210.87863304651623,-0.09025832629499606
1991-05-16,217.14140108635777,0.029698447630111854
1991-05-17,216.5039631737527,-0.002935589019026114
1991-05-20,211.72797780164117,-0.022059574809162426
1991-05-21,218.1262520944493,0.03021931423159589
1991-05-22,229.18457226210148,0.05069687880972666
1991-05-23,232.9742196563938,0.016535351210108493
1991-05-24,238.97588877621635,0.025761086907702593
1991-05-28,249.0214854804206,0.042036026126515316
1991-05-29,251.62761842831688,0.01046549434426685
1991-05-30,259.47908050841585,0.031202703936633547
1991-05-31,264.34589706253433,0.018756103746716556
1991-06-03,269.6312061110959,0.019993913683900404
1991-06-04,270.10040103786605,0.0017401358453177002
1991-06-05,259.18495419212275,-0.04041255327204438
1991-06-06,250.25164175029724,-0.034466940682072233
1991-06-07,240.21348281430267,-0.0401122600666521
1991-06-10,234.1725046562539,-0.02514837255292098
1991-06-11,236.38221486994698,0.009436249643982668
1991-06-12,225.8841663671221,-0.044411329797382146
1991-06-13,224.54174650700287,-0.005942956877895835
1991-06-14,232.13434031626176,0.033813729194549
1991-06-17,231.33513636272542,-0.003442851033791522
1991-06-18,225.84743029972898,-0.023721887428254318
1991-06-19,212.48556037441054,-0.05916325861040575
1991-06-20,213.13447331556935,0.0030539154755522316
1991-06-21,212.38581871415812,-0.0035125927296742565
1991-06-24,189.19091692510693,-0.10921116075206656
1991-06-25,189.40776412146408,0.0011461818563042198
1991-06-26,192.63563422265833,0.017041910167548843
1991-06-27,198.98974922457197,0.03298514850356927
1991-06-28,196.45319878066377,-0.01274714126628476
1991-07-01,207.71360558188508,0.05731852100709919
1991-07-02,200.36697500426212,-0.03536903881208085
1991-07-03,191.7182710407898,-0.04316431868719062
1991-07-05,190.5594498236654,-0.006044396346959703
1991-07-08,206.18545935989997,0.08200070660727722
1991-07-09,210.306484647359,0.01998698307946983
1991-07-10,216.63530299417945,0.03009331051979948
1991-07-11,217.85616932821256,0.0056355834767425035
1991-07-12,226.71096213324384,0.04064513220964164
1991-07-15,230.22752208531287,0.01551120386495578
1991-07-16,218.80805763720323,-0.04960077902362191
1991-07-17,216.0147362285372,-0.012766081097879578
1991-07-18,222.98936350215192,0.032287738306130055
1991-07-19,224.65870040555578,0.0074861727805584566
1991-07-22,217.92454317347935,-0.029975056474197837
1991-07-23,205.44599891507045,-0.05726084853359237
1991-07-24,201.91662244368635,-0.017179095674883918
1991-07-25,209.70445128197,0.038569528075657195
1991-07-26,216.9177176158812,0.034397297195242635
1991-07-29,217.73959936790456,0.003788910196255767
1991-07-30,229.22894331703918,0.0527664420366716
1991-07-31,236.4147290267655,0.03134763702063541
1991-08-01,241.79316370157795,0.022749998263447938
1991-08-02,244.97675767666996,0.013166600437972737
1991-08-05,235.93373859445535,-0.03691378385434411
1991-08-06,242.57536448083573,0.02815038631586559
1991-08-07,247.27312250049806,0.019366179371580326
1991-08-08,253.15687471496256,0.02379454812947833
1991-08-09,251.42185039432582,-0.006853554036761775
1991-08-12,256.89866008137324,0.021783348099847822
1991-08-13,262.9295433705676,0.02347572886243965
1991-08-14,269.16459719607974,0.023713781819962837
1991-08-15,260.80575631848006,-0.03105475595481244
1991-08-16,254.34472431327768,-0.02477334893372745
1991-08-19,233.51364488584667,-0.08190096918139045
1991-08-20,239.21622299148098,0.024420748982022036
1991-08-21,270.1876748025976,0.12947053265789413
1991-08-22,265.85934048558545,-0.016019732654994307
1991-08-23,271.9768599799648,0.023010361355767495
1991-08-26,271.5420789838306,-0.001598595542893594
1991-08-27,271.6625637914315,0.0004437058449717622
1991-08-28,280.4225994009456,0.032246016849931426
1991-08-29,276.5978821993822,-0.013639118993027085
1991-08-30,273.0963582100515,-0.012659258131292083
1991-09-03,264.0292867005998,-0.03320099751193976
1991-09-04,256.93281579259485,-0.026877589969979705
1991-09-05,253.9319894223156,-0.01167942040031822
1991-09-06,251.74211004563026,-0.00862388146395907
1991-09-09,255.24674424062442,0.013921525462541566
1991-09-10,241.67310293629052,-0.05317850907253036
1991-09-11,250.18140795314787,0.03520584174855525
1991-09-12,265.9439963311051,0.06300463534408263
1991-09-13,248.9633883894616,-0.06385031501332455
1991-09-16,246.26253090903762,-0.010848412282206557
1991-09-17,244.9184240061535,-0.005458024401530319
1991-09-18,252.6420397679201,0.03153546244268068
1991-09-19,259.2303343934678,0.026077586420691516
1991-09-20,267.7138911136443,0.03272594135260388
1991-09-23,262.5504231037144,-0.019287262190432992
1991-09-24,269.3316828495609,0.025828409132548517
1991-09-25,273.86539950816865,0.01683320956019922
1991-09-26,270.74431496509186,-0.011396417907051743
1991-09-27,265.0804798416616,-0.0209194978818319
1991-09-30,269.3006769492054,0.01592043710674071
1991-10-01,271.554965344677,0.008370897619008886
1991-10-02,262.1255736952684,-0.03472369447356685
1991-10-03,249.22222397842685,-0.04922583300415461
1991-10-04,249.41689017769954,0.000781094864515537
1991-10-07,244.87952631802187,-0.0181918869104855
1991-10-08,247.78540462860641,0.011866562935158264
1991-10-09,238.39601680001834,-0.03789322394780011
1991-10-10,245.07789306287995,0.02802847275953769
1991-10-11,251.27631206463337,0.025291628405517096
1991-10-14,266.2423257874035,0.05955998637436451
1991-10-15,283.2430759643055,0.06385442332139653
1991-10-16,295.7344149786669,0.04410112752742293
1991-10-17,280.17922039471,-0.05259852690827001
1991-10-18,281.96643078551284,0.006378811348982391
1991-10-21,275.2287869879333,-0.023895198370988868
1991-10-22,274.9505956492215,-0.0010107639602538391
1991-10-23,270.786510441918,-0.015144848831737045
1991-10-24,260.32044591893396,-0.03865061263909944
1991-10-25,252.8361885998099,-0.02875017093914603
1991-10-28,261.8391449052133,0.03560786276387556
1991-10-29,271.9123384346684,0.03847092279919283
1991-10-30,284.88201183432994,0.047697995149189334
1991-10-31,278.36206337594535,-0.022886486992994788
1991-11-01,271.14419275916043,-0.025929792764313314
1991-11-04,262.3261840027528,-0.03252147378365614
1991-11-05,268.037443157491,0.02177159392780329
1991-11-06,269.01717019148725,0.0036551872098726343
1991-11-07,278.55952526804884,0.035471174831589035
1991-11-08,286.097434555312,0.027060317826179854
1991-11-11,292.5289054940988,0.022480002132082625
1991-11-12,304.55415713740047,0.04110790905599676
1991-11-13,307.09863458186163,0.008354761820943399
1991-11-14,301.59468295943685,-0.017922422969801947
1991-11-15,251.82787026447568,-0.16501223498576925
1991-11-18,262.41674888779886,0.042048080747387015
1991-11-19,250.8837102670626,-0.04394932362212674
1991-11-20,252.95496531442836,0.008255837117367791
1991-11-21,261.95530486218206,0.0355807980941039
1991-11-22,255.64414245520166,-0.024092516127133902
1991-11-25,246.55656157929553,-0.035547776642285506
1991-11-26,249.41257536863486,0.01158360487770174
1991-11-27,252.23733109557986,0.011325634735016868
1991-11-29,250.9243403299044,-0.00520537844248739
1991-12-02,274.8663287157163,0.09541516918738953
1991-12-03,274.8150106208339,-0.00018670200574277034
1991-12-04,278.0172775186902,0.011652445369057868
1991-12-05,275.7325276829343,-0.008218013844849423
1991-12-06,280.73980637754636,0.018159912929714084
1991-12-09,279.4443245231709,-0.004614528559705702
1991-12-10,280.9225548115076,0.005289891969926767
1991-12-11,276.63214587265685,-0.015272568419184182
1991-12-12,285.3905311865105,0.03166076482624472
1991-12-13,294.9335135633364,0.03343832865495213
1991-12-16,299.64038876654394,0.015959105990837857
1991-12-17,287.272383929203,-0.04127616069466897
1991-12-18,289.29437598029745,0.00703858833709795
1991-12-19,274.4955531063431,-0.05115489308704096
1991-12-20,278.0230436312364,0.012850811187920226
1991-12-23,298.8721692356838,0.07499063866123716
1991-12-24,309.9603138366194,0.03709995691232036
1991-12-26,329.7670189140558,0.0639007775939876
1991-12-27,339.4172032208748,0.029263642976176507
1991-12-30,371.1715557844139,0.09355551887826681
1991-12-31,385.105141315063,0.037539475516119844
1992-01-02,393.6938887049704,0.02230234413536621
1992-01-03,398.76498295248985,0.012880805095045996
1992-01-06,405.9602984829463,0.018044000446532992
1992-01-07,415.8336369599294,0.024320945949343455
1992-01-08,432.8433705770079,0.040905141155566496
1992-01-09,455.51360913275494,0.05237515484071337
1992-01-10,442.91550917645606,-0.02765691233744743
1992-01-13,447.094830540204,0.009435933664907843
1992-01-14,463.6963374740154,0.03713195903820353
1992-01-15,475.49403488289164,0.025442722867176748
1992-01-16,460.6921365037588,-0.031129514343494077
1992-01-17,451.9751553115888,-0.018921488997672223
1992-01-20,421.04134183936145,-0.06844140238394691
1992-01-21,384.4232208912239,-0.0869703691997742
1992-01-22,434.39212122510634,0.1299840842549457
1992-01-23,433.3785164144883,-0.0023333867284686957
1992-01-24,430.9765615993729,-0.005542394752254116
1992-01-27,412.1582402967422,-0.043664372913448345
1992-01-28,413.4327752842403,0.0030923438206171567
1992-01-29,400.4091505921419,-0.03150119069090374
1992-01-30,414.2314710330825,0.034520490904115485
1992-01-31,403.67234080321043,-0.025490893300641543
1992-02-03,414.458576224376,0.026720273674692516
1992-02-04,434.5668590582855,0.04851699056897657
1992-02-05,449.30019485132766,0.033903496058050875
1992-02-06,442.34816865901496,-0.015473009520089611
1992-02-07,433.68221507568927,-0.019590797921909833
1992-02-10,427.5741471718285,-0.01408420196063318
1992-02-11,424.3814383433798,-0.007467029635834506
1992-02-12,467.1180583756028,0.10070332057653167
1992-02-13,442.7508155337758,-0.05216506278212364
1992-02-14,430.82968689206194,-0.026925142141955946
1992-02-18,400.19398888456806,-0.0711086049536072
1992-02-19,398.3891914210943,-0.0045098065278393945
1992-02-20,424.0245061558444,0.064347415258196
1992-02-21,413.12345236449784,-0.02570854663607581
1992-02-24,400.4997520152401,-0.03055672651118303
1992-02-25,398.19942613116393,-0.005743638722624355
1992-02-26,431.605244826375,0.08389218191441457
1992-02-27,429.9692766050422,-0.00379042711121578
1992-02-28,424.2903032028911,-0.013207858586992985
1992-03-02,426.83683742879487,0.006001867604987612
1992-03-03,423.32965238775677,-0.008216687814868248
1992-03-04,408.2333098415413,-0.03566096176127927
1992-03-05,393.50183861173105,-0.03608591184175636
1992-03-06,377.6267323235357,-0.04034315657635168
1992-03-09,378.4913140533392,0.002289514104268223
1992-03-10,402.308507167785,0.06292665704632103
1992-03-11,383.55126084305243,-0.04662403600853954
1992-03-12,382.7313759881216,-0.0021376148083275225
1992-03-13,388.2910331002027,0.01452626427014873
1992-03-16,394.32728917580596,0.015545700418081834
1992-03-17,410.5228973829258,0.041071487192709075
1992-03-18,409.4125173326817,-0.002704794439780937
1992-03-19,409.05705571469537,-0.0008682236202794435
1992-03-20,402.9699021627679,-0.014880940120424424
1992-03-23,396.27692448813013,-0.016609125492291283
1992-03-24,396.21044524451383,-0.00016775956284153007
1992-03-25,391.27081305281973,-0.01246719325798113
1992-03-26,376.08275660179623,-0.0388172486787897
1992-03-27,345.2831085978052,-0.08189593238012312
1992-03-30,339.1348786133092,-0.017806344508029908
1992-03-31,341.28733323773787,0.006346898417614391
1992-04-01,343.9874229017948,0.00791148513612152
1992-04-02,324.0181197125706,-0.05805242244256492
1992-04-03,320.01642690131087,-0.01235021305231193
1992-04-06,344.647083921564,0.07696685216677615
1992-04-07,307.6343484361722,-0.1073931485629958
1992-04-08,301.389749274294,-0.020298770906506326
1992-04-09,326.61578714728535,0.08369905722982372
1992-04-10,306.47587118172777,-0.06166240812014276
1992-04-13,318.54188743257663,0.03937019969736603
1992-04-14,328.7332140858893,0.03199367824261362
1992-04-15,345.6608206648737,0.051493447737111495
1992-04-16,323.88175993362273,-0.06300702720475877
1992-04-20,289.0888985806367,-0.10742457790805086
1992-04-21,282.70237963390264,-0.02209188584580892
1992-04-22,293.5049974930254,0.038211980645907855
1992-04-23,287.70968348215246,-0.01974519705072715
1992-04-24,277.24840762017385,-0.03636052751289336
1992-04-27,265.71997961206466,-0.04158158420842214
1992-04-28,252.32067905718594,-0.050426394637094654
1992-04-29,273.73113134031655,0.08485413230153097
1992-04-30,286.9119043739122,0.04815226156066492
1992-05-01,285.80134257667703,-0.003870741437719677
1992-05-04,294.66431833420523,0.03101096614040699
1992-05-05,306.16588617982364,0.03903278113427156
1992-05-06,307.1066426268391,0.0030727017263540587
1992-05-07,300.09646865730616,-0.02282651364871626
1992-05-08,295.81427787841267,-0.014269380769633596
1992-05-11,297.49012428243384,0.0056651978262860486
1992-05-12,292.1180151816554,-0.018058109033825407
1992-05-13,288.4227164716844,-0.012650019916344502
1992-05-14,276.6038814828775,-0.0409774761620317
1992-05-15,272.36141899813725,-0.015337682399814314
1992-05-18,276.4309768997035,0.014941756128808194
1992-05-19,281.394613770141,0.017956152838248845
1992-05-20,289.9983560629886,0.03057536239792985
1992-05-21,285.4247761357034,-0.015771054668640403
1992-05-22,286.6003807823141,0.004118789764949576
1992-05-26,279.4656365381022,-0.024894399040003602
1992-05-27,285.3937944118159,0.021212475162059645
1992-05-28,296.2125030665404,0.037908002439301085
1992-05-29,305.6194313011236,0.031757363842504896
1992-06-01,316.1666614878346,0.03451099343326425
1992-06-02,310.9396608417778,-0.016532421924118183
1992-06-03,311.18153978487925,0.0007778967226202579
1992-06-04,307.01084342572096,-0.013402775633932261
1992-06-05,299.11741530092644,-0.0257105841497884
1992-06-08,290.31562677389024,-0.029425864482618594
1992-06-09,275.19106129638965,-0.05209697337195094
1992-06-10,269.0247241525793,-0.02240747615406364
1992-06-11,268.8995787195612,-0.0004651819025642289
1992-06-12,272.9603480523746,0.015101434342701189
1992-06-15,272.17672173241925,-0.0028708430566809395
1992-06-16,259.5822877606996,-0.04627300193622504
1992-06-17,244.44271158275131,-0.05832283977674539
1992-06-18,240.7525592061772,-0.015096184920714536
1992-06-19,252.9089588742565,0.050493335182654184
1992-06-22,248.64135268662085,-0.01687408072308522
1992-06-23,254.13248978939404,0.022084568972298158
1992-06-24,248.57898197309146,-0.021852805286348562
1992-06-25,238.3345060414759,-0.04121215659626651
1992-06-26,235.29948695284023,-0.012734283167992027
1992-06-29,261.3939624133808,0.1108989900422968
1992-06-30,262.47111576904774,0.004120804266945772
1992-07-01,274.974253888669,0.047636244022458286
1992-07-02,261.0459813270966,-0.05065300610729774
1992-07-06,264.8271032759885,0.014484505487001155
1992-07-07,248.65134252355554,-0.06108045797553982
1992-07-08,251.88290315509846,0.012996353040952547
1992-07-09,263.59845598201235,0.046511901681949394
1992-07-10,265.22903886900025,0.006185859021492695
1992-07-13,270.7446889161728,0.020795800002490508
1992-07-14,282.0712915464004,0.0418349947161274
1992-07-15,282.407059320154,0.0011903649319036892
1992-07-16,287.5351830982605,0.01815862461247105
1992-07-17,271.5805088603471,-0.05548772872244015
1992-07-20,257.8443590886581,-0.05057855524805875
1992-07-21,269.7990533716891,0.04636399386546387
1992-07-22,259.3279288760477,-0.038810827409449265
1992-07-23,262.7200865068721,0.013080571944280533
1992-07-24,265.0991169689495,0.009055380933026306
1992-07-27,260.79826987083374,-0.01622354365902881
1992-07-28,273.48165375465135,0.04863292954397028
1992-07-29,282.42255558576824,0.032692876133980114
1992-07-30,284.6428626881711,0.007861649356574007
1992-07-31,284.4577970801535,-0.0006501677444844004
1992-08-03,289.4202179182098,0.017445191831595198
1992-08-04,284.70762686482476,-0.01628286747651066
1992-08-05,272.3314118905667,-0.043469910204176364
1992-08-06,266.90269889289664,-0.019934215300332382
1992-08-07,263.5715919154084,-0.012480604322494803
1992-08-10,265.83733828964125,0.008596322379689606
1992-08-11,261.2839137866385,-0.017128611549825333
1992-08-12,257.19787167370197,-0.01563832251943803
1992-08-13,257.9751594159171,0.0030221390914199073
1992-08-14,260.39800323150325,0.009391771754581741
1992-08-17,255.48513225486198,-0.0188667766867381
1992-08-18,255.59536933705067,0.00043148139860732407
1992-08-19,250.1162825081973,-0.02143656531440586
1992-08-20,252.89149554546248,0.011095691209844646
1992-08-21,243.37292396676037,-0.03763895483385655
1992-08-24,230.95380631627341,-0.0510291672880716
1992-08-25,234.1802404583279,0.013970040994414889
1992-08-26,244.05080032054184,0.04214941381431546
1992-08-27,252.067984147396,0.03285047136220902
1992-08-28,251.19237300108605,-0.0034737102741216755
1992-08-31,251.39345306745594,0.0008005022762732783
1992-09-01,258.18088835853183,0.02699925240000051
1992-09-02,269.9107681927899,0.04543279678381517
1992-09-03,274.11806183543683,0.015587720604173216
1992-09-04,269.32213123516874,-0.017495857690498627
1992-09-08,267.50643347957896,-0.006741732464623777
1992-09-09,278.53730465801846,0.04123590986188974
1992-09-10,291.4834139864611,0.046478906458642964
1992-09-11,292.4900438800347,0.003453472291292666
1992-09-14,318.623235961411,0.08934728763654916
1992-09-15,304.5834575491347,-0.044063887462296294
1992-09-16,300.4189415523308,-0.01367282396199119
1992-09-17,302.63272334087105,0.007368982052533531
1992-09-18,304.487391014353,0.006128443920431393
1992-09-21,302.44960323913455,-0.006692519412478435
1992-09-22,288.2450756322012,-0.046964940455559004
1992-09-23,292.43413424683945,0.014532975473910503
1992-09-24,297.19091824089503,0.016266172231592005
1992-09-25,276.6164132724844,-0.06922992495932703
1992-09-28,270.16431992039554,-0.023325056079492715
1992-09-29,277.4375746851765,0.026921596334127704
1992-09-30,284.19635722611025,0.024361453377767073
1992-10-01,272.8512424409604,-0.039919986645442926
1992-10-02,260.4890218702258,-0.04530754729258558
1992-10-05,258.5607980762286,-0.0074023226781430584
1992-10-06,269.4238194197338,0.04201341202660806
1992-10-07,262.60715599461804,-0.02530089373611063
1992-10-08,270.2251279844326,0.02900900381393521
1992-10-09,263.0287101850267,-0.02663119397179266
1992-10-12,269.29928342526586,0.02383988134157734
1992-10-13,274.55076506743916,0.019500540719524978
1992-10-14,273.04400051699474,-0.005488109093683545
1992-10-15,279.7453573950105,0.024543139074021426
1992-10-16,291.1255677519974,0.04068060490068328
1992-10-19,308.6740522529647,0.06027806020773963
1992-10-20,310.31486525878677,0.005315681683789174
1992-10-21,318.00676443024685,0.02478740154792597
1992-10-22,318.0411901857187,0.00010825478990508471
1992-10-23,316.0567668706343,-0.00623951669255657
1992-10-26,320.938061810414,0.015444361429469677
1992-10-27,311.34936806118174,-0.029877084989989578
1992-10-28,319.22672683794525,0.025300705846351815
1992-10-29,332.10132825895425,0.040330587443402816
1992-10-30,326.2078376517774,-0.01774606153511491
1992-11-02,329.5520213167465,0.010251696246915241
1992-11-03,316.4176119089472,-0.039855344704972165
1992-11-04,321.6064463347366,0.016398690308308407
1992-11-05,347.250787741484,0.07973826923872075
1992-11-06,352.3008317112592,0.01454293020505627
1992-11-09,359.7500776039975,0.021144559485012978
1992-11-10,371.76308150257995,0.03339263740703341
1992-11-11,382.93813063886637,0.030059598955118
1992-11-12,379.37321856148725,-0.009309368255993968
1992-11-13,384.8557752437387,0.014451617599788207
1992-11-16,371.87368449707975,-0.03373235269351768
1992-11-17,351.09350107925565,-0.05587968249468128
1992-11-18,369.96830210833446,0.053760041046211335
1992-11-19,377.77172961019016,0.021092151563759477
1992-11-20,384.44124387142165,0.01765487922591119
1992-11-23,366.492112321185,-0.04668888116551784
1992-11-24,387.3675481309942,0.05696012303673936
1992-11-25,386.24000895675493,-0.002910773449349272
1992-11-27,384.9505713115186,-0.003338436245170757
1992-11-30,390.21188908162,0.013667515162209518
1992-12-01,395.8501741457558,0.014449290813270016
1992-12-02,392.07972142403236,-0.009524949003395216
1992-12-03,402.787021674568,0.027308987599885898
1992-12-04,415.01456415523205,0.03035733979170586
1992-12-07,426.721153382716,0.028207658811475463
1992-12-08,422.1916557659525,-0.010614654513508896
1992-12-09,412.42577150355567,-0.023131400464746772
1992-12-10,401.1183525890391,-0.027416858246500454
1992-12-11,388.595304544176,-0.031220331765007728
1992-12-14,383.44940361371323,-0.013242313713746246
1992-12-15,375.285887417951,-0.021289682859922065
1992-12-16,381.7455960800898,0.017212767329416418
1992-12-17,407.60896720671514,0.06775028027094585
1992-12-18,411.104381153368,0.008575409836065266
1992-12-21,415.8598184641969,0.011567469306669445
1992-12-22,402.978520898463,-0.030975095437942392
1992-12-23,405.83433597831925,0.007086767486984252
1992-12-24,409.3863184321608,0.008752296538140256
1992-12-28,414.26385433740387,0.011914262117802691
1992-12-29,416.7902849586404,0.006098602605041276
1992-12-30,417.17212564088675,0.0009161458316722029
1992-12-31,417.97139449812323,0.0019159210505940425
1993-01-04,404.42320123374213,-0.03241416384642544
1993-01-05,417.5407535853705,0.03243521220249391
1993-01-06,440.8824014225378,0.05590268168253144
1993-01-07,430.18672642725556,-0.024259700457019553
1993-01-08,435.51394227902557,0.012383496571391473
1993-01-11,454.16317956021635,0.042821217579396366
1993-01-12,443.4424587384101,-0.02360543809867532
1993-01-13,472.08919958707025,0.06460080735200648
1993-01-14,492.7088215334921,0.04367738546964741
1993-01-15,484.49833263561834,-0.016663977868956428
1993-01-18,482.4503916945978,-0.004226930833549
1993-01-19,471.9109324251067,-0.02184568496767397
1993-01-20,470.7514499120491,-0.002456994388960367
1993-01-21,484.25288480499216,0.028680601823882945
1993-01-22,478.3623523093963,-0.012164166038923986
1993-01-25,490.4633285180395,0.025296673432228075
1993-01-26,483.90605391030317,-0.013369551251771429
1993-01-27,457.9309436812643,-0.05367800220547281
1993-01-28,450.71265319721203,-0.015762836260911076
1993-01-29,450.24681127636813,-0.0010335674349041771
1993-02-01,467.9873205126625,0.03940174320391809
1993-02-02,475.24892419953795,0.015516667586037652
1993-02-03,471.78115516437816,-0.0072967425249842845
1993-02-04,463.10587285897515,-0.018388361235794574
1993-02-05,443.55008998581974,-0.04222745600790622
1993-02-08,431.56748279071604,-0.02701522886735702
1993-02-09,421.6643057809458,-0.022946995324419895
1993-02-10,436.7649808238076,0.035812078081625835
1993-02-11,433.2420490413969,-0.00806596668021758
1993-02-12,414.94342889167376,-0.042236482331784723
1993-02-16,365.4210911993068,-0.11934720312270673
1993-02-17,362.2716741348501,-0.008618596847051966
1993-02-18,369.66607076571813,0.020411191817651057
1993-02-19,368.4667849695304,-0.0032442409272334235
1993-02-22,344.257231566807,-0.0657034891346459
1993-02-23,346.9085554562204,0.007701577908317466
1993-02-24,373.9718801308525,0.0780128487723258
1993-02-25,378.8528905388384,0.013051811292009522
1993-02-26,377.08570401803917,-0.004664571829677123
1993-03-01,370.35140255389877,-0.017858808733354298
1993-03-02,392.9267958511838,0.06095668368367939
1993-03-03,405.280102250959,0.031439205801718474
1993-03-04,390.25877758380966,-0.03706405664556342
1993-03-05,390.3345801173308,0.00019423658832345154
1993-03-08,402.9119157840181,0.03222193550698651
1993-03-09,402.7196702591869,-0.00047714033092590314
1993-03-10,408.9145413442412,0.015382588789535185
1993-03-11,410.4859022606052,0.003842761157865431
1993-03-12,413.5249630383963,0.007403569187284027
1993-03-15,419.0600401981255,0.013385110100874783
1993-03-16,416.54995594705224,-0.005989796235132575
1993-03-17,389.16781836052945,-0.06573554310975206
1993-03-18,388.586833139373,-0.001492891225189113
1993-03-19,375.6110511368193,-0.03339223281891218
1993-03-22,368.59038245332016,-0.018691326206325663
1993-03-23,364.486892394438,-0.011132927646048537
1993-03-24,365.5967858985018,0.0030450848225914862
1993-03-25,384.0177853672804,0.05038610890275357
1993-03-26,378.3387062133204,-0.014788583681165873
1993-03-29,374.18508987279813,-0.010978565693408986
1993-03-30,394.2883382551108,0.05372541270724243
1993-03-31,399.8531949605759,0.014113673080192722
1993-04-01,382.8414668636677,-0.04254493476933571
1993-04-02,340.13102223250246,-0.11156169936621484
1993-04-05,350.54225291486966,0.030609471062155523
1993-04-06,337.83137921023484,-0.0362606036759903
1993-04-07,351.5616832533617,0.04064247695174101
1993-04-08,340.4202959341696,-0.031691130888011995
1993-04-12,362.500607201436,0.0648619119687749
1993-04-13,352.6645453375135,-0.027133918312188605
1993-04-14,354.51055217527437,0.005234455411428279
1993-04-15,346.5098951867062,-0.022568177278436827
1993-04-16,336.63625076095946,-0.02849455257382084
1993-04-19,327.0343029536716,-0.02852321396041812
1993-04-20,331.6391488141701,0.014080620347495472
1993-04-21,334.93677703663155,0.009943422645525099
1993-04-22,329.80861491540765,-0.01531083617211445
1993-04-23,315.67180242097805,-0.04286368474048358
1993-04-26,297.42797785998704,-0.05779364650587676
1993-04-27,317.342333923778,0.06695522125079155
1993-04-28,331.69392373464683,0.04522431543695603
1993-04-29,329.6542403866468,-0.006149293677238942
1993-04-30,332.43694729430945,0.008441289589962212
1993-05-03,347.02121195981897,0.04387076943224965
1993-05-04,372.04972334838953,0.07212386599430279
1993-05-05,378.5363497531817,0.017434837328767546
1993-05-06,366.8815449471,-0.030789129798712792
1993-05-07,371.55424942261106,0.012736275617746913
1993-05-10,376.5066505906988,0.01332887775010969
1993-05-11,370.59581381696137,-0.01569915634813888
1993-05-12,364.0863389428176,-0.017564890458689423
1993-05-13,353.9195077760608,-0.027924231368520323
1993-05-14,360.2507669840275,0.017888980598302354
1993-05-17,368.96314436337144,0.024184202166404323
1993-05-18,379.3618085553174,0.02818347672607892
1993-05-19,407.0562751087554,0.07300277974449752
1993-05-20,426.3528787929833,0.047405248031300626
1993-05-21,413.20634733235653,-0.030834860310653845
1993-05-24,414.4486395645879,0.0030064693832792446
1993-05-25,411.4425355340837,-0.007253260702369228
1993-05-26,438.78537063976796,0.06645602421779555
1993-05-27,433.0259657128654,-0.013125790676441942
1993-05-28,416.86180729181376,-0.037328381438839486
1993-06-01,431.63901252667154,0.035448690612506426
1993-06-02,432.133325162122,0.0011451991620424972
1993-06-03,429.8799544854796,-0.005214526502433032
1993-06-04,417.9292413624667,-0.027800117214854928
1993-06-07,403.2264260252555,-0.03518015463402239
1993-06-08,391.15020813307456,-0.02994897435473275
1993-06-09,389.50024083914917,-0.004218244703998932
1993-06-10,387.1739222601306,-0.005972572889830977
1993-06-11,398.5220657495238,0.029310195849834898
1993-06-14,411.7526353917137,0.03319908928331575
1993-06-15,411.12167977440566,-0.0015323657047338361
1993-06-16,404.47550347027857,-0.016165959206466702
1993-06-17,401.0600303360024,-0.008444202689587961
1993-06-18,381.00520190300097,-0.050004555218827816
1993-06-21,380.5540394569726,-0.0011841372342817258
1993-06-22,375.1719456120089,-0.014142784695292026
1993-06-23,371.13685751250813,-0.010755303392737572
1993-06-24,380.1493133673172,0.024283375990230918
1993-06-25,394.1181803777663,0.036745737843676726
1993-06-28,414.25145864837754,0.051084368275813315
1993-06-29,405.79351719233676,-0.02041740899027217
1993-06-30,406.3008837717968,0.00125030725717473
1993-07-01,398.2526995595946,-0.019808433930758
1993-07-02,399.805156943745,0.0038981716529912108
1993-07-06,388.31358203526156,-0.028742938176008453
1993-07-07,378.797641081478,-0.024505815387419184
1993-07-08,387.72984509799323,0.02358041087851969
1993-07-09,393.3499565643559,0.014494915821974699
1993-07-12,394.5156943515533,0.002963614887311344
1993-07-13,391.55631587589414,-0.00750129467098474
1993-07-14,397.2116238768506,0.014443153568614553
1993-07-15,386.4419848913262,-0.02711310127435584
1993-07-16,356.1547930226555,-0.07837448582919358
1993-07-19,349.8843585310198,-0.017605924767764694
1993-07-20,369.98169363763293,0.05743993584334905
1993-07-21,360.1945088856307,-0.02645315949493429
1993-07-22,346.99718701383887,-0.03663943104691315
1993-07-23,361.47084534240145,0.041711169053325385
1993-07-26,371.1399863763398,0.02674943542066092
1993-07-27,357.3725067110207,-0.037095112816431186
1993-07-28,371.90979722621915,0.04067825655920875
1993-07-29,373.48252458000644,0.004228787102456049
1993-07-30,359.44418788428527,-0.037587666816560554
1993-08-02,366.5626987695578,0.019804217525876813
1993-08-03,369.5437971887349,0.008132574397732796
1993-08-04,381.5970025714497,0.03261644620856377
1993-08-05,388.82204065259805,0.01893368667065333
1993-08-06,391.14811839670233,0.005982371113016612
1993-08-09,388.23337853029346,-0.00745175479395444
1993-08-10,376.44395015008155,-0.0303668592969577
1993-08-11,379.8222471415264,0.008974236377282657
1993-08-12,378.7225572022107,-0.0028952752177941496
1993-08-13,381.987553206531,0.00862107614724703
1993-08-16,414.0601077201556,0.08396230255252268
1993-08-17,425.93321716551293,0.02867484508645737
1993-08-18,431.5412780765156,0.01316652631208951
1993-08-19,412.3608168488218,-0.044446411507111844
1993-08-20,414.30634744871173,0.004718029745787321
1993-08-23,412.854735510539,-0.0035037163855000334
1993-08-24,414.5005307297595,0.0039863784466109865
1993-08-25,404.25179872192325,-0.024725497913820647
1993-08-26,393.3503989002496,-0.02696685545033901
1993-08-27,399.2158116395661,0.014911419324132666
1993-08-30,408.2267118281266,0.022571501242781608
1993-08-31,419.24409366716344,0.026988390322864018
1993-09-01,424.2804272872174,0.012012891048746041
1993-09-02,425.61439720586725,0.003144076023442942
1993-09-03,422.6218233023352,-0.007031185794414233
1993-09-07,398.5293009528339,-0.05700728410389252
1993-09-08,392.5053430605179,-0.015115470500948028
1993-09-09,403.5836237441159,0.028224534721531174
1993-09-10,411.21832040695,0.018917260794691436
1993-09-13,400.8897947347136,-0.025116890857428485
1993-09-14,389.7410569427163,-0.02780998154212153
1993-09-15,399.7016212254633,0.02555687707341296
1993-09-16,394.4864874152477,-0.013047567318406872
1993-09-17,395.88606986775955,0.0035478590450135437
1993-09-20,399.83486391310976,0.009974571842523402
1993-09-21,393.86916530294565,-0.014920406269175528
1993-09-22,420.7959711273854,0.068364848524583
1993-09-23,431.0980583223596,0.024482380777964927
1993-09-24,434.36324342022755,0.007574112281030847
1993-09-27,449.58444941879316,0.035042573765477945
1993-09-28,461.89650137318006,0.02738540438910534
1993-09-29,464.9533416724548,0.006618020033031188
1993-09-30,449.85255922406594,-0.03247805982869333
1993-10-01,450.1054613473238,0.0005621889173956898
1993-10-04,455.16777403721306,0.011246947936903567
1993-10-05,444.3718228219767,-0.02371861944328626
1993-10-06,441.30122760136794,-0.006909968325869548
1993-10-07,432.8161268710217,-0.01922745779898654
1993-10-08,444.15847109431917,0.02620591867797342
1993-10-11,441.6612557098647,-0.00562235226157418
1993-10-12,448.24621098361905,0.014909515355089576
1993-10-13,461.2929823859152,0.029106261430892365
1993-10-14,481.6107087838659,0.04404516689775494
1993-10-15,483.237209430476,0.0033772103006540046
1993-10-18,473.42507482730485,-0.020305006344058928
1993-10-19,447.4181350973058,-0.05493359163429562
1993-10-20,451.5624892279012,0.009262821073835359
1993-10-21,463.6004556847805,0.026658473066401636
1993-10-22,466.51411092953265,0.006284841201133791
1993-10-25,463.50143790766515,-0.0064578390048367785
1993-10-26,453.34928234782524,-0.021903180291454365
1993-10-27,473.26422505405384,0.043928475199281766
1993-10-28,469.5582502415444,-0.007830667555922178
1993-10-29,475.787934463766,0.013267116953044649
1993-11-01,490.33199714951155,0.03056837223528444
1993-11-02,491.34162834312525,0.002059076706156338
1993-11-03,463.71622185601655,-0.056224437119780785
1993-11-04,426.1393626806213,-0.08103417004691904
1993-11-05,446.9749021669495,0.048893721892440734
1993-11-08,451.01203875540995,0.009032132607196245
1993-11-09,454.7092660365663,0.008197624372420442
1993-11-10,479.63474077612943,0.05481628944319493
1993-11-11,485.68059822986095,0.012605128318996003
1993-11-12,487.5307896300253,0.003809481801224289
1993-11-15,472.2948377471276,-0.03125126085771909
1993-11-16,480.41431600013107,0.01719154562801025
1993-11-17,452.5743118785182,-0.05794998857112599
1993-11-18,438.22134764774796,-0.03171404972411003
1993-11-19,434.12922463193104,-0.009338027546540803
1993-11-22,409.3027492396979,-0.05718683282214376
1993-11-23,435.06052926148215,0.06293087468782134
1993-11-24,448.07671116210815,0.029918094207996907
1993-11-26,452.41696790381394,0.009686414476773594
1993-11-29,441.225919531039,-0.024736137604711227
1993-11-30,453.4947769389579,0.027806293476500567
1993-12-01,475.20401848808905,0.04787098474576991
1993-12-02,486.81800120449356,0.024439992644329108
1993-12-03,507.429133079463,0.042338475208338694
1993-12-06,496.71587118247186,-0.02111282383803022
1993-12-07,489.1007812799221,-0.015330876954709347
1993-12-08,480.97326923379285,-0.016617254269887808
1993-12-09,453.2746722376149,-0.05758864113239142
1993-12-10,452.1913918291926,-0.002389898387824385
1993-12-13,454.8717034943204,0.005927383213301525
1993-12-14,437.3872552747237,-0.038438197155992185
1993-12-15,444.59094919826254,0.0164698304229604
1993-12-16,448.7889426859451,0.00944237280415368
1993-12-17,458.6956583809707,0.022074331055785715
1993-12-20,460.9037338387419,0.00481381372905281
1993-12-21,456.5446597009733,-0.009457667225785142
1993-12-22,456.12670741536743,-0.0009154685674772402
1993-12-23,462.79033757810896,0.014609164634320286
1993-12-27,467.93173977684097,0.011109571184303852
1993-12-28,478.2541512584491,0.022059652304267586
1993-12-29,480.5118329169022,0.004720673417078314
1993-12-30,489.0109627338284,0.017687659771733553
1993-12-31,490.96957648905743,0.004005255310186337
1994-01-03,480.51967815204955,-0.021284207489464975
1994-01-04,490.11182932206594,0.019962036116617083
1994-01-05,500.6417641650814,0.021484759626350297
1994-01-06,512.2935740009242,0.023273747157859476
1994-01-07,514.351482697906,0.004017049600895727
1994-01-10,529.7660544310098,0.029968945850511443
1994-01-11,525.5331192644136,-0.007990197052437788
1994-01-12,527.8176514254578,0.004347075526356924
1994-01-13,525.8830252627237,-0.0036653305502560665
1994-01-14,540.2712399223834,0.027360104754230462
1994-01-17,536.1463719317162,-0.007634809491728273
1994-01-18,536.6584215201332,0.0009550555878463725
1994-01-19,518.6400358632347,-0.033575147494862345
1994-01-20,538.2473150586239,0.03780517862018594
1994-01-21,538.3678649712351,0.00022396751314591489
1994-01-24,528.7623819332008,-0.01784185807328514
1994-01-25,517.9897806157318,-0.02037323698800855
1994-01-26,520.5935523646215,0.005026685556990302
1994-01-27,530.9917378241281,0.01997371156879751
1994-01-28,540.943070433469,0.018741030981233166
1994-01-31,546.3796114714906,0.010050116796329875
1994-02-01,531.3361825370744,-0.027532925128559985
1994-02-02,537.2845377773715,0.011195087847950216
1994-02-03,530.3980317102324,-0.012817242230024131
1994-02-04,481.50709781610647,-0.09217781924356029
1994-02-07,488.9759865403755,0.015511482090595304
1994-02-08,495.6259121930887,0.013599697808808592
1994-02-09,504.5941394171087,0.018094750503129673
1994-02-10,494.74211174019104,-0.019524657357888452
1994-02-11,496.55971734406626,0.00367384453585726
1994-02-14,508.4015213254049,0.023847693575863253
1994-02-15,520.2277952679732,0.02326168086935938
1994-02-16,521.8751531059683,0.0031666086529392253
1994-02-17,516.5927724958595,-0.010121923948036932
1994-02-18,518.5748089867641,0.0038367483953144588
1994-02-22,527.8186740463826,0.017825518901853164
1994-02-23,521.6496369931161,-0.01168779612508438
1994-02-24,498.1163106637516,-0.04511328037150557
1994-02-25,511.58858247818665,0.027046437801811575
1994-02-28,532.8598940589483,0.041578941183013154
1994-03-01,523.1276189623386,-0.018264228937321842
1994-03-02,517.2316749085054,-0.011270565422502814
1994-03-03,517.0832699459302,-0.0002869216441577282
1994-03-04,531.4908190509246,0.02786311207960954
1994-03-07,543.9607910018686,0.02346225278775554
1994-03-08,530.7597738855721,-0.024268324729771067
1994-03-09,534.9366878101057,0.007869688190488354
1994-03-10,521.9632150977008,-0.024252351741876278
1994-03-11,520.5525437849734,-0.0027026259167770533
1994-03-14,533.5690306767189,0.025005135499101824
1994-03-15,533.0675077766523,-0.0009399400475520902
1994-03-16,542.5606519082468,0.017808521421965925
1994-03-17,554.7511365544657,0.02246842745293735
1994-03-18,550.9339561632303,-0.006880887914793228
1994-03-21,532.6486714101486,-0.03318961292642512
1994-03-22,523.5584183652628,-0.01706613295555594
1994-03-23,522.7964850061953,-0.0014552976942791946
1994-03-24,497.5448278959166,-0.048301122586888574
1994-03-25,482.4354309959261,-0.030367910694373237
1994-03-28,460.6265166869188,-0.04520587193188847
1994-03-29,422.2206205906822,-0.0833775188898658
1994-03-30,413.03567769913775,-0.021753894631424586
1994-03-31,421.7785054767334,0.021167245953905435
1994-04-04,396.5055713204164,-0.05991991964538634
1994-04-05,440.4313546834513,0.11078226017545269
1994-04-06,438.47068978585054,-0.004451692361934426
1994-04-07,445.8548865522159,0.016840799028030394
1994-04-08,424.99338620136075,-0.04678988832482368
1994-04-11,421.24315197495554,-0.008824217854130055
1994-04-12,393.53128624346994,-0.06578591391114927
1994-04-13,367.6318290569687,-0.06581295589921096
1994-04-14,362.7483768097917,-0.013283540382517414
1994-04-15,364.5757211617132,0.00503749835627713
1994-04-18,346.9341480045991,-0.04838932527075481
1994-04-19,337.90907563750574,-0.02601379085628001
1994-04-20,332.220268709547,-0.016835318546050183
1994-04-21,364.79366597685737,0.09804759171930169
1994-04-22,370.8583222901691,0.0166248947800986
1994-04-25,387.83340810113634,0.045772427880654304
1994-04-26,389.8305867292846,0.005149578624303255
1994-04-28,380.2885680421543,-0.024477347370786738
1994-04-29,382.65791539030323,0.006230393304608416
1994-05-02,402.61970791223536,0.05216615603409513
1994-05-03,393.78855069853864,-0.021934239780487225
1994-05-04,395.1456930289616,0.0034463732579719953
1994-05-05,397.259345991458,0.0053490471990073184
1994-05-06,385.64213998772095,-0.029243379975727075
1994-05-09,365.1026036143486,-0.053260611960161755
1994-05-10,371.0369691561609,0.01625396664681343
1994-05-11,356.39787370725594,-0.03945454675904207
1994-05-12,360.59647604292337,0.011780660451179096
1994-05-13,355.14951597481206,-0.015105416802417455
1994-05-16,342.2764560448257,-0.03624687448792523
1994-05-17,342.2318900771627,-0.0001302045959514767
1994-05-18,365.19898242443986,0.06710973761708412
1994-05-19,374.39492822140306,0.025180644633548025
1994-05-20,370.26598592864224,-0.011028307227279276
1994-05-23,368.58931866202585,-0.004528277860606775
1994-05-24,389.76564779273264,0.05745236787538105
1994-05-25,393.5284256140248,0.009653949347770866
1994-05-26,385.82856322550504,-0.019566216535706817
1994-05-27,388.8570761897017,0.007849374703828108
1994-05-31,394.8407733155323,0.015387908545893536
1994-06-01,395.94462249873516,0.002795681848998646
1994-06-02,400.33920058483335,0.011098971513654795
1994-06-03,406.9425549332091,0.01649439859681305
1994-06-06,406.74578763913706,-0.00048352597113945537
1994-06-07,397.70164527449055,-0.022235368231201976
1994-06-08,369.38967213707065,-0.07118897664574453
1994-06-09,367.2199503361732,-0.005873802016024721
1994-06-10,380.0532799017887,0.034947255871766114
1994-06-13,371.4103016037621,-0.022741491141084407
1994-06-14,387.81019336811124,0.04415572668160741
1994-06-15,388.9605912348448,0.0029663940927968043
1994-06-16,388.9393531843817,-5.460206237273471e-05
1994-06-17,370.75800135015146,-0.04674598156595151
1994-06-20,358.2297985076236,-0.03379078211907809
1994-06-21,338.1396894124184,-0.056081624641222086
1994-06-22,344.3904288840379,0.01848567224534126
1994-06-23,316.6124748358945,-0.0806583218301247
1994-06-24,311.89634399200844,-0.014895593884386644
1994-06-27,336.7008434837532,0.07952802259323791
1994-06-28,339.11816046182696,0.007179420618797459
1994-06-29,340.9565729804434,0.005421156201463186
1994-06-30,334.0313979205443,-0.020311017908712863
1994-07-01,333.2091625258977,-0.002461551218733569
1994-07-05,324.2619859876548,-0.026851532144010398
1994-07-06,315.22562965724984,-0.027867455085373364
1994-07-07,330.1610317327948,0.04738003725072898
1994-07-08,330.31114637644504,0.00045467099149270625
1994-07-11,328.66555975970357,-0.004981928811042931
1994-07-12,335.5206677259387,0.020857396714298707
1994-07-13,357.2624065646145,0.06479999871851388
1994-07-14,352.48253522418145,-0.013379161234442773
1994-07-15,351.60167623742575,-0.002499014557403419
1994-07-18,354.0764696785333,0.007038628107780643
1994-07-19,344.0185180772626,-0.028406156473493663
1994-07-20,329.2588481637629,-0.042903707614323466
1994-07-21,336.5516367003774,0.02214910419958483
1994-07-22,344.4241402827605,0.02339166631179313
1994-07-25,347.17555344431713,0.00798844459420829
1994-07-26,341.1272804971791,-0.01742136762549488
1994-07-27,334.8693705784713,-0.018344794674841368
1994-07-28,335.71418509501075,0.002522818121824954
1994-07-29,357.9468467078294,0.06622496933374017
1994-08-01,367.63914160584955,0.027077469705806264
1994-08-02,365.1988443636581,-0.006637751441623423
1994-08-03,358.36122590704827,-0.018723001351562532
1994-08-04,349.7822725418755,-0.02393940176830951
1994-08-05,348.56562955699263,-0.0034782865810823412
1994-08-08,353.29822649839065,0.013577348252645872
1994-08-09,358.3083876166945,0.014181110298686081
1994-08-10,367.7150142515679,0.0262528786932453
1994-08-11,369.2886119913457,0.0042793948541390795
1994-08-12,376.51687729836857,0.01957348554033462
1994-08-15,376.63538015564706,0.0003147345163616427
1994-08-16,386.89279306142396,0.027234331786721525
1994-08-17,406.2397564453664,0.05000600613635851
1994-08-18,402.1526065004051,-0.010060930472990295
1994-08-19,397.3426859714332,-0.011960436041503264
1994-08-22,393.0229941408035,-0.01087145172955371
1994-08-23,405.0436589423119,0.030585143822913025
1994-08-24,410.29858581028765,0.01297372950288352
1994-08-25,419.87591360936415,0.02334233685003458
1994-08-26,444.7864487291539,0.059328326089611125
1994-08-29,441.7611569457777,-0.006801672559989354
1994-08-30,452.64327080321885,0.024633478263859275
1994-08-31,439.5670009102914,-0.028888687265191174
1994-09-01,418.62717162777506,-0.047637400530868984
1994-09-02,417.89643227051727,-0.00174556122197327
1994-09-06,424.8425325232139,0.01662158304381084
1994-09-07,435.6294870268652,0.025390476889368244
1994-09-08,447.7150479131126,0.027742752146394645
1994-09-09,427.81166466449844,-0.044455470820977984
1994-09-12,417.2336021821122,-0.0247259795748717
1994-09-13,433.18749357723715,0.038237311931941444
1994-09-14,436.698657435396,0.008105413730123795
1994-09-15,467.26734587553983,0.06999950176092777
1994-09-16,458.1115169256101,-0.019594412129899725
1994-09-19,455.81345955732434,-0.005016371087345725
1994-09-20,431.91429136832664,-0.05243190539438658
1994-09-21,421.56979163814054,-0.023950352967979326
1994-09-22,420.96585238656945,-0.0014325961289215737
1994-09-23,410.12589528668974,-0.025750205244499225
1994-09-26,405.7641455292835,-0.010635148395975458
1994-09-27,407.0234846371062,0.0031036234268062538
1994-09-28,415.2165479761896,0.020129215262328415
1994-09-29,412.7444898731504,-0.005953659879617568
1994-09-30,420.9804990583514,0.019954255931392665
1994-10-03,417.0874348312387,-0.009247611791569316
1994-10-04,385.10512090969195,-0.07668011848519808
1994-10-05,397.9432867852036,0.033336783071555895
1994-10-06,385.0868227044338,-0.032307277211863716
1994-10-07,398.61368546879896,0.03512678691357708
1994-10-10,415.30695430960384,0.041878313387992125
1994-10-11,438.81422241477236,0.05660215380752873
1994-10-12,437.27353080809144,-0.003511033890840083
1994-10-13,437.21301367227215,-0.00013839652198348326
1994-10-14,433.6426412047146,-0.008166208131750239
1994-10-17,427.00388415967626,-0.015309280993665844
1994-10-18,430.6248926180376,0.008480036347883246
1994-10-19,449.132086909373,0.04297753011633523
1994-10-20,446.56657748466347,-0.005712149052550785
1994-10-21,438.2600025359522,-0.018600977698552835
1994-10-24,432.3003552832056,-0.013598428371883386
1994-10-25,431.19994375427353,-0.00254547912229015
1994-10-26,448.4758108009276,0.040064631957603014
1994-10-27,454.34378047620686,0.013084250106599329
1994-10-28,475.14828399253764,0.045790224077734996
1994-10-31,479.03206462143805,0.00817382859150009
1994-11-01,468.5269279126635,-0.021929923870704627
1994-11-02,464.4850268917005,-0.008626827574180424
1994-11-03,461.8641737604316,-0.005642492178504697
1994-11-04,438.9875281419103,-0.04953111091571126
1994-11-07,434.5403060944123,-0.010130634157926173
1994-11-08,458.0644755895052,0.05413575948000042
1994-11-09,460.934733695865,0.0062660569839344035
1994-11-10,453.3859051885274,-0.01637721776098244
1994-11-11,448.80127742945797,-0.01011197680960776
1994-11-14,473.09498870292606,0.05413021864066899
1994-11-15,471.65107478945595,-0.0030520592015333965
1994-11-16,474.7804289233749,0.00663489240497526
1994-11-17,468.6741711823968,-0.012861224618767108
1994-11-18,473.5348060125947,0.010371032007023556
1994-11-21,462.3815208536939,-0.02355325314482615
1994-11-22,423.81506264382244,-0.08340830346910555
1994-11-23,421.2962976856167,-0.005943075601167479
1994-11-25,433.8454138746199,0.029786913053690474
1994-11-28,442.16516377399984,0.019176761199518635
1994-11-29,459.4148991148337,0.039011972796777296
1994-11-30,444.8976667733702,-0.031599393858218895
1994-12-01,424.16347205930344,-0.04660441324505456
1994-12-02,435.18361013034183,0.025980874820587124
1994-12-05,437.080674954406,0.0043592285644579445
1994-12-06,428.0983873422202,-0.020550640023430013
1994-12-07,414.4249201470565,-0.03194001098685085
1994-12-08,384.64867256974594,-0.07184955858046531
1994-12-09,391.526698709742,0.01788132035929193
1994-12-12,392.03160456683173,0.0012895821887846982
1994-12-13,387.86511289523924,-0.010627948418077519
1994-12-14,400.1530211092259,0.03168088029950138
1994-12-15,406.351139792437,0.015489371206119613
1994-12-16,401.03149526573077,-0.01309125041318574
1994-12-19,395.894951169065,-0.012808330909925577
1994-12-20,396.3884506682923,0.0012465415327223824
1994-12-21,418.19294527529763,0.05500789584117288
1994-12-22,424.4112784907572,0.0148695316018926
1994-12-23,428.62001251063623,0.009916640374981755
1994-12-27,437.48575146592697,0.020684379395539163
1994-12-28,425.14585534473093,-0.0282063954765327
1994-12-29,444.3335809219983,0.045132100750950324
1994-12-30,437.54602314475306,-0.01527581544289533
1995-01-03,416.7221490958589,-0.04759241987671999
1995-01-04,421.772219709715,0.01211855579266177
1995-01-05,416.47714938776153,-0.01255433637994886
1995-01-06,427.5510958019552,0.02658956543107556
1995-01-09,433.3386422055764,0.013536502327904099
1995-01-10,446.2158682836619,0.02971631150304062
1995-01-11,444.529993980606,-0.0037781585615511894
1995-01-12,445.1090357055903,0.0013025931496752348
1995-01-13,455.32671575361303,0.02295545412109107
1995-01-16,465.4404819528275,0.022212108029890532
1995-01-17,476.22915788138135,0.02317949629840601
1995-01-18,484.19943786642915,0.016736228458806388
1995-01-19,479.090676608968,-0.010550944214169961
1995-01-20,452.45118801558647,-0.055604272623164815
1995-01-23,457.84353583260446,0.011918076380058512
1995-01-24,463.3999943373628,0.012136151479464959
1995-01-25,454.0762145533611,-0.020120370949365543
1995-01-26,439.4429124950557,-0.03222653287994639
1995-01-27,441.63793994995564,0.004995022999545265
1995-01-30,423.2886788304488,-0.04154819923665543
1995-01-31,434.597173536044,0.026715797684078686
1995-02-01,440.0234458378537,0.01248575147799422
1995-02-02,453.14685747913757,0.029824346328399455
1995-02-03,469.50157972580786,0.03609143918078101
1995-02-06,485.26545095579763,0.03357575759211713
1995-02-07,483.8657622507803,-0.00288437741087992
1995-02-08,501.27972221069575,0.03598923775658694
1995-02-09,503.8403775223404,0.005108236376193103
1995-02-10,519.0633758698832,0.03021393089295982
1995-02-13,511.3374097698044,-0.014884436967125766
1995-02-14,514.8952946276108,0.0069579983584776095
1995-02-15,524.3628338714021,0.018387309696893832
1995-02-16,518.2669848667095,-0.011625249943224565
1995-02-17,499.33713471353053,-0.03652528659151901
1995-02-21,495.7445345748072,-0.007194738562323102
1995-02-22,510.9553328298052,0.03068273514713394
1995-02-23,517.2924131720596,0.01240241550500708
1995-02-24,507.73056342981255,-0.018484419061190815
1995-02-27,494.1970201113493,-0.026654970752679752
1995-02-28,521.0909506747702,0.05441945108726325
1995-03-01,511.16575539269775,-0.019046953836408188
1995-03-02,517.7105951429826,0.012803752366503662
1995-03-03,535.5350247489338,0.034429331315941794
1995-03-06,537.0834280701429,0.0028913203612312734
1995-03-07,518.0448525536199,-0.035448078494867585
1995-03-08,535.4668423430046,0.033630272945490695
1995-03-09,535.3329853659732,-0.0002499818223024893
1995-03-10,552.581374781159,0.03221992645081295
1995-03-13,548.5257330161984,-0.007339447093320353
1995-03-14,568.6957584525579,0.03677133855771895
1995-03-15,558.1924726001621,-0.018469077175774402
1995-03-16,562.2051175696242,0.007188640417830391
1995-03-17,559.2192550790467,-0.0053109841893386155
1995-03-20,568.7746839087642,0.017087088369957544
1995-03-21,570.5801740062249,0.003174350315757581
1995-03-22,570.3983699672197,-0.0003186301369863014
1995-03-23,576.6843619544044,0.011020354051057429
1995-03-24,601.9799830578197,0.043863892923483465
1995-03-27,608.1059998859703,0.010176446062264189
1995-03-28,621.5611004659391,0.022126242106625983
1995-03-29,586.2590348593853,-0.05679580910081148
1995-03-30,572.6440787107624,-0.02322344789430581
1995-03-31,567.5961473115761,-0.008815128955058902
1995-04-03,572.1564311891304,0.008034381309940337
1995-04-04,546.5996652394164,-0.04466744504924741
1995-04-05,556.8166603715015,0.018691916189904647
1995-04-06,538.8325290098494,-0.03229812008436188
1995-04-07,553.6896530817255,0.027572804669341956
1995-04-10,573.1750684002161,0.03519194409727305
1995-04-11,588.1840769137425,0.02618573162195956
1995-04-12,602.2040085937314,0.023835959234994604
1995-04-13,609.7212040286992,0.01248280537441456
1995-04-17,601.4908171098926,-0.013498607009932901
1995-04-18,586.9679274129683,-0.024144823634557708
1995-04-19,562.0428890544191,-0.04246405500962378
1995-04-20,569.2184129127808,0.012766861743298146
1995-04-21,577.8983970986632,0.015248951876777205
1995-04-24,596.8209632404615,0.03274375952035707
1995-04-25,607.1834704147044,0.01736284047058144
1995-04-26,622.58288761872,0.02536204945351653
1995-04-27,631.7024834341581,0.014648002694579703
1995-04-28,648.6872473950413,0.026887283818401338
1995-05-01,633.5202003196762,-0.02338113958039406
1995-05-02,630.5860691828443,-0.004631472106732139
1995-05-03,669.2056596221978,0.06124396387221056
1995-05-04,665.4838669692876,-0.005561508034781665
1995-05-05,649.2698914957363,-0.02436419014542341
1995-05-08,675.4870379886506,0.0403794274712437
1995-05-09,671.9565684224577,-0.005226554127086386
1995-05-10,658.5291991946548,-0.019982495683204815
1995-05-11,686.26870587363,0.042123427044539655
1995-05-12,701.5907913753823,0.02232665626541588
1995-05-15,714.6415261746873,0.018601633544420827
1995-05-16,735.1327521149856,0.02867343302870054
1995-05-17,751.2916895957038,0.021980978856170938
1995-05-18,720.6628762664824,-0.04076820461797449
1995-05-19,728.6289789143652,0.011053854597246043
1995-05-22,751.2250564878508,0.031011774479726195
1995-05-23,787.5386669657693,0.04833918965335503
1995-05-24,774.9843983783428,-0.01594114564024599
1995-05-25,780.1259679031289,0.006634416816060801
1995-05-26,753.7519003838698,-0.03380744726412433
1995-05-30,689.0643509022702,-0.0858207447950122
1995-05-31,714.6589789692607,0.0371440316618855
1995-06-01,726.9938035274333,0.017259734952134516
1995-06-02,734.2696132903128,0.010008076723043016
1995-06-05,770.0539192267204,0.04873455919829731
1995-06-06,743.561436373707,-0.03440341278908988
1995-06-07,752.4703570014999,0.011981418336110964
1995-06-08,769.0766096862044,0.022068979236442462
1995-06-09,766.7586173137399,-0.003013994110951014
1995-06-12,771.9095615021524,0.0067178171488418955
1995-06-13,788.4191643214828,0.021388001448255554
1995-06-14,791.7720986153396,0.004252730584932375
1995-06-15,819.2112665879049,0.03465538634229624
1995-06-16,845.7351326968361,0.03237732095580872
1995-06-19,908.4585571429118,0.07416438317522223
1995-06-20,954.5055669930464,0.05068696803842309
1995-06-21,932.8132902181353,-0.022726191994089293
1995-06-22,987.5944145139368,0.05872678366641953
1995-06-23,979.6836917889696,-0.008010092613637096
1995-06-26,934.6609157996468,-0.045956441213294084
1995-06-27,889.1535932751661,-0.04868859043447541
1995-06-28,903.0707307482689,0.015652118574744214
1995-06-29,931.1693411551863,0.031114517889019873
1995-06-30,940.3543467285679,0.009863947584428458
1995-07-03,944.3841910928621,0.004285453008553324
1995-07-05,967.0165681113712,0.02396522223896852
1995-07-06,1022.6590555271667,0.057540366164013076
1995-07-07,1098.1643706260095,0.07383234391829711
1995-07-10,1131.942608818593,0.030758818166107843
1995-07-11,1074.8624479765583,-0.05042672693592588
1995-07-12,1164.4571233848112,0.08335454976301025
1995-07-13,1185.4183698569898,0.018000874442889652
1995-07-14,1225.2828951127442,0.03362907667827314
1995-07-17,1268.1084237446414,0.03495154368245439
1995-07-18,1150.1795165389433,-0.09299591817035786
1995-07-19,1021.9247319112982,-0.11150849305122586
1995-07-20,984.7237463242673,-0.03640286258407137
1995-07-21,970.7215845935582,-0.014219380595802293
1995-07-24,1048.793951760882,0.08042714657469235
1995-07-25,1104.7729858369757,0.05337467286315615
1995-07-26,1128.321614942478,0.02131535564988661
1995-07-27,1171.444847654705,0.03821891927012816
1995-07-28,1110.4993198510106,-0.05202594721015729
1995-07-31,1078.6862294573195,-0.028647555045742186
1995-08-01,1023.334990748303,-0.05131356755788329
1995-08-02,981.011217832453,-0.04135866876290549
1995-08-03,988.7023919559499,0.007840047069482624
1995-08-04,1028.7177524256003,0.04047260408714904
1995-08-07,1044.6356391824168,0.015473521983346651
1995-08-08,1055.7564339960131,0.010645620727912444
1995-08-09,1110.1758207766982,0.05154539913596259
1995-08-10,1076.6030412989967,-0.030240957197404425
1995-08-11,1109.6493418515465,0.030694972320231703
1995-08-14,1161.156454599374,0.04641746793800936
1995-08-15,1156.735444482831,-0.003807419834795873
1995-08-16,1229.9241965555036,0.06327181588647057
1995-08-17,1228.6043411038643,-0.0010731193477904726
1995-08-18,1223.5150477355694,-0.004142337120282694
1995-08-21,1119.8448872956646,-0.08473141432283421
1995-08-22,1179.6113743518702,0.05337032631415301
1995-08-23,1191.6672271929112,0.010220190397591807
1995-08-24,1141.9538087877988,-0.04171753428364165
1995-08-25,1123.6135160958167,-0.016060450563627083
1995-08-28,1040.8978344680627,-0.07361577663747192
1995-08-29,1044.813985075015,0.0037622814432633003
1995-08-30,1077.7156055983098,0.031490409769862386
1995-08-31,1099.61022151301,0.020315764011364555
1995-09-01,1078.8984655821716,-0.01883554329127629
1995-09-05,1202.5958791417688,0.1146515798341136
1995-09-06,1194.6984915548144,-0.0065669504809798985
1995-09-07,1224.6015371315218,0.025029784324738513
1995-09-08,1255.667458703772,0.02536818763515375
1995-09-11,1288.6293458296432,0.0262504908424544
1995-09-12,1264.3798993017815,-0.018818015130836196
1995-09-13,1274.6806203872125,0.008146856092159573
1995-09-14,1251.746790821376,-0.017991824147188903
1995-09-15,1157.4234249054853,-0.07535339144268721
1995-09-18,1168.8146576794852,0.009841888913670582
1995-09-19,1227.1073894141007,0.04987337500570644
1995-09-20,1240.007915610352,0.010512956166298479
1995-09-21,1188.1779436857582,-0.041798097634789796
1995-09-22,1174.5563187175928,-0.011464297111854099
1995-09-25,1145.4292506189556,-0.024798358013550882
1995-09-26,1103.2160686013908,-0.03685359178207994
1995-09-27,1076.9353544121611,-0.023821910265091856
1995-09-28,1184.356766486437,0.09974731689713275
1995-09-29,1122.1598859570363,-0.0525153250180827
1995-10-02,1056.5862379528378,-0.058435209478437035
1995-10-03,1052.3279078676403,-0.0040302721465008415
1995-10-04,973.9437885085588,-0.07448640178888084
1995-10-05,1045.5567501515486,0.07352884477311938
1995-10-06,1016.0338138901377,-0.028236569901281584
1995-10-09,904.99316238232,-0.10928834256280416
1995-10-10,923.7170571087195,0.02068954275534018
1995-10-11,991.7002429932103,0.07359741314865563
1995-10-12,1037.618966520894,0.046303027403814194
1995-10-13,1020.4503523101208,-0.01654616459868595
1995-10-16,1011.2038949584482,-0.00906115356885345
1995-10-17,1122.789018273395,0.11034878709553618
1995-10-18,1171.2340982000203,0.043147090983418554
1995-10-19,1190.1931159387352,0.016187214637834995
1995-10-20,1133.3387995587439,-0.04776898439304853
1995-10-23,1140.98891181885,0.006750066496518824
1995-10-24,1146.164232851121,0.004535820618993453
1995-10-25,1088.5130002015414,-0.05029927736112499
1995-10-26,1077.7715227913325,-0.009868028593338091
1995-10-27,1138.822620391727,0.05664567703763185
1995-10-30,1215.8454470010581,0.06763373437633097
1995-10-31,1165.4703919303033,-0.04143212050101224
1995-11-01,1177.5365872974207,0.010353068984560822
1995-11-02,1258.1707952514228,0.06847702977880851
1995-11-03,1300.8763105152916,0.03394254216124524
1995-11-06,1262.0320894231475,-0.029860041864208854
1995-11-07,1141.7848821009811,-0.09528062584932312
1995-11-08,1155.7261805561502,0.012210092000443928
1995-11-09,1260.927587990081,0.09102623891699561
1995-11-10,1240.0468583632874,-0.016559816618873156
1995-11-13,1206.7897641480724,-0.02681922379861538
1995-11-14,1107.3735753297503,-0.08238070273035869
1995-11-15,1117.1272384597557,0.008807924757551632
1995-11-16,1106.7196275887118,-0.0093164059676797
1995-11-17,1090.1505675193514,-0.014971325759768622
1995-11-20,993.907093113725,-0.0882845702907163
1995-11-21,1006.8907161878078,0.013063216033007235
1995-11-22,979.3206101684798,-0.02738142836762994
1995-11-24,1026.6093035772574,0.04828724415453904
1995-11-27,1002.1426388720107,-0.023832498517198087
1995-11-28,1128.0188070441252,0.12560703765064607
1995-11-29,1136.6005386741526,0.007607791267696177
1995-11-30,1102.9126596990106,-0.029639154504043305
1995-12-01,1065.2228559837135,-0.034172972251114396
1995-12-04,1123.9784619176037,0.05515804097127689
1995-12-05,1085.4464111793125,-0.034281840839327345
1995-12-06,1078.2158842294768,-0.006661339404107388
1995-12-07,1062.2468095772726,-0.014810646815517893
1995-12-08,1128.3971476179097,0.06227398138005421
1995-12-11,1108.8501462512636,-0.017322802887184248
1995-12-12,1046.7214672934451,-0.056029824379659886
1995-12-13,1059.806538769553,0.012501006127200764
1995-12-14,944.4763977462959,-0.10882188097948213
1995-12-15,929.1149391008024,-0.016264523583806787
1995-12-18,852.8129187148679,-0.08212333821666837
1995-12-19,978.4464004029304,0.14731657897183803
1995-12-20,927.8008271344038,-0.051761213744227985
1995-12-21,1004.3855216292877,0.08254432660016321
1995-12-22,1026.997775999471,0.022513520837598514
1995-12-26,1025.214993058704,-0.0017359170413314363
1995-12-27,1000.0766854960918,-0.024520035049051248
1995-12-28,956.2824295410811,-0.04379089782828651
1995-12-29,977.3952721887603,0.022078040958894433
1996-01-02,1025.5767026104586,0.04929574737332388
1996-01-03,953.5927099729614,-0.0701887947086476
1996-01-04,909.2659329471006,-0.04648397220561559
1996-01-05,917.0281932702533,0.008536842789208653
1996-01-08,906.5126008971606,-0.011467032802549484
1996-01-09,767.4980758700946,-0.15335090200564844
1996-01-10,771.015294185848,0.00458270636283493
1996-01-11,856.8164065400612,0.1112832819286869
1996-01-12,845.0302938002881,-0.013755703847183559
1996-01-15,760.4687827711165,-0.10006920657113923
1996-01-16,809.8003373755254,0.06486992723704813
1996-01-17,807.1540279566331,-0.0032678541817712206
1996-01-18,846.0176721922896,0.048148981346277486
1996-01-19,893.0149034787893,0.05555112243071178
1996-01-22,923.5706975687136,0.034216443612410594
1996-01-23,904.3765957031882,-0.020782493333811505
1996-01-24,974.8316928565677,0.0779046002385742
1996-01-25,924.9040497830679,-0.05121668021194081
1996-01-26,947.8507996235695,0.024809870651862555
1996-01-29,942.95387935108,-0.0051663408148564655
1996-01-30,980.7658033795075,0.04009944161261498
1996-01-31,1019.9201305606834,0.03992219859854272
1996-02-01,1071.6241066323093,0.05069414214150523
1996-02-02,1068.8444114962658,-0.0025939087398648164
1996-02-05,1142.787982309007,0.06918085552716528
1996-02-06,1163.221185090284,0.01788013445852976
1996-02-07,1139.5952522298562,-0.02031078281865546
1996-02-08,1187.7766858158159,0.042279426394311925
1996-02-09,1182.906341090744,-0.004100387541894471
1996-02-12,1194.8249248550965,0.010075678310560363
1996-02-13,1155.7707981819913,-0.032686066268530094
1996-02-14,1150.0974460677703,-0.004908717302033491
1996-02-15,1164.5000576653647,0.012522948943880768
1996-02-16,1157.4466550244742,-0.0060570221482267855
1996-02-20,1143.6562529158919,-0.011914503401706059
1996-02-21,1201.4375218370938,0.05052328335011632
1996-02-22,1293.7577723078512,0.07684149095792536
1996-02-23,1288.4217053033349,-0.004124471457278684
1996-02-26,1259.1672245006646,-0.02270567212757627
1996-02-27,1218.4028439095907,-0.03237408010460195
1996-02-28,1220.0052053820755,0.0013151327416006007
1996-02-29,1169.7317282430326,-0.041207592326049494
1996-03-01,1067.568190175326,-0.08733928951483509
1996-03-04,1049.3394812991687,-0.017074983166333924
1996-03-05,1124.2828929403224,0.07141960535818921
1996-03-06,1079.9135561718283,-0.03946456630008454
1996-03-07,1088.7025709673328,0.008138628083029809
1996-03-08,992.7839876516117,-0.08810357013348068
1996-03-11,1061.1980491080712,0.0689113264389871
1996-03-12,1026.9120600195622,-0.03230875623765618
1996-03-13,1107.501632268519,0.07847757893448197
1996-03-14,1084.5227130494973,-0.020748429211750567
1996-03-15,1143.612583359227,0.054484677544077154
1996-03-18,1206.3169777548874,0.054830101826506314
1996-03-19,1183.8375085394732,-0.018634794693225067
1996-03-20,1103.7485097535875,-0.0676520199843078
1996-03-21,1083.2341896213718,-0.018586045599097205
1996-03-22,1090.1885256318974,0.0064199746252066574
1996-03-25,1008.8377758463444,-0.07462080903704278
1996-03-26,1030.10062524277,0.021076579312851215
1996-03-27,1060.4840734623617,0.029495611860667605
1996-03-28,1060.2694119483185,-0.000202418423260535
1996-03-29,1068.371928148585,0.007641940915165817
1996-04-01,1084.754857699529,0.015334481484677958
1996-04-02,1099.3991687281728,0.013500111038636157
1996-04-03,1113.8503450695407,0.013144612759790961
1996-04-04,1110.4357995665146,-0.003065533460702968
1996-04-08,1069.2628855496966,-0.03707815799246638
1996-04-09,1071.304975521303,0.0019098109540729138
1996-04-10,1060.7262450583476,-0.0098746208639682
1996-04-11,1034.0763515525675,-0.0251241954556467
1996-04-12,1038.7978332360547,0.004565892718074666
1996-04-15,1068.917856210441,0.02899507681928511
1996-04-16,1146.5765684235914,0.07265171197389132
1996-04-17,1117.4909098007874,-0.025367393180547253
1996-04-18,1185.9095407821249,0.06122522374122433
1996-04-19,1183.1373681125033,-0.0023375920121135327
1996-04-22,1245.3178534071342,0.05255559241935667
1996-04-23,1304.0881985647927,0.047193047941025995
1996-04-24,1360.6020831844783,0.04333593746334162
1996-04-25,1376.6054555565474,0.01176197844311201
1996-04-26,1376.0051314133043,-0.0004360901962287395
1996-04-29,1376.929477566331,0.0006717606874599115
1996-04-30,1374.8427606334833,-0.0015154856997729824
1996-05-01,1415.4433426273479,0.02953107304806041
1996-05-02,1310.14537291578,-0.07439221800013111
1996-05-03,1335.7251833148846,0.019524406167367378
1996-05-06,1345.7933218674755,0.00753758233980781
1996-05-07,1332.537779346957,-0.009849612347700215
1996-05-08,1348.5306359380218,0.01200180350526542
1996-05-09,1342.0884990915404,-0.004777152757823964
1996-05-10,1402.4545554640995,0.04497919206775185
1996-05-13,1501.1575215324706,0.070378726842745
1996-05-14,1545.9024711868392,0.029806964967067896
1996-05-15,1510.292254353098,-0.023035228610768635
1996-05-16,1543.2531917593294,0.021824211381094315
1996-05-17,1513.221995544818,-0.019459668947955033
1996-05-20,1528.021053108625,0.009779832441887692
1996-05-21,1491.788793271091,-0.023711885228166592
1996-05-22,1495.0481699148854,0.0021848780862922215
1996-05-23,1518.4430441273419,0.015648241095661992
1996-05-24,1497.0551250147053,-0.014085427303549903
1996-05-28,1470.2182564697118,-0.017926439779383456
1996-05-29,1418.3983160930406,-0.03524642694962933
1996-05-30,1461.648755911284,0.030492450059709575
1996-05-31,1514.7352139617399,0.03631957256198558
1996-06-03,1492.7589388473903,-0.014508327866011209
1996-06-04,1514.0105237210576,0.014236447909048343
1996-06-05,1557.8870031072197,0.028980300135777626
1996-06-06,1474.951391386131,-0.05323596098797452
1996-06-07,1503.168595982493,0.01913093866086235
1996-06-10,1484.723919743115,-0.012270530590297672
1996-06-11,1497.8558833069585,0.00884471745165637
1996-06-12,1537.8570138680157,0.026705593646795204
1996-06-13,1502.188000457229,-0.023193972579461066
1996-06-14,1431.9720279825763,-0.04674246662420462
1996-06-17,1413.7126129498956,-0.012751237228010186
1996-06-18,1335.9582661546033,-0.055000108284418495
1996-06-19,1345.4843946338162,0.007130558431763539
1996-06-20,1325.3117087344092,-0.014992879872751792
1996-06-21,1373.261761262383,0.03618020742740069
1996-06-24,1400.445042146514,0.019794682740705272
1996-06-25,1343.378533069592,-0.04074883866163995
1996-06-26,1292.6003727342422,-0.03779884752164599
1996-06-27,1359.5755492915412,0.05181429463433153
1996-06-28,1396.54109782839,0.02718903598708511
1996-07-01,1455.7146232725734,0.04237148877050433
1996-07-02,1411.4186430287139,-0.030429027458883567
1996-07-03,1371.5875852019662,-0.028220583611730948
1996-07-05,1272.081582807085,-0.0725480483116425
1996-07-08,1261.1841941740743,-0.00856657999006919
1996-07-09,1288.258287238303,0.021467199786751927
1996-07-10,1268.5102638083838,-0.01532924229989155
1996-07-11,1142.695436326624,-0.09918313715809622
1996-07-12,1138.469183525241,-0.0036984945130865026
1996-07-15,985.9401346244869,-0.1339773189366899
1996-07-16,1021.5139570102799,0.0360811180481479
1996-07-17,1106.2701860092313,0.08297119037610819
1996-07-18,1171.335485494991,0.05881501671890539
1996-07-19,1112.6289211150022,-0.050119342500052455
1996-07-22,1064.0640957245314,-0.04364871743743849
1996-07-23,932.3278844454275,-0.12380477060397709
1996-07-24,963.4135479859926,0.03334198628957198
1996-07-25,1036.4005414648184,0.07575873686996033
1996-07-26,1101.2404432287594,0.06256258962610951
1996-07-29,1033.0644681176059,-0.06190834665612746
1996-07-30,1081.7503533910003,0.04712763508564683
1996-07-31,1110.7200492241066,0.02678038952545196
1996-08-01,1189.2874161723894,0.07073552602491157
1996-08-02,1280.8288953689166,0.07697170419169579
1996-08-05,1240.4323727809829,-0.03153935918684776
1996-08-06,1300.1270249090892,0.04812406821846648
1996-08-07,1361.752374065352,0.04739948326246952
1996-08-08,1332.3060644785392,-0.02162383568967409
1996-08-09,1336.5653921047854,0.00319695882185544
1996-08-12,1341.7423086898316,0.003873298392751115
1996-08-13,1280.3724751498687,-0.045738912116357514
1996-08-14,1326.3145946765808,0.03588183940094038
1996-08-15,1325.445183430938,-0.000655509069365911
1996-08-16,1296.7984916829673,-0.021612883057010465
1996-08-19,1283.8797796369115,-0.009962004219553209
1996-08-20,1241.0835171865874,-0.03333354347431733
1996-08-21,1266.266566351137,0.020291180098529774
1996-08-22,1346.7653236447563,0.0635717308130339
1996-08-23,1322.2945644202628,-0.018170024721358372
1996-08-26,1293.8763949020681,-0.02149155739035654
1996-08-27,1328.8467223606706,0.02702756429933127
1996-08-28,1332.086487790318,0.0024380279343972798
1996-08-29,1281.2963295465738,-0.038128273733934084
1996-08-30,1237.7806281133667,-0.033962246226527895
1996-09-03,1268.2990361935538,0.024655748673901353
1996-09-04,1267.4055125878697,-0.0007045054677055218
1996-09-05,1171.116232214873,-0.07597353760627645
1996-09-06,1234.856163257936,0.054426648089844154
1996-09-09,1277.0207588778323,0.03414534977794732
1996-09-10,1274.754875780445,-0.0017743510288575663
1996-09-11,1294.1286653991053,0.0151980510031776
1996-09-12,1354.293468755219,0.046490588582673215
1996-09-13,1485.4930422928321,0.09687676752824011
1996-09-16,1492.713389547867,0.004860572920550709
1996-09-17,1576.116206409614,0.055873295868947265
1996-09-18,1609.2145603196316,0.020999945166108855
1996-09-19,1669.3053115034575,0.03734166509896
1996-09-20,1714.072145725134,0.0268176431915605
1996-09-23,1643.2849561798569,-0.04129767216731178
1996-09-24,1664.165583435829,0.012706638113765267
1996-09-25,1725.6140667156774,0.03692450071764009
1996-09-26,1717.3194797975566,-0.004806745075918221
1996-09-27,1717.6326873997716,0.00018238167440572732
1996-09-30,1666.609268865028,-0.029705663445416256
1996-10-01,1645.229092620185,-0.012828547545162258
1996-10-02,1732.4270123847673,0.05300047279477117
1996-10-03,1702.2185605675195,-0.01743707042276164
1996-10-04,1810.5336985169913,0.06363174533437096
1996-10-07,1850.6842320570775,0.022176076354156533
1996-10-08,1765.0636576026702,-0.04626428051382818
1996-10-09,1769.664025907278,0.0026063469636308486
1996-10-10,1751.316491847809,-0.010367806425890792
1996-10-11,1850.0733340598747,0.05639006009009123
1996-10-14,1894.4341454739968,0.02397786649720247
1996-10-15,1916.611972803819,0.011706834667653805
1996-10-16,1860.8421670511404,-0.029098120299797928
1996-10-17,1773.9593993630485,-0.046690025208196144
1996-10-18,1780.8894363448144,0.003906536409037274
1996-10-21,1704.8054845012352,-0.04272244547631075
1996-10-22,1638.2271978884357,-0.039053303862568126
1996-10-23,1724.8670594477896,0.05288635280321721
1996-10-24,1715.4438386523618,-0.005463157722105544
1996-10-25,1681.5082540328228,-0.01978239325293124
1996-10-28,1667.0312201974882,-0.008609552644546251
1996-10-29,1596.1967733253687,-0.04249137389504203
1996-10-30,1629.442787542636,0.020828268026131906
1996-10-31,1732.7119820154405,0.06337699934131764
1996-11-01,1756.5222984836669,0.013741647033877325
1996-11-04,1759.9575593928005,0.0019557172215230356
1996-11-05,1854.7995074788491,0.05388876997623156
1996-11-06,1977.1812253115943,0.06598110326171779
1996-11-07,2040.808495067918,0.03218079806836948
1996-11-08,2065.132618808674,0.011918866370627614
1996-11-11,2110.276107159267,0.0218598495512773
1996-11-12,2026.0132388200448,-0.039929783620898975
1996-11-13,2060.6885951970226,0.017115068999831937
1996-11-14,2145.5969044111125,0.041203852640321774
1996-11-15,2062.9955704486833,-0.0384980672709817
1996-11-18,2013.5209473576926,-0.02398193374706591
1996-11-19,2108.0206793575176,0.04693257953131071
1996-11-20,2127.870222972445,0.009416199665070192
1996-11-21,2064.6876982690687,-0.029692846876308063
1996-11-22,2203.6601467178443,0.06730918606493534
1996-11-25,2223.7194211219776,0.009102707799117654
1996-11-26,2257.7362587435478,0.015297270554217158
1996-11-27,2313.3419329631274,0.024628950349818574
1996-11-29,2325.6226489774385,0.0053086471305090486
1996-12-02,2412.3630297710424,0.03729770211506292
1996-12-03,2354.0573435284145,-0.024169532331193844
1996-12-04,2325.872236534681,-0.011972990832707395
1996-12-05,2334.7858539908225,0.0038323762226173635
1996-12-06,2262.095032795217,-0.03113382800026646
1996-12-09,2501.490265449627,0.10582899002195988
1996-12-10,2433.4575555085553,-0.027196871753104087
1996-12-11,2496.530886318763,0.025919223726516283
1996-12-12,2381.998399784337,-0.04587665514657769
1996-12-13,2254.861893035049,-0.05337388419773868
1996-12-16,2058.244791511429,-0.08719695965901178
1996-12-17,2143.3447660777674,0.041345895744425515
1996-12-18,2306.2503483604028,0.07600530948679135
1996-12-19,2364.939404246824,0.025447825266734492
1996-12-20,2282.9125744618314,-0.03468453764087716
1996-12-23,2204.8126870950337,-0.034210634362644814
1996-12-24,2289.2361744718633,0.038290548612572875
1996-12-26,2350.1717666398363,0.026618307384571653
1996-12-27,2284.31015223146,-0.028024170549262588
1996-12-30,2210.8612365837266,-0.03215365285488211
1996-12-31,2169.0273029103287,-0.0189220078497738
1997-01-02,2122.071306282633,-0.021648411970052968
1997-01-03,2374.9400552987718,0.11916128749655693
1997-01-06,2416.087962022469,0.01732587171280031
1997-01-07,2511.419610138211,0.0394570270678148
1997-01-08,2410.773480933986,-0.040075393533574484
1997-01-09,2442.7527338917457,0.013265142167305784
1997-01-10,2515.797774226121,0.029902756558581826
1997-01-13,2502.914768538899,-0.005120843105596911
1997-01-14,2649.9063894863793,0.05872817676220274
1997-01-15,2492.5067284259108,-0.059398196738178685
1997-01-16,2574.9046192124547,0.0330582420688512
1997-01-17,2660.849756965964,0.03337798888247592
1997-01-20,2805.7560198333495,0.05445864145017155
1997-01-21,2935.673485486738,0.04630390694523219
1997-01-22,3048.4045935262516,0.038400424501167686
1997-01-23,2921.1812508403364,-0.041734401974099326
1997-01-24,2782.306967364125,-0.047540454203675774
1997-01-27,2700.2878032282865,-0.0294788336074725
1997-01-28,2708.2841202414565,0.0029612832393681133
1997-01-29,2722.679138105286,0.005315180101024932
1997-01-30,2898.0189704342597,0.06439974137055066
1997-01-31,2990.957499338246,0.0320696758206727
1997-02-03,2953.7165311717004,-0.012451186008087804
1997-02-04,2936.2978282122936,-0.005897215516648474
1997-02-05,2657.4627361159683,-0.09496144751300262
1997-02-06,2639.8412298198446,-0.006630951417169683
1997-02-07,2767.0943181909515,0.04820482646215475
1997-02-10,2508.250386123649,-0.09354358843703142
1997-02-11,2504.4551858515174,-0.001513086689083227
1997-02-12,2751.8254221301645,0.09877207533044392
1997-02-13,2817.073811066716,0.02371094779916801
1997-02-14,2743.581427089427,-0.026088199637715668
1997-02-18,2718.421986665337,-0.009170291129569564
1997-02-19,2718.672243785973,9.205970296869528e-05
1997-02-20,2559.736266507692,-0.058460882013842766
1997-02-21,2419.799073465725,-0.05466859803994055
1997-02-24,2551.606274682064,0.054470308159742985
1997-02-25,2566.2967609338652,0.005757348379946181
1997-02-26,2554.1566136645934,-0.004730609278739107
1997-02-27,2272.7911083860067,-0.11015984837159039
1997-02-28,2287.9194281971613,0.006656273757555218
1997-03-03,2331.155253444887,0.018897442241571784
1997-03-04,2379.1231027148665,0.020576857418266873
1997-03-05,2461.4325106307456,0.034596531731356885
1997-03-06,2286.578970458917,-0.07103730832214539
1997-03-07,2201.4457838747976,-0.03723168440013822
1997-03-10,2307.850248395206,0.048333901883844864
1997-03-11,2255.7878727500993,-0.022558818832075073
1997-03-12,2181.8740085171585,-0.03276631864450544
1997-03-13,2190.4022098817786,0.003908658947001275
1997-03-14,2177.8416043485345,-0.005734383154188978
1997-03-17,2123.334983247869,-0.0250278169871635
1997-03-18,2086.934381080772,-0.017143127417143748
1997-03-19,1966.9848836493816,-0.05747641062354401
1997-03-20,2038.5579353598341,0.03638718950277945
1997-03-21,1970.9460036330681,-0.03316654903645483
1997-03-24,1893.7467967631308,-0.03916860569880413
1997-03-25,1927.289919238833,0.017712569881588994
1997-03-26,2121.4551923871104,0.10074523361018849
1997-03-27,2001.5029988976837,-0.05654241198205734
1997-03-31,1840.03113886383,-0.08067530257150922
1997-04-01,1837.5925902010233,-0.0013252757582746049
1997-04-02,1747.9805967299249,-0.048765974541340296
1997-04-03,1886.2451138443312,0.07909957202789773
1997-04-04,2010.3460664452844,0.06579259062891611
1997-04-07,2081.156824769669,0.03522316854112243
1997-04-08,2140.8997406705207,0.028706590099217427
1997-04-09,2051.3524085996514,-0.04182696198693708
1997-04-10,1937.2508681534994,-0.05562259315747853
1997-04-11,1768.8976127105764,-0.08690317718292716
1997-04-14,1880.2474534165056,0.06294872009878621
1997-04-15,1818.2103312111199,-0.03299412643408237
1997-04-16,1822.0914246680559,0.002134567926665894
1997-04-17,1887.0291622053917,0.03563912142836947
1997-04-18,1943.9520284585415,0.030165334692879683
1997-04-21,1842.6461071441029,-0.05211338542894465
1997-04-22,1949.3978737692155,0.05793394955831535
1997-04-23,2090.982711065203,0.07263003576700802
1997-04-24,2088.689616493212,-0.0010966587910347261
1997-04-25,1944.5846203034203,-0.0689930160287461
1997-04-28,2019.893319297897,0.03872739617920369
1997-04-29,2215.58638325044,0.0968828710323002
1997-04-30,2358.3535587143483,0.06443764799387211
1997-05-01,2417.3155504353313,0.02500133684498343
1997-05-02,2641.5784537085465,0.09277353270359266
1997-05-05,2841.9769578510422,0.07586316577542997
1997-05-06,2677.758956517754,-0.05778301645959209
1997-05-07,2627.67282977813,-0.018704494150869142
1997-05-08,2714.0751535403474,0.03288169013397045
1997-05-09,2711.376527281324,-0.0009943078604524485
1997-05-12,2757.536194640743,0.017024440130306445
1997-05-13,2630.801926608162,-0.045959240092256354
1997-05-14,2624.3549969265528,-0.0024505568497591667
1997-05-15,2812.773710336261,0.07179619892521037
1997-05-16,2662.479900652896,-0.05343259897910444
1997-05-19,2645.0015700136646,-0.0065646807831095545
1997-05-20,2892.0743387655384,0.09341119927977855
1997-05-21,2968.7233163894093,0.026503114597181392
1997-05-22,2926.3918359947456,-0.014259153138645375
1997-05-23,3045.8391177966796,0.04081725500075806
1997-05-27,3285.307911281265,0.07862161598929558
1997-05-28,3264.172561782686,-0.0064332933378948316
1997-05-29,3142.974745512928,-0.03712972092491563
1997-05-30,3028.4335437689815,-0.03644356414491448
1997-06-02,3024.1097796524828,-0.0014277229643671755
1997-06-03,2749.8763587872704,-0.09068236302477287
1997-06-04,2679.378338923034,-0.025636796228659182
1997-06-05,2753.9655769418464,0.027837516238484107
1997-06-06,2880.6904396832815,0.04601541275695881
1997-06-09,2965.6311082645366,0.02948621879364243
1997-06-10,2839.6346654420245,-0.042485541263506774
1997-06-11,2909.9033555497454,0.024745679774543363
1997-06-12,2917.926961775809,0.00275734457323507
1997-06-13,3049.9947258624215,0.045260819004954725
1997-06-16,3155.9914743607665,0.034753092390470704
1997-06-17,3285.9943009527556,0.04119238839779215
1997-06-18,3107.4221108050797,-0.054343426613947504
1997-06-19,3206.2524024615864,0.031804591758826564
1997-06-20,3199.9719324199878,-0.0019588195978510322
1997-06-23,3076.1026264966854,-0.03870949762663256
1997-06-24,3240.5672961358187,0.05346527395493258
1997-06-25,3168.605938779687,-0.02220640732934046
1997-06-26,3052.301128091726,-0.036705356530624164
1997-06-27,3010.3697798554235,-0.013737618431677331
1997-06-30,2954.030406680841,-0.01871510056724269
1997-07-01,2917.3839976591903,-0.012405562562514977
1997-07-02,3122.9305290368957,0.0704557684359099
1997-07-03,3223.6279349218917,0.03224452319663067
1997-07-07,3263.9526902936855,0.012509122077939335
1997-07-08,3408.877300907179,0.04440156594317961
1997-07-09,3451.849345552489,0.012605922962927979
1997-07-10,3449.7574225634253,-0.0006060296321329794
1997-07-11,3505.86620897433,0.016264559949612862
1997-07-14,3774.5602076692994,0.07664125858743984
1997-07-15,3959.5712473965027,0.04901525728780027
1997-07-16,4456.598268302621,0.12552546471614176
1997-07-17,4352.472421440853,-0.02336442295065243
1997-07-18,4065.4012975850223,-0.06595587428462059
1997-07-21,3918.82934505141,-0.03605350168522853
1997-07-22,4278.493409826103,0.09177844532292959
1997-07-23,4290.348565876953,0.0027708716399151073
1997-07-24,4240.110671007227,-0.011709513597400942
1997-07-25,4209.3353314923925,-0.007258145341645984
1997-07-28,4086.644174666343,-0.02914739434231528
1997-07-29,4230.651365515826,0.03523849513060192
1997-07-30,4381.705234173788,0.035704636380394464
1997-07-31,4452.584889816601,0.016176271988815816
1997-08-01,4474.255488653506,0.0048669703943133285
1997-08-04,4653.364001650899,0.040030908706845704
1997-08-05,4805.053753853451,0.03259786944428508
1997-08-06,4872.193694613669,0.013972776205963289
1997-08-07,4791.192997367905,-0.016625097917456078
1997-08-08,4529.101732416751,-0.05470271498041041
1997-08-11,4356.252534462299,-0.03816412352085068
1997-08-12,4231.479513860562,-0.028642283617549242
1997-08-13,4326.999522017081,0.022573666691197553
1997-08-14,4378.1012365018905,0.011809965363940514
1997-08-15,4376.748223297843,-0.000309041095890411
1997-08-18,4206.233288439362,-0.03895927436511295
1997-08-19,4571.258456485303,0.0867819597760295
1997-08-20,4862.057610102579,0.06361468212428799
1997-08-21,4524.902494402435,-0.06934412192064325
1997-08-22,4428.736463544724,-0.021252619471176303
1997-08-25,4387.435646485371,-0.009325643419815495
1997-08-26,4212.728910646037,-0.03981978310708355
1997-08-27,4196.166984266716,-0.0039314009352623604
1997-08-28,3949.0699413316565,-0.05888637031403554
1997-08-29,3987.688065395102,0.00977904282202286
1997-09-02,4300.943592650922,0.07855567489699898
1997-09-03,4272.702812536072,-0.006566182398463878
1997-09-04,4334.049508007734,0.014357819432625133
1997-09-05,4395.379848368665,0.014150816747158608
1997-09-08,4470.458414665465,0.0170812464193886
1997-09-09,4575.977213043556,0.023603574530954918
1997-09-10,4284.830623777917,-0.0636250085415073
1997-09-11,4308.0977382118,0.005430112990876622
1997-09-12,4318.578872446098,0.0024328914688571796
1997-09-15,4012.605982898776,-0.07085036503548098
1997-09-16,4415.081725247096,0.1003028316419856
1997-09-17,4320.118436745597,-0.02150884047252461
1997-09-18,4326.4990227776225,0.0014769470155620692
1997-09-19,4435.031763115323,0.02508558068921565
1997-09-22,4490.030968800084,0.012401084957760955
1997-09-23,4625.18442126913,0.030100784027590755
1997-09-24,4389.529294577492,-0.05095042818356976
1997-09-25,4277.242608304063,-0.025580575669500723
1997-09-26,4279.863707461434,0.0006128011425592262
1997-09-29,4414.520919089323,0.031462967241954305
1997-09-30,4157.464278228857,-0.05822979335059847
1997-10-01,4211.654242451576,0.013034378793460963
1997-10-02,4334.632869619554,0.029199601887640675
1997-10-03,4468.252745877354,0.030826111524763795
1997-10-06,4481.8728241554645,0.0030481888677128047
1997-10-07,4657.345636141795,0.03915167138179456
1997-10-08,4712.248146723722,0.011788369356973282
1997-10-09,4746.215809355989,0.007208377312617416
1997-10-10,4615.285364824258,-0.027586281321981602
1997-10-13,4643.98520935545,0.006218433371407588
1997-10-14,4531.996401906948,-0.024114807089156285
1997-10-15,4382.070134224095,-0.03308172698896411
1997-10-16,4149.408752976295,-0.05309394284466348
1997-10-17,3873.4316153138734,-0.06650999072204392
1997-10-20,4011.7543658780755,0.035710647379789455
1997-10-21,4257.136546470171,0.06116580383863737
1997-10-22,4119.660013953239,-0.03229319309264855
1997-10-23,3847.7448806414313,-0.06600426549541334
1997-10-24,3660.6223104050987,-0.048631750815334426
1997-10-27,2842.006551162353,-0.2236274845716477
1997-10-28,3433.9472742301923,0.2082826736714388
1997-10-29,3264.1259902361676,-0.04945366670840751
1997-10-30,2986.774691608961,-0.08496954451416247
1997-10-31,3155.26239946003,0.0564112546970544
1997-11-03,3441.058352752372,0.09057755492578089
1997-11-04,3409.5378637394533,-0.009160114645456812
1997-11-05,3401.649609007949,-0.002313584728122952
1997-11-06,3276.3165637942016,-0.03684478403708935
1997-11-07,3219.7045272398314,-0.01727917173205314
1997-11-10,3059.103230043085,-0.04988075639798702
1997-11-11,3052.895726613125,-0.002029190570948028
1997-11-12,2772.7416655647326,-0.09176666553207004
1997-11-13,2965.2134473096344,0.06941569210548891
1997-11-14,3185.419710124582,0.0742632079369336
1997-11-17,3385.6130617281074,0.06284677368173132
1997-11-18,3255.0058681957194,-0.03857711768920307
1997-11-19,3280.4782109781586,0.007825590433285066
1997-11-20,3500.8000841336475,0.0671615109096531
1997-11-21,3441.3984333339645,-0.016968021415705442
1997-11-24,3180.5402132293043,-0.07580006359564281
1997-11-25,3252.169267616972,0.02252103403369332
1997-11-26,3309.248735001927,0.017551198196636218
1997-11-28,3366.813177124199,0.01739501824490035
1997-12-01,3639.828672411463,0.08109018259232997
1997-12-02,3363.903040931991,-0.07580731301197895
1997-12-03,3454.469359415444,0.02692298719120062
1997-12-04,3366.9115210006985,-0.02534624838286664
1997-12-05,3533.8711800416268,0.04958837141978266
1997-12-08,3655.9000596766878,0.0345312189997892
1997-12-09,3328.1456188244415,-0.08965082072873494
1997-12-10,3161.196037043825,-0.050162943843660976
1997-12-11,2872.648501528542,-0.09127796319304406
1997-12-12,2670.565237271159,-0.07034736903935665
1997-12-15,2716.31552808515,0.017131313691756214
1997-12-16,2822.5138848830247,0.03909647303483131
1997-12-17,2705.493203042915,-0.04145973646643703
1997-12-18,2565.53583320184,-0.05173081554359944
1997-12-19,2589.6613977863713,0.009403713747557345
1997-12-22,2633.6388709750404,0.016981939502307357
1997-12-23,2421.311124867955,-0.08062143540145879
1997-12-24,2339.6289279238044,-0.0337346969190526
1997-12-26,2450.9048256925744,0.047561344639175974
1997-12-29,2637.1379862493663,0.07598547222418822
1997-12-30,2797.457030010243,0.06079281577104284
1997-12-31,2732.2077858132297,-0.023324484879317132
1998-01-02,2874.715778449255,0.052158548619906084
1998-01-05,2950.6689758784937,0.026421115436396636
1998-01-06,2852.924376741968,-0.03312625033020669
1998-01-07,2723.616180601695,-0.0453247892563989
1998-01-08,2750.393092428791,0.009831382269575509
1998-01-09,2431.376188944034,-0.11598956685971128
1998-01-12,2543.402313123189,0.046075191773515226
1998-01-13,2730.2374641711517,0.07345874857624775
1998-01-14,2740.26222533965,0.003671754307108006
1998-01-15,2732.9002926134785,-0.0026865796485075347
1998-01-16,2816.797888276379,0.030699105960674843
1998-01-20,2989.83488736418,0.06143039222231286
1998-01-21,2985.769684462126,-0.0013596747162308367
1998-01-22,2933.4546904150793,-0.01752144323766583
1998-01-23,2965.661678994433,0.010979200968942324
1998-01-26,2892.8381745038264,-0.02455556714591228
1998-01-27,3057.252377400836,0.05683491193737773
1998-01-28,3299.471924213799,0.07922785459370194
1998-01-29,3352.2667846476593,0.01600100308367982
1998-01-30,3371.272809503315,0.005669603905839844
1998-02-02,3650.102253045579,0.08270746964062634
1998-02-03,3751.1223376857592,0.027675960188756593
1998-02-04,3883.436752135273,0.03527328690941732
1998-02-05,3782.98259361633,-0.025867334768284463
1998-02-06,3979.914734110115,0.05205737420682355
1998-02-09,3854.1374527819366,-0.03160300904192651
1998-02-10,4028.747207628533,0.04530449600871447
1998-02-11,4017.114732946153,-0.002887367730681511
1998-02-12,4079.2662643245762,0.015471684407888917
1998-02-13,3991.3149758185955,-0.021560565750552565
1998-02-17,3901.4941385428274,-0.022504071420057874
1998-02-18,4025.8797153809714,0.03188152344234994
1998-02-19,4194.146603461016,0.041796302914162156
1998-02-20,4225.269707085098,0.007420604610816251
1998-02-23,4503.359367500508,0.06581583654863445
1998-02-24,4352.3455558082815,-0.03353359111912115
1998-02-25,4662.730328430547,0.07131436799820533
1998-02-26,4737.971456861134,0.016136710281487103
1998-02-27,4585.301819083074,-0.032222574400902496
1998-03-02,4390.531493641387,-0.04247710033636045
1998-03-03,4368.263102995654,-0.005071912290797494
1998-03-04,4413.174573350812,0.010281310739813298
1998-03-05,3816.644616439068,-0.13517026054530495
1998-03-06,4184.117276144068,0.09628160246364537
1998-03-09,3805.3357073839397,-0.09052843019476717
1998-03-10,4008.937115451919,0.05350419088463287
1998-03-11,4062.7787420913464,0.01343039940235086
1998-03-12,4160.819889273461,0.02413154971162583
1998-03-13,4224.1361478144345,0.015217255306869312
1998-03-16,4338.147862521781,0.026990539773755973
1998-03-17,4201.393013368248,-0.03152378699098486
1998-03-18,4298.524676559625,0.023118918625874247
1998-03-19,4397.450329177882,0.023013861746033513
1998-03-20,4210.0267954631645,-0.042620955254714
1998-03-23,4311.4393936100905,0.024088349807229587
1998-03-24,4514.462482236176,0.0470893987114795
1998-03-25,4705.400791759342,0.04229480481330481
1998-03-26,4740.206170672478,0.007396899956767099
1998-03-27,4665.187899997475,-0.01582595101857358
1998-03-30,4603.123404407958,-0.01330375044262435
1998-03-31,4762.157537525791,0.03454917870886115
1998-04-01,4851.396215699057,0.018739127689511782
1998-04-02,4870.873192715611,0.004014715795326423
1998-04-03,4910.710202601939,0.00817861773652908
1998-04-06,4568.33977101565,-0.0697191276742181
1998-04-07,4302.694897377165,-0.05814910601087476
1998-04-08,4398.879649334301,0.022354536924235138
1998-04-09,4462.230735784681,0.014401641213341126
1998-04-13,4524.623978767736,0.013982522795761038
1998-04-14,4637.7595170037275,0.025004406723495992
1998-04-15,4845.525980449172,0.04479888676497692
1998-04-16,4798.81951334333,-0.009639091255375324
1998-04-17,4840.969859576997,0.008783482295274161
1998-04-20,5094.341906525301,0.05233910854599795
1998-04-21,5295.106041422627,0.039409238441606945
1998-04-22,5558.710332371216,0.04978262737071976
1998-04-23,5139.481663768466,-0.07541833330680447
1998-04-24,5034.503352074782,-0.02042585586670042
1998-04-27,4666.321319963226,-0.07313174833021475
1998-04-28,4692.995870099992,0.005716398059140963
1998-04-29,4888.023100581124,0.04155708546936704
1998-04-30,4987.7831717879435,0.020409083417580215
1998-05-01,5027.128711133036,0.007888382070744186
1998-05-04,5074.1805118366,0.009359577485924264
1998-05-05,4968.978304327645,-0.02073284686336025
1998-05-06,4907.4508466024145,-0.012382315630487627
1998-05-07,4674.008496308984,-0.04756896351902326
1998-05-08,5032.099451156004,0.07661324431262809
1998-05-11,4830.505217579807,-0.04006165528582401
1998-05-12,5048.4388597755105,0.04511611775152849
1998-05-13,5127.287319392898,0.015618384575403807
1998-05-14,5162.486132104523,0.0068649971259642775
1998-05-15,4957.7159854252595,-0.039665026004784165
1998-05-18,4869.93127997718,-0.017706683018178286
1998-05-19,5022.348872668337,0.03129768859733725
1998-05-20,4806.722738719487,-0.04293332450923287
1998-05-21,4641.555709896716,-0.03436167172537431
1998-05-22,4531.227889601118,-0.023769577958605063
1998-05-26,4368.787170696333,-0.035849161168339236
1998-05-27,4469.442803971084,0.02303972002799757
1998-05-28,4527.599412030424,0.013012048841450312
1998-05-29,4271.729646173476,-0.05651334019901762
1998-06-01,3982.6835607279313,-0.06766488270259936
1998-06-02,4202.878668540039,0.05528812531916592
1998-06-03,3955.4974844785993,-0.05885993947747559
1998-06-04,4272.457752527867,0.08013158124686519
1998-06-05,4394.576809056818,0.02858285876711066
1998-06-08,4394.013083806285,-0.00012827748268530318
1998-06-09,4572.4219990644,0.04060272736001251
1998-06-10,4299.915526157506,-0.059597839605061126
1998-06-11,4145.962851183803,-0.03580365103387949
1998-06-12,4164.416974195706,0.004451106696875881
1998-06-15,4019.3221891526005,-0.03484156028134726
1998-06-16,4401.635411198624,0.09511882950757598
1998-06-17,4544.008302925385,0.032345453093306165
1998-06-18,4578.802776318243,0.007657220469966599
1998-06-19,4715.951037031995,0.029952864845607323
1998-06-22,4987.9984344320055,0.057686645867134484
1998-06-23,5441.800325921655,0.09097875579853193
1998-06-24,5800.755225613366,0.06596252677296015
1998-06-25,5540.646267614228,-0.0448405333241128
1998-06-26,5659.85914334518,0.02151605967480108
1998-06-29,5895.902994255154,0.04170489846686592
1998-06-30,5862.797122133636,-0.005615063910274038
1998-07-01,6108.245023902721,0.041865324120197306
1998-07-02,5787.335751371515,-0.05253706609270376
1998-07-03,5785.55356907438,-0.0003079452054794521
1998-07-06,5911.113368788999,0.021702296628238964
1998-07-07,5958.692503692131,0.008049098695070258
1998-07-08,6375.371697498198,0.06992795710600663
1998-07-09,6448.089454238413,0.011406041904780326
1998-07-10,6556.445084725424,0.016804300135102392
1998-07-13,6967.073467008882,0.06262972952219202
1998-07-14,6928.8807488831535,-0.0054818882428300094
1998-07-15,7387.734318404174,0.0662233318988759
1998-07-16,7431.939065513827,0.005983532325943367
1998-07-17,7603.85809145751,0.023132459029627052
1998-07-20,7626.750808312896,0.0030106712382104535
1998-07-21,7093.715312476882,-0.06989024674242969
1998-07-22,7072.061253874012,-0.003052569443375183
1998-07-23,6702.384226891724,-0.05227288250363818
1998-07-24,6740.368650404063,0.005667300206385581
1998-07-27,6989.238244993309,0.03692225269820026
1998-07-28,6500.661185629001,-0.06990419302336665
1998-07-29,6313.896632230928,-0.028730085765883775
1998-07-30,6887.993342731242,0.09092589631095445
1998-07-31,6235.023327194548,-0.09479829364611086
1998-08-03,6109.475556259916,-0.020135894341733365
1998-08-04,5421.83853442517,-0.1125525448956377
1998-08-05,5576.496854241112,0.02852506927935266
1998-08-06,6027.26457925208,0.08083349400047543
1998-08-07,6001.57957608597,-0.004261469332958541
1998-08-10,5980.327962659168,-0.003541003357096446
1998-08-11,5547.364590757521,-0.0723979311176654
1998-08-12,5852.566578532866,0.05501747411443659
1998-08-13,5639.889421512425,-0.03633912646129267
1998-08-14,5532.593554946501,-0.019024462812455303
1998-08-17,5998.570601027487,0.08422397948686682
1998-08-18,6436.817653313723,0.07305858035765535
1998-08-19,6393.768161633847,-0.006688008577921043
1998-08-20,6390.976152507569,-0.0004366766288197724
1998-08-21,6067.722347699088,-0.05057972320576566
1998-08-24,6011.139374835087,-0.009325240942419958
1998-08-25,6238.5667708707915,0.037834324219431927
1998-08-26,6043.873988327405,-0.03120793440128733
1998-08-27,5226.911253399474,-0.13517203312076637
1998-08-28,4660.820090167952,-0.10830319012272276
1998-08-31,3278.2078052279517,-0.2966457100235719
1998-09-01,3921.6052821543058,0.19626500672113897
1998-09-02,3982.1719789393114,0.015444363322494745
1998-09-03,3858.8827797256527,-0.030960289978861733
1998-09-04,3823.700690713789,-0.009117169662864199
1998-09-08,4590.385967642226,0.20050870581748276
1998-09-09,4324.568546388337,-0.05790742284584427
1998-09-10,4051.788114118706,-0.06307691260841364
1998-09-11,4590.037561861818,0.13284244698471495
1998-09-14,4778.228629758504,0.04099989713817327
1998-09-15,4951.635916341275,0.03629112376557313
1998-09-16,5031.554555099418,0.016139845519416503
1998-09-17,4580.379244736263,-0.08966916793258166
1998-09-18,4673.746943734277,0.020384272569855737
1998-09-21,4960.482835135261,0.061350324451217526
1998-09-22,5054.114951205815,0.018875605295386726
1998-09-23,5715.930296900778,0.13094584355210748
1998-09-24,5244.608468669101,-0.08245758848515547
1998-09-25,5633.07388226328,0.07406947838238871
1998-09-28,5544.716472254036,-0.015685469755234948
1998-09-29,5562.730677026899,0.00324889556806134
1998-09-30,5086.119547617781,-0.0856793465442141
1998-10-01,4270.988886530144,-0.16026572978793333
1998-10-02,4296.833837791628,0.006051280382160204
1998-10-05,3598.47136120613,-0.1625295515137778
1998-10-06,3393.1971772112697,-0.0570448291482461
1998-10-07,3102.188031853276,-0.08576252135078177
1998-10-08,2921.6648500306487,-0.05819221142271653
1998-10-09,3456.4261234677947,0.18303306535365818
1998-10-12,3847.3602333340496,0.11310356301613499
1998-10-13,3507.357743226619,-0.0883729283163046
1998-10-14,3757.1021342334707,0.07120585046939
1998-10-15,4339.637316983759,0.15504906758919873
1998-10-16,4280.70223318579,-0.013580647296795641
1998-10-19,4438.128695693606,0.03677584983309057
1998-10-20,4162.988697740174,-0.06199459655606766
1998-10-21,4636.84471670437,0.1138259201187413
1998-10-22,4877.066730817175,0.05180721563683151
1998-10-23,4718.045096148253,-0.0326059993528687
1998-10-26,5012.796238956751,0.06247315080755127
1998-10-27,4839.988533982273,-0.03447331523900961
1998-10-28,5124.103683915568,0.058701616323774373
1998-10-29,5304.548091101228,0.03521482357042692
1998-10-30,5351.009960762661,0.008758874245927898
1998-11-02,5555.48076470234,0.03821162835408684
1998-11-03,5353.36716910721,-0.03638093698016058
1998-11-04,5721.44708635698,0.06875671061268805
1998-11-05,5815.920412933039,0.01651213847652884
1998-11-06,6011.348997758631,0.03360234854504055
1998-11-09,6120.677006211084,0.01818693416290019
1998-11-10,6242.028959956031,0.019826557359880842
1998-11-11,6281.044881860253,0.006250519206898417
1998-11-12,6098.7868884959635,-0.02901714552154419
1998-11-13,6080.440649466425,-0.0030081784074376733
1998-11-16,6204.049596263579,0.020328945535879828
1998-11-17,6491.613753277645,0.046351040969635854
1998-11-18,6701.965902240232,0.032403676028380235
1998-11-19,6999.322518437779,0.04436856596034766
1998-11-20,7089.629460849049,0.012902240491616354
1998-11-23,7700.671184922082,0.0861881043921095
1998-11-24,7578.650717325559,-0.015845432776748037
1998-11-25,7830.16428928459,0.03318711751473732
1998-11-27,8264.296912298141,0.05544361612024554
1998-11-30,7184.919757539466,-0.130607257485201
1998-12-01,8214.401462142088,0.14328367460504185
1998-12-02,8008.9937261462865,-0.025005806806797752
1998-12-03,7334.13579396962,-0.084262512277106
1998-12-04,8118.00708864971,0.10687984470162322
1998-12-07,8810.942668367245,0.08535784363706336
1998-12-08,8670.618333887905,-0.015926143179109238
1998-12-09,8936.462155968538,0.03066030724032915
1998-12-10,8414.822969341361,-0.05837200197605957
1998-12-11,8752.081027960046,0.04007904383104128
1998-12-14,7789.057765106556,-0.1100336319758632
1998-12-15,8506.021057077824,0.09204749965818998
1998-12-16,8388.371151549376,-0.013831367773367034
1998-12-17,8892.499740711524,0.060098507809711474
1998-12-18,9606.10641934651,0.08024815287516522
1998-12-21,10465.934029412529,0.0895084410406221
1998-12-22,10120.502632901667,-0.03300530994559027
1998-12-23,10995.692412616749,0.08647690845609261
1998-12-24,10758.000453925226,-0.021616825004925407
1998-12-28,11065.516116832852,0.028584834535438693
1998-12-29,11049.732570164482,-0.0014263723898391202
1998-12-30,10821.979034633849,-0.020611678525649775
1998-12-31,11267.547911486216,0.04117258732680981
1999-01-04,11592.654280715398,0.0288533380805744
1999-01-05,12500.938795633625,0.07835000448768463
1999-01-06,13698.462699611211,0.09579471778518424
1999-01-07,13744.704191290193,0.003375670153140286
1999-01-08,13894.002360606475,0.010862232263309901
1999-01-11,14441.97711202832,0.039439661603593267
1999-01-12,13128.807796055617,-0.09092725364306262
1999-01-13,13306.926920892545,0.013567044898809569
1999-01-14,12430.574462881574,-0.06585686261153607
1999-01-15,13904.062003121084,0.11853736483695344
1999-01-19,14984.380883236405,0.07769807699885256
1999-01-20,14980.02925481552,-0.00029041095890410966
1999-01-21,13385.75736021637,-0.10642648739064715
1999-01-22,13432.021545636215,0.003456224715184533
1999-01-25,14096.293350489785,0.049454343309133446
1999-01-26,15469.389621479115,0.09740832124081909
1999-01-27,14748.36329548553,-0.046609875608307545
1999-01-28,16361.681532210536,0.10938964577980269
1999-01-29,16884.02641343591,0.03192488988354013
1999-02-01,16958.372374054463,0.0044033312195834165
1999-02-02,15706.237986901844,-0.07383576439613544
1999-02-03,16636.711264675152,0.059242275492659126
1999-02-04,14459.314922722546,-0.1308790125230993
1999-02-05,13618.43141403954,-0.05815514173230812
1999-02-08,14544.663561578747,0.06801313010133712
1999-02-09,12419.45458171669,-0.14611606317770176
1999-02-10,12586.2252492316,0.013428179669051025
1999-02-11,14534.419649532885,0.1547878225379943
1999-02-12,12694.523415379585,-0.12658890265442638
1999-02-16,12599.860902493303,-0.007456956814274511
1999-02-17,11375.46916423242,-0.09717502024316772
1999-02-18,11637.76182103569,0.02305774408215083
1999-02-19,12101.458027903622,0.03984410524966946
1999-02-22,13301.881360769607,0.09919658689870595
1999-02-23,13941.980230739342,0.04812092760483779
1999-02-24,13131.821555485507,-0.058109297377111
1999-02-25,12835.88012469426,-0.02253620562393523
1999-02-26,11874.332450024793,-0.07491092666248869
1999-03-01,12093.79144348235,0.018481796293070885
1999-03-02,11172.057362798709,-0.07621547675856344
1999-03-03,11366.680844147468,0.01742055872330422
1999-03-04,11959.651785252487,0.05216746640777998
1999-03-05,12639.965535456904,0.05688407676244515
1999-03-08,13864.4148947237,0.09687125774449626
1999-03-09,13748.330808742812,-0.008372808146780542
1999-03-10,13946.438748022203,0.01440959939321594
1999-03-11,14050.141962542177,0.007435820455216988
1999-03-12,13328.347815537285,-0.05137272982217566
1999-03-15,14339.370084920014,0.07585503345014351
1999-03-16,14606.008113154618,0.01859482157553166
1999-03-17,14415.572892957265,-0.01303814284656193
1999-03-18,15213.058491283276,0.05532111725616004
1999-03-19,14143.392835066297,-0.07031233442176489
1999-03-22,13582.535453824026,-0.039655080487598034
1999-03-23,12255.33998865535,-0.09771338125202665
1999-03-24,13231.053371010294,0.0796153663022122
1999-03-25,14603.180025424006,0.10370501999637381
1999-03-26,14261.433105210153,-0.023402226064382876
1999-03-29,15850.030373046753,0.11139113833211028
1999-03-30,15424.836101317755,-0.026826085611296284
1999-03-31,15000.211566829406,-0.027528625373988404
1999-04-01,15844.855394649578,0.05630879431647259
1999-04-05,17454.62000477387,0.10159541188794145
1999-04-06,17430.44216040363,-0.0013851830841135294
1999-04-07,16799.910076720767,-0.036174187543861
1999-04-08,17541.271542508446,0.04412889488110798
1999-04-09,17718.784781099617,0.010119747485864696
1999-04-12,17387.6196065074,-0.01869006134921108
1999-04-13,16347.638398148061,-0.05981159191969674
1999-04-14,14729.681575384177,-0.09897189938744759
1999-04-15,15401.379946001609,0.04560168983828907
1999-04-16,14329.31492081745,-0.06960837463544824
1999-04-19,11867.51138984127,-0.17180190013129681
1999-04-20,12998.595114918237,0.0953092597025176
1999-04-21,14445.724304480029,0.1113296611493768
1999-04-22,16038.926492956414,0.11028884082899783
1999-04-23,16629.271473525103,0.03680701328907156
1999-04-26,17748.207638344502,0.06728714283129122
1999-04-27,16479.922629545305,-0.07145989243776381
1999-04-28,15207.461811005875,-0.07721279080874775
1999-04-29,14542.186547046133,-0.04374663387142446
1999-04-30,14889.974703656442,0.023915809048739835
1999-05-03,14909.620214479575,0.0013193783880847524
1999-05-04,14060.06661581446,-0.05698023064598702
1999-05-05,15226.745133300441,0.08297816428364048
1999-05-06,13587.74551686374,-0.10763952519650814
1999-05-07,14350.574982599974,0.056140988568669205
1999-05-10,14684.075018557322,0.023239489453329723
1999-05-11,15527.941038970606,0.05746810877408557
1999-05-12,16418.990219604257,0.05738360149599847
1999-05-13,15556.875969351848,-0.052507141957064234
1999-05-14,14397.307802570926,-0.07453734085592464
1999-05-17,15412.96447711662,0.07054490245491088
1999-05-18,15058.254916204665,-0.02301371429478004
1999-05-19,15617.50463173188,0.037139078773688904
1999-05-20,14621.784082047725,-0.06375669949609193
1999-05-21,14093.80600969463,-0.0361090048512844
1999-05-24,13005.494529093663,-0.07721913299021964
1999-05-25,11836.291880457438,-0.08990066821532121
1999-05-26,12792.054549927625,0.08074848771245816
1999-05-27,12733.197133841597,-0.0046010917055040075
1999-05-28,13467.557512960759,0.057672897968996134
1999-06-01,12216.26444486256,-0.09291165579905597
1999-06-02,13094.658407108771,0.071903646667997
1999-06-03,12255.010198832055,-0.06412142891951206
1999-06-04,13682.107763661204,0.11645013277632012
1999-06-07,14512.358908563081,0.06068152358125488
1999-06-08,13174.540897251916,-0.09218473852116349
1999-06-09,14093.674556513946,0.06976589669654099
1999-06-10,13343.345725956993,-0.05323869424884369
1999-06-11,12662.059530016162,-0.05105812364701874
1999-06-14,12036.37199665684,-0.049414357267559245
1999-06-15,12553.44490458025,0.042959199671381954
1999-06-16,14550.133422553645,0.15905502697868076
1999-06-17,15015.944832897008,0.03201423635204101
1999-06-18,15312.406018083597,0.019743092325239495
1999-06-21,16615.44931225536,0.08509722721778018
1999-06-22,15319.346391245494,-0.0780058905812362
1999-06-23,15927.147268315453,0.03967537919354699
1999-06-24,14760.487973689189,-0.07324973361344815
1999-06-25,14774.239282844792,0.0009316297117083215
1999-06-28,15941.138234386013,0.07898199895111849
1999-06-29,16706.307294584978,0.047999650272679474
1999-06-30,17068.764874478315,0.02169585256047701
1999-07-01,17633.443026377066,0.03308254323328777
1999-07-02,18210.555542327682,0.032728294473594356
1999-07-06,17790.34643546279,-0.023075029528241385
1999-07-07,18012.794504179306,0.012503863796215601
1999-07-08,18790.433930421008,0.043171503792000354
1999-07-09,19222.733050939638,0.023006340466611208
1999-07-12,18994.400719406098,-0.011878244936787298
1999-07-13,18736.023131198624,-0.013602829171835602
1999-07-14,19758.05353964839,0.054548951039023554
1999-07-15,20051.99090874179,0.014876838373960085
1999-07-16,20794.25731987169,0.0370170929414446
1999-07-19,19891.944251339384,-0.0433924162162802
1999-07-20,17540.601154328244,-0.11820579563774004
1999-07-21,18310.60637507808,0.04389845102656797
1999-07-22,16406.311802155662,-0.10399953632962632
1999-07-23,16835.085916864908,0.02613470473314457
1999-07-26,15317.340814230909,-0.0901536891542422
1999-07-27,16861.49031611016,0.10081054672653268
1999-07-28,17404.33382156663,0.03219427792440222
1999-07-29,15817.08080591839,-0.09119872279635267
1999-07-30,15977.503426933681,0.010142365900745954
1999-08-02,15834.40848553241,-0.008956026331376135
1999-08-03,15292.233925649465,-0.03424027871823065
1999-08-04,14573.780148966587,-0.04698161041584805
1999-08-05,15122.92470727229,0.03768031030333896
1999-08-06,14710.418543992893,-0.027276877407253868
1999-08-09,14208.041955322786,-0.034151073755495365
1999-08-10,13739.409240268742,-0.03298362410018635
1999-08-11,15221.833298484393,0.10789576409667045
1999-08-12,14657.848395940393,-0.03705104973131947
1999-08-13,16495.081728708097,0.1253412699558647
1999-08-16,16609.836561304746,0.006956912034993455
1999-08-17,17128.280037454188,0.03121303898662302
1999-08-18,16684.064639236734,-0.025934617909451115
1999-08-19,15845.516537774483,-0.05026042032288675
1999-08-20,16597.73139104125,0.04747177862416436
1999-08-23,18106.057749453932,0.09087545296863972
1999-08-24,18532.22682285914,0.023537375131704695
1999-08-25,19823.812523660898,0.06969403694156234
1999-08-26,18763.91957620684,-0.053465646236767535
1999-08-27,18415.45224779685,-0.018571137389218947
1999-08-30,17578.72754904457,-0.04543601142634882
1999-08-31,18241.826254815896,0.03772165555904329
1999-09-01,18420.78334977211,0.009810262002082716
1999-09-02,18131.876823923314,-0.015683726384652957
1999-09-03,20720.4410540112,0.14276317091855156
1999-09-07,20327.62250295288,-0.01895802073104414
1999-09-08,19412.53888965333,-0.04501675555843388
1999-09-09,20612.854847905604,0.06183199245988529
1999-09-10,21325.33626575358,0.034564907340836615
1999-09-13,20006.594692472892,-0.061839192444456736
1999-09-14,20952.16738655895,0.04726305044015367
1999-09-15,19466.657588975217,-0.07090005392648324
1999-09-16,19550.8653257936,0.004325741922232954
1999-09-17,21210.222441132246,0.08487384510543595
1999-09-20,21404.940031817303,0.009180365327402124
1999-09-21,19590.655100074673,-0.08476010346423732
1999-09-22,20540.051178413138,0.048461681015192125
1999-09-23,17816.50876481985,-0.13259667125151242
1999-09-24,17733.709431537492,-0.004647337723418131
1999-09-27,18315.324721052846,0.03279715909188254
1999-09-28,18346.23620392484,0.0016877387293311443
1999-09-29,17676.076216313566,-0.03652847266121569
1999-09-30,17872.55264389409,0.011115386988385625
1999-10-01,17790.539749558644,-0.004588762219338852
1999-10-04,19183.8847609069,0.07831943442766112
1999-10-05,19261.798802220426,0.004061431888513871
1999-10-06,20680.08950498489,0.0736323080376568
1999-10-07,20664.284338169935,-0.0007642697489847733
1999-10-08,21230.223585222273,0.02738731415957946
1999-10-11,21797.947678791796,0.026741314866071446
1999-10-12,20471.50801711032,-0.060851584801812596
1999-10-13,18707.57752374444,-0.08616514679287769
1999-10-14,19079.42264196741,0.01987671133534032
1999-10-15,17517.717300348857,-0.08185286163656752
1999-10-18,16590.791541031238,-0.05291361559414818
1999-10-19,16588.92335438026,-0.0001126038288383557
1999-10-20,18775.97145243536,0.1318378565826346
1999-10-21,19018.32324935419,0.012907550351403976
1999-10-22,19214.56567812456,0.010318597817346186
1999-10-25,19158.173391161952,-0.0029348718002410743
1999-10-26,18741.018056881992,-0.02177427491455963
1999-10-27,18531.78284540478,-0.01116455951550489
1999-10-28,20392.127573247424,0.10038671094745424
1999-10-29,22734.817082938393,0.1148820544240004
1999-11-01,22169.87894193054,-0.02484902952801047
1999-11-02,22433.662339683142,0.011898278670962943
1999-11-03,23598.706494938662,0.051932855973973464
1999-11-04,24396.836137304075,0.033820906350803225
1999-11-05,25813.699309552798,0.05807569326918837
1999-11-08,26650.292326751318,0.03240887744008576
1999-11-09,25991.472528849907,-0.024720922000547655
1999-11-10,26944.080867502387,0.03665080297374868
1999-11-11,28444.48734569102,0.05568594028376354
1999-11-12,29607.020023747406,0.04087022782052319
1999-11-15,29180.30374395033,-0.014412672381577448
1999-11-16,31124.542714392108,0.06662846924082687
1999-11-17,30215.756564480864,-0.02919837757137606
1999-11-18,33064.91609603538,0.09429383392980285
1999-11-19,33892.535337221496,0.025030132808513496
1999-11-22,34560.252155463895,0.019700999397029417
1999-11-23,32856.09324920362,-0.049309793765230085
1999-11-24,36419.58508203984,0.10845756389258476
1999-11-26,36683.13187676863,0.007236402999515692
1999-11-29,34765.94498615696,-0.052263446236056624
1999-11-30,31469.504738265798,-0.09481808273020433
1999-12-01,32433.18344386187,0.030622620648499545
1999-12-02,36033.28278900327,0.11100049279383128
1999-12-03,38244.99847229171,0.06137979978786207
1999-12-06,38888.723760946436,0.01683162019528141
1999-12-07,39388.90410253234,0.012861834825451501
1999-12-08,37865.85381464873,-0.03866698814262495
1999-12-09,37978.36086340355,0.0029712006311948024
1999-12-10,39253.61182412634,0.03357835703624688
1999-12-13,40656.46201733161,0.03573811753911116
1999-12-14,37820.34385881252,-0.06975811513825432
1999-12-15,40384.6577716481,0.06780250127837117
1999-12-16,43856.24007180147,0.08596290006425618
1999-12-17,44931.253150717996,0.02451220344371766
1999-12-20,46101.691253042714,0.026049531678953766
1999-12-21,51739.61913052876,0.12229329823369413
1999-12-22,53209.684513962144,0.028412760049986076
1999-12-23,54448.486042535325,0.02328150485929169
1999-12-27,54759.673140625324,0.005715257130324952
1999-12-28,53896.47003201811,-0.0157634817576517
1999-12-29,58836.80303750713,0.09166338727850147
1999-12-30,58532.204108524464,-0.005177013591110504
1999-12-31,59666.887096284205,0.01938561865286881
2000-01-03,63600.4331374633,0.06592510909495819
2000-01-04,51278.14307781645,-0.19374537957963217
2000-01-05,49572.808281159996,-0.03325656301688891
2000-01-06,42495.13012569571,-0.14277339535259168
2000-01-07,49684.20913829391,0.16917418516742355
2000-01-10,57562.15295349722,0.1585603142695777
2000-01-11,49502.397512232244,-0.14001831112495425
2000-01-12,46710.568101298726,-0.05639786255289246
2000-01-13,52090.257263023945,0.11517070719539475
2000-01-14,56080.46843064423,0.07660187100770408
2000-01-18,58409.1623806559,0.04152415297478488
2000-01-19,59932.274897831914,0.026076602626995498
2000-01-20,62322.6528539146,0.039884652470770124
2000-01-21,62700.47826727484,0.00606240902879837
2000-01-24,53399.24293794587,-0.14834392952602957
2000-01-25,57675.0893806128,0.08007316597420301
2000-01-26,51307.228739696635,-0.1104092028170603
2000-01-27,50096.22776883838,-0.02360293082680764
2000-01-28,43929.04195409151,-0.12310679045944205
2000-01-31,48621.008919568056,0.1068078600571333
2000-02-01,53985.82047336197,0.1103393712514014
2000-02-02,54958.849530813306,0.01802378937505373
2000-02-03,60548.08239972454,0.10169850563879727
2000-02-04,61621.2190137428,0.01772370934778181
2000-02-07,64369.029029764664,0.04459194511243033
2000-02-08,70700.4357232668,0.09836107191510444
2000-02-09,65751.67128894235,-0.06999623670913047
2000-02-10,71769.45573001195,0.09152291224088822
2000-02-11,65368.31657120156,-0.08919029820834513
2000-02-14,66150.23140412268,0.011961679203860664
2000-02-15,66669.30486575798,0.007846888070038664
2000-02-16,66692.57021802837,0.00034896647441022815
2000-02-17,73045.00169591897,0.09524946267812906
2000-02-18,64539.61181964598,-0.11644040904647122
2000-02-22,64612.58442830436,0.0011306638915385939
2000-02-23,74403.69575788388,0.1515356708946376
2000-02-24,78817.74022801862,0.05932560775607746
2000-02-25,74649.39162943714,-0.052885918658952945
2000-02-28,73687.91460805564,-0.01287990431528652
2000-02-29,79228.42759379029,0.07518889651314609
2000-03-01,81543.6420118535,0.029222016495562542
2000-03-02,77270.86331526928,-0.05239867377965675
2000-03-03,88664.06169932618,0.14744494749038906
2000-03-06,89425.95205871394,0.008593000870763657
2000-03-07,85400.45721803287,-0.04501483907085582
2000-03-08,88570.46009810672,0.03711927293293801
2000-03-09,96941.12763662852,0.09450857011750728
2000-03-10,96963.6332572052,0.00023215761076200099
2000-03-13,86690.81920793053,-0.10594501984084134
2000-03-14,74921.16364241409,-0.13576588239738013
2000-03-15,69737.69222047839,-0.0691856769160116
2000-03-16,81025.50255589593,0.16186096751998474
2000-03-17,85861.12415972861,0.05968024203857051
2000-03-20,75368.3758904398,-0.12220604344486588
2000-03-21,85326.70929815297,0.13212880455576262
2000-03-22,93781.14703030165,0.0990831335427076
2000-03-23,97653.13982297528,0.04128753928998697
2000-03-24,99566.3047080613,0.019591432375387054
2000-03-27,100295.10735782844,0.0073197720042344865
2000-03-28,92499.19332159938,-0.0777297541386057
2000-03-29,82205.79020761748,-0.11128100412934404
2000-03-30,73028.45150224018,-0.11163859239354276
2000-03-31,80613.35537825261,0.10386231283816512
2000-04-03,62885.02621136605,-0.21991801586352536
2000-04-04,60879.81516232533,-0.031886939862295696
2000-04-05,60681.090132415266,-0.0032642186803654915
2000-04-06,63210.15366773321,0.04167795156282055
2000-04-07,72690.64577322965,0.1499836902047581
2000-04-10,57710.52314776378,-0.2060804724750805
2000-04-11,53833.927102034955,-0.06717312258291387
2000-04-12,42429.654186482396,-0.2118417423632739
2000-04-13,39618.36719554969,-0.066257598484702
2000-04-14,28037.48954887888,-0.2923108261758875
2000-04-17,36436.94211987153,0.29957933845501916
2000-04-18,42195.717985318246,0.15804772657654145
2000-04-19,37658.59582342331,-0.1075256537517291
2000-04-20,35192.730450085044,-0.06547948268970023
2000-04-24,30571.575844600553,-0.13130991958804727
2000-04-25,37890.950711396574,0.23941765069623458
2000-04-26,34241.16214664295,-0.09632348875468748
2000-04-27,39704.28079500697,0.1595482835824142
2000-04-28,42290.39589897985,0.06513441503511876
2000-05-01,44150.321661171445,0.043979861683831056
2000-05-02,37130.29373571498,-0.1590028715833869
2000-05-03,35116.36656697541,-0.05423946233967998
2000-05-04,35357.2990294879,0.006860973559236807
2000-05-05,38839.002041970896,0.09847197348358726
2000-05-08,33529.43116204126,-0.13670719124533395
2000-05-09,31336.958525336726,-0.06538949694997033
2000-05-10,25853.91915265666,-0.1749703746216114
2000-05-11,29115.71278520782,0.1261624442039762
2000-05-12,29742.82441347815,0.021538597831921656
2000-05-15,32484.06656944489,0.09216482328169662
2000-05-16,36212.28940298859,0.11477081619610179
2000-05-17,33328.02486767944,-0.07964877622653453
2000-05-18,29820.007769453303,-0.10525727558575225
2000-05-19,25482.78265271994,-0.14544681377233865
2000-05-22,25550.94887953831,0.0026749914931717615
2000-05-23,19876.53733551746,-0.22208222366900154
2000-05-24,22963.72418655541,0.15531814213542333
2000-05-25,21200.2823441277,-0.07679250230065703
2000-05-26,21237.048950969198,0.0017342508106587917
2000-05-30,27628.121539990803,0.30093976822189006
2000-05-31,25434.50278353246,-0.07939804207402044
2000-06-01,29899.31956372892,0.17554173628616
2000-06-02,35921.830240072646,0.20142634562325212
2000-06-05,35155.723822391934,-0.02132704298641448
2000-06-06,32768.536889063704,-0.06790322239952704
2000-06-07,35174.915680654594,0.07343564956035624
2000-06-08,34351.73351223493,-0.023402534234713054
2000-06-09,35811.38063807127,0.042491221740424356
2000-06-12,32291.991550805003,-0.09827571639404437
2000-06-13,35672.34286620867,0.10468079400074658
2000-06-14,33149.74024001706,-0.0707159222945571
2000-06-15,35153.14168747589,0.06043490636588453
2000-06-16,36134.20585372544,0.027908292663329105
2000-06-19,40284.12847811956,0.11484748388253985
2000-06-20,40273.758776375726,-0.00025741407684826833
2000-06-21,41370.30238314521,0.027227247718748102
2000-06-22,36169.466260614594,-0.12571423999669643
2000-06-23,32767.63441928571,-0.09405258614593333
2000-06-26,35030.57720442985,0.0690603037188508
2000-06-27,32999.26221552377,-0.057986911750035564
2000-06-28,34916.066105622675,0.058086265007379
2000-06-29,31980.657752106184,-0.08407042032274617
2000-06-30,34533.060472004676,0.07981082627140153
2000-07-03,35624.38055369015,0.0316021825685038
2000-07-05,31245.715517002613,-0.12291203295699053
2000-07-06,34924.6818150959,0.11774306452004092
2000-07-07,36232.1653768774,0.0374372361845354
2000-07-10,34238.93362988856,-0.0550127690756478
2000-07-11,33473.27289005448,-0.02236228347852812
2000-07-12,37660.72709842074,0.1250984396452738
2000-07-13,39256.10870987485,0.042361943976408425
2000-07-14,41756.617082625555,0.06369730609905573
2000-07-17,42354.55144702058,0.014319511640798577
2000-07-18,39182.472063020425,-0.0748934713183769
2000-07-19,35696.944684898546,-0.08895629077501332
2000-07-20,39904.352978048366,0.11786466125572208
2000-07-21,37292.09618911457,-0.06546295313623589
2000-07-24,33871.08762086459,-0.09173548601026499
2000-07-25,35863.332794202644,0.05881845884720963
2000-07-26,34539.27678329143,-0.036919491518235203
2000-07-27,30818.64877048468,-0.10772165370314371
2000-07-28,25676.617938820935,-0.16684802990416364
2000-07-31,28574.12078508209,0.11284596955739903
2000-08-01,26469.17514410089,-0.07366615605825202
2000-08-02,25764.922926380477,-0.02660650412740058
2000-08-03,28704.60983287387,0.1140964758518052
2000-08-04,28578.637625390525,-0.00438857062390986
2000-08-07,30722.13023742618,0.0750033168177086
2000-08-08,30114.517272989462,-0.019777696394780452
2000-08-09,30267.24445347081,0.0050715466928082185
2000-08-10,27850.589087887125,-0.07984391738398107
2000-08-11,28989.173391996737,0.04088187508410036
2000-08-14,30747.81111359331,0.06066532832157579
2000-08-15,30811.493412283122,0.0020711164919852854
2000-08-16,30766.48957513752,-0.0014606184952937692
2000-08-17,33467.51791988407,0.08779124242140575
2000-08-18,32850.64122006745,-0.018432101875416215
2000-08-21,33336.02024973879,0.014775328932539494
2000-08-22,33331.188606177435,-0.00014493762378215132
2000-08-23,35122.531450871604,0.05374374331079727
2000-08-24,36533.59504548612,0.04017545251794488
2000-08-25,36012.187713160245,-0.014271996272929107
2000-08-28,36605.46567489544,0.016474366024655154
2000-08-29,36528.53856594776,-0.002101519746556135
2000-08-30,36981.09360635805,0.01238908147374306
2000-08-31,40011.018631627994,0.08193173131983883
2000-09-01,40635.835209985176,0.015616112754082223
2000-09-05,37239.124844886384,-0.08358903779253792
2000-09-06,33039.34900829314,-0.11277858580422452
2000-09-07,36016.90123424569,0.09012139510391576
2000-09-08,32179.855310206913,-0.10653459327562666
2000-09-11,29444.257657217764,-0.08500963185255414
2000-09-12,28483.644526095235,-0.032624803868575344
2000-09-13,30218.45513518347,0.06090549990886504
2000-09-14,30102.7729969384,-0.0038281949797751187
2000-09-15,28615.904969505376,-0.04939305849279224
2000-09-18,26464.748214220974,-0.0751734658602197
2000-09-19,30239.111440861638,0.14261852015703247
2000-09-20,31050.63944920724,0.026837032230021204
2000-09-21,29262.764912778242,-0.05757931456946676
2000-09-22,28851.656700744923,-0.014048850587382481
2000-09-25,26971.44764278719,-0.06516814883317225
2000-09-26,26079.214145933864,-0.03308066769978994
2000-09-27,25836.46408049183,-0.009308181760525985
2000-09-28,29152.74095515332,0.1283564525056463
2000-09-29,25514.091424695875,-0.12481329066295709
2000-10-02,23072.164180898253,-0.09570896345671963
2000-10-03,20969.610145139595,-0.09112946749483476
2000-10-04,22838.513607245233,0.08912437804852648
2000-10-05,22254.20937991238,-0.025584161797092237
2000-10-06,20055.2455576769,-0.09881114106081713
2000-10-09,20160.23055468875,0.0052347899062082405
2000-10-10,17772.921410943694,-0.1184167580459456
2000-10-11,16298.946598740888,-0.0829337382482997
2000-10-12,14777.90757391941,-0.09332130856474971
2000-10-13,18805.753645781893,0.27255861844548096
2000-10-16,18298.363484916412,-0.02698058107228735
2000-10-17,16986.470287326316,-0.07169456430743144
2000-10-18,16452.215315902606,-0.03145179442148862
2000-10-19,20591.332015706255,0.2515841557095844
2000-10-20,21558.083862921227,0.04694945652265575
2000-10-23,20887.459882827345,-0.03110777304504884
2000-10-24,19621.271224545235,-0.06061956146822374
2000-10-25,15302.084641518177,-0.2201277650972976
2000-10-26,16176.017971254327,0.05711204389531099
2000-10-27,16294.514618650031,0.0073254522594052825
2000-10-30,14827.166820755054,-0.09005164205477545
2000-10-31,17727.04366069232,0.19557862098631162
2000-11-01,16796.700194098314,-0.052481591651795736
2000-11-02,18090.745085898485,0.07704161393884068
2000-11-03,18304.600130444705,0.01182124028229877
2000-11-06,17765.29213641477,-0.02946297598344943
2000-11-07,17582.41004715892,-0.010294347419200883
2000-11-08,14030.032943291118,-0.20204153437098438
2000-11-09,13997.099608775869,-0.0023473454872390076
2000-11-10,11700.970084040997,-0.16404323673564833
2000-11-13,11036.983043851365,-0.05674632405865613
2000-11-14,13401.200443025593,0.2142086646125019
2000-11-15,13888.468196299846,0.03636000784749415
2000-11-16,11831.325367970489,-0.14811877013747426
2000-11-17,11944.20020093354,0.009540337151797198
2000-11-20,10192.789183524274,-0.14663275798679076
2000-11-21,10124.76575700531,-0.006673681295098092
2000-11-22,8831.856144875177,-0.12769773080780375
2000-11-24,10432.61987327302,0.18124884533210062
2000-11-27,9749.407230005465,-0.06548811818763335
2000-11-28,8180.6084957498515,-0.16091221725023105
2000-11-29,8006.720664016574,-0.021256099937262466
2000-11-30,7115.077825735207,-0.11136180162854267
2000-12-01,7480.424144147306,0.05134818302206651
2000-12-04,7513.437050090384,0.0044132398520354225
2000-12-05,10144.490723931156,0.3501797720936678
2000-12-06,8976.28423253369,-0.11515674105173475
2000-12-07,8739.58970210396,-0.02636887650814948
2000-12-08,10428.02568488981,0.19319396451521936
2000-12-11,11254.458333793866,0.07925111366972902
2000-12-12,10004.581240406886,-0.1110561749234934
2000-12-13,8802.544022352778,-0.1201486788071922
2000-12-14,7746.320289426132,-0.11999073566056816
2000-12-15,6953.035973728164,-0.10240788994754264
2000-12-18,6893.3173732320265,-0.008588852513029186
2000-12-19,5724.268500278392,-0.16959162180654244
2000-12-20,4367.442020124906,-0.23703054461674855
2000-12-21,4451.956374410943,0.01935099628033977
2000-12-22,5719.537948013738,0.2847246169995353
2000-12-26,5488.398743748411,-0.04041221622554254
2000-12-27,5867.224299267509,0.06902296520466934
2000-12-28,5896.683822225455,0.005021032340901549
2000-12-29,5012.310975738047,-0.14997800003352368
2001-01-01,5006.949446374655,-0.0010696721311475408
2001-01-02,3640.030179798288,-0.27300440741739507
2001-01-03,5689.044051322918,0.5629112315871447
2001-01-04,5226.435372667294,-0.08131571393757261
2001-01-05,4000.300792912121,-0.23460245699535354
2001-01-08,4070.0060574434638,0.01742500580327582
2001-01-09,4228.877664495996,0.039034734791605116
2001-01-10,4789.463743942862,0.13256143211550603
2001-01-11,5446.633993386595,0.13721165553760434
2001-01-12,5327.322198362664,-0.021905601729215123
2001-01-16,5097.147112857977,-0.04320652608085738
2001-01-17,5640.311922858959,0.10656251388758324
2001-01-18,6378.377804320928,0.13085550791450856
2001-01-19,6270.945052305161,-0.01684327195905329
2001-01-22,6177.747411805243,-0.014861817433029256
2001-01-23,6785.8078998719,0.09842754122719498
2001-01-24,6757.414785698027,-0.004184190680436027
2001-01-25,5784.809468554073,-0.1439315696888195
2001-01-26,6023.697524436366,0.04129575177555568
2001-01-29,6450.445638310313,0.07084487760926846
2001-01-30,6388.718963962656,-0.009569365871568989
2001-01-31,5722.68803454152,-0.10425109214821762
2001-02-01,5815.134335845922,0.016154349275446372
2001-02-02,4910.6096708318855,-0.1555466499610031
2001-02-05,4878.167450959875,-0.006606556425103617
2001-02-06,4912.286577206485,0.006994250728292712
2001-02-07,4532.322547552335,-0.07734972780644005
2001-02-08,4226.639278544768,-0.06744517094721117
2001-02-09,3720.2370386796606,-0.11981203185133447
2001-02-12,3841.4472885485234,0.03258132441794122
2001-02-13,3445.230010489458,-0.10314270854117966
2001-02-14,3900.3860191759636,0.13211193659080034
2001-02-15,4230.462529584361,0.08462662638661904
2001-02-16,3380.938755716543,-0.20081108576827017
2001-02-20,2839.6552013175315,-0.1600985979068094
2001-02-21,2690.30918271495,-0.05259301148015725
2001-02-22,2587.28639459498,-0.03829403281298833
2001-02-23,2676.9776352692006,0.034666143207644974
2001-02-26,2837.5555449206313,0.05998477818260984
2001-02-27,2296.6788540834373,-0.19061360465890814
2001-02-28,2099.0480076611598,-0.0860507101682478
2001-03-01,2295.5692047419648,0.09362396494198162
2001-03-02,1991.7253171087675,-0.13236102270650174
2001-03-05,2102.602260834803,0.05566879266614275
2001-03-06,2298.36513808595,0.0931050445905175
2001-03-07,2367.338965464235,0.030009951959037096
2001-03-08,2160.1666211840916,-0.08751275051966095
2001-03-09,1741.2824072137182,-0.19391291850475986
2001-03-12,1358.6642644315762,-0.21973353730391249
2001-03-13,1622.8532951245033,0.19444761859800297
2001-03-14,1501.1021711627602,-0.07502287750070628
2001-03-15,1379.059763243053,-0.08130186623151214
2001-03-16,1255.9152153450814,-0.08929601978117316
2001-03-19,1444.7564690706529,0.150361466616745
2001-03-20,1153.907516898465,-0.2013134797446368
2001-03-21,1133.424507391723,-0.01775099755117069
2001-03-22,1338.3635238211448,0.1808139978383164
2001-03-23,1345.4187291015915,0.005271516411552731
2001-03-26,1277.9297231170915,-0.05016208301899143
2001-03-27,1412.068752580685,0.10496588899771832
2001-03-28,1085.970832435286,-0.23093629084945405
2001-03-29,1006.2587369731177,-0.07340169098594863
2001-03-30,1025.5537817124016,0.019175033249723184
2001-04-02,914.0272850778214,-0.10874758459606143
2001-04-03,701.3162926848971,-0.23271842740976134
2001-04-04,658.5975359879526,-0.06091225477366482
2001-04-05,872.2061544424914,0.3243386237910951
2001-04-06,749.8965161127574,-0.14023019409661655
2001-04-09,800.7411871647025,0.0678022499897838
2001-04-10,989.7399136513335,0.2360297303500092
2001-04-11,1081.4781413493256,0.0926892271723719
2001-04-12,1213.0482926240627,0.12165770739534452
2001-04-16,1075.9100336291724,-0.11305259636302951
2001-04-17,1117.3262492222955,0.038494125250808586
2001-04-18,1436.48494272149,0.28564503315065043
2001-04-19,1724.4835268123802,0.20048841134753792
2001-04-20,1671.8861294942942,-0.030500376779654986
2001-04-23,1355.1049365765548,-0.18947534005414476
2001-04-24,1243.3292843335387,-0.08248486831241163
2001-04-25,1353.3655098762588,0.08850127390163003
2001-04-26,1238.929159175211,-0.08455686942362738
2001-04-27,1338.0091865822053,0.07997231050155822
2001-04-30,1436.1539884873507,0.07335136626067972
2001-05-01,1584.1368152550156,0.10304105823883812
2001-05-02,1691.2797467634603,0.06763489774157964
2001-05-03,1472.1086538070915,-0.1295889064927245
2001-05-04,1579.9818486956501,0.07327801151741253
2001-05-07,1508.927260041794,-0.04497177528495979
2001-05-08,1589.3786202213762,0.053316924089073604
2001-05-09,1459.582917329215,-0.08166443240194254
2001-05-10,1369.3124357184058,-0.06184676494843382
2001-05-11,1330.7433248602797,-0.0281667717695786
2001-05-14,1272.5310510150837,-0.04374417872906334
2001-05-15,1275.962398095314,0.002696474146932014
2001-05-16,1494.375958754999,0.17117554638422003
2001-05-17,1554.6212310451149,0.04031466910128006
2001-05-18,1560.444092533419,0.0037455177968909858
2001-05-21,1862.6427287445592,0.19366194383838092
2001-05-22,1835.9736473863154,-0.014317872636916872
2001-05-23,1605.3895316875698,-0.12559227962068198
2001-05-24,1717.7291131956772,0.06997652550407307
2001-05-25,1607.6816757066138,-0.06406565310192035
2001-05-29,1391.6941564184783,-0.13434719232786174
2001-05-30,1180.7204329600418,-0.15159489064851497
2001-05-31,1222.0449831418455,0.034999436808427244
2001-06-01,1305.1553877359563,0.06800928422490327
2001-06-04,1300.029050831455,-0.003927759830493392
2001-06-05,1480.1403410363066,0.13854405029615185
2001-06-06,1433.503440864384,-0.03150843124731683
2001-06-07,1567.510763938163,0.09348238675518956
2001-06-08,1406.4586437127844,-0.10274386876984291
2001-06-11,1294.8611908134012,-0.07934641619094257
2001-06-12,1306.1994437017042,0.008756346215906392
2001-06-13,1175.1001426461999,-0.10036698582873028
2001-06-14,1019.6187863004031,-0.1323132818243638
2001-06-15,1001.7627989059906,-0.017512415065635806
2001-06-18,939.1883368895343,-0.06246434992873852
2001-06-19,954.8836545732582,0.0167115764402535
2001-06-20,1032.7133259410307,0.08150696788558484
2001-06-21,1085.8541318943383,0.05145746125129596
2001-06-22,1041.4273428446284,-0.04091414099258865
2001-06-25,1070.429427517319,0.02784839947976825
2001-06-26,1084.4010565146511,0.013052358836711889
2001-06-27,1092.325492791002,0.007307661892013077
2001-06-28,1190.8322510660587,0.09018077388577826
2001-06-29,1232.5273537290873,0.035013414043583525
2001-07-02,1225.3800747097941,-0.005798880647694006
2001-07-03,1215.2212968917988,-0.00829030765854521
2001-07-05,1072.2941409188236,-0.11761409739818057
2001-07-06,920.6483488967914,-0.1414218228331366
2001-07-09,967.1266303493483,0.050484293496264286
2001-07-10,843.639368532768,-0.12768468775590824
2001-07-11,869.3175066295615,0.03043733976219271
2001-07-12,1041.6046773136584,0.19818670321281454
2001-07-13,1043.1167290255942,0.0014516560311876175
2001-07-16,925.5820079116538,-0.11267647986408291
2001-07-17,997.5344768916437,0.07773754066625907
2001-07-18,888.8529549168205,-0.10895014106527838
2001-07-19,935.0745607950303,0.05200140880730397
2001-07-20,902.7213996950504,-0.03459955222444734
2001-07-23,826.9384852911767,-0.08394939394310805
2001-07-24,788.5922685094328,-0.04637130507747694
2001-07-25,822.3173516050543,0.042766185318260166
2001-07-26,891.128446456359,0.08367948787289309
2001-07-27,906.5654460766539,0.017322979287308356
2001-07-30,884.6968791012298,-0.024122436024960742
2001-07-31,906.0769523876123,0.024166552173330528
2001-08-01,980.0091677578159,0.08159595625447062
2001-08-02,1017.0473119798669,0.037793671162068145
2001-08-03,972.3054095560793,-0.043991957794656956
2001-08-06,932.6663729105564,-0.040768092263953115
2001-08-07,921.8224252706946,-0.011626823862022012
2001-08-08,807.2190563601382,-0.12432260896332924
2001-08-09,811.0853238975852,0.004789613806790569
2001-08-10,793.7665067672103,-0.021352645178131353
2001-08-13,845.9592374979361,0.06575325399315755
2001-08-14,809.9684462925527,-0.04254435628817299
2001-08-15,723.4373170995059,-0.1068327162485446
2001-08-16,737.008978069122,0.01875996807025285
2001-08-17,645.4356017471615,-0.1242500146495801
2001-08-20,669.7755869951558,0.03771094309348177
2001-08-21,597.3466725688518,-0.1081390779727358
2001-08-22,639.1691154703999,0.07001368689590799
2001-08-23,615.7030473856174,-0.036713394807120006
2001-08-24,717.5312287900126,0.16538521587115002
2001-08-27,715.2820454603916,-0.0031346138528547795
2001-08-28,644.3805085381277,-0.0991238873843508
2001-08-29,610.6191026856809,-0.05239358640601897
2001-08-30,554.4648012061758,-0.09196289672648973
2001-08-31,572.414904924704,0.0323737479448285
2001-09-04,518.635223789927,-0.09395227250738929
2001-09-05,508.8806733086566,-0.018808114130754585
2001-09-06,450.93702430514423,-0.11386490397989077
2001-09-07,443.4624940876117,-0.016575552271517715
2001-09-10,454.0827732266972,0.023948539686396545
2001-09-17,340.9266533621807,-0.24919712117778192
2001-09-18,317.93896815662407,-0.06742706966103885
2001-09-19,305.0853989452028,-0.040427788030969775
2001-09-20,273.2303095576006,-0.10441368055546903
2001-09-21,245.53263088099575,-0.10137117921306533
2001-09-24,287.24200591010316,0.16987304245244297
2001-09-25,284.8250138840288,-0.008414479694278392
2001-09-26,273.4942956405962,-0.03978133131258656
2001-09-27,253.9437391708513,-0.07148432995266799
2001-09-28,269.9310641615345,0.06295616912188175
2001-10-01,257.8735102698097,-0.044669011805581554
2001-10-02,263.2779285550927,0.020957632599131634
2001-10-03,324.5586010158615,0.23276038670269839
2001-10-04,333.2517508741342,0.026784530839926306
2001-10-05,341.9546619328999,0.026115124784603868
2001-10-08,348.09321785730367,0.01795137369879839
2001-10-09,319.39387254738534,-0.08244729813059228
2001-10-10,365.60712110529374,0.14469046694392104
2001-10-11,437.141406389617,0.19565889490353128
2001-10-12,440.78757120106786,0.008340927576650324
2001-10-15,426.3308928062163,-0.032797382093736574
2001-10-16,450.2474041500856,0.056098471275315843
2001-10-17,363.59891935559034,-0.19244638391210317
2001-10-18,376.4000839621034,0.03520682797737865
2001-10-19,390.9646797506127,0.03869445414357482
2001-10-22,421.57752325689876,0.07830079056198452
2001-10-23,422.38660537734046,0.0019191775552718877
2001-10-24,459.48852616093825,0.08783877213732345
2001-10-25,511.97993834222694,0.1142387876795498
2001-10-26,486.78419504774365,-0.049212364406437954
2001-10-29,405.8298962026724,-0.16630428774938197
2001-10-30,377.1108854404458,-0.0707661289396092
2001-10-31,396.0059514047078,0.050104801250150745
2001-11-01,447.59615381018637,0.1302763310058305
2001-11-02,449.0308820565973,0.003205407897717159
2001-11-05,500.1495131197643,0.11384212780430508
2001-11-06,543.5016568733936,0.08667836840070707
2001-11-07,545.0690478847885,0.0028838753140361098
2001-11-08,529.8545908834636,-0.02791289848573597
2001-11-09,534.3215787004399,0.008430591890367685
2001-11-12,548.5468189659642,0.026622994152926613
2001-11-13,604.408390593777,0.10183555841799302
2001-11-14,610.1548662843257,0.009507604096798452
2001-11-15,606.1951518743996,-0.006489687501862855
2001-11-16,605.5511906217465,-0.0010623002355955446
2001-11-19,645.8297089329317,0.06651546382037404
2001-11-20,564.3776767511417,-0.1261199834184905
2001-11-21,566.7726778066223,0.0042436140799676485
2001-11-23,594.406905116233,0.04875716207166799
2001-11-26,641.6815121978285,0.07953239889154928
2001-11-27,629.9109916306021,-0.018343244029130627
2001-11-28,567.7414240801163,-0.09869579730550847
2001-11-29,613.8507131871589,0.08121529828786256
2001-11-30,609.9683306465555,-0.006324636360599542
2001-12-03,576.8633948458701,-0.05427320425897322
2001-12-04,650.4027714176468,0.12748144054351984
2001-12-05,753.69666195165,0.15881526812817706
2001-12-06,749.661811261032,-0.005353414568892962
2001-12-07,691.7989203211799,-0.07718532553034667
2001-12-10,655.9397540044844,-0.051834666495355695
2001-12-11,674.8181133334309,0.02878062994916063
2001-12-12,685.2417153972925,0.015446535678142378
2001-12-13,601.3274098310022,-0.12245942370516376
2001-12-14,605.4244789232307,0.006813374918964442
2001-12-17,644.2273688698215,0.06409204004371125
2001-12-18,664.5106861537232,0.03148471838364308
2001-12-19,629.4955515593092,-0.05269310986868594
2001-12-20,546.6438514197876,-0.13161602164509584
2001-12-21,568.5377494005978,0.04005148493657354
2001-12-24,567.1110378226108,-0.002509440366081502
2001-12-26,581.4460438720489,0.025277247476043565
2001-12-27,598.4624304747823,0.02926563312636093
2001-12-28,614.6985553008985,0.027129731123197793
2001-12-31,564.1350579392094,-0.08225738766693208
2002-01-02,599.7273549772696,0.06309180139961366
2002-01-03,662.532811102418,0.10472334737428955
2002-01-04,672.4468649537044,0.014963868483418942
2002-01-07,641.890815299714,-0.04544009533912261
2002-01-08,661.3757266402978,0.03035549173808609
2002-01-09,646.0454395486523,-0.02317939179522255
2002-01-10,649.4015347088966,0.005194828343017223
2002-01-11,622.864105198724,-0.04086443916716084
2002-01-14,587.9008242156161,-0.05613308054082347
2002-01-15,597.4083938051391,0.016172063718754164
2002-01-16,537.9051231800331,-0.09960233442001919
2002-01-17,582.7118094698612,0.08329849328248855
2002-01-18,523.629015645174,-0.10139282036936835
2002-01-22,476.2950585394285,-0.09039597824315446
2002-01-23,521.3741826990981,0.09464537444059548
2002-01-24,537.3941469485643,0.030726424094366222
2002-01-25,530.262697147339,-0.013270427007288954
2002-01-28,536.8379041971195,0.012399904962489598
2002-01-30,510.0519852084783,-0.04989572975235709
2002-01-31,521.1657628907362,0.02178949990306443
2002-02-01,498.9031913150005,-0.042716872751296084
2002-02-04,450.7779630067132,-0.09646205746136771
2002-02-05,435.8204497503337,-0.033181553855499285
2002-02-06,420.6711883103937,-0.03476032721415087
2002-02-07,392.61177034026224,-0.06670154446001111
2002-02-08,424.4863154183636,0.08118591312348299
2002-02-11,446.69171716839264,0.0523112311127014
2002-02-12,434.9651670004049,-0.026251998228942114
2002-02-13,454.5107196388868,0.044935903197194975
2002-02-14,443.4221151950143,-0.024396794101319577
2002-02-15,409.08977260181234,-0.0774258689783726
2002-02-19,366.698061825493,-0.10362446977519843
2002-02-20,383.30549300472677,0.045289116327909634
2002-02-21,334.2650811527368,-0.1279408011285276
2002-02-22,340.11418577723407,0.017498401580943516
2002-02-25,379.00557550885765,0.11434803768254588
2002-02-26,373.47553129001415,-0.014590931047435928
2002-02-27,355.2778807601265,-0.04872514798233642
2002-02-28,340.34984139362484,-0.0420179250522513
2002-03-01,397.54918239492736,0.16806043089983327
2002-03-04,446.6899345547045,0.12360923965115968
2002-03-05,450.45461411605646,0.008427948046568195
2002-03-06,469.3409277922396,0.041927228813594175
2002-03-07,457.1205781695737,-0.02603725543423177
2002-03-08,501.0321414760044,0.09606122630108614
2002-03-11,499.61235278677316,-0.002833727762551687
2002-03-12,467.477810501541,-0.064318950694453
2002-03-13,435.82192934913604,-0.06771632886370034
2002-03-14,427.78975216374675,-0.018429951878246868
2002-03-15,443.57540609719626,0.036900495754295486
2002-03-18,452.7652945127144,0.020717759120992465
2002-03-19,451.6185993096784,-0.002532648188660526
2002-03-20,403.26417166059446,-0.1070691679284159
2002-03-21,434.8638939232069,0.07835985560653327
2002-03-22,418.2861159016638,-0.03812176235645498
2002-03-25,381.88042933023803,-0.08703536930206034
2002-03-26,391.43121473424884,0.02500988443100222
2002-03-27,388.911374371578,-0.006437504899504763
2002-03-28,402.11049878115944,0.03393864329864141
2002-04-01,423.2776565047909,0.052640151868184146
2002-04-02,364.75423401761617,-0.1382624893797396
2002-04-03,352.14823388755644,-0.034560257166064604
2002-04-04,354.2036017461532,0.005836655308210562
2002-04-05,338.7641617398125,-0.04358916716325675
2002-04-08,350.6486468278366,0.03508188418452596
2002-04-09,314.6356822696602,-0.10270384581252438
2002-04-10,327.2116889551501,0.03997005868746822
2002-04-11,299.35557239498416,-0.08513178929859115
2002-04-12,317.7656365174222,0.06149898588875076
2002-04-15,319.9529989945204,0.006883571493351851
2002-04-16,361.5987912237305,0.130162218701139
2002-04-17,353.72084317794514,-0.021786433574970197
2002-04-18,347.780570778087,-0.016793673639610297
2002-04-19,339.60548518869416,-0.023506447099971066
2002-04-22,313.6228837901212,-0.07650819121527547
2002-04-23,294.7571506378481,-0.06015419832979471
2002-04-24,281.02988261554304,-0.0465714504045094
2002-04-25,281.0011636713744,-0.00010219178082191782
2002-04-26,247.6813444440531,-0.11857537809447716
2002-04-29,245.14620057080836,-0.010235505943877787
2002-04-30,263.00644914845844,0.0728554982131623
2002-05-01,257.0236365820699,-0.022747778945190054
2002-05-02,231.4091786600932,-0.09965798578916991
2002-05-03,211.7660690173073,-0.08488474725386243
2002-05-06,195.919262417486,-0.07483166058357613
2002-05-07,194.93243428797737,-0.005036912232783961
2002-05-08,257.0420249627029,0.3186211207056997
2002-05-09,231.76073352276683,-0.09835470072881826
2002-05-10,202.79708606911686,-0.12497219444123284
2002-05-13,229.7363122136522,0.1328383295179794
2002-05-14,265.24633701962284,0.154568620275173
2002-05-15,268.57150750589386,0.012536159871738308
2002-05-16,271.49393372241406,0.010881371012359017
2002-05-17,277.62501734817994,0.022582764711179558
2002-05-20,256.4384765476181,-0.07631351454898239
2002-05-21,234.80111603500376,-0.08437641965400032
2002-05-22,239.6006108670631,0.020440681514238817
2002-05-23,252.2296663880729,0.05270877847643186
2002-05-24,232.36298131117303,-0.07876426814256492
2002-05-28,227.70059017888306,-0.020065120123614964
2002-05-29,213.33285335046895,-0.06309925159669862
2002-05-30,218.15300174586466,0.022594496439219507
2002-05-31,207.71607440494836,-0.04784223575834498
2002-06-03,182.27492012442204,-0.12248043081599966
2002-06-04,191.5261085433557,0.05075403907799669
2002-06-05,199.69530088507017,0.04265315263723023
2002-06-06,180.6440450694237,-0.09540162302873097
2002-06-07,172.48925285363214,-0.04514287870744693
2002-06-10,170.33970712554662,-0.012461911061262107
2002-06-11,154.73010122376112,-0.09163809287449727
2002-06-12,164.1459149119601,0.060853147601722266
2002-06-13,156.76453667838965,-0.04496839435528723
2002-06-14,158.0490556507801,0.00819393849914974
2002-06-17,175.22561279235714,0.10867864455659745
2002-06-18,169.9048117526167,-0.03036542977336082
2002-06-19,151.6313872373035,-0.10755095354167786
2002-06-20,137.07224311023228,-0.09601669148014928
2002-06-21,126.67766913928762,-0.07583281439835668
2002-06-24,134.73026304655602,0.06356758821015426
2002-06-25,121.36422733153177,-0.09920589044204285
2002-06-26,122.94669282387359,0.013038978017953975
2002-06-27,131.34346128670367,0.06829600918878558
2002-06-28,131.61881866128624,0.0020964680836415947
2002-07-01,111.5842144153346,-0.15221686723620878
2002-07-02,99.99931821475617,-0.10382199902808438
2002-07-03,109.95727720620515,0.09958026883806852
2002-07-05,131.53907634373215,0.19627440480409664
2002-07-08,114.17991534681431,-0.13196961298067533
2002-07-09,106.02966509840938,-0.07138076975840325
2002-07-10,96.00295981566548,-0.09456509433881369
2002-07-11,107.69909365241126,0.12183097124508921
2002-07-12,108.59130844900349,0.008284329666429401
2002-07-15,115.13325862532953,0.060243773371588524
2002-07-16,111.83332443335858,-0.028661867399321146
2002-07-17,117.60763665162014,0.051633198311139085
2002-07-18,105.8901863111558,-0.09963171333145666
2002-07-19,96.5658920858359,-0.08805626423133006
2002-07-22,88.6295767430461,-0.08218549190986961
2002-07-23,76.61291538754732,-0.13558297125052685
2002-07-24,90.67443988578158,0.1835398695781761
2002-07-25,74.33371207944366,-0.18021316510939123
2002-07-26,78.42986524277939,0.055104918734019334
2002-07-29,93.70244687570072,0.1947291581548063
2002-07-30,96.65714212115078,0.03153274374328315
2002-07-31,91.24926939967148,-0.055949023556904176
2002-08-01,77.4346169610379,-0.15139466353561082
2002-08-02,72.06656939044782,-0.06932361495752057
2002-08-05,63.46198834645709,-0.11939767796316451
2002-08-06,73.41373660481477,0.15681431542970659
2002-08-07,77.59904909799691,0.05700993692381626
2002-08-08,84.72386889297556,0.09181581318066119
2002-08-09,82.05607413687653,-0.03148811298347373
2002-08-12,82.46425241730576,0.004974382271181448
2002-08-13,74.19341617969889,-0.10029601912538733
2002-08-14,89.199124823687,0.20225121603302096
2002-08-15,92.54312460184624,0.03748915457151692
2002-08-16,96.80149244340465,0.04601495637714234
2002-08-19,105.48634054882886,0.08971812196492568
2002-08-20,99.94496930082987,-0.05253164740731462
2002-08-21,108.09974078832025,0.08159261586188372
2002-08-22,112.33555516877583,0.039184315795447636
2002-08-23,99.94288812189399,-0.11031829618203053
2002-08-26,101.7815596045281,0.018397221825244826
2002-08-27,89.06235241029758,-0.1249657329250108
2002-08-28,80.92634672828858,-0.09135179412876486
2002-08-29,85.26575975365127,0.053621758559450804
2002-08-30,80.1051946699201,-0.06052329913720353
2002-09-03,69.1733564518295,-0.1364685307006132
2002-09-04,74.08878792579073,0.07105960627173255
2002-09-05,64.89593814710979,-0.12407882536678487
2002-09-06,73.55513233331854,0.13343199025152552
2002-09-09,75.92773798907706,0.03225615372435125
2002-09-10,79.70484088637843,0.04974602164290401
2002-09-11,79.36365306766689,-0.0042806411118481175
2002-09-12,71.45859092730046,-0.09960557301497235
2002-09-13,73.51770773816149,0.028815524965443318
2002-09-16,69.83054410011206,-0.05015340863430522
2002-09-17,67.2983844655871,-0.03626149082978297
2002-09-18,66.76738457927713,-0.007890232292002359
2002-09-19,60.21136127803702,-0.09819200411326189
2002-09-20,61.38797728170659,0.01954142837323236
2002-09-23,55.34304969654724,-0.09847087089088237
2002-09-24,55.473276941379495,0.0023530912290938935
2002-09-25,62.700165711582315,0.1302769399730923
2002-09-26,61.26234519152645,-0.022931686124559293
2002-09-27,58.43956214080571,-0.0460769668855441
2002-09-30,52.75055977603667,-0.09734847689415997
2002-10-01,59.9894052759323,0.1372278423324727
2002-10-02,55.62788816915413,-0.07270478989942586
2002-10-03,52.41048454912099,-0.057837960884828385
2002-10-04,49.044280595510855,-0.06422768235342688
2002-10-07,47.08768316831883,-0.03989450764562981
2002-10-08,48.28194982322088,0.025362612355189367
2002-10-09,47.55409851843971,-0.015075018872396718
2002-10-10,54.996683528387784,0.15650775099988734
2002-10-11,62.96120312657307,0.1448181797012218
2002-10-14,65.09242659254578,0.033849789396308755
2002-10-15,75.85393730887067,0.16532661754473998
2002-10-16,66.19943432628939,-0.12727754583481898
2002-10-17,73.81469990257101,0.11503520617331635
2002-10-18,76.40105140892514,0.03503843421117875
2002-10-21,81.94391913146403,0.07254962622008336
2002-10-22,78.04982950416886,-0.04752139839745546
2002-10-23,84.22433084387086,0.07910973513878357
2002-10-24,77.98139341318391,-0.0741227311411909
2002-10-25,85.40214794915349,0.09516057884027225
2002-10-28,81.23517756745224,-0.04879233698176036
2002-10-29,76.58894169989534,-0.05719487550450635
2002-10-30,82.62408622477591,0.07879916331170315
2002-10-31,83.4828650776557,0.010393807570149896
2002-11-01,90.94572712025541,0.08939393773390204
2002-11-04,98.39566071831065,0.08191625746423865
2002-11-05,99.34419701414805,0.009640021611856401
2002-11-06,103.72342801944745,0.04408139717185223
2002-11-07,92.01467540739256,-0.11288435829424752
2002-11-08,87.33632067048897,-0.05084357159540359
2002-11-11,77.96655804829784,-0.10728368850735419
2002-11-12,85.0442728862757,0.09077885461601927
2002-11-13,87.58197025407364,0.029839720908560675
2002-11-14,99.48816313358179,0.1359434235718666
2002-11-15,100.45140643886812,0.0096819890421838
2002-11-18,95.85179795912926,-0.04578938854915933
2002-11-19,90.55139502927162,-0.055297897824699155
2002-11-20,102.34340758081174,0.13022452660975842
2002-11-21,115.98759560052983,0.13331770303763285
2002-11-22,115.31289115764434,-0.005817039653181664
2002-11-25,118.70279721307605,0.029397459567615577
2002-11-26,106.18804129732452,-0.10542932609487779
2002-11-27,117.36145650434037,0.1052229146569386
2002-11-29,114.3441880474179,-0.0257091940300764
2002-12-02,115.63995544820352,0.01133216670573823
2002-12-03,105.83450932365845,-0.0847928908874152
2002-12-04,100.1927303457676,-0.05330755548398121
2002-12-05,95.56487028947478,-0.04618957922717503
2002-12-06,99.06983990281975,0.03667633935700522
2002-12-09,84.78360410064427,-0.14420368314099666
2002-12-10,89.34395109547533,0.053788076635874024
2002-12-11,90.18322820785575,0.009393776546590502
2002-12-12,91.11644845209665,0.010348046557947584
2002-12-13,82.14400168321684,-0.09847230572860792
2002-12-16,91.08332306996965,0.10882500491303965
2002-12-17,90.43967171104765,-0.007066621388281549
2002-12-18,83.5693209854857,-0.07596611747455845
2002-12-19,81.66387634224048,-0.02280076732436473
2002-12-20,83.4965296387558,0.02244141937170547
2002-12-23,88.08972036418972,0.05501055846639548
2002-12-24,85.78183517764157,-0.026199256587563866
2002-12-26,84.03914333105222,-0.020315394780031082
2002-12-27,79.41462801104521,-0.05502811114803759
2002-12-30,77.48977403643534,-0.024238027965605615
2002-12-31,76.16907954578963,-0.017043468084249665
2003-01-02,86.26818262662778,0.1325879627410619
2003-01-03,87.21102463023058,0.010929197473458567
2003-01-06,94.7618979780162,0.08658163781243089
2003-01-07,97.53215680720723,0.029233889235035195
2003-01-08,89.51833378836893,-0.08216595716917537
2003-01-09,98.14907483877222,0.09641311098134703
2003-01-10,101.23662344948215,0.03145774543246371
2003-01-13,99.99628504304201,-0.012251874511194867
2003-01-14,103.27682715291203,0.03280663985125003
2003-01-15,97.2500936139154,-0.05835513837071539
2003-01-16,93.9438339980244,-0.03399749545760739
2003-01-17,82.28614553172575,-0.12409210876515647
2003-01-21,80.16327268427625,-0.025798666758926288
2003-01-22,84.48357756091487,0.05389381860261827
2003-01-23,87.45826538664552,0.03521024927697718
2003-01-24,75.75908088050188,-0.1337687690742841
2003-01-27,73.26306794637794,-0.03294671615751264
2003-01-28,78.73881780168614,0.0747409303049655
2003-01-29,82.59829345715201,0.04901617478162376
2003-01-30,73.43108007649587,-0.11098550583749828
2003-01-31,75.85852267998135,0.0330574274674526
2003-02-03,76.18891610576756,0.0043553896663664285
2003-02-04,67.57958497490293,-0.11299978488882724
2003-02-05,69.17534216651158,0.023613006682436228
2003-02-06,67.7160504901657,-0.021095546919496767
2003-02-07,65.77851366778053,-0.028612667282870447
2003-02-10,70.493677861875,0.07168243748876364
2003-02-11,67.87553075875746,-0.037140168913409835
2003-02-12,66.62855605094762,-0.01837149107889595
2003-02-13,62.851865995259146,-0.05668275405519257
2003-02-14,71.60676139972266,0.1392941206411261
2003-02-18,78.85174557071795,0.10117737528377256
2003-02-19,73.93231540749257,-0.06238834825556791
2003-02-20,75.11584074333538,0.01600822765146178
2003-02-21,79.54471187992725,0.05896054803839518
2003-02-24,73.66913188673665,-0.0738651238319876
2003-02-25,75.32861437348707,0.02252615775765898
2003-02-26,69.05365820636074,-0.0833010963936552
2003-02-27,74.80223462010493,0.08324796343975123
2003-02-28,77.56763213776905,0.03696945060142434
2003-03-03,71.82314547968468,-0.07405778028497124
2003-03-04,70.43570416930038,-0.019317467943209824
2003-03-05,73.25562005693705,0.040035319031647254
2003-03-06,72.47727941040414,-0.01062499567852879
2003-03-07,72.56398483241894,0.0011963117644611795
2003-03-10,66.04631242843655,-0.08981965942243202
2003-03-11,64.90092817340894,-0.017342137856200136
2003-03-12,67.83616346158294,0.045226399233171954
2003-03-13,80.07653937380552,0.180440273854145
2003-03-14,77.81488394476132,-0.02824367095194454
2003-03-17,90.83394915274691,0.1673081619864327
2003-03-18,92.10731658675819,0.014018629002576687
2003-03-19,86.1282265895532,-0.06491438702997221
2003-03-20,93.5404379072349,0.08606018736464703
2003-03-21,96.2129225860249,0.028570367410940798
2003-03-24,82.02742678808484,-0.14743857079340533
2003-03-25,89.02973351936174,0.08536543209342806
2003-03-26,88.91136328894635,-0.001329558404099462
2003-03-27,87.83532442138647,-0.012102377331263355
2003-03-28,81.35848806510896,-0.07373840079653096
2003-03-31,78.6597849247801,-0.033170517354859895
2003-04-01,78.33409970732596,-0.004140428527303694
2003-04-02,86.39096010025828,0.10285253067354538
2003-04-03,89.26559410087343,0.03327470834076935
2003-04-04,80.72182069166888,-0.0957118304679602
2003-04-07,82.75595285984762,0.02519928503531237
2003-04-08,83.41218929138196,0.00792977917426335
2003-04-09,75.69295749741926,-0.09254321052523012
2003-04-10,78.37861312742737,0.0354809181567477
2003-04-11,74.95568272589213,-0.04367173984018142
2003-04-14,81.53807790401154,0.08781715993690291
2003-04-15,83.40183226142868,0.02285747230405889
2003-04-16,81.73633319184687,-0.019969574101935648
2003-04-17,89.49331955118484,0.09490254892070127
2003-04-21,86.0142514950641,-0.0388751704995245
2003-04-22,93.94775350844023,0.092234738726191
2003-04-23,96.96907209142668,0.03215956177935661
2003-04-24,96.88104100805717,-0.0009078263973333038
2003-04-25,88.00883658514684,-0.0915783349414305
2003-04-28,95.10911535693168,0.08067688481389552
2003-04-29,93.37801376587531,-0.01820121640875094
2003-04-30,96.68561576061862,0.03542163579358626
2003-05-01,97.41081871257376,0.007500629191323149
2003-05-02,102.04414384120413,0.047564789926483886
2003-05-05,106.19576420967334,0.04068455290221997
2003-05-06,108.40950199895401,0.020845820035814807
2003-05-07,100.10126292792852,-0.07663755406888281
2003-05-08,100.33537547013626,0.0023387571281323
2003-05-09,103.43560388730268,0.030898657653293707
2003-05-12,108.7779752435231,0.05164924992405077
2003-05-13,109.26903903424606,0.0045143678177831355
2003-05-14,102.29713784613031,-0.06380490987873232
2003-05-15,104.51434867723157,0.021674221564598053
2003-05-16,103.75618557196026,-0.007254153280069889
2003-05-19,94.49513664275555,-0.08925780066174169
2003-05-20,92.17644038380126,-0.02453773116091953
2003-05-21,92.39769819617193,0.00240037271399724
2003-05-22,100.81877739655579,0.09113949118629405
2003-05-23,100.22907254716141,-0.005849156919200284
2003-05-27,110.43944424543959,0.10187035995443179
2003-05-28,112.62374248954008,0.019778243715588877
2003-05-29,117.33213642203854,0.04180640625519741
2003-05-30,118.15170013458888,0.0069849892582062685
2003-06-02,111.94952852952858,-0.05249329123487251
2003-06-03,117.24220211311095,0.047277319101762326
2003-06-04,125.9082174524801,0.07391549444805283
2003-06-05,126.90427376109706,0.007910971410526667
2003-06-06,120.26214862126749,-0.052339648957242066
2003-06-09,113.59095053538258,-0.0554721345191829
2003-06-10,120.73907941000974,0.06292868261896087
2003-06-11,125.95886690804679,0.04323196369844377
2003-06-12,122.11700780127562,-0.03050090240630553
2003-06-13,117.02482885326356,-0.04169917884246474
2003-06-16,129.09369271853583,0.10313079697305376
2003-06-17,125.10376238610841,-0.030907244563269983
2003-06-18,132.9258576830464,0.06252486054573309
2003-06-19,122.58593424637421,-0.07778714854206248
2003-06-20,120.86866718136402,-0.014008679507706094
2003-06-23,112.67619106798603,-0.06777998222719832
2003-06-24,112.2189312110883,-0.004058176377490578
2003-06-25,111.73743249464066,-0.00429070845044785
2003-06-26,120.39669074308419,0.07749648488530343
2003-06-27,115.16223008039347,-0.04347678188149373
2003-06-30,115.20281923923369,0.00035245200454950715
2003-07-01,120.78239420905939,0.048432625231497065
2003-07-02,128.66391290145037,0.06525387035091415
2003-07-03,123.26935112147096,-0.04192754330510185
2003-07-07,139.46226978161036,0.13136208240589126
2003-07-08,144.87462012545544,0.038808706844657655
2003-07-09,140.3433981027082,-0.03127685179656299
2003-07-10,132.25577017605346,-0.05762741985722718
2003-07-11,135.70770419606896,0.026100441707915253
2003-07-14,141.67023057388727,0.04393653560894153
2003-07-15,140.03934396181054,-0.011511851187579941
2003-07-16,137.3818852718802,-0.018976514847534917
2003-07-17,128.38001461339024,-0.06552443679656297
2003-07-18,133.94914047147262,0.043380006419640224
2003-07-21,122.65658359902909,-0.08430481026377709
2003-07-22,132.57420261220176,0.08085680134051262
2003-07-23,134.1484608569173,0.011874544320816765
2003-07-24,128.33515753510906,-0.043334849201204756
2003-07-25,136.37860590251745,0.06267533014254413
2003-07-28,138.76468149143284,0.017495967003951923
2003-07-29,129.45311113446252,-0.06710331661407093
2003-07-30,130.84911005631963,0.010783819018510091
2003-07-31,142.39167633615273,0.0882127992682943
2003-08-01,129.6462029681943,-0.08950996080606143
2003-08-04,134.8583620258633,0.040202944153695526
2003-08-05,118.92917640131235,-0.11811789336056175
2003-08-06,121.92164015122106,0.025161729362448326
2003-08-07,118.40909248033537,-0.02880987875925084
2003-08-08,112.31213182118141,-0.05149064595834568
2003-08-11,119.55300505086893,0.06447098022514723
2003-08-12,122.85592161386948,0.027627214904344517
2003-08-13,120.5254779023552,-0.018968916442129252
2003-08-14,126.43632501963307,0.04904230391906517
2003-08-15,127.47351574824775,0.00820326538638011
2003-08-18,135.784132245473,0.06519484810976875
2003-08-19,140.98294174668368,0.03828731248075577
2003-08-20,142.96808312249715,0.014080720342609675
2003-08-21,140.1920371851196,-0.01941724248340793
2003-08-22,141.95909361288466,0.012604542049928915
2003-08-25,139.09049001086208,-0.02020725498463037
2003-08-26,143.59157146636943,0.03236081384971655
2003-08-27,146.9321805554462,0.02326466000032015
2003-08-28,151.0787211887392,0.028220779257599565
2003-08-29,155.24111231761566,0.027551140863023838
2003-09-02,160.85749765283074,0.03617846620245967
2003-09-03,158.5870802380689,-0.014114464341985138
2003-09-04,166.06965498540768,0.047182751180651204
2003-09-05,158.43969438454664,-0.045944339449199637
2003-09-08,169.78032264665714,0.07157693850750436
2003-09-09,161.50416506369683,-0.04874627079243135
2003-09-10,149.8988598726218,-0.07185762166875334
2003-09-11,158.57598658754304,0.05788654244798598
2003-09-12,158.42759197119977,-0.0009357950061458544
2003-09-15,154.2998370905215,-0.026054520108016718
2003-09-16,167.19924438126156,0.08359961704413528
2003-09-17,162.21247523408186,-0.029825309113290305
2003-09-18,173.52650405988638,0.06974820407294652
2003-09-19,166.67972357304654,-0.03945668429116127
2003-09-22,157.73527459396593,-0.05366248987784509
2003-09-23,168.19706477766692,0.06632498793076712
2003-09-24,150.3579915761421,-0.1060605500167652
2003-09-25,145.65968046111476,-0.03124749849194471
2003-09-26,140.2133684461947,-0.037390662932107646
2003-09-29,148.65148747863213,0.06018055999899529
2003-09-30,137.52130688545873,-0.07487433043529625
2003-10-01,148.24131923709226,0.07795164687143494
2003-10-02,144.8352955989588,-0.022976209707672505
2003-10-03,164.44060203494925,0.1353627674450053
2003-10-06,163.8059181401104,-0.003859654410070572
2003-10-07,166.82581831969284,0.018435842940664627
2003-10-08,160.97365995388398,-0.03507945247775872
2003-10-09,164.5509857639379,0.02222305072195487
2003-10-10,167.1518755228688,0.01580598102682953
2003-10-13,171.1004748035967,0.023622823664863207
2003-10-14,176.91472233360514,0.0339814809788372
2003-10-15,172.70717675011326,-0.023782902451486062
2003-10-16,179.25094682381155,0.03788939288357619
2003-10-17,165.85418009230912,-0.07473749494149284
2003-10-20,171.9756500592761,0.03690874697013953
2003-10-21,179.2443078556869,0.04226562187091869
2003-10-22,162.65729731048714,-0.0925385622764339
2003-10-23,163.30047646978247,0.0039541979974472685
2003-10-24,157.51695208217131,-0.03541645751830593
2003-10-27,157.03712765392314,-0.0030461764394594344
2003-10-28,174.44727983200426,0.11086647112171724
2003-10-29,175.78688933841863,0.00767916534843341
2003-10-30,172.02520571596727,-0.021399113646123572
2003-10-31,171.35162649296058,-0.003915584464516568
2003-11-03,183.67909102325683,0.07194250082477452
2003-11-04,175.86710898222975,-0.042530600502797375
2003-11-05,180.51460510943227,0.02642618141674302
2003-11-06,182.46346789905726,0.01079615019761724
2003-11-07,179.82119034546326,-0.014481131943933866
2003-11-10,170.76960528878234,-0.05033658735820556
2003-11-11,166.87871214285403,-0.02278445944375506
2003-11-12,181.89487258509246,0.08998248038601883
2003-11-13,181.40883802179837,-0.0026720630240234682
2003-11-14,168.2375147200598,-0.07260574206509104
2003-11-17,157.62094529889114,-0.06310464963081636
2003-11-18,153.0793132913703,-0.02881363259755027
2003-11-19,159.2059267366919,0.04002247797950477
2003-11-20,163.14507114677258,0.024742448292113944
2003-11-21,156.6604145905026,-0.03974779324124427
2003-11-24,171.4394556875218,0.09433806961158882
2003-11-25,168.545868577885,-0.01687818651799075
2003-11-26,164.46349066254913,-0.024221168693015986
2003-11-28,173.86987541092617,0.0571943639921722
2003-12-01,181.25994271815296,0.04250343706614495
2003-12-02,175.3242343999885,-0.03274693917008496
2003-12-03,171.06689394852773,-0.02428266956950161
2003-12-04,176.299085929466,0.030585649041553215
2003-12-05,165.69167846887473,-0.06016711547123453
2003-12-08,170.45028832584097,0.028719667160956232
2003-12-09,157.4260413905617,-0.0764108237258098
2003-12-10,153.9550779934367,-0.022048216206579145
2003-12-11,170.63696348228584,0.1083555392018982
2003-12-12,164.11425342249507,-0.03822565713007378
2003-12-15,161.42036590243606,-0.016414707826284066
2003-12-16,165.06940903662564,0.022605841052269194
2003-12-17,159.23378199887037,-0.03535256515312568
2003-12-18,173.58222868238445,0.09010931288196038
2003-12-19,167.59724169836724,-0.03447926109399348
2003-12-22,168.8415558961044,0.007424431244379321
2003-12-23,178.9500950703756,0.059869971705848346
2003-12-24,178.70697196195886,-0.0013586084339386132
2003-12-26,176.72493844685727,-0.011090969162207634
2003-12-29,187.0075688438484,0.058184376734601036
2003-12-30,186.99749969292637,-5.3843547532693493e-05
2003-12-31,182.6647083507773,-0.023170316978911944
2004-01-02,182.43005364061224,-0.0012846198495793447
2004-01-05,196.67189685301273,0.07806741777567505
2004-01-06,199.7668344676737,0.01573655242148841
2004-01-07,203.72645039576918,0.019821187729418828
2004-01-08,210.2480090772762,0.03201134987056393
2004-01-09,214.84242233029752,0.021852350817422667
2004-01-12,214.06381407985182,-0.003624089888768217
2004-01-13,202.83419254964005,-0.05245922379960401
2004-01-14,212.32032626611158,0.04676792210046126
2004-01-15,215.9548506864621,0.017118118101397243
2004-01-16,219.28671668528216,0.015428530492503303
2004-01-20,214.00876859733955,-0.024068708619124725
2004-01-21,219.63583974829635,0.02629364762872963
2004-01-22,209.2488542984799,-0.04729185119204579
2004-01-23,204.8515026643912,-0.02101493768666537
2004-01-26,218.51925582729362,0.06672029731358291
2004-01-27,203.961685916182,-0.06661916294743905
2004-01-28,191.62479793927605,-0.06048630124569475
2004-01-29,186.01764677102108,-0.029261093702662676
2004-01-30,191.17025906384598,0.02769958862648939
2004-02-02,188.73082385133367,-0.012760537253326572
2004-02-03,194.63925301226746,0.03130611651220233
2004-02-04,180.5589213164046,-0.07234065830994238
2004-02-05,185.88343741595975,0.029489077918363648
2004-02-06,194.76590594123644,0.047785153151649565
2004-02-09,191.50356091331446,-0.016750082680827397
2004-02-10,196.5485919141466,0.02634431953521647
2004-02-11,200.7127083907293,0.021186193378589895
2004-02-12,194.70912377861916,-0.029911332771330474
2004-02-13,186.5556031607659,-0.04187539063204694
2004-02-17,199.22612397471048,0.0679182002538173
2004-02-18,200.50273661566317,0.006407857641775646
2004-02-19,188.3251709550464,-0.06073515936073988
2004-02-20,191.60157564912893,0.017397593096382325
2004-02-23,176.51076580528996,-0.07876140784705263
2004-02-24,183.66221733604752,0.040515667688204145
2004-02-25,178.87053304974248,-0.02608965717503935
2004-02-26,186.06127118850384,0.040200797840534444
2004-02-27,178.14231636774716,-0.04256100568470149
2004-03-01,189.18071616087863,0.06196393994532109
2004-03-02,182.70637798834957,-0.034223034482136566
2004-03-03,182.71417464457485,4.267314754487842e-05
2004-03-04,185.70585908361434,0.016373576077822416
2004-03-05,190.5538756285871,0.026105889005849436
2004-03-08,170.12158588249895,-0.10722578944504478
2004-03-09,165.98547427096406,-0.02431267960546545
2004-03-10,161.72904286959616,-0.025643396930140124
2004-03-11,156.58761665778343,-0.03179037061363381
2004-03-12,166.35770496942436,0.06239374811478926
2004-03-15,155.3247485334299,-0.06632068191865394
2004-03-16,153.3950697231562,-0.012423511568462955
2004-03-17,165.9659983998193,0.081951321508252
2004-03-18,157.21317600711888,-0.052738648139328506
2004-03-19,154.34822732781188,-0.018223336949679526
2004-03-22,144.63719505523216,-0.06291638356140625
2004-03-23,144.40705366204918,-0.0015911632764662156
2004-03-24,151.7390010923741,0.05077277906025038
2004-03-25,162.84351066125598,0.07318164406606187
2004-03-26,159.2433144001165,-0.02210831887939661
2004-03-29,169.4762260227243,0.06425959960175455
2004-03-30,169.27989108866228,-0.0011584806829228755
2004-03-31,170.19757090650583,0.00542107991647337
2004-04-01,173.58340601379464,0.019893557171557715
2004-04-02,185.2558399561445,0.06724395038902647
2004-04-05,191.95037501511388,0.036136701874306176
2004-04-06,183.28037681382918,-0.0451679148873871
2004-04-07,185.66768170846618,0.013025425504564295
2004-04-08,180.5203347001788,-0.02772344093987064
2004-04-12,187.44471002140824,0.038357868839152896
2004-04-13,177.0580746289443,-0.055411728563999896
2004-04-14,182.6091337030654,0.03135162903897112
2004-04-15,169.3607146725521,-0.07255069208124118
2004-04-16,173.19975549828374,0.022667835531718063
2004-04-19,177.8335876560558,0.026754265007135156
2004-04-20,164.55370700781765,-0.07467588560335682
2004-04-21,170.04792605633946,0.03338860696867055
2004-04-22,182.6113888480149,0.07388189366986445
2004-04-23,180.98509492314287,-0.008905763956625882
2004-04-26,177.44137170284264,-0.019580193727030872
2004-04-27,178.01561068342394,0.003236218110075132
2004-04-28,168.16636035527418,-0.055328014719255664
2004-04-29,158.20733671749835,-0.05922125933353177
2004-04-30,151.74690637835332,-0.040835213291536776
2004-05-03,152.58782320190312,0.0055415747419135745
2004-05-04,163.80084987237646,0.07348572405831066
2004-05-05,162.75274810279865,-0.0063986345027783
2004-05-06,151.8212942486247,-0.06716601705102615
2004-05-07,152.7277065571015,0.005970258078504194
2004-05-10,151.84411141870967,-0.005785427924706498
2004-05-11,157.97248682072512,0.04035965138691794
2004-05-12,156.13423291605235,-0.011636544702615862
2004-05-13,158.98440294049817,0.01825461316979898
2004-05-14,148.49390639158784,-0.06598443844102442
2004-05-17,147.62782329614643,-0.005832448727946393
2004-05-18,151.59378556247785,0.026864598947418886
2004-05-19,149.0135540168666,-0.017020694720680515
2004-05-20,147.10320647860985,-0.012819958230380386
2004-05-21,149.4053224116943,0.015649665212560764
2004-05-24,152.81380053448834,0.022813632525096873
2004-05-25,166.34878864868568,0.08857176555295894
2004-05-26,168.03569154960033,0.010140758550861658
2004-05-27,166.52213639785307,-0.009007343248267555
2004-05-28,172.9003932484714,0.038302756549912886
2004-06-01,172.859526969458,-0.00023635735145315507
2004-06-02,174.55053084709076,0.009782532136232999
2004-06-03,164.27391978942362,-0.05887470526611935
2004-06-04,167.6129236911612,0.020325830819753653
2004-06-07,180.15566302538969,0.07483157657543994
2004-06-08,181.79015395125768,0.009072659157195925
2004-06-09,171.94736615223897,-0.054143679319716045
2004-06-10,176.22816537331633,0.024895986003572797
2004-06-14,165.64675513441796,-0.060043808641388495
2004-06-15,177.97339982317772,0.07441524996222829
2004-06-16,176.4412787137801,-0.008608708441372957
2004-06-17,167.5362081282913,-0.05047044915115617
2004-06-18,175.33759928433116,0.04656540364137855
2004-06-21,164.44074426214365,-0.062147851154942126
2004-06-22,172.70076930623313,0.05023101227833005
2004-06-23,179.68699682476932,0.0404527874809186
2004-06-24,176.36633969111423,-0.01848023058058776
2004-06-25,182.77252286750047,0.03632316227464913
2004-06-28,175.9255906035114,-0.037461496709506346
2004-06-29,183.65813303864755,0.043953482882221534
2004-06-30,189.6503051235904,0.032626772285014656
2004-07-01,172.50858934215964,-0.09038591195653463
2004-07-02,171.13242899832525,-0.007977343905495976
2004-07-06,159.94771257081206,-0.06535708335924255
2004-07-07,165.68933231340176,0.03589685435512424
2004-07-08,156.04869623311257,-0.05818501375848324
2004-07-09,157.08002376649046,0.006609010893863856
2004-07-12,157.46976140375602,0.0024811406818024974
2004-07-13,154.43247897206663,-0.019288036030623745
2004-07-14,149.68037688513783,-0.03077139030960163
2004-07-15,154.82211634020516,0.03435145983773809
2004-07-16,143.2446687953455,-0.07477902911118625
2004-07-19,147.5258374841878,0.02988710661866836
2004-07-20,152.21009096401136,0.03175208871683665
2004-07-21,141.11215621578918,-0.07291195135574938
2004-07-22,148.69099312062153,0.05370789525207707
2004-07-23,135.80672780782606,-0.08665128292164573
2004-07-26,132.35613064648754,-0.02540814595151215
2004-07-27,143.08152794063275,0.08103438232711624
2004-07-28,142.00315174634488,-0.007536795348839999
2004-07-29,140.6396251832538,-0.009602086617955526
2004-07-30,147.90531729281443,0.05166177099870263
2004-08-02,146.7104689299531,-0.008078467932940255
2004-08-03,137.5449610537323,-0.062473441350643324
2004-08-04,139.70638609141807,0.015714316403356986
2004-08-05,129.41290923406416,-0.07367935815488272
2004-08-06,118.69373438531946,-0.08282925491889948
2004-08-09,118.5571068659156,-0.0011510929377310066
2004-08-10,127.24350984412864,0.07326766996800198
2004-08-11,122.16523285713964,-0.03990990969370309
2004-08-12,114.95981163391693,-0.058980947809011655
2004-08-13,114.73623693131931,-0.001944807488982113
2004-08-16,123.39386498537321,0.07545678928999838
2004-08-17,122.57146176951116,-0.0066648630866658655
2004-08-18,131.36632026610815,0.07175290536336451
2004-08-19,125.93453681859593,-0.04134837176309025
2004-08-20,133.79812449110403,0.06244186758581814
2004-08-23,135.12854403878944,0.009943484280856847
2004-08-24,130.15961145760966,-0.03677189461727225
2004-08-25,138.87235360631686,0.06693890717048395
2004-08-26,135.40851909162456,-0.024942578020329304
2004-08-27,139.38436887142228,0.029361888058959233
2004-08-30,131.69775260674962,-0.05514690296272267
2004-08-31,127.75001242818307,-0.02997575964985923
2004-09-01,129.57388541650226,0.014276890887541341
2004-09-02,141.41739669081377,0.09140353579922161
2004-09-03,131.7051213639399,-0.06867808030795675
2004-09-07,132.39001105783814,0.005200175109407442
2004-09-08,133.03346285796835,0.004860274540268024
2004-09-09,139.3397954300918,0.04740410748276425
2004-09-10,144.71652884914235,0.0385872062066298
2004-09-13,151.25003637989747,0.04514693368278525
2004-09-14,151.22537104334313,-0.00016307656609342808
2004-09-15,143.82959021270207,-0.048905688110504456
2004-09-16,144.02587426647938,0.0013646986929952212
2004-09-17,148.40790418517977,0.030425296433838452
2004-09-20,151.4007712436341,0.020166493657372202
2004-09-21,152.49793152708517,0.007246728497079547
2004-09-22,140.53097478034007,-0.07847291190713393
2004-09-23,143.68063664790506,0.022412581087465768
2004-09-24,138.73580635818834,-0.03441542580183717
2004-09-27,134.45576075665446,-0.030850331388017228
2004-09-28,137.70819170826778,0.02418959911654332
2004-09-29,142.84933815876389,0.03733362835369686
2004-09-30,140.43088483374848,-0.016930098215278567
2004-10-01,155.13910962406052,0.10473639618325137
2004-10-04,156.74859092611686,0.010374439468916011
2004-10-05,159.6870970881252,0.018746619313429216
2004-10-06,162.00239763346224,0.014498983246337816
2004-10-07,155.57143737475565,-0.03969669802824103
2004-10-08,146.96830922723532,-0.05530017780060931
2004-10-11,150.94369755229306,0.027049289373746427
2004-10-12,150.29381750537954,-0.0043054467159079875
2004-10-13,146.00199227211144,-0.028556232747993703
2004-10-14,144.81655825879966,-0.008119300256550057
2004-10-15,150.98749965995648,0.042612125818712154
2004-10-18,155.8178273499393,0.03199157348033032
2004-10-19,151.34360275161677,-0.028714458893552845
2004-10-20,155.35474694116382,0.026503559559964213
2004-10-21,162.47007105376318,0.045800493726104646
2004-10-22,149.1613902622357,-0.08191466099084478
2004-10-25,149.54587350992765,0.0025776325027273388
2004-10-26,150.3630161425047,0.005464160350254156
2004-10-27,163.17238220840798,0.08518960575892795
2004-10-28,166.0408045590402,0.01757909219569161
2004-10-29,160.5851382838524,-0.032857382796214474
2004-11-01,166.85461935960248,0.03904147757850456
2004-11-02,171.75698335888916,0.029381050510331765
2004-11-03,166.72223789672734,-0.029313192184108435
2004-11-04,174.85967358328466,0.048808340082370484
2004-11-05,172.61169765988183,-0.012855885392764046
2004-11-08,175.78144952569718,0.018363482364104247
2004-11-09,180.0115332381408,0.02406444891572712
2004-11-10,172.94045244941577,-0.039281265269656696
2004-11-11,182.54376834226923,0.05552961008739332
2004-11-12,188.21721518834934,0.031079926187578343
2004-11-15,189.48756223330705,0.006749366914638811
2004-11-16,182.12124659732868,-0.038874929568773336
2004-11-17,195.72121081945093,0.07467533017820749
2004-11-18,196.2741383349519,0.002825077124681444
2004-11-19,185.08356729294002,-0.05701500532339423
2004-11-22,191.15452402802134,0.032801165570104505
2004-11-23,185.28720898729046,-0.030694094584289334
2004-11-24,196.09009529995663,0.058303465046025946
2004-11-26,194.27151328191476,-0.009274216605688345
2004-11-29,190.16682454486687,-0.021128618744485798
2004-11-30,191.54949949968292,0.007270852621771836
2004-12-01,204.71990179491377,0.06875717414888183
2004-12-02,210.98600221894645,0.030608164468103275
2004-12-03,206.72767554261657,-0.02018298195873144
2004-12-06,211.63530772932745,0.023739599324712556
2004-12-07,197.33943462858664,-0.06754956559056108
2004-12-08,204.19377223038262,0.034733745004877234
2004-12-09,207.2680910453348,0.015055889224102269
2004-12-10,205.56970717962244,-0.008194140531457431
2004-12-13,204.43747221153978,-0.005507790927061696
2004-12-14,213.48515467757585,0.04425647787639479
2004-12-15,206.90733526055038,-0.03081160105469571
2004-12-16,201.57683240880374,-0.02576275435104392
2004-12-17,199.62007366689642,-0.009707260097921111
2004-12-20,196.095162913007,-0.017658097650897514
2004-12-21,205.02314495565423,0.04552882340401182
2004-12-22,208.1445248433049,0.015224524471741012
2004-12-23,207.98146378109294,-0.0007834030817515947
2004-12-27,200.62072077101627,-0.03539134149870246
2004-12-28,209.60872551480819,0.044800979227118815
2004-12-29,211.80276029403186,0.010467287436794537
2004-12-30,208.54241027044142,-0.01539333113064394
2004-12-31,208.03584647030095,-0.0024290685021024494
2005-01-03,199.6630229294881,-0.04024702320716702
2005-01-04,186.9787675388123,-0.06352831488059417
2005-01-05,186.09550118426876,-0.004723885851692684
2005-01-06,183.99324615925386,-0.011296646139410366
2005-01-07,191.38071922533612,0.0401507839026227
2005-01-10,184.29381201640683,-0.037030413709465734
2005-01-11,179.56012748846763,-0.025685531576707443
2005-01-12,186.99457015555666,0.041403638831602606
2005-01-13,178.65355342227826,-0.044605662754483674
2005-01-14,185.67715464514296,0.03931408633257481
2005-01-18,189.33288453922248,0.01968863590712685
2005-01-19,178.92642572861917,-0.054963821186844515
2005-01-20,168.10725464641445,-0.060467150328114956
2005-01-21,164.05765422997607,-0.024089385225855044
2005-01-24,156.8304389360705,-0.044052899133706115
2005-01-25,159.3280854767684,0.015925776639036406
2005-01-26,167.27836824288056,0.04989881565652412
2005-01-27,161.91943021379876,-0.03203604916387554
2005-01-28,158.45451282587177,-0.021399021620517683
2005-01-31,166.78660343872656,0.052583485722562204
2005-02-01,171.67044878906813,0.02928200017056997
2005-02-02,167.44281753582416,-0.024626435610001125
2005-02-03,162.94420118700504,-0.026866582962608437
2005-02-04,173.66140020079223,0.06577220260503443
2005-02-07,169.4194135537302,-0.024426767503644038
2005-02-08,175.96421768840216,0.03863078024760317
2005-02-09,162.9952322700204,-0.07370240148111959
2005-02-10,166.0953256134426,0.019019533886037394
2005-02-11,173.08427227598216,0.042077925051335126
2005-02-14,174.51189776982008,0.00824815261990745
2005-02-15,181.67715869583063,0.04105886771950349
2005-02-16,172.64056501854455,-0.04973984480027791
2005-02-17,167.1648283263785,-0.031717555439985154
2005-02-18,164.99545832049816,-0.012977430884233507
2005-02-22,158.62262897569641,-0.038624271296139094
2005-02-23,157.45318263995506,-0.0073725063270797375
2005-02-24,166.26947372566988,0.055993095457936064
2005-02-25,169.56824966212503,0.019839937317043633
2005-02-28,159.55495872355942,-0.05905168543355074
2005-03-01,169.49755850924046,0.06231457715399052
2005-03-02,173.38350942468776,0.022926294335003247
2005-03-03,160.25333560794743,-0.07572908092763954
2005-03-04,169.27416296161172,0.05629104267591236
2005-03-07,176.47137764454524,0.04251809347044713
2005-03-08,167.90759951598957,-0.04852785898121744
2005-03-09,165.5555838327379,-0.014007797681770195
2005-03-10,160.33169824691552,-0.03155366593433737
2005-03-11,159.49055736724105,-0.005246254414264971
2005-03-14,159.6075360521463,0.0007334521042264576
2005-03-15,159.03363659360554,-0.003595691486354759
2005-03-16,153.20342668668124,-0.03666023133095294
2005-03-17,157.57444393456842,0.028530806016672208
2005-03-18,150.7461532702707,-0.04333374431664256
2005-03-21,155.3663063371158,0.030648563605876467
2005-03-22,147.34236614527006,-0.05164530444867036
2005-03-23,151.88669656742428,0.030841980762503884
2005-03-24,148.725139273726,-0.020815235074223965
2005-03-28,149.46976390162385,0.00500671662863507
2005-03-29,145.04588125397265,-0.0295971742523313
2005-03-30,155.01270354959715,0.06871496253087517
2005-03-31,150.9100604685787,-0.02646649588758245
2005-04-01,147.1595050548487,-0.02485291836796344
2005-04-04,151.77540315871062,0.03136663243153404
2005-04-05,150.36528385842632,-0.009290828888853131
2005-04-06,150.46920419074573,0.0006911191842476733
2005-04-07,157.08480105080142,0.04396645078064778
2005-04-08,152.57219981587224,-0.028727166503332145
2005-04-11,149.94067198622523,-0.01724775439315151
2005-04-12,153.86611549413342,0.02617997809339414
2005-04-13,144.5076702789166,-0.0608220022008266
2005-04-14,138.65835516830498,-0.04047754073760782
2005-04-15,129.2412330577269,-0.06791600909406051
2005-04-18,132.1915141737094,0.022827707893074086
2005-04-19,133.64322683527772,0.010981889954453726
2005-04-20,128.2243910444786,-0.040547028974974614
2005-04-21,140.11739936987487,0.0927515290072291
2005-04-22,129.72213306534297,-0.07418968915552733
2005-04-25,133.54364530296186,0.02945921522654848
2005-04-26,131.75299604667094,-0.01340871931591044
2005-04-27,134.14705772844195,0.018170832949582064
2005-04-28,128.41728782553594,-0.04271260212434155
2005-04-29,132.11002496982115,0.028755763393025893
2005-05-02,130.14569834923037,-0.014868868740578094
2005-05-03,135.9166779091946,0.04434245336698317
2005-05-04,140.60628414897664,0.034503537843348066
2005-05-05,137.31512752203898,-0.02340689569358504
2005-05-06,139.50987256065133,0.01598327204160451
2005-05-09,143.39164741287127,0.027824373866676376
2005-05-10,139.54111199510777,-0.026853275537567146
2005-05-11,142.1711033039788,0.01884742977369447
2005-05-12,140.75714325185766,-0.009945481319772494
2005-05-13,145.33215359848754,0.032502864443929365
2005-05-16,148.241192653094,0.020016486252886212
2005-05-17,151.05854993905868,0.0190052254406621
2005-05-18,156.84883317267472,0.038331383665155074
2005-05-19,160.61775678679962,0.024029019138291446
2005-05-20,162.86261015419822,0.013976371058265985
2005-05-23,164.89958966028354,0.012507349011272073
2005-05-24,166.56465866975893,0.01009747212170564
2005-05-25,164.020564270223,-0.015273914765916913
2005-05-26,169.159589937337,0.03133159363265854
2005-05-27,169.45990566207053,0.001775339635457942
2005-05-31,166.9983674108735,-0.014525785563139092
2005-06-01,172.45019009325895,0.03264596395108527
2005-06-02,175.56058735951214,0.01803649659400851
2005-06-03,167.31455563631917,-0.046969720523358675
2005-06-06,167.49016322837267,0.001049565540700599
2005-06-07,162.86197935990015,-0.02763257124636037
2005-06-08,161.73793726438467,-0.006901807898524298
2005-06-09,165.45329593101178,0.02297147304750039
2005-06-10,159.53907688840124,-0.03574554988059323
2005-06-13,161.95673807865288,0.015154037727965428
2005-06-14,160.43398966954183,-0.00940219238282963
2005-06-15,162.00879710239704,0.009815921402309993
2005-06-16,164.50252731446324,0.0153925605070077
2005-06-17,164.70384453779138,0.0012237941058700188
2005-06-20,164.3605562402347,-0.0020842761656236003
2005-06-21,164.06777154593274,-0.0017813561903137875
2005-06-22,163.36212011388415,-0.004300975294535757
2005-06-23,157.4554183359009,-0.03615710774239162
2005-06-24,152.51607380429476,-0.03136979713882561
2005-06-27,150.4809925802478,-0.013343388492011223
2005-06-28,154.9476758867017,0.029682707628818507
2005-06-29,153.53605937984815,-0.009110278671657562
2005-06-30,150.26823332627453,-0.02128376921208475
2005-07-01,149.34144054507564,-0.006167589520977215
2005-07-05,154.00006429403837,0.03119444764935582
2005-07-06,151.56756233412608,-0.01579546067765164
2005-07-07,153.14521798585758,0.010408926734954077
2005-07-08,162.13026326556633,0.05867010016949071
2005-07-11,166.6165015663896,0.02767057926424795
2005-07-12,169.15073012581522,0.015209949408377405
2005-07-13,169.78559839821162,0.0037532694770173003
2005-07-14,174.9314465112523,0.030307918702101675
2005-07-15,176.36404495123944,0.008189484901418114
2005-07-18,173.95802917536457,-0.013642325886436048
2005-07-19,180.43797115492663,0.037250031000464624
2005-07-20,184.58142333448282,0.022963305079497755
2005-07-21,184.25446002689245,-0.001771377106556822
2005-07-22,183.83474789514315,-0.002277894015092137
2005-07-25,181.26845508291035,-0.013959780953362326
2005-07-26,183.06825281839306,0.009928907567836428
2005-07-27,187.51080543237026,0.024267192948983225
2005-07-28,189.81514720205348,0.012289114562597007
2005-07-29,185.03509895164248,-0.02518264912400669
2005-08-01,186.66414386831377,0.00880397787177149
2005-08-02,192.5430523837227,0.031494578410068655
2005-08-03,192.54387946506833,4.295565772804219e-06
2005-08-04,185.96324190760618,-0.03417733960562494
2005-08-05,183.4536567910544,-0.013495060049548008
2005-08-08,179.37166585754196,-0.02225080167337113
2005-08-09,183.1230853292581,0.020914225520409287
2005-08-10,177.79927697186656,-0.02907229499666431
2005-08-11,182.7960229338424,0.02810329742098165
2005-08-12,179.7173051761263,-0.016842367291712568
2005-08-15,182.66505401965043,0.0164021424683353
2005-08-16,173.5257252753587,-0.050033263304477375
2005-08-17,176.20622496816074,0.015447275546887955
2005-08-18,173.99617007335954,-0.012542433703466147
2005-08-19,173.2922713487742,-0.004045484014323786
2005-08-22,173.82598907959024,0.003079870363877163
2005-08-23,172.37801641595794,-0.00833001251020811
2005-08-24,169.19396627278314,-0.018471323718515793
2005-08-25,170.52193693237973,0.007848806247945952
2005-08-26,168.19443741620765,-0.013649267408304364
2005-08-29,172.2172832966386,0.02391782952058146
2005-08-30,170.28592895936217,-0.011214637116007328
2005-08-31,175.47226994146857,0.030456662002554924
2005-09-01,173.95955104149806,-0.008620843056712662
2005-09-02,172.56490193606533,-0.008017088438564815
2005-09-06,180.4007977208122,0.0454083982132708
2005-09-07,181.24920576949,0.004702906303057521
2005-09-08,180.4789869935003,-0.004249501523163792
2005-09-09,183.8895420050891,0.018897241548189822
2005-09-12,185.2997753831573,0.007668915603852908
2005-09-13,183.60784864972365,-0.009130754367808355
2005-09-14,177.49552704858803,-0.03329008888283613
2005-09-15,177.10506280606418,-0.002199853985148382
2005-09-16,180.71876428549615,0.02040428106444985
2005-09-19,176.24490386586945,-0.02475592635504628
2005-09-20,173.45026425054675,-0.015856569773214837
2005-09-21,168.02814587214004,-0.03126036389644547
2005-09-22,169.78256719961536,0.0104412348203278
2005-09-23,171.18174881936702,0.008241020517180815
2005-09-26,171.46141290006648,0.0016337260404703602
2005-09-27,170.11900637646374,-0.00782920483913865
2005-09-28,170.0817484321501,-0.0002190110623571628
2005-09-29,176.92339835216816,0.04022565609235467
2005-09-30,180.81065417659343,0.021971406047082833
2005-10-03,182.05394102265774,0.006876181338573252
2005-10-04,178.60587803055844,-0.018939787695505864
2005-10-05,170.51056003729045,-0.04532503679348647
2005-10-06,164.4351853549692,-0.03563048928460836
2005-10-07,165.35522960281978,0.005595178707430978
2005-10-10,162.42793929164404,-0.01770304040704996
2005-10-11,159.98257333663923,-0.015055082060815171
2005-10-12,154.30700470777683,-0.03547616787560817
2005-10-13,158.1194747388146,0.024707044493914847
2005-10-14,161.33815867215634,0.02035602470004664
2005-10-17,163.0119497523599,0.010374427810377654
2005-10-18,159.37276502769555,-0.022324650003836
2005-10-19,169.03722553866632,0.06064060261043538
2005-10-20,164.48030155379348,-0.026958109199624027
2005-10-21,167.47667784654664,0.018217234917782543
2005-10-24,175.59102561363275,0.048450613371499064
2005-10-25,173.96309884836992,-0.009271127380079684
2005-10-26,170.42021816537917,-0.020365702303790322
2005-10-27,160.08397544196646,-0.060651505054301745
2005-10-28,164.33044846893225,0.026526534059651975
2005-10-31,171.23826772104482,0.042036149213202895
2005-11-01,170.34527739469604,-0.005214899322641505
2005-11-02,177.05042819521557,0.039362117359928145
2005-11-03,184.46389270718157,0.04187205073456201
2005-11-04,187.38268218348531,0.01582309379612314
2005-11-07,187.62669349655914,0.0013022084550742136
2005-11-08,187.29579726176107,-0.0017635882647163866
2005-11-09,187.8900714114997,0.0031729176971763864
2005-11-10,195.02395924675386,0.037968413028223236
2005-11-11,195.85360075236662,0.004254049137434816
2005-11-14,195.2397794435699,-0.003134082326997031
2005-11-15,192.51701014951064,-0.013945771204101476
2005-11-16,194.99376013307682,0.012865096864130142
2005-11-17,203.79655778966026,0.045143996662128066
2005-11-18,205.02549846807398,0.006030232756345711
2005-11-21,207.26210993338395,0.010908942946227048
2005-11-22,210.1453682717948,0.013911169481665455
2005-11-23,211.09009492752955,0.004495586381484655
2005-11-25,212.61923820584,0.007244031411494846
2005-11-28,206.26898536703462,-0.029866783892140494
2005-11-29,203.46194327157883,-0.013608648389194018
2005-11-30,201.87109388574947,-0.007818903920060941
2005-12-01,213.32388220086563,0.05673317608115789
2005-12-02,215.0993507375111,0.008322877487170786
2005-12-05,209.58452149171532,-0.0256385211154151
2005-12-06,211.99179974087542,0.011485954363549104
2005-12-07,210.34642729176403,-0.007761491015796786
2005-12-08,206.05477760787508,-0.02040276956040792
2005-12-09,208.599615021946,0.012350295603986264
2005-12-12,210.6169655340498,0.009670921549359435
2005-12-13,213.34344325587756,0.012945195155168867
2005-12-14,210.7612483934175,-0.012103464831412995
2005-12-15,211.73944148592577,0.004641237893421033
2005-12-16,206.84505022566674,-0.023115160906780535
2005-12-19,197.8079330315511,-0.04369027532569036
2005-12-20,198.02910749502757,0.0011181273677290573
2005-12-21,199.97373719147473,0.009819918501102073
2005-12-22,204.5163860238911,0.022716227121698573
2005-12-23,204.32660036376427,-0.0009279728818632134
2005-12-27,198.89485616653778,-0.02658363711605008
2005-12-28,198.40849659995274,-0.0024453099288691015
2005-12-29,194.1847465758068,-0.021288150943768337
2005-12-30,190.57785092447216,-0.01857455703878648
2006-01-03,202.49107367853412,0.06251105622333465
2006-01-04,208.19046215648177,0.028146368994989682
2006-01-05,211.62300173443975,0.016487496796937662
2006-01-06,222.62771659793768,0.052001506326365486
2006-01-09,225.12230067358325,0.011205181968203817
2006-01-10,225.88850763287192,0.0034035142542348743
2006-01-11,231.357959040623,0.024213057428491898
2006-01-12,227.00177733398428,-0.018828752313957964
2006-01-13,226.7234059607362,-0.0012262960075353723
2006-01-17,222.45308263826695,-0.0188349469450401
2006-01-18,214.79964122454896,-0.034404744240669104
2006-01-19,219.73910483888474,0.022995679071792084
2006-01-20,199.28229611331432,-0.09309589542821516
2006-01-23,199.10569626179634,-0.0008861793293346693
2006-01-24,202.59118367601303,0.017505714199325294
2006-01-25,199.21779234565412,-0.01665122474309488
2006-01-26,203.97605114737868,0.023884708015781624
2006-01-27,211.3896156520826,0.0363452692754964
2006-01-30,212.09979732316273,0.0033595863679935388
2006-01-31,211.04460596559943,-0.004974975793850266
2006-02-01,211.83244370659745,0.0037330389819413183
2006-02-02,201.67075526805837,-0.04797040651909638
2006-02-03,193.99790461772454,-0.03804642195213262
2006-02-06,191.4097466541335,-0.013341164527993398
2006-02-07,189.387662632444,-0.01056416434918168
2006-02-08,195.74868758794065,0.03358732489265622
2006-02-09,189.93837698236473,-0.02968250095145909
2006-02-10,193.22255950980735,0.017290779144372406
2006-02-13,186.83547947386097,-0.033055560655805324
2006-02-14,192.27905810752307,0.02913567941694761
2006-02-15,196.11878311961271,0.019969543484774324
2006-02-16,201.50665586159803,0.027472497311485374
2006-02-17,196.65956760347933,-0.024054234027127364
2006-02-21,189.58662670210788,-0.03596540451890181
2006-02-22,197.0421574042095,0.039325193088731177
2006-02-23,195.15040217391154,-0.009600763893470955
2006-02-24,196.57594592026572,0.007304846572049533
2006-02-27,203.16963401689208,0.03354270058708429
2006-02-28,194.10065631371947,-0.044637466356899476
2006-03-01,202.42162503337832,0.04286934870642543
2006-03-02,202.08480529246125,-0.0016639513730883659
2006-03-03,198.6487383490592,-0.01700309401505628
2006-03-06,193.4132070535171,-0.026355723872468626
2006-03-07,190.26594884746598,-0.01627219906022393
2006-03-08,189.98858465523352,-0.0014577710510608514
2006-03-09,184.7030697407431,-0.0278201710070207
2006-03-10,185.71495798210833,0.005478459252385676
2006-03-13,187.45639472870187,0.009376933153447446
2006-03-14,196.7137003423799,0.049383781369932815
2006-03-15,201.33724486893777,0.02350392737521884
2006-03-16,195.79428969150288,-0.02753069945425712
2006-03-17,198.05817655760373,0.01156257861078511
2006-03-20,199.08127600642817,0.00516565115667865
2006-03-21,193.19383291099217,-0.02957306288937944
2006-03-22,194.48017197698854,0.006658282237140524
2006-03-23,192.4864142035186,-0.010251727737601201
2006-03-24,195.57708752057485,0.01605657900504311
2006-03-27,195.7181841926677,0.0007214376381284793
2006-03-28,193.01453076416598,-0.01381401242635797
2006-03-29,203.63021327243854,0.05499939546646509
2006-03-30,205.3151017270556,0.0082742557086204
2006-03-31,203.4546404873638,-0.009061492428185339
2006-04-03,204.41767901657843,0.004733431131910992
2006-04-04,207.88106524004783,0.016942694194216523
2006-04-05,213.7116001916905,0.028047455620404678
2006-04-06,216.04894827051962,0.010936926571756475
2006-04-07,209.96937287744439,-0.02813980554750425
2006-04-10,208.2888873534851,-0.008003479273808874
2006-04-11,202.98057658429565,-0.025485328750068006
2006-04-12,203.0553508404711,0.00036838133694241866
2006-04-13,205.62074868467658,0.012633982968618998
2006-04-17,199.02168279787327,-0.032093385171567124
2006-04-18,210.3617047741832,0.05697882671320224
2006-04-19,213.01429649267453,0.012609670193245465
2006-04-20,211.06730329153163,-0.0091401996635932
2006-04-21,203.73406670576082,-0.03474359349558729
2006-04-24,202.65999598522123,-0.005271925004524615
2006-04-25,200.83906353509627,-0.008985159805577821
2006-04-26,201.04782591639452,0.0010394510790065735
2006-04-27,206.2917482606221,0.02608295971530809
2006-04-28,200.31911160809582,-0.028952377896282248
2006-05-01,195.1879417836404,-0.02561497893667802
2006-05-02,196.29224986938596,0.005657665507686009
2006-05-03,194.97871608838548,-0.006691725128600397
2006-05-04,200.03990151987978,0.025957630314890623
2006-05-05,204.5096976819688,0.022344522908319998
2006-05-08,204.85534339049582,0.001690118915849803
2006-05-09,203.34991069524995,-0.007348759716636812
2006-05-10,197.47060334772087,-0.02891226913957237
2006-05-11,184.36977441962787,-0.06634318580079528
2006-05-12,177.09272450509965,-0.039469863959184254
2006-05-15,176.6266189097161,-0.0026319861343041574
2006-05-16,172.9882812705646,-0.02059903349568868
2006-05-17,165.02523748592617,-0.04603227297335668
2006-05-18,161.3306930381738,-0.02238775416437413
2006-05-19,165.48382355751787,0.02574296583701763
2006-05-22,160.30908560632483,-0.031270355252544846
2006-05-23,155.54682088948073,-0.029706767391455908
2006-05-24,158.83037464935612,0.021109745227184232
2006-05-25,164.67111193685534,0.03677342762927823
2006-05-26,166.69633410119297,0.012298588018973334
2006-05-30,155.61021830014465,-0.06650485663541054
2006-05-31,158.03463921426896,0.015580088124084696
2006-06-01,169.0978827037168,0.07000518079107905
2006-06-02,167.90432427989901,-0.007058387749946519
2006-06-05,156.72405462798523,-0.06658714538689368
2006-06-06,156.0563553768735,-0.004260349521307582
2006-06-07,152.99541854126045,-0.01961430425708038
2006-06-08,151.88133249772596,-0.007281826175951946
2006-06-09,148.75658224779278,-0.020573629415451575
2006-06-12,139.82407141653178,-0.060047835842192074
2006-06-13,138.83478449152236,-0.0070752261394418925
2006-06-14,142.4825848099727,0.026274397528042462
2006-06-15,154.40821297009128,0.08369884765933756
2006-06-16,151.35459918627967,-0.01977623939215661
2006-06-19,147.20366787432528,-0.02742520765322536
2006-06-20,146.99044447432237,-0.0014484924396376939
2006-06-21,154.1425508827981,0.048656947967288644
2006-06-22,148.50020573822974,-0.036604721488348264
2006-06-23,147.47755839603695,-0.006886504547983379
2006-06-26,148.82844623248653,0.00915995525788342
2006-06-27,140.42233470699168,-0.05648188728896327
2006-06-28,143.49119319799104,0.021854489867319752
2006-06-29,156.69518327534752,0.09201951550529967
2006-06-30,153.59374431869702,-0.019792816165897086
2006-07-03,156.70315715731374,0.02024439766352012
2006-07-05,147.05293594691665,-0.061582812914925913
2006-07-06,146.3351668984145,-0.0048810249443862665
2006-07-07,141.25115995282536,-0.03474220895322073
2006-07-10,137.6068938830873,-0.02579990189783327
2006-07-11,140.87342375799102,0.023738126649955532
2006-07-12,132.12732804927276,-0.06208478132641495
2006-07-13,125.94345753974339,-0.04680235800441899
2006-07-14,121.82508383897722,-0.03270017975698779
2006-07-17,123.31677500192771,0.01224453220916429
2006-07-18,124.2536209638147,0.007597068297255909
2006-07-19,128.84583709277348,0.03695840888448747
2006-07-20,122.66552611989964,-0.04796671054590465
2006-07-21,118.86960834924253,-0.03094526955313247
2006-07-24,126.26283108969281,0.062196072176235156
2006-07-25,128.06629462222844,0.014283408006704081
2006-07-26,127.61156338868523,-0.003550748734353442
2006-07-27,125.17418277891899,-0.019099998033425415
2006-07-28,133.21224349347153,0.06421500453291766
2006-07-31,132.8830564333489,-0.0024711471820438114
2006-08-01,126.38219486610944,-0.04892167400213401
2006-08-02,130.3186889131538,0.031147536654310578
2006-08-03,132.92321920833064,0.01998585403903606
2006-08-04,131.10578657411628,-0.013672800320656384
2006-08-07,128.46880011050737,-0.02011342544456017
2006-08-08,126.0303362670371,-0.018980980918111907
2006-08-09,126.21302064769276,0.0014495270429856506
2006-08-10,128.89353510709972,0.021238018436221872
2006-08-11,126.39620903744117,-0.019375107274259267
2006-08-14,128.23810190962442,0.014572374331556549
2006-08-15,138.53006045342988,0.08025663504485338
2006-08-16,148.14589956328928,0.06941337554019188
2006-08-17,149.10844701693406,0.006497293927690348
2006-08-18,149.88737370693036,0.005223893787236759
2006-08-21,145.40049505375578,-0.029935000808991603
2006-08-22,146.00993387128537,0.004191449398465221
2006-08-23,142.32592787653496,-0.025231201035937897
2006-08-24,143.60707402129106,0.009001495116669485
2006-08-25,144.26683089615364,0.004594180888085983
2006-08-28,147.65771801418848,0.023504273969084926
2006-08-29,148.56899134502996,0.006171525221281679
2006-08-30,150.88301507436924,0.015575415222179919
2006-08-31,150.21042910463225,-0.004457665227630074
2006-09-01,152.9516433347663,0.0182491605041923
2006-09-05,156.90520625920865,0.02584845012609102
2006-09-06,147.62339014670778,-0.059155564903099776
2006-09-07,145.51360301005965,-0.014291685989269269
2006-09-08,148.23098094108886,0.01867439108659388
2006-09-11,150.6821815643905,0.01653635837622797
2006-09-12,159.76982121872368,0.060309981976533734
2006-09-13,162.17463268408036,0.01505172533218597
2006-09-14,162.73064188921435,0.003428459777782237
2006-09-15,164.6299191446511,0.011671294560060538
2006-09-18,164.4259091806445,-0.001239203451392839
2006-09-19,161.03052110151276,-0.020649957759403
2006-09-20,168.2262687408877,0.04468561357283798
2006-09-21,164.97006970722413,-0.019356067622702616
2006-09-22,161.14519330161428,-0.023185274834386312
2006-09-25,169.36893071691003,0.05103309162876127
2006-09-26,172.04551449169742,0.015803274918592635
2006-09-27,170.90480709484078,-0.006630265254091706
2006-09-28,172.6957363476676,0.010479104030309511
2006-09-29,170.3269211056292,-0.01371669788806808
2006-10-02,163.61436000957036,-0.039409865759834815
2006-10-03,165.8224188655724,0.013495507704048011
2006-10-04,178.17034004746722,0.07446472718447657
2006-10-05,180.76198117763252,0.01454586172690052
2006-10-06,179.25671842530878,-0.008327319398234178
2006-10-09,181.10240800734442,0.010296348155032706
2006-10-10,181.7675790844989,0.003672900236243678
2006-10-11,181.07526527660664,-0.0038087859858132868
2006-10-12,189.7861151259517,0.04810623823214384
2006-10-13,192.61151205355625,0.014887268890716699
2006-10-16,192.6022182349727,-4.825162569193557e-05
2006-10-17,186.53433816554642,-0.0315047257764369
2006-10-18,183.58801397183336,-0.015795076781510434
2006-10-19,185.36250270613746,0.009665602322907309
2006-10-20,186.36269799186755,0.005395887901425995
2006-10-23,191.57120811116874,0.027948243803212657
2006-10-24,187.51125850894547,-0.021192900761304784
2006-10-25,191.69232164050925,0.02229766449657905
2006-10-26,197.40973543387247,0.029825992738954834
2006-10-27,188.37589097124786,-0.0457618994461939
2006-10-30,191.58863671291394,0.01705497303875505
2006-10-31,193.11798304169423,0.007982447993885661
2006-11-01,184.7470439686449,-0.043346243271617305
2006-11-02,185.5191878606061,0.004179465475465129
2006-11-03,183.4587670781593,-0.011106240848762947
2006-11-06,192.45674137047868,0.04904630307738831
2006-11-07,195.49880900184243,0.015806500773634984
2006-11-08,198.21864543200815,0.013912291558461987
2006-11-09,194.90357520880258,-0.016724310752807958
2006-11-10,198.54137251637033,0.018664600193559897
2006-11-13,204.1388332242594,0.02819291836731678
2006-11-14,210.7493425099669,0.03238241926486087
2006-11-15,213.02841529986057,0.01081413950217124
2006-11-16,215.87925930799173,0.013382458880512746
2006-11-17,215.35856518455859,-0.002411969195661811
2006-11-20,216.3251746238926,0.0044883723965453365
2006-11-21,218.09568384315932,0.008184480712173205
2006-11-22,221.9770549733046,0.017796643481200313
2006-11-24,220.3191550728345,-0.0074687895137158225
2006-11-27,205.46209083810731,-0.06743428291478173
2006-11-28,207.2063653951971,0.008489520134710356
2006-11-29,211.4950742920754,0.020697766155487417
2006-11-30,210.90474476581167,-0.002791221158410911
2006-12-01,205.15499090045836,-0.02726232580370732
2006-12-04,213.60461636889602,0.04118654599310931
2006-12-05,215.30333862322448,0.007952647668413635
2006-12-06,213.20297132826965,-0.009755386555479365
2006-12-07,205.44626288400437,-0.036381802729766995
2006-12-08,208.42946457284384,0.014520593594461177
2006-12-11,210.21045432959218,0.008544808002065703
2006-12-12,206.71968450604797,-0.01660607144719349
2006-12-13,207.18007361672477,0.0022271179049876072
2006-12-14,214.08843350909157,0.0333447120264424
2006-12-15,215.86952771625096,0.008319432198954979
2006-12-18,209.41767375073127,-0.029887747630598007
2006-12-19,207.30669712010723,-0.010080221945052857
2006-12-20,204.74693660543554,-0.012347698121825049
2006-12-21,200.67480669054552,-0.019888599958578824
2006-12-22,194.6024070424459,-0.03025990032452708
2006-12-26,196.05893178123998,0.007484618309353127
2006-12-27,199.31762075233675,0.0166209666730857
2006-12-28,197.75252786203671,-0.007852255532614198
2006-12-29,197.01549638169317,-0.003727039488758033
2007-01-03,197.59911807254807,0.0029623136330566386
2007-01-04,208.8493768144092,0.056934761913920176
2007-01-05,206.13649577260873,-0.01298965351575477
2007-01-08,206.61543829005825,0.0023234241741346712
2007-01-09,209.5071570874762,0.013995656962275853
2007-01-10,216.6360713022687,0.03402706768540576
2007-01-11,223.27593939945592,0.03064987311334083
2007-01-12,226.8510575792183,0.016012106765190926
2007-01-16,225.7443163833853,-0.004878712965429013
2007-01-17,220.26109722203122,-0.024289511466777363
2007-01-18,207.91224228387594,-0.05606462100616516
2007-01-19,208.9474130367071,0.004978883116549661
2007-01-22,202.58054865983544,-0.030471132828781052
2007-01-23,200.60877297749423,-0.009733292240471444
2007-01-24,210.47696422835645,0.04919122481233328
2007-01-25,201.7080030581983,-0.04166233203859918
2007-01-26,200.02928004957036,-0.008322540420687178
2007-01-29,200.58971953130114,0.002801787226309434
2007-01-30,201.44688131416618,0.004273208940457664
2007-01-31,206.33127936740993,0.024246580643888606
2007-02-01,205.9917702772413,-0.0016454562352811197
2007-02-02,208.24332308749368,0.010930304677813326
2007-02-05,207.1313226901634,-0.00533990901049486
2007-02-06,206.27183770795642,-0.004149468902357261
2007-02-07,212.39314159027415,0.029675907047400123
2007-02-08,212.19447628661752,-0.0009353659076237358
2007-02-09,203.34663725735498,-0.041696839541249385
2007-02-12,200.76118115474188,-0.012714525981272883
2007-02-13,202.53852890860878,0.008853044914579172
2007-02-14,213.10055392712746,0.052148226193963136
2007-02-15,216.01531633737545,0.013677873457075823
2007-02-16,215.27760655232612,-0.003415080919063927
2007-02-20,219.38977965686635,0.019101722517249772
2007-02-21,221.27896802065231,0.008611104704789414
2007-02-22,223.8247452189896,0.011504831304616691
2007-02-23,221.37804128290134,-0.010931337970224886
2007-02-26,217.8940477711417,-0.015737755612840628
2007-02-27,191.2994338085894,-0.12205296213729123
2007-02-28,193.00845829130782,0.008933766549609411
2007-03-01,190.26381129314572,-0.014220345690858859
2007-03-02,181.28918288243548,-0.047169392590810336
2007-03-05,177.02523854755594,-0.023520125509334407
2007-03-06,186.33062340193467,0.052565300466345284
2007-03-07,184.03807365325312,-0.01230366596121066
2007-03-08,187.27607446233893,0.017594189858705776
2007-03-09,186.68442636446517,-0.0031592294935289277
2007-03-12,190.290185359592,0.019314728418144918
2007-03-13,179.21028171244964,-0.058226353746014904
2007-03-14,185.6160194730024,0.03574425361838916
2007-03-15,186.11792406677117,0.0027039939504884375
2007-03-16,185.2254542853748,-0.004795184482479968
2007-03-19,190.1862372817325,0.0267824042624006
2007-03-20,193.06457542779643,0.01513431354025944
2007-03-21,205.82964721059014,0.06611814598565591
2007-03-22,203.520754121903,-0.011217495244136686
2007-03-23,201.5315111338463,-0.009774152993090805
2007-03-26,204.3793207124419,0.01413084019751257
2007-03-27,199.89919138092057,-0.021920658684568297
2007-03-28,193.35156493561524,-0.032754641977657664
2007-03-29,193.6886203398001,0.0017432256330435674
2007-03-30,193.84890315437494,0.0008275282992548383
2007-04-02,194.01820797062322,0.0008733854744251376
2007-04-03,201.51116177669823,0.03861984854127472
2007-04-04,203.28696402381084,0.008812426227190504
2007-04-05,207.02591448127066,0.01839247526477837
2007-04-09,205.1865268315737,-0.008884818377958998
2007-04-10,208.1093112683373,0.014244524150276074
2007-04-11,201.5822578526067,-0.03136358184048097
2007-04-12,206.71006023795277,0.02543776639854619
2007-04-13,207.80607396217465,0.0053021789213364805
2007-04-16,213.51735408586913,0.02748370158195694
2007-04-17,213.79446755838694,0.0012978498806535716
2007-04-18,212.85884792330003,-0.004376257467146095
2007-04-19,212.8322005712815,-0.00012518789929804182
2007-04-20,217.45367763590613,0.021714181652117096
2007-04-23,218.80270660603634,0.006203753299536854
2007-04-24,221.82970126086266,0.013834356538726717
2007-04-25,229.81372124467828,0.03599166359795407
2007-04-26,232.77452085043777,0.012883476189862492
2007-04-27,233.26554780618434,0.002109453190807142
2007-04-30,224.46029741695045,-0.03774775345971788
2007-05-01,226.45061207794674,0.008867112286228314
2007-05-02,232.30338475366216,0.02584569157049048
2007-05-03,234.4234152532375,0.00912612832492065
2007-05-04,234.38562393760975,-0.00016120964532029196
2007-05-07,234.30193991598878,-0.0003570356415854047
2007-05-08,235.67667902422625,0.005867382526710553
2007-05-09,237.78224548739095,0.008934131590288908
2007-05-10,226.32290939482513,-0.04819256403722318
2007-05-11,234.80635433356625,0.037483810019168604
2007-05-14,230.65267790470486,-0.017689795664391085
2007-05-15,224.62350881335823,-0.026139601526055548
2007-05-16,231.68704435987945,0.03144610991002895
2007-05-17,229.09595028057686,-0.011183595036405376
2007-05-18,233.5044819264125,0.019243167067931447
2007-05-21,238.5800032708782,0.021736290895115418
2007-05-22,240.50002188350794,0.008047692959622543
2007-05-23,235.90562674657124,-0.019103512344635448
2007-05-24,224.76720336298217,-0.04721559013746995
2007-05-25,229.97929345343724,0.023188837216779914
2007-05-29,233.59276094938923,0.01571214278333971
2007-05-30,240.2795815362113,0.028625975221342
2007-05-31,244.01749644588506,0.015556523304126242
2007-06-01,243.9815639045393,-0.00014725395461023916
2007-06-04,245.87041305362604,0.007741769988103448
2007-06-05,245.28103599678053,-0.002397104432069102
2007-06-06,238.5541654413177,-0.027425155508357876
2007-06-07,226.27912295594567,-0.05145599726864377
2007-06-08,234.90963608009852,0.038141004841322275
2007-06-11,233.13943440295765,-0.007535670765490815
2007-06-12,228.9279780445526,-0.01806410987137416
2007-06-13,237.2967110035514,0.03655618256222977
2007-06-14,241.2047765300439,0.016469109537864693
2007-06-15,247.86199043672926,0.027599842766199006
2007-06-18,248.42182990263558,0.00225867413119656
2007-06-19,247.35396261590267,-0.004298604865568501
2007-06-20,239.7887711657308,-0.030584476473171696
2007-06-21,246.91307471563306,0.02971074715161834
2007-06-22,239.45510008732305,-0.030204859086134964
2007-06-25,235.89219128024124,-0.014879235421515391
2007-06-26,234.2557788421051,-0.0069371200006874585
2007-06-27,243.18729275427074,0.03812718711279154
2007-06-28,242.60039283001564,-0.0024133659189509325
2007-06-29,243.45380573752854,0.0035177721583940255
2007-07-02,250.82673361578154,0.030284709889488767
2007-07-03,255.02909723527586,0.01675404993285724
2007-07-05,261.07301840603475,0.023698947438860682
2007-07-06,263.87245385705256,0.010722806470425617
2007-07-09,264.02401053176567,0.0005743558014403912
2007-07-10,257.06377349154656,-0.026362136633712372
2007-07-11,261.7653400547579,0.018289494857065103
2007-07-12,276.32304213634694,0.05561355861147895
2007-07-13,280.81746801985526,0.016265114370341234
2007-07-16,278.88538300441786,-0.006880216637024737
2007-07-17,284.4906067414159,0.020098664464280082
2007-07-18,282.8293159005708,-0.005839527919300001
2007-07-19,289.0060942884829,0.021839243814752024
2007-07-20,281.70616980366896,-0.025258721629334402
2007-07-23,281.6764810059572,-0.00010538923493378012
2007-07-24,266.75646026075077,-0.05296864222359735
2007-07-25,270.92438815590424,0.015624468442411433
2007-07-26,260.937500647855,-0.03686226838427794
2007-07-27,248.8877078977658,-0.04617884635275502
2007-07-30,255.46766500297224,0.026437453101979706
2007-07-31,239.1456724453263,-0.063890639770227
2007-08-01,243.91916333256964,0.019960599070989432
2007-08-02,251.95270743819353,0.032935272472505946
2007-08-03,233.42410419594088,-0.0735400045137355
2007-08-06,246.31533040902877,0.055226628190320745
2007-08-07,249.00101533694894,0.010903442036922005
2007-08-08,258.72392815440185,0.039047683417257804
2007-08-09,238.90322232804397,-0.07660948087696479
2007-08-10,234.5419730608231,-0.01825529695548572
2007-08-13,237.74985276280486,0.013677209499511905
2007-08-14,225.48810921204452,-0.05157413730553808
2007-08-15,212.47971209079782,-0.05768994722916343
2007-08-16,205.98909263451463,-0.030547007958621405
2007-08-17,220.22654061127193,0.06911748478847231
2007-08-20,221.55090870589208,0.006013662526524666
2007-08-21,227.7929164628586,0.02817414649042487
2007-08-22,236.95360973972623,0.04021500501031269
2007-08-23,235.09811342209983,-0.007830631150394887
2007-08-24,245.80780447641447,0.04555413439275987
2007-08-27,240.39665566259728,-0.022013738845043134
2007-08-28,222.46724682976202,-0.07458260508415575
2007-08-29,241.95187044123338,0.08758423493405998
2007-08-30,245.1945511633046,0.01340217257323825
2007-08-31,254.4887771638652,0.037905516074745196
2007-09-04,266.42824161480024,0.04691548516989119
2007-09-05,256.0233396304149,-0.03905329976027328
2007-09-06,257.6099083091614,0.006196968921024188
2007-09-07,241.9533028122779,-0.060776410347127656
2007-09-10,242.45306347659064,0.0020655252832009465
2007-09-11,253.07017076844176,0.043790361481146
2007-09-12,252.9977090347526,-0.00028633059941094623
2007-09-13,256.62300116034965,0.014329347642824113
2007-09-14,257.40084790158505,0.0030310873838988073
2007-09-17,250.35640766840328,-0.027367587521992708
2007-09-18,270.0965240537135,0.07884805733215325
2007-09-19,272.4119797690215,0.008572697199344672
2007-09-20,268.8392316224858,-0.013115238726156778
2007-09-21,275.46419838260067,0.02464285707161193
2007-09-24,278.38553024600145,0.010605123571605573
2007-09-25,286.26287062415093,0.028296515164378463
2007-09-26,290.9655732009718,0.01642791664377355
2007-09-27,294.2390412890832,0.011250362206426428
2007-09-28,291.94044284271394,-0.007812010385497942
2007-10-01,302.54705377198604,0.03633142029241419
2007-10-02,302.0065069543985,-0.0017866537150116797
2007-10-03,296.41395550599424,-0.01851798328719036
2007-10-04,297.4162730137652,0.0033814788040595184
2007-10-05,316.03207030643586,0.0625917240641674
2007-10-08,321.78297180197876,0.018197208561671122
2007-10-09,325.2482084313054,0.010768862658957264
2007-10-10,327.757937001814,0.007716348639130748
2007-10-11,311.38680237058753,-0.04994885793150413
2007-10-12,327.48201060863715,0.05168879385868894
2007-10-15,318.6282621883451,-0.027035831384560716
2007-10-16,315.1019632484662,-0.011067125419635513
2007-10-17,327.3256815601937,0.03879289797407199
2007-10-18,331.01807788589036,0.011280496868124953
2007-10-19,305.3115829520707,-0.07765888527297073
2007-10-22,316.4107365852521,0.03635352948572462
2007-10-23,337.3298703908179,0.06611385577913044
2007-10-24,329.63006291965627,-0.02282575053979337
2007-10-25,317.31434329408273,-0.03736224638156057
2007-10-26,331.79723387014496,0.04564209239870292
2007-10-29,335.5472389300915,0.011302098622721388
2007-10-30,337.37550284384145,0.005448603658845235
2007-10-31,351.6713336274304,0.04237364794742058
2007-11-01,331.83313195020344,-0.056411199265516625
2007-11-02,339.35573045286003,0.022669823409271487
2007-11-05,332.94200184080665,-0.01889972096093505
2007-11-06,343.5191252819097,0.031768666562413485
2007-11-07,318.1580355287218,-0.07382730068486064
2007-11-08,290.23992482173156,-0.08774919250615605
2007-11-09,260.4575179012151,-0.10261306034588157
2007-11-12,240.23043729904865,-0.07765980711617657
2007-11-13,270.68127667486004,0.1267567911800657
2007-11-14,259.5951385412832,-0.04095642768411143
2007-11-15,254.171277560264,-0.020893538343964943
2007-11-16,263.36997091163425,0.036190923851296415
2007-11-19,252.56911129339878,-0.041010216847612316
2007-11-20,255.80345348415702,0.012805770959858336
2007-11-21,246.83116589902406,-0.03507492749971278
2007-11-23,255.0161504721172,0.03316025568846336
2007-11-26,239.910607632217,-0.059233671326051174
2007-11-27,255.9126553905445,0.0667000426377921
2007-11-28,279.11222971555884,0.090654267525808
2007-11-29,281.8499823284556,0.009808787725592547
2007-11-30,276.4207532189881,-0.01926283288937898
2007-12-03,267.61442029142347,-0.031858436188356785
2007-12-04,264.2878172569191,-0.0124305821445714
2007-12-05,279.7188164768072,0.05838710001864131
2007-12-06,290.975500731115,0.04024285672337371
2007-12-07,291.86511483169363,0.0030573505272553265
2007-12-10,293.6468773074564,0.006104746285934941
2007-12-11,272.4609032022273,-0.07214779295284934
2007-12-12,279.31076701306137,0.02514072195433452
2007-12-13,276.57551985589873,-0.00979284539014827
2007-12-14,267.5644374907169,-0.03258091088422004
2007-12-17,247.4823645795457,-0.0750550899047185
2007-12-18,250.6116966606907,0.012644666970357677
2007-12-19,251.10688619670503,0.001975923480877192
2007-12-20,265.38940698891685,0.056878252160012716
2007-12-21,281.5126804976195,0.060753267026125095
2007-12-24,288.0349838168339,0.02316877274474863
2007-12-26,291.2648866202436,0.011213578158490722
2007-12-27,278.57571146239223,-0.043565756604213475
2007-12-28,278.8852922453167,0.0011112985453730685
2007-12-31,269.88768232763266,-0.03226276238966883
2008-01-02,256.12703139305245,-0.050986583811095706
2008-01-03,256.88208502828525,0.002947965433894913
2008-01-04,223.72544164984032,-0.1290733971378115
2008-01-07,221.61194847333795,-0.009446816423365355
2008-01-08,205.59961962329683,-0.07225390580403462
2008-01-09,218.13900689002605,0.06098935051389732
2008-01-10,219.61823230500212,0.0067811137314006086
2008-01-11,205.83701105830548,-0.06275080671607222
2008-01-14,217.5362322760315,0.056837306165566794
2008-01-15,199.08979252840294,-0.08479709129200101
2008-01-16,192.20508567133422,-0.034580913313707655
2008-01-17,182.8972900291611,-0.048426375450279315
2008-01-18,183.48044109958445,0.003188407386082008
2008-01-22,168.97117402510693,-0.07907800410509466
2008-01-23,167.24588255766895,-0.010210566846044527
2008-01-24,177.72029209957026,0.06262880366151657
2008-01-25,166.69416314297652,-0.06204203710410391
2008-01-28,171.11485855779623,0.02651979728305169
2008-01-29,171.84244909083657,0.004252059342903894
2008-01-30,172.07299304771547,0.0013416007400885229
2008-01-31,181.45775817578763,0.05453944260427785
2008-02-01,185.54267155749758,0.02251164911754652
2008-02-04,177.57180061915125,-0.04295977238786423
2008-02-05,161.45110694499073,-0.09078408631298128
2008-02-06,152.5557211514159,-0.05509646828625112
2008-02-07,155.79433040482888,0.021229025230712864
2008-02-08,161.23491612307146,0.03492158991989821
2008-02-11,166.4863502703166,0.032570080188069624
2008-02-12,162.98185723535423,-0.021049731880555235
2008-02-13,174.6330448485571,0.07148763556165598
2008-02-14,164.44765318699737,-0.05832453800706829
2008-02-15,162.44919501025745,-0.012152549081788432
2008-02-19,158.1530947630393,-0.02644580816141875
2008-02-20,164.23143540689355,0.038433270325575544
2008-02-21,158.3930151947119,-0.03554995544986027
2008-02-22,160.30554531323284,0.012074586219410384
2008-02-25,163.53986780850934,0.020175986357532014
2008-02-26,165.13878739654396,0.009776940690124612
2008-02-27,167.5168933939909,0.0144006507189401
2008-02-28,165.9780669949148,-0.009186096804319737
2008-02-29,152.31991479734484,-0.08228889783364217
2008-03-03,149.15401270224064,-0.020784557943827005
2008-03-04,151.83880337737344,0.018000123674128052
2008-03-05,154.40923283743064,0.016928673059078067
2008-03-06,143.55197263721467,-0.07031483804888135
2008-03-07,142.28705250058093,-0.008811583103984683
2008-03-10,133.64743922828868,-0.060719602525022245
2008-03-11,149.91748374735474,0.12173854293814426
2008-03-12,148.4190125757142,-0.009995306312409954
2008-03-13,152.31676505643628,0.026261813854432686
2008-03-14,142.76200119164642,-0.06272956139299335
2008-03-17,136.08219949225796,-0.04678977349456851
2008-03-18,153.94684387467174,0.13127833360328764
2008-03-19,142.0167495381485,-0.07749489392738411
2008-03-20,151.04888880385852,0.06359911274609076
2008-03-24,167.15934219900038,0.10665721226232779
2008-03-25,169.9531454890529,0.01671341399947936
2008-03-26,167.91545580744557,-0.011989714434197368
2008-03-27,156.98781821163305,-0.06507821178976883
2008-03-28,154.24581250019753,-0.01746635976390903
2008-03-31,157.98088510337715,0.024215066474980177
2008-04-01,177.5348038960711,0.12377395391789683
2008-04-02,175.608036636836,-0.010852898794779733
2008-04-03,177.41968446298458,0.010316428910910915
2008-04-04,180.4744982289882,0.017218009237531764
2008-04-07,178.98362808907228,-0.008260835489478898
2008-04-08,174.73537306821734,-0.023735439191906245
2008-04-09,169.0614617611753,-0.03247145215884208
2008-04-10,176.49015304066108,0.0439407727940972
2008-04-11,160.9794172328495,-0.08788442607468364
2008-04-14,158.86254601842546,-0.013149949545177422
2008-04-15,159.8654371535897,0.006312948900163801
2008-04-16,173.7954947731627,0.08713614316889362
2008-04-17,172.0897239222918,-0.009814816276435986
2008-04-18,188.7392447865201,0.09674907068679175
2008-04-21,192.53541759473595,0.02011331990074271
2008-04-22,183.0239432986226,-0.04940116688626016
2008-04-23,190.31234457530235,0.0398221191463892
2008-04-24,195.66838934292494,0.028143443766483176
2008-04-25,193.82809899557753,-0.009405148953938259
2008-04-28,195.21601191279598,0.007160535156722053
2008-04-29,198.3543836834644,0.016076405515702972
2008-04-30,193.45077170072005,-0.024721470187266215
2008-05-01,212.42758922954286,0.09809636509582433
2008-05-02,212.87660300659445,0.002113726275763608
2008-05-05,210.8935734746292,-0.00931539447716494
2008-05-06,215.61844154260487,0.022404040057408772
2008-05-07,202.87220987323732,-0.059114756503093245
2008-05-08,207.677055995381,0.023684102051956517
2008-05-09,205.58501955304177,-0.010073507794649043
2008-05-12,217.10881928107568,0.05605369376177114
2008-05-13,218.26830556243314,0.005340576606684821
2008-05-14,217.17348371306718,-0.0050159451531216585
2008-05-15,228.26595930631984,0.05107656516625307
2008-05-16,228.23038655578952,-0.00015583905124718893
2008-05-19,223.24957212700963,-0.02182362525842884
2008-05-20,217.94722442890543,-0.023750763092561012
2008-05-21,203.59857699507788,-0.0658354217238866
2008-05-22,206.12247395671253,0.012396437140597743
2008-05-23,204.23602744519565,-0.009152066125079857
2008-05-27,215.60309848718373,0.05565654201259018
2008-05-28,217.09257347020483,0.006908411768997071
2008-05-29,223.25182543580982,0.028371546143426032
2008-05-30,227.73496121828904,0.020081071112084663
2008-06-02,219.05053239863344,-0.03813392890225307
2008-06-03,215.748109433973,-0.015076078238653246
2008-06-04,223.73014339812195,0.03699700537395318
2008-06-05,234.89467618517827,0.04990178175137238
2008-06-06,212.69028123804102,-0.09452915369453721
2008-06-09,209.23305924778717,-0.01625472480514785
2008-06-10,206.9487182488055,-0.010917686751768938
2008-06-11,191.764028631351,-0.07337416605402011
2008-06-12,191.73304188313335,-0.00016158790800756753
2008-06-13,204.20287914255292,0.06503749764227015
2008-06-16,210.01324154664843,0.028453871113341734
2008-06-17,206.21200583656716,-0.018099981134936823
2008-06-18,199.3902402250136,-0.033081321254205355
2008-06-19,209.06468280579358,0.04852014105536117
2008-06-20,191.87673025654595,-0.08221356337461377
2008-06-23,187.34510809644254,-0.023617361803301883
2008-06-24,184.52409009647624,-0.015057868490028041
2008-06-25,193.27274730218085,0.04741200566891005
2008-06-26,169.73539472644305,-0.12178309101664134
2008-06-27,169.81705807833663,0.00048112152462477
2008-06-30,164.67583523025945,-0.03027506721795597
2008-07-01,171.55688872627945,0.0417854476729905
2008-07-02,158.68326370736838,-0.07503997720226233
2008-07-03,158.72736340034766,0.00027791017117336305
2008-07-07,161.46775475861207,0.017264769599634182
2008-07-08,173.21851142166213,0.07277463342830873
2008-07-09,158.74122452798053,-0.08357817403499018
2008-07-10,164.07057712056718,0.03357258083672698
2008-07-11,156.38541824268825,-0.04684056710687084
2008-07-14,153.03167514414224,-0.02144536962737458
2008-07-15,153.10535356942142,0.0004814586601746952
2008-07-16,164.72357203333718,0.07588381590228198
2008-07-17,167.28780137580375,0.015566863387030012
2008-07-18,159.09095171722822,-0.04899848997454224
2008-07-21,158.15756125130235,-0.005867024213827729
2008-07-22,158.63422906740595,0.0030138794018593493
2008-07-23,164.88029091470557,0.03937398557688076
2008-07-24,157.211724606095,-0.0465099028274859
2008-07-25,164.87898959659003,0.048770312835800744
2008-07-28,153.1845860052003,-0.07092719102659757
2008-07-29,164.0244238694645,0.07076324156985486
2008-07-30,165.94886432004145,0.011732645694939224
2008-07-31,164.95940531690957,-0.005962433109657471
2008-08-01,158.9051097119919,-0.03670173030320113
2008-08-04,153.21138183398568,-0.03583099302675571
2008-08-05,169.7363605868179,0.10785738340731182
2008-08-06,176.65849091856902,0.04078165873133895
2008-08-07,172.42107517792414,-0.023986482158947758
2008-08-08,185.10638265621355,0.07357167599841985
2008-08-11,189.40165022936785,0.023204319113790863
2008-08-12,189.34488183393495,-0.0002997249251215406
2008-08-13,189.61295694886462,0.0014158033337537117
2008-08-14,196.15249827979446,0.03448889483166187
2008-08-15,194.09918195585433,-0.010467959072391005
2008-08-18,186.6737573972556,-0.03825582613886325
2008-08-19,179.70390312536915,-0.03733708673926815
2008-08-20,180.92032050311244,0.006769009223437097
2008-08-21,179.12907152310393,-0.009900761700108156
2008-08-22,186.0894690102541,0.038856883631266985
2008-08-25,173.99284238261203,-0.0650043588816706
2008-08-26,173.04456676554943,-0.005450084061373796
2008-08-27,176.88292165389475,0.022181308318947355
2008-08-28,181.0120494838353,0.023343846830051754
2008-08-29,168.92890867125058,-0.06675324016848824
2008-09-02,162.83109538284072,-0.03609691991959003
2008-09-03,158.32083434905655,-0.027699015493200897
2008-09-04,143.20412539514504,-0.09548148868760425
2008-09-05,141.61108635468923,-0.011124253830398483
2008-09-08,140.320232238527,-0.00911548770220619
2008-09-09,130.4272970859954,-0.07050255686375172
2008-09-10,134.17519743595588,0.028735551787823655
2008-09-11,142.40825296475987,0.061360487527762124
2008-09-12,140.83028907552506,-0.01108056489974131
2008-09-15,126.06387263266004,-0.10485256076514926
2008-09-16,130.18630845628934,0.03270116757115459
2008-09-17,109.42237125948078,-0.15949401625271636
2008-09-18,122.48135855408252,0.1193447660134697
2008-09-19,132.7876642497765,0.0841459126299873
2008-09-22,114.70522136507368,-0.1361756228401558
2008-09-23,111.07615114198317,-0.03163823041272218
2008-09-24,113.68415815825041,0.023479450714254158
2008-09-25,119.06086724602646,0.04729514802134143
2008-09-26,115.77181371888598,-0.027624975386278765
2008-09-29,79.21779753290117,-0.31574193244259174
2008-09-30,94.85652932510715,0.1974143725178779
2008-10-01,89.34978769595718,-0.05805337458928526
2008-10-02,76.88538173016245,-0.13950123763258487
2008-10-03,73.74583186198034,-0.04083415855566282
2008-10-06,64.77546413936926,-0.12163897939885795
2008-10-07,53.57745147450765,-0.17287429451324726
2008-10-08,53.650778377438726,0.0013686149847190895
2008-10-09,46.933401323897264,-0.1252055842747336
2008-10-10,46.345698022707936,-0.012522069243042227
2008-10-13,63.82917873125394,0.37724063838632127
2008-10-14,55.12574813798734,-0.13635504586251188
2008-10-15,40.53620012938694,-0.26465941055495057
2008-10-16,47.25258644786575,0.16568860171996563
2008-10-17,47.115148562004926,-0.0029085791105311603
2008-10-20,51.53003199217704,0.09370411778203357
2008-10-21,43.60446636716128,-0.1538047875890891
2008-10-22,38.8789817727542,-0.10837157264160124
2008-10-23,39.0721086802647,0.004967385942340758
2008-10-24,35.5805094077306,-0.08936295967813226
2008-10-27,32.69033962086295,-0.08122901653116027
2008-10-28,43.40217384708179,0.32767583177332765
2008-10-29,43.856473283542556,0.010467204662637255
2008-10-30,47.06934398251483,0.07325875653977688
2008-10-31,47.1557953722806,0.001836681424705673
2008-11-03,47.145194565995034,-0.00022480389105683044
2008-11-04,51.76805438045542,0.09805580095738461
2008-11-05,42.929766658387436,-0.1707286052729229
2008-11-06,37.180451349035856,-0.13392374934393692
2008-11-07,39.84136807586979,0.07156762842533188
2008-11-10,37.896950533458956,-0.048803985312655014
2008-11-11,35.58570227355571,-0.0609877108149548
2008-11-12,30.339140762790116,-0.1474345362200255
2008-11-13,36.23808486682978,0.19443345973972032
2008-11-14,30.86586980822815,-0.14824776415044602
2008-11-17,28.68899570422999,-0.07052689969611217
2008-11-18,28.970654950552433,0.009817675363272422
2008-11-19,23.844280837463753,-0.1769505771215202
2008-11-20,20.482775370637622,-0.14097743143272276
2008-11-21,23.390167622114543,0.141943276673566
2008-11-24,27.831732345644635,0.18989024770095092
2008-11-25,26.97965333706567,-0.03061537808703119
2008-11-26,30.55630420343551,0.13256845155441999
2008-11-28,29.98914266949295,-0.01856119543013307
2008-12-01,22.807514767895388,-0.2394742650947209
2008-12-02,25.24182879305165,0.10673298033255607
2008-12-03,27.666400743864568,0.09605373567387218
2008-12-04,24.928438222251096,-0.09896345198500955
2008-12-05,28.250774900012942,0.13327496284128748
2008-12-08,31.641832796714542,0.12003415512330068
2008-12-09,30.663069298526874,-0.030932579173773244
2008-12-10,31.414854974269502,0.024517626347951637
2008-12-11,28.181206980597825,-0.10293372343498683
2008-12-12,30.055435916360082,0.0665063400958172
2008-12-15,28.199032979518396,-0.061765962803127704
2008-12-16,32.60825303243921,0.1563606828689242
2008-12-17,31.21959883095748,-0.042585973560137526
2008-12-18,29.600519675677894,-0.05186098527550912
2008-12-19,30.520381904270536,0.03107588105449616
2008-12-22,28.40631512578947,-0.06926737630977224
2008-12-23,27.977709023149437,-0.015088409064747399
2008-12-24,28.054982515221187,0.0027619663928812304
2008-12-26,28.133055709890407,0.002782863779254237
2008-12-29,27.253623350248805,-0.031259752538450036
2008-12-30,29.216851987848646,0.07203550927410604
2008-12-31,29.967543676631415,0.025693791004417082
2009-01-02,33.82894851158169,0.12885289754199594
2009-01-05,33.73738108408895,-0.00270677722842592
2009-01-06,34.69804021123048,0.02847462062177022
2009-01-07,31.767813466387654,-0.08444934431468017
2009-01-08,32.83988161566425,0.03374699207456956
2009-01-09,30.519744004659124,-0.0706499992344201
2009-01-12,28.884607802159294,-0.05357634068785797
2009-01-13,28.995176113276056,0.0038279318824088597
2009-01-14,26.158653766874977,-0.09782738809102505
2009-01-15,27.515279650796177,0.05186145648057439
2009-01-16,28.53583374567409,0.03709044966396995
2009-01-20,24.143091091226857,-0.15393777149101703
2009-01-21,27.275883667076513,0.12975938184601604
2009-01-22,26.056670795462956,-0.04469929870998883
2009-01-23,26.580150991939284,0.02009006448235435
2009-01-26,27.17060077769525,0.022213936479707135
2009-01-27,27.849253870357103,0.02497747834928165
2009-01-28,30.753013996822542,0.10426707085162586
2009-01-29,28.360746456933896,-0.0777896937235426
2009-01-30,26.693707258000956,-0.05877980685255787
2009-02-02,27.74792058636387,0.03949295308342497
2009-02-03,29.134856551679515,0.0499834198746132
2009-02-04,29.119237761129497,-0.0005360860631769559
2009-02-05,31.253373032689282,0.07328953075854842
2009-02-06,33.69265848568441,0.07804871014862223
2009-02-09,34.02499199480543,0.009863677253673035
2009-02-10,29.855935085561857,-0.12252925466904045
2009-02-11,29.69366618894899,-0.0054350632846647305
2009-02-12,30.838741376418987,0.03856294403606376
2009-02-13,30.39604366528905,-0.014355245751645745
2009-02-17,26.727577188980597,-0.12068894612418521
2009-02-18,26.84527813761639,0.004403726825053085
2009-02-19,25.431562491336326,-0.052661612929952285
2009-02-20,25.747239641568687,0.012412809882991023
2009-02-23,22.868694367757815,-0.11180015076891917
2009-02-24,25.45087091475586,0.11291316003761952
2009-02-25,24.759483839917273,-0.027165556619036423
2009-02-26,22.60197015227561,-0.08713887985674874
2009-02-27,21.99446848623284,-0.02687826158294445
2009-03-02,19.614743721505313,-0.10819651160095478
2009-03-03,19.833977382143125,0.011176983179109711
2009-03-04,21.46603672200954,0.08228603413331448
2009-03-05,19.391450163721085,-0.09664506704963108
2009-03-06,18.860407810554072,-0.02738538627505657
2009-03-09,17.75522433392743,-0.05859806891387545
2009-03-10,21.2547129199374,0.19709627545076971
2009-03-11,22.0297645912804,0.036464932472269986
2009-03-12,24.30553397321631,0.10330429871396267
2009-03-13,24.54482459278028,0.009845108518399936
2009-03-16,23.093384861294012,-0.059134247466294865
2009-03-17,25.91987423345905,0.1223938971762609
2009-03-18,26.88537278620505,0.037249353297388654
2009-03-19,26.702448793870243,-0.006803848092025158
2009-03-20,25.570407874988145,-0.0423946480572211
2009-03-23,30.265909400964052,0.18363029439858256
2009-03-24,28.43117495420982,-0.0606204962305145
2009-03-25,28.592383916690903,0.005670147742424335
2009-03-26,31.689602316752065,0.10832319575329809
2009-03-27,29.477299803084158,-0.06981162122373556
2009-03-30,27.313576200443627,-0.07340304631342601
2009-03-31,28.401780252973598,0.03984114143618783
2009-04-01,29.470316255849266,0.03762214880047148
2009-04-02,32.42107635005206,0.10012651607079827
2009-04-03,34.06481914254512,0.05069982176857674
2009-04-06,33.830442444903284,-0.006880315338269629
2009-04-07,30.91916867066201,-0.08605485367158928
2009-04-08,32.76231845470034,0.05961188037333051
2009-04-09,35.75030694471071,0.09120198541937076
2009-04-13,35.46593564291962,-0.007954373712955279
2009-04-14,34.32400914957985,-0.03219783921216636
2009-04-15,33.87342815235077,-0.013127283449480118
2009-04-16,36.689583603398724,0.0831375979538263
2009-04-17,36.76721123600039,0.002115794865398206
2009-04-20,33.14127132684887,-0.09861884508665691
2009-04-21,34.63742757861132,0.04514480561131524
2009-04-22,35.15922962497835,0.015064688195529871
2009-04-23,35.846559880497416,0.0195490704105406
2009-04-24,38.15700754471646,0.06445381849531567
2009-04-27,37.88220538146305,-0.007201879312243361
2009-04-28,37.218080842397335,-0.01753130612059598
2009-04-29,38.89662497334305,0.04510023335307454
2009-04-30,39.90657746538503,0.02596504176735457
2009-05-01,40.1044583980589,0.0049586044517477
2009-05-04,42.80806806967401,0.06741419232695486
2009-05-05,42.43618476047673,-0.008687224767817256
2009-05-06,42.44109835115049,0.0001157877575822466
2009-05-07,39.40030434444858,-0.07164739191108803
2009-05-08,39.769799361708316,0.009377973683388633
2009-05-11,39.913050534075744,0.003602008928044796
2009-05-12,38.336704705599665,-0.03949449634600774
2009-05-13,35.200893562204286,-0.08179657504410767
2009-05-14,36.76575115538745,0.04445505312011094
2009-05-15,36.39699956800682,-0.010029758016424794
2009-05-18,39.43175490732152,0.08337927233931297
2009-05-19,39.88486577216428,0.011491014435135585
2009-05-20,39.515531662652585,-0.009260006329755623
2009-05-21,37.27720785956967,-0.05664415253707516
2009-05-22,36.93325078132862,-0.00922700754672416
2009-05-26,40.95643554109463,0.10893123877955263
2009-05-27,40.024426836300265,-0.022756099071639318
2009-05-28,41.60424707167014,0.039471401847460064
2009-05-29,42.946562622437526,0.0322639068183359
2009-06-01,46.6796557401765,0.08692414223131828
2009-06-02,46.98355572695886,0.006510330506160934
2009-06-03,46.521329273961165,-0.009838047500787053
2009-06-04,48.159226851293134,0.03520745436327691
2009-06-05,48.20623404088226,0.000976078576474575
2009-06-08,47.75365436820937,-0.009388405497286263
2009-06-09,49.01212954195369,0.026353484155175258
2009-06-10,48.39871686814149,-0.012515527881463071
2009-06-11,48.5692020821403,0.0035225151621950347
2009-06-12,47.885512107014726,-0.014076615340917389
2009-06-15,44.70735522189183,-0.06636990491028547
2009-06-16,43.44667458272299,-0.02819850632880932
2009-06-17,44.589562868655115,0.026305541146907516
2009-06-18,44.3989363698554,-0.004275137196595293
2009-06-19,45.99726768149046,0.0359993153511724
2009-06-22,41.81654963986551,-0.09089057355698762
2009-06-23,41.62880584480117,-0.004489700768744241
2009-06-24,43.611523048056064,0.0476284909696131
2009-06-25,46.213205465017545,0.05965584861814289
2009-06-26,46.626121919392666,0.008935031669415304
2009-06-29,46.97356273582572,0.007451634451471517
2009-06-30,46.35013412447378,-0.013271903918764684
2009-07-01,46.73657747722886,0.008337480787375487
2009-07-02,43.41959966466389,-0.07097177396400249
2009-07-06,42.95043066487728,-0.010805465812906461
2009-07-07,39.71219339584737,-0.07539475667418584
2009-07-08,40.28589859207856,0.014446575400974403
2009-07-09,40.582562977304164,0.007363975872290235
2009-07-10,41.00200565652374,0.010335539415146176
2009-07-13,43.41949654858629,0.05896030824233358
2009-07-14,43.88334203251151,0.010682884897252913
2009-07-15,48.24696155735098,0.09943680956675148
2009-07-16,49.9736308541518,0.03578814584517085
2009-07-17,50.803344896248596,0.01660303700001941
2009-07-20,52.4786836218845,0.032976937425228725
2009-07-21,53.399053911091904,0.017537983533252876
2009-07-22,54.63753712049117,0.0231929803749202
2009-07-23,58.4642352972175,0.07003789662567286
2009-07-24,58.19666697558912,-0.00457661543451536
2009-07-27,58.22946348032283,0.0005635461004573064
2009-07-28,58.904138572902944,0.011586489935771256
2009-07-29,58.26099034196852,-0.01091855761778826
2009-07-30,59.38389502449973,0.01927369713319675
2009-07-31,58.66535538839717,-0.01209990748848859
2009-08-03,61.38873214731771,0.04642223235315426
2009-08-04,61.432519181609905,0.0007132747779691941
2009-08-05,59.844404629095365,-0.02585136624170782
2009-08-06,58.27274452655952,-0.026262440277862325
2009-08-07,60.37201915934275,0.03602498303175709
2009-08-10,59.36449825525811,-0.0166885407861784
2009-08-11,57.62572073733966,-0.02928985452621819
2009-08-12,60.32689567795956,0.04687446692305955
2009-08-13,61.341203864662845,0.016813531929736978
2009-08-14,59.4143715740773,-0.03141171299534185
2009-08-17,54.25600488537959,-0.08682018427589194
2009-08-18,56.50542297589191,0.04145933883750574
2009-08-19,57.587448779395444,0.01914906121426918
2009-08-20,59.494766037032846,0.03312036386511754
2009-08-21,62.10166962327781,0.04381736007873847
2009-08-24,61.76627570696902,-0.005400723013461088
2009-08-25,62.34856285021642,0.009427266523399872
2009-08-26,62.019755565548444,-0.005273694687364163
2009-08-27,62.472934590519245,0.007307010819993187
2009-08-28,62.73416462360255,0.004181491309725647
2009-08-31,60.6728034424262,-0.03285866949124557
2009-09-01,57.387566875946504,-0.054146773844019495
2009-09-02,57.22107877412806,-0.002901117975228643
2009-09-03,58.48267279907138,0.0220477147927128
2009-09-04,61.99024206939736,0.05997621350817741
2009-09-08,63.89855326952705,0.03078405788435791
2009-09-09,65.57100083002135,0.02617348085237295
2009-09-10,67.56820891633029,0.030458709811159865
2009-09-11,67.48618607281297,-0.0012139265615119803
2009-09-14,68.48956633588234,0.014867935520712205
2009-09-15,69.19167840712991,0.0102513727098856
2009-09-16,72.14956726333565,0.042749199387840504
2009-09-17,71.82033578268995,-0.0045631802536536675
2009-09-18,72.34213169044446,0.00726529473954758
2009-09-21,73.14650918096895,0.011119073653599928
2009-09-22,73.46690087016604,0.004380136424616223
2009-09-23,72.22110567892831,-0.016957230759459454
2009-09-24,70.40012565627406,-0.025213959347974206
2009-09-25,68.47409774036417,-0.027358302246698232
2009-09-28,72.17153863929956,0.05399765781442072
2009-09-29,71.30503726751992,-0.012006136880498704
2009-09-30,71.47167396721153,0.002336955509418469
2009-10-01,64.91545726515797,-0.09173167967300314
2009-10-02,64.45938853066681,-0.007025579942050933
2009-10-05,65.99506813861112,0.02382398658984637
2009-10-06,69.49571628225804,0.053044087117152854
2009-10-07,70.13366788710185,0.00917972558557083
2009-10-08,71.03876475206965,0.012905311988313434
2009-10-09,72.27792333633478,0.017443414009096
2009-10-12,72.51943996620675,0.0033414992949936115
2009-10-13,72.6022260450351,0.00114157085144247
2009-10-14,75.62437874066777,0.041626171265851226
2009-10-15,75.51036715058238,-0.0015076036588195713
2009-10-16,73.69880235125521,-0.023990941478466955
2009-10-19,75.91251220257286,0.030037256789695075
2009-10-20,75.85137993670298,-0.000805298943430353
2009-10-21,75.51299378366322,-0.004461173327659136
2009-10-22,76.75428627432692,0.016438131088006895
2009-10-23,75.51341702581912,-0.01616677463552737
2009-10-26,74.63177137005646,-0.011675351089743661
2009-10-27,71.52067370246279,-0.04168596846197727
2009-10-28,66.4904121714415,-0.07033297186136632
2009-10-29,69.95644701668584,0.052128340493774905
2009-10-30,64.54534246196224,-0.0773496194486973
2009-11-02,65.22278643268884,0.010495629039784423
2009-11-03,65.96053786621083,0.011311252920532222
2009-11-04,66.13584497679018,0.0026577574448367943
2009-11-05,70.90961652499264,0.07218130425154128
2009-11-06,72.10707460620746,0.016887104174266247
2009-11-09,76.81837312982682,0.06533753517735674
2009-11-10,77.44241236681226,0.00812356746908432
2009-11-11,78.72626380468566,0.016578143663608068
2009-11-12,77.42926081238737,-0.01647484498332176
2009-11-13,79.45832657235562,0.02620541302705591
2009-11-16,81.9913768862275,0.031878978870329706
2009-11-17,82.62673568989489,0.007749092987534697
2009-11-18,81.19721702096128,-0.01730092151163652
2009-11-19,77.33987228576558,-0.04750587368283711
2009-11-20,76.19084040933694,-0.01485691458324425
2009-11-23,79.89662649521098,0.04863820986833348
2009-11-24,79.00478854074291,-0.011162398133562308
2009-11-25,79.99182446072572,0.012493368290882722
2009-11-27,76.22264341533155,-0.047119578416976476
2009-11-30,76.4850086155237,0.0034420900199242264
2009-12-01,79.12025135774452,0.03445436942378756
2009-12-02,79.53567019077458,0.005250474131480352
2009-12-03,78.48425586388457,-0.013219406140264879
2009-12-04,79.67527710064786,0.015175288644245829
2009-12-07,78.58099302364745,-0.01373429897982124
2009-12-08,77.14018496134855,-0.018335325208543935
2009-12-09,79.357959432193,0.028749924205596102
2009-12-10,80.6468062917365,0.016240927422595246
2009-12-11,79.66645628336178,-0.012156092143665718
2009-12-14,81.94520458038784,0.028603610645374936
2009-12-15,80.46931299664203,-0.01801071327240339
2009-12-16,80.8222382860405,0.004385836988731321
2009-12-17,77.78859876925986,-0.03753471298387196
2009-12-18,81.60858635815042,0.04910729399075015
2009-12-21,84.5192170175933,0.03566574044879517
2009-12-22,86.00818402134173,0.017616904844710977
2009-12-23,87.76143961670066,0.020384753094239018
2009-12-24,90.30181294697546,0.028946349802030646
2009-12-28,91.52150611785702,0.013506851424984805
2009-12-29,90.62388097061955,-0.009807805676641041
2009-12-30,91.58960469183842,0.010656393335570733
2009-12-31,88.9101067384799,-0.029255481147384924
2010-01-04,92.70480458208583,0.04268016295118896
2010-01-05,92.96263942581662,0.002781245749808893
2010-01-06,91.4871654534724,-0.015871687609748143
2010-01-07,91.24155564291773,-0.002684636793994676
2010-01-08,93.55901263182162,0.02539913937870017
2010-01-11,92.62582335685033,-0.009974338641682954
2010-01-12,89.02671035599121,-0.038856475121340266
2010-01-13,92.52107383275829,0.03925073118836094
2010-01-14,92.58127995571171,0.0006507287524812321
2010-01-15,89.34513456241004,-0.0349546408825818
2010-01-19,93.80667974972219,0.04993607328662802
2010-01-20,89.72218065297248,-0.04354166577100067
2010-01-21,87.22049820562,-0.02788254174325619
2010-01-22,79.34037491178987,-0.09034714838767559
2010-01-25,80.35151342720044,0.01274431229414722
2010-01-26,80.55055716033749,0.002477162216955585
2010-01-27,82.56782009096224,0.025043438577455758
2010-01-28,76.06077836028703,-0.0788084476919291
2010-01-29,72.1902660829404,-0.05088709793387431
2010-02-01,74.64487942768287,0.03400199885566755
2010-02-02,76.70752312682656,0.027632755454337868
2010-02-03,77.71741591813158,0.01316549863870957
2010-02-04,70.96441280148436,-0.0868917608346747
2010-02-05,72.57955667349896,0.02275991314876074
2010-02-08,71.18456636931305,-0.01922015465679015
2010-02-09,73.52059755738486,0.032816540258913
2010-02-10,73.00973520806345,-0.0069485608971373665
2010-02-11,76.26404651209667,0.044573662604844154
2010-02-12,76.70056757820655,0.005723812019870058
2010-02-16,79.67814256970328,0.03882076867893706
2010-02-17,80.84784253257776,0.014680311628138135
2010-02-18,82.52854821418865,0.020788503798770584
2010-02-19,82.52155316571711,-8.475913635828142e-05
2010-02-22,81.75651152622605,-0.009270809990145646
2010-02-23,78.54609551421326,-0.039268016113712716
2010-02-24,81.00362436621583,0.03128772774654175
2010-02-25,81.05971745400687,0.0006924762716473623
2010-02-26,81.83615573298563,0.009578595921202263
2010-03-01,85.58561866468877,0.04581670409759785
2010-03-02,86.25709081472073,0.007845618931174385
2010-03-03,86.31003655273305,0.0006138131661089647
2010-03-04,87.45238620243997,0.013235420761396197
2010-03-05,91.52360466537448,0.04655354347347606
2010-03-08,91.87070478417188,0.003792465561933059
2010-03-09,93.40249880295565,0.016673367450291778
2010-03-10,95.75884761836011,0.0252278990990967
2010-03-11,96.72966151098221,0.010138111691686392
2010-03-12,96.82612443104539,0.000997242402757897
2010-03-15,96.17986748586632,-0.006674406819197855
2010-03-16,98.00862149392745,0.019013896108037887
2010-03-17,98.61723225233648,0.006209767560568526
2010-03-18,99.79983645490346,0.011991861620502526
2010-03-19,98.03013755579813,-0.01773248295757478
2010-03-22,100.65060727897402,0.02673126640962144
2010-03-23,102.76158023181452,0.02097327586896232
2010-03-24,100.98082457737732,-0.01732900224403007
2010-03-25,100.56638420182787,-0.0041041492509488915
2010-03-26,101.10809426818514,0.005386591858270528
2010-03-29,102.4517012981394,0.013288817672602872
2010-03-30,103.51108468405397,0.010340320097093618
2010-03-31,101.99624951509995,-0.01463452125516546
2010-04-01,102.18997514986495,0.0018993407668026776
2010-04-05,105.06071725435609,0.028092208656290436
2010-04-06,105.72046537552256,0.006279684152252554
2010-04-07,104.97956454433158,-0.007008111708166338
2010-04-08,105.52907767192683,0.005234477109715919
2010-04-09,107.7220074155776,0.02078033649140987
2010-04-12,107.92951702163141,0.0019263436602445065
2010-04-13,109.25673611273376,0.012297090987967104
2010-04-14,113.35103186626144,0.037474080767917924
2010-04-15,115.00042164541232,0.014551166866279082
2010-04-16,110.63775685195722,-0.03793607650332588
2010-04-19,110.7616302660127,0.0011196305635628304
2010-04-20,112.42681089859295,0.01503391227251742
2010-04-21,114.25197092635781,0.01623420617535014
2010-04-22,116.04627445185304,0.01570479275715743
2010-04-23,117.78099905221534,0.014948559172246604
2010-04-26,116.7189920971053,-0.009016793571594925
2010-04-27,109.40186520437213,-0.06269011376182579
2010-04-28,109.62440492934296,0.002034149276660996
2010-04-29,115.41040573228526,0.05278022541305089
2010-04-30,108.25164474969127,-0.06202873074720829
2010-05-03,113.28876743282663,0.04653160415975787
2010-05-04,102.8148418550068,-0.09245334568610458
2010-05-05,101.1402178158506,-0.016287765549625785
2010-05-06,91.14785561952922,-0.09879711960394247
2010-05-07,84.75258952113934,-0.07016364844703639
2010-05-10,97.56916998805258,0.15122346749908425
2010-05-11,97.25119420383024,-0.003258978058963422
2010-05-12,102.53148038213699,0.05429533510138418
2010-05-13,97.85430766166114,-0.04561694323581331
2010-05-14,92.06002236088301,-0.05921339018423512
2010-05-17,93.2776413130136,0.013226359508771691
2010-05-18,89.13291123631524,-0.044434336228441056
2010-05-19,87.20281699961545,-0.02165411417543164
2010-05-20,76.96969719954744,-0.11734850033701485
2010-05-21,79.87745029697042,0.03777789446000419
2010-05-24,78.90005711861494,-0.012236158950012945
2010-05-25,78.95461382572782,0.0006914660027542445
2010-05-26,76.45098169240786,-0.031709763521180545
2010-05-27,84.91007969050548,0.1106473430535119
2010-05-28,83.50137614398002,-0.016590533793633754
2010-06-01,81.16524222464001,-0.027977190643084276
2010-06-02,87.0791536795007,0.07286261080195923
2010-06-03,89.31531340316555,0.02567962169103212
2010-06-04,80.3255305348964,-0.10065220090187278
2010-06-07,75.87646766984157,-0.05538790513337459
2010-06-08,75.56736329642243,-0.004073784440837909
2010-06-09,73.45123342322248,-0.0280032249490983
2010-06-10,79.79186282551362,0.08632434210814047
2010-06-11,82.02573566177915,0.02799624870458903
2010-06-14,81.81074181049634,-0.00262105361869964
2010-06-15,88.72876160571641,0.08456126472052711
2010-06-16,89.82988447979585,0.012409988082246535
2010-06-17,90.58791319945357,0.008438491533718936
2010-06-18,90.99319672414899,0.004473924946290487
2010-06-21,88.48495254057946,-0.027565183704595184
2010-06-22,86.34534277260198,-0.024180492914840444
2010-06-23,85.5049658131286,-0.00973274217796066
2010-06-24,81.42532231872433,-0.04771235747079706
2010-06-25,80.6239585984159,-0.009841701543060993
2010-06-28,80.29978818374288,-0.00402077025624241
2010-06-29,70.86306880158489,-0.11751860864893911
2010-06-30,67.8620816187037,-0.0423490999420854
2010-07-01,67.31044472558509,-0.008128794165467737
2010-07-02,66.60578267667441,-0.010468836623847656
2010-07-06,67.34686678817303,0.011126422987866827
2010-07-07,73.75950047988074,0.09521799598899605
2010-07-08,74.82379927699768,0.014429311345556634
2010-07-09,76.88316647452993,0.02752289000867865
2010-07-12,77.68324929838255,0.010406475962689234
2010-07-13,80.75705697371127,0.03956847458223815
2010-07-14,81.85989195235605,0.01365620566142945
2010-07-15,82.23736074318325,0.004611156719421093
2010-07-16,75.22755212131173,-0.08523873527218667
2010-07-19,77.2115850251172,0.026373753337155397
2010-07-20,79.93735523257432,0.03530260655276558
2010-07-21,76.8950209962283,-0.038058980404023716
2010-07-22,82.71113586579958,0.07563708019348281
2010-07-23,84.34913948729998,0.019803906745496674
2010-07-26,86.38350268409856,0.024118363378263983
2010-07-27,86.1681603135593,-0.0024928645383453804
2010-07-28,83.9550007039583,-0.025684192415707505
2010-07-29,82.3005295659926,-0.01970664194024244
2010-07-30,82.79410152092225,0.005997190510589396
2010-08-02,87.4641533679033,0.05640561055911579
2010-08-03,86.4747185634324,-0.011312460778177281
2010-08-04,88.86204134419636,0.027607176067451104
2010-08-05,88.27130614439676,-0.006647778858820592
2010-08-06,87.98623244971641,-0.0032295171231976824
2010-08-09,89.6990715459017,0.019467126259374343
2010-08-10,87.46350271292819,-0.024922987433927957
2010-08-11,80.02510573478664,-0.0850457247585406
2010-08-12,78.30898008624054,-0.02144484075077092
2010-08-13,76.59701560267219,-0.021861662374902446
2010-08-16,76.9463909123917,0.004561213083442101
2010-08-17,79.97249838342255,0.03932747767827414
2010-08-18,80.68088749400114,0.008857908967433669
2010-08-19,77.04773160179323,-0.045031184027047845
2010-08-20,77.39875477712394,0.004555918364279864
2010-08-23,75.18782192142876,-0.028565483541198207
2010-08-24,71.06879247018209,-0.054783199539295814
2010-08-25,72.94568352866746,0.026409496957090516
2010-08-26,70.27671345227247,-0.03658845797703821
2010-08-27,72.97468096705794,0.038390633002747795
2010-08-30,70.59004156643293,-0.032677626938875895
2010-08-31,70.03768795923726,-0.00782480920734193
2010-09-01,76.29531281217123,0.08934653663290516
2010-09-02,78.87944578703745,0.03387014063666017
2010-09-03,82.70414938714426,0.04848796238291179
2010-09-07,80.88219647615193,-0.022029764219732587
2010-09-08,83.95613199685512,0.0380050945032079
2010-09-09,84.78127664683613,0.009828283299329802
2010-09-10,85.61991786250375,0.009891821034507964
2010-09-13,89.60888300906824,0.04658921949645322
2010-09-14,90.5796621433236,0.010833514509461456
2010-09-15,92.13372949944744,0.01715691270370211
2010-09-16,93.3492423015665,0.013192918692457409
2010-09-17,94.4618585420462,0.011918856683221568
2010-09-20,99.3388727697502,0.051629454501291375
2010-09-21,99.2939577594344,-0.00045213931931653204
2010-09-22,98.34602449777972,-0.009546736609606293
2010-09-23,98.25824625313545,-0.0008925449207786053
2010-09-24,104.46114803946925,0.06312856195655792
2010-09-27,102.48090776716388,-0.018956715577710812
2010-09-28,102.70417335163087,0.002178606623725995
2010-09-29,102.1943958913604,-0.0049635515640161455
2010-09-30,100.51281302075198,-0.016454746426565803
2010-10-01,100.2985490614159,-0.0021317079175949415
2010-10-04,97.10222507209775,-0.03186809798575384
2010-10-05,104.37556784616686,0.07490397638847818
2010-10-06,101.57787241574967,-0.026804121770533068
2010-10-07,102.35702591830412,0.00767050425475981
2010-10-08,104.71091622100388,0.02299686105161479
2010-10-11,104.71272070267815,1.72329852455702e-05
2010-10-12,106.97394072749461,0.021594511246030675
2010-10-13,109.44515825247775,0.023101117040068
2010-10-14,109.01118474930773,-0.003965214268948288
2010-10-15,115.89418906269849,0.06314034958173846
2010-10-18,116.96882790390822,0.009272586053718052
2010-10-19,111.23220436214939,-0.049044037155536506
2010-10-20,113.81844554905439,0.023250831013693837
2010-10-21,114.5340395461477,0.006287153137976255
2010-10-22,116.85713695791472,0.02028303045079463
2010-10-25,118.42388666829606,0.013407394286457762
2010-10-26,119.35199616893524,0.007837181558132894
2010-10-27,120.50969123215344,0.0096998382966261
2010-10-28,121.16809052619283,0.005463455157071328
2010-10-29,120.27058011675997,-0.007407151549019713
2010-11-01,120.95580848887298,0.005697389764377731
2010-11-02,124.93182833244072,0.03287167349167451
2010-11-03,126.0922102794746,0.00928812106988555
2010-11-04,131.25573278119703,0.04095036870459998
2010-11-05,131.06354272911764,-0.0014642412030853027
2010-11-08,131.47647460264673,0.003150623468057342
2010-11-09,129.3073576985103,-0.016498137105455734
2010-11-10,131.2465523216715,0.014996784851814616
2010-11-11,128.61750171171457,-0.020031387975155225
2010-11-12,122.37848287779806,-0.04850831924803476
2010-11-15,121.27859921963946,-0.008987557553372287
2010-11-16,114.82143160837497,-0.053242432323697526
2010-11-17,115.87297756336206,0.009158098277102488
2010-11-18,121.6320777001181,0.04970183953033266
2010-11-19,121.72124164753188,0.0007330627668272114
2010-11-22,124.39847431620323,0.021994786057340746
2010-11-23,118.45954460100563,-0.04774117807989898
2010-11-24,125.83563222735587,0.06226672279717359
2010-11-26,124.68832282594477,-0.009117524035943831
2010-11-29,123.07590388715177,-0.012931595375164367
2010-11-30,118.39147267108376,-0.038061318813170375
2010-12-01,126.02753282738671,0.06449839658230717
2010-12-02,129.95932834037026,0.031197909097916775
2010-12-03,131.0105434998718,0.008088801111285784
2010-12-06,130.7785518577355,-0.0017707860446860026
2010-12-07,130.70011340615332,-0.0005997807015596334
2010-12-08,132.71890020198097,0.015445945249903724
2010-12-09,132.89843935543772,0.001352777586187925
2010-12-10,135.39617157689207,0.01879429309755968
2010-12-13,133.96187155445287,-0.010593357299062488
2010-12-14,134.9017275012362,0.007015846642612
2010-12-15,133.05112100827233,-0.013718182318657924
2010-12-16,135.8769419995762,0.02123861091804075
2010-12-17,135.93069512630478,0.00039560153428212476
2010-12-20,136.8162971858105,0.006515099909426717
2010-12-21,138.94928856476298,0.015590184962071216
2010-12-22,139.2034844488921,0.0018294147940934623
2010-12-23,138.1543108893649,-0.007536977710585996
2010-12-27,138.09492402963755,-0.00042985889723633886
2010-12-28,137.64579703245474,-0.0032523063417336717
2010-12-29,138.43232118973683,0.005714116771009325
2010-12-30,137.33484886750585,-0.007927861880801317
2010-12-31,135.8840553933327,-0.010563913574280217
2011-01-03,142.5868496065366,0.04932730476583051
2011-01-04,142.06840497104713,-0.0036359919369849283
2011-01-05,145.6609410529095,0.025287368311022365
2011-01-06,147.03674232595876,0.009445231254887365
2011-01-07,146.88727304575843,-0.001016543741624626
2011-01-10,148.39597327224152,0.010271143273339408
2011-01-11,149.251197185505,0.0057631207532464375
2011-01-12,152.4182114991444,0.02121935618180077
2011-01-13,152.55484558377773,0.0008964419887192292
2011-01-14,156.11581670056137,0.02334223539840345
2011-01-18,157.22774321690025,0.0071224462699486036
2011-01-19,152.07686492103355,-0.032760619662147765
2011-01-20,148.66971462575833,-0.02240413291689287
2011-01-21,145.21227255057153,-0.02325586003773612
2011-01-24,151.39336120740785,0.0425658833669426
2011-01-25,152.1196605806417,0.004797432116186564
2011-01-26,154.13971921870117,0.013279405373039154
2011-01-27,157.3206154484809,0.020636447541898733
2011-01-28,145.26451047240292,-0.0766339804971465
2011-01-31,147.47455428180317,0.015213928042115212
2011-02-01,155.8267149407551,0.056634588248981245
2011-02-02,155.05843605004932,-0.004930341315337925
2011-02-03,155.463069323812,0.002609553430760028
2011-02-04,158.50846817735192,0.01958921090896974
2011-02-07,160.76953654584557,0.01426465345664561
2011-02-08,163.73612358207683,0.01845242015352395
2011-02-09,163.19157316779138,-0.0033257805447707467
2011-02-10,163.90483551588335,0.0043707057554903455
2011-02-11,166.99105810350514,0.018829356546486552
2011-02-14,168.37447710131053,0.00828438967640947
2011-02-15,167.60376723880208,-0.00457735564069327
2011-02-16,170.9939575282602,0.020227411026076787
2011-02-17,170.92342485291584,-0.000412486361295592
2011-02-18,169.8413000577504,-0.006331050270591209
2011-02-22,155.05071848660762,-0.08708471712188733
2011-02-23,150.66906002218604,-0.028259517319166982
2011-02-24,153.10667478493363,0.016178602046024882
2011-02-25,159.66274773583694,0.0428202948049948
2011-02-28,160.64638525020058,0.006160720194989036
2011-03-01,153.33004323149774,-0.04554314749944693
2011-03-02,155.6245510744802,0.014964502680783852
2011-03-03,164.65977999466548,0.05805786334998734
2011-03-04,162.21043054758383,-0.01487521389352638
2011-03-07,155.65914221488143,-0.040387589815197536
2011-03-08,157.56854107275527,0.012266538480842906
2011-03-09,154.57145524456087,-0.01902083885393428
2011-03-10,146.9128641185854,-0.04954725381771278
2011-03-11,149.8086322659026,0.019710786830619508
2011-03-14,148.1620132901741,-0.010991482605660807
2011-03-15,142.13490981305011,-0.04067914132160146
2011-03-16,131.45185806521312,-0.07516135031069002
2011-03-17,135.4450567332175,0.030377651003026338
2011-03-18,134.6904307559127,-0.005571454547737356
2011-03-21,142.28439684068545,0.056380887952868844
2011-03-22,141.39737935233492,-0.006234116375695858
2011-03-23,143.76033711033986,0.01671146784210837
2011-03-24,151.6675962135057,0.05500306455943283
2011-03-25,152.5155474068952,0.005590852723714279
2011-03-28,149.91938757551034,-0.017022263471005925
2011-03-29,154.30911404604112,0.029280578993292616
2011-03-30,156.50259697515102,0.014214863086152
2011-03-31,157.00681610955493,0.0032217940414368505
2011-04-01,157.80614537134772,0.005091048157011359
2011-04-04,156.1367193600047,-0.010578967044753333
2011-04-05,154.8062985550562,-0.008520870749698107
2011-04-06,155.7058844457452,0.005811041921973682
2011-04-07,155.82188414106358,0.0007449923664175471
2011-04-08,153.4852774333536,-0.01499536936413043
2011-04-11,152.1833681962028,-0.008482306960783906
2011-04-12,148.9954850583107,-0.020947644776675694
2011-04-13,152.56791871221927,0.023976791327002173
2011-04-14,151.5126665630114,-0.00691660578524594
2011-04-15,150.79855023408126,-0.004713245071382626
2011-04-18,147.83358965077392,-0.019661731354213292
2011-04-19,150.6328251944864,0.01893504412850352
2011-04-20,160.62940908979044,0.06636391425572205
2011-04-21,164.6311683363965,0.02491299239212882
2011-04-25,165.99814566278363,0.008303271732810251
2011-04-26,168.57825523434337,0.015543002370647607
2011-04-27,172.29317717084547,0.02203678007782158
2011-04-28,171.51163501929335,-0.0045361178218747975
2011-04-29,170.27765975350604,-0.007194702946237387
2011-05-02,170.33740906963024,0.0003508934537312148
2011-05-03,167.91446669373457,-0.01422437026094033
2011-05-04,166.80925598569019,-0.006581986232670568
2011-05-05,164.2395557793883,-0.01540502168849864
2011-05-06,165.90114918246823,0.01011688929134604
2011-05-09,167.55310293619343,0.009957458172325706
2011-05-10,171.84608531226573,0.025621622642865154
2011-05-11,167.94868568571258,-0.022679595054324975
2011-05-12,171.07529282272995,0.018616443018007793
2011-05-13,164.9773582795114,-0.03564474122828063
2011-05-16,156.39231577080574,-0.05203770140482279
2011-05-17,157.53609012163398,0.007313494561359753
2011-05-18,161.46443515403067,0.02493615925952958
2011-05-19,162.85014218388295,0.008582119204952806
2011-05-20,159.0978449711955,-0.023041411953147236
2011-05-23,152.08864476555132,-0.044055909160260455
2011-05-24,149.49079960527857,-0.017081125052283857
2011-05-25,150.93902310614644,0.00968770991052179
2011-05-26,153.88187503837338,0.019496958915372255
2011-05-27,155.90616749963928,0.013154846604001312
2011-05-31,163.23541435511194,0.04701062807851781
2011-06-01,152.91096408529998,-0.06324883794733134
2011-06-02,153.75220077325437,0.00550148050525086
2011-06-03,146.94230659823603,-0.044291360648952345
2011-06-06,143.5356979356958,-0.02318330739052892
2011-06-07,142.4978811429651,-0.007230374099658703
2011-06-08,139.47732376062658,-0.02119720909609928
2011-06-09,140.18270427180457,0.0050573132044645485
2011-06-10,133.56282802930326,-0.047223202583293315
2011-06-13,133.79770518170952,0.001758551805706725
2011-06-14,138.87270914757875,0.03793042607851093
2011-06-15,131.22805401213603,-0.05504792973627963
2011-06-16,129.6164547633025,-0.01228090487941312
2011-06-17,128.39100416760934,-0.00945443692261912
2011-06-20,130.41272500030016,0.015746592573195745
2011-06-21,138.84268006949623,0.06464058679225261
2011-06-22,135.8771478847826,-0.021358937923333585
2011-06-23,139.40285562192128,0.02594776084149409
2011-06-24,132.3644767631188,-0.05048948837813973
2011-06-27,138.68551799591862,0.04775481600030823
2011-06-28,144.882815416246,0.044685973776366135
2011-06-29,146.5406707826593,0.011442732953872723
2011-06-30,152.4188052210657,0.040112648638851195
2011-07-01,159.56930730224224,0.046913516155736516
2011-07-05,161.59222273447506,0.012677346705536482
2011-07-06,163.10711174309677,0.009374764348101892
2011-07-07,170.17358527536717,0.043324128891452034
2011-07-08,168.7010995674485,-0.008652845302259888
2011-07-11,159.4939072430463,-0.05457695502880272
2011-07-12,155.81306003563319,-0.023078293528818208
2011-07-13,157.54405310671697,0.011109422218445117
2011-07-14,152.05302496700062,-0.03485392200743268
2011-07-15,158.26233150757267,0.040836455190020896
2011-07-18,155.73571653443864,-0.015964727355309787
2011-07-19,166.53871718089363,0.06936752138078778
2011-07-20,164.38670712672322,-0.012921980489575217
2011-07-21,167.79040083436317,0.02070540718974371
2011-07-22,173.0874979541035,0.03156972683419138
2011-07-25,171.97020695338574,-0.0064550647153846985
2011-07-26,173.10682873446945,0.00660941102078113
2011-07-27,159.80041265849025,-0.07686823317865785
2011-07-28,160.74209333027648,0.005892855069146081
2011-07-29,158.92845683531087,-0.011282897076866688
2011-08-01,157.18483410793027,-0.010971117206451062
2011-08-02,144.9334025619258,-0.07794283472406814
2011-08-03,148.72009607993226,0.02612712770880091
2011-08-04,128.36006873749955,-0.13690165538549576
2011-08-05,126.12989204527223,-0.01737438063225171
2011-08-08,103.0270502838791,-0.18316706204030317
2011-08-09,118.10908056752848,0.1463890331916966
2011-08-10,103.73395213259101,-0.12171061163005616
2011-08-11,117.8469869414232,0.13605029518969006
2011-08-12,120.29680059692545,0.020788089021910868
2011-08-15,125.61906766357363,0.044242798147901864
2011-08-16,122.24680491696431,-0.026845150257290014
2011-08-17,120.13870341390172,-0.017244634773845403
2011-08-18,102.205070219237,-0.14927440271167053
2011-08-19,97.06158715214214,-0.050325126298154645
2011-08-22,98.00629951432198,0.009733122957272803
2011-08-23,110.16754322794485,0.12408634724389032
2011-08-24,112.62089658079873,0.022269293486718782
2011-08-25,106.82552457427701,-0.05145911800092871
2011-08-26,115.0031604301049,0.07655132879915687
2011-08-29,124.91298308578811,0.08617000279488915
2011-08-30,127.23279549796626,0.018571427523950267
2011-08-31,127.80552497522726,0.004501429643351236
2011-09-01,124.05481007068408,-0.029347048222447204
2011-09-02,115.47078321513443,-0.06919543748975669
2011-09-06,115.4573139171721,-0.00011664680525487288
2011-09-07,124.43563124591016,0.0777630885747005
2011-09-08,122.85382852076727,-0.012711815010741806
2011-09-09,114.43282019799769,-0.0685449401468681
2011-09-12,118.92132344223546,0.039223915275980646
2011-09-13,123.60530423097154,0.03938722386495535
2011-09-14,128.98362182492963,0.04351202909470658
2011-09-15,134.79760764930106,0.04507538044064858
2011-09-16,138.25840887033675,0.02567405521053127
2011-09-19,138.75954646299772,0.0036246445822399618
2011-09-20,136.44602911663262,-0.016672851744885385
2011-09-21,129.75092320532082,-0.04906779592382942
2011-09-22,117.05241087075274,-0.09786837751029843
2011-09-23,120.63805496576222,0.030632808571270705
2011-09-26,125.15304428386499,0.03742591273859765
2011-09-27,128.39757663989099,0.025924518053807136
2011-09-28,122.8130243705274,-0.04349421862552938
2011-09-29,118.9769535859768,-0.031235048596940037
2011-09-30,109.48181587893937,-0.07980652908696244
2011-10-03,101.1858250800906,-0.07577505663609146
2011-10-04,107.6215621444478,0.06360314855626446
2011-10-05,115.74860655127941,0.07551501989836984
2011-10-06,121.35741289703918,0.04845679367444418
2011-10-07,118.86360043564864,-0.020549321231051073
2011-10-10,131.16692576863232,0.1035079308374523
2011-10-11,133.98320938014749,0.02147098893270436
2011-10-12,136.13727263302602,0.01607711341476283
2011-10-13,139.63138516505205,0.02566609764134797
2011-10-14,147.75030382148742,0.05814537073336599
2011-10-17,140.7537086552404,-0.04735418462963262
2011-10-18,146.27607664702765,0.039234262773946794
2011-10-19,137.36537695732363,-0.06091699951186166
2011-10-20,135.50108595574534,-0.013571767812768984
2011-10-21,140.73221917394045,0.03860583980783448
2011-10-24,149.51759900629386,0.06242621543184057
2011-10-25,140.3919977508501,-0.061033626249306076
2011-10-26,140.20434243137342,-0.001336652533499056
2011-10-27,151.9283832258318,0.08362109611688401
2011-10-28,152.21333102200208,0.0018755402388948214
2011-10-31,144.39967368154333,-0.05133359402882598
2011-11-01,133.0799168101996,-0.0783918452358012
2011-11-02,136.55205230806624,0.02609060466139797
2011-11-03,145.28634104128605,0.06396307185127427
2011-11-04,143.19694111094577,-0.014381255081278013
2011-11-07,145.90226364204048,0.018892320674634255
2011-11-08,151.25763719350095,0.036705212227546045
2011-11-09,135.02215040154894,-0.10733664159504398
2011-11-10,134.67362019457082,-0.0025812817077910362
2011-11-11,142.31847892299515,0.05676582182449214
2011-11-14,139.7193093851362,-0.018263050290646298
2011-11-15,144.1876889258699,0.03198111671463116
2011-11-16,136.54086685369327,-0.05303380704096052
2011-11-17,127.33447090298101,-0.0674259374709927
2011-11-18,124.29103633792859,-0.02390110504618415
2011-11-21,117.22773389356772,-0.05682873562303249
2011-11-22,118.05911620617364,0.007092027500597609
2011-11-23,110.10845012350718,-0.06734478740956985
2011-11-25,107.73192189020833,-0.021583522705415706
2011-11-28,118.76843759539437,0.10244424782873152
2011-11-29,116.7191438004922,-0.017254531897467916
2011-11-30,129.9957282005152,0.11374813049277187
2011-12-01,132.3810808976373,0.018349469864446112
2011-12-02,131.1563557676146,-0.00925151178490308
2011-12-05,135.43385562951278,0.03261374438824105
2011-12-06,134.4873292099959,-0.006988846438117791
2011-12-07,134.32900415459278,-0.0011772488630203677
2011-12-08,127.74534551081138,-0.0490114453331656
2011-12-09,133.81112513066196,0.04748337088600406
2011-12-12,129.25380107140978,-0.03405788610477721
2011-12-13,125.22240431589121,-0.03118977331499377
2011-12-14,119.37602121475524,-0.04668799591475366
2011-12-15,118.36845244004695,-0.008440294495120461
2011-12-16,120.20360177545567,0.015503703035555044
2011-12-19,116.53056999713802,-0.0305567530761599
2011-12-20,127.05763564899645,0.09033737372190827
2011-12-21,121.56678824722049,-0.043215406722542184
2011-12-22,124.44961648756946,0.023713945905080615
2011-12-23,127.88175866901604,0.02757856776352061
2011-12-27,128.8383282436907,0.007480109631198292
2011-12-28,124.4556719934215,-0.034016711564121234
2011-12-29,127.4247318052409,0.023856363990998573
2011-12-30,126.21996048861202,-0.009454768313503609
2012-01-03,133.5864559646248,0.05836236556798313
2012-01-04,134.93344974105557,0.010083310966700733
2012-01-05,138.2911965626282,0.02488446584606215
2012-01-06,139.57079500181845,0.009252927669989326
2012-01-09,138.61924324832833,-0.006817699601680586
2012-01-10,141.58871135899778,0.021421759642345203
2012-01-11,142.4724511638917,0.006241597909971767
2012-01-12,144.2373484207311,0.012387638749958692
2012-01-13,142.4290610472001,-0.012536887244046946
2012-01-17,146.29883051381958,0.02716980255410854
2012-01-18,152.3096270527849,0.04108574564714323
2012-01-19,155.28494657504285,0.0195346780097282
2012-01-20,154.40294771122248,-0.0056798735696774695
2012-01-23,154.47348794341877,0.00045685806677872717
2012-01-24,153.8644684831763,-0.0039425500670092276
2012-01-25,159.88708504548003,0.03914234794865741
2012-01-26,157.75257275628798,-0.01335012323593794
2012-01-27,159.1402566196177,0.00879658467106943
2012-01-30,159.8622459355185,0.0045368113086967435
2012-01-31,160.38509371044907,0.0032706144710457573
2012-02-01,164.34042725581443,0.02466147853182723
2012-02-02,165.86777888790792,0.009293827803648107
2012-02-03,172.5265513907689,0.040145063420430255
2012-02-06,172.38485475381825,-0.0008213033635020678
2012-02-07,173.16605369038163,0.004531714446022652
2012-02-08,175.98081060713372,0.016254669184670695
2012-02-09,179.76963634497676,0.021529766369251205
2012-02-10,176.2884351972167,-0.01936478939680143
2012-02-13,180.9284260638772,0.026320449560231673
2012-02-14,182.15577449894917,0.006783613066078666
2012-02-15,178.087948798089,-0.02233157698156662
2012-02-16,185.68379367495845,0.042652211607430955
2012-02-17,183.96698569126383,-0.0092458687412425
2012-02-21,185.30004204894047,0.007246171657744152
2012-02-22,183.0681977422313,-0.012044488938214665
2012-02-23,186.30630801299156,0.017687999940435895
2012-02-24,188.3181984746079,0.010798831682478836
2012-02-27,188.91106311831615,0.003148206856854504
2012-02-28,194.72914955527486,0.030798018606855257
2012-02-29,192.44463675522638,-0.011731745376929307
2012-03-01,196.95691290628014,0.023447139016885145
2012-03-02,196.53265361826624,-0.0021540715771462843
2012-03-05,190.62356955000115,-0.030066678282086104
2012-03-06,184.95743797712544,-0.029724191957225324
2012-03-07,189.02113584233436,0.02197098916190373
2012-03-08,195.4120644627625,0.03381065610439929
2012-03-09,197.57539431023477,0.011070605356019348
2012-03-12,197.61701470067553,0.00021065573770491803
2012-03-13,208.95998257682174,0.057398741162683134
2012-03-14,211.52639611643136,0.012281842235826637
2012-03-15,213.0360801968375,0.007137095455335832
2012-03-16,212.5778507303726,-0.002150947698819422
2012-03-19,217.43716975199928,0.022859009087405242
2012-03-20,218.4953687751739,0.004866688728433977
2012-03-21,218.33113450277258,-0.0007516601991244112
2012-03-22,217.05891735345503,-0.005827007459173846
2012-03-23,216.37089279792266,-0.0031697594548120538
2012-03-26,228.1852157466254,0.05460218237273063
2012-03-27,229.21155462404525,0.0044978324913017426
2012-03-28,226.47179194954805,-0.011952986746200406
2012-03-29,224.30059568035963,-0.009587049453258651
2012-03-30,222.6645747402455,-0.0072938769295359035
2012-04-02,229.77867048098403,0.03194983193459316
2012-04-03,229.38879209018654,-0.001696756230599613
2012-04-04,220.06211068887137,-0.040658836538309574
2012-04-05,224.28640132020146,0.019195901639344266
2012-04-09,218.86422502239006,-0.024175234280345157
2012-04-10,208.12960707876215,-0.04904692826125306
2012-04-11,211.15829840661814,0.014551948520759153
2012-04-12,218.68884622568567,0.03566304462525208
2012-04-13,208.8234368982395,-0.04511162547935849
2012-04-16,202.16168598518706,-0.031901356533551965
2012-04-17,214.32329952812935,0.060157855746382286
2012-04-18,212.5819489567146,-0.008124877580966
2012-04-19,205.7125814503883,-0.03231397369362252
2012-04-20,203.25095983631485,-0.011966315315853123
2012-04-23,198.15789223394418,-0.02505802485002916
2012-04-24,194.86282743815914,-0.01662848125117767
2012-04-25,210.58159488682583,0.08066580812420532
2012-04-26,214.2358351626169,0.017353084811400514
2012-04-27,218.05019742337464,0.0178045015571856
2012-04-30,213.8820241761551,-0.019115659130206734
2012-05-01,214.66032369772367,0.0036389197482418712
2012-05-02,216.52922849802937,0.008706335517025493
2012-05-03,209.37580211110375,-0.033036770308312986
2012-05-04,193.90673245356297,-0.07388184069777197
2012-05-07,194.247490353389,0.0017573288741155684
2012-05-08,192.18343976127767,-0.010625880356838853
2012-05-09,190.3290823123752,-0.009648893011832247
2012-05-10,189.22937741272787,-0.005777913108635927
2012-05-11,189.18624840322138,-0.00022791920628902003
2012-05-14,183.65027157634293,-0.029262046652985936
2012-05-15,181.63614264386692,-0.010967198225126177
2012-05-16,177.59705429819292,-0.02223725017984675
2012-05-17,166.68771790138956,-0.061427462521344095
2012-05-18,160.61667105583746,-0.036421680745210516
2012-05-21,173.65650777581746,0.08118607261787136
2012-05-22,172.39361648525997,-0.007272352224126368
2012-05-23,174.01070954841506,0.009380237482826783
2012-05-24,170.79901491722518,-0.018456879116950483
2012-05-25,169.94060018074268,-0.005025876389852344
2012-05-29,176.42805903495824,0.038174861376950114
2012-05-30,171.97901983966858,-0.02521729944559499
2012-05-31,169.44333393964655,-0.014744158342023245
2012-06-01,156.1594530904573,-0.07839718766346264
2012-06-04,159.8695581901741,0.023758440659802236
2012-06-05,161.69422126486666,0.01141344916035851
2012-06-06,173.1759520011025,0.07100891204657185
2012-06-07,170.96213550251395,-0.012783625399526898
2012-06-08,175.78862642808338,0.028231344393206105
2012-06-11,167.16470807015384,-0.049058454651829585
2012-06-12,172.95805869082784,0.03465654136902352
2012-06-13,169.14722047022704,-0.022033308245051918
2012-06-14,171.67478319129177,0.0149429752025373
2012-06-15,178.02536209373028,0.03699191450477766
2012-06-18,182.48505893489155,0.02505090729046367
2012-06-19,188.47601607153365,0.032829850134632736
2012-06-20,189.02861030409576,0.002931907433529223
2012-06-21,174.69466592885075,-0.07582949666817945
2012-06-22,180.56274582154904,0.03359049265469977
2012-06-25,169.70848122157264,-0.06011353311332396
2012-06-26,172.99595098267918,0.01937127559826785
2012-06-27,176.20160061966544,0.01853020038201482
2012-06-28,170.2635042675018,-0.03370058121651886
2012-06-29,186.19732768645832,0.09358331656279563
2012-07-02,188.2247194364768,0.010888404120559811
2012-07-03,192.71440676230227,0.023852803921116716
2012-07-05,193.09764277071082,0.0019886214780051262
2012-07-06,185.41346577880705,-0.039794255805743715
2012-07-09,185.030918629836,-0.0020632112525603495
2012-07-10,179.7722195928112,-0.028420650321393646
2012-07-11,176.75401314747037,-0.01678905924495536
2012-07-12,171.4679085077467,-0.029906560793690945
2012-07-13,179.49723385106873,0.04682698595439658
2012-07-16,177.8872630747235,-0.008969334745743464
2012-07-17,180.921075068907,0.017054689255121623
2012-07-18,188.10248829000128,0.03969362451753684
2012-07-19,194.54772029098163,0.034264469649352224
2012-07-20,186.26321006849508,-0.04258343510834031
2012-07-23,180.30058945779092,-0.03201179990676369
2012-07-24,175.62043476136924,-0.025957511899966937
2012-07-25,171.88773498990315,-0.021254359018858082
2012-07-26,179.10918981591658,0.04201262426570239
2012-07-27,192.04747922970284,0.07223688202198827
2012-07-30,191.01924329016066,-0.005354071522658934
2012-07-31,191.12158258159198,0.0005357538312299341
2012-08-01,189.5293828241723,-0.008330821333273218
2012-08-02,187.46911918578746,-0.010870418125595674
2012-08-03,198.29550225260041,0.05775022101684735
2012-08-06,202.3587604766437,0.020490924796001047
2012-08-07,207.57147833905134,0.025759783515818056
2012-08-08,206.86643347532436,-0.0033966365194708884
2012-08-09,208.1591924023302,0.00624924452598571
2012-08-10,208.943036943062,0.003765601373091344
2012-08-13,210.30380380462526,0.006512621245828211
2012-08-14,210.1127897981317,-0.0009082765172950779
2012-08-15,211.9022398672034,0.008516616579080823
2012-08-16,219.49781048166815,0.03584469243564759
2012-08-17,222.41782712962004,0.01330316981998224
2012-08-20,223.43185387864457,0.004559107343646448
2012-08-21,220.52738435750643,-0.012999352915523312
2012-08-22,223.2205088095886,0.01221219967728012
2012-08-23,218.08756850280707,-0.022994931487948657
2012-08-24,221.90004205078705,0.017481388664897134
2012-08-27,223.02511509601305,0.0050701795043757835
2012-08-28,223.07443916612937,0.00022115926313988652
2012-08-29,223.40515172092643,0.001482521063521701
2012-08-30,216.13609765133947,-0.032537540041454927
2012-08-31,220.50736955698008,0.020224626765919268
2012-09-04,220.5191934411341,5.362126525650657e-05
2012-09-05,219.32231285677148,-0.005427557418860699
2012-09-06,234.26172899420715,0.06811626205671041
2012-09-07,233.13572510245584,-0.004806606254405128
2012-09-10,224.0842323397831,-0.03882499243174712
2012-09-11,223.265784157521,-0.0036524130846523114
2012-09-12,224.91453289622044,0.007384690605060012
2012-09-13,234.51848752633146,0.04270046273329282
2012-09-14,240.46883978169774,0.025372636153890293
2012-09-17,240.82521626324774,0.001482006907313009
2012-09-18,241.07987964346157,0.001057461440979019
2012-09-19,242.78000848405676,0.007052139079833518
2012-09-20,242.2045231613352,-0.0023703983137449
2012-09-21,242.20629583304105,7.318904216684153e-06
2012-09-24,237.77314472403776,-0.01830320344793673
2012-09-25,227.895097647329,-0.04154399811708479
2012-09-26,222.32856286208417,-0.024425864543427385
2012-09-27,231.92827369926903,0.04317803665712434
2012-09-28,226.41842603006424,-0.023756688140356596
2012-10-01,225.2746550477888,-0.005051580837875719
2012-10-02,226.5021910460222,0.005449063934746693
2012-10-03,231.26371102654443,0.02102195991364497
2012-10-04,233.6821443635192,0.010457470072756879
2012-10-05,229.56950222114224,-0.017599299910477095
2012-10-08,223.4898913315902,-0.026482659197891126
2012-10-09,212.67960621516383,-0.048370353808921136
2012-10-10,209.58104338463525,-0.014569158207834063
2012-10-11,207.44582862086585,-0.01018801476167254
2012-10-12,207.6732414995914,0.001096251875670154
2012-10-15,212.23593998272796,0.021970565154132038
2012-10-16,221.2000332323083,0.04223645274362987
2012-10-17,220.55635544206854,-0.002909935323399172
2012-10-18,213.07460157021484,-0.033922186721202216
2012-10-19,197.75054007656328,-0.0719187616953106
2012-10-22,201.38938004135665,0.018401163220007014
2012-10-23,195.00434715951084,-0.03170491353881024
2012-10-24,192.72057549844507,-0.011711388460471933
2012-10-25,193.19349359296146,0.0024539055743956805
2012-10-26,194.9887667803787,0.009292617230680311
2012-10-31,191.12721299499805,-0.019803980758184025
2012-11-01,199.71563326236455,0.04493562236786896
2012-11-02,192.7651138072262,-0.03480208004551921
2012-11-05,196.42621703994544,0.01899256125971275
2012-11-06,198.23458135175133,0.009206328661505225
2012-11-07,183.08505844240005,-0.07642220043570333
2012-11-08,174.66365025281073,-0.04599724445694601
2012-11-09,177.02438962631652,0.013515916849835666
2012-11-12,176.78834492373815,-0.001333402154791418
2012-11-13,172.50694517903003,-0.02421765839006526
2012-11-14,166.46078436065326,-0.03504879651136355
2012-11-15,164.99121153295857,-0.00882834256331946
2012-11-16,166.92436982327516,0.01171673492397153
2012-11-19,179.14608739021432,0.07321709574149325
2012-11-20,178.91643104713077,-0.0012819500912866788
2012-11-21,180.13295971293718,0.006799423947183179
2012-11-23,188.28560285746255,0.04525903064890263
2012-11-26,190.9103155870628,0.01394006068316985
2012-11-27,188.7098361262981,-0.01152624704431547
2012-11-28,193.8348030243071,0.02715792140574485
2012-11-29,197.0687273722188,0.01668392000535715
2012-11-30,196.60828202578372,-0.0023364708981217256
2012-12-03,195.31933957219152,-0.006555890933542445
2012-12-04,194.4667848668081,-0.004364927237880131
2012-12-05,187.92019557104894,-0.033664305707748386
2012-12-06,191.8679116055475,0.02100740701393124
2012-12-07,188.46629004603147,-0.017728975788871282
2012-12-10,190.01127231103783,0.008197658396252262
2012-12-11,197.45262094942655,0.039162669392622335
2012-12-12,195.8100473054824,-0.008318824212340191
2012-12-13,191.30809382933376,-0.022991432452519597
2012-12-14,185.71637976474426,-0.029228842087454382
2012-12-17,193.42346022470426,0.04149919608449677
2012-12-18,202.3950720511843,0.04638326610462624
2012-12-19,199.17741456165018,-0.015897904316170226
2012-12-20,199.7598465324332,0.002924186821406516
2012-12-21,193.34845224804351,-0.032095510662843454
2012-12-24,191.9481406308871,-0.007242424756314856
2012-12-26,187.45378538642976,-0.02341442448822633
2012-12-27,186.5627959054519,-0.004753115436645379
2012-12-28,180.92574174844844,-0.03021531774137992
2012-12-31,192.32811498129527,0.06302239317996122
2013-01-02,210.90343703473002,0.0965814179338328
2013-01-03,207.6448714607607,-0.015450509578147453
2013-01-04,205.88816137116552,-0.008460166038471916
2013-01-07,205.8709481494164,-8.360471837959681e-05
2013-01-08,204.63869797951347,-0.005985546678536513
2013-01-09,206.66976462442662,0.009925134712870843
2013-01-10,210.44184286879835,0.018251717909615828
2013-01-11,211.39547727025808,0.004531581687650805
2013-01-14,208.54231594376088,-0.01349679455464218
2013-01-15,205.64823553877164,-0.013877665028759544
2013-01-16,208.32507819146102,0.013016608898570736
2013-01-17,211.17829393779945,0.013695978281194754
2013-01-18,210.2916308661827,-0.004198646816788545
2013-01-22,211.02997397092167,0.003511043695356635
2013-01-23,214.72893814584586,0.01752814590894974
2013-01-24,205.73270365610435,-0.04189577132650457
2013-01-25,208.73870256655883,0.014611186539789092
2013-01-28,210.0875786366735,0.006462031494540657
2013-01-29,210.36683571972895,0.0013292412853135596
2013-01-30,209.26158388530538,-0.005253926221983416
2013-01-31,207.6306443293089,-0.007793783864746061
2013-02-01,215.0406984255033,0.035688634113381704
2013-02-04,203.81785872771238,-0.052189375220425466
2013-02-05,212.68328755873588,0.04349682057482103
2013-02-06,210.6974318575512,-0.009337149730846907
2013-02-07,210.74696402552624,0.0002350867190850318
2013-02-08,217.4515520796835,0.03181345024427098
2013-02-11,217.28178867630797,-0.000780695293972101
2013-02-12,214.4734111885774,-0.012925047721851789
2013-02-13,217.08554810632148,0.01217930420031104
2013-02-14,216.55160044662543,-0.002459618635850154
2013-02-15,214.98240493940196,-0.007246289124564734
2013-02-19,219.2870562789203,0.02002327279170435
2013-02-20,209.16831556305834,-0.04614381207704066
2013-02-21,202.6608042363684,-0.03111136268020529
2013-02-22,208.4534623633112,0.02858302151108946
2013-02-25,200.2026074343593,-0.03958128032707645
2013-02-26,202.89639626303654,0.0134553134107429
2013-02-27,209.24673414548164,0.031298426188962405
2013-02-28,208.6479275435382,-0.0028617249601951052
2013-03-01,210.7587320057753,0.010116584847441766
2013-03-04,213.51442997522082,0.013075130710930583
2013-03-05,222.749462697969,0.043252499251783226
2013-03-06,221.1682656706858,-0.007098544742292819
2013-03-07,222.8305696123076,0.007516014725624979
2013-03-08,223.94965473661495,0.005022134648106776
2013-03-11,225.8543688256978,0.008505099466766078
2013-03-12,223.20778101481662,-0.011718116521906572
2013-03-13,222.71443602128545,-0.0022102499800328015
2013-03-14,224.78819766111167,0.00931130319557731
2013-03-15,222.90888826031414,-0.008360356194637715
2013-03-18,221.25807763091473,-0.007405764042354366
2013-03-19,220.078127277526,-0.005332914242150472
2013-03-20,224.50915274201998,0.02013387481667495
2013-03-21,217.069537955591,-0.03313724494331748
2013-03-22,223.17735700879965,0.028137614843305157
2013-03-25,220.50944802944738,-0.011954209939169886
2013-03-26,224.56862586552865,0.01840818102061186
2013-03-27,225.42000341986943,0.0037911687398871213
2013-03-28,227.53224102449366,0.009370231446097204
2013-04-01,222.36139841055171,-0.022725757855939662
2013-04-02,227.99376972266046,0.02532980702751984
2013-04-03,221.807033054687,-0.027135551447301464
2013-04-04,221.79426435328878,-5.7566711128873e-05
2013-04-05,216.29401309294101,-0.02479888862944893
2013-04-08,219.70667253801685,0.01577787288827727
2013-04-09,224.10836556873033,0.02003440760294545
2013-04-10,237.19845609620816,0.058409647021691914
2013-04-11,237.1805094604261,-7.566084567938712e-05
2013-04-12,236.55282688254738,-0.002646434056941075
2013-04-15,221.94304527038156,-0.06176117954159908
2013-04-16,231.7030326225754,0.043975188951308364
2013-04-17,217.9001786323049,-0.059571313478465227
2013-04-18,208.50958218163433,-0.04309586393922474
2013-04-19,217.30982926588132,0.042205480401284495
2013-04-22,224.298871868619,0.03216164968859507
2013-04-23,230.3731625939998,0.02708123618623813
2013-04-24,230.08488609664053,-0.0012513458343553629
2013-04-25,233.64251698322283,0.015462253722689175
2013-04-26,231.6636524966467,-0.0084696249301158
2013-04-29,238.172387118072,0.028095622905364985
2013-04-30,243.29598413303776,0.021512136973400695
2013-05-01,239.7516403644013,-0.014568032354773152
2013-05-02,249.22828439012835,0.0395269204887331
2013-05-03,257.837193796041,0.03454226484357096
2013-05-06,260.7214544354102,0.011186363754993059
2013-05-07,260.0836705936088,-0.002446226925139241
2013-05-08,264.1608298740473,0.015676337046200764
2013-05-09,262.2786969789608,-0.007124950720301279
2013-05-10,267.585256800268,0.020232523199293067
2013-05-13,267.93057858844674,0.0012905112647387303
2013-05-14,271.7124386960245,0.014115074611871264
2013-05-15,273.51929782419234,0.006649894781553412
2013-05-16,272.64242091523124,-0.0032059050894636234
2013-05-17,280.739287564716,0.029697750710635674
2013-05-20,278.5776206874044,-0.007699908680623376
2013-05-21,280.11347303492977,0.0055131935714560895
2013-05-22,272.5476078727789,-0.0270100009120498
2013-05-23,270.47324940034713,-0.007610994969363323
2013-05-24,270.3758800783912,-0.00035999612594508115
2013-05-28,276.12616401089883,0.021267740047079813
2013-05-29,271.43729333298717,-0.016980899635887416
2013-05-30,276.0817630172729,0.0171106542776644
2013-05-31,267.8322585972745,-0.029880656838178334
2013-06-03,270.322813864047,0.009298936878687922
2013-06-04,265.7053147809332,-0.017081425785380206
2013-06-05,255.92678881753466,-0.036802146661840965
2013-06-06,259.3850968531307,0.013512880193490192
2013-06-07,270.1040990168301,0.04132466473109972
2013-06-10,270.05886701523394,-0.00016746136678709515
2013-06-11,261.77447731433256,-0.030676236601533353
2013-06-12,252.8516275417952,-0.03408601886662542
2013-06-13,262.39907954802857,0.03775910837139155
2013-06-14,257.35913403774936,-0.01920717678949304
2013-06-17,264.6002477975705,0.028136222119705196
2013-06-18,271.2526698241191,0.02514140512686875
2013-06-19,261.3339041021036,-0.03656651832568828
2013-06-20,243.02868170868365,-0.07004534086885288
2013-06-21,239.92061454353595,-0.012788890361810475
2013-06-24,232.53402440891819,-0.030787642606998157
2013-06-25,237.03275894900693,0.01934656466521052
2013-06-26,243.83441161376328,0.028694990071897995
2013-06-27,247.13537413018918,0.013537722155700775
2013-06-28,247.85693203665238,0.002919686867987834
2013-07-01,252.44604858291282,0.018515183370307456
2013-07-02,253.05389251051992,0.0024078171594255674
2013-07-03,256.1244964294452,0.012134189632343325
2013-07-05,261.85832980212257,0.022386899545381523
2013-07-08,262.68575448029424,0.0031598180542772554
2013-07-09,267.53728271308034,0.018468943024278404
2013-07-10,271.95086809554635,0.016497085332212766
2013-07-11,287.9574337995739,0.05885829972200655
2013-07-12,293.5150457916421,0.01930011640517826
2013-07-15,293.80083210528227,0.0009736683612568491
2013-07-16,293.14064346530193,-0.002247061845433337
2013-07-17,295.3933207297035,0.007684629595445965
2013-07-18,293.27163876489027,-0.007182565806065282
2013-07-19,283.89070838418553,-0.03198717209823779
2013-07-22,286.8323030436179,0.010361715169105222
2013-07-23,280.1410826703368,-0.023327987476583423
2013-07-24,282.8668936029793,0.009730136353653442
2013-07-25,288.61012236479985,0.02030364419344695
2013-07-26,292.74820177152463,0.014337956592854119
2013-07-29,290.7323667665939,-0.006885900554579565
2013-07-30,295.40828053040093,0.016083223948577405
2013-07-31,296.82530128849487,0.004796821387503844
2013-08-01,307.2519815253001,0.03512732975101468
2013-08-02,312.3509998379527,0.016595558757145874
2013-08-05,312.31937900087996,-0.00010123494750838631
2013-08-06,306.0846863905375,-0.019962554453993326
2013-08-07,305.07418177612044,-0.003301388992482243
2013-08-08,308.45020405381075,0.01106623398294588
2013-08-09,305.05767430594784,-0.010998630259524998
2013-08-12,307.2797897519225,0.0072842469904430655
2013-08-13,311.7664911105443,0.01460135520869767
2013-08-14,308.331641044185,-0.011017380521312662
2013-08-15,292.62297127660054,-0.05094731670867789
2013-08-16,291.981753362078,-0.002191276753582055
2013-08-19,290.8615602427615,-0.003836517544051233
2013-08-20,294.40984348173794,0.012199216823339935
2013-08-21,291.3646130907459,-0.01034350738745247
2013-08-22,300.02251812704355,0.029715019076805797
2013-08-23,306.55829616695706,0.021784291661554597
2013-08-26,306.15282369023197,-0.0013226602633004333
2013-08-27,287.61822179649903,-0.06054035912628525
2013-08-28,291.1893081955301,0.012416064520271391
2013-08-29,297.23540201409975,0.020763447174749275
2013-08-30,291.6210018715728,-0.018888732985651104
2013-09-03,296.8129948726461,0.01780390632962653
2013-09-04,306.27490605381917,0.03187835891495567
2013-09-05,307.8846857575583,0.005255996073855036
2013-09-06,308.92177090080577,0.0033684206822294192
2013-09-09,319.79824483386795,0.035207858291588574
2013-09-10,324.40321963075826,0.014399624986317583
2013-09-11,322.834393460747,-0.004836037607138922
2013-09-12,321.5507667477355,-0.00397611511974031
2013-09-13,322.3938587272679,0.002621956053968523
2013-09-16,319.54745732405473,-0.008828956650880605
2013-09-17,326.26836367309863,0.021032576523455814
2013-09-18,338.7090729159531,0.038130295879128646
2013-09-19,340.7143166129814,0.005920253862009483
2013-09-20,336.67225342376935,-0.011863496754095681
2013-09-23,335.05599946593463,-0.004800674666231894
2013-09-24,334.8675514478834,-0.0005624373786819051
2013-09-25,331.7358891179677,-0.009351943227628924
2013-09-26,339.6658459791823,0.02390442855700384
2013-09-27,338.51162340300704,-0.003398111967507083
2013-09-30,334.7799905085635,-0.011023647746360889
2013-10-01,345.67987041752446,0.032558337469342086
2013-10-02,345.7682521769274,0.00025567516932985826
2013-10-03,333.22374261385346,-0.03628010809001332
2013-10-04,342.18714021679006,0.026899036463087684
2013-10-07,333.750357570575,-0.024655463793496223
2013-10-08,314.52559041106207,-0.057602236891828945
2013-10-09,311.1582785877434,-0.010706002710042921
2013-10-10,331.468595954191,0.06527326690014577
2013-10-11,338.61227227827413,0.021551593156265137
2013-10-14,345.65513540633657,0.02079919632172874
2013-10-15,342.0618659366151,-0.010395533297942735
2013-10-16,353.7913502354586,0.03429053474501306
2013-10-17,360.15891564851364,0.017998081097283066
2013-10-18,377.4000378015969,0.04787087422794571
2013-10-21,379.9450158024533,0.006743449247332349
2013-10-22,381.9220061557594,0.005203359094290681
2013-10-23,374.84374917463015,-0.01853325251502405
2013-10-24,380.3552309232798,0.014703411116726415
2013-10-25,387.66506569398376,0.01921844154202879
2013-10-28,387.3526634225737,-0.0008058561347301237
2013-10-29,390.4960886668811,0.008115150717004789
2013-10-30,388.32374849009227,-0.00556302672378879
2013-10-31,385.71890483366604,-0.006707917469777658
2013-11-01,386.4418264974264,0.001874218905791207
2013-11-04,388.236078688001,0.004643007220095843
2013-11-05,389.66423981265524,0.003678589402305206
2013-11-06,388.5053491660883,-0.002974074929544765
2013-11-07,366.50948065054763,-0.05661664263504729
2013-11-08,381.5748567743349,0.04110501069998644
2013-11-11,380.3439999790218,-0.0032257282508553926
2013-11-12,381.134499835631,0.002078381298647636
2013-11-13,394.86456488228816,0.03602419894441046
2013-11-14,398.2250098413766,0.008510373576039247
2013-11-15,400.85601721325486,0.006606836102348808
2013-11-18,389.0972321253357,-0.029334186298776325
2013-11-19,385.4255701399747,-0.00943636110004079
2013-11-20,381.70160265463926,-0.009661962707827078
2013-11-21,393.82201217483873,0.0317536249151303
2013-11-22,400.54776969421516,0.017078165545481198
2013-11-25,402.55415828012775,0.005009111865594231
2013-11-26,409.02019523488167,0.016062526797336843
2013-11-27,417.8523054970725,0.021593335402715123
2013-11-29,424.1751407732335,0.015131746775070204
2013-12-02,421.83224782921053,-0.005523409362821428
2013-12-03,421.2043098257148,-0.0014885964900198823
2013-12-04,422.56716949400504,0.0032356261237075105
2013-12-05,420.6755231845056,-0.00447655768375135
2013-12-06,430.3329084030021,0.022956850794147148
2013-12-09,434.8126136785967,0.010409859873880191
2013-12-10,434.112750936572,-0.0016095732276571312
2013-12-11,417.389160232778,-0.038523610899965186
2013-12-12,414.2785379308774,-0.007452570881730172
2013-12-13,412.91087322424835,-0.0033013168228792134
2013-12-16,419.9482569197977,0.017043347976277372
2013-12-17,417.6330363629519,-0.005513109100219361
2013-12-18,432.2202098121875,0.03492820773057413
2013-12-19,428.1869608881224,-0.009331467692863379
2013-12-20,440.17222769675277,0.027990732795251824
2013-12-23,454.55522635460824,0.032675843119671706
2013-12-24,455.8865531596712,0.0029288560066502095
2013-12-26,460.4608584086701,0.010033867455170974
2013-12-27,456.4241718389656,-0.008766622604264475
2013-12-30,455.01222290328553,-0.00309350166532867
2013-12-31,463.42584853706836,0.01849098817631352
2014-01-02,452.48554794935984,-0.023607445769899486
2014-01-03,443.053097342794,-0.020845860490601723
2014-01-06,438.71964119432204,-0.009780895731147862
2014-01-07,450.2757383684465,0.02634050561918189
2014-01-08,453.9843976966066,0.00823641829248506
2014-01-09,448.3030808707213,-0.012514343785184573
2014-01-10,453.0647151133365,0.010621462233466905
2014-01-13,433.2222283344435,-0.043796142398617975
2014-01-14,458.35387535514536,0.05801098230190638
2014-01-15,469.5937239025498,0.024522206861882667
2014-01-16,470.1904803118387,0.0012707929831973737
2014-01-17,462.3937642508224,-0.016582037254019584
2014-01-21,472.73214177207586,0.022358384391285745
2014-01-22,476.69122624296455,0.008374900120071733
2014-01-23,471.2194365219076,-0.011478687711923775
2014-01-24,442.97537692155305,-0.05993823134466876
2014-01-27,430.8822738777512,-0.02729971839031467
2014-01-28,429.69495747347787,-0.002755547109394864
2014-01-29,415.7870394566944,-0.03236695654647504
2014-01-30,439.0471460450221,0.055942356016487296
2014-01-31,435.16457378997194,-0.008843178437725186
2014-02-03,405.0699166780856,-0.06915695560827351
2014-02-04,415.58680851915375,0.025963152058576865
2014-02-05,410.11361546340726,-0.013169794958720898
2014-02-06,425.35028679235467,0.03715231768574838
2014-02-07,448.8408667729706,0.05522643503490452
2014-02-10,456.56568929697875,0.01721060423830658
2014-02-11,471.74144842089,0.033238939061055926
2014-02-12,473.97635505322177,0.004737566817189532
2014-02-13,486.6299556428743,0.026696691627647987
2014-02-14,488.3853091037848,0.0036071627744155626
2014-02-18,494.7320801444735,0.01299541759832095
2014-02-19,484.0388246765559,-0.02161423505181819
2014-02-20,491.6595152067805,0.015743965445988627
2014-02-21,487.94407330362947,-0.0075569409077507034
2014-02-24,497.3166715485589,0.019208345295542013
2014-02-25,494.6494750301022,-0.0053631753589748875
2014-02-26,493.65751349827036,-0.0020053827647780113
2014-02-27,503.03517333888345,0.018996287069873444
2014-02-28,501.559062526556,-0.002934408746270846
2014-03-03,490.36915563561547,-0.022310247639774333
2014-03-04,511.07823948028505,0.04223162000845357
2014-03-05,514.1041815923979,0.005920702308104443
2014-03-06,511.5475954812986,-0.004972894994124619
2014-03-07,504.35124112324286,-0.014067809958689973
2014-03-10,505.6518901280205,0.0025788555647864933
2014-03-11,499.611323832646,-0.011946096540537358
2014-03-12,505.9618931505879,0.012711019576628233
2014-03-13,483.2415762311953,-0.04490519390287438
2014-03-14,473.895672841343,-0.019340023395215906
2014-03-17,487.5638512700712,0.028842167616297713
2014-03-18,505.2120599632556,0.03619671279405148
2014-03-19,495.47666314366313,-0.019269921664776944
2014-03-20,500.04595109049507,0.009222004358068168
2014-03-21,483.4691566258276,-0.03315054232219447
2014-03-24,469.39821138009313,-0.029104121851199063
2014-03-25,474.23284929952547,0.01029965134553431
2014-03-26,455.90475983621184,-0.0386478699026975
2014-03-27,448.3916548295596,-0.016479549389550912
2014-03-28,451.57348196960425,0.007096089112662106
2014-03-31,460.8647720114852,0.02057536682923801
2014-04-01,484.98840807068495,0.05234428301800993
2014-04-02,488.0388812673708,0.0062897857885322
2014-04-03,476.72463562126404,-0.023183082496880596
2014-04-04,438.1470502314608,-0.08092215611959976
2014-04-07,426.4868531073685,-0.02661251997002502
2014-04-08,437.6325520825622,0.026133745727415728
2014-04-09,460.74500625658106,0.052812465763878026
2014-04-10,417.5166329017888,-0.09382277131120793
2014-04-11,402.85218742304386,-0.03512302103230077
2014-04-14,412.6720551886851,0.024375858124183844
2014-04-15,417.409496702478,0.011479918386106493
2014-04-16,433.67927458453227,0.03897797728749588
2014-04-17,434.23806128357705,0.001288479140673872
2014-04-21,443.72126702779696,0.021838725320825692
2014-04-22,454.5382564375281,0.024377892640096266
2014-04-23,442.50048754442196,-0.02648351095340774
2014-04-24,455.21478653317746,0.02873284741291764
2014-04-25,433.2143322655121,-0.04832983224296453
2014-04-28,437.6845337987925,0.010318683386819738
2014-04-29,448.44362285165056,0.024581835139288032
2014-04-30,451.4957836186399,0.006806119234299028
2014-05-01,456.1916576641749,0.010400704094949836
2014-05-02,453.6629719434279,-0.005543033675132348
2014-05-05,460.3722051286026,0.014789025334012298
2014-05-06,441.7913887498085,-0.040360421788721255
2014-05-07,438.07891710918267,-0.008403223184434316
2014-05-08,435.8657373539191,-0.0050520115641903
2014-05-09,441.5378193812453,0.013013369809154074
2014-05-12,462.8704400800208,0.04831436801647074
2014-05-13,462.2858894684294,-0.0012628817072232671
2014-05-14,455.44945654456467,-0.014788322723251937
2014-05-15,444.8018662398239,-0.02337820399550521
2014-05-16,453.07671056528636,0.018603438864622315
2014-05-19,463.9347399154589,0.023965101487175167
2014-05-20,458.07178223769375,-0.012637462068120976
2014-05-21,471.57568671103695,0.029479887207581938
2014-05-22,477.54093590740337,0.01264961142922898
2014-05-23,487.95934761012086,0.02181679290576593
2014-05-27,506.291967038984,0.03756997282386504
2014-05-28,501.9192420597719,-0.008636765471089294
2014-05-29,511.4680321863737,0.019024554801715915
2014-05-30,511.95347533092126,0.0009491172741968712
2014-06-02,510.4679751043262,-0.0029016312969353843
2014-06-03,509.3159508457555,-0.002256800259282186
2014-06-04,514.8876350983822,0.010939543996952409
2014-06-05,528.6863406460099,0.026799450223719132
2014-06-06,536.1202907494571,0.014061173009243255
2014-06-09,536.7219604680962,0.0011222662693815301
2014-06-10,538.9291732746593,0.00411239518621155
2014-06-11,537.684233578925,-0.00231002468871698
2014-06-12,523.2576045468641,-0.026831043447256623
2014-06-13,528.1967685603528,0.009439258924418225
2014-06-16,530.1350356483485,0.003669592855099554
2014-06-17,530.7547361804675,0.00116894845737004
2014-06-18,540.5967483568021,0.01854342788754348
2014-06-19,539.0082066052128,-0.0029384966824493276
2014-06-20,539.8264637796706,0.001518079250799155
2014-06-23,541.0700574672384,0.0023036915953704258
2014-06-24,538.6400918438543,-0.004491036955101075
2014-06-25,550.4987041591227,0.022015836724433867
2014-06-26,550.3536709811141,-0.0002634578009227576
2014-06-27,557.9529054530731,0.013807910935547677
2014-06-30,560.257369683643,0.00413021279761711
2014-07-01,579.876757100024,0.03501852626670367
2014-07-02,582.1216259200331,0.003871286083677228
2014-07-03,592.7923290437013,0.01833071071153449
2014-07-07,587.3724115228712,-0.009143029110335568
2014-07-08,566.3956299753527,-0.03571291592182932
2014-07-09,579.1149796114728,0.02245665214026027
2014-07-10,573.4093783907816,-0.009852277046121311
2014-07-11,584.3269694545519,0.01903978462021219
2014-07-14,595.6122355917594,0.01931327275162714
2014-07-15,588.8259271961841,-0.011393836442652645
2014-07-16,596.9333700688566,0.01376882793065463
2014-07-17,572.2350572598106,-0.04137532603713716
2014-07-18,599.6655258873474,0.04793566608604803
2014-07-21,597.1583036042585,-0.004181034551517449
2014-07-22,609.7110356770697,0.021020777902688328
2014-07-23,621.0954249212563,0.018671778232690735
2014-07-24,619.7339579043656,-0.002192041612708974
2014-07-25,611.3589880274844,-0.013513814710430321
2014-07-28,612.4416847805109,0.0017709672618368456
2014-07-29,608.6797048163139,-0.0061425929320032035
2014-07-30,616.5791543980444,0.012978007183785374
2014-07-31,577.7414676345146,-0.06298897146700697
2014-08-01,572.0666059953098,-0.00982249320347343
2014-08-04,585.0520454796141,0.022699174096539917
2014-08-05,569.8998198597279,-0.025898936234749332
2014-08-06,569.6416755955771,-0.0004529642845199545
2014-08-07,562.4760336933323,-0.012579209368333089
2014-08-08,575.7003560258387,0.02351090809269288
2014-08-11,585.7507389435837,0.01745766319674437
2014-08-12,583.4345434598165,-0.003954233993702635
2014-08-13,603.1845623866016,0.033851301998105404
2014-08-14,612.3471383291641,0.015190335618519818
2014-08-15,620.9035587783164,0.013973153320352101
2014-08-18,636.4368649935911,0.02501726072538197
2014-08-19,645.8008785429755,0.014713185336111413
2014-08-20,646.1166797783316,0.0004890071318400078
2014-08-21,649.1957062839203,0.004765434173042999
2014-08-22,651.9910780122758,0.0043058999024448005
2014-08-25,659.2288098664078,0.01110096763317316
2014-08-26,661.3094144109583,0.003156118958108261
2014-08-27,662.0886478789521,0.0011783190304161765
2014-08-28,658.7625553849564,-0.0050236361923001165
2014-08-29,666.7231335566402,0.012084138824544875
2014-09-02,673.3900659050369,0.009999551557228661
2014-09-03,661.1776155338905,-0.018135774478248053
2014-09-04,658.8677230478943,-0.0034936035820435345
2014-09-05,670.4757005518222,0.017618069754927322
2014-09-08,673.3325367940664,0.004260909440704444
2014-09-09,656.814197538574,-0.024532216034206616
2014-09-10,672.9095447622891,0.024505175564159213
2014-09-11,671.810082751445,-0.001633892726596108
2014-09-12,660.3210503505214,-0.017101607576161058
2014-09-15,641.2999941910501,-0.028805769783311064
2014-09-16,659.1876567385812,0.027892815701791734
2014-09-17,662.2941477845567,0.0047126049983176425
2014-09-18,676.7311888004439,0.02179853327132748
2014-09-19,675.2962417852017,-0.002120409165396607
2014-09-22,656.2284002305864,-0.02823626191700378
2014-09-23,651.5888550803448,-0.007070015788117798
2014-09-24,672.2525260198792,0.03171274459104473
2014-09-25,629.6938573975599,-0.06330756222559838
2014-09-26,651.3701767076807,0.03442358386614416
2014-09-29,648.3460352832163,-0.004642738541929801
2014-09-30,649.4748018162641,0.0017409939625136846
2014-10-01,618.3865212347441,-0.047866800212388774
2014-10-02,618.9532718748807,0.0009164990191004158
2014-10-03,638.2992337055122,0.031255932733064526
2014-10-06,633.1758665791136,-0.008026591378867604
2014-10-07,605.9372743904534,-0.04301899934345803
2014-10-08,643.8754619001764,0.06261075050695179
2014-10-09,609.5979137134162,-0.05323630145121825
2014-10-10,564.2696920434136,-0.07435757349279955
2014-10-13,536.8952926515412,-0.04851297132890525
2014-10-14,537.966882225723,0.0019959004834809203
2014-10-15,527.633850653436,-0.019207560750833564
2014-10-16,519.0181237250468,-0.016328988213548473
2014-10-17,539.8072967546199,0.04005481134332462
2014-10-20,563.0922158723382,0.043135613871301486
2014-10-21,607.3507086727607,0.07859901371901834
2014-10-22,597.3889226627174,-0.016402032413550042
2014-10-23,625.8698926784002,0.04767575851379326
2014-10-24,639.8330619629404,0.022310019139577017
2014-10-27,641.8588200792586,0.0031660728973638775
2014-10-28,670.7464551291307,0.045006213432270056
2014-10-29,662.9113955564223,-0.011681104704757528
2014-10-30,667.8605172338961,0.007465736312044423
2014-10-31,696.0332575653875,0.0421835691802467
2014-11-03,701.7295031891924,0.00818386989686301
2014-11-04,695.1863267152382,-0.009324357098022772
2014-11-05,693.746736114346,-0.002070798209876017
2014-11-06,699.2093386289379,0.007874058687739027
2014-11-07,697.4519124945775,-0.002513447743427561
2014-11-10,705.3594466573275,0.011337748196097215
2014-11-11,711.0862675995537,0.008119010767298157
2014-11-12,715.3311087052634,0.005969516357050696
2014-11-13,724.6313784962131,0.013001349553751408
2014-11-14,730.6122975666345,0.008253740105532533
2014-11-17,724.9460914133522,-0.007755421270835659
2014-11-18,739.6516815391742,0.020285080918433663
2014-11-19,729.4847925795542,-0.013745509154340398
2014-11-20,739.6026361165376,0.01386984847375002
2014-11-21,744.4789814548112,0.006593196265332459
2014-11-24,761.9624340195375,0.02348414528850927
2014-11-25,764.0987055415478,0.0028036441517739876
2014-11-26,780.0573136711997,0.020885532214508045
2014-11-28,790.8852578213643,0.013880959719747817
2014-12-01,763.7089439258497,-0.03436189210351035
2014-12-02,773.4573401270477,0.012764543716204712
2014-12-03,777.2641528259612,0.004921813397346729
2014-12-04,776.7746090167033,-0.0006298293925919921
2014-12-05,776.6311275117151,-0.00018471446327240576
2014-12-08,758.8274431974852,-0.022924247668609492
2014-12-09,767.5664462615332,0.011516456267348808
2014-12-10,730.1918257840123,-0.04869235837438652
2014-12-11,741.4445230539203,0.015410604272139
2014-12-12,716.7696116266183,-0.03327951135935168
2014-12-15,695.4707951620125,-0.02971501040100017
2014-12-16,661.4858123916175,-0.04886615370021104
2014-12-17,698.1652953447194,0.05545014309601937
2014-12-18,749.8406690120134,0.07401595870184181
2014-12-19,757.2745803935771,0.009913987982751789
2014-12-22,763.7325482008256,0.008527907808409445
2014-12-23,756.114615173454,-0.009974608317162324
2014-12-24,758.1786118803037,0.0027297405253517
2014-12-26,774.7355250848791,0.021837747656207118
2014-12-29,774.1071652903444,-0.0008110636135678645
2014-12-30,757.8471473237134,-0.021004866891436526
2014-12-31,733.4379653897854,-0.032208581928595194
2015-01-02,730.4022792197909,-0.004138981499793474
2015-01-05,694.6752682462777,-0.048914155924700095
2015-01-06,669.6179847803387,-0.036070498852214375
2015-01-07,693.6946801091165,0.03595586718997092
2015-01-08,734.0410344954373,0.05816154504741847
2015-01-09,719.932981590422,-0.019219706040974897
2015-01-12,697.8883467334688,-0.030620398593566026
2015-01-13,696.0461678605723,-0.0026396469886895988
2015-01-14,685.8920798176682,-0.01458823927457934
2015-01-15,658.0534814082175,-0.040587432379815526
2015-01-16,683.4392896856583,0.03857712024122388
2015-01-20,698.0271271781546,0.021344745191933204
2015-01-21,708.5602364368355,0.015089827957348808
2015-01-22,748.3000045574898,0.05608523605628139
2015-01-23,752.4442277416658,0.0055381840958650804
2015-01-26,751.3312190541179,-0.0014791909440097092
2015-01-27,693.2820610400928,-0.07726174094975802
2015-01-28,680.7899066515333,-0.018018862870644796
2015-01-29,701.0490458774547,0.029758283764173242
2015-01-30,684.5417501289186,-0.02354656331908278
2015-02-02,704.5715243016807,0.029260120612059137
2015-02-03,725.0907265794151,0.02912295142508279
2015-02-04,721.0542709651903,-0.005566828351627897
2015-02-05,739.03219600816,0.024932832058403517
2015-02-06,724.7607630356787,-0.01931097596230255
2015-02-09,718.4451564035205,-0.008714057043740947
2015-02-10,751.7570737162091,0.04636668090219374
2015-02-11,760.3087919112783,0.011375640474914078
2015-02-12,787.2694204940811,0.03546010367054774
2015-02-13,806.9142954165599,0.024953179192645083
2015-02-17,807.8719787676952,0.0011868464303769785
2015-02-18,811.0089663821823,0.0038830256487819106
2015-02-19,822.6763557810309,0.014386264372508175
2015-02-20,840.1840148281011,0.021281344630901526
2015-02-23,844.0204399870726,0.004566172518476718
2015-02-24,844.9580825381333,0.0011109239855317018
2015-02-25,839.0738191094069,-0.006963970817405424
2015-02-26,851.4244026478744,0.014719305092341529
2015-02-27,839.1220402291374,-0.014449154123933295
2015-03-02,863.3295555671586,0.028848622938578605
2015-03-03,849.3707491833807,-0.016168572353123998
2015-03-04,841.7631281826332,-0.00895677300879716
2015-03-05,845.6303321846692,0.004594171296603803
2015-03-06,815.5879210821843,-0.03552664794422758
2015-03-09,823.4185997031906,0.009601268506546702
2015-03-10,776.5081501518262,-0.056970354529608275
2015-03-11,763.8113021884039,-0.016351210172024146
2015-03-12,780.2859199863602,0.021568963107451607
2015-03-13,768.8278458742698,-0.014684455811134927
2015-03-16,798.6996506665952,0.03885369781105782
2015-03-17,801.586595196053,0.003614555893505727
2015-03-18,827.4036184281878,0.032207403899787476
2015-03-19,829.8883710105948,0.0030030719313595216
2015-03-20,847.7881055590792,0.02156884609274259
2015-03-23,840.5569394277184,-0.008529449851849653
2015-03-24,832.3646807579147,-0.00974622691876328
2015-03-25,775.1118567377052,-0.06878334141722298
2015-03-26,767.632379456837,-0.009649545695698543
2015-03-27,777.0805908342425,0.01230825018622945
2015-03-30,804.1302059104031,0.03480927897983043
2015-03-31,777.1464664444298,-0.033556430622356
2015-04-01,765.1359935914768,-0.015454580792090543
2015-04-02,767.7205471978481,0.0033779009588081523
2015-04-06,786.604617505064,0.02459758355581608
2015-04-07,782.919417243045,-0.004684946134320488
2015-04-08,800.2131456439417,0.022088771871049653
2015-04-09,815.626479153723,0.019261534996876307
2015-04-10,825.7255717627825,0.012382006797447357
2015-04-13,818.7293722344897,-0.008472790195121536
2015-04-14,812.3436468394192,-0.007799555764858495
2015-04-15,827.3042001472736,0.018416532665776874
2015-04-16,824.1668851302228,-0.0037922145403013322
2015-04-17,786.7209298888046,-0.045434918481954654
2015-04-20,822.4699024009603,0.045440474702012394
2015-04-21,832.907773337766,0.01269088498720187
2015-04-22,846.9546242920213,0.016864833543291987
2015-04-23,856.2777622982294,0.011007836475302733
2015-04-24,890.6000683036028,0.04008314534906654
2015-04-27,883.8801282241284,-0.007545407100938685
2015-04-28,878.2191517126837,-0.006404688068752699
2015-04-29,862.4584083846272,-0.017946253275529404
2015-04-30,819.9183873618457,-0.04932414202147824
2015-05-01,856.092030664094,0.04411859016680904
2015-05-04,858.3140511406765,0.0025955392609586826
2015-05-05,816.3166598071684,-0.04893009881137881
2015-05-06,799.9140402066749,-0.020093451975325482
2015-05-07,811.9167198973685,0.015004961892645838
2015-05-08,843.5739301872316,0.038990711133359716
2015-05-11,832.4000271990392,-0.013245908376652031
2015-05-12,822.3392017257222,-0.012086527083823996
2015-05-13,825.6970800656858,0.004083325144802723
2015-05-14,864.0782543800495,0.04648335962543382
2015-05-15,863.7084729728775,-0.0004279489795022776
2015-05-18,874.6547801216263,0.012673613251786025
2015-05-19,869.3516839193044,-0.0060630734809275786
2015-05-20,870.3297619728593,0.0011250660367337856
2015-05-21,884.4003662394132,0.01616698047261845
2015-05-22,883.1114609658653,-0.0014573775890985815
2015-05-26,851.6496031236263,-0.035626145999542135
2015-05-27,893.4660580998183,0.04910053949748847
2015-05-28,887.398991934333,-0.006790483097240848
2015-05-29,871.3751723739133,-0.018057063064148064
2015-06-01,879.4509755919713,0.009267883081929947
2015-06-02,871.9530861617116,-0.008525647976242019
2015-06-03,878.3807028658011,0.007371516663108065
2015-06-04,859.3041228187283,-0.021717895196050697
2015-06-05,853.7131814555714,-0.006506359290837717
2015-06-08,827.7682606582994,-0.030390676120329096
2015-06-09,825.6428987202045,-0.002567580854579669
2015-06-10,858.0657483942954,0.03926982200700592
2015-06-11,859.8554797830664,0.0020857741870247784
2015-06-12,839.9869814921799,-0.023106788010351587
2015-06-15,828.3616608096642,-0.013839881972770725
2015-06-16,841.3043384540451,0.015624428624244287
2015-06-17,848.7741993280456,0.008878904496946742
2015-06-18,884.6577108171902,0.04227686411480545
2015-06-19,873.9288361699372,-0.012127712804698628
2015-06-22,891.9059416350417,0.02057044546543473
2015-06-23,894.7382499435813,0.0031755683826339806
2015-06-24,880.558179007149,-0.015848289639262055
2015-06-25,874.439169275295,-0.006949012430675872
2015-06-26,857.225062527209,-0.0196858825095316
2015-06-29,797.5282861908632,-0.06963956018779031
2015-06-30,806.8181470536541,0.011648315205421653
2015-07-01,824.7517403426358,0.02222755320324872
2015-07-02,827.1354776124756,0.0028902482447014503
2015-07-06,819.1311793985578,-0.009677130809359322
2015-07-07,824.9745064858723,0.007133566923438203
2015-07-08,781.7391938177823,-0.05240805907113258
2015-07-09,782.0384708523753,0.0003828348852914207
2015-07-10,818.8177398492965,0.04702999963267017
2015-07-13,860.2986660535547,0.05065953530988811
2015-07-14,877.0140315412004,0.0194297238240808
2015-07-15,879.9219366581151,0.0033156882470905626
2015-07-16,918.774702364038,0.0441547870183611
2015-07-17,958.8524675653193,0.04362088453040748
2015-07-20,970.2180317737185,0.011853298179706607
2015-07-21,967.0106526061207,-0.003305833392659372
2015-07-22,935.3237389490322,-0.03276790547414486
2015-07-23,923.0042569684007,-0.013171356042426656
2015-07-24,895.7230250337983,-0.029556994703586047
2015-07-27,873.3470256568776,-0.024980935793267524
2015-07-28,897.2622461092603,0.027383410889153956
2015-07-29,909.94155238129,0.014131104174961181
2015-07-30,920.1306568188814,0.011197537260417344
2015-07-31,914.3868549062621,-0.006242376416928702
2015-08-03,909.5347712974037,-0.005306379441943939
2015-08-04,901.8625941228486,-0.00843527638158479
2015-08-05,922.5244385578205,0.02291019116395182
2015-08-06,878.2536198594278,-0.047988776067115574
2015-08-07,873.4126722055469,-0.005512015600522944
2015-08-10,904.3437853791199,0.03541408793104142
2015-08-11,869.3360656290398,-0.03871063230163525
2015-08-12,877.603390590247,0.009509929805138102
2015-08-13,872.5098529492648,-0.005803917459293818
2015-08-14,879.1875104606592,0.007653389229728997
2015-08-17,900.1209482045538,0.02380998080025763
2015-08-18,885.8162818830131,-0.015891938022411192
2015-08-19,867.6438257597604,-0.020514926734720697
2015-08-20,795.1335649835552,-0.08357145942081813
2015-08-21,693.0001673577981,-0.1284481024617159
2015-08-24,614.558354232257,-0.11319162219630664
2015-08-25,604.4318540497217,-0.016477686964626776
2015-08-26,696.2529668308838,0.15191309353727217
2015-08-27,748.3888355752362,0.07488064141637736
2015-08-28,750.6754522249298,0.0030553858382134902
2015-08-31,722.4670190656085,-0.0375774018928077
2015-09-01,655.6149880849571,-0.09253298658132995
2015-09-02,709.5977900309335,0.08233918218321926
2015-09-03,698.8558692925628,-0.01513804142189113
2015-09-04,674.1863548375646,-0.035299860155672214
2015-09-08,731.8054006544812,0.08546456836967437
2015-09-09,706.3105645059284,-0.03483827275085956
2015-09-10,727.7083334540442,0.030295127983939806
2015-09-11,741.4453968192427,0.018877155494421496
2015-09-14,734.1619597318394,-0.009823295307582707
2015-09-15,760.5504656483395,0.03594371182911568
2015-09-16,772.8452247745249,0.016165605941355507
2015-09-17,773.5836201664121,0.0009554246674714758
2015-09-18,741.302459241247,-0.041729374929397774
2015-09-21,747.7747968301381,0.008731034826885387
2015-09-22,715.737472930505,-0.04284354599197695
2015-09-23,715.5030821574708,-0.0003274814885329874
2015-09-24,709.3116875019632,-0.008653204730912566
2015-09-25,691.2054987561135,-0.025526420986542245
2015-09-28,631.833457663237,-0.08589636685431723
2015-09-29,622.5946135449607,-0.014622277447042998
2015-09-30,667.3244274455666,0.07184420315800837
2015-10-01,673.0708297138782,0.008611107329470949
2015-10-02,708.9920011050447,0.05336908064554897
2015-10-05,741.0352406527514,0.04519548809826312
2015-10-06,728.3963734838866,-0.017055689764135608
2015-10-07,742.0270917935444,0.018713325334752538
2015-10-08,750.6545520314543,0.011626880383917688
2015-10-09,760.9900759892961,0.01376868218526279
2015-10-12,767.7121670261719,0.008833349144713846
2015-10-13,752.2019109193448,-0.020203217785264477
2015-10-14,749.1356972563783,-0.004076317300522306
2015-10-15,786.052997689027,0.04927985753162479
2015-10-16,796.998262866404,0.013924334885250448
2015-10-19,809.8038961812043,0.016067329016182432
2015-10-20,796.8555779391646,-0.01598944917788133
2015-10-21,783.6306502340329,-0.016596392208653613
2015-10-22,831.4668693069393,0.061044344116223566
2015-10-23,898.4789287527493,0.08059498450210932
2015-10-26,902.6151088515521,0.004603536005618367
2015-10-27,907.5807661771137,0.005501411705682083
2015-10-28,930.7409892172296,0.02551863580986937
2015-10-29,926.141509968334,-0.004941739218731265
2015-10-30,913.1635821538572,-0.014012899405535314
2015-11-02,945.8203532532432,0.03576223552669412
2015-11-03,955.0216717183348,0.009728399725637956
2015-11-04,954.1803176625602,-0.0008809790193144575
2015-11-05,945.3601861385858,-0.0092436737173336
2015-11-06,948.0400253521414,0.0028347282367597263
2015-11-09,917.0032056241207,-0.03273787909586652
2015-11-10,908.9210854061045,-0.008813622644334747
2015-11-11,906.1732117712121,-0.003023225755253192
2015-11-12,878.0919641470382,-0.030988830015495718
2015-11-13,828.3339046910014,-0.05666611412891216
2015-11-16,863.4699567337219,0.042417739807267256
2015-11-17,863.7312341198141,0.00030259001376317207
2015-11-18,913.5200368686652,0.05764386047656184
2015-11-19,914.7112212039654,0.0013039498721704754
2015-11-20,933.0567267447586,0.020056062629959397
2015-11-23,926.349175017114,-0.007188793066254349
2015-11-24,923.2181530029061,-0.0033799587657106504
2015-11-25,925.3434071500695,0.00230200645454241
2015-11-27,929.9867835238174,0.005018003411348538
2015-11-30,920.6758175371824,-0.010011933665718115
2015-12-01,951.3265205062464,0.033291526056430015
2015-12-02,933.2774280172362,-0.01897255264092238
2015-12-03,885.8649846440778,-0.050802089442886125
2015-12-04,949.0239250859694,0.07129635050116298
2015-12-07,935.6476182143837,-0.014094804691434882
2015-12-08,936.4032875301974,0.0008076430710697743
2015-12-09,893.0116546501498,-0.046338616553231946
2015-12-10,905.1961185503642,0.013644238389013923
2015-12-11,843.5637269758469,-0.06808733523208114
2015-12-14,861.9291572066752,0.021771242223356174
2015-12-15,877.3644677839688,0.017907864524871454
2015-12-16,915.9191256235639,0.043943719235605465
2015-12-17,876.8595230134077,-0.04264525274932336
2015-12-18,829.2618483141434,-0.05428198411495895
2015-12-21,854.6353449726928,0.030597689632210417
2015-12-22,870.837934402746,0.018958482732270812
2015-12-23,891.0133591204569,0.023167829421151743
2015-12-24,890.0260784830805,-0.0011080424634161165
2015-12-28,889.4643701668684,-0.0006311144468591488
2015-12-29,929.7914362961708,0.045338596442864434
2015-12-30,906.6274354712133,-0.024913114834904784
2015-12-31,872.3498491231395,-0.037807797345398325
2016-01-04,818.1984994397297,-0.06207526686436773
2016-01-05,810.7785833615767,-0.009068601425245678
2016-01-06,789.0236739917283,-0.02683212139083671
2016-01-07,715.4187669649966,-0.09328605649353845
2016-01-08,698.042230375726,-0.024288622820151297
2016-01-11,704.4205713441672,0.00913747147505393
2016-01-12,729.2108794530349,0.03519248176066623
2016-01-13,653.2296593286542,-0.10419649824941243
2016-01-14,695.3585870361281,0.0644932867114015
2016-01-15,631.0082822882533,-0.09254261894163014
2016-01-19,633.8871935288447,0.0045623984999872535
2016-01-20,628.9747115611897,-0.007749773173846949
2016-01-21,631.8928816583208,0.004639566652668634
2016-01-22,685.5457977681449,0.0849082457916269
2016-01-25,655.1278546066911,-0.044370402765916
2016-01-26,672.6426471258388,0.026734922650575962
2016-01-27,622.6400440730594,-0.07433754500467302
2016-01-28,648.5523592633251,0.04161684658242955
2016-01-29,691.8655109244518,0.06678435602381431
2016-02-01,695.5656937215848,0.00534812436623534
2016-02-02,650.1081420829714,-0.06535335490080779
2016-02-03,640.3162420802227,-0.015061955648448288
2016-02-04,638.4180769324512,-0.0029644182405943876
2016-02-05,572.601674991121,-0.10309294852296927
2016-02-08,545.4650255347067,-0.04739184435119775
2016-02-09,540.1780441628414,-0.009692612952925127
2016-02-10,547.7940156542178,0.014099002307988108
2016-02-11,546.1423345950768,-0.0030151498774012185
2016-02-12,569.7305753379907,0.04319064692247808
2016-02-16,606.0640427028384,0.06377306912709219
2016-02-17,648.080331546059,0.06932648347828453
2016-02-18,626.0723699062324,-0.03395869395901037
2016-02-19,631.8077577551372,0.009160902356645748
2016-02-22,662.4926029942238,0.04856674338427298
2016-02-23,630.2462309336444,-0.04867431261094492
2016-02-24,647.5964984785184,0.02752934756812648
2016-02-25,666.3174425009614,0.028908346580666523
2016-02-26,663.79052896682,-0.0037923568752108797
2016-02-29,647.6813904462089,-0.024268406700054597
2016-03-01,708.9949410814423,0.09466622252801268
2016-03-02,709.4172916580375,0.0005957032301964876
2016-03-03,705.2684723052922,-0.005848207256195748
2016-03-04,706.8435761608711,0.002233339384121933
2016-03-07,694.3874976047784,-0.017622114674573742
2016-03-08,676.1182383883179,-0.026309890773492665
2016-03-09,689.3374641405035,0.019551647924328612
2016-03-10,686.3604974475977,-0.004318591180326394
2016-03-11,722.3548812483217,0.052442388416259374
2016-03-14,725.2082040085556,0.003950029042931034
2016-03-15,725.1240857070736,-0.00011599193309878755
2016-03-16,743.6550769815758,0.025555614052500328
2016-03-17,741.7007037556497,-0.00262806412061187
2016-03-18,747.0870307278084,0.0072621300544608155
2016-03-21,755.4182018791561,0.011151540327546002
2016-03-22,760.9071239484646,0.007266070708455656
2016-03-23,742.9145949727416,-0.023646156553715755
2016-03-24,744.4595306025294,0.002079560208188411
2016-03-28,740.8436696636552,-0.004857028206687946
2016-03-29,776.0820569459439,0.047565213452234835
2016-03-30,788.1945979347836,0.015607294203534678
2016-03-31,784.4369822910971,-0.0047673704609649935
2016-04-01,809.8946115147926,0.03245337713342068
2016-04-04,799.1041577692205,-0.013323281316059199
2016-04-05,777.3897278163454,-0.027173466364501353
2016-04-06,815.5291971903415,0.0490609381746377
2016-04-07,778.6963744460244,-0.04516432136484313
2016-04-08,778.5518581807111,-0.00018558743825682688
2016-04-11,770.2161370032687,-0.010706699996736084
2016-04-12,789.604686148415,0.025172867995966297
2016-04-13,820.5652387803931,0.03921019362612889
2016-04-14,820.5569280674607,-1.0128034359264466e-05
2016-04-15,814.4087889759086,-0.007492641742763686
2016-04-18,826.5159799367336,0.01486623318008322
2016-04-19,811.1756009809369,-0.01856029324075614
2016-04-20,813.0176298013404,0.0022708138881099827
2016-04-21,813.2563318707266,0.00029360011472892036
2016-04-22,777.5121496371291,-0.04395192614286248
2016-04-25,777.6108799718766,0.00012698236907756876
2016-04-26,766.6212976802238,-0.01413249553819282
2016-04-27,747.895193585899,-0.024426798669681487
2016-04-28,721.1953121146275,-0.03570003083353799
2016-04-29,709.986225424966,-0.015542373198177256
2016-05-02,729.7300214955517,0.027808702991058427
2016-05-03,709.8289937707668,-0.02727176782996877
2016-05-04,695.4574298892874,-0.020246515720828175
2016-05-05,694.2720489225287,-0.001704462294618602
2016-05-06,704.3104365207963,0.014458867548890282
2016-05-09,709.8249969544133,0.007829729828878133
2016-05-10,739.6932902004623,0.0420783902711265
2016-05-11,719.0612708097466,-0.027892668034239412
2016-05-12,710.0888252855073,-0.012477998591323463
2016-05-13,702.1426210168835,-0.011190437006847381
2016-05-16,728.5262934024673,0.03757594482353676
2016-05-17,699.6685304882377,-0.03961114811581338
2016-05-18,707.3167733024685,0.010931237408796634
2016-05-19,696.2774454107333,-0.015607332256794214
2016-05-20,719.2201388824074,0.032950505036307816
2016-05-23,715.4829329793831,-0.005196191959851741
2016-05-24,759.4858058269135,0.061500939881676174
2016-05-25,776.0002114503637,0.021744192579701536
2016-05-26,782.0397259679459,0.007782877412229268
2016-05-27,794.9327186701489,0.016486365428872742
2016-05-31,801.1082252809874,0.007768590304308522
2016-06-01,799.1234953638995,-0.002477480388360507
2016-06-02,805.1507624018654,0.007542347425564388
2016-06-03,793.703004722598,-0.014218154181606114
2016-06-06,801.143057816679,0.009373850230894858
2016-06-07,795.5877524804783,-0.0069342238967160285
2016-06-08,799.619651796995,0.005067824767219004
2016-06-09,795.4508832162483,-0.005213439378807362
2016-06-10,768.1875051719782,-0.03427411876649886
2016-06-13,748.5354787943319,-0.02558233015420722
2016-06-14,749.6688386604278,0.0015141030695317373
2016-06-15,741.8834133577744,-0.010385152618274735
2016-06-16,749.3545175501575,0.010070455893559862
2016-06-17,724.0662346277918,-0.0337467544801624
2016-06-20,736.9889581945687,0.017847432940192042
2016-06-21,743.6827946717718,0.009082682179664257
2016-06-22,739.3414141292892,-0.0058376778024006384
2016-06-23,770.9807056593152,0.04279388510555326
2016-06-24,676.9109754381432,-0.12201307961491312
2016-06-27,636.9136702795253,-0.059087984402570716
2016-06-28,677.6195887785645,0.06391120241017034
2016-06-29,712.8470736854641,0.05198711119080618
2016-06-30,738.8350053661437,0.03645653133752847
2016-07-01,748.7803919197715,0.013460903288819008
2016-07-05,735.4361992291612,-0.0178212368200478
2016-07-06,752.4593767532037,0.02314704870644826
2016-07-07,760.0585845491396,0.010099160208124172
2016-07-08,795.2680467924798,0.04632466885986967
2016-07-11,809.2837427624678,0.01762386408773352
2016-07-12,821.5355096693854,0.015139025115093192
2016-07-13,815.2065890677453,-0.007703769985775956
2016-07-14,831.7069597693605,0.020240722931943927
2016-07-15,828.1380575069544,-0.004291057349569101
2016-07-18,844.4339425955219,0.019677739648416803
2016-07-19,835.4877133382416,-0.010594350612887883
2016-07-20,864.8934542065521,0.03519589863364716
2016-07-21,859.2700462294918,-0.006501850545532483
2016-07-22,869.8854182982535,0.012353941715229544
2016-07-25,869.952574849704,7.720160614015691e-05
2016-07-26,873.457806982121,0.0040292220906670995
2016-07-27,890.7639812071178,0.019813406081733074
2016-07-28,901.3428315419181,0.011876154130597451
2016-07-29,906.4444281421995,0.005659995754949512
2016-08-01,921.4337521657563,0.01653639600860941
2016-08-02,900.0788115621069,-0.023175774225175024
2016-08-03,908.780337826857,0.009667515947462796
2016-08-04,914.2902035077582,0.006062923515793367
2016-08-05,941.7478406332256,0.030031643148011017
2016-08-08,938.0901338451745,-0.003883955587932856
2016-08-09,944.6182412822648,0.0069589341168444195
2016-08-10,937.3672494541952,-0.00767610820031035
2016-08-11,949.1302424707859,0.012548969492416065
2016-08-12,951.417991832733,0.0024103639938726456
2016-08-15,963.476040781196,0.012673765949323085
2016-08-16,945.6079770128597,-0.018545415777904202
2016-08-17,950.5452437158136,0.0052212616887503715
2016-08-18,952.5149618418309,0.0020721981820848783
2016-08-19,951.0586648144591,-0.0015288967477799819
2016-08-22,952.6543328265284,0.0016777808468634873
2016-08-23,958.6033740254724,0.006244700720872391
2016-08-24,937.7737466141366,-0.021729140513939232
2016-08-25,933.08567592733,-0.004999148999140818
2016-08-26,937.9795229465756,0.00524479921351473
2016-08-29,942.4893116663967,0.004807982060902708
2016-08-30,933.6305594069255,-0.009399313233386422
2016-08-31,930.7855220649722,-0.0030472838675724458
2016-09-01,938.3815433790913,0.00816087179489786
2016-09-02,947.1430153158664,0.009336790560932227
2016-09-06,965.5737083665402,0.01945925034829867
2016-09-07,967.0370479969156,0.0015155131272690295
2016-09-08,950.3634446307138,-0.017241948900240025
2016-09-09,877.7326036363961,-0.07642427894787147
2016-09-12,924.6314812944436,0.05343185095751057
2016-09-13,900.3419801327723,-0.026269385861345695
2016-09-14,913.6718470338435,0.01480533752197742
2016-09-15,956.3679539673136,0.04673024245201302
2016-09-16,955.3200248117498,-0.0010957384667864348
2016-09-19,942.4052237376576,-0.013518821691858831
2016-09-20,947.8515472856924,0.005779173768195182
2016-09-21,976.6226694575766,0.030354038303017444
2016-09-22,999.3796199082495,0.023301681562759705
2016-09-23,979.5452298911711,-0.01984670251620645
2016-09-26,954.4649548562926,-0.025603998947210282
2016-09-27,983.9654403119007,0.03090787703153509
2016-09-28,989.2123406265985,0.005332403049678908
2016-09-29,966.7633817509794,-0.02269377155303091
2016-09-30,989.2364743786829,0.023245701121820436
2016-10-03,983.8812189728967,-0.0054135240101713744
2016-10-04,979.593470347428,-0.0043579941793631975
2016-10-05,990.7029605580469,0.011340919010698135
2016-10-06,988.4244858401061,-0.0022998565752315814
2016-10-07,982.7606559038296,-0.005730159478457753
2016-10-10,1000.6527884092151,0.018205991863736525
2016-10-11,956.6278786652762,-0.043996189541356666
2016-10-12,955.3241983228487,-0.0013627873193978993
2016-10-13,945.5479513144298,-0.0102334338704932
2016-10-14,948.7839127934704,0.0034223134580770873
2016-10-17,941.6498248069929,-0.007519191556982586
2016-10-18,967.3533087352718,0.027296223342416402
2016-10-19,965.5423655216744,-0.0018720597709693625
2016-10-20,963.2604876613921,-0.0023633120013842965
2016-10-21,974.7651678247074,0.011943477710008117
2016-10-24,1009.9520102822761,0.036097763460395095
2016-10-25,998.5799367948523,-0.01126001371515201
2016-10-26,979.7355696817842,-0.018871165360634927
2016-10-27,965.1926804796917,-0.014843688084955417
2016-10-28,946.7706252870859,-0.019086401674171798
2016-10-31,944.3756306029737,-0.002529646167872827
2016-11-01,924.1708680794565,-0.021394836830569974
2016-11-02,900.9404248761335,-0.025136523997557607
2016-11-03,873.6531448209441,-0.030287552097510717
2016-11-04,863.2607973367884,-0.011895278516150331
2016-11-07,926.3484286174073,0.07308061651270165
2016-11-08,944.557439652548,0.01965676248009416
2016-11-09,956.5582987790439,0.012705271932335064
2016-11-10,910.1335369889001,-0.04853312322876769
2016-11-11,913.0141553809323,0.0031650502645606342
2016-11-14,884.3985051606634,-0.03134195680496298
2016-11-15,919.674849046228,0.0398873852451348
2016-11-16,935.8246226488073,0.01756030799290401
2016-11-17,955.9826002639264,0.021540336861476224
2016-11-18,945.0135205719282,-0.011474141568026333
2016-11-21,975.2198888707491,0.03196395357448407
2016-11-22,984.2095797074259,0.00921811679526593
2016-11-23,972.1603218071468,-0.012242573277798147
2016-11-25,981.9785602344957,0.010099402544117295
2016-11-28,974.278898209096,-0.007840967549801693
2016-11-29,984.0759511425418,0.010055696527405648
2016-11-30,946.3284044889832,-0.03835836716640886
2016-12-01,901.1125668427732,-0.047780281593287496
2016-12-02,904.1721482488255,0.003395337628873712
2016-12-05,926.5128402109807,0.024708449608212366
2016-12-06,932.6899911298135,0.006667096936752856
2016-12-07,969.7112999718513,0.03969304827340543
2016-12-08,974.1123159818405,0.004538480690198148
2016-12-09,996.2441564808856,0.022720008910612835
2016-12-12,983.2248878264268,-0.013068351337133882
2016-12-13,1020.5205207551799,0.03793194557066283
2016-12-14,1011.5090308776109,-0.008830287774027733
2016-12-15,1019.0820188086284,0.0074868218669751655
2016-12-16,1007.6433404339274,-0.011224492399614238
2016-12-19,1020.1068656806701,0.012368984884448875
2016-12-20,1031.9154643342258,0.011575844699051482
2016-12-21,1028.91085542907,-0.0029116812461905377
2016-12-22,1019.9180137007836,-0.008740156332140288
2016-12-23,1023.4659547649946,0.003478653202071749
2016-12-27,1039.7235382154695,0.01588483073108947
2016-12-28,1014.9578212339194,-0.023819521316269104
2016-12-29,1010.0635195939701,-0.0048221724465348165
2016-12-30,976.4433671109022,-0.03328518635796566
2017-01-03,1005.2994434878555,0.02955222734763674
2017-01-04,1021.1914827568621,0.015808264265888463
2017-01-05,1038.4167480957742,0.01686781140438982
2017-01-06,1064.8574107745387,0.025462477109744856
2017-01-09,1076.2460221577596,0.01069496372752603
2017-01-10,1082.8514742622135,0.00613749270005263
2017-01-11,1092.5613990404174,0.008966995944498974
2017-01-12,1086.869594126401,-0.005209597299534361
2017-01-13,1098.5696143919208,0.010764879548336413
2017-01-17,1088.9164608425913,-0.008787020342513887
2017-01-18,1096.175775720245,0.006666548939885071
2017-01-19,1093.1383233727713,-0.002770953723619672
2017-01-20,1100.9552535360835,0.007150906702450801
2017-01-23,1102.6059805441682,0.0014993588547607558
2017-01-24,1125.7021189395384,0.020946864793869185
2017-01-25,1159.082346267605,0.029652806694112212
2017-01-26,1162.7680875836795,0.003179878744545506
2017-01-27,1170.3105454037218,0.006486639855859783
2017-01-30,1144.0204061787256,-0.022464241929843427
2017-01-31,1135.6233407165785,-0.007339961260127431
2017-02-01,1159.546595960446,0.021066188397265644
2017-02-02,1156.1847790950974,-0.0028992512047901786
2017-02-03,1165.5576598967482,0.008106732566559503
2017-02-06,1169.887252502103,0.003714610400088132
2017-02-07,1182.064123050559,0.01040858469259542
2017-02-08,1189.388088617148,0.006195912238405741
2017-02-09,1200.093062484521,0.0090004044683339
2017-02-10,1210.136836740878,0.008369162834391758
2017-02-13,1231.0867378673481,0.01731201008878645
2017-02-14,1241.1057160625858,0.008138320304379026
2017-02-15,1263.2366541915674,0.017831630168614453
2017-02-16,1261.9935129132969,-0.0009840921526030897
2017-02-17,1279.200252266115,0.0136345703656565
2017-02-21,1297.9768668736974,0.014678401270105626
2017-02-22,1299.0035237711302,0.0007909670223210857
2017-02-23,1284.6236369228877,-0.011069936751592735
2017-02-24,1292.5380607098207,0.0061608891191590786
2017-02-27,1295.638380090869,0.0023986290812555754
2017-02-28,1283.1151393076111,-0.009665691427248024
2017-03-01,1326.9436415427842,0.0341578872328042
2017-03-02,1306.4751702020592,-0.015425275573065899
2017-03-03,1313.9517352923574,0.005722699719690668
2017-03-06,1304.3143003589057,-0.007334694779566888
2017-03-07,1297.7304024735106,-0.005047784788975589
2017-03-08,1303.9367393612274,0.004782454719321783
2017-03-09,1306.9953406574461,0.0023456669360486884
2017-03-10,1323.026397793514,0.0122655809377284
2017-03-13,1329.4395812282885,0.004847358635829212
2017-03-14,1320.2800142181347,-0.006889795624778352
2017-03-15,1345.368084488438,0.01900208289160545
2017-03-16,1342.2687751881099,-0.002303688734749921
2017-03-17,1339.8066513506112,-0.0018343001662641247
2017-03-20,1343.2121263350314,0.0025417659936135054
2017-03-21,1283.0880617345163,-0.044761406945129485
2017-03-22,1308.3748340272682,0.019707744968469682
2017-03-23,1299.3076681765156,-0.0069300980230897116
2017-03-24,1305.7645556334942,0.004969483067886816
2017-03-27,1313.2882796863707,0.005761930066501424
2017-03-28,1337.4444327941137,0.01839364097082446
2017-03-29,1354.5637965789213,0.012800056110774487
2017-03-30,1361.6587463453732,0.005237811452196407
2017-03-31,1359.0311168542005,-0.0019297268851136368
2017-04-03,1356.0332497907561,-0.002205885521137733
2017-04-04,1362.1897790459682,0.00454010198950653
2017-04-05,1345.7552944157633,-0.012064754032815447
2017-04-06,1347.52180986227,0.0013126572519067488
2017-04-07,1345.6581252623814,-0.0013830459635225981
2017-04-10,1348.1485840888756,0.001850736661667744
2017-04-11,1330.790377503722,-0.012875588633195593
2017-04-12,1314.994276910324,-0.011869713563024194
2017-04-13,1297.804902990015,-0.013071824130441601
2017-04-17,1331.0062045950908,0.025582660019686513
2017-04-18,1325.4379638837024,-0.0041834821597111094
2017-04-19,1331.3311504922478,0.004446218358856781
2017-04-20,1363.8036304705136,0.024390986394526432
2017-04-21,1362.699468044892,-0.000809619802258915
2017-04-24,1412.2886537459783,0.03639040512155888
2017-04-25,1443.1888891648628,0.02187954660467192
2017-04-26,1437.6570559994507,-0.0038330624680829035
2017-04-27,1461.1644552541802,0.01635118692363483
2017-04-28,1470.8115848361376,0.006602357145540741
2017-05-01,1507.2691195747427,0.024787358975464458
2017-05-02,1518.8766395965768,0.0077010268910100935
2017-05-03,1503.6191745012031,-0.010045229940086636
2017-05-04,1504.55845001454,0.000624676466797774
2017-05-05,1520.4278609892895,0.010547553652432626
2017-05-08,1530.9414530478214,0.006914890425443178
2017-05-09,1546.56560335181,0.010205583154655407
2017-05-10,1549.3285222700965,0.0017864867240669597
2017-05-11,1543.2350931394808,-0.003932948398631101
2017-05-12,1553.516818082967,0.006662448896602991
2017-05-15,1568.026125523158,0.009339652632853671
2017-05-16,1584.49516706606,0.010503040271352236
2017-05-17,1465.0207104939504,-0.07540222214330584
2017-05-18,1501.0686485742815,0.024605753230735584
2017-05-19,1521.2873806345015,0.0134695585571146
2017-05-22,1559.947614122057,0.025412840453216193
2017-05-23,1563.2004069428024,0.0020851936252846595
2017-05-24,1585.3695689327328,0.014181906485865996
2017-05-25,1625.2768865757128,0.02517224906104736
2017-05-26,1633.7163174702252,0.005192611157040168
2017-05-30,1639.064671266632,0.003273734698744244
2017-05-31,1634.1273423521734,-0.0030122843845100515
2017-06-01,1657.6040599717167,0.01436651661782414
2017-06-02,1713.1429078476615,0.03350549701048186
2017-06-05,1710.255274551941,-0.0016855764235970665
2017-06-06,1691.630058259379,-0.010890313609728077
2017-06-07,1709.6807807234625,0.010670608727925319
2017-06-08,1716.4191691758308,0.003941313798659506
2017-06-09,1590.9987709512002,-0.0730709610315372
2017-06-12,1562.9644886154658,-0.017620555620526158
2017-06-13,1598.8212915500271,0.02294153398605009
2017-06-14,1578.191812158274,-0.012902930115318356
2017-06-15,1556.5582880684321,-0.013707791361720872
2017-06-16,1540.668680762935,-0.010208167228491546
2017-06-19,1614.515478909572,0.04793165400757568
2017-06-20,1576.0015197128253,-0.023854809507777918
2017-06-21,1622.3142221280598,0.02938620416030659
2017-06-22,1620.2029578604481,-0.0013013904697465018
2017-06-23,1639.7565108227473,0.012068582437425424
2017-06-26,1618.1529751351602,-0.013174843670385947
2017-06-27,1529.1075857566505,-0.05502903047288961
2017-06-28,1594.9792912094965,0.04307852898411375
2017-06-29,1511.808104971454,-0.05214562138607614
2017-06-30,1506.923180366984,-0.0032311803253377517
2017-07-03,1466.953820730066,-0.026523820296655374
2017-07-05,1507.7487613944402,0.027809287578031423
2017-07-06,1466.9840768337776,-0.02703678862449298
2017-07-07,1513.0394313968418,0.03139458382020493
2017-07-10,1543.303665641713,0.02000227728165103
2017-07-11,1556.0379762375,0.008251331788609578
2017-07-12,1612.581748275012,0.03633829822986368
2017-07-13,1624.6545432411501,0.007486625083691125
2017-07-14,1662.287347803931,0.023163573277371428
2017-07-17,1663.7353702402486,0.0008711023627958755
2017-07-18,1698.2409543084511,0.020739827189717088
2017-07-19,1729.494826688375,0.018403673695792353
2017-07-20,1733.9428814410708,0.002571880923872333
2017-07-21,1734.2168844718901,0.00015802310084847806
2017-07-24,1751.6884635788617,0.010074621728926411
2017-07-25,1742.2173195030127,-0.005406865588701005
2017-07-26,1759.9242233492037,0.010163430042838715
2017-07-27,1730.0345770284318,-0.016983484813846508
2017-07-28,1722.9313443587437,-0.004105832775833156
2017-07-31,1697.9535594680765,-0.014497260713521745
2017-08-01,1710.8190063358095,0.007577031065421828
2017-08-02,1727.423348621532,0.009705493231154542
2017-08-03,1707.254011111574,-0.011675966708481172
2017-08-04,1714.8367055566453,0.004441456511871917
2017-08-07,1745.2295059058374,0.017723437019227194
2017-08-08,1737.8470906625414,-0.004230054109395901
2017-08-09,1731.7346993009871,-0.003517220470314221
2017-08-10,1616.5963164739883,-0.06648731059871603
2017-08-11,1652.9196321268048,0.022469008052698407
2017-08-14,1718.1192584644757,0.03944512792420456
2017-08-15,1717.7457530187528,-0.00021739203718415263
2017-08-16,1726.208569521159,0.004926699127349755
2017-08-17,1620.2383992027546,-0.06138897245064659
2017-08-18,1615.711412528719,-0.002794025049809516
2017-08-21,1612.0828305464277,-0.002245810702427458
2017-08-22,1684.629504802921,0.04500182799658213
2017-08-23,1666.09629449524,-0.0110013568294051
2017-08-24,1651.2954023987027,-0.008883575424445334
2017-08-25,1641.1928536590988,-0.006117953653191795
2017-08-28,1654.3717360594412,0.00803006323782104
2017-08-29,1674.8357870228563,0.012369681201250832
2017-08-30,1735.495088675497,0.03621805918087478
2017-08-31,1784.385730777497,0.028171005738375443
2017-09-01,1783.770762098015,-0.00034463886864531044
2017-09-05,1734.5090203643363,-0.027616632574321724
2017-09-06,1750.6578965300075,0.009310344296900346
2017-09-07,1762.3000231547965,0.006650143724747805
2017-09-08,1717.156270374232,-0.025616383242026
2017-09-11,1775.6941692697703,0.03409002424850983
2017-09-12,1789.1639161307066,0.007585623185593707
2017-09-13,1796.9990321271334,0.004379205239825762
2017-09-14,1765.082527518116,-0.01776100267079025
2017-09-15,1782.1087320334948,0.009646123764716635
2017-09-18,1775.998216948132,-0.003428811595794383
2017-09-19,1784.8813111678435,0.005001747262436046
2017-09-20,1769.2689803713372,-0.00874698541512058
2017-09-21,1734.9018738423479,-0.019424466777107196
2017-09-22,1732.6409926250496,-0.0013031752696715645
2017-09-25,1675.7453436035803,-0.032837529103631094
2017-09-26,1687.7422918941388,0.007159171491271939
2017-09-27,1736.3500898109544,0.02880048580299765
2017-09-28,1732.2198369204816,-0.0023786982329827566
2017-09-29,1772.722226921592,0.023381783961737252
2017-10-02,1775.0845872967082,0.0013326173380353453
2017-10-03,1786.7928408057246,0.0065958848343374964
2017-10-04,1790.1834317045657,0.001897584779504861
2017-10-05,1842.3881597134525,0.029161664153699942
2017-10-06,1849.17916923951,0.003685981963276272
2017-10-09,1843.6875442386336,-0.002969763607674027
2017-10-10,1848.2542178019291,0.002476923802824342
2017-10-11,1864.4784885955357,0.008778159756021964
2017-10-12,1854.1329605304322,-0.0055487516366555575
2017-10-13,1874.7259622711367,0.011106539918697724
2017-10-16,1895.1427694084919,0.010890555498906818
2017-10-17,1902.6671589611283,0.003970354990713865
2017-10-18,1894.9779745599324,-0.004041266158918859
2017-10-19,1874.7855129949041,-0.010655776392186097
2017-10-20,1889.7517217863726,0.007982891209544554
2017-10-23,1851.7453595695238,-0.0201118283310369
2017-10-24,1863.099846974275,0.006131775811438157
2017-10-25,1839.9641242963119,-0.012417865159259207
2017-10-26,1824.3227081421896,-0.008500935397370351
2017-10-27,1983.5046041702374,0.08725533882662213
2017-10-30,1997.0629070243906,0.0068355288037383385
2017-10-31,2017.2489163075204,0.010107848486959623
2017-11-01,2017.3482403041658,4.923735283367138e-05
2017-11-02,2005.486143899636,-0.005880043994159941
2017-11-03,2062.600846346407,0.0284792306446516
2017-11-06,2080.359477306014,0.008609824334680957
2017-11-07,2087.459646571888,0.0034129530705280585
2017-11-08,2112.2709629900946,0.011885890325570067
2017-11-09,2078.73133268074,-0.015878469617305414
2017-11-10,2075.6416760737,-0.0014863183897146498
2017-11-13,2082.6966350324137,0.0033989291311873815
2017-11-14,2060.4121754480575,-0.010699810625088658
2017-11-15,2025.7746899196898,-0.0168109497415659
2017-11-16,2104.230172484145,0.03872863204128874
2017-11-17,2079.7156219402855,-0.01165012785408302
2017-11-20,2073.9236437499626,-0.0027849856630490282
2017-11-21,2142.992307134269,0.033303378160740874
2017-11-22,2150.554342833832,0.0035287274127807455
2017-11-24,2173.9880693029527,0.010896598147918265
2017-11-27,2170.64901474728,-0.0015359120883967213
2017-11-28,2187.5265544642584,0.0077753425829387
2017-11-29,2073.925661560029,-0.051931206353767585
2017-11-30,2127.3589081109876,0.025764301749738667
2017-12-01,2099.6098832800076,-0.013043884943523808
2017-12-04,2025.9347251563333,-0.0350899272814334
2017-12-05,2027.3150898989757,0.0006813470964795156
2017-12-06,2054.4504645260517,0.013384882676736857
2017-12-07,2077.214081475286,0.01108014884870253
2017-12-08,2105.1375174453024,0.013442733813061963
2017-12-11,2154.268925296827,0.02333881157139234
2017-12-12,2143.9315377190483,-0.004798559481776129
2017-12-13,2155.0475713753794,0.005184882754305431
2017-12-14,2150.24810293459,-0.0022270823644632643
2017-12-15,2227.398514821803,0.03587977209788979
2017-12-18,2275.9561983133276,0.02180017772679953
2017-12-19,2241.7952980962386,-0.01500947172990643
2017-12-20,2233.309548563485,-0.0037852472703283437
2017-12-21,2233.5403891922274,0.00010336257635702038
2017-12-22,2225.7690401842674,-0.003479385931664575
2017-12-26,2192.762380724439,-0.01482932813958795
2017-12-27,2194.8104902439936,0.0009340316750956374
2017-12-28,2201.239169588992,0.0029290361849344244
2017-12-29,2155.1186208916884,-0.02095208432344727
2018-01-02,2271.2736006135588,0.05389725586140162
2018-01-03,2338.6832520806965,0.02967922994787052
2018-01-04,2348.0049400790144,0.003985870249861665
2018-01-05,2421.462819178238,0.03128523191980668
2018-01-08,2446.8032788010482,0.010464938557846519
2018-01-09,2448.195251189552,0.0005688942795537723
2018-01-10,2431.3415853609454,-0.0068841183399965394
2018-01-11,2481.466551765108,0.020616176149811212
2018-01-12,2536.958000014912,0.02236235995618482
2018-01-16,2512.659023625205,-0.009577997108964485
2018-01-17,2594.4435372462553,0.032548990074687346
2018-01-18,2595.6495268274766,0.00046483554716371096
2018-01-19,2621.835367969793,0.010088357797025905
2018-01-22,2704.486159256449,0.03152402027082885
2018-01-23,2771.6075493867197,0.02481853711860911
2018-01-24,2718.8826771376985,-0.019023209927642108
2018-01-25,2715.2336522591418,-0.0013421045745152043
2018-01-26,2840.8111255732374,0.04624923280897482
2018-01-29,2798.5949443342115,-0.014860608246353331
2018-01-30,2729.350971553891,-0.02474240615652707
2018-01-31,2752.0511422165896,0.008317058120881588
2018-02-01,2694.3937680308463,-0.02095069139569266
2018-02-02,2528.9525096806447,-0.06140203422126817
2018-02-05,2232.1088446580106,-0.11737810966648769
2018-02-06,2407.3713587978373,0.07851880277221825
2018-02-07,2316.359196884933,-0.037805617974267396
2018-02-08,2025.006354111739,-0.12578051071051888
2018-02-09,2127.6408877241142,0.05068356126585844
2018-02-12,2238.1691058486554,0.051948718772165565
2018-02-13,2269.0119877994166,0.013780407329439259
2018-02-14,2394.818032807249,0.05544529763804574
2018-02-15,2523.810542473825,0.053863177869664026
2018-02-16,2496.728367155374,-0.010730668908255407
2018-02-20,2506.5209925469253,0.0039221829336237675
2018-02-21,2483.812006648801,-0.009059962380386578
2018-02-22,2486.6182375559047,0.0011298080932018045
2018-02-23,2635.22900921676,0.059764208842497814
2018-02-26,2741.1073464362225,0.04017804025727984
2018-02-27,2636.6306985526157,-0.03811475972272284
2018-02-28,2583.9289902511546,-0.01998827834720725
2018-03-01,2466.398257557151,-0.04548527964097803
2018-03-02,2532.6630089484624,0.026867011922455643
2018-03-05,2610.8686755193453,0.030878828448382016
2018-03-06,2646.945178021668,0.013817815825281615
2018-03-07,2665.6968268306846,0.007084260363499869
2018-03-08,2708.391473699393,0.01601631754931005
2018-03-09,2865.5013658703247,0.05800856105795348
2018-03-12,2901.5763774837646,0.012589423981127104
2018-03-13,2798.2384315815425,-0.03561441522067952
2018-03-14,2791.595181271725,-0.002374083006951957
2018-03-15,2779.633873396423,-0.004284757315655133
2018-03-16,2766.5090539316416,-0.004721779940299932
2018-03-19,2583.0096045012397,-0.06632888085785246
2018-03-20,2606.7084576950024,0.009174899370279014
2018-03-21,2569.781867655129,-0.01416598389853151
2018-03-22,2377.1620504780612,-0.07495570717557794
2018-03-23,2191.2362877437645,-0.07821333118493383
2018-03-26,2439.3243276213916,0.11321829656858891
2018-03-27,2196.57647189666,-0.09951438313306908
2018-03-28,2126.8700230780105,-0.031734132505963235
2018-03-29,2245.6545009079637,0.05584942969765875
2018-04-02,2050.681463699075,-0.08682236609863953
2018-04-03,2116.090545631538,0.031896266236530385
2018-04-04,2215.5460093816214,0.04699962577470954
2018-04-05,2250.7413231856167,0.015885616301788637
2018-04-06,2085.2096712993125,-0.0735453915477132
2018-04-09,2123.136136237201,0.018188321999416057
2018-04-10,2264.3416539574755,0.06650799037810666
2018-04-11,2230.9986005052992,-0.014725274957470082
2018-04-12,2304.98639797445,0.03316353378814019
2018-04-13,2275.9358036436106,-0.012603369094224609
2018-04-16,2324.050679726391,0.021140700017000545
2018-04-17,2471.476236421711,0.06343474261614475
2018-04-18,2489.745001910239,0.0073918434736715555
2018-04-19,2425.947550425389,-0.025624090593977113
2018-04-20,2310.805862615048,-0.04746256273766133
2018-04-23,2290.966918169082,-0.008585292588584412
2018-04-24,2146.461390726676,-0.06307621742434107
2018-04-25,2151.2567123018966,0.0022340590871737223
2018-04-26,2285.670710797068,0.06248161724564487
2018-04-27,2292.534555836609,0.003002989453869
2018-04-30,2239.9309868256864,-0.022945594812081575
2018-05-01,2317.597731336249,0.03467372207776263
2018-05-02,2278.552875028767,-0.016847123976502225
2018-05-03,2277.479155683523,-0.00047122862805224007
2018-05-04,2406.6477511978287,0.056715599434559574
2018-05-07,2462.7684793208355,0.023319045379646686
2018-05-08,2455.7993223962794,-0.0028298059614917217
2018-05-09,2539.775459156909,0.03419503214077306
2018-05-10,2617.4748285035735,0.03059300737257176
2018-05-11,2605.030358404737,-0.0047543800472577245
2018-05-14,2618.151340327551,0.005036786569677239
2018-05-15,2532.5782119111377,-0.032684561468363175
2018-05-16,2578.223589639092,0.018023284537976664
2018-05-17,2546.541920777338,-0.012288177405974718
2018-05-18,2507.328481325257,-0.015398701718647054
2018-05-21,2550.211391455151,0.017103028362373922
2018-05-22,2536.966001248927,-0.005193840106982688
2018-05-23,2603.169970003716,0.02609572565111137
2018-05-24,2598.7049000686593,-0.0017152433327472533
2018-05-25,2611.2401390793734,0.004823648506755405
2018-05-29,2572.343338219318,-0.014895911056946619
2018-05-30,2627.809435049775,0.021562478074506404
2018-05-31,2617.9942375541586,-0.003735125296644875
2018-06-01,2748.922525437951,0.05001091522879409
2018-06-04,2818.189843595488,0.025197988490600197
2018-06-05,2845.5682830304245,0.009714902456680153
2018-06-06,2897.1248656983157,0.018118202601339586
2018-06-07,2828.0558341692004,-0.02384054354953294
2018-06-08,2827.7509611126807,-0.00010780305425238044
2018-06-11,2846.3941247384923,0.006592929816731832
2018-06-12,2894.820321989228,0.017013173555220282
2018-06-13,2890.0410329451474,-0.0016509795125370708
2018-06-14,2979.425660989529,0.030928497909004725
2018-06-15,2950.107117189938,-0.0098403340561461
2018-06-18,2944.6265582050255,-0.0018577491484896035
2018-06-19,2916.0984551420515,-0.009688190505340125
2018-06-20,2979.776776668166,0.02183682152906335
2018-06-21,2902.1080053168303,-0.026065298568499092
2018-06-22,2877.9492556772234,-0.008324552220436487
2018-06-25,2686.640994618907,-0.06647381314348387
2018-06-26,2720.9775461716617,0.01278047629792299
2018-06-27,2607.133408769164,-0.041839425526562425
2018-06-28,2676.5801511748723,0.02663720321028557
2018-06-29,2687.0332992055623,0.0039054119212914387
2018-07-02,2752.157196215873,0.024236356516149117
2018-07-03,2655.239871791333,-0.035215039518018125
2018-07-05,2753.364475631496,0.036955080737758106
2018-07-06,2876.9373346433154,0.04488067602582011
2018-07-09,2958.99973508845,0.02852422242812206
2018-07-10,2966.9936190434164,0.0027015493986611632
2018-07-11,2919.732735648233,-0.015928879351759767
2018-07-12,3067.5202709128057,0.05061680251078222
2018-07-13,3079.415438097211,0.0038777794876204393
2018-07-16,3056.788327024048,-0.007347859205104246
2018-07-17,3114.0467046439417,0.018731548113322522
2018-07-18,3096.623072955159,-0.005595173528643314
2018-07-19,3049.0826670859215,-0.015352338579544694
2018-07-20,3046.372536541934,-0.0008888347217485064
2018-07-23,3072.987063728618,0.008736465047343014
2018-07-24,3116.033754076862,0.01400809357655196
2018-07-25,3245.144902559674,0.041434451187792674
2018-07-26,3105.258461512258,-0.04310637744930209
2018-07-27,2974.323827139943,-0.04216545450086289
2018-07-30,2847.3612457931936,-0.04268619986440231
2018-07-31,2893.476578536473,0.016195813864999284
2018-08-01,2942.5231193482973,0.016950730196209872
2018-08-02,3062.9432528483353,0.04092410785431935
2018-08-03,3091.974385347605,0.009478181638616107
2018-08-06,3146.3520468505953,0.017586711507274234
2018-08-07,3176.311270773823,0.00952189185352469
2018-08-08,3185.0463413110974,0.002750067544591374
2018-08-09,3181.6831412657384,-0.001055934415062335
2018-08-10,3106.6350306142017,-0.023587550148592436
2018-08-13,3097.4813921250184,-0.002946480162291173
2018-08-14,3155.17500181164,0.018625974584803244
2018-08-15,3037.5304169321807,-0.037286231290470435
2018-08-16,3061.7925156196666,0.007987442216953985
2018-08-17,3065.780301835246,0.0013024351569337056
2018-08-20,3057.9692684445,-0.0025478125050481353
2018-08-21,3090.03010675155,0.01048435595409321
2018-08-22,3124.2687989607666,0.011080374956349686
2018-08-23,3110.623758074762,-0.004367434994883811
2018-08-24,3200.635653841534,0.028936928014232782
2018-08-27,3295.0235034586553,0.029490344989387754
2018-08-28,3309.500124158483,0.004393480254277969
2018-08-29,3427.3794316674403,0.03561846293597923
2018-08-30,3403.8084274035455,-0.006877267234000844
2018-08-31,3419.6142355616157,0.004643565727970999
2018-09-04,3376.1488635292644,-0.012710606822354835
2018-09-05,3244.452536089727,-0.039007855625734576
2018-09-06,3153.70829428439,-0.02796904587012507
2018-09-07,3124.56391225807,-0.009241305570061597
2018-09-10,3146.355318296086,0.006974223171600175
2018-09-11,3222.5770596821576,0.02422540802777144
2018-09-12,3197.0045577918213,-0.007935419826037682
2018-09-13,3291.2498106691955,0.029479236320660525
2018-09-14,3270.0446391994433,-0.00644289333523437
2018-09-17,3125.83568005005,-0.0440999971134026
2018-09-18,3201.036449580737,0.02405781276688313
2018-09-19,3195.745310792676,-0.001652945497935233
2018-09-20,3296.4271448480713,0.03150496183640564
2018-09-21,3246.7656555223857,-0.015065247051887862
2018-09-24,3269.439917005128,0.006983645845882302
2018-09-25,3288.137753760563,0.005718972432612517
2018-09-26,3287.9424652427656,-5.939182978994947e-05
2018-09-27,3374.5812224240826,0.026350448068111147
2018-09-28,3371.9669904227653,-0.0007746833841028438
2018-10-01,3395.3740641774575,0.006941667525564284
2018-10-02,3372.4312957074253,-0.006757066537112217
2018-10-03,3384.5003034314764,0.0035787260483002284
2018-10-04,3188.434279258202,-0.05793056776342637
2018-10-05,3072.1701951697783,-0.03646431881778436
2018-10-08,3014.4522299290315,-0.018787359284812333
2018-10-09,3037.5152022039406,0.007650800382878057
2018-10-10,2633.080680028506,-0.13314650141733864
2018-10-11,2542.7949394000752,-0.034289014124494394
2018-10-12,2754.3537736827243,0.08319932960561996
2018-10-15,2651.970574670707,-0.03717140477387749
2018-10-16,2885.7557757832583,0.08815527719103004
2018-10-17,2888.316342022315,0.0008873121767769644
2018-10-18,2694.761302860513,-0.0670131025281948
2018-10-19,2684.642680841162,-0.003754923305678134
2018-10-22,2722.9900165828326,0.014283962635078019
2018-10-23,2697.1523551398445,-0.00948870957500332
2018-10-24,2322.549279756872,-0.13888836300593416
2018-10-25,2555.717975738565,0.10039343320461293
2018-10-26,2376.4676350431505,-0.07013698005689135
2018-10-29,2232.2282461803266,-0.06069486776755749
2018-10-30,2328.1574933263446,0.04297465875640959
2018-10-31,2489.1105650950212,0.06913324044015418
2018-11-01,2598.4600016890113,0.04393112870412649
2018-11-02,2483.8572376522684,-0.04410410934255311
2018-11-05,2453.5414647784874,-0.012205118882933668
2018-11-06,2508.4132010577187,0.022364299551051434
2018-11-07,2739.089567940497,0.09196107195796502
2018-11-08,2688.224687957969,-0.01856999514651629
2018-11-09,2553.613783316753,-0.05007427587590115
2018-11-12,2324.8612396730014,-0.08957992987750768
2018-11-13,2326.6639387280916,0.0007754007096542503
2018-11-14,2264.2458698633177,-0.026827281682500297
2018-11-15,2385.188506515248,0.053414091756400627
2018-11-16,2360.80996841976,-0.010220801428858433
2018-11-19,2129.540521000679,-0.09796190735922915
2018-11-20,2017.9775926386033,-0.052388262755221786
2018-11-21,2063.1083594378565,0.022364354769788482
2018-11-23,2017.5552875166559,-0.022079825188441708
2018-11-26,2157.4455470078165,0.06933651848685987
2018-11-27,2179.4027738176287,0.010177418772058812
2018-11-28,2386.4912496999546,0.09502074530242614
2018-11-29,2364.7689773023,-0.009102179779785887
2018-11-30,2422.9906710813257,0.024620457363004014
2018-12-03,2541.175809669656,0.04877655535321839
2018-12-04,2252.987126243275,-0.11340761325122355
2018-12-06,2296.3054464306133,0.0192270606799114
2018-12-07,2069.0287073447294,-0.09897495972896987
2018-12-10,2134.109452045565,0.03145473258529919
2018-12-11,2154.6652020821716,0.009632003652344883
2018-12-12,2212.2026511284726,0.026703660963522034
2018-12-13,2216.0935127552134,0.001758817902490062
2018-12-14,2046.0994265154725,-0.07670889574889435
2018-12-17,1909.5574422497943,-0.06673281977220949
2018-12-18,1947.835948917587,0.020045747679993318
2018-12-19,1814.076441940494,-0.06867082777244318
2018-12-20,1728.4300298847209,-0.0472121295859829
2018-12-21,1565.0846163614065,-0.09450507726610659
2018-12-24,1450.680997826731,-0.0730974014687124
2018-12-26,1718.7243977011112,0.1847707388984461
2018-12-27,1739.7094843548464,0.012209686836239634
2018-12-28,1737.1603441569928,-0.001465267747734909
2018-12-31,1774.112607172082,0.02127164780118297
2019-01-02,1799.9554702902133,0.0145666419446308
2019-01-03,1618.394000190624,-0.10086997878359484
2019-01-04,1835.9215224690683,0.13440949623690074
2019-01-07,1891.8126267651974,0.03044307919053249
2019-01-08,1947.3259599730534,0.029343991271893678
2019-01-09,1990.751593017438,0.022300135640869044
2019-01-10,2008.9481964363051,0.00914056956311977
2019-01-11,1991.034924848432,-0.00891674141705077
2019-01-14,1936.0433642501753,-0.02761958613179174
2019-01-15,2050.11200486625,0.058918432676869956
2019-01-16,2048.986909467828,-0.0005487970392601832
2019-01-17,2094.8455153227164,0.022381112169623015
2019-01-18,2156.6005445109154,0.02947951471194069
2019-01-22,2024.6509330181752,-0.06118407594238282
2019-01-23,2035.4434381425137,0.005330551033925699
2019-01-24,2075.472234262972,0.019665884774959525
2019-01-25,2154.1360389216184,0.037901641544523454
2019-01-28,2067.7711937452254,-0.040092567793270875
2019-01-29,2008.081734575772,-0.0288665686754933
2019-01-30,2167.0082992645234,0.07914347406896083
2019-01-31,2261.342208614816,0.043531863436937296
2019-02-01,2230.436626931687,-0.013666919392116467
2019-02-04,2312.1926516850885,0.036654717630722096
2019-02-05,2375.3934215123936,0.02733369547785956
2019-02-06,2348.965168206908,-0.011125842593543463
2019-02-07,2255.5248033185517,-0.039779374404127286
2019-02-08,2263.3693131959844,0.003477908939813659
2019-02-11,2259.0617352944973,-0.0019031705857162138
2019-02-12,2362.3940747204083,0.045741264088314096
2019-02-13,2363.4677195747454,0.000454473225202361
2019-02-14,2369.928257060856,0.002733499354614772
2019-02-15,2402.946480882909,0.0139321617537069
2019-02-19,2414.0197482492636,0.00460820390901333
2019-02-20,2409.4916167076904,-0.0018757640838924594
2019-02-21,2381.520402008361,-0.011608761991688936
2019-02-22,2437.702927328425,0.023591032549074364
2019-02-25,2462.820237200752,0.010303679579141361
2019-02-26,2470.753960856697,0.00322139778458309
2019-02-27,2464.1258779650375,-0.0026826155079243555
2019-02-28,2443.7472527927225,-0.008270123435879085
2019-03-01,2499.412725027606,0.022778735473264863
2019-03-04,2498.164362239574,-0.0004994624439299806
2019-03-05,2504.253376426631,0.0024373953447956067
2019-03-06,2457.5711506494176,-0.018641175136928468
2019-03-07,2368.6945738674754,-0.03616439620006781
2019-03-08,2357.229185188397,-0.004840382886662596
2019-03-11,2506.2975064977813,0.06323878995137686
2019-03-12,2545.2452640265165,0.015539957817361989
2019-03-13,2604.145279584302,0.023141194442144762
2019-03-14,2588.941906273292,-0.005838143297994891
2019-03-15,2657.3858119828938,0.02643701874644432
2019-03-18,2677.929457595736,0.007730772671474796
2019-03-19,2702.9818512214824,0.009355135757847093
2019-03-20,2737.534453831804,0.012783142659543828
2019-03-21,2862.5636087058197,0.045672175814630886
2019-03-22,2670.751566102662,-0.06700708484513894
2019-03-25,2660.294333683652,-0.003915464302907701
2019-03-26,2697.4190154262174,0.013955103114909748
2019-03-27,2649.9580236571505,-0.017594964481840943
2019-03-28,2663.1492659900005,0.004977906146092287
2019-03-29,2726.609169901716,0.02382889488101032
2019-04-01,2836.5619790264705,0.04032584146583721
2019-04-02,2860.5294515514347,0.008449479582036202
2019-04-03,2912.218808767451,0.018069856679147966
2019-04-04,2906.940343340328,-0.0018125236370396516
2019-04-05,2951.0171918219403,0.01516262574242025
2019-04-08,2974.87319347094,0.00808399277208924
2019-04-09,2937.987853690008,-0.012398962033704759
2019-04-10,2987.8788163820304,0.01698133728815851
2019-04-11,2968.141624872081,-0.006605753687777907
2019-04-12,3006.9493853333042,0.013074767098721492
2019-04-15,3007.5280446354527,0.00019244065263324995
2019-04-16,3037.6262136823016,0.010007610436263404
2019-04-17,3068.375633743034,0.01012284524087551
2019-04-18,3078.9685309222987,0.0034522817424222645
2019-04-19,3078.7685077181427,-6.496435483092549e-05
2019-04-22,3106.7432302891243,0.009086335169679756
2019-04-23,3224.018637504997,0.037748664283709994
2019-04-24,3191.248009283376,-0.010164528157623053
2019-04-25,3231.0297054068546,0.012465874168273156
2019-04-26,3242.9286415155075,0.003682707122358264
2019-04-29,3257.679426397699,0.0045485998962031746
2019-04-30,3185.6883752056174,-0.022098875232695502
2019-05-01,3149.1211032195256,-0.011478609229545803
2019-05-02,3115.0543338433854,-0.01081786576620109
2019-05-03,3262.0637845986685,0.04719322201160482
2019-05-06,3197.0351509802554,-0.019934813637132367
2019-05-07,3007.4010888268817,-0.059315601236110654
2019-05-08,2980.5233888749394,-0.008937185017255867
2019-05-09,2939.486924023322,-0.01376820762581152
2019-05-10,2943.697697757448,0.0014324859551892869
2019-05-13,2637.6947453317985,-0.10395189446890796
2019-05-14,2721.5306342492167,0.03178377219949019
2019-05-15,2833.1746092002395,0.04102249430744395
2019-05-16,2920.0954556072174,0.030679664474161785
2019-05-17,2831.5474489791327,-0.030323668515031956
2019-05-20,2687.2627451689523,-0.05095613137692604
2019-05-21,2768.3156513267627,0.03016188361317621
2019-05-22,2734.301790281654,-0.012286843456166922
2019-05-23,2609.516112078887,-0.04563712705242868
2019-05-24,2601.8851326788717,-0.002924289052937138
2019-05-28,2577.0884214084754,-0.009530286698270161
2019-05-29,2511.5780483836124,-0.025420304744165175
2019-05-30,2541.216858704795,0.011800871703054237
2019-05-31,2417.485699592057,-0.04868972857979595
2019-06-03,2264.4698402630675,-0.06329545583446902
2019-06-04,2448.0641072473745,0.08107604867149759
2019-06-05,2503.400551254452,0.02260416458999426
2019-06-06,2560.477551443013,0.022799787337252093
2019-06-07,2709.554491974369,0.05822231889802747
2019-06-10,2801.7998826027015,0.03404448624360973
2019-06-11,2814.97887584261,0.0047037596516944094
2019-06-12,2768.091542489808,-0.016656371298262976
2019-06-13,2810.5815594314613,0.015349931998070738
2019-06-14,2774.9628991341438,-0.012673056996973542
2019-06-17,2827.2096994160092,0.018827927500640766
2019-06-18,2949.728327487355,0.04333552905419555
2019-06-19,2987.023482345003,0.012643589753710334
2019-06-20,3069.0045634793337,0.02744574377097645
2019-06-21,3057.781390560448,-0.0036569424015981083
2019-06-24,3050.3667590843693,-0.002424840277649747
2019-06-25,2894.38229395209,-0.05113629850172548
2019-06-26,2934.8159816073917,0.013969712204151203
2019-06-27,2969.2621882608214,0.011737092502325672
2019-06-28,2985.3851731544355,0.005429963361725821
2019-07-01,3098.1523317764095,0.03777306849247235
2019-07-02,3135.8617261001837,0.012171575276336602
2019-07-03,3205.462780011655,0.02219519225996887
2019-07-05,3185.0004145964535,-0.006383591643240741
2019-07-08,3116.7567134036926,-0.021426590991953643
2019-07-09,3165.88293928533,0.015761970021711553
2019-07-10,3258.5623316548426,0.029274421748024068
2019-07-11,3250.168743432826,-0.002575856272712136
2019-07-12,3307.3301710296523,0.017587218421297242
2019-07-15,3336.296395423877,0.00875818950522469
2019-07-16,3286.0224328444287,-0.015068793842299165
2019-07-17,3238.160855168922,-0.014565201137131974
2019-07-18,3256.8839380676495,0.005782011375018913
2019-07-19,3171.100382346344,-0.02633915035124104
2019-07-22,3255.763521943319,0.02669834738386055
2019-07-23,3316.644703927436,0.018699509830424645
2019-07-24,3386.533151800758,0.021072033368712353
2019-07-25,3283.9323591149864,-0.03029670405890295
2019-07-26,3391.910615996265,0.03288077983140248
2019-07-29,3355.894649934171,-0.01061819432748094
2019-07-30,3309.5479693587076,-0.013810529057094319
2019-07-31,3179.8826516067406,-0.039179162517802235
2019-08-01,3121.7913125017076,-0.018268390840045785
2019-08-02,2991.5191251749848,-0.041729947419940246
2019-08-05,2667.6721478713243,-0.1082550248729289
2019-08-06,2781.499998047747,0.042669355103194154
2019-08-07,2815.251590652421,0.012134313366299927
2019-08-08,3008.4724582579447,0.06863360569516493
2019-08-09,2916.496165778961,-0.030572422967183415
2019-08-12,2819.15002074614,-0.03337777233347428
2019-08-13,3005.16270796504,0.06598183347818745
2019-08-14,2727.304496707921,-0.09246028859624453
2019-08-15,2721.4086762039374,-0.002161775669383561
2019-08-16,2851.27771544014,0.04772125567606983
2019-08-19,2980.3379783263235,0.04526400995150371
2019-08-20,2916.619371118922,-0.021379658169904597
2019-08-21,2994.9214736183935,0.026846870481228354
2019-08-22,2964.7688986188937,-0.010067901701299129
2019-08-23,2684.8084415613725,-0.09442909941072893
2019-08-26,2803.0188670200237,0.04402937044920235
2019-08-27,2792.8624075101975,-0.003623400337873607
2019-08-28,2816.9051574866944,0.008608641052937021
2019-08-29,2944.147145064501,0.04517084547189166
2019-08-30,2930.9921490290208,-0.004468185653537326
2019-09-03,2837.0873855988725,-0.03203855850015042
2019-09-04,2959.6531639636905,0.04320127007259815
2019-09-05,3124.283986331253,0.05562503889715312
2019-09-06,3112.166217901912,-0.0038785745733601862
2019-09-09,3087.6318702081026,-0.00788336675357582
2019-09-10,3066.5519161020084,-0.00682722390239904
2019-09-11,3152.1072698508774,0.027899528881161446
2019-09-12,3187.587538714048,0.011256047407564748
2019-09-13,3157.927820876318,-0.009304753980088428
2019-09-16,3108.671319802128,-0.015597728595494475
2019-09-17,3151.6825976214436,0.013835903958496824
2019-09-18,3151.208333735992,-0.0001504795837657142
2019-09-19,3166.864554008108,0.004968322819061139
2019-09-20,3072.5943574417906,-0.029767675553728706
2019-09-23,3066.1931545568627,-0.0020833218252270325
2019-09-24,2938.2675484726597,-0.041721313575462354
2019-09-25,3044.979903391034,0.03631812051079031
2019-09-26,3007.855129817299,-0.012192124333034593
2019-09-27,2902.6962683991947,-0.03496141166363004
2019-09-30,2979.0871778723704,0.026317224542168387
2019-10-01,2903.578941403942,-0.025346098304634232
2019-10-02,2752.230490426708,-0.05212479289578181
2019-10-03,2847.8465322971056,0.03474129154625167
2019-10-04,2977.088719739048,0.04538242702906249
2019-10-07,2943.1579312574972,-0.011397305111056681
2019-10-08,2804.834964568023,-0.04699814618183741
2019-10-09,2900.109223694401,0.03396786632009591
2019-10-10,2956.2993574789534,0.019375178467579447
2019-10-11,3074.7147423283755,0.040055275373196066
2019-10-14,3072.32250335685,-0.0007780360690350309
2019-10-15,3190.26848516814,0.03838984406175502
2019-10-16,3162.7871917346924,-0.008614100525147191
2019-10-17,3188.8598943591837,0.008243584232485435
2019-10-18,3099.9450046677766,-0.027882971543745135
2019-10-21,3184.2672924885314,0.02720122056803754
2019-10-22,3105.012669807583,-0.024889437789316553
2019-10-23,3122.383359367299,0.0055944021512776805
2019-10-24,3213.9053585943625,0.02931158307403013
2019-10-25,3289.343410150665,0.02347239359571434
2019-10-28,3388.8248447102046,0.030243553851065766
2019-10-29,3309.442191561758,-0.02342483214272903
2019-10-30,3353.1538734075816,0.013208172047022662
2019-10-31,3353.8386215613177,0.00020421017930802838
2019-11-01,3449.8882933529885,0.0286387279263175
2019-11-04,3511.997334000206,0.0180032033984651
2019-11-05,3511.160089785728,-0.0002383954584397857
2019-11-06,3492.7846999824446,-0.0052334240915811936
2019-11-07,3522.7619978565212,0.008582635475420828
2019-11-08,3569.1350268662586,0.01316382686027436
2019-11-11,3550.329073666593,-0.005269050640591066
2019-11-12,3578.3807905032613,0.007901159654391558
2019-11-13,3572.9850527211556,-0.00150787132448996
2019-11-14,3570.190411841684,-0.0007821585700011117
2019-11-15,3644.790528713587,0.020895276796572784
2019-11-18,3661.143076253016,0.004486553455021304
2019-11-19,3674.443052420077,0.0036327387075713135
2019-11-20,3601.517931325264,-0.019846578122032155
2019-11-21,3577.6438989555004,-0.0066288806067330616
2019-11-22,3585.767832149841,0.002270749527842338
2019-11-25,3714.9779073129516,0.036034144208840956
2019-11-26,3733.1413608158236,0.0048892493996039775
2019-11-27,3811.6489943706497,0.021029911799983272
2019-11-29,3755.610068385592,-0.014702016389184983
2019-12-02,3628.31102515185,-0.03389570293927333
2019-12-03,3556.662487882921,-0.01974707702075525
2019-12-04,3610.4556705276486,0.015124623949557768
2019-12-05,3625.7248008877905,0.004229142178585632
2019-12-06,3741.9738962269503,0.032062305255681586
2019-12-09,3694.971816151978,-0.012560771768708573
2019-12-10,3683.538402652277,-0.0030943168361181757
2019-12-11,3747.2214426675405,0.01728855058750299
2019-12-12,3832.9840933129726,0.02288699826193884
2019-12-13,3861.018374407329,0.007313957066314151
2019-12-16,3973.038802757543,0.02901318188298168
2019-12-17,3980.2567305025814,0.001816727221498073
2019-12-18,3986.856508017961,0.0016581285987916734
2019-12-19,4071.1735006426034,0.02114874023057314
2019-12-20,4123.495101784,0.012851724725840829
2019-12-23,4147.688934181572,0.0058673120254476695
2019-12-24,4152.435701264607,0.0011444366147894658
2019-12-26,4264.750436971755,0.02704791688235982
2019-12-27,4253.798337428964,-0.0025680516843016137
2019-12-30,4163.8781045660235,-0.021138809536817196
2019-12-31,4197.090325160573,0.007976271101243158
2020-01-02,4397.5200207257085,0.04775443939426459
2020-01-03,4281.134076580555,-0.02646626816856333
2020-01-06,4361.116583105601,0.018682551187214808
2020-01-07,4358.127391645487,-0.000685418837848713
2020-01-08,4455.623596907307,0.0223711233060145
2020-01-09,4571.572039759239,0.02602294388880003
2020-01-10,4536.573090245847,-0.007655779939373789
2020-01-13,4694.664354059556,0.034848168577648116
2020-01-14,4636.934316083938,-0.012296946836188238
2020-01-15,4640.475166051654,0.0007636187459964241
2020-01-16,4778.18363853432,0.029675511139484367
2020-01-17,4854.812398577184,0.016037215360431022
2020-01-21,4843.858613994019,-0.0022562735042809547
2020-01-22,4878.718826887112,0.007196785800556185
2020-01-23,4924.05211576988,0.00929204786980798
2020-01-24,4803.112121194941,-0.02456107119329908
2020-01-27,4504.978025173916,-0.062071025722142494
2020-01-28,4714.520085349229,0.046513447791396094
2020-01-29,4731.21318893617,0.003540785336521691
2020-01-30,4785.061092886273,0.011381415674953129
2020-01-31,4557.966599463444,-0.04745905830971309
2020-02-03,4763.06711520855,0.044998248949268155
2020-02-04,5088.550619316396,0.06833485572113224
2020-02-05,5143.2917203765355,0.01075770001232576
2020-02-06,5272.5804125858385,0.025137343794265184
2020-02-07,5197.613157183623,-0.014218323768617366
2020-02-10,5389.837296126957,0.03698315613921001
2020-02-11,5391.658677064858,0.00033792874215528615
2020-02-12,5553.7711138909,0.030067266222848804
2020-02-13,5523.531677951785,-0.005444847351285424
2020-02-14,5571.767562493475,0.00873279766534746
2020-02-18,5582.936511190151,0.002004561132782971
2020-02-19,5737.701198441816,0.02772101866848443
2020-02-20,5576.799828971999,-0.02804282828696506
2020-02-21,5262.122029461792,-0.05642623173875211
2020-02-24,4648.9867619524375,-0.11651863337195656
2020-02-25,4273.0941303525005,-0.08085474337682841
2020-02-26,4329.593069354804,0.013222020690109132
2020-02-27,3689.8827693510684,-0.14775298503955372
2020-02-28,3722.9553779275416,0.008963051306448318
2020-03-02,4272.419615593041,0.14758818784751873
2020-03-03,3863.2113385163893,-0.09577904651106013
2020-03-04,4341.707509073159,0.12385969304504295
2020-03-05,3937.719976418767,-0.09304807654825925
2020-03-06,3745.2682449871922,-0.04887389976536712
2020-03-09,2978.458220783938,-0.20474101560804941
2020-03-10,3455.4482958942444,0.16014663955392378
2020-03-11,3002.1467517236083,-0.13118458311451167
2020-03-12,2166.958461903628,-0.278197023293574
2020-03-13,2821.775733410803,0.3021826597137128
2020-03-16,1789.7181603094657,-0.3657475542373611
2020-03-17,2136.6357592642803,0.1938392349412312
2020-03-18,1880.435730000401,-0.11990814445233199
2020-03-19,1969.5773187637424,0.04740475164408973
2020-03-20,1731.080220497926,-0.12109049794273394
2020-03-23,1740.5430950831899,0.005466456420224235
2020-03-24,2148.1271674014547,0.2341706295406516
2020-03-25,2076.3289364126863,-0.033423640871141407
2020-03-26,2432.867609475321,0.17171589087354994
2020-03-27,2147.548557177554,-0.11727685106519199
2020-03-30,2402.902270378492,0.11890474482986349
2020-03-31,2333.94321357856,-0.02869823614968339
2020-04-01,2040.762216384437,-0.1256161655898209
2020-04-02,2162.9504313081998,0.05987381280521773
2020-04-03,2071.5889498025767,-0.042239285830681594
2020-04-06,2528.6693011862144,0.22064239695196183
2020-04-07,2498.344795847122,-0.011992278043185457
2020-04-08,2666.2051117011174,0.0671886106885734
2020-04-09,2674.9865564605384,0.0032936118533724397
2020-04-13,2766.9297262234127,0.034371451153956734
2020-04-14,3125.0169358985727,0.12941680675205064
2020-04-15,3016.996053467062,-0.034566495045394094
2020-04-16,3191.7771692427837,0.05793216586242035
2020-04-17,3273.371179452393,0.025563817861685642
2020-04-20,3155.7896661331515,-0.035920617269842185
2020-04-21,2804.8662058766786,-0.11119988889705244
2020-04-22,3066.903313831665,0.09342231989746023
2020-04-23,3042.3925397481294,-0.007992026997718716
2020-04-24,3195.6974601727793,0.050389592540002005
2020-04-27,3251.5663840889956,0.017482544769177034
2020-04-28,3074.9510741042022,-0.05431699344938223
2020-04-29,3399.4064118420984,0.10551560981581364
2020-04-30,3419.613896228412,0.005944415564999591
2020-05-01,3097.8683271241634,-0.09408827395955756
2020-05-04,3221.602395089691,0.0399416808268263
2020-05-05,3327.2403256409702,0.032790492927460765
2020-05-06,3387.918718157039,0.018236852940395707
2020-05-07,3520.3483565916877,0.039088788560632116
2020-05-08,3657.8685485338247,0.03906437034409863
2020-05-11,3751.5585811299047,0.02561328581193389
2020-05-12,3525.931573546262,-0.06014220562049385
2020-05-13,3395.5495057716075,-0.03697804822783916
2020-05-14,3502.3942532378305,0.03146611388955243
2020-05-15,3569.704164574456,0.019218256561036897
2020-05-18,3779.659282371078,0.05881583126137029
2020-05-19,3739.1499505668485,-0.010717720508081594
2020-05-20,3964.1745271105115,0.06018067729793772
2020-05-21,3830.0429806335974,-0.03383593370059888
2020-05-22,3874.213795840068,0.01153272050204613
2020-05-26,3844.8247667864503,-0.007585804656721382
2020-05-27,3908.8496024574033,0.016652211623279258
2020-05-28,3877.4426828880323,-0.008034824248450539
2020-05-29,4048.976267989526,0.0442388448083339
2020-06-01,4104.307123111837,0.013665393783546507
2020-06-02,4179.312328448665,0.01827475456562782
2020-06-03,4240.89356677546,0.014734777754610765
2020-06-04,4142.600057628503,-0.02317754680688548
2020-06-05,4393.981673603874,0.060682086727743986
2020-06-08,4497.6874960695895,0.023601787665322175
2020-06-09,4587.224215379883,0.0199072788824341
2020-06-10,4762.7725918737715,0.03826897667336953
2020-06-11,4046.924454169094,-0.15030071746991563
2020-06-12,4142.3217387460445,0.023572786113828674
2020-06-15,4287.990252757503,0.03516591013414497
2020-06-16,4515.001597071343,0.0529411987743802
2020-06-17,4560.151342772026,0.009999940139549114
2020-06-18,4600.750200137723,0.008902962711982782
2020-06-19,4596.124719405366,-0.0010053753260108019
2020-06-22,4763.996637417789,0.036524665508672796
2020-06-23,4876.220172063995,0.023556594008645907
2020-06-24,4579.537956984888,-0.06084266185903731
2020-06-25,4715.7671490686225,0.029747366080010617
2020-06-26,4362.268006086073,-0.074961110633371
2020-06-29,4511.030742850632,0.03410215432820977
2020-06-30,4776.9663827934155,0.058952300505655926
2020-07-01,4949.746078080172,0.0361693345611783
2020-07-02,5040.315951958569,0.01829788285089673
2020-07-06,5423.967008343358,0.07611646968990307
2020-07-07,5301.219420095644,-0.02263059271173659
2020-07-08,5516.936393828777,0.040691953424037024
2020-07-09,5653.399904770738,0.02473537869579387
2020-07-10,5782.398169318983,0.022817820554209663
2020-07-13,5407.894666740136,-0.06476612153170928
2020-07-14,5541.586583661277,0.024721619994446012
2020-07-15,5560.589137125175,0.003429081757907413
2020-07-16,5443.427438260079,-0.021070015420284884
2020-07-17,5472.346228194499,0.005312606857062064
2020-07-20,5945.8542870018,0.08652743065994295
2020-07-21,5752.121149208491,-0.03258289363343938
2020-07-22,5812.23719216263,0.010451108624930538
2020-07-23,5346.915071981349,-0.0800590383353132
2020-07-24,5199.24810879167,-0.027617226232650623
2020-07-27,5484.062772577954,0.054779971608717226
2020-07-28,5265.476135857646,-0.03985852200914077
2020-07-29,5461.253694504345,0.03718135902534298
2020-07-30,5542.056023025821,0.014795563993444762
2020-07-31,5837.524661997238,0.05331390331382805
2020-08-03,6077.395907858608,0.04109126038009776
2020-08-04,6145.8719310498755,0.011267329663799354
2020-08-05,6193.991894120126,0.007829639733809112
2020-08-06,6430.66394684719,0.0382099390462124
2020-08-07,6212.1329117939285,-0.033982655112992304
2020-08-10,6121.727396620596,-0.01455305552167031
2020-08-11,5775.421162373701,-0.05657001885416641
2020-08-12,6224.185660729417,0.0777024715148694
2020-08-13,6258.845679882877,0.005568603033830148
2020-08-14,6235.566574806861,-0.0037193927229808195
2020-08-17,6443.843681203691,0.03340147264858299
2020-08-18,6633.1106483467065,0.029371750232721507
2020-08-19,6492.882245576951,-0.021140669921540817
2020-08-20,6765.602041722589,0.04200288651952968
2020-08-21,6903.84805993893,0.020433660946032082
2020-08-24,7031.46638078048,0.018485099865114606
2020-08-25,7205.109849085143,0.024695199962740774
2020-08-26,7666.47434138364,0.06403295743743288
2020-08-27,7578.651569657671,-0.011455431508053546
2020-08-28,7711.632377566397,0.01754676365399036
2020-08-31,7933.508483808453,0.028771613502675226
2020-09-01,8291.628064327515,0.04514012700055103
2020-09-02,8550.127401477495,0.031175944596707587
2020-09-03,7209.628705128027,-0.15678113709952737
2020-09-04,6935.531153341735,-0.03801826182690004
2020-09-08,5944.416589689518,-0.14290391633158048
2020-09-09,6472.329096960217,0.0888081276447469
2020-09-10,6060.559970888856,-0.06361993030681203
2020-09-11,5951.902946976881,-0.017928545288536792
2020-09-14,6258.76102013264,0.0515562965138098
2020-09-15,6527.094810868241,0.04287330829096178
2020-09-16,6199.78203464514,-0.050146778269268284
2020-09-17,5924.3065670145115,-0.04443308911365563
2020-09-18,5693.48781321313,-0.038961311537546034
2020-09-21,5761.29644746338,0.011909858504111229
2020-09-22,6085.890202604237,0.05634040152260718
2020-09-23,5509.780885472692,-0.09466311385062788
2020-09-24,5606.209334345193,0.01750132189952385
2020-09-25,5999.367233013536,0.07012900789482625
2020-09-28,6343.964166669294,0.05743887984711082
2020-09-29,6274.568670835693,-0.01093882216393962
2020-09-30,6432.786041543702,0.025215656885453335
2020-10-01,6712.004661697152,0.04340555061993711
2020-10-02,6142.777556269028,-0.08480731675835783
2020-10-05,6557.90866197437,0.06758035789228266
2020-10-06,6185.723315697554,-0.05675366423367705
2020-10-07,6534.114634815112,0.05632184003986136
2020-10-08,6615.591521176455,0.01246946080915345
2020-10-09,6916.229570127304,0.04544386514622452
2020-10-12,7557.5825152381585,0.09273158714699076
2020-10-13,7548.440828162062,-0.0012096046662626837
2020-10-14,7365.256799371413,-0.024267796881604752
2020-10-15,7205.374678389059,-0.021707609841383757
2020-10-16,7121.19795080937,-0.011682491381351605
2020-10-19,6728.9265682541645,-0.055085027163248736
2020-10-20,6804.4964486229555,0.011230599650962852
2020-10-21,6782.809770320903,-0.003187109944989658
2020-10-22,6778.629875333707,-0.0006162482995594948
2020-10-23,6830.457294743877,0.007645707224517825
2020-10-26,6501.233294679409,-0.04819940830576754
2020-10-27,6661.427766428156,0.024640628091265476
2020-10-28,5875.5494283327635,-0.11797445917765746
2020-10-29,6204.647747450536,0.056011496989679395
2020-10-30,5716.407191193658,-0.07868948828843574
2020-11-02,5766.043180402063,0.008683074446633385
2020-11-03,6070.675646076474,0.05283215129394304
2020-11-04,6873.386242145473,0.1322275547018885
2020-11-05,7400.601598925527,0.07670387465603669
2020-11-06,7425.134102488621,0.0033149336895334234
2020-11-09,6944.743279175023,-0.0646979322774236
2020-11-10,6581.899121010338,-0.05224731045893868
2020-11-11,7038.334602259354,0.06934707944581096
2020-11-12,6921.644782001238,-0.01657918056647343
2020-11-13,7116.114472288912,0.028095878423776654
2020-11-16,7251.5520205818175,0.019032513996270938
2020-11-17,7186.678814153153,-0.008946113362289428
2020-11-18,7037.788796643004,-0.020717499885612094
2020-11-19,7198.934123788549,0.02289715304079756
2020-11-20,7056.718370575253,-0.01975511246079473
2020-11-23,7056.176401100131,-7.68019136743796e-05
2020-11-24,7365.429546375581,0.04382729791551605
2020-11-25,7498.002064813977,0.017999292180268623
2020-11-27,7694.437545024538,0.026198376382473514
2020-11-30,7713.853999857871,0.0025234404359924484
2020-12-01,8066.734827865025,0.045746371141281016
2020-12-02,8068.965465916685,0.0002765230417584038
2020-12-03,8089.930225418853,0.002598196706966212
2020-12-04,8209.493033482677,0.014779213754916243
2020-12-07,8343.551483685796,0.01632968682187286
2020-12-08,8421.68258918456,0.009364250421601982
2020-12-09,7879.797785101685,-0.06434400707274142
2020-12-10,7950.856766256191,0.009017868616991238
2020-12-11,7900.345974267684,-0.006352874095641825
2020-12-14,8066.971439877861,0.021090907430243465
2020-12-15,8326.761021664823,0.032204103327146065
2020-12-16,8470.164206632153,0.017221964770481442
2020-12-17,8638.594299879956,0.019885103657839596
2020-12-18,8610.527841041743,-0.0032489613314290533
2020-12-21,8513.77498754133,-0.011236576350086729
2020-12-22,8568.860490289533,0.006470161923331605
2020-12-23,8438.785892411806,-0.015179917799470677
2020-12-24,8554.710324109285,0.013737098342750699
2020-12-28,8813.406491573358,0.030240201907831093
2020-12-29,8823.085949195282,0.0010982651975916628
2020-12-30,8827.084488863484,0.0004531906060109708
2020-12-31,8915.710592245841,0.010040246413656865
2021-01-04,8514.790681184999,-0.044967802275853286
2021-01-05,8731.786649131001,0.025484592172711276
2021-01-06,8365.714033276956,-0.041924136555773275
2021-01-07,8994.643621235777,0.07517942705871594
2021-01-08,9340.299064915695,0.03842903156983887
2021-01-11,8907.665191418446,-0.04631906007403127
2021-01-12,8886.376595659554,-0.0023899187162311473
2021-01-13,9055.241251724818,0.019002644581565815
2021-01-14,8898.57853145867,-0.017300778180405454
2021-01-15,8702.709888402995,-0.02201122823867103
2021-01-19,9096.437797051107,0.045241989414444586
2021-01-20,9726.426556594413,0.06925664458976866
2021-01-21,9964.89385541724,0.024517462547552774
2021-01-22,9879.11488329441,-0.008608116992254408
2021-01-25,10139.131648559416,0.026319844271139363
2021-01-26,10154.983702218091,0.001563452789463309
2021-01-27,9302.670145437249,-0.08393056865218577
2021-01-28,9492.098385946947,0.020362781604441705
2021-01-29,8896.698250024914,-0.06272587068877448
2021-02-01,9565.49982450765,0.07517413265992964
2021-02-02,10014.59861034455,0.046949850407844926
2021-02-03,9894.872324011005,-0.01195517573813437
2021-02-04,10246.254039436762,0.03551149564336377
2021-02-05,10344.170879108284,0.009556354868291253
2021-02-08,10552.7670343293,0.020165575149411863
2021-02-09,10534.710203079194,-0.001711099201883776
2021-02-10,10461.556653328491,-0.00694404956002692
2021-02-11,10643.605852052811,0.017401731382527787
2021-02-12,10814.436698221762,0.01605009134531261
2021-02-16,10735.933654347227,-0.007259096896599647
2021-02-17,10563.058918624423,-0.016102440764693377
2021-02-18,10419.480465274615,-0.013592507100065062
2021-02-19,10289.74405777986,-0.01245133170767325
2021-02-22,9479.060107483961,-0.07878562826671645
2021-02-23,9416.899621150087,-0.0065576634844627425
2021-02-24,9647.286756502332,0.02446528524471073
2021-02-25,8616.528108774259,-0.10684440856216232
2021-02-26,8780.251623186976,0.01900110025127134
2021-03-01,9543.114390638948,0.08688393000462488
2021-03-02,9062.741699011593,-0.05033709876710317
2021-03-03,8278.949315146403,-0.08648512888220919
2021-03-04,7849.684862115368,-0.05185011245879864
2021-03-05,8236.300561306776,0.04925238477500138
2021-03-08,7516.454561913595,-0.08739919021106846
2021-03-09,8424.960645206185,0.12086896498996402
2021-03-10,8341.399779572836,-0.009918249966057216
2021-03-11,8931.973040561294,0.07080025854110324
2021-03-12,8694.892683869273,-0.026542887625769538
2021-03-15,8988.487592322557,0.03376636367208533
2021-03-16,9132.487895831377,0.01602052648232123
2021-03-17,9237.108723699243,0.011455895596162984
2021-03-18,8369.993321261705,-0.09387303195997014
2021-03-19,8523.078881554333,0.018289806743782555
2021-03-22,8960.029785594275,0.05126679104021816
2021-03-23,8819.12966125132,-0.015725408030394173
2021-03-24,8374.465297838968,-0.05042043608521557
2021-03-25,8338.64246455279,-0.004277626333399824
2021-03-26,8727.626997784959,0.046648424475054046
2021-03-29,8701.37427779192,-0.003008002060548993
2021-03-30,8562.27827089241,-0.015985521649668277
2021-03-31,8950.734471032254,0.04536832229109007
2021-04-01,9439.298810287362,0.05458371498297448
2021-04-05,10011.098160953356,0.06057646464616872
2021-04-06,9967.870668877884,-0.004317957069292613
2021-04-07,10052.367256992467,0.008476894506507125
2021-04-08,10366.719577686303,0.03127147194857713
2021-04-09,10562.629792926391,0.018897995047707405
2021-04-12,10504.703066220727,-0.005484119754387032
2021-04-13,10886.151161670805,0.036312125439954004
2021-04-14,10460.13406858983,-0.03913385794062306
2021-04-15,10965.737943909618,0.048336271027159886
2021-04-16,11002.917286506705,0.0033905007385058015
2021-04-19,10688.286649118796,-0.02859520154475331
2021-04-20,10461.79108833812,-0.02119100733505785
2021-04-21,10748.114511711434,0.027368489865227896
2021-04-22,10348.6015142031,-0.037170519263915
2021-04-23,10752.870962620264,0.03906512854537093
2021-04-26,10949.811934112477,0.018315198999116634
2021-04-27,10795.829174636205,-0.014062593988172691
2021-04-28,10660.044145477525,-0.012577545176214395
2021-04-29,10818.11056763726,0.014827933168250228
2021-04-30,10564.174527765534,-0.023473233914930183
2021-05-03,10425.501363417581,-0.013126739243419486
2021-05-04,9847.73511139967,-0.055418558002903934
2021-05-05,9757.930754087372,-0.009119290506538978
2021-05-06,9997.45422212798,0.024546543122401
2021-05-07,10231.04427504333,0.023364953489692527
2021-05-10,9425.29907720418,-0.07875493216314308
2021-05-11,9409.034365348662,-0.0017256441119047291
2021-05-12,8670.094971481327,-0.07853509352550359
2021-05-13,8885.437728597435,0.02483741617876606
2021-05-14,9463.116696368646,0.06501412596837779
2021-05-17,9293.896961228855,-0.017882029839569446
2021-05-18,9094.715723060557,-0.021431401596038468
2021-05-19,9136.731459107847,0.004619796519945415
2021-05-20,9667.431300687529,0.05808421140041947
2021-05-21,9490.712631915483,-0.018279795663970963
2021-05-24,9979.810410312795,0.05153435757316776
2021-05-25,10015.16320072698,0.003542431064387005
2021-05-26,10114.462823006288,0.00991492802354924
2021-05-27,10015.343694475776,-0.009799742236933947
2021-05-28,10078.675719467166,0.006323499914069157
2021-06-01,10009.296194724855,-0.006883793731780084
2021-06-02,10056.199692601753,0.004685993596794302
2021-06-03,9734.166879348286,-0.03202331130023034
2021-06-04,10254.810926301194,0.05348624627111029
2021-06-07,10327.436395582903,0.007082087598069946
2021-06-08,10345.617486994757,0.001760465106290233
2021-06-09,10355.078329194914,0.0009144782524627721
2021-06-10,10682.349581044076,0.03160490355021841
2021-06-11,10769.76814914413,0.008183458838978712
2021-06-14,11070.500487069656,0.027923752281466197
2021-06-15,10840.935569230769,-0.020736634094097036
2021-06-16,10731.367222848301,-0.010106908733361515
2021-06-17,11147.939052637683,0.03881815067351828
2021-06-18,10878.531915561902,-0.024166541977284812
2021-06-21,11083.053967005237,0.01880051950307404
2021-06-22,11396.614498902249,0.0282918889351705
2021-06-23,11406.088264452472,0.0008312789338566628
2021-06-24,11626.281682995137,0.01930490220989321
2021-06-25,11576.158394550066,-0.0043112054061430535
2021-06-28,12012.419092840086,0.037686137613269485
2021-06-29,12131.278014954749,0.009894669940837205
2021-06-30,12086.79220663555,-0.003667033948472658
2021-07-01,12100.212612196421,0.0011103364177557015
2021-07-02,12518.359015196587,0.0345569467580012
2021-07-06,12669.532033239397,0.012076105011790673
2021-07-07,12732.044668466773,0.004934091887795798
2021-07-08,12504.421840452867,-0.01787794764635529
2021-07-09,12769.648150732106,0.0212106016306334
2021-07-12,12904.574555579067,0.010566180309300403
2021-07-13,12896.221684700178,-0.0006472798342102525
2021-07-14,12963.951481994429,0.005251910129197245
2021-07-15,12688.297706061008,-0.0212630983937479
2021-07-16,12397.123254202728,-0.022948267656045723
2021-07-19,12063.051249225085,-0.02694754243605575
2021-07-20,12508.931635294326,0.036962487919288474
2021-07-21,12800.821471875935,0.023334513697239663
2021-07-22,13053.54878249789,0.01974305408267812
2021-07-23,13503.761430240089,0.03448967443595425
2021-07-26,13542.864376385318,0.0028957077142715464
2021-07-27,13089.363009177416,-0.03348636998821838
2021-07-28,13250.22332742384,0.012289392396989703
2021-07-29,13330.690943008873,0.006072925232776238
2021-07-30,13095.97846582129,-0.017606925116711577
2021-08-02,13106.85666424263,0.0008306518256525001
2021-08-03,13364.219940003759,0.019635774034460384
2021-08-04,13423.079981682482,0.004404300583421001
2021-08-05,13685.764049125024,0.019569582227104993
2021-08-06,13490.675908998737,-0.014254822706720537
2021-08-09,13555.434897305075,0.004800277520797958
2021-08-10,13342.101190881842,-0.01573787252415231
2021-08-11,13273.824313337393,-0.0051174006678281585
2021-08-12,13436.423371201683,0.012249601473247806
2021-08-13,13564.230114590799,0.009511961617929166
2021-08-16,13576.37377946533,0.0008952712223208715
2021-08-17,13205.694193499472,-0.02730328377718372
2021-08-18,12823.411612507254,-0.02894831391600736
2021-08-19,13020.605017132299,0.015377608594635878
2021-08-20,13435.891466033394,0.03189455853661702
2021-08-23,14025.249827233984,0.043864477670909854
2021-08-24,14148.90952187589,0.008816933471073408
2021-08-25,14180.374762664012,0.0022238633118315176
2021-08-26,13930.547993356702,-0.017617783273618962
2021-08-27,14353.35659639369,0.030351182397032776
2021-08-30,14834.866177924216,0.033546827760936766
2021-08-31,14770.888263571807,-0.004312672159295534
2021-09-01,14853.944278096205,0.0056229532741936955
2021-09-02,14833.469157691668,-0.0013784298649031795
2021-09-03,14972.514389847474,0.00937375004307101
2021-09-07,15039.918418660382,0.004501850995622612
2021-09-08,14882.294625812936,-0.010480362224031616
2021-09-09,14711.796642152054,-0.01145643114504384
2021-09-10,14371.00812444878,-0.023164303177414244
2021-09-13,14354.773746716057,-0.0011296617183804022
2021-09-14,14211.207918861735,-0.010001260234921216
2021-09-15,14545.934336943887,0.02355369226833196
2021-09-16,14581.190810925973,0.0024238026355268894
2021-09-17,14067.254275121853,-0.035246540729651325
2021-09-20,13184.197684179595,-0.06277391263936687
2021-09-21,13225.618332555949,0.0031416889649687006
2021-09-22,13618.700208160128,0.029721247485009924
2021-09-23,13996.161592672463,0.027716403088612295
2021-09-24,14032.468561312424,0.002594066123026891
2021-09-27,13690.773815163586,-0.02435029479352554
2021-09-28,12517.404393619503,-0.08570512064442155
2021-09-29,12473.494201839208,-0.003507931069373823
2021-09-30,12313.36279444577,-0.012837734543527327
2021-10-01,12570.839045240264,0.02091031143097914
2021-10-04,11756.686703047057,-0.06476515523452438
2021-10-05,12249.38656822137,0.0419080543369944
2021-10-06,12481.628433485943,0.018959469029010603
2021-10-07,12812.592613775394,0.02651610581529062
2021-10-08,12615.877457715578,-0.015353267054500701
2021-10-11,12343.649356936772,-0.02157821377793407
2021-10-12,12214.082459856445,-0.010496644333753144
2021-10-13,12495.55218128398,0.023044688158331238
2021-10-14,13200.799880372488,0.05643989868209578
2021-10-15,13449.798647959331,0.018862399994190166
2021-10-18,13861.093035357662,0.03057996615144387
2021-10-19,14159.969536445496,0.02156226066194358
2021-10-20,14099.698184337722,-0.004256460577308903
2021-10-21,14377.385888348555,0.019694584974825593
2021-10-22,14003.208557416685,-0.026025407806234455
2021-10-25,14439.727226556284,0.031172760681936716
2021-10-26,14566.622708003844,0.008787941728856536
2021-10-27,14676.287017356884,0.007528465008761663
2021-10-28,15184.129715709274,0.0346029413128667
2021-10-29,15393.32102464397,0.013776970616779637
2021-11-01,15554.31180183269,0.010458482411364031
2021-11-02,15751.93153512118,0.012705141558574542
2021-11-03,16261.280365934104,0.03233564275449392
2021-11-04,16871.33707197577,0.03751590848403774
2021-11-05,16912.499472310465,0.0024397829383107365
2021-11-08,16841.512814484835,-0.004197289581108385
2021-11-09,16482.94161266724,-0.021290914050737807
2021-11-10,15768.896023445493,-0.04332027656234609
2021-11-11,15908.133911986337,0.008829907200467313
2021-11-12,16406.947665968597,0.03135589357884516
2021-11-15,16375.613669886843,-0.001909800452813575
2021-11-16,16742.195328624548,0.022385827250664205
2021-11-17,16737.43256194121,-0.000284476831732918
2021-11-18,17276.419299014586,0.03220247401019932
2021-11-19,17561.067388430725,0.01647610448030606
2021-11-22,16951.08161786814,-0.03473511928804764
2021-11-23,16721.02662767392,-0.013571699752287095
2021-11-24,16909.424842339322,0.01126714398944833
2021-11-26,15849.715758884346,-0.06266972965287279
2021-11-29,16959.735955361346,0.07003407590163203
2021-11-30,16143.255160754066,-0.04814230579746573
2021-12-01,15368.758587954288,-0.04797648089479882
2021-12-02,15697.441766650287,0.0213864494529581
2021-12-03,14877.062403933282,-0.052261978411025395
2021-12-06,15259.29942998356,0.025693044478271476
2021-12-07,16644.955365805472,0.09080731013765853
2021-12-08,16855.494779200904,0.012648842172803439
2021-12-09,16101.0050935619,-0.04476223899223765
2021-12-10,16647.043823362532,0.03391333190863784
2021-12-13,15885.727693841309,-0.045732812239779645
2021-12-14,15389.381205065369,-0.031244806554777266
2021-12-15,16476.768068026337,0.07065825769544652
2021-12-16,15185.610036251706,-0.07836233577142844
2021-12-17,15006.61335299249,-0.011787256674701173
2021-12-20,14512.654309798436,-0.03291609049789723
2021-12-21,15512.220149125596,0.06887546674713316
2021-12-22,16076.991619545994,0.03640816498160848
2021-12-23,16459.205960571573,0.023773996408687065
2021-12-27,17246.136036208813,0.04781093799557216
2021-12-28,17000.414402860264,-0.014247923873072202
2021-12-29,17008.162949662685,0.00045578576020564106
2021-12-30,16817.08847095016,-0.011234280814337895
2021-12-31,16482.779209390577,-0.019879140324264
2022-01-03,17032.763836458726,0.03336722649022748
2022-01-04,16344.700782226477,-0.04039644187160312
2022-01-05,14814.281146510866,-0.0936339952689631
2022-01-06,14795.748014812567,-0.0012510314550540267
2022-01-07,14307.747429572011,-0.032982488262979344
2022-01-10,14367.689398499042,0.00418947631149405
2022-01-11,15001.31125772597,0.04410047027416404
2022-01-12,15174.072001994102,0.011516376222055624
2022-01-13,14001.640247202839,-0.0772654666879917
2022-01-14,14315.589057035166,0.022422287981227546
2022-01-18,13211.214107510768,-0.07714491839102293
2022-01-19,12786.310022662576,-0.03216237973212691
2022-01-20,12272.583988196508,-0.040177817803223444
2022-01-21,11260.269063293325,-0.08248588283256444
2022-01-24,11425.79657641035,0.01470013835252119
2022-01-25,10573.905708651706,-0.07455855371322248
2022-01-26,10626.589800931368,0.004982462841195403
2022-01-27,10244.666979184403,-0.035940299654127095
2022-01-28,11235.312440015434,0.09669864943817812
2022-01-31,12342.959162732672,0.09858619674627546
2022-02-01,12564.887093537729,0.017980123557009644
2022-02-02,12865.824614708863,0.02395067452105567
2022-02-03,11237.307771265609,-0.12657695034809127
2022-02-04,11686.21311578501,0.03994776628502398
2022-02-07,11391.46698201437,-0.025221697640659742
2022-02-08,11803.389040792303,0.03616058049663864
2022-02-09,12547.232037841939,0.06301944250748058
2022-02-10,11668.573763273595,-0.07002805654014747
2022-02-11,10592.747808871942,-0.09219858195418662
2022-02-14,10624.68322278235,0.003014837555526493
2022-02-15,11411.19887038584,0.07402720919876235
2022-02-16,11370.63236540345,-0.0035549730964437067
2022-02-17,10361.439644440192,-0.08875431801258925
2022-02-18,10005.36046116228,-0.03436580200213595
2022-02-22,9706.330005695661,-0.029887024723133423
2022-02-23,8947.967649629642,-0.07813069982382781
2022-02-24,9872.15523628823,0.10328463656178304
2022-02-25,10326.428276380864,0.04601558922238275
2022-02-28,10431.7210013298,0.010196432118718988
2022-03-01,9921.861683951562,-0.04887585828965744
2022-03-02,10426.726362444786,0.05088406738322457
2022-03-03,9968.577747630812,-0.04393983297232621
2022-03-04,9547.70967411833,-0.04221947043674378
2022-03-07,8473.706979445598,-0.1124879925480043
2022-03-08,8374.62758408399,-0.011692568034502639
2022-03-09,9273.092765327341,0.1072841952937572
2022-03-10,8966.731309179062,-0.03303767835622036
2022-03-11,8394.11940502968,-0.0638596032829945
2022-03-14,7910.25445939076,-0.05764332412867418
2022-03-15,8659.266781395734,0.09468877718791653
2022-03-16,9620.694987102348,0.11102882379974978
2022-03-17,9955.024309296257,0.03475105724088702
2022-03-18,10592.44763099076,0.06403031292442546
2022-03-21,10494.55847245767,-0.009241410667605547
2022-03-22,11103.591414922419,0.05803321255135414
2022-03-23,10633.227974267305,-0.04236137868176411
2022-03-24,11335.352401233256,0.06603116463458801
2022-03-25,11308.805234661304,-0.002341979819618507
2022-03-28,11843.764848549525,0.04730469778085651
2022-03-29,12440.649086026438,0.050396495127139694
2022-03-30,12029.399454702041,-0.03305692721341366
2022-03-31,11470.98776341943,-0.04642057929702705
2022-04-01,11523.336720663008,0.004563596293818378
2022-04-04,12216.369908648521,0.06014171110202857
2022-04-05,11396.599193863742,-0.06710428064268319
2022-04-06,10653.989341724266,-0.06516065358684532
2022-04-07,10726.26352014897,0.006783766728736708
2022-04-08,10272.994008814047,-0.04225791306389869
2022-04-11,9547.05450938785,-0.07066484209017877
2022-04-12,9444.46937279517,-0.010745213247897975
2022-04-13,10007.288880168973,0.05959249642918065
2022-04-14,9322.648182345136,-0.06841420348927486
2022-04-18,9356.863875940491,0.003670168918328558
2022-04-19,9960.9469878759,0.06456042536738192
2022-04-20,9515.401237373331,-0.044729256268994357
2022-04-21,8948.0483702967,-0.05962469189930302
2022-04-22,8236.434640503157,-0.07952725559193037
2022-04-25,8561.932289920014,0.039519241470842584
2022-04-26,7568.064477085067,-0.11607984963920245
2022-04-27,7556.756623906938,-0.0014941539164163415
2022-04-28,8345.775518626426,0.10441237345441397
2022-04-29,7226.778084092244,-0.13407950310151043
2022-05-02,7598.943747753061,0.05149814472372374
2022-05-03,7623.212014124377,0.0031936367970209654
2022-05-04,8401.868268261189,0.10214280446275258
2022-05-05,7125.742496741709,-0.15188595331114144
2022-05-06,6864.322805909298,-0.036686659804497146
2022-05-09,6043.122125612218,-0.11963316754132428
2022-05-10,6278.176633897597,0.03889620355166419
2022-05-11,5700.864293666507,-0.09195541538510113
2022-05-12,5669.168558189153,-0.005559812309962737
2022-05-13,6298.158085865481,0.110949166746462
2022-05-16,6078.225506960379,-0.03492014266816849
2022-05-17,6555.402618204127,0.07850599006195419
2022-05-18,5560.023889020279,-0.1518409756282116
2022-05-19,5486.1922447291245,-0.013279015659798613
2022-05-20,5430.5780760592515,-0.010137116270999101
2022-05-23,5703.547101136489,0.05026518747251299
2022-05-24,5327.389347928091,-0.0659515467371953
2022-05-25,5563.625622042392,0.0443437223536471
2022-05-26,6028.609997366307,0.08357578437371922
2022-05-27,6624.519772556917,0.09884696065111909
2022-05-31,6562.108519044291,-0.009421249487574062
2022-06-01,6415.940274965751,-0.022274585013999162
2022-06-02,6944.220261486306,0.08233866960729698
2022-06-03,6386.779294749009,-0.08027409064613762
2022-06-06,6464.998237073178,0.012247008815300341
2022-06-07,6637.287154942706,0.026649491856246224
2022-06-08,6485.850853929799,-0.022815993564499416
2022-06-09,5952.989982534454,-0.0821574352226252
2022-06-10,5316.806060826731,-0.10686796443035017
2022-06-13,4582.35400302481,-0.13813783113385147
2022-06-14,4610.6774482055835,0.006180981469803115
2022-06-15,4955.469622638354,0.0747812394829221
2022-06-16,4357.52473316257,-0.12066361717649488
2022-06-17,4520.009238147093,0.0372882576541561
2022-06-21,4857.41111748409,0.07464628091674204
2022-06-22,4833.224593907257,-0.004979303376190209
2022-06-23,5046.870296710772,0.04420355368398058
2022-06-24,5575.024608850351,0.10464986835183711
2022-06-27,5439.6701432429345,-0.02427872074188532
2022-06-28,4936.044760024744,-0.09258380930391252
2022-06-29,4961.96924589333,0.005252076739363972
2022-06-30,4764.495892645516,-0.03979737548983166
2022-07-01,4866.189733891967,0.021344092541548093
2022-07-05,5110.335923707264,0.05017194214908458
2022-07-06,5204.7860653867765,0.01848217868444834
2022-07-07,5542.485762064112,0.0648825316612203
2022-07-08,5565.169346313651,0.004092673436312207
2022-07-11,5199.235498991915,-0.06575430585308759
2022-07-12,5047.459902924713,-0.02919190640559179
2022-07-13,5026.087903449456,-0.004234208866696152
2022-07-14,5077.194904122398,0.010168345969012497
2022-07-15,5355.597858897472,0.05483400973026007
2022-07-18,5212.839835052626,-0.02665585199002137
2022-07-19,5702.372917837735,0.09390909720520267
2022-07-20,5967.91320136257,0.046566628901837014
2022-07-21,6226.410374991185,0.04331449954225126
2022-07-22,5896.228993115819,-0.05302917122224415
2022-07-25,5798.585041559003,-0.01656040694328889
2022-07-26,5457.634047279152,-0.05879899869299552
2022-07-27,6154.507051543092,0.12768774861542043
2022-07-28,6324.871129020302,0.027681189744432316
2022-07-29,6667.983331985498,0.05424809390833279
2022-08-01,6656.277772279437,-0.0017554872475325804
2022-08-02,6595.62059299856,-0.009112777644810577
2022-08-03,7134.755789265899,0.08174139016420175
2022-08-04,7227.8585246353605,0.013049183198327841
2022-08-05,7059.28637208483,-0.023322558400385253
2022-08-08,6980.838550828145,-0.011112712691030284
2022-08-09,6740.332795621913,-0.034452272954758646
2022-08-10,7315.5239394898435,0.08533571877067218
2022-08-11,7173.68473838496,-0.01938879597389093
2022-08-12,7616.909478552914,0.06178480883002103
2022-08-15,7786.8764664321125,0.02231442927840728
2022-08-16,7731.999199691897,-0.007047404306050342
2022-08-17,7452.178750554832,-0.03618992215470164
2022-08-18,7510.258728559253,0.007793690939055508
2022-08-19,7071.146081795012,-0.05846837807257253
2022-08-22,6506.076766148673,-0.07991198443787426
2022-08-23,6492.633649585154,-0.002066240077809211
2022-08-24,6546.979376538713,0.0083703670785478
2022-08-25,6889.979451710921,0.05239058433593963
2022-08-26,6043.0560203224595,-0.12292103878164005
2022-08-29,5868.704203310175,-0.02885159701084172
2022-08-30,5668.8082029905145,-0.034061352113625334
2022-08-31,5571.266053025431,-0.017206817812891694
2022-09-01,5574.627109082428,0.0006032840695468016
2022-09-02,5334.419523704378,-0.04308944449157744
2022-09-06,5218.53076990853,-0.021724716865795194
2022-09-07,5541.723451220057,0.06193173817717896
2022-09-08,5625.366005211745,0.015093238543556934
2022-09-09,5991.039770372454,0.06500443967946663
2022-09-12,6206.70948606896,0.03599871207049237
2022-09-13,5174.50202587174,-0.1663051029718763
2022-09-14,5304.354840954133,0.025094746206136834
2022-09-15,5032.854452127223,-0.05118443184281251
2022-09-16,4949.017980251732,-0.01665783754983337
2022-09-19,5063.594590590547,0.023151382920008443
2022-09-20,4934.160056174568,-0.025561788587202674
2022-09-21,4667.040639855843,-0.05413675545130588
2022-09-22,4503.114781164693,-0.03512415497119259
2022-09-23,4279.332892567612,-0.049694911072020655
2022-09-26,4214.108267973266,-0.01524177394743663
2022-09-27,4233.7983478746255,0.004672419085907493
2022-09-28,4483.919285536994,0.05907719667091111
2022-09-29,4098.683034002104,-0.08591507273056392
2022-09-30,3885.3882066611604,-0.05203984440159914
2022-10-03,4159.689165319314,0.0705980828860007
2022-10-04,4551.626000540842,0.09422262569261967
2022-10-05,4540.455392196955,-0.002454201716608505
2022-10-06,4437.122460945487,-0.022758274738047587
2022-10-07,3920.0538884241914,-0.1165324097030027
2022-10-10,3799.858337231683,-0.030661708898299177
2022-10-11,3658.2591287202663,-0.03726433881073998
2022-10-12,3652.3224856517013,-0.001622805509308419
2022-10-13,3904.1126720289867,0.06893974652196064
2022-10-14,3541.466634335829,-0.09288820998721052
2022-10-17,3909.2749978901934,0.10385763908893739
2022-10-18,3999.4927417269673,0.023077870931429413
2022-10-19,3951.627977599936,-0.011967708711571183
2022-10-20,3891.0044057854143,-0.015341416792818164
2022-10-21,4169.454383063309,0.07156249344356352
2022-10-24,4301.7142871504575,0.03172115388152449
2022-10-25,4572.248950611341,0.0628899655816263
2022-10-26,4261.704630542679,-0.06791938134233476
2022-10-27,4021.397600658553,-0.05638753755056124
2022-10-28,4403.502572776851,0.09501795397095865
2022-10-31,4242.195888618365,-0.036631449963424365
2022-11-01,4111.942024460683,-0.03070434925156285
2022-11-02,3693.728050589107,-0.10170716692593154
2022-11-03,3474.419125503208,-0.059373327457315765
2022-11-04,3636.583410443925,0.04667378318015399
2022-11-07,3756.8101700981947,0.03306036080706682
2022-11-08,3841.4033204172706,0.022517281014724434
2022-11-09,3568.3317078105024,-0.07108642072426441
2022-11-10,4369.70558507992,0.22457942335218992
2022-11-11,4607.959430479676,0.05452400413731717
2022-11-14,4471.764582301587,-0.0295564338690176
2022-11-15,4666.779222222744,0.043610220603514806
2022-11-16,4463.7194924606065,-0.043511749772774076
2022-11-17,4438.141012167662,-0.005730306381516014
2022-11-18,4438.190914304424,1.1243927722228131e-05
2022-11-21,4296.894188604975,-0.03183655873028021
2022-11-22,4487.993086936773,0.044473726823103216
2022-11-23,4618.630821571223,0.02910827447900895
2022-11-25,4521.575608839401,-0.0210138494461449
2022-11-28,4327.00019472499,-0.04303265740686239
2022-11-29,4232.4351854159295,-0.02185463486328098
2022-11-30,4813.571637551138,0.13730545812908865
2022-12-01,4827.628455496363,0.0029202469608151944
2022-12-02,4770.199274562118,-0.011895940514821594
2022-12-05,4522.247132252745,-0.05197940967196456
2022-12-06,4249.195766699434,-0.06037957625223633
2022-12-07,4191.344482401013,-0.013614643211262658
2022-12-08,4344.449555981006,0.03652886901156987
2022-12-09,4261.253568799369,-0.019149948942807134
2022-12-12,4419.0860927424355,0.03703898897233119
2022-12-13,4563.650539642297,0.03271365252133985
2022-12-14,4455.587416354064,-0.023679096887357896
2022-12-15,4004.959183073068,-0.10113778300633992
2022-12-16,3897.348492291376,-0.02686936017638036
2022-12-19,3731.524276569428,-0.0425479569122273
2022-12-20,3719.1220895915153,-0.0033236248939305752
2022-12-21,3883.7250707728617,0.04425855812639517
2022-12-22,3593.529475209472,-0.07472094195010587
2022-12-23,3622.262523866313,0.007995773752535093
2022-12-27,3460.649879410135,-0.04461649132036866
2022-12-28,3323.2046669126144,-0.0397165900298899
2022-12-29,3576.758162986168,0.0762978875776298
2022-12-30,3565.5889590237125,-0.0031227171235782454
2023-01-03,3488.2868076859017,-0.021680051241514016
2023-01-04,3537.7139045349377,0.014169447517942317
2023-01-05,3368.0967169719183,-0.0479454224225395
2023-01-06,3648.6944884627114,0.08331048514042196
2023-01-09,3713.6309497002408,0.01779717689240927
2023-01-10,3810.369197474354,0.026049504941227927
2023-01-11,4010.1664468824656,0.05243514185988697
2023-01-12,4069.4546464814593,0.014784473508595757
2023-01-13,4155.713965658234,0.02119677614575611
2023-01-17,4168.762783272254,0.0031399701042593283
2023-01-18,4008.8157056525524,-0.03836799691781731
2023-01-19,3887.0605698326826,-0.0303718466399419
2023-01-20,4219.967116171771,0.08564480546631104
2023-01-23,4493.2010357317895,0.0647478788431624
2023-01-24,4462.735317216533,-0.006780404053364351
2023-01-25,4425.575047876585,-0.008326792134991772
2023-01-26,4690.62320340721,0.059890105277459256
2023-01-27,4823.936206613092,0.028421170796461465
2023-01-30,4518.14721606485,-0.06338993250554144
2023-01-31,4732.7483827835285,0.047497603875242496
2023-02-01,5038.042246670994,0.06450667544423941
2023-02-02,5574.811156004012,0.10654315367992424
2023-02-03,5273.340030869828,-0.05407736992301583
2023-02-06,5132.651277880642,-0.026679249235892696
2023-02-07,5457.274787525036,0.06324674950027713
2023-02-08,5156.431113014268,-0.05512708929344676
2023-02-09,5013.8226624603885,-0.027656425040557795
2023-02-10,4920.006383312852,-0.018711527204573728
2023-02-13,5153.298234208251,0.04741698134511634
2023-02-14,5261.617376367799,0.021019381614770724
2023-02-15,5381.982440589882,0.022876057989829283
2023-02-16,5068.416911166274,-0.05826208704412641
2023-02-17,4964.203060447311,-0.02056142036961649
2023-02-21,4600.549469985184,-0.07325518034497147
2023-02-22,4606.296233817606,0.0012491472746710961
2023-02-23,4735.619203995218,0.02807526125397127
2023-02-24,4488.987577696178,-0.052080122086456834
2023-02-27,4584.976498047943,0.021383200262948456
2023-02-28,4566.019386342805,-0.004134614804069101
2023-03-01,4447.15292003464,-0.026032843106996086
2023-03-02,4564.895080110115,0.02647585144757217
2023-03-03,4843.445267169141,0.06102006336853362
2023-03-06,4853.814107422559,0.002140798477419047
2023-03-07,4674.759449833457,-0.036889475704330515
2023-03-08,4746.546862851552,0.015356386523942398
2023-03-09,4489.610193659603,-0.05413128251252326
2023-03-10,4302.617438411726,-0.04165010929277463
2023-03-13,4400.923573897983,0.022847984254567227
2023-03-14,4706.192438550019,0.06936472754550757
2023-03-15,4764.716949631912,0.01243563918094362
2023-03-16,5148.700103026615,0.08058886969652333
2023-03-17,5071.970099997097,-0.01490279128598151
2023-03-20,5120.31228861346,0.009531244795072768
2023-03-21,5337.76891667053,0.042469407293897005
2023-03-22,5117.46396340486,-0.041272853266021016
2023-03-23,5314.25839239306,0.038455459656478806
2023-03-24,5360.372620512974,0.008677453129852216
2023-03-27,5238.203932529435,-0.022791081261035035
2023-03-28,5159.468265804411,-0.015031042651102769
2023-03-29,5447.258370347689,0.05577902406158301
2023-03-30,5594.952148092986,0.027113415172166488
2023-03-31,5876.173737157897,0.050263448483784404
2023-04-03,5827.88167950606,-0.008218282816667448
2023-04-04,5762.307979109874,-0.011251721294682106
2023-04-05,5585.61272804738,-0.03066397209296495
2023-04-06,5707.575594166216,0.02183518121591497
2023-04-10,5687.286113130327,-0.003554833519266419
2023-04-11,5572.104950549792,-0.020252394602517845
2023-04-12,5421.4749888470715,-0.027032865145129505
2023-04-13,5750.640529401448,0.06071512664570573
2023-04-14,5709.975169677001,-0.0070714487397596296
2023-04-17,5716.660625985651,0.001170838070216679
2023-04-18,5720.658504769214,0.0006993381355175413
2023-04-19,5715.27149651641,-0.0009416762507871658
2023-04-20,5579.350123821499,-0.0237821375201086
2023-04-21,5597.097318828137,0.0031808713582724226
2023-04-24,5553.08509683289,-0.0078634012396379
2023-04-25,5237.529824515854,-0.05682521820114152
2023-04-26,5336.767610875765,0.018947440813682524
2023-04-27,5777.507032430342,0.08258546252911543
2023-04-28,5889.358468534171,0.019359809598843303
2023-05-01,5865.823333819929,-0.003996213652129732
2023-05-02,5707.755771172932,-0.026947208201045604
2023-05-03,5597.44385575057,-0.019326670559292946
2023-05-04,5534.612722730132,-0.011224968867867788
2023-05-05,5887.12644859543,0.06369257317997279
2023-05-08,5926.264153532179,0.006648014999930467
2023-05-09,5803.773993190999,-0.02066903485363088
2023-05-10,5995.918147738993,0.03310676032068397
2023-05-11,6051.036275591296,0.009192608453650714
2023-05-12,5982.3640105367285,-0.011348843723111984
2023-05-15,6076.7843242652825,0.01578311075057477
2023-05-16,6092.3396671360115,0.0025597984132191077
2023-05-17,6313.137097196553,0.03624181219763442
2023-05-18,6653.607197330434,0.05393041445038024
2023-05-19,6607.122789483037,-0.006986346874526609
2023-05-22,6668.860633526329,0.00934413450610669
2023-05-23,6411.3140211288,-0.03861928244575498
2023-05-24,6314.057768672268,-0.015169472612949457
2023-05-25,6777.682260822975,0.07342734405298264
2023-05-26,7301.064001233035,0.0772213450363944
2023-05-30,7380.847753453723,0.0109276883762715
2023-05-31,7223.468634779574,-0.021322634463027134
2023-06-01,7506.698168261859,0.03920963013788008
2023-06-02,7668.867159887414,0.02160323859978842
2023-06-05,7679.03445224982,0.0013257880401926529
2023-06-06,7679.739374177788,9.179825046385798e-05
2023-06-07,7274.688582704509,-0.05274277833375632
2023-06-08,7549.525144950973,0.03777983883734691
2023-06-09,7616.262896313435,0.008839993255350079
2023-06-12,8013.390574509877,0.05214206542012446
2023-06-13,8201.017686937721,0.023414197858354035
2023-06-14,8372.186296191012,0.02087163030094682
2023-06-15,8671.144298675401,0.035708474693211395
2023-06-16,8495.12185947858,-0.02029979356054644
2023-06-20,8463.840784908285,-0.003682239653265613
2023-06-21,8120.317348066525,-0.04058718087588438
2023-06-22,8404.93380947794,0.035049918520633064
2023-06-23,8150.104487785208,-0.030319015886284547
2023-06-26,7811.917921923321,-0.041494752167746674
2023-06-27,8219.933058221,0.05222982888141038
2023-06-28,8248.78186585366,0.0035096158847433695
2023-06-29,8206.1228909029,-0.005171548435211986
2023-06-30,8598.444882920603,0.047808447086823566
2023-07-03,8642.457905610934,0.005118718941579281
2023-07-05,8630.010121174815,-0.0014403060532164646
2023-07-06,8433.285486683657,-0.02279541179314148
2023-07-07,8343.103911930404,-0.010693528031945823
2023-07-10,8351.830969914743,0.001046020531023118
2023-07-11,8472.127123531642,0.0144035666011722
2023-07-12,8786.457851674128,0.03710174830467555
2023-07-13,9240.290305609165,0.05165135502796114
2023-07-14,9226.75308445547,-0.0014650211958685691
2023-07-17,9482.842472657901,0.027755092810912214
2023-07-18,9712.473312812801,0.02421540174446626
2023-07-19,9682.592331174163,-0.0030765573995678295
2023-07-20,9019.08495210669,-0.0685257993286816
2023-07-21,8946.244396419903,-0.008076268942313643
2023-07-24,8978.7995964903,0.003638979512277378
2023-07-25,9174.414861084932,0.02178634933238677
2023-07-26,9062.30926716027,-0.01221937263815922
2023-07-27,8999.954020309407,-0.00688072377719702
2023-07-28,9497.151774125452,0.0552444771044453
2023-07-31,9501.41078111775,0.00044845097704988434
2023-08-01,9428.63702645079,-0.007659257803228964
2023-08-02,8801.470663755548,-0.06651718174491283
2023-08-03,8769.84770037575,-0.0035929181142442847
2023-08-04,8633.05719475922,-0.015597819972480378
2023-08-07,8852.335383994046,0.0253998304758066
2023-08-08,8617.905608951056,-0.026482251843605458
2023-08-09,8325.83400971015,-0.033891250669715364
2023-08-10,8368.741740497226,0.005153565485095455
2023-08-11,8199.540384127327,-0.020218255218835867
2023-08-14,8484.310528649718,0.034730013047273786
2023-08-15,8201.191142677344,-0.03336975762689735
2023-08-16,7935.544878973199,-0.03239118063250288
2023-08-17,7676.570709243366,-0.032634705452430406
2023-08-18,7641.942585817188,-0.004510884447984255
2023-08-21,8013.851500731663,0.04866680307238969
2023-08-22,7967.32790771559,-0.00580539744364179
2023-08-23,8348.772634003963,0.0478761174017927
2023-08-24,7798.4914453590945,-0.06591162710595463
2023-08-25,7994.645336694907,0.025152799449763254
2023-08-28,8166.565927039405,0.021504467440900035
2023-08-29,8692.135154613057,0.06435620948500498
2023-08-30,8835.724825662275,0.01651949359910857
2023-08-31,8899.880941794012,0.007260990739028404
2023-09-01,8880.19544611658,-0.0022118830359839753
2023-09-05,8901.705891090669,0.002422294093031
2023-09-06,8664.037095681113,-0.02669924150689228
2023-09-07,8471.052912609892,-0.022274163988450685
2023-09-08,8505.212810742989,0.004032544535549498
2023-09-11,8802.504832754932,0.03495409563843372
2023-09-12,8506.44550054461,-0.03363353248142017
2023-09-13,8602.562345565006,0.011299295929685385
2023-09-14,8811.318849200323,0.024266781831920138
2023-09-15,8345.455551057132,-0.052871006726248684
2023-09-18,8377.378301278508,0.0038251656876097566
2023-09-19,8319.048119669393,-0.006962820528256789
2023-09-20,7953.503220413756,-0.04394071220616564
2023-09-21,7512.221557197608,-0.055482678636948154
2023-09-22,7520.970728952843,0.001164658375504482
2023-09-25,7619.706244296765,0.013128028136558079
2023-09-26,7272.6438721802,-0.045547998963389964
2023-09-27,7322.421405540512,0.0068444893267391015
2023-09-28,7505.425029347997,0.02499222779899227
2023-09-29,7522.751513853929,0.002308528089772457
2023-10-02,7705.041168236007,0.024231779295962763
2023-10-03,7279.5587076220245,-0.055221309182361275
2023-10-04,7593.6454810071,0.043146402962065906
2023-10-05,7510.096455671036,-0.011002492221296572
2023-10-06,7890.919392756553,0.050708128628354596
2023-10-09,8002.187250594613,0.014100746985224349
2023-10-10,8134.905408134161,0.016585235184253637
2023-10-11,8309.753693415176,0.021493585543869233
2023-10-12,8214.528278464919,-0.011459475029412226
2023-10-13,7905.878616991904,-0.037573631864189494
2023-10-16,8181.207868302775,0.034825889018724895
2023-10-17,8097.232607244451,-0.01026440868024848
2023-10-18,7753.565154911925,-0.04244258118817701
2023-10-19,7554.954329738524,-0.025615419643127572
2023-10-20,7212.4279888622905,-0.04533797636975112
2023-10-23,7272.662826289543,0.008351533979995275
2023-10-24,7481.585273580842,0.02872709106437292
2023-10-25,6925.453989305839,-0.07433334833980008
2023-10-26,6530.775820422997,-0.05698950126479749
2023-10-27,6627.61647108513,0.014828353219428209
2023-10-30,6840.383263967688,0.03210306356905443
2023-10-31,6945.086500272112,0.015306633015134853
2023-11-01,7312.343496008787,0.05288011829979154
2023-11-02,7691.530941990488,0.05185580329871939
2023-11-03,7968.0119901666085,0.0359461660183571
2023-11-06,8050.140443752893,0.010307270331374895
2023-11-07,8273.078093553666,0.027693634832641725
2023-11-08,8299.067626950797,0.003141458729536338
2023-11-09,8093.3245126992415,-0.02479111190556099
2023-11-10,8636.903070566117,0.067163815934224
2023-11-13,8553.488266420045,-0.009657953026049782
2023-11-14,9097.867065624072,0.06364406920872175
2023-11-15,9103.850806689199,0.0006577081223507458
2023-11-16,9129.313256597974,0.0027968878718955203
2023-11-17,9135.497290604659,0.0006773821680634348
2023-11-20,9456.204270669803,0.03510558537354867
2023-11-21,9288.580664810104,-0.017726309739269655
2023-11-22,9404.910123248359,0.012523921860200809
2023-11-24,9366.300943563223,-0.004105215167308903
2023-11-27,9324.456771957168,-0.004467523717013686
2023-11-28,9407.165848127806,0.008870122752821665
2023-11-29,9364.704471561261,-0.004513726796365153
2023-11-30,9292.680125342891,-0.007691043154334938
2023-12-01,9377.38477823607,0.009115201615750454
2023-12-04,9093.059891673642,-0.03032027513921752
2023-12-05,9156.427654197889,0.00696880514141038
2023-12-06,8999.151170981944,-0.017176620528841117
2023-12-07,9397.919094595152,0.0443117262991479
2023-12-08,9505.151602244383,0.01141023949768839
2023-12-11,9741.373991354023,0.02485203803102562
2023-12-12,9977.816392006624,0.02427197650582502
2023-12-13,10356.388134222894,0.037941341806965914
2023-12-14,10307.910850390883,-0.00468090643221623
2023-12-15,10465.57830918596,0.015295772449283153
2023-12-18,10659.03552486143,0.018485095611550626
2023-12-19,10813.350387147528,0.014477375736872978
2023-12-20,10313.562447476092,-0.046219526953040595
2023-12-21,10691.015642026228,0.03659775140475389
2023-12-22,10726.75383548719,0.00334282491557454
2023-12-26,10910.47284033499,0.01712717637278156
2023-12-27,10962.857282682326,0.004801299000871348
2023-12-28,10944.067012217673,-0.0017139938959468575
2023-12-29,10800.54674315131,-0.013113979374042697
2024-01-02,10247.323666804163,-0.0512217658516176
2024-01-03,9918.880406597917,-0.03205161375649979
2024-01-04,9759.32227916669,-0.016086304188635152
2024-01-05,9800.118120913452,0.0041801920850435
2024-01-08,10413.217527775056,0.0625604099151876
2024-01-09,10464.849346291987,0.00495829635549361
2024-01-10,10677.618685323683,0.020331810998032926
2024-01-11,10728.219212462138,0.004738933710753714
2024-01-12,10748.682462735358,0.001907422832062338
2024-01-16,10734.287545042487,-0.00133922624868462
2024-01-17,10551.073965316828,-0.01706807079248353
2024-01-18,11013.857514583011,0.04386127429183332
2024-01-19,11656.645683687217,0.05836176546256512
2024-01-22,11681.46442213544,0.0021291492528553472
2024-01-23,11827.997973730722,0.012544108024470951
2024-01-24,12019.073638490734,0.016154522953451746
2024-01-25,12052.683222396452,0.002796353938467071
2024-01-26,11851.715644921022,-0.01667409437111816
2024-01-29,12201.006831115348,0.029471782538422187
2024-01-30,11949.419578299407,-0.020620204242025052
2024-01-31,11250.273997140828,-0.05850874819294594
2024-02-01,11656.215516221482,0.03608281177719043
2024-02-02,12254.29842221794,0.05131021343626761
2024-02-05,12183.743627517528,-0.005757554799913508
2024-02-06,12097.211335947968,-0.007102274490914543
2024-02-07,12470.92534625043,0.030892575150103983
2024-02-08,12527.18918307904,0.004511600804789197
2024-02-09,12903.020389362626,0.03000123976663774
2024-02-12,12722.010386169004,-0.014028498578739588
2024-02-13,12116.633528867986,-0.047584999455680815
2024-02-14,12541.717805222434,0.035082704725011286
2024-02-15,12619.23281397477,0.006180573503261255
2024-02-16,12277.379861005678,-0.027089836443188266
2024-02-20,11974.464685104813,-0.02467262390919064
2024-02-21,11834.071729047386,-0.011724361777279507
2024-02-22,12899.231045550558,0.09000784690941827
2024-02-23,12751.985206489106,-0.011415086569229472
2024-02-26,12733.815784962064,-0.0014248308191100619
2024-02-27,12811.15715616212,0.006073699549776151
2024-02-28,12601.64441545436,-0.01635392792031945
2024-02-29,12956.84487318674,0.028186833878344326
2024-03-01,13511.856510299305,0.04283540032659682
2024-03-04,13333.00638233389,-0.013236532509732377
2024-03-05,12608.702442948157,-0.0543241275535148
2024-03-06,12858.701505779063,0.019827501201023764
2024-03-07,13456.049297537285,0.04645475217616317
2024-03-08,12836.161370888636,-0.04606760223166692
2024-03-11,12684.38287757496,-0.011824289904760529
2024-03-12,13248.249411547305,0.044453604043222246
2024-03-13,12916.499162490838,-0.02504106306809954
2024-03-14,12798.367682105543,-0.009145781600663566
2024-03-15,12355.100015292373,-0.03463470325461414
2024-03-18,12714.240454577412,0.029068193607539795
2024-03-19,12811.316432553274,0.007635216458480173
2024-03-20,13251.429358470505,0.0343534505789673
2024-03-21,13423.245857216947,0.012965884215095324
2024-03-22,13461.968908026074,0.0028847755022163054
2024-03-25,13315.055024437941,-0.010913253818358115
2024-03-26,13166.526333029413,-0.011154943868870565
2024-03-27,13315.898814866032,0.01134486637237832
2024-03-28,13255.60819218876,-0.004527717093341348
2024-04-01,13326.968822471694,0.005383429356714465
2024-04-02,12949.170257486947,-0.0283484241628682
2024-04-03,13028.449067314108,0.0061223080900742665
2024-04-04,12419.704053884709,-0.04672428853842814
2024-04-05,12895.418507029663,0.03830320360944182
2024-04-08,12868.607716604758,-0.0020790942465566545
2024-04-09,13014.250546641242,0.01131768356327749
2024-04-10,12671.13352768945,-0.026364715949036832
2024-04-11,13293.540239922108,0.04912004998389065
2024-04-12,12627.122107725208,-0.05013097490731368
2024-04-15,11993.963290339927,-0.050142765072171
2024-04-16,12005.007833000802,0.0009208417929518596
2024-04-17,11554.790100643411,-0.03750249384425874
2024-04-18,11355.272163080093,-0.01726711916231241
2024-04-19,10654.089128586678,-0.06174955777574432
2024-04-22,10971.529743415416,0.029795190466071094
2024-04-23,11467.27725302661,0.045184903218142274
2024-04-24,11573.513467155319,0.00926429280330432
2024-04-25,11380.008173807868,-0.016719667186339087
2024-04-26,11941.014402816074,0.04929752425832289
2024-04-29,12062.793053811341,0.010198350566141856
2024-04-30,11363.900635335262,-0.057937860274844
2024-05-01,11122.465149361204,-0.02124582867464811
2024-05-02,11549.468031092645,0.0383910289668084
2024-05-03,12236.603849682999,0.05949501888229798
2024-05-06,12643.988022146385,0.03329225800457208
2024-05-07,12636.55531845732,-0.0005878448853357385
2024-05-08,12620.074134572082,-0.0013042465664014123
2024-05-09,12676.650422821562,0.004483039294871513
2024-05-10,12773.84453329895,0.007667176046947837
2024-05-13,12843.767943773879,0.005473951893860342
2024-05-14,13103.612248076557,0.020231158445107065
2024-05-15,13688.114936715157,0.04460622594539891
2024-05-16,13599.44626411901,-0.006477785509991237
2024-05-17,13570.444626957755,-0.0021325601497299727
2024-05-20,13841.711435420839,0.019989529887930863
2024-05-21,13926.519454812997,0.006126989410798952
2024-05-22,13904.028118455699,-0.0016150005340727779
2024-05-23,13718.30799492001,-0.0133572891217885
2024-05-24,14123.799936682382,0.029558451516945746
2024-05-28,14248.071315215459,0.00879872124288016
2024-05-29,13944.126408889471,-0.02133235436584358
2024-05-30,13498.567618064906,-0.031953152012485934
2024-05-31,13490.986754656866,-0.0005616050252543354
2024-06-03,13621.857846008837,0.009700631520284999
2024-06-04,13736.988668566208,0.00845191778235322
2024-06-05,14573.67538854804,0.060907578812843255
2024-06-06,14538.396452073244,-0.002420730223106064
2024-06-07,14488.550569834002,-0.003428568095770534
2024-06-10,14646.916246680794,0.010930401635655528
2024-06-11,14955.617855911161,0.021076218640925553
2024-06-12,15547.655384810989,0.039586296908878806
2024-06-13,15811.735139435494,0.016985181886813104
2024-06-14,16008.817842661423,0.012464331174786337
2024-06-17,16590.96405186923,0.03636409726997218
2024-06-18,16602.322880521315,0.0006846394589594414
2024-06-20,16202.801526390766,-0.02406418409072678
2024-06-21,16071.325372826423,-0.008114408693471773
2024-06-24,15507.292960324781,-0.0350955754685493
2024-06-25,16044.725618336612,0.03465676823071863
2024-06-26,16162.899124004725,0.007365255628495084
2024-06-27,16252.319853148076,0.0055324684301558845
2024-06-28,15986.917781675162,-0.01633010387877066
2024-07-01,16290.76668042736,0.01900609629083597
2024-07-02,16779.457615835778,0.029998031706853858
2024-07-03,17215.03703302893,0.025959088020942284
2024-07-05,17732.23803330562,0.030043560132016086
2024-07-08,17843.76186932255,0.006289326581757866
2024-07-09,17874.84890205914,0.001742179309736094
2024-07-10,18453.61673230556,0.032378893573737855
2024-07-11,17206.785314511933,-0.06756569380845978
2024-07-12,17509.53392802773,0.017594722545905515
2024-07-15,17640.225432823434,0.0074640196211336945
2024-07-16,17666.53129309386,0.0014912428625474506
2024-07-17,16104.79002692438,-0.08840112641580007
2024-07-18,15871.48061400475,-0.014486957764092433
2024-07-19,15426.817741888844,-0.028016470733268625
2024-07-22,16127.654528459905,0.04542977030629338
2024-07-23,15956.577325353586,-0.01060769269359199
2024-07-24,14203.339821928283,-0.10987553707019397
2024-07-25,13748.167562424296,-0.03204684709445972
2024-07-26,14167.820264579068,0.030524264433737573
2024-07-29,14237.827939794972,0.0049413158770040344
2024-07-30,13644.570855606542,-0.04166766775782329
2024-07-31,14874.305137750256,0.0901262703794321
2024-08-01,13782.92005841506,-0.07337385304576773
2024-08-02,12795.652488751235,-0.07162978276588464
2024-08-05,11650.677732296812,-0.08948154519364918
2024-08-06,12004.882955145546,0.03040211316349797
2024-08-07,11582.590161081367,-0.035176752296712195
2024-08-08,12642.56758171806,0.0915147135394913
2024-08-09,12844.070753664115,0.015938469036735955
2024-08-12,12895.177508023682,0.003979015324638136
2024-08-13,13861.040039978709,0.07490106525125725
2024-08-14,13893.316617360757,0.002328582652452886
2024-08-15,14914.290771460248,0.07348671179232365
2024-08-16,14952.937328090076,0.002591243339829522
2024-08-19,15535.523848467707,0.03896134301875284
2024-08-20,15421.810980461229,-0.007319538698252053
2024-08-21,15664.55769490655,0.015740480463213594
2024-08-22,14871.497699236044,-0.05062766604181719
2024-08-23,15392.205295461046,0.035013796643477965
2024-08-26,14902.617063972619,-0.03180754297974439
2024-08-27,15048.178895642332,0.009767534859471919
2024-08-28,14512.659106862424,-0.03558701637544888
2024-08-29,14452.238374927085,-0.004163312284154
2024-08-30,15007.881392744635,0.038446848398344016
2024-09-03,13577.038560181412,-0.09533942833896221
2024-09-04,13493.629652495267,-0.006143380039500456
2024-09-05,13509.545636680237,0.0011795183797731206
2024-09-06,12416.573243635872,-0.08090371226673954
2024-09-09,12892.00183079883,0.03828983873683815
2024-09-10,13237.894935124483,0.026830053925319647
2024-09-11,14095.641396845758,0.06479477786497546
2024-09-12,14500.664751804403,0.028733942894523145
2024-09-13,14702.193309345592,0.013897884061909106
2024-09-16,14484.916993287825,-0.014778496751205964
2024-09-17,14502.389805661292,0.0012062763205039377
2024-09-18,14302.140769271928,-0.013808002617002758
2024-09-19,15397.433533953948,0.07658243492017992
2024-09-20,15281.246390751108,-0.00754587723639964
2024-09-23,15411.036490174134,0.008493423645179903
2024-09-24,15623.14039128256,0.013763117181875612
2024-09-25,15684.706210406368,0.003940681423957505
2024-09-26,16017.73272100667,0.021232562863010333
2024-09-27,15758.530255098956,-0.016182219445313884
2024-09-30,15870.386173880725,0.007098118731318563
2024-10-01,15184.556611555528,-0.043214421804929036
2024-10-02,15248.423088770658,0.004206015285723059
2024-10-03,15223.474283784628,-0.0016361563973393604
2024-10-04,15777.519906404143,0.03639416418955431
2024-10-07,15212.848932869465,-0.035789590308517145
2024-10-08,15916.947269455964,0.046283134716811586
2024-10-09,16295.709336122689,0.023796150119411132
2024-10-10,16226.49464921521,-0.004247417861955286
2024-10-11,16295.311840394546,0.004241038663434632
2024-10-14,16686.672275414316,0.024016750268603258
2024-10-15,15998.85344114603,-0.0412196526015376
2024-10-16,16028.927293497698,0.0018797504747636155
2024-10-17,16064.158500173902,0.0021979765726739663
2024-10-18,16379.299242799145,0.01961763155049989
2024-10-21,16458.18142074301,0.004815967812453492
2024-10-22,16508.076012989615,0.0030315981438703006
2024-10-23,15734.742750081672,-0.04684575369652013
2024-10-24,16121.300051193326,0.02456711922472631
2024-10-25,16402.30169230918,0.017430457855354835
2024-10-28,16388.375291269287,-0.0008490516331879741
2024-10-29,16866.657360769896,0.029184227295271082
2024-10-30,16461.454343474295,-0.02402390756084614
2024-10-31,15253.021121797065,-0.07340986989744817
2024-11-01,15577.751868198287,0.021289601830890643
2024-11-04,15404.484260071682,-0.011122760818929723
2024-11-05,16011.649331773253,0.039414826322705224
2024-11-06,17323.162117801672,0.08190991189307865
2024-11-07,18119.917028718726,0.04599361857257516
2024-11-08,18155.84750780327,0.001982927351576655
2024-11-11,18115.659927208468,-0.0022134786369808436
2024-11-12,18019.19771643821,-0.005324796952352567
2024-11-13,17926.09502472076,-0.005166861099066466
2024-11-14,17565.256570920275,-0.020129227994321784
2024-11-15,16293.83478283948,-0.07238276212746395
2024-11-18,16629.96806612656,0.020629476594490326
2024-11-19,16979.21585803985,0.021001110196036298
2024-11-20,16932.132325777864,-0.0027730098171578252
2024-11-21,17109.22415704816,0.010458920817710026
2024-11-22,17192.909491995622,0.00489124078212455
2024-11-25,17251.870284129753,0.0034293667492160578
2024-11-26,17541.362424875235,0.016780333724847826
2024-11-27,17088.490042389712,-0.02581740069649936
2024-11-29,17539.77446326021,0.0264086774051449
2024-12-02,18116.196872187556,0.03286372981219057
2024-12-03,18278.10984365464,0.008937470298507173
2024-12-04,18953.209896815468,0.03693489419504673
2024-12-05,18771.106676877804,-0.009608041114358238
2024-12-06,19284.53729128027,0.027352176045907187
2024-12-09,18785.420734297597,-0.025881697312403456
2024-12-10,18590.049932049777,-0.010400129175234392
2024-12-11,19618.679563630958,0.05533226835543879
2024-12-12,19211.88845357127,-0.020734887316972806
2024-12-13,19647.25602574325,0.02266136268821852
2024-12-16,20489.59534780008,0.042873127980474095
2024-12-17,20218.867131677584,-0.013212960604005477
2024-12-18,18031.192276268146,-0.10819967514312095
2024-12-19,17774.94498508064,-0.014211333741073029
2024-12-20,18221.98606472429,0.02515006825725027
2024-12-23,18758.62370510008,0.029450008274051868
2024-12-24,19524.872894164797,0.04084783623312354
2024-12-26,19436.801511721715,-0.004510727568905371
2024-12-27,18641.1927162562,-0.04093311314547871
2024-12-30,17909.379125623087,-0.039257873773008635
2024-12-31,17436.430825331387,-0.026407855737167942
2025-01-02,17338.200124078154,-0.005633647289244717
2025-01-03,18204.35493894633,0.04995644349872969
2025-01-06,18792.132825875968,0.03228776240086074
2025-01-07,17778.208301904997,-0.05395473379024014
2025-01-08,17794.978089055217,0.0009432776838612504
2025-01-10,16948.352979975527,-0.047576631162047155
2025-01-13,16785.94764932659,-0.009582366548585526
2025-01-14,16716.777087284205,-0.004120742152151266
2025-01-15,17874.539349669856,0.06925750438260705
2025-01-16,17501.19000362096,-0.020887214979097755
2025-01-17,18369.08364239405,0.04959055004794095
2025-01-21,18678.13406090072,0.016824487520619488
2025-01-22,19419.1547147093,0.039673162821963856
2025-01-23,19543.456151312294,0.006400970507168423
2025-01-24,19200.185756994295,-0.01756446718841746
2025-01-27,17479.03338022619,-0.0896424856796565
2025-01-28,18309.249775364562,0.04749784367810564
2025-01-29,18173.971751157762,-0.007388507222661804
2025-01-30,18416.854354453983,0.013364310598796078
2025-01-31,18336.314982324122,-0.004373134009738339
2025-02-03,17864.259242010477,-0.025744307990384102
2025-02-04,18538.824704985574,0.03776061765767229
2025-02-05,18770.796479357617,0.012512755153764505
2025-02-06,19068.810586725456,0.01587647640288291
2025-02-07,18322.511312605853,-0.03913716960611749
2025-02-10,18991.532376637697,0.03651361173244621
2025-02-11,18822.60596512143,-0.008894827872029323
2025-02-12,18886.239251549294,0.0033806841914332864
2025-02-13,19695.335512115984,0.04284051736241333
2025-02-14,19917.044932180364,0.011256950658595857
2025-02-18,20037.66958266665,0.006056352782103433
2025-02-19,20063.890923674484,0.0013086023252182433
2025-02-20,19768.403447164677,-0.014727326700183738
2025-02-21,18544.85111113224,-0.0618943426211754
2025-02-24,17860.51093472846,-0.03690189650500779
2025-02-25,17192.743483721588,-0.03738792543210213
2025-02-26,17301.373889053048,0.006318386907494494
2025-02-27,15868.914288729668,-0.08279455779114335
2025-02-28,16638.542945399415,0.048499137538120546
2025-03-03,15532.967634383738,-0.0664466422717243
2025-03-04,15363.53250739036,-0.010908097601279788
2025-03-05,15985.658485270418,0.04049368057644267
2025-03-06,14644.110909279667,-0.08392194648890357
2025-03-07,14967.358256514597,0.022073538587453385
2025-03-10,13246.893882235187,-0.11494776464848577
2025-03-11,13134.10221368118,-0.008514574779319795
2025-03-12,13577.202595814906,0.03373663269288173
2025-03-13,12804.581980916748,-0.056905729250612706
2025-03-14,13759.683696122333,0.07459062050045968
2025-03-17,13977.708856222545,0.015845215988624442
2025-03-18,13279.12502464531,-0.04997842198338842
2025-03-19,13794.668579861474,0.03882360880399454
2025-03-20,13668.384087242499,-0.009154586925222375
2025-03-21,13825.061406031646,0.011462753591727418
2025-03-24,14713.05231408424,0.06423052180189079
2025-03-25,14945.30614971832,0.015785564455021505
2025-03-26,14123.079370185265,-0.055015720072656565
2025-03-27,13868.745230614908,-0.018008405454923247
2025-03-28,12779.340965280138,-0.078551033076153
2025-03-31,12766.616525695641,-0.0009957038957696324
2025-04-01,13078.166222625081,0.02440346636106563
2025-04-02,13369.251237358429,0.02225732643080892
2025-04-03,11195.133908073913,-0.16262072502678848
2025-04-04,9155.356385054318,-0.18220215495131425
2025-04-07,9202.508725330214,0.005150246292199941
2025-04-08,8661.910980603823,-0.05874460550505936
2025-04-09,11784.445379021461,0.36049024348204123
2025-04-10,10302.302798279292,-0.12577109342631118
2025-04-11,10884.240563984957,0.056486183438799784
2025-04-14,11063.53527633741,0.01647287298534405
2025-04-15,11121.965063006852,0.005281294379239837
2025-04-16,10105.384508031859,-0.09140296244557328
2025-04-17,10104.323822004022,-0.00010496246105165168
2025-04-21,9350.329707496503,-0.07462093731255508
2025-04-22,10086.00681159265,0.07867926876485726
2025-04-23,10774.330029940893,0.06824536520807212
2025-04-24,11673.518852668072,0.08345658804105827
2025-04-25,12069.053268919726,0.0338830494252598
2025-04-28,12052.756482955296,-0.0013502953049679587
2025-04-29,12269.590182227279,0.017990382497034916
2025-04-30,12316.492421282534,0.003822641046576573
2025-05-01,12721.504964005304,0.03288375690654584
2025-05-02,13328.53549596491,0.047716880485222546
2025-05-05,13053.513126131968,-0.020634102667633852
2025-05-06,12704.83504884942,-0.026711435757820944
2025-05-07,12850.13748206038,0.011436782347214949
2025-05-08,13227.36703071342,0.029356071028786724
2025-05-09,13220.807625048947,-0.0004958965491198397
2025-05-12,14808.595401571307,0.12009763862791858
2025-05-13,15507.518471721334,0.04719712107711883
2025-05-14,15771.421899135552,0.017017772888386924
2025-05-15,15805.463322956904,0.002158424525008664
2025-05-16,16007.36169617028,0.01277396107206308
2025-05-19,16041.597705258313,0.0021387665086760356
2025-05-20,15859.934745990859,-0.011324492896858192
2025-05-21,15217.997645153628,-0.04047539356992015
2025-05-22,15284.816101734192,0.004390752196090831
2025-05-23,14854.605666327803,-0.028146261789670963
2025-05-27,15907.891547361374,0.07090635084451576
2025-05-28,15689.280519959977,-0.013742300590278969
2025-05-29,15787.550132719438,0.006263487521587905
2025-05-30,15733.824673519914,-0.0034030269894870643
2025-06-02,16058.827376259382,0.020656306364367317
2025-06-03,16438.89148712301,0.023666990245221765
2025-06-04,16571.042972975923,0.00803895359711023
2025-06-05,16168.737777554292,-0.02427760256718367
2025-06-06,16648.398815472476,0.029665954418783096
2025-06-09,16722.27014544431,0.004437143222637165
2025-06-10,17050.80301262323,0.01964642744803553
2025-06-11,16858.640415066344,-0.01127000279192846
2025-06-12,16977.131662458465,0.007028517393741181
2025-06-13,16318.013325509019,-0.0388238926371146
2025-06-16,17002.97509888129,0.04197580671793597
2025-06-17,16491.90336081897,-0.0300577831285503
2025-06-18,16490.342461585933,-9.464639701600246e-05
2025-06-20,16271.93228717753,-0.013244732480067524
2025-06-23,16782.227050622572,0.03136042815561363
2025-06-24,17549.040862629263,0.045692017495273074
2025-06-25,17657.9309594457,0.006204903029675991
2025-06-26,18153.9529283008,0.028090605291995727
2025-06-27,18361.56709739538,0.011436306457031677
2025-06-30,18705.699295117945,0.018741984052732686
2025-07-01,18205.318662997768,-0.026750169786529835
2025-07-02,18599.930999651922,0.02167566214900709
2025-07-03,19151.30167420017,0.029643694622230838
2025-07-07,18681.824087902794,-0.024514134562970153
2025-07-08,18719.69034011688,0.0020269033706726792
2025-07-09,19118.717043922694,0.021315881649531732
2025-07-10,19025.869343413895,-0.00485637714578312
2025-07-11,18900.80603501925,-0.006573329509273463
2025-07-14,19077.41636528104,0.009344063419018599
2025-07-15,19146.521396486438,0.003622347485750811
2025-07-16,19201.77903203232,0.0028860404666521348
2025-07-17,19633.577943852328,0.02248744301763324
2025-07-18,19590.30667749251,-0.002203941965318929
2025-07-21,19871.76814746095,0.014367384574525997
2025-07-22,19568.64559114222,-0.015253929799772699
2025-07-23,19816.70613455031,0.012676428843924434
2025-07-24,19960.615677551068,0.007262031440727277
2025-07-25,20092.153550992618,0.006589870551412284
2025-07-28,20298.986457563737,0.01029421291481703
2025-07-29,20170.282382831443,-0.006340418769250172
2025-07-30,20263.015377318203,0.004597506010411205
2025-07-31,19927.940174729916,-0.016536295134205983
2025-08-01,18753.294836047375,-0.05894464397138634
2025-08-04,19794.36545939434,0.05551401140165687
2025-08-05,19355.347630858065,-0.022178929121868685
2025-08-06,20099.777901463727,0.03846121933861965
2025-08-07,20288.834323797808,0.009405896088051362
2025-08-08,20862.237897353196,0.028262026511932842
2025-08-11,20626.684480868407,-0.011290898782947617
2025-08-12,21445.12003100782,0.0396784830300055
2025-08-13,21467.838829848715,0.0010593924775447736
2025-08-14,21419.1704132518,-0.002267038474746152
2025-08-15,21090.794384426263,-0.015330940577529251
2025-08-18,21083.984226596025,-0.00032289717049557333
2025-08-19,20202.69384979518,-0.041799043640392844
2025-08-20,19848.671413357337,-0.01752352627179129
2025-08-21,19571.10122633002,-0.01398432072589609
2025-08-22,20469.613739083365,0.04591016633977277
2025-08-25,20269.107212551644,-0.009795325358235069
2025-08-26,20524.252667128334,0.01258789802141324
2025-08-27,20626.738510400697,0.0049934019491244975
2025-08-28,20984.36425961556,0.017337968823065906
2025-08-29,20215.642130793876,-0.03663309115831011
2025-09-02,19723.80480345731,-0.024329542645957523
2025-09-03,20188.25049954438,0.02354746970552348
2025-09-04,20748.95657436688,0.027773881388838222
2025-09-05,20796.421082958484,0.0022875612285122365
2025-09-08,21075.04278648225,0.013397579439862316
2025-09-09,21277.479158062062,0.009605502282048133
2025-09-10,21299.028999992224,0.001012800518805639
2025-09-11,21679.121822070727,0.017845546953273787
2025-09-12,21945.31342320247,0.012278707750087131
2025-09-15,22484.41350787949,0.024565613362670664
2025-09-16,22426.164654518154,-0.0025906325437806948
2025-09-17,22282.020461608623,-0.006427500873649884
2025-09-18,22916.038045466375,0.028454223213292083
2025-09-19,23393.66919945381,0.02084265844906494
2025-09-22,23765.329698289992,0.015887225542406895
2025-09-23,23240.20209097413,-0.022096373750440764
2025-09-24,23018.771682785246,-0.009527903730014596
2025-09-25,22715.190062486185,-0.013188437006223906
2025-09-26,23008.709399770007,0.012921720508452528
2025-09-29,23299.18250160737,0.012624484789236782
2025-09-30,23489.955445416414,0.008187967272923874
2025-10-01,23830.878449472162,0.014513565376824725
2025-10-02,24091.532158986018,0.01093764588101586
2025-10-03,23775.85734564351,-0.01310314392871693
2025-10-06,24318.625524296785,0.022828542868622424
2025-10-07,23910.248873344026,-0.016792752145664988
2025-10-08,24761.852034221396,0.035616658169826176
2025-10-09,24643.821370988324,-0.004766633088266209
2025-10-10,22057.721184463415,-0.10493908990792186
2025-10-13,23489.73018857863,0.06492098581443062
2025-10-14,22998.853958104817,-0.020897482709805237
2025-10-15,23460.82993310713,0.020086912845477357
2025-10-16,23205.995605037526,-0.010862119063826803
2025-10-17,23655.597364212415,0.019374379226258658
2025-10-20,24566.718008950364,0.038516070032386766
2025-10-21,24521.604799349167,-0.0018363547619491384
2025-10-22,23790.766437995386,-0.029803855307756245
2025-10-23,24413.10841223801,0.02615897120694276
2025-10-24,25169.632630047283,0.030988442972302434
2025-10-27,26535.958442300696,0.0542846942717117
2025-10-28,27118.86195102573,0.021966551914545905
2025-10-29,27450.825469704247,0.012241056401187306
2025-10-30,26231.933561425485,-0.04440274153591391
2025-10-31,26604.34713893444,0.014196954892284262
2025-11-03,26944.437861701743,0.012783276394315054
2025-11-04,25267.6122429697,-0.0622327185795718
2025-11-05,25812.42741729175,0.021561798918045123
2025-11-06,24326.800510090114,-0.05755471514493887
2025-11-07,24118.492697226957,-0.008562893948045274
2025-11-10,25699.141851851156,0.06553681336835512
2025-11-11,25458.99306898755,-0.009344622643355196
2025-11-12,25406.099796548075,-0.0020775869766784818
2025-11-13,23836.795198852287,-0.06176881183112604
2025-11-14,23874.818700737927,0.0015951599855785516
2025-11-17,23265.36917448489,-0.025526875570962893
2025-11-18,22425.846119490783,-0.036084665095914764
2025-11-19,22799.144641759674,0.016645905812421057
2025-11-20,21168.05174400764,-0.07154184612542305
2025-11-21,21653.170850498205,0.0229175132580586
2025-11-24,23341.353391799883,0.077964680228939
2025-11-25,23743.997418360606,0.017250243368586073
2025-11-26,24362.0880289278,0.026031447008549567
2025-11-28,24926.634946947772,0.023173174538636546
2025-12-01,24642.65410821649,-0.011392666492516313
2025-12-02,25259.61971939553,0.025036491948865553
2025-12-03,25405.378241267535,0.005770416320245872
2025-12-04,25326.898534445114,-0.00308909814595633
2025-12-05,25650.120090135057,0.012761987230704826
2025-12-08,25444.367191672958,-0.008021517939841197
2025-12-09,25561.15958120834,0.004590107848058523
2025-12-10,25878.48243661023,0.012414259000799531
2025-12-11,25603.506658025006,-0.010625653156392835
2025-12-12,24133.835452447267,-0.05740116872299965
2025-12-15,23748.85714640861,-0.015951807859020593
2025-12-16,23931.285135604267,0.007681548129706394
2025-12-17,22540.62745106493,-0.05811044733533161
2025-12-18,23556.535961597194,0.04507010786357976
2025-12-19,24475.427759966784,0.03900793392829936
2025-12-22,24796.94564301329,0.01313635398734052
2025-12-23,25161.02035705244,0.014682240275899873
2025-12-24,25358.060177154075,0.00783115379684535
2025-12-26,25314.116760766286,-0.0017329171111983622
2025-12-29,24948.631584969724,-0.014437998341029235
2025-12-30,24759.439948087816,-0.007583247050547045
2025-12-31,24134.501627162357,-0.02524040617379658
2026-01-02,23999.622636430133,-0.00558863790998789
2026-01-05,24541.209066163236,0.022566456062146866
2026-01-06,25226.763717843507,0.027934836047890356
2026-01-07,25263.09820884035,0.001440315190772711
2026-01-08,24823.84921394662,-0.017386980459111818
2026-01-09,25575.041851209047,0.030260924918944124
2026-01-12,25621.88587861028,0.0018316305276747332
2026-01-13,25480.00059407942,-0.0055376596868423646
2026-01-14,24654.79100544297,-0.032386560808330606
2026-01-15,24885.033462320058,0.009338649710162248
2026-01-16,24827.484158217903,-0.002312607061159633
2026-01-20,23225.237649567454,-0.06453519407926418
2026-01-21,24165.42863858327,0.04048143675435451
2026-01-22,24709.04592384248,0.022495660780097054
2026-01-23,24956.681007795967,0.01002204151130492
2026-01-26,25255.239880350233,0.011963084051962097
2026-01-27,25917.16975792,0.026209605638502838
2026-01-28,26160.40119444455,0.00938495363484745
2026-01-29,25736.97885801914,-0.016185620903831015
2026-01-30,24741.253944913384,-0.03868849248386086
2026-02-02,25265.850592692255,0.021203316895210333
2026-02-03,24082.362810401286,-0.046841398746863355
2026-02-04,22801.466318518862,-0.05318815690830804
2026-02-05,21855.077574859122,-0.04150560891301553
2026-02-06,23258.007421181752,0.06419239838052479
2026-02-09,23777.93197182574,0.022354647207244165
2026-02-10,23376.0591141006,-0.016901085350959744
2026-02-11,23576.380818501486,0.008569524205217718
2026-02-12,22129.598474567087,-0.06136575223619745
2026-02-13,22246.064610100904,0.005262912278669217
2026-02-17,22142.487642481323,-0.004655968119977175
2026-02-18,22668.11414196686,0.02373836706933969
2026-02-19,22385.826183498135,-0.012453085276560602
2026-02-20,22963.934077928694,0.02582472899109326
2026-02-23,22112.357606297905,-0.037083213561794046
2026-02-24,22827.271608312076,0.03233097142977427
2026-02-25,23787.35991860209,0.04205882887644012
2026-02-26,22951.922947456103,-0.035121046387861746
2026-02-27,22742.432617843882,-0.009127354169487562
2026-03-02,22816.424105026486,0.0032534552668983313
2026-03-03,22065.03173773599,-0.03293208277650146
2026-03-04,23060.598447661985,0.04511965909495421
2026-03-05,22853.524048612006,-0.008979576116376765
2026-03-06,21814.350153100317,-0.045471057037035134
2026-03-09,22661.01854533836,0.03881245080856619
2026-03-10,22626.68037557129,-0.0015152968388587656
2026-03-11,22644.93077299623,0.0008065874941444725
2026-03-12,21465.941449407557,-0.05206416108785816
2026-03-13,21060.005281191286,-0.018910708816243144
2026-03-16,21757.727690287105,0.033130210547428304
2026-03-17,22084.0810084835,0.014999421026033076
2026-03-18,21129.222086365626,-0.0432374306973003
2026-03-19,20943.40368099691,-0.008794379869224798
2026-03-20,19759.521068460366,-0.05652770822589566
2026-03-23,20466.906507852626,0.03579972596205128
2026-03-24,19989.902913747548,-0.0233060914174823
2026-03-25,20386.586580718602,0.019844201779401542
2026-03-26,18924.19319363124,-0.0717331163457485
2026-03-27,17826.747468531546,-0.0579916783701525
2026-03-30,17400.2532424832,-0.02392439937802512
2026-03-31,19185.794759405973,0.10261583507091299
2026-04-01,19859.940659258078,0.03513776251158937
2026-04-02,19918.921567517584,0.0029698431264955443
2026-04-06,20265.815409033956,0.017415292305887967
2026-04-07,20286.990593408584,0.0010448720639778153
2026-04-08,22044.808133923252,0.08664752578363184
2026-04-09,22515.109480336498,0.021333882497690283
2026-04-10,22602.39039586581,0.0038765485731053506
2026-04-13,23309.324864806065,0.03127697807881256
2026-04-14,24566.682855457682,0.05394227408748586
2026-04-15,25595.33760823063,0.04187194334803828
2026-04-16,25966.009546155638,0.014482010106630016
2026-04-17,26964.395602294,0.03844972999658227
2026-04-20,26697.633344983915,-0.009893129489889015
2026-04-21,26357.80776774799,-0.012728677963500917
2026-04-22,27719.098844065364,0.05164659702781052
2026-04-23,27235.584931347315,-0.017443348913976964
2026-04-24,28819.180102942286,0.058144342248816504
2026-04-27,28806.52414361916,-0.00043915056840321785
2026-04-28,27924.555590369997,-0.030616972351540254
2026-04-29,28408.055126468236,0.01731449349421269
2026-04-30,29232.919168964298,0.02903627294525772
2026-05-01,30051.463452811422,0.028000771291980545
2026-05-04,29841.1722712348,-0.006997701855912467
2026-05-05,31010.60655975826,0.03918861758828189
2026-05-06,32943.484380191665,0.06232957155187213
2026-05-07,32814.52668848765,-0.003914512812784167
2026-05-08,35119.99813824217,0.07025764752423956
2026-05-11,35405.56509336082,0.008131177968591564
2026-05-12,34470.9002920798,-0.02639881043605436
2026-05-13,35538.332295111955,0.030966177093941755
2026-05-14,36305.105145111615,0.02157593788116848
2026-05-15,34621.42980872219,-0.04637571850184061
2026-05-18,34132.022697692824,-0.014135958963372107
2026-05-19,33504.61462290914,-0.018381801756685745
2026-05-20,35167.40310318112,0.049628640680887987
2026-05-21,35374.18026735688,0.0058797962297381405
2026-05-22,35815.978593294654,0.012489288023034735
2026-05-26,37678.47128818582,0.0520017257113241
2026-05-27,37565.62886701663,-0.002994877905372164
2026-05-28,38498.53642299205,0.024834072637994045
2026-05-29,38907.70044921119,0.010628041069498422
2026-06-01,39577.28411059969,0.01720954087899788
2026-06-02,40139.554100556095,0.014206886667238884
2026-06-03,39779.76445906125,-0.00896346881665691
2026-06-04,39133.040073774755,-0.016257622288137503
2026-06-05,33525.42916241449,-0.14329607157503313
2026-06-08,35089.38573703965,0.04664985993314361
2026-06-09,33901.51646032467,-0.0338526666045651
2026-06-10,31878.220770666667,-0.059681568876893305
2026-06-11,35018.379023892376,0.09850481542919677
2026-06-12,35687.71741392607,0.019113916997043467
2026-06-15,38944.30572410669,0.09125235644546548
2026-06-16,36733.29554710524,-0.056773644718817746
2026-06-17,35632.41322609126,-0.029969603995978422
2026-06-18,38273.46556987491,0.07411937908964808
2026-06-22,38016.57268445742,-0.006712036174212911
2026-06-23,34250.74543383199,-0.09905751583348393
2026-06-24,33797.81579260193,-0.013223935289381173
2026-06-25,34554.68126085432,0.022393916603867182
2026-06-26,33412.98438345191,-0.0330402954315712
2026-06-29,35650.95423038634,0.06697904686546972
2026-06-30,37444.8912512178,0.05031946716597102
2026-07-01,35703.12188038898,-0.046515540908993076
2026-07-02,33970.83153381236,-0.04851929622233207
2026-07-06,35221.94887130858,0.03682916434503349
2026-07-07,33346.76915962425,-0.053238953884571366
2026-07-08,33612.19194906708,0.007959475419411588
2026-07-09,35240.58533812266,0.04844650987127252
2026-07-10,35581.396154448485,0.009670974901689238
2026-07-13,33550.055390051195,-0.057089967902884724
2026-07-14,34650.80608320954,0.03280920643382189
2026-07-15,34349.13529519374,-0.008706025115011276
2026-07-16,32676.094950132872,-0.04870691301783553
2026-07-17,31206.170493651935,-0.04498470391655421
2026-07-20,31223.457086741517,0.000553947915304107
2026-07-21,33020.78580341321,0.05756341175413575
2026-07-22,32479.800804114784,-0.01638316551638526
2026-07-23,30647.092437388143,-0.05642609626147891
2026-07-24,29585.482066894674,-0.034639839738870276
2026-07-27,29284.713952638005,-0.01016607110124533
2026-07-28,28413.240828470796,-0.029758635360981795
2026-07-29,26654.43037378257,-0.061901085670095515
2026-07-30,29336.445678814212,0.1006217453316762
2026-07-31,29855.579907604715,0.01769588021923895
2026-08-03,31428.006686929566,0.05266776877860366
2026-08-04,34554.50087612063,0.09948114814711859
2026-08-05,33691.42595133496,-0.024977207104794678
2026-08-06,33291.68325458878,-0.011864819771166215
2026-08-07,34470.92513300001,0.035421515619781366
2026-08-10,34098.50475015169,-0.010803898688863245
2026-08-11,33758.37292386276,-0.009974977752871166
2026-08-12,34495.687701183095,0.02184094532586759
2026-08-13,35677.7131044121,0.034265888926993754
2026-08-14,35533.38870549467,-0.004045225614519162
2026-08-17,35329.846167071846,-0.005728205100555187
2026-08-18,33539.69101363721,-0.05066976926446691
2026-08-19,33310.7459913586,-0.006826092171973923
2026-08-20,32580.53440432548,-0.02192120186148183
2026-08-21,32893.56044284049,0.00960776255632743
2026-08-24,31909.98806704151,-0.0299016695838733
2026-08-25,32516.63459535358,0.019011180042986256
2026-08-26,32560.54486412719,0.001350394015864253
2026-08-27,33947.318857527134,0.042590626145442345
2026-08-28,33224.76101141588,-0.021284680806273455
2026-08-31,33282.54925748434,0.0017393126183391683
2026-09-01,31988.02260000092,-0.0388950572105685
2026-09-02,32199.169247195776,0.006600803364283165
2026-09-03,33315.69035600521,0.0346754632157682
2026-09-04,33518.00271233079,0.006072584844069274
2026-09-08,33364.41469278694,-0.004582254523398106
2026-09-09,33064.84459589611,-0.008978730771968141
2026-09-10,31985.300870255858,-0.03264929077495926
2026-09-11,32851.75315327773,0.027089077152549674
2026-09-14,32020.378244301384,-0.025306865819226233
2026-09-15,31388.95795419011,-0.019719326401887418
2026-09-16,31405.547047495555,0.0005285009247408752
2026-09-17,33032.39559175975,0.05180131209954289
2026-09-18,33688.727049719164,0.019869326647418382
2026-09-21,36524.108395982155,0.08416409863389669
2026-09-22,37414.90667659445,0.024389323100089358
2026-09-23,36449.36442997021,-0.02580635186318028
2026-09-24,36472.10054979398,0.0006237727373122843
2026-09-25,36928.14408764191,0.01250390109078887
