NASDAQ COMPOSITE 3x, 19271-2026
Date,Close,Daily Return
1971-02-05,100.0,0.0
1971-02-08,102.43706849315069,0.024370684931506955
1971-02-09,102.16494992264234,-0.0026564462895241107
1971-02-10,101.92377947086187,-0.002360598737268216
1971-02-11,104.20354123266,0.02236731971315745
1971-02-12,106.02359071677645,0.017466292052903953
1971-02-16,106.34270859579266,0.0030098761686790827
1971-02-17,104.90845126302493,-0.013487124333265944
1971-02-18,103.88955361759078,-0.009712255144054884
1971-02-19,101.64823905815469,-0.021574012799075018
1971-02-22,98.4751262275384,-0.03121660404565291
1971-02-23,98.56645343542569,0.0009274139712832099
1971-02-24,101.2672786054944,0.027401058635412083
1971-02-25,103.02031667054023,0.01731100202539375
1971-02-26,103.32767416257502,0.0029834648345893285
1971-03-01,104.58787333341424,0.012196143782898137
1971-03-02,104.74392701473185,0.0014920819818195702
1971-03-03,105.42464685075093,0.006498895500865951
1971-03-04,107.59550831164408,0.020591593386757378
1971-03-05,109.85837193936271,0.021031209046054062
1971-03-08,112.05973969881276,0.020038233960586134
1971-03-09,112.60932679583483,0.0049044116870091544
1971-03-10,111.70458788497909,-0.008034315954095502
1971-03-11,112.05985836243562,0.0031804466063861604
1971-03-12,112.80274507793379,0.006629374035932152
1971-03-15,114.74936054203015,0.017256809333420595
1971-03-16,116.12567399461372,0.011994083854432219
1971-03-17,115.89555590817412,-0.001981629716528222
1971-03-18,117.11584905666534,0.010529248847626956
1971-03-19,116.71845456944084,-0.003393174283629422
1971-03-22,115.29744390601128,-0.012174687102150847
1971-03-23,114.41208350089018,-0.007678924832391158
1971-03-24,113.04160238544846,-0.011978464804646828
1971-03-25,112.68645191120696,-0.0031417678690586104
1971-03-26,114.174305806975,0.013203485162000022
1971-03-29,114.50341279875587,0.0028824961050105046
1971-03-30,115.25543321121866,0.006567668107713798
1971-03-31,116.96158564477204,0.014803227804685421
1971-04-01,118.15438612781375,0.010198224284205661
1971-04-02,119.8550399014531,0.014393488294202252
1971-04-05,120.79873782934146,0.007873660787767441
1971-04-06,122.08413254893415,0.010640795944479468
1971-04-07,123.75293307590293,0.013669266366780949
1971-04-08,124.81813830402895,0.00860751500308029
1971-04-12,126.37307706925344,0.01245763465432408
1971-04-13,126.26849647756922,-0.0008275543660847536
1971-04-14,127.03400684713547,0.006062560265792549
1971-04-15,129.13009836082492,0.01650023931160238
1971-04-16,130.04795622624184,0.007108008721964781
1971-04-19,130.64971602521572,0.004627214578651344
1971-04-20,128.37206018695372,-0.0174333011012623
1971-04-21,128.30141243130404,-0.0005503359184762191
1971-04-22,129.9177436806212,0.012597922491169408
1971-04-23,132.3623027645999,0.01881620642972532
1971-04-26,133.83097918137756,0.011095881426221758
1971-04-27,135.81716363003227,0.014840991680729408
1971-04-28,138.26029734434263,0.0179884018264842
1971-04-29,138.55428549414066,0.0021263381856169426
1971-04-30,137.92460855703322,-0.0045446225994507945
1971-05-03,134.3099127389749,-0.026207765647299996
1971-05-04,135.7925911532653,0.011039232950526279
1971-05-05,135.4270220985751,-0.002692113403135553
1971-05-06,133.13408468624326,-0.016931166149860778
1971-05-07,131.6587714895903,-0.011081408642496248
1971-05-10,129.72925305585065,-0.01465544917295703
1971-05-11,130.32937635833093,0.004625967454094153
1971-05-12,130.4351005645181,0.0008112077962875222
1971-05-13,131.03721449031664,0.004616195511734302
1971-05-14,131.676623634406,0.0048795996356944425
1971-05-17,125.89560089037082,-0.04390318178332039
1971-05-18,123.26560747752839,-0.02089027252932059
1971-05-19,122.99273344955297,-0.002213707728858315
1971-05-20,124.28709593444223,0.010523893961753107
1971-05-21,124.69858044550256,0.0033107581118266612
1971-05-24,123.11734179141627,-0.012680486405194832
1971-05-25,119.94916370456596,-0.025732996186822978
1971-05-26,120.01642771058782,0.0005607709461612296
1971-05-27,120.21763585274425,0.0016765050084778517
1971-05-28,122.36306842086972,0.017846238223761426
1971-06-01,124.33026210369529,0.016076694612294096
1971-06-02,126.65984618013816,0.018737063986078595
1971-06-03,128.9138659051694,0.01779585080046203
1971-06-04,130.42210780158658,0.011699609548027172
1971-06-07,130.6675219887244,0.0018816916186569091
1971-06-08,128.0123873027868,-0.020319775300910024
1971-06-09,127.17415894684962,-0.0065480253403487985
1971-06-10,128.07725860773994,0.007101282747761184
1971-06-11,128.53060880704732,0.0035396619527580378
1971-06-14,126.21963485159773,-0.017979950277204844
1971-06-15,125.45901168157083,-0.006026187375056245
1971-06-16,125.6996606753125,0.0019181483300096734
1971-06-17,125.664912467745,-0.0002764383561643836
1971-06-18,121.22087869160802,-0.03536415765441003
1971-06-21,115.5389876665116,-0.046872214476777085
1971-06-22,112.21988269409162,-0.02872714258151664
1971-06-23,113.78455542070449,0.013942918928886333
1971-06-24,114.97693715186098,0.010479293316635212
1971-06-25,115.56127471245229,0.005082215399593755
1971-06-28,115.10756243678811,-0.003926161915339981
1971-06-29,117.573614242869,0.021423890436696003
1971-06-30,119.4491341058854,0.01595187725659438
1971-07-01,121.6433193453225,0.01836920171804717
1971-07-02,122.61899446120543,0.00802078668301688
1971-07-06,124.03911473848255,0.011581568447182349
1971-07-07,126.66207658559911,0.0211462477190897
1971-07-08,128.04324589631048,0.010904363389131406
1971-07-09,129.71246467945693,0.01303636729498563
1971-07-12,130.76272591728906,0.008096841274487598
1971-07-13,129.03385671319134,-0.013221422174934334
1971-07-14,127.53030436230246,-0.011652386351830735
1971-07-15,128.81265519676964,0.010055263655798516
1971-07-16,126.19427824323647,-0.020327016390846327
1971-07-19,123.98982774401557,-0.017468704048307644
1971-07-20,125.38398031503495,0.011244088296482642
1971-07-21,125.17801418146719,-0.0016426830050398195
1971-07-22,124.45900331980124,-0.0057439069182198405
1971-07-23,124.7313712279276,0.0021884146655625435
1971-07-26,123.67222085794306,-0.008491451345059816
1971-07-27,120.99154937398201,-0.021675615310896925
1971-07-28,117.21368334597742,-0.03122421398479081
1971-07-29,111.81421424012999,-0.04606517730451247
1971-07-30,110.0713772076908,-0.015586900505299803
1971-08-02,110.98387907002542,0.008290092170036555
1971-08-03,107.23236420743353,-0.03380234043022463
1971-08-04,103.65946221906755,-0.033319250347352725
1971-08-05,103.17906593876916,-0.0046343697913766345
1971-08-06,105.16188964115759,0.01921730618849671
1971-08-09,103.250709279149,-0.018173697415766063
1971-08-10,102.8018789967007,-0.004346994665526679
1971-08-11,105.8862504286013,0.030003064749425445
1971-08-12,109.30581096940023,0.03229466079833202
1971-08-13,109.9924562567121,0.006281873591369235
1971-08-16,117.47469415675685,0.06802500966595303
1971-08-17,120.93836064525742,0.029484362682218913
1971-08-18,119.10634107139227,-0.015148374461920546
1971-08-19,117.82070558479057,-0.010794013778251165
1971-08-20,117.39543609838248,-0.003609463076097849
1971-08-23,118.50587265952586,0.009458941489111942
1971-08-24,119.5896472689145,0.009145324067629886
1971-08-25,120.38248345747628,0.006629638991901916
1971-08-26,120.74734654602685,0.0030308652726827793
1971-08-27,121.81096535740201,0.008808630928959917
1971-08-30,119.73734359607637,-0.01702327664214375
1971-08-31,118.7459923926578,-0.008279381967607455
1971-09-01,119.46888250134533,0.006087701101500365
1971-09-02,120.45846197274155,0.00828315667374785
1971-09-03,123.80808199509703,0.02780726208436454
1971-09-07,125.52863973416615,0.013896974344027603
1971-09-08,125.66429342164128,0.0010806592643910445
1971-09-09,125.5272780293915,-0.0010903287522577407
1971-09-10,125.04974040189695,-0.0038042538242782356
1971-09-13,124.26653971044304,-0.006263113293452474
1971-09-14,122.71014241200838,-0.012524669167269523
1971-09-15,122.74329367055442,0.00027015907482797044
1971-09-16,122.67582324258937,-0.0005496872859395484
1971-09-17,123.71468184796845,0.00846832389561171
1971-09-20,123.24127644979993,-0.0038265902728528076
1971-09-21,122.63576451190274,-0.00491322351845191
1971-09-22,119.8212854860446,-0.0229499040272625
1971-09-23,119.16151642276247,-0.005506275955944117
1971-09-24,119.39143189527118,0.001929443996776746
1971-09-27,116.98968175952456,-0.020116603826758818
1971-09-28,117.6062025652508,0.005269873346552994
1971-09-29,118.28987636217424,0.00581324608745987
1971-09-30,119.66227724452045,0.01160201468250984
1971-10-01,121.44010103215302,0.014857011153144903
1971-10-04,122.6027738066873,0.009574043208564581
1971-10-05,122.66922954794974,0.0005420410909073099
1971-10-06,124.94394080761481,0.01854345436135572
1971-10-07,125.92538946380768,0.007855112059448116
1971-10-08,125.07361831898558,-0.006764093789576054
1971-10-11,124.86824374368017,-0.0016420295348106818
1971-10-12,125.51045688863476,0.005143126272143887
1971-10-13,124.72887701033976,-0.0062272092514848824
1971-10-14,121.92239393536504,-0.022500668187223915
1971-10-15,120.98983545314285,-0.007648787496057262
1971-10-18,119.10114335222171,-0.015610336966303153
1971-10-19,115.56267484722244,-0.029709777802341002
1971-10-20,111.00410499466189,-0.03944673190186297
1971-10-21,111.06715507633653,0.0005679977481704206
1971-10-22,111.63028243699947,0.005070152019972875
1971-10-25,109.9385078953016,-0.015155157765122109
1971-10-26,108.04632991968727,-0.017211239372252683
1971-10-27,103.69215506571733,-0.04029914627555118
1971-10-28,104.31977003926507,0.006052675567886217
1971-10-29,106.0878276140049,0.016948442026610572
1971-11-01,101.73008990322315,-0.04107669851283178
1971-11-02,101.26047353825408,-0.004616297551843566
1971-11-03,105.5453911329193,0.04231579652890415
1971-11-04,107.17462682653604,0.015436350902001423
1971-11-05,106.8404109026822,-0.003118423956770916
1971-11-08,106.66062849162529,-0.0016827192027616957
1971-11-09,107.51129845154863,0.007975482349516885
1971-11-10,104.85786320299654,-0.02468052462177163
1971-11-11,101.46894493645762,-0.03231916198767319
1971-11-12,101.93973021143744,0.00463969813891953
1971-11-15,100.47192550509682,-0.01439875015655009
1971-11-16,101.23090932852381,0.007554188093951511
1971-11-17,100.99794507618893,-0.0023013154171997664
1971-11-18,100.38532094104303,-0.006065708908074925
1971-11-19,98.93098105020383,-0.014487575247115511
1971-11-22,95.50479025856134,-0.0346321319699015
1971-11-23,91.31254499286102,-0.04389565438917364
1971-11-24,91.53308465046968,0.0024152175106485984
1971-11-26,94.8739430289985,0.03649891611635634
1971-11-29,98.82768524651739,0.041673636525367465
1971-11-30,101.3602211259635,0.025625773518108044
1971-12-01,104.52012012543453,0.03117494184966432
1971-12-02,107.74442295560429,0.030848633031614125
1971-12-03,111.09465643157893,0.03109426348085868
1971-12-06,109.94605789930108,-0.010338917902727816
1971-12-07,110.96453270867312,0.009263404517011919
1971-12-08,112.33048398988109,0.012309800689145759
1971-12-09,113.11289154400797,0.006965229084184845
1971-12-10,115.72165694772028,0.0230633782595623
1971-12-13,116.74238367532108,0.008820533291032471
1971-12-14,116.4213570809505,-0.0027498718482861337
1971-12-15,117.60601016085089,0.010175564944468505
1971-12-16,119.37868981990313,0.015073036289792736
1971-12-17,121.00598708424934,0.013631388205057077
1971-12-20,124.12457819183473,0.025772205018369066
1971-12-21,124.85839058987769,0.005911902451010613
1971-12-22,125.62847568650314,0.006167667971589888
1971-12-23,125.49276865570737,-0.0010802250847524288
1971-12-27,124.54683295654536,-0.007537770576703136
1971-12-28,125.28176166879722,0.00590082216308371
1971-12-29,127.39615947149208,0.016877139773023134
1971-12-30,128.71898964703556,0.010383595400609331
1971-12-31,132.6143664543381,0.03026264281582833
1972-01-03,130.86941558481234,-0.013158083216621855
1972-01-04,131.802252558237,0.007127998312333697
1972-01-05,134.89112370785955,0.02343564764386508
1972-01-06,137.99208836654194,0.022988648722345094
1972-01-07,139.13632129208574,0.008292018325749502
1972-01-10,139.20633497473867,0.0005032020539478434
1972-01-11,141.11212171053458,0.013690373617994822
1972-01-12,142.01864404899965,0.00642412804425568
1972-01-13,140.23185984727644,-0.012581335455552699
1972-01-14,141.35131551133978,0.007982891086822267
1972-01-17,141.9299089828836,0.0040933009321544285
1972-01-18,144.55079227997916,0.018466039440718788
1972-01-19,143.73877447943343,-0.005617525768886574
1972-01-20,143.22366118311328,-0.003583676695350204
1972-01-21,142.78311459783265,-0.0030759343926936413
1972-01-24,140.03913640175244,-0.01921780599764187
1972-01-25,139.31706119729108,-0.005156238627392147
1972-01-26,139.60384082061302,0.002058467361120988
1972-01-27,143.0934883357772,0.024996787299342762
1972-01-28,146.969360501742,0.027086293101401166
1972-01-31,148.4540811972104,0.010102246416529813
1972-02-01,151.07513004200314,0.01765561999815184
1972-02-02,154.40860788754065,0.022065033765721026
1972-02-03,155.09856015592726,0.004468353661274705
1972-02-04,157.29437910648636,0.014157571471659925
1972-02-07,156.78100562179475,-0.0032637751431923356
1972-02-08,157.55510863864802,0.0049374795995419
1972-02-09,160.66865079606458,0.019761607124764494
1972-02-10,162.79650808352486,0.01324376147379941
1972-02-11,163.35067847283494,0.0034040680345905567
1972-02-14,160.82851682608322,-0.015440166336200201
1972-02-15,162.1674367101401,0.008325139785407469
1972-02-16,165.061002544122,0.017843075605578542
1972-02-17,165.37887349690163,0.0019257786386864813
1972-02-18,165.17458974549183,-0.0012352469640787246
1972-02-22,164.59919128902723,-0.0034835773308182854
1972-02-23,165.79738522933505,0.007279464321327487
1972-02-24,167.32307579186144,0.009202138866158912
1972-02-25,170.63900593419154,0.019817530407191922
1972-02-28,170.95541348624226,0.001854251027298752
1972-02-29,172.716588716014,0.010301956480093997
1972-03-01,176.4318422095631,0.021510692870722447
1972-03-02,177.60084285075598,0.006625791730975487
1972-03-03,180.12173505094384,0.014194145476585776
1972-03-06,182.9110138020141,0.015485520113835062
1972-03-07,182.64833723068563,-0.001436089417845557
1972-03-08,185.0435924131596,0.01311402676197785
1972-03-09,186.94045650323494,0.010250903937490157
1972-03-10,185.5855156492689,-0.007247980877497265
1972-03-13,180.19845363363606,-0.029027383935574146
1972-03-14,181.80670426701298,0.00892488587414101
1972-03-15,183.5096100104626,0.009366572868229573
1972-03-16,181.87169218714087,-0.008925515253551859
1972-03-17,182.8487088931048,0.005372010862243384
1972-03-20,180.64749103314338,-0.01203846542470403
1972-03-21,172.95080725220757,-0.04260609287689293
1972-03-22,175.50513452296912,0.014769097128507113
1972-03-23,179.70908087295592,0.023953409462425766
1972-03-24,180.38131027501302,0.0037406534983745955
1972-03-27,180.28135334630707,-0.0005541423806799087
1972-03-28,180.91230569281868,0.0034998203352712676
1972-03-29,180.05731371628025,-0.004726002320650139
1972-03-30,182.59368207283475,0.014086450054181694
1972-04-03,182.05952060249595,-0.0029254104757344157
1972-04-04,185.08243302215334,0.0166039787958001
1972-04-05,190.2938819029675,0.028157447445000854
1972-04-06,194.2838982677333,0.020967654476670584
1972-04-07,198.15051144500327,0.01990187149704793
1972-04-10,197.81369229838333,-0.0016998146720072322
1972-04-11,200.9594524646778,0.015902641165756102
1972-04-12,204.09231610433932,0.015589531127987891
1972-04-13,203.53286838108698,-0.0027411503477001906
1972-04-14,207.24221123758505,0.018224785441302058
1972-04-17,206.428478426022,-0.003926481997580107
1972-04-18,208.0411504145139,0.0078122553670318595
1972-04-19,201.37749821527942,-0.03203045256170435
1972-04-20,202.1441077070527,0.003806827965226484
1972-04-21,202.77558754097763,0.0031239091808702665
1972-04-24,197.53889666509417,-0.025825055862926282
1972-04-25,192.72442171118715,-0.024372288370474452
1972-04-26,193.02722775602447,0.0015711866827707332
1972-04-27,193.37452492791567,0.0017992133852234408
1972-04-28,194.74063282554596,0.0070645701554510245
1972-05-01,189.38216691896278,-0.027515910926423973
1972-05-02,185.75304964179819,-0.01916293036565321
1972-05-03,183.24834015021057,-0.013484082745438856
1972-05-04,183.84050496719985,0.0032314880260517656
1972-05-05,185.97392076023056,0.011604710253658838
1972-05-08,182.3355322795852,-0.019563971473915313
1972-05-09,170.20935204925325,-0.0665047568004365
1972-05-10,174.183662509012,0.02334954226609551
1972-05-11,179.00183920085374,0.02766147308214066
1972-05-12,185.20826381157107,0.034672406934060956
1972-05-15,188.92534570254946,0.020069741028187125
1972-05-16,188.9626055130642,0.000197219755645622
1972-05-17,186.30370677769923,-0.014071031292914472
1972-05-18,190.82039180509219,0.024243666996826476
1972-05-19,196.63395096205758,0.030466131538517526
1972-05-22,197.46071855775003,0.004204602468939759
1972-05-23,198.93021661443782,0.007441976649436994
1972-05-24,202.25033586411286,0.016689868971037265
1972-05-25,203.6972918851716,0.00715428241380482
1972-05-26,204.3287767003958,0.003100113945452699
1972-05-30,201.82561283659646,-0.012250667303067576
1972-05-31,197.59837172497495,-0.02094501808868032
1972-06-01,200.23012827555078,0.013318715774838355
1972-06-02,201.93714769716144,0.008525287559430102
1972-06-05,198.2387074853933,-0.01831480861220523
1972-06-06,194.87111982178865,-0.01698753843949859
1972-06-07,190.39095726815705,-0.022990387481371086
1972-06-08,190.6460694763163,0.0013399386810159868
1972-06-09,188.41410327113257,-0.01170738117662068
1972-06-12,187.4428627243956,-0.0051548187204400854
1972-06-13,189.11874266227352,0.008940750869463665
1972-06-14,191.97560968256244,0.01510620777228153
1972-06-15,191.22408404936846,-0.0039146933010743195
1972-06-16,191.13007512603303,-0.0004916165440288406
1972-06-19,188.70800936457272,-0.01267234243414175
1972-06-20,190.00049920322277,0.006849151994142745
1972-06-21,191.29864539523857,0.006832330427865529
1972-06-22,188.6710657251241,-0.013735484977876794
1972-06-23,186.15466372176232,-0.013337508820922887
1972-06-26,182.10508014145256,-0.021753865841161537
1972-06-27,184.08509318833313,0.01087291494198059
1972-06-28,183.14310957806765,-0.0051171096689603575
1972-06-29,182.11970394567467,-0.0055880105713545306
1972-06-30,185.15521928423786,0.016667693131483818
1972-07-03,187.18686239702384,0.010972648357630906
1972-07-05,190.0554837744173,0.01532490763859854
1972-07-06,192.52449429642297,0.012990998591422949
1972-07-07,190.89696541266815,-0.008453619835245342
1972-07-10,187.91549048601297,-0.015618241600698253
1972-07-11,186.22887741806818,-0.008975380707479993
1972-07-12,184.63831896865747,-0.008540879757547092
1972-07-13,179.99187337691404,-0.025165120749026017
1972-07-14,181.40922436143168,0.007874527654643658
1972-07-17,177.14373045134673,-0.023513103730527958
1972-07-18,173.5376912244148,-0.020356572698023576
1972-07-19,174.43088150860183,0.005146952675727336
1972-07-20,171.59998970554096,-0.016229304000400135
1972-07-21,173.74220237108455,0.012483757541125306
1972-07-24,178.2606921168287,0.02600686352584285
1972-07-25,176.96788847813082,-0.007252320314399937
1972-07-26,177.66517756381563,0.003940201195150651
1972-07-27,176.41696442917487,-0.0070256487610938995
1972-07-28,175.50467952708632,-0.005171185804269939
1972-07-31,173.72271543981768,-0.010153370793703721
1972-08-01,176.53272230050695,0.016175241410284934
1972-08-02,180.36188527874714,0.021690952976536077
1972-08-03,184.16170356416131,0.0210677454360249
1972-08-04,186.78430629999167,0.01424076062000943
1972-08-07,186.7652530772435,-0.00010200655036592818
1972-08-08,185.1760156185192,-0.0085092779975889
1972-08-09,185.7227599365147,0.002952565515405958
1972-08-10,186.05741281302465,0.0018018948061311632
1972-08-11,189.5919548490672,0.018997050333031038
1972-08-14,189.52868911307502,-0.000333694201542155
1972-08-15,188.52901923197302,-0.005274504275738425
1972-08-16,188.39338053515212,-0.0007194579241618337
1972-08-17,185.89323576329667,-0.013270873768247643
1972-08-18,188.14508883098125,0.012113690196624088
1972-08-21,187.39533785771408,-0.0039849617012363
1972-08-22,187.34603137947448,-0.00026311475409836063
1972-08-23,186.483368707871,-0.0046046487627813765
1972-08-24,183.4471543996641,-0.016281421390253705
1972-08-25,183.019049847297,-0.0023336669013377027
1972-08-28,180.5993115332041,-0.013221237440101667
1972-08-29,179.17402237664513,-0.007891996622018817
1972-08-30,180.5387880622086,0.007616984133417172
1972-08-31,181.20075383502763,0.0036666124765994553
1972-09-01,184.29045081868284,0.017051236919622303
1972-09-05,182.53136336520726,-0.009545190462452573
1972-09-06,179.54221902239635,-0.016376058819164353
1972-09-07,177.74983343282003,-0.009983086982748848
1972-09-08,177.3729049341755,-0.002120556128605268
1972-09-11,173.64780192407744,-0.021001533528925715
1972-09-12,169.2155628184666,-0.02552430296554349
1972-09-13,170.4882547347096,0.007521128051374158
1972-09-14,170.72417892162696,0.0013838148984777474
1972-09-15,171.04056572429567,0.0018532044181857766
1972-09-18,170.66440833116306,-0.0021992291216982843
1972-09-19,169.85719139273436,-0.004729849336027623
1972-09-20,170.17242287566236,0.001855861858678364
1972-09-21,169.28686197260905,-0.005203903711827353
1972-09-22,169.88063662744733,0.0035075058272055655
1972-09-25,167.1875369684047,-0.015852893611110412
1972-09-26,168.13227678359638,0.005650778953518735
1972-09-27,173.96281094394365,0.03467825614383234
1972-09-28,176.2717279180206,0.013272474510778745
1972-09-29,178.19105168886676,0.010888437944732696
1972-10-02,176.77181047345613,-0.007964716532953262
1972-10-03,177.46355734320025,0.003913219352629676
1972-10-04,176.63562968168787,-0.004665339035840662
1972-10-05,171.34295718072087,-0.02996378765996891
1972-10-06,171.77973874208865,0.002549165536504043
1972-10-09,173.17250644740776,0.00810786950497243
1972-10-10,175.1886800852238,0.011642573519188217
1972-10-11,173.30949965020832,-0.01072660878603179
1972-10-12,170.43314608339068,-0.016596629570929392
1972-10-13,167.66926281757745,-0.01621681773368716
1972-10-16,162.31661150154486,-0.03192386741663096
1972-10-17,164.44036032603447,0.013083989400982331
1972-10-18,166.8162905896233,0.014448583418803408
1972-10-19,166.22093995047868,-0.003568899878065316
1972-10-20,170.46010188983183,0.025503176318315245
1972-10-23,172.96235488756318,0.014679405737704838
1972-10-24,173.92509843632428,0.0055662028271234645
1972-10-25,173.79838430414537,-0.0007285557594511703
1972-10-26,175.69438611195733,0.010909202725923786
1972-10-27,176.30003515549626,0.0034471735662231187
1972-10-30,175.87504799985894,-0.0024105903056825563
1972-10-31,179.00772843699494,0.017811966352034837
1972-11-01,184.5271314744146,0.030833322592338855
1972-11-02,186.70821823068945,0.011819870275159204
1972-11-03,191.83130022408488,0.02743897425589253
1972-11-06,192.71571651727305,0.004610385751204448
1972-11-08,190.36369356626668,-0.012204624477503732
1972-11-09,189.28353046960638,-0.005674207494215805
1972-11-10,190.51632902781586,0.006512973184465367
1972-11-13,188.86322561282012,-0.008676964454602646
1972-11-14,189.36830174489268,0.002674295805515907
1972-11-15,187.39487037681266,-0.010421128298116806
1972-11-16,188.06712977387454,0.003587394872176066
1972-11-17,186.78390801439824,-0.006823211270460719
1972-11-20,185.74722567027618,-0.005550169471998276
1972-11-21,185.9935913859165,0.0013263493694255536
1972-11-22,187.21096912423405,0.006545267120476374
1972-11-24,189.3591543798677,0.011474676220537548
1972-11-27,187.28790720235227,-0.01093819405931847
1972-11-28,187.83198284923066,0.0029050228335914968
1972-11-29,187.86748288307777,0.0001889988771272096
1972-11-30,188.79468566698029,0.004935408563916065
1972-12-01,192.91962273149184,0.02184879860330213
1972-12-04,193.63154889844893,0.0036902734769909103
1972-12-05,194.18687301791215,0.0028679423504196382
1972-12-06,195.87114038208202,0.008673435737412041
1972-12-07,197.47755672086245,0.008201393710410001
1972-12-08,197.82037711790284,0.0017359967518990496
1972-12-11,196.25906734696724,-0.007892562908243876
1972-12-12,193.76201421958936,-0.01272324973889408
1972-12-13,191.07020077310779,-0.013892369241325893
1972-12-14,189.60469845435375,-0.007669967963734394
1972-12-15,190.40805313485043,0.004236997748713954
1972-12-18,186.02266300865222,-0.023031537027965922
1972-12-19,185.34213328649497,-0.003658316202717774
1972-12-20,183.36140734231856,-0.010686862771319744
1972-12-21,179.76907380439522,-0.019591546498204954
1972-12-22,180.54464119805573,0.004314242584930979
1972-12-26,179.9420462007782,-0.003337650972517627
1972-12-27,182.9810676478758,0.01688889012469414
1972-12-29,190.3743384785114,0.04040456712638184
1973-01-02,193.99876107487003,0.019038398900426086
1973-01-03,197.1706950287962,0.016350279436588764
1973-01-04,197.36143776213083,0.0009673990006820477
1973-01-05,199.34458905885685,0.01004832209986323
1973-01-08,199.61201023606787,0.0013415020616990682
1973-01-09,199.40763564641554,-0.0010238591826746118
1973-01-10,199.64334333093257,0.0011820394126480396
1973-01-11,203.00455924030243,0.01683610308908844
1973-01-12,199.23707363593016,-0.01855862557211129
1973-01-15,192.82418418083623,-0.032187229706115414
1973-01-16,190.30464681535588,-0.013066500844714782
1973-01-17,190.40610396254698,0.00053313016202652
1973-01-18,191.48750177186898,0.005679428268406327
1973-01-19,189.40834027887715,-0.010857948815212244
1973-01-22,186.14641959402186,-0.017221631740463785
1973-01-23,183.1012153854811,-0.016359187650142413
1973-01-24,174.94714385487734,-0.04453313711455769
1973-01-26,171.88429543168112,-0.01750727880265889
1973-01-29,166.5314639785435,-0.03114206239548632
1973-01-30,165.53776251898125,-0.005967049324026239
1973-01-31,166.17497028666577,0.0038493196838483403
1973-02-01,160.44619764323713,-0.034474341313532386
1973-02-02,158.64383016762318,-0.011233469549846506
1973-02-05,156.66526007871704,-0.012471774583452565
1973-02-06,157.61565102396793,0.006066379647749417
1973-02-07,152.7653105851718,-0.030773215777020566
1973-02-08,148.96998624263793,-0.02484415033750636
1973-02-09,155.7294517044087,0.04537468004300644
1973-02-12,159.34644778968584,0.023226153085946676
1973-02-13,160.4567050994454,0.006967568622709032
1973-02-14,153.6997517948842,-0.0421107569195906
1973-02-15,150.00440621943312,-0.024042625523446576
1973-02-16,150.38406754844092,0.00253100117907498
1973-02-20,151.83243462007775,0.009631120472055756
1973-02-21,147.91513400811357,-0.025800156743624948
1973-02-22,146.89495077339717,-0.006897084882879103
1973-02-23,142.06718564875277,-0.032865425933474
1973-02-26,138.1852101042004,-0.027324927475864656
1973-02-27,133.11003664692043,-0.0367273274285501
1973-02-28,135.09514220610154,0.014913267317675564
1973-03-01,132.08423880203225,-0.02228728105912095
1973-03-02,133.95915121860693,0.014194823194498041
1973-03-05,135.28579565368292,0.00990335055879137
1973-03-06,139.81552745132302,0.03348268586330914
1973-03-07,141.03791863186163,0.00874288573537867
1973-03-08,140.39860116196814,-0.004532947423609005
1973-03-09,139.93383219286838,-0.0033103532745571863
1973-03-12,139.33441740830835,-0.004283558701757387
1973-03-13,140.07289589154317,0.005300043571221508
1973-03-14,140.05658140377136,-0.0001164714106034502
1973-03-15,138.28525723799476,-0.012647204065834205
1973-03-16,136.93874716780812,-0.009737191780821806
1973-03-19,132.45201535737164,-0.03276451627630508
1973-03-20,130.1512316596474,-0.017370696032947795
1973-03-21,125.6187526767281,-0.03482471064716448
1973-03-22,118.54056507568852,-0.05634658401086695
1973-03-23,117.8213684656917,-0.006067092809432831
1973-03-26,117.90762299802756,0.0007320788534294761
1973-03-27,121.99790963101486,0.03469060378781217
1973-03-28,122.73649681432069,0.006054097037725434
1973-03-29,125.9925374989097,0.026528707997221374
1973-03-30,123.61232702475377,-0.018891678200992933
1973-04-02,118.20559883344002,-0.04373939332305457
1973-04-03,114.12017263250586,-0.034562036326983264
1973-04-04,109.35332497577664,-0.04177042101118791
1973-04-05,106.785485500506,-0.02348204296338914
1973-04-06,110.32157720442088,0.03311397318971906
1973-04-09,112.36391780685909,0.018512612438941745
1973-04-10,114.68856919699732,0.020688593238036
1973-04-11,116.08550689871346,0.012180269677239328
1973-04-12,116.94967172828991,0.007444209468202208
1973-04-13,115.78425671749957,-0.009965098606672024
1973-04-16,113.63860500384186,-0.018531463382736584
1973-04-17,110.88916675393389,-0.02419457938448835
1973-04-18,111.05392023198274,0.0014857490850701937
1973-04-19,112.30286437207313,0.01124628592562462
1973-04-23,108.80501947614786,-0.031146533220528398
1973-04-24,103.59588057313783,-0.0478759061676559
1973-04-25,98.36133469029207,-0.050528513816244
1973-04-26,99.27002100489108,0.009238247096383741
1973-04-27,95.65122550484303,-0.0364540619959147
1973-04-30,94.09134746605946,-0.016307977556488207
1973-05-01,94.34516955562133,0.0026976135042962863
1973-05-02,97.16861896680663,0.02992680414359463
1973-05-03,99.16501127281225,0.020545648659343285
1973-05-04,102.05500870459171,0.02914331773561552
1973-05-07,100.81211661895544,-0.012178648568184843
1973-05-08,101.29572374127669,0.004797113070734863
1973-05-09,100.9020701207598,-0.003886182022079588
1973-05-10,100.26306930551483,-0.006332881124046445
1973-05-11,96.90040573731568,-0.033538406429117755
1973-05-14,89.7607328878423,-0.07368052584659042
1973-05-15,88.91880745091206,-0.009379663131563788
1973-05-16,88.78607176431022,-0.0014927740306807718
1973-05-17,86.46940922206491,-0.02609263475914416
1973-05-18,80.76607889002902,-0.06595778071513117
1973-05-21,75.6623301393978,-0.06319173619386032
1973-05-22,77.50470754500871,0.02434999559512086
1973-05-23,78.62101102684291,0.014403041017681872
1973-05-24,83.6290853643747,0.0636989307581141
1973-05-25,85.76431329610517,0.025532121060839318
1973-05-29,84.85719740730629,-0.010576845472627047
1973-05-30,80.7960494459983,-0.04785861524291052
1973-05-31,79.47486329248952,-0.016352113284843546
1973-06-01,78.65628508164995,-0.010299837922677045
1973-06-04,75.04166613474369,-0.04595461053308162
1973-06-05,77.11449160695908,0.027622327421321508
1973-06-06,77.06381597079391,-0.000657148028978173
1973-06-07,79.01364803974343,0.02530152503333709
1973-06-08,81.64269871583328,0.03327337417413584
1973-06-11,79.94821159260597,-0.020754913175091844
1973-06-12,83.99270328834899,0.05058889517569982
1973-06-13,82.8561654885417,-0.01353138731474714
1973-06-14,80.991613902024,-0.022503474249910272
1973-06-15,77.91218965797384,-0.03802151970666193
1973-06-18,74.42182626998114,-0.044798681737928565
1973-06-19,74.81583429087225,0.005294253589824041
1973-06-20,75.30005718966493,0.006472198076547457
1973-06-21,73.50915990076277,-0.02378347846922963
1973-06-22,74.77846390380874,0.017267290290890906
1973-06-25,71.23188607943969,-0.047427797245624126
1973-06-26,72.34516621896857,0.015628957771626643
1973-06-27,72.88348149813133,0.007440929467677637
1973-06-28,74.90788611311386,0.027775904407563567
1973-06-29,74.48089093169881,-0.005700270072636645
1973-07-02,72.56338609019915,-0.02574492353022565
1973-07-03,71.01555544345156,-0.021330738960053157
1973-07-05,70.83557800048821,-0.002534338312775126
1973-07-06,71.00235181923361,0.002354379302788206
1973-07-09,72.06004096889849,0.014896536840887716
1973-07-10,74.56299594688896,0.034734298570143034
1973-07-11,77.87430148165676,0.044409502229851856
1973-07-12,78.9381107944262,0.013660595248100196
1973-07-13,78.58816688965057,-0.004433142638629436
1973-07-16,80.6537856079039,0.02628409339479517
1973-07-17,82.18381276053583,0.018970307978724153
1973-07-18,84.81653809950194,0.03203459721000364
1973-07-19,86.59008420779786,0.020910380782286714
1973-07-20,89.38761321370778,0.03230772936074804
1973-07-23,89.4648126059796,0.0008636475401492122
1973-07-24,90.7774949998393,0.014672611003400993
1973-07-25,93.00797597196585,0.02457085836231202
1973-07-26,92.92318128380039,-0.0009116926508648528
1973-07-27,93.3746971438918,0.004859022838578954
1973-07-30,92.04372529729987,-0.014254095459510487
1973-07-31,91.40172247656822,-0.006974976497941542
1973-08-01,87.55740799872387,-0.04205954082353193
1973-08-02,87.1579101773723,-0.004562695841308938
1973-08-03,86.73528044706333,-0.004849011747171071
1973-08-06,87.59104799521144,0.009866429712767365
1973-08-07,87.77991444134756,0.0021562300081903966
1973-08-08,84.87666275321985,-0.03307421414801675
1973-08-09,84.893905668628,0.00020315260813531103
1973-08-10,82.8717698981817,-0.023819563424722412
1973-08-13,80.49196986453902,-0.028716655099396977
1973-08-14,78.70410343294388,-0.022211736581971633
1973-08-15,78.12856632631453,-0.007312669626174049
1973-08-16,78.00955348525457,-0.0015232948287171879
1973-08-17,78.88742106966357,0.011253334305713503
1973-08-20,76.42846362165079,-0.03117046310642271
1973-08-21,75.17250714543599,-0.01643309856956246
1973-08-22,73.42276102228992,-0.02327641034721443
1973-08-23,75.98270092767044,0.03486575374907736
1973-08-24,75.66616029837608,-0.004165956532601751
1973-08-27,76.71450215473244,0.01385483090753398
1973-08-28,76.86562535848572,0.0019699430943116445
1973-08-29,78.62900286304819,0.02294104154280207
1973-08-30,79.0550707818257,0.00541871196713035
1973-08-31,81.03341322937419,0.02502486466691372
1973-09-04,82.37642424865558,0.01657354621703832
1973-09-05,83.588090692493,0.014708898266571478
1973-09-06,84.33827611246002,0.008974788319149739
1973-09-07,85.87777260636334,0.018253829279727064
1973-09-10,83.93080963978366,-0.022671325856388275
1973-09-11,82.76290126443286,-0.01391513295729262
1973-09-12,81.70005172586504,-0.012842101017845584
1973-09-13,82.29874357700187,0.0073279249950253065
1973-09-14,83.36781091785832,0.012990080946450776
1973-09-17,83.74880735753133,0.004570066497828472
1973-09-18,83.78940104315512,0.0004847076263485292
1973-09-19,87.5662291942057,0.045075249423317296
1973-09-20,89.60377377642502,0.023268611666495527
1973-09-21,91.30144070395174,0.018946377546136206
1973-09-24,91.77776919752509,0.005217097231990778
1973-09-25,92.02063948369167,0.002646286658415919
1973-09-26,94.048974964859,0.022042179803877737
1973-09-27,95.67279857195314,0.017265723605183997
1973-09-28,95.4575832869998,-0.0022494929401638748
1973-10-01,94.76154369272693,-0.007291611313688881
1973-10-02,96.75105583660442,0.02099493176608282
1973-10-03,97.67694460893848,0.00956980535589937
1973-10-04,96.02131250179193,-0.016950080838165814
1973-10-05,98.69900082647291,0.02788639578979947
1973-10-08,100.1964048603944,0.015171420393141906
1973-10-09,99.89450597969814,-0.003013070989092887
1973-10-10,97.47294280368575,-0.024241204781617662
1973-10-11,101.0612652889327,0.03681352365111177
1973-10-12,102.46635994844787,0.013903394693288473
1973-10-15,99.74172623162623,-0.026590519251317606
1973-10-16,99.73205027365924,-9.701013139192274e-05
1973-10-17,98.42657908701352,-0.013089785911986953
1973-10-18,98.81028677433486,0.003898415355694945
1973-10-19,99.9043094378399,0.011071951101645912
1973-10-22,97.25514297633839,-0.026517038918624523
1973-10-23,95.97272403748511,-0.013186129798454939
1973-10-24,96.76198474772687,0.008223802316306957
1973-10-25,97.19292846866084,0.004453646977762052
1973-10-26,98.40390012286296,0.012459462568746346
1973-10-29,96.46482694446074,-0.01970524721053924
1973-10-30,92.66045341906978,-0.039437934487575634
1973-10-31,91.47104491263705,-0.012836204254834224
1973-11-01,90.06796637140332,-0.015339045733803597
1973-11-02,88.33455366787886,-0.019245607215961427
1973-11-05,84.05417514683454,-0.04845644590154075
1973-11-06,81.85985189483641,-0.026106058957390918
1973-11-07,82.82370381315005,0.011774415614040981
1973-11-08,84.16737474902084,0.016223265490542496
1973-11-09,80.5132457036255,-0.04341502935420761
1973-11-12,78.85005604350204,-0.02065734210052563
1973-11-13,78.05610838167807,-0.010069081769402143
1973-11-14,71.85727592644004,-0.07941508465842334
1973-11-15,71.09139749044067,-0.01065832827817459
1973-11-16,70.5410148227538,-0.007741902496161877
1973-11-19,65.49629759071513,-0.07151466766836816
1973-11-20,60.66951354673439,-0.07369552511415531
1973-11-21,62.042096599494215,0.022623933710998176
1973-11-23,61.95890395677043,-0.0013409063729877327
1973-11-26,55.835782618530146,-0.09882552703825204
1973-11-27,53.929255429156896,-0.03414525775341309
1973-11-28,57.160427788579526,0.059915018920800665
1973-11-29,56.56173854250338,-0.010473841243640324
1973-11-30,54.55065216236586,-0.03555559698056825
1973-12-03,51.79622303156204,-0.050493055932777156
1973-12-04,51.08474399687985,-0.013736118061130604
1973-12-05,48.00316545713508,-0.060322873301136413
1973-12-06,50.45735633029475,0.05112560494268165
1973-12-07,52.18051499479477,0.03415079167485894
1973-12-10,54.19249852917518,0.03855813869566292
1973-12-11,51.843879174233315,-0.04333845861853851
1973-12-12,49.480318925655894,-0.04558995750750306
1973-12-13,46.69986901823332,-0.05619304741346142
1973-12-14,47.484691688839526,0.016805671773935403
1973-12-17,46.638417453783276,-0.017822043377721808
1973-12-18,48.86632301116019,0.04776975032621298
1973-12-19,48.33060647218436,-0.010962898494603081
1973-12-20,48.36130359138318,0.0006351486447100348
1973-12-21,47.13837118395025,-0.02528741610784086
1973-12-24,45.74440328321158,-0.02957183003415457
1973-12-26,48.06374766201349,0.050702254534668194
1973-12-27,49.74101413830791,0.03489670610142674
1973-12-28,50.426186387306785,0.013774794520548167
1973-12-31,51.212931024048245,0.015601906332926614
1974-01-02,51.741911347128585,0.010329038242937941
1974-01-03,54.49061173772458,0.053123286694134186
1974-01-04,54.331434391766905,-0.0029211884557991162
1974-01-07,54.911549133388775,0.010677331605840624
1974-01-08,54.10637408252175,-0.014663127585621966
1974-01-09,50.944093114240594,-0.05844562719095012
1974-01-10,49.63215605645111,-0.025752486256797356
1974-01-11,50.93290270896233,0.02620774022050876
1974-01-14,51.15756896461904,0.0044110239885694295
1974-01-15,52.251336719476356,0.021380370040917578
1974-01-16,54.623501574692696,0.04539912285788726
1974-01-17,57.135157628046734,0.04598123483386685
1974-01-18,55.98841867866625,-0.02007063596193824
1974-01-21,54.445607743291106,-0.027555894089986384
1974-01-22,55.825632522823966,0.025346852330855044
1974-01-23,56.6308647376858,0.014424058957731013
1974-01-24,56.343625922356495,-0.005072124832629696
1974-01-25,55.95135339408091,-0.006962145617254833
1974-01-28,55.220163445675055,-0.0130683156715778
1974-01-29,54.3975964377159,-0.014896134973747218
1974-01-30,55.43005820332956,0.0189799151658438
1974-01-31,54.99003854942598,-0.007938285979954959
1974-02-01,53.614043786496346,-0.025022618627424137
1974-02-04,51.40153540137277,-0.04126732902174483
1974-02-05,50.668535607379106,-0.014260270403792009
1974-02-06,51.109966629600784,0.00871213302161027
1974-02-07,51.2066420704065,0.001891518370699292
1974-02-08,50.177870954603605,-0.02009057954607511
1974-02-11,48.37476687763293,-0.03593424835824468
1974-02-12,47.35345560469479,-0.021112479477608987
1974-02-13,46.676512923609344,-0.014295528646030481
1974-02-14,46.86119359692262,0.0039566081899801405
1974-02-15,48.04369085313007,0.025234040480887402
1974-02-19,47.71856038037516,-0.006767391659163744
1974-02-20,48.86719758669154,0.024071078363645988
1974-02-21,49.825679637143324,0.01961401712777606
1974-02-22,51.03963361668407,0.024364022495656643
1974-02-25,50.636526347842214,-0.007897926381471656
1974-02-26,51.256609098934014,0.012245760043495237
1974-02-27,52.80640805448147,0.030236080435131315
1974-02-28,53.2751461715029,0.008876538554521925
1974-03-01,52.7470921164628,-0.009911827427749983
1974-03-04,52.267456910950855,-0.009093111795678488
1974-03-05,53.76918462295394,0.02873160089961142
1974-03-06,54.44743644516655,0.012614136274684563
1974-03-07,53.41397233694709,-0.018980950724103475
1974-03-08,54.47894736379138,0.019938135664694417
1974-03-11,55.62012587682891,0.020947146893590653
1974-03-12,55.477552418243334,-0.0025633429687178582
1974-03-13,56.37763135369758,0.016224200531930143
1974-03-14,56.672647244308834,0.005232853589758024
1974-03-15,56.68674856192932,0.00024882052111842035
1974-03-18,54.579724863566064,-0.037169598747780766
1974-03-19,53.49490561643187,-0.019875865073448757
1974-03-20,53.81371263163394,0.005959577113528842
1974-03-21,54.49075961644399,0.012581309701573177
1974-03-22,54.62472510136865,0.0024584991265975144
1974-03-25,54.39193435466596,-0.004261636946834658
1974-03-26,54.2347460599335,-0.002889919187420481
1974-03-27,52.40423146291478,-0.0337516948082667
1974-03-28,50.148569603278226,-0.043043506157185656
1974-03-29,49.157894216981816,-0.019754808444858385
1974-04-01,48.511539562976964,-0.013148542351140102
1974-04-02,48.69932125569439,0.003870866486800573
1974-04-03,48.83991278099697,0.002886929872480349
1974-04-04,48.42411186346417,-0.008513547503601969
1974-04-05,46.54034649751181,-0.038901392167269754
1974-04-08,45.2875749111379,-0.02691796861548689
1974-04-09,45.6635297374441,0.008301500511870692
1974-04-10,45.175588225938014,-0.010685584629827178
1974-04-11,45.03810080446959,-0.0030434008026814416
1974-04-15,44.41415713096321,-0.013853685265619932
1974-04-16,45.75356401879703,0.03015720604320679
1974-04-17,46.32912696011995,0.012579630760271717
1974-04-18,46.58762052043186,0.005579504240052412
1974-04-19,45.6630973949555,-0.01984482390704835
1974-04-22,45.55134214034244,-0.0024473866423568996
1974-04-23,42.80945129465541,-0.06019341509717414
1974-04-24,40.58696555571562,-0.051915772609242836
1974-04-25,39.29750826356228,-0.03177023151393877
1974-04-26,39.55689633915831,0.006600623985020907
1974-04-29,39.815378152322054,0.006534431087503456
1974-04-30,40.3531395329599,0.013506373808143325
1974-05-01,41.41126515998584,0.026221643204779082
1974-05-02,41.87784475212447,0.011266972654326603
1974-05-03,41.14815914680213,-0.017424144189877932
1974-05-06,40.87632511276348,-0.00660622588409948
1974-05-07,39.948142795471604,-0.02270708814286384
1974-05-08,38.66095449333044,-0.03222148045107796
1974-05-09,38.74122965495278,0.0020763885081053614
1974-05-10,36.6815937610571,-0.053163926706502114
1974-05-13,35.178518453544086,-0.04097628138253756
1974-05-14,35.14002597954036,-0.001094203954454647
1974-05-15,35.57061027889334,0.012253385913934167
1974-05-16,35.54456849703545,-0.0007321151268900812
1974-05-17,33.52634568188731,-0.05678006234107103
1974-05-20,32.87503130514457,-0.019426942110622326
1974-05-21,32.69320999540053,-0.00553068096137705
1974-05-22,31.993291705117468,-0.021408674473431265
1974-05-23,31.779224159003938,-0.006691013481407126
1974-05-24,32.832599817183784,0.033146676360297146
1974-05-28,32.31200126401443,-0.015856147733292986
1974-05-29,30.76925851081691,-0.04774519351469742
1974-05-30,31.116464368293787,0.011284180194164172
1974-05-31,31.23307294130487,0.003747487877507646
1974-06-03,32.226255788944336,0.03179907559867438
1974-06-04,33.03698664889057,0.025157463692209874
1974-06-05,33.55797870465103,0.015769962959922588
1974-06-06,34.75781453904934,0.03575411513781145
1974-06-07,35.384030316224084,0.01801654636459398
1974-06-10,35.61074826856549,0.006407352421848056
1974-06-11,34.85911544101791,-0.021106909124149486
1974-06-12,34.54495862394035,-0.009012185567620672
1974-06-13,34.70667307209028,0.0046812749122199905
1974-06-14,34.09332799903914,-0.017672252012664775
1974-06-17,32.54743787331678,-0.04534289306593744
1974-06-18,32.18803322284083,-0.011042486719687349
1974-06-19,31.474827131089555,-0.022157492096944276
1974-06-20,30.514865883317064,-0.030499333444290174
1974-06-21,29.655109362992064,-0.028175005704188315
1974-06-24,29.363283432942303,-0.009840662749804049
1974-06-25,29.877210684768073,0.01750237683736693
1974-06-26,28.646131131262305,-0.04120463474635517
1974-06-27,27.054367677183667,-0.05556643746357437
1974-06-28,26.12521296743627,-0.034343981749423824
1974-07-01,25.507861684670395,-0.02363047847821826
1974-07-02,23.894593076661817,-0.06324593679987346
1974-07-03,23.740004340782328,-0.006469611572104096
1974-07-05,23.63528140060558,-0.0044112435142585425
1974-07-08,21.093356964631468,-0.10754788119040483
1974-07-09,20.75553646920785,-0.016015492270389238
1974-07-10,20.068589262250526,-0.03309705860778181
1974-07-11,20.173205118753547,0.005212915324337361
1974-07-12,21.662451185717437,0.07382297746922965
1974-07-15,21.910208396943624,0.011437173434442149
1974-07-16,21.58242593672199,-0.01496026209715824
1974-07-17,22.550604236192868,0.044859567794162857
1974-07-18,22.635238981291863,0.00375310320790264
1974-07-19,23.177058036654863,0.023936970836085047
1974-07-22,23.17007730505654,-0.0003011914448883713
1974-07-23,24.12712059604924,0.0413051401768021
1974-07-24,24.302869704613176,0.0072842968502718946
1974-07-25,23.199641279867997,-0.04539498578374738
1974-07-26,22.54716985753617,-0.02812420306248549
1974-07-29,21.277411008333477,-0.056315664326194184
1974-07-30,21.099829314568048,-0.008346019809265307
1974-07-31,19.928955659859497,-0.05549209129858412
1974-08-01,19.614005369176898,-0.01580365253744662
1974-08-02,19.41232635037455,-0.010282398470191318
1974-08-05,19.617181516683715,0.010552839603647531
1974-08-06,20.336324718683947,0.03665884425795971
1974-08-07,21.32350032320848,0.04854247845568509
1974-08-08,20.405254769366717,-0.043062608855186334
1974-08-09,20.42363640143737,0.0009008283541869903
1974-08-12,20.114760764401215,-0.015123439869621681
1974-08-13,18.786478819272414,-0.06603518484194813
1974-08-14,17.493738306004218,-0.06881228386141305
1974-08-15,17.19847106760265,-0.01687845292050741
1974-08-16,16.405166389909624,-0.046126465229075
1974-08-19,15.841304684736127,-0.03437098361405906
1974-08-20,16.265907723525842,0.026803539685644674
1974-08-21,15.665834959566062,-0.03689144031549358
1974-08-22,14.697167263910176,-0.06183313549236566
1974-08-23,13.984447972466212,-0.04849365041888654
1974-08-26,14.216890487253586,0.01662150091623397
1974-08-27,13.8050052458581,-0.028971542107943372
1974-08-28,13.859648367708708,0.003958210871886647
1974-08-29,13.14851083269602,-0.051309926207763756
1974-08-30,13.786357488862324,0.04851094274343138
1974-09-03,12.777739599315865,-0.07316057851838649
1974-09-04,11.557746558071534,-0.09547800154807118
1974-09-05,12.300426161281163,0.06425816654466848
1974-09-06,12.589971363620363,0.023539444775549208
1974-09-09,11.748309823434404,-0.06685174381079217
1974-09-10,11.506469630848175,-0.020585105110509597
1974-09-11,11.496325412542094,-0.0008816099665257153
1974-09-12,10.76084432641676,-0.06397531904611439
1974-09-13,10.169469882279358,-0.054956137845581454
1974-09-16,10.470393293681493,0.029590865097747485
1974-09-17,10.729895248449115,0.02478435599207358
1974-09-18,10.948969065675241,0.02041714407769195
1974-09-19,11.73610582510103,0.07189140408601977
1974-09-20,11.956513989501993,0.018780349094122614
1974-09-23,11.799421375250397,-0.013138663525968038
1974-09-24,11.308488347391028,-0.04160653410421579
1974-09-25,11.258145958178119,-0.004451734632111503
1974-09-26,10.742388328176698,-0.04581195091246495
1974-09-27,10.320716010467738,-0.0392531255459213
1974-09-30,9.523192048647156,-0.07727409232186004
1974-10-01,9.422133986282851,-0.01061178456215838
1974-10-02,9.515423438373341,0.00990109589041122
1974-10-03,9.101654121775281,-0.043484067658978894
1974-10-04,9.242573049452783,0.015482782117632914
1974-10-07,9.941010025780948,0.07556737421399287
1974-10-08,9.705340496398343,-0.023706799286131015
1974-10-09,10.448685273567005,0.07659131356025262
1974-10-10,11.294187275461208,0.08091946304796317
1974-10-11,12.029169319366975,0.0650761339421613
1974-10-14,12.798146683573247,0.06392605705268575
1974-10-15,12.588123212737667,-0.01641045973517009
1974-10-16,12.454267869918462,-0.01063346303154705
1974-10-17,12.968636597359868,0.041300599345850744
1974-10-18,13.409049056490256,0.03395981187567901
1974-10-21,14.079994269730188,0.050036748349069494
1974-10-22,14.286539756897692,0.014669429774665918
1974-10-23,13.786729971939222,-0.03498466342888639
1974-10-24,13.259694080499925,-0.038227766302234
1974-10-25,13.432675456834671,0.013045653639108985
1974-10-28,13.174117931401105,-0.019248401129352832
1974-10-29,13.909064072646498,0.05578712328767132
1974-10-30,14.696871307689738,0.05663984513469465
1974-10-31,14.92924129257019,0.015810847085452145
1974-11-01,14.806950425910935,-0.008191365137899902
1974-11-04,14.489969240294966,-0.021407594170186315
1974-11-05,15.406165983114878,0.06322972310196977
1974-11-06,15.484467749526699,0.005082495313735996
1974-11-07,15.851108166617527,0.023677947671274367
1974-11-08,15.752431568307198,-0.006225217648703111
1974-11-11,15.884021548087063,0.008353629673568218
1974-11-12,14.906773707657681,-0.06152395584901939
1974-11-13,14.641213451892114,-0.017814737177444837
1974-11-14,14.676311462338752,0.0023972063901644127
1974-11-15,14.244359477070015,-0.02943191730273512
1974-11-18,12.689211800672224,-0.1091763851439725
1974-11-19,11.973279498848504,-0.05642054944545827
1974-11-20,11.862700204688053,-0.009235505959005267
1974-11-21,12.291778023318816,0.036170333164214544
1974-11-22,12.635018640498924,0.02792440739890874
1974-11-25,12.382718595928406,-0.019968315975555685
1974-11-26,12.962305504620618,0.04680611161451943
1974-11-27,13.050577310039648,0.006809884660376673
1974-11-29,13.13436008058951,0.006419851670884139
1974-12-02,12.312201767303568,-0.06259599312348382
1974-12-03,11.61272821721416,-0.05681141060788488
1974-12-04,11.55657270264002,-0.004835686629684308
1974-12-05,10.69714218859579,-0.07436724850507806
1974-12-06,10.306444158013347,-0.036523589543286036
1974-12-09,10.135564436361584,-0.016579891088713026
1974-12-10,10.578093000104785,0.04366096891018901
1974-12-11,10.849582342857603,0.02566524445853603
1974-12-12,10.894961237631291,0.004182547617011353
1974-12-13,10.813811770415153,-0.007448348410442003
1974-12-16,10.59902462049609,-0.01986229781682406
1974-12-17,10.773373839797717,0.016449553194213203
1974-12-18,11.015116325867698,0.02243888401764772
1974-12-19,10.916799598479649,-0.008925618620764204
1974-12-20,10.477599226229106,-0.040231605269341844
1974-12-23,10.031916402422775,-0.04253673138123391
1974-12-24,10.262242224967109,0.02295930441452931
1974-12-26,10.555539803607438,0.028580262696076483
1974-12-27,10.476309616931685,-0.007506028886241839
1974-12-30,10.485992563817144,0.0009242707823190685
1974-12-31,11.03867150277113,0.05270640195388418
1975-01-02,11.521419069397636,0.04373239719157485
1975-01-03,11.822903215120526,0.026167275394371303
1975-01-06,12.117368949952695,0.024906381239387335
1975-01-07,12.205359302739055,0.007261506449938029
1975-01-08,11.974291940709715,-0.018931631285732334
1975-01-09,12.482144426272427,0.04241190110257254
1975-01-10,13.274322975908396,0.06346494020439228
1975-01-13,13.054400969402664,-0.016567474432019554
1975-01-14,12.911837597336174,-0.01092071343607685
1975-01-15,13.377958463681848,0.036100273321423904
1975-01-16,13.961978012999293,0.043655356749905075
1975-01-17,13.703044169864317,-0.018545641806189356
1975-01-20,13.727462777714106,0.0017819841742530115
1975-01-21,13.560929348717444,-0.012131406341674533
1975-01-22,13.52252838615828,-0.0028317353163407064
1975-01-23,13.756254039125007,0.017284168041086893
1975-01-24,14.325414158658534,0.04137464442825375
1975-01-27,15.415416481330052,0.07608871273105226
1975-01-28,16.0220493715756,0.03935235165266269
1975-01-29,16.842532524906733,0.051209625828936386
1975-01-30,16.776246461752514,-0.003935635157966691
1975-01-31,17.3521025540045,0.034325681466641264
1975-02-03,18.059396438079755,0.04076127846028823
1975-02-04,17.59931501182602,-0.025476013433295797
1975-02-05,18.30652436143119,0.0401839133585571
1975-02-06,18.607401593646937,0.016435519177503972
1975-02-07,18.341300067589575,-0.014300842851062888
1975-02-10,18.107704572418406,-0.012736038029493368
1975-02-11,18.114884021279835,0.000396485862286623
1975-02-12,18.697506275911525,0.03216262681821632
1975-02-13,19.70774574077683,0.054030706018097396
1975-02-14,20.01548274616352,0.015615028194217201
1975-02-18,19.36579968128662,-0.032459025501217535
1975-02-19,19.685944482227395,0.01653145267479623
1975-02-20,20.260833366408107,0.029203012570706437
1975-02-21,20.433759295156857,0.008534985981152142
1975-02-24,19.89210702950293,-0.026507714896216256
1975-02-25,19.01853408074533,-0.04391555642959114
1975-02-26,19.152602006646667,0.007049330160365471
1975-02-27,19.382740937983538,0.012016066081099792
1975-02-28,19.75902018775079,0.01941310834062046
1975-03-03,20.43138445744372,0.034028219178082124
1975-03-04,20.746308799611075,0.015413754404323708
1975-03-05,20.485753271355264,-0.012559127060747157
1975-03-06,20.593309183499645,0.005250278606780545
1975-03-07,20.90152508416836,0.01496679809555197
1975-03-10,21.30436997672583,0.019273468846663307
1975-03-11,21.440358606380087,0.006383133122585611
1975-03-12,20.659764027051622,-0.036407720302597035
1975-03-13,21.119052723992745,0.02223107177505687
1975-03-14,22.297730707390926,0.055811119883190555
1975-03-17,22.47178907216972,0.0078061022021895165
1975-03-18,22.39162819258899,-0.003567178355194081
1975-03-19,21.941307138737262,-0.020111134839259776
1975-03-20,22.03639896636009,0.004333918076145317
1975-03-21,22.15793491108247,0.005515236173928156
1975-03-24,20.84276644482091,-0.05935428872497364
1975-03-25,20.766582376314595,-0.0036551802616031095
1975-03-26,21.796944571960665,0.0496163584828119
1975-03-27,22.332911293365004,0.024589075759443822
1975-03-31,21.873159083952455,-0.020586308850344036
1975-04-01,21.664415210057204,-0.00954338022660838
1975-04-02,21.836177760671326,0.007928326195224664
1975-04-03,21.2551739961181,-0.026607393057573443
1975-04-04,21.06742717454588,-0.00883299386805811
1975-04-07,20.73587363553246,-0.015737732769476986
1975-04-08,20.89430297764797,0.00764035048149736
1975-04-09,21.62544336362428,0.03499233196524724
1975-04-10,21.934611171679492,0.014296484139384447
1975-04-11,22.41173677717249,0.02175217977463066
1975-04-14,23.308614677492915,0.04001822389927156
1975-04-15,23.470747917059377,0.006955936326967595
1975-04-16,23.915240966651023,0.01893817151299945
1975-04-17,24.153744716357075,0.009972876712328965
1975-04-18,23.986426897040257,-0.006927199955190021
1975-04-21,24.90608476476844,0.038340761284527285
1975-04-22,24.395193532864525,-0.02051270750618383
1975-04-23,24.11498418274899,-0.011486252393859595
1975-04-24,23.95713887384323,-0.006545528195646758
1975-04-25,24.48123235241002,0.021876296720014465
1975-04-28,24.143028072965905,-0.01381483883554674
1975-04-29,23.716755212944452,-0.017656147304023095
1975-04-30,24.37440275204128,0.027729237545020095
1975-05-01,25.05339457962348,0.027856757537385667
1975-05-02,25.981906168964212,0.0370613086537948
1975-05-05,26.84423675343068,0.0331896581743695
1975-05-06,26.51597852394007,-0.012228257130412111
1975-05-07,27.007450485237225,0.01853493586342393
1975-05-08,27.813852435745314,0.02985849963693837
1975-05-09,28.524363133879497,0.025545209883297663
1975-05-12,27.9847563522224,-0.018917399807471418
1975-05-13,28.03500233735368,0.0017954769553420293
1975-05-14,28.606176409833648,0.02037360530977876
1975-05-15,28.481190849081862,-0.004369180940547496
1975-05-16,28.11920019853225,-0.012709814433945244
1975-05-19,27.656444890904666,-0.016456915714542185
1975-05-20,27.483664181582736,-0.0062473940523987
1975-05-21,26.606209329291623,-0.03192641441453473
1975-05-22,27.20696220980514,0.02257942396371849
1975-05-23,28.267015584697695,0.03896257754607088
1975-05-27,28.130516997893103,-0.004828899831876277
1975-05-28,27.60799753825549,-0.018574826039519612
1975-05-29,27.40518969782344,-0.0073459815457830695
1975-05-30,28.731476841236617,0.04839547392436079
1975-06-02,29.538184161153296,0.028077474902329303
1975-06-03,29.812058520743804,0.009271875281713787
1975-06-04,29.704955439597242,-0.0035926093822752614
1975-06-05,29.916227007512244,0.007112334113565868
1975-06-06,30.48007371192088,0.018847520586972685
1975-06-09,29.657792112564604,-0.02697767751902376
1975-06-10,29.010948419865603,-0.021810244344688232
1975-06-11,29.218873406701707,0.007167121316644906
1975-06-12,28.57848115395239,-0.02191707544078126
1975-06-13,29.032261923422222,0.015878407499170986
1975-06-16,29.635390831347035,0.020774437400560494
1975-06-17,29.020784140952788,-0.02073894330909719
1975-06-18,29.061738510888595,0.0014112082477473948
1975-06-19,30.189020618911105,0.03878921791275999
1975-06-20,30.927306142103326,0.02445543141368883
1975-06-23,31.501683265370936,0.01857184459029465
1975-06-24,32.00767648575385,0.016062418510160457
1975-06-25,32.08475814170721,0.002408224039244916
1975-06-26,32.25118964919026,0.005187245194368363
1975-06-27,32.30627415575834,0.0017079837105935616
1975-06-30,32.8862787822741,0.017953312217911018
1975-07-01,32.103100001224064,-0.02381475831410186
1975-07-02,31.332468840257036,-0.02400488304673521
1975-07-03,31.946268085834063,0.019589878113543235
1975-07-07,31.275710689608985,-0.020990163684327916
1975-07-08,31.044679004762546,-0.007386936371783163
1975-07-09,32.25450310387429,0.038970417407960554
1975-07-10,32.622783840364974,0.01141796341753102
1975-07-11,33.03893562722443,0.012756476850530007
1975-07-14,33.468178292721575,0.012992024632398987
1975-07-15,33.94877206313202,0.014359723024272193
1975-07-16,33.241871114508406,-0.020822577833125758
1975-07-17,32.94426895392905,-0.008952629638512465
1975-07-18,32.81860082164286,-0.003814567336793215
1975-07-21,32.53307642788559,-0.008700078205923376
1975-07-22,31.35114999084376,-0.03632999294308199
1975-07-23,30.143360832523726,-0.03852455679210407
1975-07-24,29.629586029702033,-0.017044376892020225
1975-07-25,29.058305442236538,-0.0192807481985343
1975-07-28,28.524132271824094,-0.01838280526971194
1975-07-29,28.09081068370289,-0.015191402984385698
1975-07-30,28.457026820316536,0.01303686606759668
1975-07-31,28.620766267792828,0.005753919708835931
1975-08-01,26.999557124551515,-0.056644505184533595
1975-08-04,26.362232145873,-0.023605016028169317
1975-08-05,25.570454827068833,-0.03003453252451992
1975-08-06,25.636741383451454,0.002592310415708829
1975-08-07,25.01301953899358,-0.024329217006514386
1975-08-08,24.974628296222438,-0.0015348503890661163
1975-08-11,24.87841146940168,-0.00385258293655214
1975-08-12,25.0186465046152,0.005636816296972876
1975-08-13,24.537081872045036,-0.019248228815309083
1975-08-14,23.94075068388238,-0.024303264392741428
1975-08-15,24.059118448225018,0.004944196023992074
1975-08-18,23.551974384880968,-0.021079079203812776
1975-08-19,22.301749855061917,-0.05308364001200785
1975-08-20,21.314805336515157,-0.044254129158513095
1975-08-21,21.635981420830806,0.01506821569538
1975-08-22,22.105742004074653,0.021712007147111263
1975-08-25,22.44225219871334,0.015222750477077886
1975-08-26,21.889641192045644,-0.024623687577104196
1975-08-27,22.19925364657584,0.014144245299128378
1975-08-28,23.494598556086128,0.05835083152491892
1975-08-29,24.35175794746305,0.03648325334568783
1975-09-02,23.31352669774686,-0.04263475564910302
1975-09-03,23.483503039956926,0.007290889294174874
1975-09-04,23.52798040182869,0.0018939832697057071
1975-09-05,23.21114642557984,-0.013466263182717732
1975-09-08,22.9227740585699,-0.012423874362885414
1975-09-09,22.15865170989208,-0.03333463684305464
1975-09-10,20.977798749546253,-0.05329083085947278
1975-09-11,20.651019973508472,-0.015577362522121016
1975-09-12,20.54285934508104,-0.005237544129354418
1975-09-15,20.334989374616374,-0.01011884309641841
1975-09-16,19.769197752949736,-0.02782355137952021
1975-09-17,19.841007486500136,0.0036324050397889217
1975-09-18,20.573729796638276,0.0369296927404862
1975-09-19,21.902017917049672,0.06456233913543652
1975-09-22,21.44436183626467,-0.020895612564938076
1975-09-23,21.511624207861107,0.003136599359309981
1975-09-24,21.927449585523316,0.019330264123443165
1975-09-25,21.642827952479195,-0.012980152203019098
1975-09-26,21.676368908833222,0.001549749248465676
1975-09-29,21.01696901189767,-0.0304202193507992
1975-09-30,20.14638511999642,-0.04142290410231922
1975-10-01,19.714885470548325,-0.0214182170586924
1975-10-02,20.0028612571195,0.014607023053792158
1975-10-03,21.08661620908867,0.05417999645342923
1975-10-06,21.528976152591824,0.02097823278599297
1975-10-07,21.400968313983544,-0.005945839583870326
1975-10-08,22.018048901124512,0.028834236754500774
1975-10-09,22.2416271090254,0.010154315166838825
1975-10-10,22.3191458583183,0.003485300284593208
1975-10-13,22.96115126762103,0.0287647839831405
1975-10-14,23.394928644827086,0.018891795631247488
1975-10-15,23.40327028186159,0.00035655748992200603
1975-10-16,22.89087601741108,-0.021894130960305788
1975-10-17,23.41217773016747,0.022773340450574425
1975-10-20,23.32945846832409,-0.0035331724710424665
1975-10-21,23.597563859023555,0.011492139479512106
1975-10-22,24.030182669992286,0.018333198017951226
1975-10-23,23.252988428761384,-0.0323424191944002
1975-10-24,23.752806367704622,0.02149478293830887
1975-10-27,23.45177314333849,-0.012673585584204169
1975-10-28,23.84654311557723,0.016833267566843942
1975-10-29,22.800925231048982,-0.043847776151890935
1975-10-30,22.685684974421058,-0.0050541921198442976
1975-10-31,22.28085733010794,-0.017845070350292584
1975-11-03,21.957811041495237,-0.014498826675586385
1975-11-04,22.163553556866702,0.009369900987974612
1975-11-05,22.543591111199866,0.01714695946018192
1975-11-06,22.62172182306927,0.003465761576494488
1975-11-07,22.463261887806638,-0.007004768978329204
1975-11-10,22.679636961828614,0.009632397783664193
1975-11-11,23.153344199685595,0.020886896851755814
1975-11-12,24.283668017701107,0.04881903055848246
1975-11-13,24.23705818271818,-0.0019193902234602008
1975-11-14,24.016119528028945,-0.009115737274038117
1975-11-17,24.123633597840588,0.004476746115714726
1975-11-18,23.683813263072427,-0.018231927333182855
1975-11-19,23.005371594489866,-0.02864579538128609
1975-11-20,22.82748778324755,-0.007732272895992902
1975-11-21,22.88858836967386,0.0026766233326452286
1975-11-24,23.045715351059833,0.0068648611634851515
1975-11-25,23.275784037990555,0.00998314365278071
1975-11-26,23.614554024369948,0.014554611171269497
1975-11-28,23.82969968189701,0.009110722874759173
1975-12-01,23.700749572823153,-0.0054113191015924
1975-12-02,22.497894795721116,-0.05075176096883059
1975-12-03,21.048435282551008,-0.0644264508448934
1975-12-04,20.655657511166847,-0.018660663660341994
1975-12-05,20.25956339459102,-0.019176059457884156
1975-12-08,20.420598736927825,0.007948608723710183
1975-12-09,20.09296639966863,-0.01604420817822138
1975-12-10,20.68291519141709,0.02936096044823875
1975-12-11,20.542177634683753,-0.006804531925545054
1975-12-12,20.402082495873103,-0.006819877682982968
1975-12-15,20.0981087839596,-0.01489915120061844
1975-12-16,20.62333924247956,0.02613332747701852
1975-12-17,21.124717771215913,0.024311219577071396
1975-12-18,21.34988386795029,0.010658892543463175
1975-12-19,21.22300732945556,-0.005942727336573224
1975-12-22,20.944531506138393,-0.013121412012644823
1975-12-23,21.185023646619477,0.011482335635466433
1975-12-24,21.59486001383268,0.019345570439266397
1975-12-26,22.23839566145369,0.02980040839388593
1975-12-29,22.072241700897887,-0.007471490438665107
1975-12-30,21.83927344533467,-0.010554807197210978
1975-12-31,22.6504970480822,0.037145173568987284
1976-01-02,23.034803074708847,0.01696678116205785
1976-01-05,23.65366340095402,0.02686631720870463
1976-01-06,25.013855109124098,0.05750448398260433
1976-01-07,25.68665676356804,0.026897159654472126
1976-01-08,26.314321544053154,0.024435440791786747
1976-01-09,26.952123465937056,0.024237825049608527
1976-01-12,27.34408725204059,0.014542964920701314
1976-01-13,27.05613482915004,-0.01053070158226126
1976-01-14,28.23758686801086,0.04366669689965971
1976-01-15,28.34868489875419,0.003934402442483083
1976-01-16,28.92730326337248,0.02041076567342703
1976-01-19,29.368919784410068,0.0152664255294326
1976-01-20,29.545341754848966,0.006007097698314022
1976-01-21,29.59718681539835,0.0017547625943732219
1976-01-22,29.251907930449015,-0.011665935925021732
1976-01-23,29.915272449052566,0.02267764961454166
1976-01-26,29.69314472638729,-0.007425228135347127
1976-01-27,29.389048360302553,-0.010241298753866781
1976-01-28,29.25346936669922,-0.00461324885178887
1976-01-29,30.829341487042793,0.05386958041077591
1976-01-30,31.79518353681972,0.03132866299407853
1976-02-02,32.046060681002096,0.00789041346126698
1976-02-03,32.15582458230831,0.003425191707612513
1976-02-04,33.33671744316799,0.03672407335837339
1976-02-05,32.85011695086083,-0.014596532881100664
1976-02-06,31.987602397742364,-0.026256057304412793
1976-02-09,32.62436769403926,0.019906627835971573
1976-02-10,32.75769713682219,0.004086805422049333
1976-02-11,33.58416049323658,0.025229592695800038
1976-02-12,33.799598123468385,0.0064148582863993485
1976-02-13,33.89045983123941,0.002688248169079146
1976-02-17,33.728825706899926,-0.004769310453276742
1976-02-18,34.19550484004622,0.013836210522171441
1976-02-19,35.24130834044125,0.030583069479070673
1976-02-20,36.27302416876777,0.029275752714962976
1976-02-23,36.61842581661042,0.009522273252861223
1976-02-24,37.123288590705464,0.013787123909243353
1976-02-25,37.55992015522748,0.01176166177883654
1976-02-26,36.77637548133432,-0.020861191148834578
1976-02-27,35.340267308831585,-0.03904974739100161
1976-03-01,35.32724658604981,-0.0003684387180206064
1976-03-02,35.6673726296237,0.009627867338752611
1976-03-03,35.22966988948439,-0.012271796543145648
1976-03-04,34.61975002284605,-0.017312676177541862
1976-03-05,34.41080438113955,-0.006035446286256129
1976-03-08,34.98647410550997,0.016729330648426896
1976-03-09,34.99771954980645,0.0003214226235705045
1976-03-10,35.254005801557255,0.007322941467259839
1976-03-11,36.437835171142396,0.0335799958804354
1976-03-12,36.173731171613795,-0.007248070536796392
1976-03-15,34.65773354860835,-0.04190879884116238
1976-03-16,34.81955773743061,0.0046692086369494595
1976-03-17,35.10975419065378,0.008334294634397891
1976-03-18,34.454750072659266,-0.018655901560509298
1976-03-19,34.44279323270903,-0.00034703023313257283
1976-03-22,34.61464972642454,0.004989621270097885
1976-03-23,35.38996607200443,0.02239850328423288
1976-03-24,36.059271052493955,0.018912280930921375
1976-03-25,35.74952015043274,-0.008590048911701297
1976-03-26,36.009316285217245,0.00726712229118863
1976-03-29,35.77030618168646,-0.0066374518648917216
1976-03-30,35.533221798346226,-0.006627966283990413
1976-03-31,35.685938136112554,0.004297846635833039
1976-04-01,35.4728584230743,-0.0059709713172042345
1976-04-02,35.696000408849734,0.006290499150479788
1976-04-05,36.63998942148409,0.02644523200981148
1976-04-06,36.783816644901144,0.003925416619599974
1976-04-07,35.879348356972926,-0.02458875588304638
1976-04-08,34.97798184153691,-0.025122154016513507
1976-04-09,33.63733436038576,-0.0383283257228726
1976-04-12,33.30689991583584,-0.009823443231549982
1976-04-13,33.37416589310805,0.002019580850880192
1976-04-14,33.47540041456059,0.003033319897095793
1976-04-15,33.950254367037054,0.014185161240668109
1976-04-19,34.42834950324772,0.014082225453805676
1976-04-20,35.603856466419856,0.03414357586503652
1976-04-21,35.79203732729147,0.005285406681972649
1976-04-22,36.0163669972799,0.006267585942010326
1976-04-23,35.58829904928529,-0.01188537278140633
1976-04-26,35.55166292191094,-0.0010294430572142382
1976-04-27,34.85645310937094,-0.01955491685626696
1976-04-28,35.22791887761224,0.010657015705979364
1976-04-29,35.52008606092881,0.008293625982608063
1976-04-30,34.966557758620475,-0.015583529312368519
1976-05-03,33.765844366431246,-0.03433890749206538
1976-05-04,33.981570176471806,0.006388876513777717
1976-05-05,33.98116165486313,-1.2021857923497271e-05
1976-05-06,34.18637648300682,0.006039076304335808
1976-05-07,34.87412785296324,0.0201177030358361
1976-05-10,35.48884280677722,0.017626676039204443
1976-05-11,35.53544721008436,0.0013132128190507576
1976-05-12,35.59386002434079,0.0016437900418445949
1976-05-13,35.098636625411245,-0.013913169254216581
1976-05-14,34.584689953400854,-0.014642924096894824
1976-05-17,34.24830474119764,-0.009726419772924188
1976-05-18,34.293817658926095,0.0013289100897803665
1976-05-19,33.97164947116358,-0.009394351803193278
1976-05-20,34.29097424031352,0.009399742847958893
1976-05-21,34.12969738185946,-0.0047031868305583875
1976-05-24,32.708145697690576,-0.041651458794488526
1976-05-25,32.329280464458215,-0.011583207337220267
1976-05-26,32.64920240892522,0.009895733523012342
1976-05-27,32.29304107043066,-0.01090873014396186
1976-05-28,32.57960399908078,0.008873829133190826
1976-06-01,32.3226996789927,-0.007885434092302938
1976-06-02,32.708814171071595,0.011945613946654375
1976-06-03,32.819725898759074,0.003390881953329062
1976-06-04,32.25039659932144,-0.017347168016999124
1976-06-07,31.664867309660668,-0.01815572369342865
1976-06-08,31.55557285567025,-0.0034515999363456816
1976-06-09,31.370467349419496,-0.005866016348281682
1976-06-10,31.759740646379935,0.012408909711944225
1976-06-11,32.19586884302877,0.013732108253174596
1976-06-14,32.954546336401236,0.023564436079405157
1976-06-15,33.010068509383125,0.0016848107212619264
1976-06-16,33.547088271365375,0.016268362540041593
1976-06-17,34.440720722537556,0.026638152436465078
1976-06-18,34.82033692534964,0.011022307165705512
1976-06-21,34.93508445336881,0.0032954169359466156
1976-06-22,34.22549969282168,-0.02031152268987023
1976-06-23,33.82373940382123,-0.011738624493617329
1976-06-24,34.51732810544166,0.020505973433028388
1976-06-25,34.80519817731549,0.008339871237844876
1976-06-28,34.59522767171812,-0.006032734091260528
1976-06-29,34.8719739395319,0.007999550413134526
1976-06-30,35.11536054628581,0.006979433030545942
1976-07-01,35.068283796696115,-0.0013406312467629143
1976-07-02,35.76705262762993,0.019925948899719204
1976-07-06,35.45835313693035,-0.008630833910566928
1976-07-07,35.434449691174244,-0.0006741273533994484
1976-07-08,35.65695567151021,0.00627936887055372
1976-07-09,36.469500885073536,0.022787845968929608
1976-07-12,37.01833766004456,0.015049198964926283
1976-07-13,37.0541298550101,0.0009668774242170662
1976-07-14,37.62176445527939,0.015319064365845085
1976-07-15,37.71898875625158,0.002584256809320065
1976-07-16,37.57176881071276,-0.0039030724415807716
1976-07-19,37.1800577237212,-0.010425675963381122
1976-07-20,36.69507481129162,-0.013044167817957971
1976-07-21,36.51452040844356,-0.004920398821274468
1976-07-22,36.6696660854639,0.004248876208284154
1976-07-23,36.597214121007426,-0.001975801041864222
1976-07-26,36.45206237559134,-0.003966196578136988
1976-07-27,36.236450196022005,-0.005914951460022541
1976-07-28,35.890716519791305,-0.00954104704959903
1976-07-29,35.70099217855565,-0.005286167556198768
1976-07-30,36.21927855785411,0.014517422280767047
1976-08-02,36.194167307813466,-0.0006933117124497633
1976-08-03,37.074098697286125,0.024311414101318617
1976-08-04,36.90442007248234,-0.004576743083877216
1976-08-05,36.43398434263613,-0.012747408817758064
1976-08-06,36.624717222629265,0.005235026677275341
1976-08-09,36.251713801539324,-0.01018447238302417
1976-08-10,36.91812217107405,0.018382810070249143
1976-08-11,36.82125491297231,-0.0026238403365391777
1976-08-12,36.91706648659328,0.0026020724673133495
1976-08-13,36.82020199843905,-0.0026238403365391777
1976-08-16,36.77074831617853,-0.0013431127363891474
1976-08-17,37.05879856800669,0.007833679351622403
1976-08-18,36.86502381304493,-0.00522884611615665
1976-08-19,35.52804791822989,-0.03626678505879447
1976-08-20,34.88158510897488,-0.018195843766673676
1976-08-23,34.19576775825078,-0.019661301187475007
1976-08-24,33.65723129842924,-0.015748629000780598
1976-08-25,34.13262732038375,0.01412463246721961
1976-08-26,33.73200192207953,-0.011737314990251617
1976-08-27,33.66352733857035,-0.002029959077654515
1976-08-30,33.82092533166922,0.004675623903456362
1976-08-31,34.297830187523125,0.014100881367883011
1976-09-01,35.31832317715563,0.029753864429701946
1976-09-02,35.423163484926164,0.002968439561659351
1976-09-03,35.82118962601158,0.011236323973571511
1976-09-07,36.04379225923501,0.006214272489202443
1976-09-08,36.10263499937614,0.0016325346600025426
1976-09-09,35.627478624921046,-0.013161265776398371
1976-09-10,36.01524318280807,0.010883861919316154
1976-09-13,35.7414306437532,-0.007602684720606899
1976-09-14,35.23411392126186,-0.014194079905416658
1976-09-15,35.35044980465069,0.0033017967657369795
1976-09-16,35.82978928932321,0.013559643153662428
1976-09-17,36.50234778072497,0.018770930690406685
1976-09-20,36.835732450253836,0.009133239087292747
1976-09-21,37.47266925061265,0.017291275562905797
1976-09-22,37.49654639589553,0.0006371882697543653
1976-09-23,37.28922371529831,-0.0055291140258162405
1976-09-24,37.337271222827546,0.0012885091922555292
1976-09-27,37.49367065998363,0.004188828803869919
1976-09-28,36.51977974349019,-0.025974808530359578
1976-09-29,36.07699069135164,-0.0121246364367102
1976-09-30,36.06469864953467,-0.0003407169384534931
1976-10-01,35.09210687010396,-0.026967971890796843
1976-10-04,35.114122173216764,0.0006273576902718353
1976-10-05,34.286891720631374,-0.02355834067286912
1976-10-06,33.50714516514686,-0.0227418268718513
1976-10-07,34.13873969603091,0.01884954769411431
1976-10-08,33.85266539147917,-0.008379755875551525
1976-10-11,33.44239459178023,-0.012119305672226506
1976-10-12,33.14896775110238,-0.008774097795914655
1976-10-13,33.75358645114332,0.018239442765780607
1976-10-14,33.10683539785391,-0.019160958028136034
1976-10-15,33.47582505186774,0.011145422073103154
1976-10-18,33.92567308366848,0.013437996856051812
1976-10-19,33.913888415440525,-0.0003473672636911333
1976-10-20,34.11821519317528,0.006024870260578211
1976-10-21,33.957929424899724,-0.004697952907795211
1976-10-22,33.695693370945456,-0.007722380557219165
1976-10-25,33.819053276775634,0.003660999180878828
1976-10-26,33.87540913469708,0.0016663937177729498
1976-10-27,34.1023027781897,0.006697886439996526
1976-10-28,34.36445237798,0.007687152433528959
1976-10-29,34.93773628810671,0.01668246896010656
1976-11-01,34.982879430129444,0.001292102660872771
1976-11-03,33.80936296407567,-0.03354545095116079
1976-11-04,34.580617963229095,0.022811876105827016
1976-11-05,33.90056984160842,-0.019665586148396624
1976-11-08,33.069546729198784,-0.02451354405817881
1976-11-09,32.331289102797925,-0.02232439508307551
1976-11-10,32.044587914955116,-0.008867607688986343
1976-11-11,32.40544319456885,0.011261036670885858
1976-11-12,32.3499110630314,-0.0017136667813498626
1976-11-15,32.38179192717122,0.000985500828045665
1976-11-16,32.81129820753679,0.013263820647466288
1976-11-17,33.355781842944516,0.016594394771087206
1976-11-18,34.254761548025186,0.026951240696845534
1976-11-19,34.43742830292197,0.005332594554502621
1976-11-22,35.010334818533494,0.016636158500921074
1976-11-23,34.71967682178041,-0.008302062755458592
1976-11-24,35.261874637562215,0.015616441897341375
1976-11-26,36.11253751187603,0.024124153439297035
1976-11-29,35.70831682228565,-0.011193361570270276
1976-11-30,35.754934072701786,0.0013055011987302002
1976-12-01,36.59030328348816,0.02336374635981115
1976-12-02,36.60181710907198,0.0003146687660557616
1976-12-03,37.16331700582224,0.015340765598522457
1976-12-06,37.54846552411089,0.010363674432729121
1976-12-07,38.01012413687988,0.012295006102780691
1976-12-08,38.45102761965902,0.011599632802865648
1976-12-09,39.35243695824691,0.023443049364096094
1976-12-10,40.00435283435484,0.016566086537400958
1976-12-13,40.00291005441655,-3.606557377049181e-05
1976-12-14,40.04047883762114,0.0009391512555831967
1976-12-15,40.382657675917656,0.008545822833043094
1976-12-16,40.39493536748734,0.00030403376786680345
1976-12-17,40.024244396427875,-0.009176669493023242
1976-12-20,39.80711657277687,-0.005424907501074012
1976-12-21,40.07210306904856,0.006656761882946873
1976-12-22,40.706477206705976,0.01583081717883189
1976-12-23,40.75730930659597,0.0012487472112084226
1976-12-27,41.34603503439325,0.014444666191494667
1976-12-28,42.0455858122197,0.016919416269166557
1976-12-29,42.13684477164991,0.0021704765831492756
1976-12-30,43.13407427744044,0.023666449426737138
1976-12-31,44.24024140270697,0.02564485604006718
1977-01-03,43.975145405041374,-0.005992191481337057
1977-01-04,43.3369882981571,-0.014511767977260994
1977-01-05,42.89228813017751,-0.010261446063581205
1977-01-06,43.420155924171425,0.01230682290466399
1977-01-07,43.738086941129176,0.007322198877244403
1977-01-10,43.43182336245483,-0.0070022170628215195
1977-01-11,42.22334444239234,-0.027824733720647223
1977-01-12,41.70762738440621,-0.012214026737975529
1977-01-13,42.772894674895035,0.025541306405914524
1977-01-14,43.24656428513202,0.011074060192493745
1977-01-17,43.15631215027391,-0.002086920345002607
1977-01-18,43.139602510547974,-0.0003871887771076233
1977-01-19,43.69584234492541,0.012893948993652116
1977-01-20,43.060833291493054,-0.01453248225356856
1977-01-21,43.37682262107014,0.007338207494454353
1977-01-24,43.433483098312735,0.0013062385352097148
1977-01-25,43.01523808684956,-0.009629552631467949
1977-01-26,42.28061739394518,-0.017078150106275086
1977-01-27,41.65958948967531,-0.014688241150395338
1977-01-28,41.23990281846366,-0.010074191233105158
1977-01-31,40.997555591974624,-0.0058765227346882715
1977-02-01,41.972723196989776,0.023785993846082973
1977-02-02,42.17864421064112,0.004906067511628794
1977-02-03,42.00480565193206,-0.004121482849019539
1977-02-04,42.537857210193714,0.01269025174592465
1977-02-07,42.356369743158226,-0.004266492929784821
1977-02-08,42.32674527944469,-0.0006994098855303172
1977-02-09,41.53464994690836,-0.0187138256746851
1977-02-10,41.92082335970894,0.009297620499852654
1977-02-11,41.65632254895314,-0.006309532818241786
1977-02-14,41.69855209288669,0.0010137607294528753
1977-02-15,42.05965366885862,0.008659810901048703
1977-02-16,42.331200705687415,0.006456235682935429
1977-02-17,42.249022108900334,-0.0019413244939220304
1977-02-18,42.00943914442641,-0.005670733960572672
1977-02-22,41.68244379479856,-0.0077838542072331965
1977-02-23,41.18491949156488,-0.011936063674264842
1977-02-24,39.9946583788095,-0.028900411302228222
1977-02-25,40.067431747200075,0.0018195771970673745
1977-02-28,39.64002835734606,-0.010667102212856033
1977-03-01,40.3536871310966,0.01800348797223505
1977-03-02,40.4141477594519,0.001498267758256668
1977-03-03,40.84403527672889,0.01063705511831431
1977-03-04,41.533469011276765,0.01687966749310598
1977-03-07,41.6534033208532,0.0028876545213181986
1977-03-08,41.72810159332377,0.0017933293924429622
1977-03-09,41.100406434873825,-0.01504250455885526
1977-03-10,41.34185679148955,0.0058746464465824245
1977-03-11,41.50667373058356,0.003986684486022801
1977-03-14,41.652453433709056,0.0035121991242117977
1977-03-15,41.90900332672624,0.00615929847747119
1977-03-16,42.15354740435517,0.005835120337328164
1977-03-17,41.94074241826824,-0.005048329243695943
1977-03-18,41.96355488440181,0.0005439213713972728
1977-03-21,41.71872251550153,-0.005834404868098609
1977-03-22,41.44241396225678,-0.00662313073325977
1977-03-23,41.063790325647965,-0.00913613856938071
1977-03-24,40.777551613276,-0.006970586740824629
1977-03-25,40.441443626646574,-0.008242475904806581
1977-03-28,39.88439868042177,-0.013774111314309589
1977-03-29,39.969578433650305,0.0021356659758380745
1977-03-30,39.094796472207555,-0.021886194343903084
1977-03-31,38.96726707153929,-0.0032620556231549246
1977-04-01,39.47340038674964,0.012988678787279379
1977-04-04,38.66246151499802,-0.020543932466072216
1977-04-05,38.362978693779326,-0.007746087793776823
1977-04-06,38.642595559028244,0.00728871622511048
1977-04-07,38.81242836293325,0.004394963677985186
1977-04-11,39.22128535977111,0.01053417717166931
1977-04-12,40.0785285517645,0.021856580785918366
1977-04-13,40.12598170791784,0.0011840044499650192
1977-04-14,41.262061045328934,0.028312811028045642
1977-04-15,41.59408215448417,0.0080466438356166
1977-04-18,41.467637314367956,-0.0030399718798119167
1977-04-19,41.37383796188542,-0.002261989314014654
1977-04-20,41.706408695255746,0.008038189100965196
1977-04-21,41.001974467832255,-0.016890311332503308
1977-04-22,40.10015863813653,-0.021994448838146514
1977-04-25,39.00307035588524,-0.027358701798449236
1977-04-26,38.82622587830405,-0.004534116826382307
1977-04-27,39.652345461533834,0.021277359942713812
1977-04-28,39.98807588408492,0.008466849026037244
1977-04-29,40.51497597825401,0.013176430286279234
1977-05-02,40.95099810741527,0.010761998955529489
1977-05-03,41.43494511848495,0.0118177097857363
1977-05-04,41.974345050323365,0.01301799556620583
1977-05-05,42.309874161657746,0.007993671156324452
1977-05-06,42.31965930639992,0.00023127331234278105
1977-05-09,42.126282423989366,-0.004569433818228102
1977-05-10,42.6454240970403,0.012323462769059745
1977-05-11,42.326060484592176,-0.007488813142563725
1977-05-12,42.37514933443458,0.001159778379569968
1977-05-13,42.96182951246111,0.0138449111623492
1977-05-16,43.45451758073337,0.01146804207044678
1977-05-17,43.59775331816223,0.0032962220133442048
1977-05-18,44.355850527786394,0.017388446695677514
1977-05-19,44.203726342678245,-0.003429630664231214
1977-05-20,43.71490255725362,-0.011058429364871546
1977-05-23,42.56714695362416,-0.026255476656415817
1977-05-24,41.919717823692146,-0.015209596514358105
1977-05-25,41.29193084144446,-0.014975935307772442
1977-05-26,41.27581578494673,-0.00039027132346045236
1977-05-27,40.92493250321091,-0.008500941170102475
1977-05-31,40.51523192653399,-0.010011026325938905
1977-06-01,40.8553708124985,0.008395333552113856
1977-06-02,40.775453845015114,-0.0019560945328376284
1977-06-03,41.27024715625237,0.012134587468184306
1977-06-06,41.15757400194352,-0.002730130349892497
1977-06-07,41.2314311802914,0.0017944978570502829
1977-06-08,41.76840636308412,0.013023442733401665
1977-06-09,41.81702514185396,0.001164008469636276
1977-06-10,42.3849838837846,0.013581997762968125
1977-06-13,42.650105910199436,0.0062550932458008334
1977-06-14,43.19918109050756,0.012873946467195441
1977-06-15,43.15600163103251,-0.000999543472469574
1977-06-16,43.881681244022325,0.01681526521372631
1977-06-17,44.400962931917,0.01183367804453521
1977-06-20,44.53911422310658,0.0031114480873178103
1977-06-21,44.684509111358075,0.0032644315179502946
1977-06-22,44.61318754389932,-0.001596113930244044
1977-06-23,45.13811285648232,0.011766146771433424
1977-06-24,45.80365966040416,0.014744674994232801
1977-06-27,45.75152873208703,-0.0011381389326449998
1977-06-28,45.26576871822564,-0.010617350443215068
1977-06-29,45.34429114873801,0.001734697824335282
1977-06-30,45.8747910999564,0.011699376873667596
1977-07-01,46.10579136796352,0.005035451115271559
1977-07-05,46.39594350194808,0.006293181949072324
1977-07-06,46.16987448529312,-0.004872603068099426
1977-07-07,46.609664949340534,0.009525485372231307
1977-07-08,47.345037199134204,0.015777248143554246
1977-07-11,47.39026542107777,0.0009552896062439797
1977-07-12,47.24557957188999,-0.003053071087536591
1977-07-13,47.495104517220895,0.0052814453244503885
1977-07-15,48.1652890174464,0.014110601651218701
1977-07-18,49.0088876943043,0.017514660330436988
1977-07-19,49.5383272766612,0.010802929984032978
1977-07-20,49.607025728240345,0.0013867737438019638
1977-07-21,49.99542310951636,0.007829483335762763
1977-07-22,50.59028239239511,0.011898274799589078
1977-07-25,50.43119707043767,-0.0031445826042939586
1977-07-26,49.53132186941712,-0.017843621672586633
1977-07-27,47.858660897816534,-0.03376976241438373
1977-07-28,47.04663127044182,-0.01696724505327225
1977-07-29,47.000888889439416,-0.0009722774993061223
1977-08-01,47.14394173635877,0.0030436200314394625
1977-08-02,46.634933534948225,-0.01079689526720212
1977-08-03,46.10175923877833,-0.01143293783769062
1977-08-04,46.60977408386307,0.011019424279527795
1977-08-05,47.260766620994566,0.013966867463467784
1977-08-08,46.81387966023919,-0.009455770456267946
1977-08-09,46.768309473662775,-0.0009734332404651469
1977-08-10,47.16942432765404,0.008576637866655227
1977-08-11,47.34821095793724,0.0037903076586497325
1977-08-12,47.09120160822312,-0.005428068864997569
1977-08-15,47.26240238141692,0.0036355150717558883
1977-08-16,46.92141164190713,-0.007214841445382516
1977-08-17,47.015633683459335,0.0020080819876281573
1977-08-18,47.20800379088888,0.0040916200071811895
1977-08-19,47.19026310977621,-0.0003757981631939459
1977-08-22,47.45992532553597,0.005714361353155796
1977-08-23,47.30121619297717,-0.0033440662089159546
1977-08-24,47.03040371647121,-0.005725275126142955
1977-08-25,46.172469077789934,-0.018242127876542356
1977-08-26,45.823041795268374,-0.007567870843832332
1977-08-29,46.472848680015794,0.01418078895003694
1977-08-30,46.108055288383724,-0.007849602552746771
1977-08-31,46.090625220377035,-0.00037802652698485376
1977-09-01,46.501414961528376,0.008912652826625771
1977-09-02,47.095249628658706,0.012770249413305462
1977-09-06,47.010427451059805,-0.0018010771419138109
1977-09-07,47.53851495296305,0.011233412043594078
1977-09-08,47.703966227067866,0.003480362696826538
1977-09-09,47.17740642250864,-0.011038071804194121
1977-09-12,46.7315232396164,-0.009451201681140052
1977-09-13,46.53275974981446,-0.0042533064625943145
1977-09-14,46.73755222255044,0.0044010386196102385
1977-09-15,47.23559520973783,0.010656163267084467
1977-09-16,46.90909950938048,-0.006912069148438349
1977-09-19,46.353267750102766,-0.01184912447885648
1977-09-20,46.183345936059084,-0.003665800110571614
1977-09-21,45.53003629755861,-0.014146000582222496
1977-09-22,45.12940446851323,-0.008799286396941887
1977-09-23,45.261977895733246,0.0029376285546270243
1977-09-26,45.48317119982737,0.0048869562130861854
1977-09-27,45.47960731298815,-7.835616438356167e-05
1977-09-28,45.77699157813626,0.006538848567920395
1977-09-29,46.199301048887946,0.009225365324211946
1977-09-30,46.997384288364536,0.017274790340054403
1977-10-03,47.41972852727232,0.008986547768624295
1977-10-04,46.92381524251039,-0.010457952842912456
1977-10-05,46.93410250821184,0.00021923336046489298
1977-10-06,47.614744815783894,0.014502084224428455
1977-10-07,48.04810513866417,0.009101389171713634
1977-10-10,48.13610302556397,0.0018314538449715303
1977-10-11,47.47909277391187,-0.01364901207941927
1977-10-12,45.5054802721421,-0.04156803313761301
1977-10-13,44.40792332548814,-0.024119225642496273
1977-10-14,44.431349430618205,0.0005275208425839034
1977-10-17,44.54202025848472,0.002490827518964512
1977-10-18,44.68679385159714,0.003250270020809078
1977-10-19,43.60270490745618,-0.024259716365894815
1977-10-20,43.798589709641355,0.00449249198188332
1977-10-21,43.71520096266421,-0.0019039139737138278
1977-10-24,42.83984836004566,-0.020023986698955606
1977-10-25,41.444820148499126,-0.032563799008392215
1977-10-26,41.48009416004989,0.0008511078447045662
1977-10-27,41.746640132663416,0.006425876749099623
1977-10-28,42.285253919104285,0.012901967313519037
1977-10-31,42.31435053401049,0.0006881031141936932
1977-11-01,41.295698805067744,-0.024073434097115345
1977-11-02,40.99792062837426,-0.007210876321505427
1977-11-03,40.96921989473435,-0.0007000533978311908
1977-11-04,41.88313598603823,0.022307383290482194
1977-11-07,42.700526678441605,0.01951598592511906
1977-11-08,43.16847943715747,0.010958945828462616
1977-11-09,43.811239520957585,0.014889569708745729
1977-11-10,45.512316870874436,0.038827418911604315
1977-11-11,46.81976762955926,0.0287274049878467
1977-11-14,46.8644222896724,0.0009537565514304402
1977-11-15,47.612585825001695,0.015964424584279303
1977-11-16,47.665134737675494,0.001103676932543337
1977-11-17,48.08379670275519,0.00878340043270182
1977-11-18,48.58985135031083,0.01052443197620154
1977-11-21,48.76381428319009,0.0035802318394651082
1977-11-22,49.58900200264446,0.016922132355401857
1977-11-23,50.75582731739694,0.023529921305741414
1977-11-25,51.61386336678075,0.01690517315417109
1977-11-28,51.20100950279253,-0.007998894813480295
1977-11-29,49.92755107147716,-0.024871744594135613
1977-11-30,49.85106982514867,-0.0015318445364765024
1977-12-01,50.61559025969192,0.01533608881865089
1977-12-02,51.22674423669823,0.012074421613393855
1977-12-05,51.28851619562396,0.001205853697051372
1977-12-06,49.541229566968696,-0.03406779447451338
1977-12-07,49.36414344631956,-0.0035745200956258027
1977-12-08,49.662651838349255,0.0060470692123789456
1977-12-09,50.39603833373377,0.014767364774874859
1977-12-12,50.85131739757438,0.00903402487365459
1977-12-13,51.15570067586659,0.0059857501018594
1977-12-14,50.94530043544959,-0.004112938296948419
1977-12-15,50.83839865819679,-0.0020983638596507753
1977-12-16,51.06930235769848,0.004541915276563496
1977-12-19,49.952963788981776,-0.021859287618571154
1977-12-20,48.788477419548244,-0.02331165722924311
1977-12-21,49.54147092302648,0.015433838957567692
1977-12-22,50.085752460374806,0.010986382261317559
1977-12-23,50.85193088633047,0.0152973328405483
1977-12-27,50.86534722508099,0.0002638314517594619
1977-12-28,50.97878834622053,0.002230224058779554
1977-12-29,51.533384950347276,0.01087896794172934
1977-12-30,52.46210027252563,0.018021624682197424
1978-01-03,50.855123158472466,-0.030631200537252237
1978-01-04,50.343923602139064,-0.01005207586933624
1978-01-05,49.675974061229205,-0.013267729114412584
1978-01-06,47.42574396817376,-0.045298157420765935
1978-01-09,45.34764541606237,-0.04381794313033757
1978-01-10,44.49478055750359,-0.018807257813140976
1978-01-11,43.82707479609355,-0.015006383963330767
1978-01-12,44.41346329112185,0.01337959463999113
1978-01-13,44.71047846532145,0.006687503117077978
1978-01-16,44.126492286968514,-0.013061505901930504
1978-01-17,44.94174790637422,0.018475423201641326
1978-01-18,45.52411462426696,0.012958256966461716
1978-01-19,45.7305911015362,0.0045355407562210305
1978-01-20,45.78761562157537,0.001246966607375765
1978-01-23,45.35818805150771,-0.009378683826141645
1978-01-24,45.61833021261839,0.005735285563331335
1978-01-25,46.05637765432641,0.009602443571835326
1978-01-26,45.57939897300422,-0.010356408940844887
1978-01-27,45.69067569182692,0.0024413818815075643
1978-01-30,46.1339735014618,0.009702150448043874
1978-01-31,45.94450510199175,-0.00410691698741373
1978-02-01,46.89007452827098,0.020580685855254306
1978-02-02,47.43276239492808,0.011573619195889888
1978-02-03,47.81202326998097,0.007995757697920648
1978-02-06,47.84713032478992,0.000734272519920689
1978-02-07,48.50914283312137,0.013835991915035659
1978-02-08,49.10630789144666,0.012310360963903809
1978-02-09,49.12286283008454,0.0003371244825506599
1978-02-10,49.65349428535658,0.010802128066263008
1978-02-13,49.27194196129707,-0.007684299555369668
1978-02-14,48.458885975759586,-0.016501399238051873
1978-02-15,48.13586551884075,-0.006665866340394531
1978-02-16,47.574970053402225,-0.011652339879896582
1978-02-17,47.6750983607036,0.0021046425712718426
1978-02-21,47.26481141742688,-0.008605896104766203
1978-02-22,47.44789956843558,0.003873667227649249
1978-02-23,47.47811658503801,0.0006368462435064964
1978-02-24,48.21939692512008,0.015613094903509053
1978-02-27,47.5079403468638,-0.014754572301289948
1978-02-28,46.45061637599958,-0.022255731634428025
1978-03-01,46.439264608929065,-0.0002443835616438356
1978-03-02,46.757434395174876,0.006851309746723019
1978-03-03,47.07700118496708,0.006834566394112997
1978-03-06,46.75157433202543,-0.006912650439713496
1978-03-07,47.12614589447735,0.008011956127760563
1978-03-08,47.65508768148623,0.0112239559796226
1978-03-09,48.215805176780464,0.011766162283488377
1978-03-10,49.04810342434892,0.017261938165646827
1978-03-13,49.16865000202151,0.002457721486795416
1978-03-14,49.34185347932559,0.003522640489355743
1978-03-15,49.52971389950209,0.0038073239436619884
1978-03-16,50.347876532008414,0.016518622218702938
1978-03-17,51.14592329257486,0.015850653801835826
1978-03-20,51.722527618818035,0.01127371037853338
1978-03-21,51.20915686284579,-0.009925476955721381
1978-03-22,51.40143980508409,0.003754854678691355
1978-03-23,51.72614509769358,0.006317046639953844
1978-03-27,51.543063141284826,-0.0035394471415370107
1978-03-28,52.088482932132585,0.010581827264567268
1978-03-29,52.667219861246856,0.011110650503458117
1978-03-30,52.803294616001445,0.0025836707369989395
1978-03-31,52.82022834784318,0.000320694607502784
1978-04-03,52.318953138996584,-0.009490212831824227
1978-04-04,52.76566886572982,0.008538315465648701
1978-04-05,53.870690516896886,0.020942057116322268
1978-04-06,54.64329704856336,0.014341871697823092
1978-04-07,55.78921284931258,0.020970839291245488
1978-04-10,56.21223307447516,0.007582473448857568
1978-04-11,56.0586514190635,-0.002732174955728515
1978-04-12,56.711824165469686,0.011651595781772066
1978-04-13,58.448233205857136,0.030618112993880835
1978-04-14,60.50639336338444,0.03521338532643721
1978-04-17,61.4732819737986,0.015979941237073806
1978-04-18,60.66725251582782,-0.013111866360321071
1978-04-19,60.99542535146189,0.005409390107924335
1978-04-20,62.98018994986982,0.03253956484394553
1978-04-21,63.734891326815,0.011983154981684016
1978-04-24,64.16060764725401,0.006679486095866264
1978-04-25,65.29710777549981,0.017713362917229587
1978-04-26,66.00108684579199,0.010781167715920088
1978-04-27,65.79506747732975,-0.003121454180649924
1978-04-28,66.79528346592888,0.015201990467503647
1978-05-01,68.10332724635248,0.01958287640310427
1978-05-02,68.36858799234778,0.00389497483780453
1978-05-03,68.51084916467316,0.002080797285755127
1978-05-04,68.97163646757976,0.00672575670167284
1978-05-05,70.3581358306272,0.02010245709769662
1978-05-08,70.07256556606112,-0.00405880942118107
1978-05-09,69.8939283253865,-0.0025493178283333548
1978-05-10,70.77254062753236,0.012570652747625708
1978-05-11,72.0195779068517,0.017620354847543818
1978-05-12,74.10318295011156,0.028931092125459898
1978-05-15,74.79360975831487,0.009317100571349685
1978-05-16,76.61083403966948,0.024296517940860442
1978-05-17,78.6091877185398,0.026084478832792385
1978-05-18,78.24157770195785,-0.004676425583968362
1978-05-19,78.04881523757489,-0.0024636832492980383
1978-05-22,78.68496147063529,0.008150619982174201
1978-05-23,76.80718472215865,-0.023864493460766474
1978-05-24,74.55981863735079,-0.029259841939754155
1978-05-25,74.57893958954573,0.00025645116289696625
1978-05-26,74.63540469871884,0.0007571186917363912
1978-05-30,74.82397506827029,0.0025265538562112564
1978-05-31,75.25463316915636,0.005755616438356038
1978-06-01,75.42400323467359,0.002250626418396297
1978-06-02,76.70295897091323,0.01695687952627368
1978-06-05,78.68106685487771,0.02578919914568883
1978-06-06,80.11173530489084,0.018183134865874594
1978-06-07,80.58123994680655,0.005860622543362271
1978-06-08,82.30932878143926,0.021445299622759106
1978-06-09,83.12565017507174,0.009917726285924558
1978-06-12,82.82416933958396,-0.0036268087510031325
1978-06-13,82.70397171649992,-0.0014512384976807981
1978-06-14,83.22296029849755,0.00627525584595461
1978-06-15,82.5609543026811,-0.00795460764003129
1978-06-16,81.54358449863311,-0.012322650732913665
1978-06-19,79.96091548454478,-0.019408872246900848
1978-06-20,78.2045077359991,-0.021965828403817618
1978-06-21,75.4937713828334,-0.034662149684728465
1978-06-22,75.56919631986723,0.0009990882115471955
1978-06-23,75.6634435262374,0.0012471643336160595
1978-06-26,73.35197946171904,-0.030549284526243135
1978-06-27,72.67134524714888,-0.009279016320552972
1978-06-28,73.2755420354503,0.008314099405296654
1978-06-29,74.10368764269475,0.011301801177312186
1978-06-30,74.67850624210631,0.0077569499939485935
1978-07-03,74.34440961078067,-0.004473799063983663
1978-07-05,72.5817229210951,-0.023709740906059377
1978-07-06,71.83341923352697,-0.010309808825861392
1978-07-07,72.43251209321207,0.008340029836774026
1978-07-10,72.78059527375706,0.0048056207148670545
1978-07-11,73.585842932032,0.01106404331052913
1978-07-12,74.39687493279418,0.011021576548512291
1978-07-13,74.65703238326552,0.0034968868074949826
1978-07-14,76.77751334495329,0.028402963444915774
1978-07-17,78.19892891872352,0.018513435924708267
1978-07-18,77.66215630338029,-0.006864193957197839
1978-07-19,78.99808228873616,0.017201762723883084
1978-07-20,80.81220100425547,0.02296408549373083
1978-07-21,80.49858928164338,-0.00388074719800761
1978-07-24,80.42003319323145,-0.0009758691315332278
1978-07-25,80.79079995712551,0.004610378150468865
1978-07-26,82.12202908025837,0.01647748411749013
1978-07-27,83.3884151140345,0.01542078353347164
1978-07-28,84.34766530378462,0.011503398744757726
1978-07-31,85.69587269945481,0.015983932582063924
1978-08-01,86.67218251365703,0.011392728534619838
1978-08-02,89.41909793060752,0.031693160796056524
1978-08-03,91.19734893618609,0.019886702580678584
1978-08-04,92.63823427493416,0.01579964062065343
1978-08-07,93.64160899956441,0.010831108046083832
1978-08-08,94.22281754522643,0.006206733864053141
1978-08-09,96.69092997940572,0.026194424009817054
1978-08-10,96.53508845964343,-0.0016117491040315715
1978-08-11,97.43590948269069,0.009331539830968736
1978-08-14,97.60806405262329,0.0017668493150688033
1978-08-15,97.22956736728058,-0.0038777194181276366
1978-08-16,99.01849825880643,0.018399041978333922
1978-08-17,102.05949542602656,0.030711404643522452
1978-08-18,103.33559548942893,0.0125034917924643
1978-08-21,101.09662225307305,-0.02166700860193836
1978-08-22,101.29864077655685,0.0019982717422358303
1978-08-23,103.22615586295423,0.019028044913742402
1978-08-24,104.46511046619015,0.0120023320918857
1978-08-25,105.73690043720987,0.012174303605712809
1978-08-28,104.25827201828291,-0.013984034077157528
1978-08-29,102.8220222488756,-0.013775883117988415
1978-08-30,103.07183985083905,0.0024296118331419746
1978-08-31,103.64328184564583,0.005544113655424608
1978-09-01,104.40097770341266,0.0073106123645839275
1978-09-05,104.553464637364,0.0014605891372446867
1978-09-06,106.88974430127016,0.022345310813078927
1978-09-07,108.29685954418146,0.013164174468837123
1978-09-08,111.28017572134645,0.027547577923512125
1978-09-11,112.62216611932723,0.012059563972483386
1978-09-12,113.2997980936311,0.006016861490533649
1978-09-13,113.29652053070521,-2.8928232715562683e-05
1978-09-14,111.04765138741833,-0.019849410491625807
1978-09-15,108.6605298281366,-0.021496371417650553
1978-09-18,104.52270775847002,-0.038080267749579316
1978-09-19,100.82172501144665,-0.03540840862614815
1978-09-20,97.63841625059457,-0.031573639118857154
1978-09-21,96.37806671595132,-0.012908336524104313
1978-09-22,96.79226399301831,0.004297630064397431
1978-09-25,96.30428185391604,-0.005041540707607191
1978-09-26,98.05214478500301,0.01814937921180194
1978-09-27,96.01432182020017,-0.02078305343826127
1978-09-28,96.20905533589895,0.0020281715478180857
1978-09-29,97.88964750033624,0.017468128738711307
1978-10-02,98.72392423469759,0.008522624768451554
1978-10-03,98.27764741679191,-0.0045204525788980965
1978-10-04,98.23148040408563,-0.00046976106896904013
1978-10-05,99.18167074491414,0.00967297181025694
1978-10-06,100.18237400764693,0.010089598765748886
1978-10-09,101.54437417253021,0.013595207524023413
1978-10-10,102.17570519951332,0.006217292017679259
1978-10-11,102.92312985479109,0.007315091721836565
1978-10-12,103.582761763514,0.0064089763851289065
1978-10-13,103.5803694506355,-2.3095666091294566e-05
1978-10-16,99.74564924524277,-0.03702168881739974
1978-10-17,93.06361958956514,-0.0669906878770087
1978-10-18,88.69184344552019,-0.04697621007355634
1978-10-19,85.16157102484094,-0.03980380025416607
1978-10-20,78.31283860624235,-0.08042045650614955
1978-10-23,74.68827432893818,-0.046283142608691694
1978-10-24,73.20002126360708,-0.01992619428823061
1978-10-25,73.2183879642954,0.0002509111387027721
1978-10-26,67.47162105555786,-0.07848802832889366
1978-10-27,62.73783656059313,-0.07015963779893197
1978-10-30,58.03753656261251,-0.07491970166107018
1978-10-31,56.040576092892394,-0.034408084629259525
1978-11-01,61.367680740720346,0.09505799224829141
1978-11-02,61.32056782462029,-0.0007677154412777709
1978-11-03,62.68573619025458,0.0222628135071863
1978-11-06,61.97215791181487,-0.011383423435818942
1978-11-07,58.3220453829627,-0.05889923236247804
1978-11-08,58.555905362831766,0.004009804154389045
1978-11-09,59.92529530034642,0.023386026209132355
1978-11-10,61.426148000791386,0.025045395152792624
1978-11-13,58.42855036051001,-0.04880002633801414
1978-11-14,55.125726424927464,-0.056527569402351915
1978-11-15,55.94749288273111,0.014907131589871376
1978-11-16,57.093535853955714,0.02048425965443646
1978-11-17,59.338698177246606,0.039324282332661595
1978-11-20,60.57915207994818,0.02090463627962142
1978-11-21,60.64370193508842,0.0010655457021758437
1978-11-22,61.9152310848763,0.020967208617127173
1978-11-24,63.17296890871742,0.020313867877145644
1978-11-27,62.80037503442626,-0.005897995309189133
1978-11-28,62.18393757759813,-0.009815824451529268
1978-11-29,59.731948135883925,-0.03943123477271627
1978-11-30,60.659742659145216,0.01553263458192688
1978-12-01,63.02497632752472,0.038991818374008794
1978-12-04,63.59714006271089,0.009078364936034033
1978-12-05,65.3819802456309,0.028064786893876675
1978-12-06,66.66619601367714,0.019641738644525994
1978-12-07,66.81875031425197,0.002288330663767586
1978-12-08,67.17441901388175,0.005322887631945339
1978-12-11,67.76993587296526,0.008865232745227868
1978-12-12,66.64425630629427,-0.016610308865882332
1978-12-13,66.0037068915667,-0.009611472169238888
1978-12-14,66.02110094396737,0.0002635314472449369
1978-12-15,64.76445149887321,-0.019034057704682573
1978-12-18,59.62009918269449,-0.07943172831886383
1978-12-19,60.23129756661347,0.010251549264386229
1978-12-20,61.11429892743402,0.014660174967075588
1978-12-21,61.97393942766593,0.014066110800888614
1978-12-22,63.692031510186965,0.027722815402534302
1978-12-26,64.85535038096221,0.01826474746042885
1978-12-27,64.26082882544706,-0.009166885261168186
1978-12-28,64.19583215821702,-0.0010114508078724507
1978-12-29,65.29659300703703,0.017146920786182428
1979-01-02,64.99122449589646,-0.0046766377398537624
1979-01-03,67.06759103701502,0.03194841391624575
1979-01-04,69.66015460447815,0.03865598163548594
1979-01-05,72.04088504186942,0.03417635879375763
1979-01-08,71.72778839286882,-0.004346096648016364
1979-01-09,73.00634337750327,0.01782509977348709
1979-01-10,72.29982120326969,-0.009677545012496847
1979-01-11,73.12351062313462,0.011392689582857315
1979-01-12,74.84671057106088,0.02356560746662357
1979-01-15,76.08525260172685,0.016547714939189873
1979-01-16,74.71737954738515,-0.01797816275253661
1979-01-17,74.4169993071779,-0.004020219151512798
1979-01-18,75.6890522768748,0.017093580519769825
1979-01-19,76.28107172693029,0.007821731574730952
1979-01-22,76.21165510916305,-0.000910011044623795
1979-01-23,77.64967795235955,0.01886880479287216
1979-01-24,77.39708338668746,-0.003253002102945859
1979-01-25,79.36808735731552,0.0254661272025023
1979-01-26,80.5053765109383,0.014329300245106112
1979-01-29,79.89944236790323,-0.007526629515889962
1979-01-30,79.37718470214034,-0.006536436929786335
1979-01-31,78.04794194433492,-0.01674590454163054
1979-02-01,77.9063491781196,-0.001814176808356076
1979-02-02,77.98797446993073,0.001047736066087763
1979-02-05,75.14615566933828,-0.03643919232301829
1979-02-06,75.06294006226075,-0.0011073834228287273
1979-02-07,72.29876855076056,-0.036824716820410434
1979-02-08,73.3484540182666,0.014518718486457529
1979-02-09,73.9443854867772,0.008124662973294484
1979-02-12,74.37910822918697,0.0058790500394044
1979-02-13,75.8615454209201,0.01993082771529385
1979-02-14,75.32220924666218,-0.007109480452387168
1979-02-15,75.87360359265652,0.007320474950338386
1979-02-16,77.01057293979068,0.014985044775759026
1979-02-20,77.37078436441311,0.004677428187738012
1979-02-21,77.21198237492628,-0.0020524800257793463
1979-02-22,76.61138126335793,-0.007778599811774601
1979-02-23,75.83084423103456,-0.010188264712787307
1979-02-26,75.48887669185959,-0.004509610075460797
1979-02-27,71.36212714653172,-0.054666988385228855
1979-02-28,71.19510345951166,-0.002340508806262189
1979-03-01,72.50967473840859,0.01846434958331833
1979-03-02,73.08155362352785,0.00788693215329412
1979-03-05,74.85892087839126,0.024320326631523732
1979-03-06,74.30802007768027,-0.007359187044733435
1979-03-07,76.39356153678338,0.02806616912848599
1979-03-08,78.99159996392524,0.034008604584967767
1979-03-09,79.33434361039258,0.004338988533260083
1979-03-12,79.13083330828078,-0.002565223241919477
1979-03-13,80.03370174133146,0.011409818338867426
1979-03-14,79.81496949889876,-0.002733001693956871
1979-03-15,80.27229092642001,0.005729770121976538
1979-03-16,81.56001395929373,0.01604193698737323
1979-03-19,82.58916077183878,0.012618276562074829
1979-03-20,81.8859741514587,-0.008514272500270363
1979-03-21,83.09439539697712,0.014757365446777141
1979-03-22,84.29507332039384,0.014449565673840868
1979-03-23,85.23477824810247,0.011147803669817519
1979-03-26,84.2163365913904,-0.01194866318238751
1979-03-27,85.48504770480498,0.015064905038202368
1979-03-28,85.62874586601417,0.0016809742179170234
1979-03-29,86.42032482427707,0.009244313346612633
1979-03-30,87.31529565113739,0.010356022482906683
1979-04-02,86.41960198427333,-0.0102581530553679
1979-04-03,88.30089628789705,0.02176930071913634
1979-04-04,89.10779771713825,0.00913808877557013
1979-04-05,90.32213541957805,0.013627737791192734
1979-04-06,91.05953325914393,0.008164087752580268
1979-04-09,90.93432785814494,-0.001374983996927206
1979-04-10,91.87855341009822,0.010383598517671556
1979-04-11,90.50846521078006,-0.014911947875395872
1979-04-12,90.41276466937961,-0.0010573656417393628
1979-04-16,88.12104191873159,-0.02534733628629055
1979-04-17,87.64823325313002,-0.005365445701806605
1979-04-18,88.90687284164719,0.014360125033920448
1979-04-19,89.41460113672214,0.005710787916017147
1979-04-20,90.36723607344989,0.0106541317035134
1979-04-23,90.66888020734318,0.003337981186545453
1979-04-24,91.4874891417579,0.009028554588329636
1979-04-25,92.45386211316719,0.010562897511723453
1979-04-26,92.15087545633638,-0.0032771660361785924
1979-04-27,91.54065627686774,-0.00662195748490508
1979-04-30,90.31124589200743,-0.013430211611569617
1979-05-01,90.21586756624393,-0.0010561068538192022
1979-05-02,90.58584991781252,0.004101078463796129
1979-05-03,90.9770251427952,0.004318281777314757
1979-05-04,89.96592331637716,-0.011113814997039562
1979-05-07,83.56505536925118,-0.07114769360634991
1979-05-08,81.61343819453174,-0.023354465166040825
1979-05-09,82.98014237909179,0.01674606798579422
1979-05-10,81.74505774971797,-0.014884098700763548
1979-05-11,81.67589064108004,-0.0008461319930764667
1979-05-14,80.25937391881338,-0.01734314387205713
1979-05-15,80.26592233679567,8.159069355445578e-05
1979-05-16,80.86974699425124,0.007522802203928204
1979-05-17,82.88313567160365,0.024896685746964617
1979-05-18,83.93789932631606,0.012725913977139389
1979-05-21,84.12962753705051,0.0022841673698443237
1979-05-22,85.52132763189621,0.016542330396420765
1979-05-23,85.91645575906755,0.0046202291067329706
1979-05-24,85.84448403804994,-0.0008376942505570113
1979-05-25,86.9422871536798,0.012788277871683212
1979-05-29,86.37641275684759,-0.006508621010072617
1979-05-30,84.2500593318738,-0.024617292581477657
1979-05-31,84.27545415263988,0.0003014219926664265
1979-06-01,84.8972227864077,0.007377814098060673
1979-06-04,85.1668022378281,0.003175362427327344
1979-06-05,87.20602210637966,0.023943835097354718
1979-06-06,88.35262764752619,0.01314823808552826
1979-06-07,90.16355135532118,0.020496546124462695
1979-06-08,90.95320566856401,0.00875802141079084
1979-06-11,91.01028969689126,0.0006276197513617951
1979-06-12,92.75461123772402,0.019166201389339638
1979-06-13,92.90328769509131,0.0016029009812380318
1979-06-14,92.88814542287615,-0.0001629896270717169
1979-06-15,93.32371853660221,0.004689221770367951
1979-06-18,92.39439867208463,-0.00995802438104826
1979-06-19,92.7670321516142,0.004033074351748124
1979-06-20,93.54968209237958,0.00843672501548031
1979-06-21,94.04856551928977,0.005332817982401526
1979-06-22,95.10632004785829,0.011246896991231336
1979-06-25,94.26924028895262,-0.008801515593122037
1979-06-26,93.48934068344303,-0.008273107994920105
1979-06-27,95.24068734811087,0.0187331160094275
1979-06-28,96.61821054680235,0.014463599928216933
1979-06-29,96.68611045544601,0.0007027651232555541
1979-07-02,94.26497201890841,-0.0250412228305873
1979-07-03,94.22881559128473,-0.0003835616438356165
1979-07-05,95.72437473685596,0.015871568969498533
1979-07-06,97.4591742911316,0.01812286117349498
1979-07-09,98.42256711525718,0.009885091179284105
1979-07-10,98.00286711656865,-0.004264265919796956
1979-07-11,97.71140180728905,-0.0029740487993369018
1979-07-12,97.31502670286163,-0.004056590091800777
1979-07-13,96.94087307067434,-0.00384476729713811
1979-07-16,97.60613934614865,0.006862598348885357
1979-07-17,95.39717735891166,-0.022631383661258893
1979-07-18,94.11501202527549,-0.013440285856805793
1979-07-19,94.71658586304557,0.006391900981838338
1979-07-20,95.52710800266483,0.008557341169277633
1979-07-23,94.56562571736393,-0.010065020342435897
1979-07-24,95.4573440462454,0.00942962437055743
1979-07-25,97.39184627198136,0.020265619634239774
1979-07-26,98.5108303265788,0.01148950448554507
1979-07-27,99.53214974770954,0.01036758514515521
1979-07-30,100.52653371225317,0.009990580601987972
1979-07-31,102.18320744470739,0.016479964754343275
1979-08-01,103.38036345570411,0.011715780321776632
1979-08-02,104.73951478568462,0.0131470937472846
1979-08-03,104.89773885200529,0.001510643491565045
1979-08-06,104.29163526611477,-0.005778042429929317
1979-08-07,106.20696384373387,0.01836512173514089
1979-08-08,107.85605161251326,0.015527115257769217
1979-08-09,108.28635586315761,0.0039896161987301474
1979-08-10,110.04621635262554,0.01625191350692302
1979-08-13,112.19530747578648,0.019528986951032615
1979-08-14,112.68225765427962,0.004340200935749888
1979-08-15,114.57997547165859,0.016841318738938987
1979-08-16,115.23686957269581,0.005733061979924302
1979-08-17,116.13057094378281,0.0077553423170977605
1979-08-20,116.25616127013858,0.0010814579256357075
1979-08-21,116.3058634741458,0.00042752318211951296
1979-08-22,118.02953594951977,0.014820168337919905
1979-08-23,118.91269353225478,0.007482513386418243
1979-08-24,119.5129578019084,0.005047941071915947
1979-08-27,119.63942048718987,0.001058150409858316
1979-08-28,119.66555030847857,0.0002184047798149983
1979-08-29,120.8199877284176,0.009647199356565614
1979-08-30,120.82196092637805,1.6331717934782838e-05
1979-08-31,121.6934980075737,0.007213399571678088
1979-09-04,116.77462477123653,-0.0404201811672061
1979-09-05,110.92609869160938,-0.05008387816346673
1979-09-06,112.79777321579087,0.016873166425739196
1979-09-07,115.51934785877008,0.02412791108715074
1979-09-10,117.35244266914334,0.015868292579130083
1979-09-11,116.07803173656548,-0.010859688163209941
1979-09-12,116.66713090609565,0.005075027209860932
1979-09-13,118.1998131431022,0.013137224041621452
1979-09-14,121.07523769969707,0.024326811355561487
1979-09-17,120.6946684386533,-0.0031432460367139623
1979-09-18,117.59210258238286,-0.02570590645308745
1979-09-19,118.13815149990975,0.004643584947758995
1979-09-20,119.8952672072776,0.014873397670939361
1979-09-21,120.92690055892844,0.008604454334859799
1979-09-24,119.51145726037397,-0.011704949783813545
1979-09-25,117.43554653251712,-0.01736997251513846
1979-09-26,118.83022306776611,0.011876102052821148
1979-09-27,119.95011291298175,0.009424284633186182
1979-09-28,118.97079593128068,-0.008164368985725916
1979-10-01,117.90580207472198,-0.008951725070191735
1979-10-02,118.85370120583805,0.008039461285504328
1979-10-03,119.9965712663672,0.0096157717339392
1979-10-04,122.12708255422754,0.017754768035255407
1979-10-05,124.18532240596235,0.016853263082092357
1979-10-08,120.83769432291787,-0.026956712904453242
1979-10-09,106.9131788441078,-0.11523321060396279
1979-10-10,93.86145569014809,-0.12207777651986838
1979-10-11,95.40205159757144,0.016413509636043815
1979-10-12,96.63212914170263,0.01289361731254966
1979-10-15,91.74117892609304,-0.05061412036608907
1979-10-16,91.60655287540597,-0.0014674549887301093
1979-10-17,92.96200279342665,0.01479642968188338
1979-10-18,93.76878085518719,0.008678578747419043
1979-10-19,87.9437053027239,-0.062121694441770604
1979-10-22,81.21727569269605,-0.07648562892447866
1979-10-23,80.17975179053492,-0.012774670084808499
1979-10-24,80.89269065653644,0.008891756959587879
1979-10-25,80.31435147836709,-0.007149461508517874
1979-10-26,82.15343254744086,0.02289853600535067
1979-10-29,82.35373084080067,0.0024381001152220467
1979-10-30,85.21876077894962,0.03478931566181728
1979-10-31,85.28042616904312,0.0007236128468643696
1979-11-01,86.92777738907981,0.019316873684135746
1979-11-02,87.77378087220067,0.009732257151062669
1979-11-05,86.19150216602019,-0.018026780781886343
1979-11-06,85.30355645243674,-0.010302009957699778
1979-11-07,82.40349084472277,-0.03399700702198711
1979-11-08,83.53292918582554,0.013706195326494423
1979-11-09,85.52769540912125,0.023879998495661376
1979-11-12,87.67669549925385,0.025126364972806365
1979-11-13,87.81579652897312,0.0015865222671452295
1979-11-14,88.97314031117914,0.01317922091413444
1979-11-15,91.18659295564244,0.024877762397976157
1979-11-16,91.4469956725681,0.002855712758698339
1979-11-19,93.13691027532344,0.018479717024342653
1979-11-20,92.1430700065814,-0.010670745527247314
1979-11-21,90.87915319242718,-0.01371689497716905
1979-11-23,92.71365956553798,0.02018621772615363
1979-11-26,96.78356495240655,0.043897581067777976
1979-11-27,97.97370854700497,0.012296959666485401
1979-11-28,99.95677289530512,0.020240780692186613
1979-11-29,101.23466197955773,0.012784417175923223
1979-11-30,101.40650371257934,0.0016974594438446205
1979-12-03,100.44628562155933,-0.009468999086504299
1979-12-04,102.37674566584398,0.0192188295698443
1979-12-05,104.71307086633688,0.022820858245666653
1979-12-06,107.08406318579813,0.022642754145638162
1979-12-07,108.0261473907053,0.008797613546589107
1979-12-10,108.95654298655286,0.008612688856546367
1979-12-11,108.60548774686548,-0.0032219748356985553
1979-12-12,110.06254690646675,0.013416073071715589
1979-12-13,111.04306573023558,0.008908741904747131
1979-12-14,113.37086353861712,0.020963018204456032
1979-12-17,114.44190024960959,0.009447195492408389
1979-12-18,112.48253190058179,-0.017121074927576387
1979-12-19,112.2816178669914,-0.0017861798645140798
1979-12-20,113.63409928608287,0.012045439358503263
1979-12-21,113.36365375332423,-0.002379968112193028
1979-12-24,112.78026662360888,-0.005146156730134844
1979-12-26,112.78399251644336,3.303674433500931e-05
1979-12-27,113.23694938884869,0.00401614504238528
1979-12-28,114.55027906109628,0.011598066526303958
1979-12-31,115.12477129846333,0.005015197187434485
1980-01-02,108.23301157526203,-0.059863395561796796
1980-01-03,103.3548091817255,-0.04507129869655679
1980-01-04,107.65479052488776,0.0416040760677303
1980-01-07,108.79344580202144,0.01057691229142705
1980-01-08,113.25992706910816,0.04105469069538115
1980-01-09,115.27471858627928,0.017789094248151296
1980-01-10,118.68123485835922,0.029551286820364404
1980-01-11,120.36253120884456,0.014166488514312143
1980-01-14,121.41567829333654,0.008749791765882867
1980-01-15,122.67268997388142,0.01035296016308507
1980-01-16,125.05410558403803,0.019412760987499705
1980-01-17,124.55518607010468,-0.003989629221713587
1980-01-18,125.28084753722725,0.005826023708993729
1980-01-21,127.99502706841083,0.02166476029288569
1980-01-22,126.87812288760787,-0.008726152932535411
1980-01-23,130.643688679441,0.029678605784298803
1980-01-24,132.40456183733073,0.01347844029580614
1980-01-25,133.4821092775609,0.008138295427872172
1980-01-28,135.7782172287734,0.01720161573442007
1980-01-29,134.66729580356875,-0.008181882542564741
1980-01-30,137.14185706008087,0.018375369028881417
1980-01-31,138.21727262045482,0.007841628977670963
1980-02-01,139.55425638485508,0.009673058504573652
1980-02-04,138.61098023680623,-0.006759207296748604
1980-02-05,138.99979138400533,0.0028050530090391636
1980-02-06,140.95742577283457,0.014083721776394631
1980-02-07,142.9067034815338,0.013828840148093184
1980-02-08,146.70563863531697,0.026583323673644473
1980-02-11,144.3692761152516,-0.015925512760100055
1980-02-12,144.58275468866248,0.001478698093910652
1980-02-13,145.5870488204586,0.006946154359547972
1980-02-14,141.69800222588967,-0.026712860972715982
1980-02-15,139.0758633899969,-0.018505122123829747
1980-02-19,134.93229802804439,-0.029793562024009287
1980-02-20,137.4749344400994,0.018843793881925537
1980-02-21,135.3923990501552,-0.015148473417542151
1980-02-22,132.2238001641611,-0.02340307807693344
1980-02-25,126.7859198381097,-0.041126335193059464
1980-02-26,127.99511942617514,0.00953733340113346
1980-02-27,126.06213696050229,-0.015102001344572773
1980-02-28,125.34821849524785,-0.005663226742523972
1980-02-29,126.64332030925483,0.010332032074760465
1980-03-03,123.65393743457686,-0.02360474178486544
1980-03-04,120.08880154209139,-0.02883155980675273
1980-03-05,114.34516913172436,-0.047828209929748206
1980-03-06,104.64016046175074,-0.08487467152017207
1980-03-07,99.41064283348959,-0.04997620039174835
1980-03-10,94.27554324232037,-0.05165543089556704
1980-03-11,95.81944469395559,0.016376478973627987
1980-03-12,95.90805996847382,0.0009248151541816831
1980-03-13,96.55371645513502,0.006732035731652046
1980-03-14,95.42386187014625,-0.011701823880738614
1980-03-17,85.87834677199605,-0.10003278960916344
1980-03-18,84.39453659085225,-0.017278047807362407
1980-03-19,86.26362677831541,0.02214705196527806
1980-03-20,85.6079530777454,-0.007600813054788353
1980-03-21,84.01784750977518,-0.018574273893993857
1980-03-24,76.2759753791108,-0.09214556621155566
1980-03-25,72.68285255135183,-0.04710687486984264
1980-03-26,72.15086519859385,-0.007319296561484325
1980-03-27,58.803449082881954,-0.18499315398330143
1980-03-28,66.10803103967035,0.12422029780077645
1980-03-31,68.68858110004479,0.03903534895519548
1980-04-01,72.01858735177838,0.04847976473532693
1980-04-02,76.29714246436964,0.05940903966489172
1980-04-03,76.61082339488739,0.00411130640527249
1980-04-07,72.03863032758835,-0.05968077178510227
1980-04-08,73.57206075667513,0.021286224101064198
1980-04-09,76.27636660931381,0.036757239430639604
1980-04-10,78.32187219860167,0.026817029706788464
1980-04-11,79.08497082803738,0.009743110168519978
1980-04-14,77.09958394142022,-0.025104477700753004
1980-04-15,76.58501666070472,-0.006674060408762545
1980-04-16,75.4833266624701,-0.01438518977041478
1980-04-17,73.42518086614652,-0.02726623066742616
1980-04-18,73.56650605581711,0.0019247509914648458
1980-04-21,70.86048212327447,-0.03678336892185019
1980-04-22,75.02422829884833,0.05875977767594484
1980-04-23,76.99138939186022,0.026220344249006888
1980-04-24,79.93661041988346,0.03825390152440361
1980-04-25,78.5630020861733,-0.017183720031347407
1980-04-28,79.49809604458197,0.011902472328933955
1980-04-29,80.85053290062528,0.017012191779849393
1980-04-30,81.9218337779608,0.013250387336992325
1980-05-01,81.33435588105431,-0.007171200519006674
1980-05-02,82.28713899360712,0.011714399188777948
1980-05-05,83.54734917824807,0.015314789164547914
1980-05-06,85.61799498350994,0.024784099383502362
1980-05-07,88.01077276938011,0.027947136420690587
1980-05-08,87.37585981209105,-0.007214036842430215
1980-05-09,86.9637901755582,-0.004716058158615417
1980-05-12,86.64370874611468,-0.0036806287858125518
1980-05-13,88.67073023262687,0.023394906749107568
1980-05-14,91.5037225882447,0.031949577365445264
1980-05-15,93.26463880976506,0.01924420309591407
1980-05-16,94.39854895824014,0.012157985737637926
1980-05-19,94.24905879710299,-0.0015836065573770492
1980-05-20,93.60401001345141,-0.0068440872713669675
1980-05-21,93.21058408994348,-0.004203088344734388
1980-05-22,95.46703305260519,0.024208076633060734
1980-05-23,98.35885086587498,0.030291271455732013
1980-05-27,99.37506114927373,0.01033166079567647
1980-05-28,100.51431041273112,0.011464136477321016
1980-05-29,99.24067348525355,-0.012671199973892034
1980-05-30,99.90239181128555,0.006667813737986421
1980-06-02,99.1864056745343,-0.0071668568066293155
1980-06-03,98.63867765204148,-0.005522208600744293
1980-06-04,101.13284524235107,0.025285898490124102
1980-06-05,103.08593173252306,0.019312088822297943
1980-06-06,103.98645421354014,0.008735648656246039
1980-06-09,104.47561209996198,0.004704053908957635
1980-06-10,106.77628530427629,0.022021150755384234
1980-06-11,108.94341721777393,0.02029600399865989
1980-06-12,109.07541281271747,0.0012115977111282162
1980-06-13,111.71469696478691,0.02419687520780757
1980-06-16,111.96583783115001,0.0022480557454517764
1980-06-17,112.31377918298564,0.0031075670809550607
1980-06-18,112.70523552229109,0.0034853812430947102
1980-06-19,111.65628189046858,-0.009307053278949403
1980-06-20,111.12715031129206,-0.004738932465041142
1980-06-23,111.97361509370538,0.007617083494377183
1980-06-24,113.3481465808731,0.0122754944190867
1980-06-25,115.6176805848626,0.020022682967914176
1980-06-26,116.1247596720586,0.0043858264984290565
1980-06-27,116.45784700467317,0.0028683575626354523
1980-06-30,113.20065718276574,-0.02796883083178349
1980-07-01,113.98032893499868,0.006887519663195433
1980-07-02,116.10363825535498,0.01862873480183736
1980-07-03,119.74033697763932,0.03132286616450286
1980-07-07,125.65055905014367,0.04935865575197143
1980-07-08,125.46904787521383,-0.0014445711686598894
1980-07-09,126.57635648979631,0.008825352812781066
1980-07-10,125.93100297517762,-0.005098531293802181
1980-07-11,128.12427614348096,0.017416467085040795
1980-07-14,131.88590754024563,0.029359240184523516
1980-07-15,133.07558881928347,0.009020533741823973
1980-07-16,133.1248355565106,0.0003700658976155051
1980-07-17,136.80691484063894,0.027658845689731162
1980-07-18,139.94662369010467,0.022949928029025922
1980-07-21,140.9352011744592,0.007063960946593432
1980-07-22,139.1495443368707,-0.012670055619235138
1980-07-23,139.1498501458718,2.197700341522005e-06
1980-07-24,139.3222161120059,0.0012387075225261616
1980-07-25,138.5353346358597,-0.005647925349634017
1980-07-28,139.2714779195062,0.005313758295538381
1980-07-29,141.7537014107326,0.017822913408451324
1980-07-30,144.8361381787739,0.021745017853959964
1980-07-31,143.44856911279146,-0.009580268318599738
1980-08-01,145.0760953263239,0.011345712429189435
1980-08-04,143.33242659021346,-0.012018994116076499
1980-08-05,144.83276380869899,0.010467535185007221
1980-08-06,147.0985520673876,0.015644169172117466
1980-08-07,151.57506431861972,0.0304320619633384
1980-08-08,153.155769999397,0.010428533795338056
1980-08-11,156.12647231427903,0.019396607224747436
1980-08-12,154.74821975208562,-0.008827795451747748
1980-08-13,155.71793069782396,0.006266378684626349
1980-08-14,160.22757251251508,0.028960324572012464
1980-08-15,163.18154489384654,0.01843610519095107
1980-08-18,155.71153754584165,-0.04577728046921169
1980-08-19,153.0991615703278,-0.016777022542371137
1980-08-20,156.6660448524968,0.023297862937874638
1980-08-21,162.4821291584239,0.03712408972475828
1980-08-22,167.24616832746494,0.029320388609605216
1980-08-25,166.64995339949766,-0.0035648943944707663
1980-08-26,168.79218226664324,0.012854662263302199
1980-08-27,168.0367606703044,-0.004475453698119097
1980-08-28,164.73769461459653,-0.019633001984492998
1980-08-29,166.0979579580522,0.00825714689426734
1980-09-02,167.99824321046248,0.01144075024022993
1980-09-03,173.96280587956917,0.035503720486139166
1980-09-04,175.3416422255167,0.007926041080885321
1980-09-05,176.84094627116582,0.00855075854554156
1980-09-08,173.24531068810776,-0.02033259637473643
1980-09-09,174.2527864963364,0.005815313581805253
1980-09-10,178.3182091389211,0.023330603339707164
1980-09-11,183.53601256309634,0.02926119238955688
1980-09-12,187.59444112768193,0.022112437269990216
1980-09-15,187.3270511367331,-0.0014253620168138425
1980-09-16,192.32657718981858,0.026688756496979223
1980-09-17,200.18713903245646,0.04087090800186098
1980-09-18,199.02866481784034,-0.005786956246116789
1980-09-19,204.2280194166707,0.026123647081635275
1980-09-22,205.81796599928688,0.007785154001676633
1980-09-23,202.90471781282233,-0.014154489246456969
1980-09-24,203.20331614086973,0.001471618458486825
1980-09-25,199.56669780846542,-0.017896451699062083
1980-09-26,189.34160885109793,-0.05123644911527789
1980-09-29,174.21362954834447,-0.07989780690334367
1980-09-30,179.66342200315603,0.03128223933420333
1980-10-01,184.90796277799603,0.02919092109215134
1980-10-02,188.29164149623674,0.018299259087631657
1980-10-03,195.94850994115947,0.040664940748714996
1980-10-06,203.4789814502979,0.03843086896348296
1980-10-07,203.8698616838176,0.0019209857978138766
1980-10-08,206.91117555597256,0.01491791796509748
1980-10-09,207.9037729153101,0.004797214827427295
1980-10-10,208.61499060429452,0.0034208984233976775
1980-10-13,211.70195081830215,0.01479740360491648
1980-10-14,212.06923589487621,0.0017349158812867325
1980-10-15,213.2679391265176,0.0056524145361450924
1980-10-16,208.40728134682524,-0.022791319687338697
1980-10-17,206.05474622306704,-0.011288161855742366
1980-10-20,205.44637015171645,-0.0029524972489203987
1980-10-21,203.180812681583,-0.011027488431459741
1980-10-22,207.54134521385149,0.021461340146828333
1980-10-23,200.85632706249538,-0.03221053686660763
1980-10-24,201.85813453683096,0.00498768193657094
1980-10-27,195.92015281144654,-0.02941660854544852
1980-10-28,194.03243284284528,-0.009635149531646103
1980-10-29,196.12308837619352,0.010774773591802208
1980-10-30,190.02968427511138,-0.03106928486356527
1980-10-31,190.72893741269553,0.0036797047800797133
1980-11-03,191.52508808816665,0.004174252141658191
1980-11-05,199.89020215213384,0.04367633581307309
1980-11-06,193.452399673339,-0.03220669352215233
1980-11-07,192.00381517588568,-0.007488066831424014
1980-11-10,190.4793303784735,-0.007939867215740908
1980-11-11,196.06061004600048,0.029301235238685712
1980-11-12,204.28129712883197,0.041929315026117395
1980-11-13,211.82704015560435,0.03693800231752782
1980-11-14,216.5071158527798,0.022093853993982795
1980-11-17,215.61697665751257,-0.0041113623067820975
1980-11-18,222.4661360951326,0.03176539966284413
1980-11-19,226.47572511052317,0.01802336789665788
1980-11-20,231.26082990454663,0.021128554911076097
1980-11-21,229.69407427072187,-0.006774842218076549
1980-11-24,223.14407158692583,-0.028516202277277972
1980-11-25,226.92709527396872,0.016953278929344888
1980-11-26,232.27582961420947,0.02357027632060956
1980-11-28,235.69882885493956,0.014736786201196188
1980-12-01,224.31912440873566,-0.048280699999606345
1980-12-02,220.2597204654165,-0.0180965575450556
1980-12-03,224.00348462865,0.016997044013870536
1980-12-04,228.11605268707686,0.018359393226603824
1980-12-05,217.4743527796229,-0.046650377218528966
1980-12-08,194.1527898860305,-0.10723822186621368
1980-12-09,191.67134369402916,-0.012780893817997558
1980-12-10,187.17804606490452,-0.023442719931558532
1980-12-11,173.06844461588508,-0.07538064289936487
1980-12-12,179.77145631160212,0.03873040929323633
1980-12-15,187.3838521683402,0.04234485280879821
1980-12-16,181.0845240350996,-0.03361724108212629
1980-12-17,187.04773567794953,0.032930542654733205
1980-12-18,192.7044622658679,0.03024215485643667
1980-12-19,198.2066140527668,0.028552280119532297
1980-12-22,203.54118560759275,0.026914195473849194
1980-12-23,203.6476854404351,0.0005232348063830918
1980-12-24,204.39610559286118,0.003675073206982183
1980-12-26,207.6730454131394,0.016032300668220992
1980-12-29,202.88696139011859,-0.02304624566707495
1980-12-30,204.66822311110158,0.008779577104306463
1980-12-31,210.31858470374888,0.027607419983218855
1981-01-02,213.83728069947097,0.016730314159723234
1981-01-05,215.35382550467295,0.007092050554708364
1981-01-06,214.8905387880371,-0.0021512815737086376
1981-01-07,193.51504406863134,-0.09947154881718667
1981-01-08,189.08819599985821,-0.022875989254887655
1981-01-09,194.08487655141056,0.026425132066710787
1981-01-12,195.9855026137828,0.009792757149054915
1981-01-13,194.69632829828038,-0.006577906520172206
1981-01-14,197.60123701421898,0.014920202868377658
1981-01-15,199.75933056953272,0.010921457719206707
1981-01-16,193.05609185099502,-0.03355657380021314
1981-01-19,204.1472320899586,0.05745035099707701
1981-01-20,195.31874944126207,-0.043245664211632416
1981-01-21,193.32790695816175,-0.0101927873734365
1981-01-22,190.3560297542846,-0.015372210099601866
1981-01-23,191.3850458207754,0.005405744529443247
1981-01-26,186.95303904852028,-0.02315753957289591
1981-01-27,189.828163327544,0.015378858207688813
1981-01-28,190.2474637292079,0.002208841903719118
1981-01-29,191.5925171362589,0.007070020176276809
1981-01-30,191.2585393733252,-0.0017431670501839016
1981-02-02,177.17625029086332,-0.07362959650640262
1981-02-03,178.34922376733022,0.006620376458702966
1981-02-04,181.01949384026366,0.0149721429481353
1981-02-05,185.6966937497069,0.025838100694119296
1981-02-06,190.05425729730604,0.023466026559807913
1981-02-09,186.95684140661487,-0.016297534897341585
1981-02-10,186.17429599132643,-0.004185700878345896
1981-02-11,183.5202160193046,-0.014255888321691262
1981-02-12,180.02102007493863,-0.01906708710498628
1981-02-13,177.9001853936126,-0.011781039127781799
1981-02-17,177.66266568457175,-0.001335129069794499
1981-02-18,179.60224740285875,0.01091721612311395
1981-02-19,173.97355755872354,-0.03133975173211351
1981-02-20,172.63636682938272,-0.007686172244247252
1981-02-23,174.35709422776864,0.009967351781021547
1981-02-24,176.62244403546057,0.012992587526909728
1981-02-25,176.63860804020658,9.151727479636341e-05
1981-02-26,182.3639195703605,0.032412571598451054
1981-02-27,187.48369894063154,0.028074519248834747
1981-03-02,190.082698098311,0.013862534035571921
1981-03-03,187.91913706750285,-0.011382209177655648
1981-03-04,188.92788586098266,0.005367993963900899
1981-03-05,189.65457507315688,0.0038463840785734464
1981-03-06,191.92629888699443,0.011978217836090918
1981-03-09,192.2537846904184,0.001706310210341716
1981-03-10,188.9238970463003,-0.017320270961012
1981-03-11,186.31759387794904,-0.013795518772897936
1981-03-12,193.27053394100832,0.03731767847761031
1981-03-13,197.47280720836366,0.021742958854959176
1981-03-16,200.79030546765932,0.01679977261778215
1981-03-17,199.91315132170752,-0.004368508449194404
1981-03-18,202.1676383312891,0.01127733215486959
1981-03-19,203.36765069565772,0.005935729250604186
1981-03-20,208.7197480359088,0.02631734851606554
1981-03-23,212.3297543624841,0.017295950002556765
1981-03-24,212.4304072000037,0.0004740401919732518
1981-03-25,217.22555129553825,0.02257277646236359
1981-03-26,217.76238078028146,0.0024712999071312427
1981-03-27,215.4001975728283,-0.010847526551597327
1981-03-30,216.29019150681674,0.004131815773695213
1981-03-31,219.02656859357603,0.012651415525114255
1981-04-01,222.50368520576126,0.01587531884607709
1981-04-02,224.31020739749098,0.00811906638786303
1981-04-03,226.34785831870246,0.009084075775475826
1981-04-06,221.47812814556238,-0.02151436381732147
1981-04-07,222.86812561650896,0.0062760033353409204
1981-04-08,225.9998112271467,0.014051742939797737
1981-04-09,229.38225512758132,0.014966578432382117
1981-04-10,233.21490540154315,0.016708573519909602
1981-04-13,230.07125318927785,-0.013479636761864039
1981-04-14,226.88725141576285,-0.013839198636848293
1981-04-15,224.85057768884298,-0.008976589536041123
1981-04-16,236.86961017617713,0.05345342053764513
1981-04-20,239.20843221809534,0.009873879727241804
1981-04-21,236.34040369217595,-0.01198966315411697
1981-04-22,237.68410564919665,0.0056854517299159395
1981-04-23,240.24698168116393,0.010782698426414267
1981-04-24,245.17415865228574,0.020508798639813003
1981-04-27,245.74458764143205,0.0023266277012305133
1981-04-28,238.0330043614823,-0.03138048066068416
1981-04-29,233.24411918771818,-0.020118576357132423
1981-04-30,234.7678927396509,0.00653295593149052
1981-05-01,234.41282838163957,-0.0015124059506940641
1981-05-04,223.02834256156055,-0.04856596756532599
1981-05-05,217.3245937450953,-0.025574098569516507
1981-05-06,218.50160883635283,0.005415931400005522
1981-05-07,223.54766534754114,0.023093910100074153
1981-05-08,227.0990468070693,0.015886461860413325
1981-05-11,220.13353124191113,-0.030671707623130973
1981-05-12,221.00758385692805,0.003970556462188443
1981-05-13,222.91015476733418,0.008608622732321315
1981-05-14,227.13752272008753,0.01896444761417776
1981-05-15,231.19435734437812,0.017860697676491077
1981-05-18,232.09888236378177,0.003912400933108947
1981-05-19,229.30871523626664,-0.012021458695100249
1981-05-20,233.95878862703478,0.020278659648749045
1981-05-21,236.12131285922243,0.009243184429523765
1981-05-22,238.81516478983494,0.011408762292536428
1981-05-26,241.46444407800587,0.011093429893794174
1981-05-27,247.6477652462382,0.025607584552841185
1981-05-28,251.2910847979094,0.014711699691893548
1981-05-29,251.65986966682618,0.0014675604954841478
1981-06-01,249.62473838737876,-0.00808683276416604
1981-06-02,237.93698923875573,-0.046821277506901
1981-06-03,235.4992784280552,-0.01024519482447698
1981-06-04,237.8885218501428,0.010145438398094777
1981-06-05,242.98913016429697,0.021441170319967336
1981-06-08,240.97678353001376,-0.008281632322081954
1981-06-09,238.0954122913585,-0.011957049125009783
1981-06-10,239.1992279287959,0.0046360222854131316
1981-06-11,245.35253615905077,0.02572461576709839
1981-06-12,246.57563785703428,0.004985078683639968
1981-06-15,246.73535188795782,0.0006477283494493579
1981-06-16,238.66572436408256,-0.03270559918604474
1981-06-17,238.60035320745973,-0.00027390257565048005
1981-06-18,232.27282251339935,-0.026519368513083043
1981-06-19,234.8225642146361,0.010977357030608415
1981-06-22,231.2619739065929,-0.015162896802322065
1981-06-23,233.10374677101927,0.007964010828560266
1981-06-24,231.4774572835683,-0.006976676737197596
1981-06-25,233.0337078778304,0.006723119445517515
1981-06-26,234.30927666015515,0.00547375224786566
1981-06-29,228.90406917042492,-0.02306868753459554
1981-06-30,220.97518119907002,-0.03463847541063874
1981-07-01,217.38311950763253,-0.016255498341243575
1981-07-02,211.674460309771,-0.026260821037031333
1981-07-06,200.0557919856866,-0.054889325368215294
1981-07-07,196.79080777785717,-0.016320368310371307
1981-07-08,197.87703539945144,0.005519707113659678
1981-07-09,202.2703736513282,0.02220236543875842
1981-07-10,203.60591553611204,0.006602755809835257
1981-07-13,204.11777066709726,0.002513950194607521
1981-07-14,201.13258535706038,-0.014624818310922652
1981-07-15,203.75539633125533,0.013040209121455038
1981-07-16,207.0375015233446,0.01610806511722201
1981-07-17,209.06414866591578,0.009788792502128628
1981-07-20,192.45255513453424,-0.07945692093734762
1981-07-21,192.04276489392151,-0.002129305273844055
1981-07-22,189.10305345733894,-0.015307587548046241
1981-07-23,189.66204838005896,0.0029560332977179578
1981-07-24,193.91568025170048,0.02242742766922867
1981-07-27,197.49051888219344,0.018435015806111517
1981-07-28,195.91300208662204,-0.007987810273122113
1981-07-29,195.89193991563678,-0.00010750777519071533
1981-07-30,198.79587810253767,0.014824184130043744
1981-07-31,203.20357240158145,0.022171960209206823
1981-08-03,199.24479195830475,-0.0194818447160622
1981-08-04,198.22823110262735,-0.005102069899473963
1981-08-05,200.7538373672853,0.0127409009837271
1981-08-06,202.44344483389386,0.008416314670575114
1981-08-07,203.08008767995636,0.0031447935821527716
1981-08-10,199.50258866785305,-0.017616197890072197
1981-08-11,201.72265056898257,0.011127985435946787
1981-08-12,202.38561682751964,0.0032865236336478954
1981-08-13,203.42210191217333,0.005121337676565325
1981-08-14,202.59368842481894,-0.004072386823099698
1981-08-17,195.1020148758822,-0.036978810184981864
1981-08-18,187.59855417645522,-0.03845916560216168
1981-08-19,188.0415519220771,0.0023614134318176504
1981-08-20,189.95508296493819,0.010176107478915269
1981-08-21,186.50998950940178,-0.018136358352528567
1981-08-24,169.89135049584004,-0.0891032113468862
1981-08-25,162.21010369180385,-0.045212700832725904
1981-08-26,162.17330361416083,-0.00022686674137721523
1981-08-27,159.62777864134404,-0.01569632557324636
1981-08-28,161.29509081925008,0.010445000187919705
1981-08-31,156.55614340924296,-0.02938060536087638
1981-09-01,155.05777482342833,-0.009570806697108258
1981-09-02,155.47639196669007,0.0026997494562169366
1981-09-03,147.25399133117674,-0.052885203544438694
1981-09-04,141.7233024550613,-0.03755883848117111
1981-09-08,130.48495151728596,-0.07929783418177726
1981-09-09,130.353603968527,-0.0010066107028560386
1981-09-10,136.14850990442545,0.044455279788793337
1981-09-11,140.97748544440086,0.03546844209580627
1981-09-14,140.26572445860802,-0.005048756427660501
1981-09-15,140.03692514607448,-0.0016311847631817708
1981-09-16,136.08517092615054,-0.028219372967535634
1981-09-17,131.40596412367898,-0.03438439890714345
1981-09-18,128.2595806271269,-0.023943993086879417
1981-09-21,128.28953061140635,0.00023351069863957884
1981-09-22,125.80196700280264,-0.01939023080642978
1981-09-23,118.98193781526467,-0.054212420918553925
1981-09-24,119.69405890161309,0.005985119249394755
1981-09-25,109.12203841556584,-0.08832535702325298
1981-09-28,108.7305572829125,-0.0035875533332916714
1981-09-29,115.14185457820737,0.05896499986303701
1981-09-30,118.00461149393195,0.024862869598648956
1981-10-01,120.00854278417233,0.016981804904662046
1981-10-02,126.44768567750626,0.053655704368599
1981-10-05,129.35756977639724,0.023012553241285816
1981-10-06,129.18586164758383,-0.0013273914244849847
1981-10-07,135.16540925855287,0.04628639337701776
1981-10-08,139.86323961390735,0.034756158259160674
1981-10-09,140.3390037282951,0.0034016380265541736
1981-10-12,140.07391639030115,-0.0018889070817915711
1981-10-13,141.38440920005485,0.009355723346109342
1981-10-14,135.784966553969,-0.03960438550309174
1981-10-15,136.59555062753685,0.005969615739793084
1981-10-16,137.34420929469871,0.005480842265523485
1981-10-19,136.04528413743748,-0.009457443920872824
1981-10-20,139.09251530483846,0.022398653409570455
1981-10-21,141.50704794465688,0.017359184529280258
1981-10-22,141.5208857804833,9.77890220128322e-05
1981-10-23,140.2770924177926,-0.008788761855405326
1981-10-26,138.01654835170712,-0.01611484831288648
1981-10-27,141.39072952535318,0.02444765655961532
1981-10-28,143.80485882429542,0.01707416962233977
1981-10-29,142.214936291513,-0.01105611135660608
1981-10-30,146.8908638946328,0.03287930033969873
1981-11-02,151.12709521789745,0.028839311111298074
1981-11-03,154.54076071980703,0.022588044168967154
1981-11-04,156.65109836586532,0.013655540688611318
1981-11-05,157.22662864726843,0.003673962630373229
1981-11-06,157.0015048286002,-0.0014318428157185986
1981-11-09,156.56254966848013,-0.002795865941535236
1981-11-10,156.40879931783653,-0.0009820378562381128
1981-11-11,156.65423721860788,0.0015692077545622976
1981-11-12,158.75568458112872,0.013414558072810532
1981-11-13,156.680653504724,-0.013070593861754366
1981-11-16,149.31513010825694,-0.04700978220163595
1981-11-17,150.39474384508378,0.007230437639133383
1981-11-18,150.109595233998,-0.0018960011752772391
1981-11-19,149.36911511529016,-0.004932929953968183
1981-11-20,152.1740963037932,0.018778856568427912
1981-11-23,150.5065512320957,-0.010958140131606226
1981-11-24,152.7526138736972,0.01492335465276766
1981-11-25,154.88171937500599,0.013938259040655404
1981-11-27,157.01682690128197,0.013785406921435043
1981-11-30,157.51576473785704,0.00317760743495834
1981-12-01,156.84515309181154,-0.004257425579982733
1981-12-02,154.91341929497122,-0.012316184203088184
1981-12-03,153.76394221338973,-0.007420125943981422
1981-12-04,155.92054852380969,0.01402543586861909
1981-12-07,152.8771553411207,-0.01951887170422724
1981-12-08,149.14445585258005,-0.024416332709826696
1981-12-09,149.40407667571466,0.0017407339860572553
1981-12-10,150.7262394768636,0.00884957646784107
1981-12-11,149.98696933311643,-0.004904720945158668
1981-12-14,142.9524653533182,-0.04690076752050931
1981-12-15,141.7371970851662,-0.00850120538423989
1981-12-16,141.48802904843288,-0.0017579579803855007
1981-12-17,142.71874402291502,0.008698368213616671
1981-12-18,145.48746481972276,0.01939983998432046
1981-12-21,143.77195641806603,-0.01179145161256657
1981-12-22,142.0705110422449,-0.011834334165096778
1981-12-23,141.55970611993644,-0.0035954324269065288
1981-12-24,142.0063808892824,0.003155380733607376
1981-12-28,140.399970705301,-0.011312239449534899
1981-12-29,137.6493360966396,-0.019591418679388437
1981-12-30,139.15266001290038,0.01092140332013934
1981-12-31,141.5883375906034,0.017503636491585716
1982-01-04,140.62076451612256,-0.006833706016653271
1982-01-05,133.6508968218719,-0.04956499645151307
1982-01-06,131.1284317888841,-0.018873536152546135
1982-01-07,130.79956774880714,-0.0025079537335305777
1982-01-08,132.85425177484697,0.015708645383184453
1982-01-11,125.92310691167333,-0.052171042857703284
1982-01-12,122.90288899464427,-0.023984620385419375
1982-01-13,119.715756885195,-0.02593211710091008
1982-01-14,119.96916227719574,0.002116725472017434
1982-01-15,122.68172421383339,0.022610493273013982
1982-01-18,122.29347275734933,-0.0031647049222045314
1982-01-19,120.17856667983735,-0.017293695483718195
1982-01-20,119.2702155005431,-0.007558345921316726
1982-01-21,120.52453338524712,0.010516606173972418
1982-01-22,119.3624971843031,-0.00964149097536587
1982-01-25,114.74374596690346,-0.03869516243672413
1982-01-26,114.48375495511465,-0.0022658403697557498
1982-01-27,114.72982818886692,0.002149416166937855
1982-01-28,119.6448607732574,0.04284005878836868
1982-01-29,123.77152925235416,0.034490979825011606
1982-02-01,120.50342362093377,-0.02640434073297368
1982-02-02,121.685514126727,0.009809601007782985
1982-02-03,121.5701838022758,-0.0009477736547267252
1982-02-04,120.94903260106592,-0.005109404146498125
1982-02-05,122.96709894700437,0.01668526239969818
1982-02-08,115.77758997612086,-0.05846693166260673
1982-02-09,111.73522188746057,-0.034914944157103625
1982-02-10,112.52782219683054,0.0070935582887934655
1982-02-11,111.14678115293502,-0.01227288520237989
1982-02-12,111.588786694776,0.003976773211567901
1982-02-16,108.06025448745918,-0.031620849297055866
1982-02-17,108.97843903835756,0.008496968244739226
1982-02-18,109.1619644952084,0.0016840529050542472
1982-02-19,107.79288026445313,-0.01254176981044849
1982-02-22,104.81331295250673,-0.027641596593731367
1982-02-23,101.98987637838573,-0.026937766726258923
1982-02-24,103.82119659609869,0.01795590192617456
1982-02-25,105.27257906054899,0.013979635296409634
1982-02-26,105.20574591773408,-0.0006348580362648794
1982-03-01,106.28944029911,0.010300714774869086
1982-03-02,106.25743390737426,-0.00030112484970915156
1982-03-03,102.43853306422096,-0.035940081580384135
1982-03-04,99.42122586526457,-0.029454806787059046
1982-03-05,95.44953949217327,-0.039948072843858505
1982-03-08,90.47648390327637,-0.05210140997384995
1982-03-09,88.3392932864566,-0.02362150389381327
1982-03-10,89.40671028505467,0.012083150757577231
1982-03-11,88.84551790439396,-0.006276848559481291
1982-03-12,85.88928700755788,-0.033273832676818396
1982-03-15,85.29397464371368,-0.006931159689238273
1982-03-16,85.80266474225749,0.00596396287860519
1982-03-17,85.64016602104596,-0.0018938656707186278
1982-03-18,88.54813218461875,0.03395563435570843
1982-03-19,91.05183548499984,0.028275054917713933
1982-03-22,94.21607674239539,0.034752086441100095
1982-03-23,95.99313878309198,0.01886155847430806
1982-03-24,95.76717818686245,-0.0023539244480808032
1982-03-25,97.34918381041892,0.01651928827295735
1982-03-26,96.25724817715691,-0.011216690171624771
1982-03-29,96.61667010466554,0.0037339726027399217
1982-03-30,96.43935990661434,-0.0018351926003982936
1982-03-31,96.7735942044202,0.0034657457093194718
1982-04-01,99.47204505395922,0.02788416480469795
1982-04-02,101.52929884572154,0.020681728124181547
1982-04-05,100.78982136146467,-0.007283390042716062
1982-04-06,101.54013533066696,0.007444342683289589
1982-04-07,103.58959834101361,0.020183772689218483
1982-04-08,105.68307512622208,0.020209333936374734
1982-04-12,105.03032267906367,-0.0061765088343501175
1982-04-13,104.75475696933903,-0.00262367764561366
1982-04-14,104.09726599037852,-0.006276478491119592
1982-04-15,105.27760091082298,0.01133876965177505
1982-04-16,107.19883306945493,0.01824920155864265
1982-04-19,107.2601824195531,0.0005722949433452469
1982-04-20,106.45131160327024,-0.007541203063770063
1982-04-21,107.06853021898654,0.005798130679841692
1982-04-22,109.37922682683543,0.021581473128685434
1982-04-23,111.59712946823726,0.020277183389795783
1982-04-26,113.01557748759284,0.012710434633171157
1982-04-27,110.99194579091856,-0.017905776722650864
1982-04-28,111.24647965079852,0.002293264237023475
1982-04-29,109.85870088578648,-0.012474810613048393
1982-04-30,110.79166663678676,0.008492415652814023
1982-05-03,111.1221001551207,0.002982476285127474
1982-05-04,112.83635836316606,0.015426798140535027
1982-05-05,112.65615790044748,-0.0015970070758451423
1982-05-06,115.13078075679826,0.02196615704343082
1982-05-07,116.66308261729652,0.013309228430710385
1982-05-10,115.45760194459514,-0.010333008914704164
1982-05-11,116.54851772303418,0.009448626682568262
1982-05-12,116.25247925524683,-0.0025400448977897596
1982-05-13,115.45631095811405,-0.006848613485349418
1982-05-14,116.43592189809947,0.008484689419366745
1982-05-17,113.82284095800313,-0.022442223134396685
1982-05-18,111.77816632585106,-0.01796365839178527
1982-05-19,108.29692825343294,-0.031144168730320432
1982-05-20,106.14405679747132,-0.019879339983896193
1982-05-21,105.53674172146403,-0.005721611688218106
1982-05-24,104.19096907271525,-0.012751697909156416
1982-05-25,103.12733900257555,-0.01020846700636199
1982-05-26,99.04785069896347,-0.03955777723994408
1982-05-27,98.35325193117954,-0.007012759619540167
1982-05-28,98.5884690416083,0.0023915539731554814
1982-06-01,96.44927922978572,-0.021698174569682805
1982-06-02,97.15462376654112,0.007313113611507243
1982-06-03,95.92903895034453,-0.012614786293049901
1982-06-04,92.17918063112133,-0.03908991855077623
1982-06-07,90.54710249393412,-0.017705496252113526
1982-06-08,89.58298494485503,-0.010647690787716593
1982-06-09,85.91186198416656,-0.040980136606838
1982-06-10,86.52001799255173,0.0070788363136309535
1982-06-11,89.78142189331611,0.037695367805461504
1982-06-14,87.48270035962113,-0.025603532281171293
1982-06-15,85.97823695858563,-0.017197267515188786
1982-06-16,86.31470640880642,0.003913425793818772
1982-06-17,83.87279290092663,-0.028290816356535197
1982-06-18,81.83365743296538,-0.024312239969997602
1982-06-21,80.99035415853372,-0.010305090849965448
1982-06-22,82.47104644022579,0.018282328767123494
1982-06-23,85.08150273082316,0.03165300312382253
1982-06-24,85.43012162035629,0.004097469818276118
1982-06-25,84.43162567097494,-0.011687867586313155
1982-06-28,85.18977403786894,0.008979435855569831
1982-06-29,84.34320245468408,-0.009937478913942803
1982-06-30,85.44627089230708,0.013078332402847387
1982-07-01,84.35880768418943,-0.012726865628673856
1982-07-02,83.5034584703419,-0.01013941800896082
1982-07-06,82.12452936432962,-0.01651343706323303
1982-07-07,80.42635438306137,-0.020678048256868906
1982-07-08,78.55129959137622,-0.023313934916836747
1982-07-09,80.30881071906245,0.022374055385827995
1982-07-12,81.31425748014588,0.01251975657566036
1982-07-13,81.99859447257863,0.00841595328592696
1982-07-14,81.75688376416338,-0.0029477420920438753
1982-07-15,82.29845020935709,0.0066241082127826275
1982-07-16,83.08969067521664,0.009614281482175347
1982-07-19,82.84128830256911,-0.002989569110546991
1982-07-20,83.883783160257,0.012584242459874346
1982-07-21,84.89046109572165,0.012000864738556516
1982-07-22,85.62276166418583,0.008626417609376004
1982-07-23,85.65736333581081,0.00040411767796853993
1982-07-26,84.55175940141746,-0.01290728422329503
1982-07-27,83.41740854266212,-0.013416052685194836
1982-07-28,79.94807497564946,-0.04159004250579576
1982-07-29,78.81381525621048,-0.014187455042344137
1982-07-30,78.42426918128528,-0.0049426115670055904
1982-08-02,79.74822907957603,0.0168820176727474
1982-08-03,79.14255470506153,-0.0075948316533792784
1982-08-04,77.11248964003987,-0.025650739637948988
1982-08-05,75.11805800413612,-0.025863924835182128
1982-08-06,72.95424133695923,-0.028805545892277296
1982-08-09,69.89518512703835,-0.04193116334102896
1982-08-10,69.78453747861872,-0.0015830510816808195
1982-08-11,69.03813677219948,-0.010695789259159559
1982-08-12,67.80776290402311,-0.01782165518510673
1982-08-13,66.88518340807597,-0.01360580937101517
1982-08-16,67.47221474943916,0.008776702274727042
1982-08-17,70.73652212900436,0.04838002415790474
1982-08-18,74.24724106782246,0.04963092378807488
1982-08-19,74.11801555301574,-0.0017404756452657347
1982-08-20,76.83379081193563,0.036641230052595404
1982-08-23,80.75728092738552,0.051064643225183726
1982-08-24,84.07093072116913,0.04103221103696072
1982-08-25,87.98548031300963,0.046562462890098674
1982-08-26,92.83325256684029,0.055097411943250546
1982-08-27,91.89886298872163,-0.010065246582262015
1982-08-30,93.91216463391864,0.021907797112180598
1982-08-31,91.86910869446163,-0.021754965902671917
1982-09-01,91.19028233703726,-0.007389060012348828
1982-09-02,94.68106583298292,0.038280213707901495
1982-09-03,98.52757226733877,0.040625930860781194
1982-09-07,96.44360549716419,-0.021151102399235754
1982-09-08,97.8541132901534,0.014625208024089176
1982-09-09,99.39089604292828,0.015704835505668063
1982-09-10,98.85499097302139,-0.005391892932280521
1982-09-13,99.41516677596847,0.005666641587170382
1982-09-14,102.1407745869453,0.027416418433607516
1982-09-15,104.93147959824476,0.027322144585108246
1982-09-16,105.71032347909136,0.007422404447441184
1982-09-17,105.33832218088766,-0.003519063095831708
1982-09-20,104.15752571529912,-0.011209562115113932
1982-09-21,107.31753801290252,0.030338780380026457
1982-09-22,108.48381591108861,0.010867542433240174
1982-09-23,107.62212695523323,-0.007943018491916032
1982-09-24,108.36115758051244,0.006866902245730909
1982-09-27,108.2608326407537,-0.0009258385753603304
1982-09-28,108.89888430516096,0.005893651922339664
1982-09-29,107.49996881693004,-0.012846003860891964
1982-09-30,106.4047300661763,-0.010188270404235235
1982-10-01,108.14113816357113,0.01631889951052829
1982-10-04,106.8203212797901,-0.012213824509440604
1982-10-05,108.04866319538445,0.011499140808395494
1982-10-06,113.51017637131676,0.05054679081087991
1982-10-07,119.86044132880058,0.05594445503027591
1982-10-08,124.58434127295514,0.039411668201654614
1982-10-11,132.17917515432322,0.060961384101460764
1982-10-12,131.82335139741855,-0.0026919804612886397
1982-10-13,137.64993282444598,0.04419991879482398
1982-10-14,136.94148745439364,-0.005146717877122848
1982-10-15,136.09530307261284,-0.006179167449620471
1982-10-18,140.1976917137648,0.030143499066703022
1982-10-19,141.90317206719502,0.012164824774092595
1982-10-20,148.4436358850476,0.04609103322056457
1982-10-21,155.9408226985701,0.050505276085585735
1982-10-22,158.07295569637486,0.01367270584384521
1982-10-25,146.02268854825644,-0.07623231371256489
1982-10-26,145.9543979374751,-0.00046767123287671234
1982-10-27,150.64189422753074,0.032116170230537935
1982-10-28,149.86863714880624,-0.005133081223451417
1982-10-29,151.41133164655093,0.010293644668383367
1982-11-01,155.2364400395933,0.025263025900674023
1982-11-02,161.95887199031318,0.043304471224702934
1982-11-03,173.3128931244008,0.07010434806415987
1982-11-04,178.45993430480692,0.02969797046034922
1982-11-05,183.1827810109306,0.026464465116619002
1982-11-08,182.22379966652522,-0.0052351063736069065
1982-11-09,190.4565479939921,0.04517932532705963
1982-11-10,190.91355332435634,0.002399525430748973
1982-11-11,193.58344624191506,0.013984826488576529
1982-11-12,196.22709506001578,0.013656378525243582
1982-11-15,187.67618366595394,-0.04357660898688098
1982-11-16,176.8600848076238,-0.05763170716206487
1982-11-17,183.33386044231884,0.03660393831506303
1982-11-18,186.94297192721018,0.019686006044840096
1982-11-19,187.17352976726247,0.0012333057385119234
1982-11-22,178.0503476428024,-0.04874183938190468
1982-11-23,176.5003456059319,-0.008705414268440792
1982-11-24,180.43897113443595,0.02231511510633377
1982-11-26,184.46941332216986,0.022336871920706262
1982-11-29,183.60549147845617,-0.00468327961885407
1982-11-30,192.973631126242,0.05102319964588352
1982-12-01,201.05720465827918,0.04188952389432403
1982-12-02,202.47372928876348,0.0070453811038099475
1982-12-03,204.89945801682694,0.011980461547206146
1982-12-06,210.13275853774923,0.02554082168676363
1982-12-07,213.6173416694978,0.016582769654749353
1982-12-08,213.65058920731053,0.00015564063082554755
1982-12-09,204.3371557423905,-0.04359189225489557
1982-12-10,195.48207166133577,-0.0433356530234687
1982-12-13,193.903757896562,-0.00807395661075306
1982-12-14,188.82690682445175,-0.026182324299349087
1982-12-15,174.92737038665496,-0.07360993553063336
1982-12-16,174.63629080786313,-0.0016640024837075433
1982-12-17,182.28784780532678,0.04381424366074048
1982-12-20,179.5238758247442,-0.015162678224904693
1982-12-21,180.95249377203572,0.007957815865596365
1982-12-22,186.85421815658987,0.03261477231692175
1982-12-23,189.89670466835332,0.016282675027511368
1982-12-27,191.67477125160124,0.009363335642676116
1982-12-28,189.1193315309586,-0.01333216522944618
1982-12-29,189.2019240151521,0.00043672153198144804
1982-12-30,186.69414443963774,-0.013254514131227885
1982-12-31,189.3433131978263,0.01418988670555284
1983-01-03,184.66148477822406,-0.02472666364885382
1983-01-04,187.1133453775516,0.013277596041601222
1983-01-05,189.6831075145614,0.013733719162706466
1983-01-06,199.09746428439266,0.04963202518763322
1983-01-07,204.04471368092808,0.02484837973359987
1983-01-10,209.81358520383523,0.02827258505666621
1983-01-11,209.49810432750206,-0.001503624639113287
1983-01-12,214.76730666321413,0.02515155138337125
1983-01-13,216.22352093287998,0.006780428046943978
1983-01-14,221.8686561860252,0.02610786850935416
1983-01-17,225.70550442431684,0.017293331578457076
1983-01-18,224.41353995594005,-0.005724115907904204
1983-01-19,220.2341088721372,-0.01862379197183646
1983-01-20,222.27844639555875,0.009282565420456574
1983-01-21,216.71744833258623,-0.025018161468864823
1983-01-24,197.17465324580166,-0.09017638052286923
1983-01-25,203.24600436700322,0.03079174235256753
1983-01-26,208.87831827511786,0.02771180631892924
1983-01-27,219.2063263207324,0.04944509382736071
1983-01-28,223.11459463624558,0.017829176653390837
1983-01-31,226.70736693135584,0.016102811655901446
1983-02-01,226.0728223205532,-0.002798958937204592
1983-02-02,226.3415361765811,0.0011886163638320283
1983-02-03,229.42734525804835,0.01363341936081883
1983-02-04,235.43754432146773,0.026196524466860657
1983-02-07,236.2055055790819,0.003261847042396947
1983-02-08,233.5282282567742,-0.011334525483409312
1983-02-09,234.22000123632185,0.0029622670660054804
1983-02-10,243.60605520348133,0.04007366543256584
1983-02-11,248.87692223406708,0.02163684735251375
1983-02-14,254.49673661994203,0.022580697058723405
1983-02-15,255.55038463909912,0.004140123889802844
1983-02-16,255.48209891609088,-0.00026721040981683995
1983-02-17,255.17715409540497,-0.001193605430594392
1983-02-18,261.8480163931891,0.026142082826466625
1983-02-22,255.10333240374183,-0.025758010629034076
1983-02-23,257.3974026249442,0.008992709736820157
1983-02-24,264.1894113869184,0.026387246696000347
1983-02-25,264.4810175142048,0.0011037767401636046
1983-02-28,258.82582164826897,-0.021382237255012287
1983-03-01,262.15227988224973,0.012852111171895551
1983-03-02,266.7978875765208,0.017721027245529795
1983-03-03,272.19574789930437,0.020232020469934813
1983-03-04,274.3391787611556,0.00787459348058654
1983-03-07,272.3218398469698,-0.007353448104990336
1983-03-08,265.3527977562914,-0.02559119788039993
1983-03-09,270.99865961921716,0.02127681302275583
1983-03-10,274.0234226085122,0.011161542250965975
1983-03-11,274.22742393766055,0.0007444667583755314
1983-03-14,268.22543911503305,-0.021886887665880997
1983-03-15,267.84873646410034,-0.0014044255167428893
1983-03-16,268.99289770654974,0.004271669366649239
1983-03-17,266.9079451952008,-0.007750957475551855
1983-03-18,269.8386457439713,0.010980192240538835
1983-03-21,273.6829301686171,0.014246604351451355
1983-03-22,277.12282226333946,0.012568895300130728
1983-03-23,282.4240560699545,0.01912954610998241
1983-03-24,285.80868667970543,0.01198421500225392
1983-03-25,287.3482972667992,0.005386857219001056
1983-03-28,281.48097393212043,-0.020418855411664442
1983-03-29,280.1809343278761,-0.00461857007983016
1983-03-30,286.2970842939815,0.021829286781334247
1983-03-31,286.3143145768354,6.0183228538061484e-05
1983-04-04,279.3098902715864,-0.02446410797029595
1983-04-05,279.51472174647733,0.0007333484492502549
1983-04-06,272.0462672460847,-0.026719360088541498
1983-04-07,272.76902021175755,0.002656728110954227
1983-04-08,276.8367645895659,0.01491277995811441
1983-04-11,284.9136058385063,0.029175464685534197
1983-04-12,290.8644570181182,0.020886511060426206
1983-04-13,300.9913784504083,0.034816634304889696
1983-04-14,310.30082376280984,0.030929275650117685
1983-04-15,319.49734280884206,0.029637430331354662
1983-04-18,321.27458084665955,0.005562606631382268
1983-04-19,319.88796740975744,-0.004315976176042224
1983-04-20,329.8094696060357,0.031015552965671166
1983-04-21,336.7353571476497,0.020999662471447876
1983-04-22,342.6287381509193,0.017501521233736723
1983-04-25,335.21741813473943,-0.021630760035415905
1983-04-26,340.4580250246572,0.015633456396980477
1983-04-27,343.23459360048537,0.008155391771502726
1983-04-28,349.91008751764394,0.019448779469264873
1983-04-29,357.7887242329976,0.0225161748586525
1983-05-02,348.1478185865745,-0.02694580626343271
1983-05-03,344.81506976232737,-0.009572798237764609
1983-05-04,357.3970521188376,0.03648907330292348
1983-05-05,372.2893434181674,0.04166875806904505
1983-05-06,388.37462009489866,0.04320638492911094
1983-05-09,391.8296184883016,0.008896045762616328
1983-05-10,398.24348146737793,0.016369010091226113
1983-05-11,392.39876519946415,-0.014676238381550443
1983-05-12,389.3724261343982,-0.007712407207824983
1983-05-13,395.4089196420253,0.015503135564980878
1983-05-16,378.74769442995256,-0.04213669541687784
1983-05-17,383.98802666595486,0.01383594491285143
1983-05-18,393.3698575834021,0.02443261317001656
1983-05-19,390.5363290135456,-0.007203217316303338
1983-05-20,393.2498043570124,0.006948074076285746
1983-05-23,393.96385807229603,0.0018157764031214293
1983-05-24,407.42653823525603,0.034172373650807095
1983-05-25,414.4285547477297,0.01718596079382182
1983-05-26,423.2377587320045,0.021256266932757766
1983-05-27,425.76684643147973,0.005975571997763694
1983-05-31,411.52493832523874,-0.0334500166596062
1983-06-01,408.24819073940176,-0.007962452042814662
1983-06-02,418.034548708987,0.02397158932134064
1983-06-03,431.60918336454154,0.03247251859320462
1983-06-06,437.838016172553,0.014431650317204973
1983-06-07,432.21607894883005,-0.012840221762532784
1983-06-08,425.1168071860733,-0.016425283807170163
1983-06-09,425.97429461266523,0.002017063103827541
1983-06-10,436.02667816043913,0.02359856844628257
1983-06-13,447.18568619768143,0.02559248916676663
1983-06-14,455.4083665976465,0.0183876198495542
1983-06-15,463.77177859851923,0.018364642844301997
1983-06-16,482.86276769417407,0.04116462013567596
1983-06-17,480.9475047676066,-0.003966474648094023
1983-06-20,473.8467578284535,-0.014764078966547717
1983-06-21,479.48927863734,0.01190790211321705
1983-06-22,489.1466611581687,0.020140976975072326
1983-06-23,486.9025076286739,-0.004587895017378235
1983-06-24,491.97533099257106,0.01041856076815661
1983-06-27,470.9029568802218,-0.042832176300050054
1983-06-28,433.8303083100087,-0.07872672708581616
1983-06-29,435.18867013893583,0.003131090204874513
1983-06-30,445.17785709647444,0.022953692600383074
1983-07-01,457.07617964955284,0.026727121224495016
1983-07-05,437.48623659267946,-0.042859251759506
1983-07-06,433.5528293670097,-0.008990927934795688
1983-07-07,448.9746036767729,0.0355706923474105
1983-07-08,446.8666187768851,-0.004695109439654224
1983-07-11,451.84861586073595,0.011148734039447722
1983-07-12,434.9889208298201,-0.03731270704193595
1983-07-13,425.18730883175533,-0.022533015276265878
1983-07-14,428.67366868365957,0.008199585875418951
1983-07-15,417.8296651576114,-0.025296640121020748
1983-07-18,407.0129950495551,-0.02588775046399842
1983-07-19,410.3200391601194,0.008125156078030361
1983-07-20,432.2764107284635,0.0535103564848706
1983-07-21,442.468773101394,0.023578345058789005
1983-07-22,448.2027653524146,0.012959089091936047
1983-07-25,446.72346427841353,-0.0033005175076015643
1983-07-26,446.13418708830994,-0.0013191095548460263
1983-07-27,423.6552097130903,-0.05038613499209392
1983-07-28,396.98759802901196,-0.06294649770066156
1983-07-29,379.4230193484228,-0.04424465340427458
1983-08-01,371.9468248709432,-0.019704114131816143
1983-08-02,375.86760739554387,0.01054124477594636
1983-08-03,378.2527363148941,0.0063456623354091165
1983-08-04,362.5724356357759,-0.041454559805390076
1983-08-05,364.24824228121565,0.00462199130637487
1983-08-08,344.64661244260145,-0.053813931169174704
1983-08-09,342.16578058093825,-0.007198190181185481
1983-08-10,350.3720085542126,0.023983193057299856
1983-08-11,353.46220225240734,0.008819750501606086
1983-08-12,360.5253055436359,0.01998262684445343
1983-08-15,368.0176205456153,0.020781661888287416
1983-08-16,360.85217095455954,-0.019470398130481802
1983-08-17,364.2881832341556,0.009521938777607505
1983-08-18,360.297983011449,-0.010953416570588676
1983-08-19,357.70815965941057,-0.007188004024868878
1983-08-22,356.07727093874985,-0.004559271787966958
1983-08-23,337.70557501941994,-0.05159468862164493
1983-08-24,327.9163271279702,-0.028987522314035823
1983-08-25,323.29239421413195,-0.01410095360098908
1983-08-26,325.78143863049235,0.007699050336185217
1983-08-29,322.2088759901952,-0.010966133169880167
1983-08-30,323.75574935481274,0.004800840324040585
1983-08-31,332.20983297523406,0.0261125358770271
1983-09-01,339.3420846810227,0.02146911679859983
1983-09-02,350.6176005163331,0.033227578730499155
1983-09-06,362.0168543757238,0.03251192707554823
1983-09-07,360.18366532550397,-0.0050638223830243925
1983-09-08,363.74622715717015,0.009890958904109884
1983-09-09,365.19789785891436,0.003990888683821214
1983-09-12,359.44947210212143,-0.01574057734311961
1983-09-13,349.1650829813085,-0.028611501529458547
1983-09-14,350.4728713227909,0.003745472858614533
1983-09-15,346.2857715451336,-0.011947001095559587
1983-09-16,349.9283871715982,0.01051910279250332
1983-09-19,362.05601029084477,0.034657442962177806
1983-09-20,367.4232090227068,0.014824222162616555
1983-09-21,366.91912725229315,-0.0013719377492632731
1983-09-22,371.4972646143133,0.012477238230407766
1983-09-23,367.8785930806102,-0.00974077571596651
1983-09-26,368.0374925359633,0.0004319344977985473
1983-09-27,357.0287794950259,-0.029911933605138444
1983-09-28,353.2597828800491,-0.010556562471819663
1983-09-29,351.462829244255,-0.005086776709038167
1983-09-30,342.0275839826124,-0.026845641918751523
1983-10-03,334.6821907790724,-0.021476025757949983
1983-10-04,335.13331297945354,0.00134791217701488
1983-10-05,334.18647268063535,-0.0028252646399144466
1983-10-06,338.17667034459964,0.011940033454847605
1983-10-07,343.46656867855836,0.015642410603216247
1983-10-10,343.2798210212872,-0.0005437142193770706
1983-10-11,336.18856164976546,-0.020657373190258045
1983-10-12,323.0178520147071,-0.03917655487868548
1983-10-13,319.0722874181416,-0.012214695169187878
1983-10-14,317.6317794185624,-0.0045146760040974685
1983-10-17,316.11691995792626,-0.004769231414467394
1983-10-18,296.12463875858845,-0.06324331263887654
1983-10-19,296.011218965442,-0.00038301369863013695
1983-10-20,288.4772101940394,-0.025451767665205183
1983-10-21,282.95104064474975,-0.019156347031963374
1983-10-24,274.4863556147152,-0.02991572326698784
1983-10-25,279.70614583631095,0.01901657446653753
1983-10-26,277.3400812122727,-0.00845910845814198
1983-10-27,276.18578315398884,-0.0041620311540919615
1983-10-28,272.01932275524774,-0.015085716401332987
1983-10-31,267.0079413211379,-0.01842288769544109
1983-11-01,262.50011552987365,-0.016882740524344842
1983-11-02,268.57174968163883,0.023130024684024263
1983-11-03,265.77516244274756,-0.01041281237585976
1983-11-04,262.50453157171586,-0.012306006479203041
1983-11-07,256.29301960098314,-0.023662494256925785
1983-11-08,251.7991545463193,-0.01753409071249866
1983-11-09,255.70990263181142,0.015531220081093202
1983-11-10,261.4998950495952,0.022642816559672273
1983-11-11,273.0345096927209,0.0441094427243962
1983-11-14,279.7552652730407,0.024615040742957735
1983-11-15,277.87656202926917,-0.006715524163371738
1983-11-16,280.81868405867465,0.010587874011107225
1983-11-17,284.6835564224858,0.01376287470602793
1983-11-18,284.63524905333725,-0.0001696879502124969
1983-11-21,289.6815318006595,0.01772894525223287
1983-11-22,294.1760095640967,0.015515237493738702
1983-11-23,294.4975442548232,0.0010930010615173204
1983-11-25,296.75463084624545,0.007664194949854251
1983-11-28,293.23290860354757,-0.011867455050844859
1983-11-29,296.676871331453,0.011744802942843241
1983-11-30,296.7190467993507,0.00014215960856135568
1983-12-01,297.85181253038377,0.003817637402290267
1983-12-02,290.990851962492,-0.02303481220948379
1983-12-05,286.29024506597216,-0.016153796123892405
1983-12-06,284.84283445444333,-0.005055745476746152
1983-12-07,285.0367063206765,0.0006806274997385838
1983-12-08,280.1390379190886,-0.017182588392941504
1983-12-09,279.85201731425366,-0.0010245648266908947
1983-12-12,277.8244669339402,-0.00724508045277601
1983-12-13,274.68118106680674,-0.011313927465865778
1983-12-14,267.1899538394914,-0.027272444359751607
1983-12-15,263.98480276729657,-0.011995776885085456
1983-12-16,265.781967565684,0.006807834312991089
1983-12-19,264.2343763646082,-0.0058227848008287125
1983-12-20,261.055326620983,-0.0120311739424794
1983-12-21,264.1506537702599,0.011856977558519015
1983-12-22,265.71701351220713,0.0059297969533306525
1983-12-23,266.56763098550744,0.003201215692051312
1983-12-27,266.5640890571529,-1.3287165967864015e-05
1983-12-28,266.1440567440811,-0.0015757273027939395
1983-12-29,267.45670488825107,0.00493209640007915
1983-12-30,271.81412951129505,0.01629207472986933
1984-01-03,268.5221587020331,-0.012111109952895886
1984-01-04,278.0926108040401,0.03564120051867628
1984-01-05,288.30055400227553,0.03670699184966325
1984-01-06,298.660925042036,0.03593600808577946
1984-01-09,296.297089693787,-0.007914779437304575
1984-01-10,297.2776936121876,0.0033095293626206734
1984-01-11,297.2989499543135,7.150332023792409e-05
1984-01-12,297.0101499843523,-0.0009714126807565146
1984-01-13,294.4601836588252,-0.008585451795709482
1984-01-16,292.33809169954947,-0.007206719539829202
1984-01-17,293.9526645951571,0.00552296447657962
1984-01-18,294.8963473331139,0.0032103221083451773
1984-01-19,292.5458378062785,-0.007970629504543405
1984-01-20,286.04229079383805,-0.022230864951656087
1984-01-23,272.95364738669866,-0.04575772124749519
1984-01-24,268.79788426899734,-0.015225160599571689
1984-01-25,264.42544157705413,-0.016266655907036482
1984-01-26,259.32970303971194,-0.019270984315846503
1984-01-27,252.35362535053466,-0.02690041907042567
1984-01-30,241.06635428033286,-0.0447279925323961
1984-01-31,238.80893392292057,-0.009364311183746366
1984-02-01,233.36356578039798,-0.022802196103267145
1984-02-02,232.54908068879416,-0.0034901981758808896
1984-02-03,226.80894528552167,-0.02468354373309326
1984-02-06,212.66277703973446,-0.06237041589333743
1984-02-07,210.51971444259934,-0.01007728116300631
1984-02-08,200.99360590831742,-0.04525043442845499
1984-02-09,195.5134656992055,-0.02726524649551122
1984-02-10,200.90194351039216,0.02756064801938887
1984-02-13,192.39820647261132,-0.04232779877184694
1984-02-14,196.59618645325168,0.021819226164345455
1984-02-15,197.2086513698703,0.0031153448480764918
1984-02-16,195.0364702150218,-0.01101463419459486
1984-02-17,193.7638014867598,-0.006525285895806753
1984-02-21,190.24640680518425,-0.018153002029204685
1984-02-22,188.33413815154884,-0.010051536245799464
1984-02-23,183.55539598523424,-0.025373743779097683
1984-02-24,193.16723094961975,0.052364763851228235
1984-02-27,199.54408195925328,0.03301207445116126
1984-02-28,192.93411049024917,-0.03312536961308566
1984-02-29,195.19425248638487,0.011714579606439852
1984-03-01,197.26261717292445,0.01059644257037661
1984-03-02,201.9361654334542,0.023692011834319435
1984-03-05,197.68077680466942,-0.021072939657196275
1984-03-06,193.80733855456884,-0.01959441030489251
1984-03-07,186.62061760773696,-0.03708177925784981
1984-03-08,187.66013699096138,0.005570227965965646
1984-03-09,186.10994745101544,-0.008260622446527347
1984-03-12,187.4955039089801,0.00744482751696741
1984-03-13,189.50575916921173,0.01072161848322229
1984-03-14,188.46792540192357,-0.00547652890254104
1984-03-15,190.19059943475193,0.009140409590409727
1984-03-16,195.3777743583577,0.027273561043616733
1984-03-19,191.13505349274806,-0.02171547341832102
1984-03-20,193.53269709944837,0.012544238029008581
1984-03-21,192.87130366325385,-0.0034174764580200997
1984-03-22,188.84290625796945,-0.02088645292882885
1984-03-23,186.9731931788434,-0.009900891254935046
1984-03-26,185.19495604584685,-0.00951065285222792
1984-03-27,184.66590241659887,-0.0028567388688329363
1984-03-28,188.83063744877757,0.022552810116419065
1984-03-29,190.14491064672592,0.006960063344089932
1984-03-30,188.1324308315653,-0.010583926797281656
1984-04-02,185.6728959982448,-0.013073422920487954
1984-04-03,183.5378732472667,-0.011498839071257197
1984-04-04,182.63670582940802,-0.004909980713596969
1984-04-05,176.44727604011615,-0.03388929821737534
1984-04-06,172.4905438852249,-0.022424444534874393
1984-04-09,169.92424394162,-0.014877916700828003
1984-04-10,171.1282975772801,0.007085826058309816
1984-04-11,167.55069866680492,-0.020905945779420784
1984-04-12,169.07603749957937,0.009103744985317965
1984-04-13,172.0321134209102,0.017483707124010418
1984-04-16,171.5249119749509,-0.0029482951518379837
1984-04-17,175.05574117554912,0.020584935214039788
1984-04-18,174.74174318152728,-0.0017937029195001463
1984-04-19,174.72717472578364,-8.337135408178497e-05
1984-04-23,171.0392520676407,-0.02110674921591769
1984-04-24,171.2357452671889,0.0011488193334152684
1984-04-25,170.82191479138905,-0.002416729492747643
1984-04-26,175.01033997310955,0.024519249692496945
1984-04-27,177.00241884722996,0.011382635302728403
1984-04-30,177.92484232756388,0.005211360874848021
1984-05-01,183.9280454909477,0.03374010669253144
1984-05-02,189.90859751924336,0.03251571565571806
1984-05-03,188.7873145146475,-0.005904329868384407
1984-05-04,184.97968817289632,-0.0201688675509803
1984-05-07,185.7474312946824,0.004150418510104125
1984-05-08,188.0360321575062,0.01232103640342144
1984-05-09,188.3536798578006,0.0016892916567626199
1984-05-10,188.9623843687995,0.0032317102137767494
1984-05-11,183.63233948029057,-0.028206909572575257
1984-05-14,179.64685777454247,-0.02170359380612191
1984-05-15,179.84753826419416,0.0011170832161368845
1984-05-16,179.07321877264346,-0.004305421686746906
1984-05-17,173.46230640416238,-0.03133306257037159
1984-05-18,170.1915608642049,-0.01885565577766932
1984-05-21,166.91434288667222,-0.019256054535791767
1984-05-22,161.9996422185092,-0.029444447871684067
1984-05-23,159.4644554587478,-0.01564933554817274
1984-05-24,151.02610406245458,-0.05291681692962717
1984-05-25,150.65017456019942,-0.00248916903861672
1984-05-29,145.34516344318888,-0.03521410534370586
1984-05-30,144.00507460034058,-0.00922004428012562
1984-05-31,145.5980722960008,0.011062094166343116
1984-06-01,151.31094929788497,0.03923731208659066
1984-06-04,156.59081947604847,0.034894171259007976
1984-06-05,155.89071094049052,-0.004470942408376878
1984-06-06,157.89971316670562,0.012887247829551678
1984-06-07,158.61983811873787,0.004560647626205402
1984-06-08,159.4609414818169,0.0053026366251199475
1984-06-11,154.807168280867,-0.02918440815477416
1984-06-12,152.63110817445013,-0.01405658491516898
1984-06-13,153.9918920299198,0.008915507931150975
1984-06-14,149.72599604710808,-0.027702081756245226
1984-06-15,149.696746671537,-0.00019535268652938874
1984-06-18,151.74353776110829,0.013672916313019947
1984-06-19,153.6936306032324,0.012851241449202067
1984-06-20,154.55488772396404,0.005603726825576867
1984-06-21,157.20877216940394,0.01717114537444941
1984-06-22,159.8133641570734,0.016567726798748867
1984-06-25,159.08061381757855,-0.004585037949483879
1984-06-26,153.1041876512666,-0.03756853850944558
1984-06-27,153.96214169471617,0.005603726825576867
1984-06-28,156.60584801191771,0.01717114537444941
1984-06-29,159.20045091686558,0.016567726798748867
1984-07-02,152.6468287660851,-0.04116585168595268
1984-07-03,153.30957977120912,0.004341727964356211
1984-07-05,152.28374509131666,-0.006691262747072636
1984-07-06,150.08300165883603,-0.014451597779927012
1984-07-09,150.3939382351183,0.002071764109496581
1984-07-10,148.91744817384136,-0.009817483860078599
1984-07-11,146.14628356484766,-0.018608730158730245
1984-07-12,144.96024131097346,-0.008115445873434898
1984-07-13,145.7305327519088,0.0053138118008708305
1984-07-16,143.70805073523087,-0.013878231133080366
1984-07-17,143.2928596727617,-0.0028891287603234764
1984-07-18,140.89028026126988,-0.016766916488222827
1984-07-19,138.38800900409558,-0.017760425009688715
1984-07-20,135.5926176732099,-0.02019966434232728
1984-07-23,131.3128817585674,-0.031563192658150614
1984-07-24,128.94630220014173,-0.018022447811151403
1984-07-25,128.15137506685767,-0.006164792008151045
1984-07-26,131.09698817467768,0.022985419440745548
1984-07-27,134.91790186961782,0.029145701576675887
1984-07-30,134.11795285925427,-0.005929153946794889
1984-07-31,135.37564037419253,0.009377473247433937
1984-08-01,141.76819657371422,0.04722087505441889
1984-08-02,151.7651736954584,0.07051635954574687
1984-08-03,165.74438633931618,0.09211080713358737
1984-08-06,171.63911936376357,0.035565204678362584
1984-08-07,171.1900555296313,-0.0026163256709592826
1984-08-08,168.9069094492208,-0.013336908346380747
1984-08-09,173.55037913403,0.027491295056850284
1984-08-10,177.8399856480735,0.024716779850597146
1984-08-13,175.31728251164398,-0.014185241453076248
1984-08-14,173.73178408412522,-0.009043594589218207
1984-08-15,171.7196316831159,-0.011581947492319437
1984-08-16,172.9421179765361,0.007119082899479663
1984-08-17,172.94719680839924,2.9367235249375324e-05
1984-08-20,172.4028731889104,-0.003147339936893466
1984-08-21,178.7537101153525,0.03683718727519799
1984-08-22,179.7952004412548,0.0058263983736628255
1984-08-23,180.26672408433117,0.00262255967856288
1984-08-24,181.5901692784168,0.007341594522272903
1984-08-27,178.15910506549446,-0.018894548237695374
1984-08-28,180.35788447461954,0.012341661731612134
1984-08-29,181.21265300755692,0.004739291189998793
1984-08-30,180.59773150523577,-0.003393369569483144
1984-08-31,180.68673065758435,0.000492803268384476
1984-09-04,173.4431171315012,-0.04008934967012253
1984-09-05,171.75061650126628,-0.009758246151397901
1984-09-06,174.98347388046298,0.01882297394357749
1984-09-07,173.78081875006768,-0.006872964078978574
1984-09-10,171.16404750915538,-0.015057883026064913
1984-09-11,173.69004536585825,0.014757759549754642
1984-09-12,172.88760149502994,-0.004619976171565005
1984-09-13,176.70828169446784,0.02209921455557783
1984-09-14,181.35791016076007,0.026312453619641487
1984-09-17,180.6660680485482,-0.00381478873239446
1984-09-18,177.6136359877494,-0.016895436391401116
1984-09-19,175.47778603642837,-0.012025258868459603
1984-09-20,175.64850287522063,0.0009728686613177886
1984-09-21,174.6326875377604,-0.005783227985619903
1984-09-24,170.49900576310284,-0.023670721861643134
1984-09-25,168.81110639528393,-0.009899760765550485
1984-09-26,169.18078489254978,0.0021898944042238176
1984-09-27,169.22635174212422,0.00026933820884788727
1984-09-28,168.44027272203107,-0.004645133644971765
1984-10-01,164.00759987988073,-0.02631599183804094
1984-10-02,160.44004947629168,-0.02175234809973395
1984-10-03,157.8448811514136,-0.016175314912637042
1984-10-04,158.52822582090238,0.004329216535272085
1984-10-05,158.961178560312,0.002731076672104641
1984-10-08,156.99804686140564,-0.012349755560987602
1984-10-09,156.02223235728488,-0.006215456329735021
1984-10-10,154.41794329312523,-0.010282438854521013
1984-10-11,157.09039083057272,0.017306586789428226
1984-10-12,159.67713576961572,0.016466601969517724
1984-10-15,162.49797403932453,0.017665887204908054
1984-10-16,161.6375217770367,-0.005295156861953131
1984-10-17,161.21179317565355,-0.002633847615966435
1984-10-18,166.3653050273994,0.03196733781213308
1984-10-19,169.12802952313166,0.01660637411915458
1984-10-22,167.64730547731546,-0.008755048172625264
1984-10-23,167.67222775874276,0.0001486590038315537
1984-10-24,168.0383524890863,0.0021835740792466246
1984-10-25,164.28482367616613,-0.02233733405095099
1984-10-26,161.0043724409891,-0.019968072289156678
1984-10-29,159.06880349249803,-0.012021840892553912
1984-10-30,160.8363547416916,0.011111866125760511
1984-10-31,159.9450096733307,-0.0055419377652049405
1984-11-01,161.6989054762533,0.010965617536331592
1984-11-02,161.52832737915537,-0.0010549118845022951
1984-11-05,162.26801922450943,0.004579332042594496
1984-11-06,166.3691165774727,0.025273602109415833
1984-11-07,164.72047061435742,-0.009909567334557261
1984-11-08,164.15169033466998,-0.003453003003003003
1984-11-09,164.0778220740194,-0.00045
1984-11-12,163.38282590442668,-0.004235771543086282
1984-11-13,160.5169950459413,-0.017540588140896905
1984-11-14,158.77378980610098,-0.010859941897998875
1984-11-15,156.8316163260273,-0.012232330553081209
1984-11-16,155.0589144795168,-0.011303217348888091
1984-11-19,150.59862253756754,-0.028765143603133272
1984-11-20,150.82847889366587,0.001526284584980195
1984-11-21,150.7047528725168,-0.0008203094140882299
1984-11-23,155.1086798929309,0.02922221719270809
1984-11-26,153.85658885108552,-0.008072346710124054
1984-11-27,154.74856441485775,0.00579744793793374
1984-11-28,153.97899313888135,-0.004973043070779567
1984-11-29,150.62954284586638,-0.02175264446620936
1984-11-30,149.13161469349305,-0.00994445129469803
1984-12-03,145.92342767315802,-0.021512454129386002
1984-12-04,145.96679582510595,0.0002971980074720083
1984-12-05,141.93936257352433,-0.02759143426294829
1984-12-06,142.392648941692,0.0031935212329339815
1984-12-07,142.0962840784746,-0.0020813213703098936
1984-12-10,141.11945746408398,-0.006874399430819424
1984-12-11,141.57072908765386,0.003197798742138265
1984-12-12,141.29359011218992,-0.0019576008208049486
1984-12-13,140.1821609505148,-0.00786609754053683
1984-12-14,141.8148309250691,0.011646774193548128
1984-12-17,140.59109423242995,-0.008629116465863255
1984-12-18,149.33614388135933,0.06220201710978768
1984-12-19,151.9190089227558,0.017295645744331224
1984-12-20,151.1247990748839,-0.0052278503756940506
1984-12-21,150.66737566544467,-0.003026792506851093
1984-12-24,153.31350506515875,0.017562723104633925
1984-12-26,153.62457393837212,0.002028972418843167
1984-12-27,152.78750731176612,-0.005448780785174306
1984-12-28,153.52109726253008,0.004801373905963853
1984-12-31,155.69077559433615,0.014132769830949065
1985-01-02,152.84691398629863,-0.01826608928615929
1985-01-03,153.7256054768137,0.005748833702941772
1985-01-04,153.25990580267623,-0.003029421628836656
1985-01-07,152.81840489676688,-0.0028807332459004683
1985-01-08,152.69023847275147,-0.0008386844771870403
1985-01-09,155.1318324197631,0.0159905045105246
1985-01-10,159.0663842639592,0.025362633721426168
1985-01-11,164.17546554943618,0.032119176588554434
1985-01-14,170.448266976084,0.03820791008970183
1985-01-15,175.03230453526064,0.026894010954184838
1985-01-16,179.9818863580172,0.02827810463844651
1985-01-17,181.82753507687013,0.010254635931427022
1985-01-18,185.71134753520315,0.021359869706703546
1985-01-21,192.63222156428125,0.037266834369214824
1985-01-22,196.92470827025028,0.02228332659568386
1985-01-23,201.91773902516806,0.025355024256608814
1985-01-24,205.47172722447183,0.0176011687554643
1985-01-25,209.15686412500503,0.017935007167712676
1985-01-28,211.29538755159612,0.010224495550444657
1985-01-29,213.84869119625475,0.012084048186026505
1985-01-30,219.37209670103312,0.025828568198761483
1985-01-31,219.57859363573402,0.0009413090261079917
1985-02-01,218.8633581266264,-0.0032573098190717188
1985-02-04,224.15108014490974,0.024159923632461392
1985-02-05,228.74272546223133,0.020484600450522805
1985-02-06,232.88583689501522,0.0181125385492006
1985-02-07,239.53377231030063,0.028545898299012214
1985-02-08,242.32711358026333,0.011661575914832271
1985-02-11,239.75249031623292,-0.010624577770071258
1985-02-12,237.5163050694812,-0.009327057432447066
1985-02-13,241.7842764800289,0.017969172302925343
1985-02-14,241.77489386202828,-3.880574095722822e-05
1985-02-15,240.1053189465326,-0.006905493324085264
1985-02-19,237.74039038877734,-0.009849546724460067
1985-02-20,238.55186674473143,0.0034132877237523546
1985-02-21,237.77060048381176,-0.0032750372972586064
1985-02-22,235.67390297766423,-0.008818152882993894
1985-02-25,229.91644317380408,-0.024429772372403038
1985-02-26,232.38633055977223,0.010742543473069611
1985-02-27,230.127679516309,-0.009719379956741025
1985-02-28,230.19271325814267,0.00028259852083147886
1985-03-01,237.378098978447,0.03121465322947252
1985-03-04,236.880176942436,-0.0020975904607619337
1985-03-05,236.89606500982308,6.707216953376556e-05
1985-03-06,232.7285093124968,-0.017592338214454772
1985-03-07,227.11907046527614,-0.024102929476889315
1985-03-08,225.0664350073058,-0.009037706317506883
1985-03-11,222.0317797059641,-0.013483375703014914
1985-03-12,222.47498289709708,0.0019961250219219964
1985-03-13,214.7839615068964,-0.03457027522846503
1985-03-14,212.9715339204494,-0.008438374884843567
1985-03-15,214.07118037610638,0.005163349464664805
1985-03-18,211.92818273871328,-0.010010677913897722
1985-03-19,234.2670796652288,0.10540786335179038
1985-03-20,214.26999600435695,-0.08536019525000257
1985-03-21,214.77124520201588,0.0023393345172262312
1985-03-22,214.41877492890416,-0.0016411427553078227
1985-03-25,208.08126456424063,-0.029556695148383768
1985-03-26,207.82746665213034,-0.0012197057368032555
1985-03-27,210.8699079822569,0.014639264862998769
1985-03-28,212.18620226017347,0.006242210140421471
1985-03-29,214.4687648090687,0.010757356155026614
1985-04-01,216.82395510296496,0.010981507241826007
1985-04-02,215.40199093329693,-0.006558150684931335
1985-04-03,210.98354951394205,-0.020512537512817626
1985-04-04,209.9527647725273,-0.004885616645418333
1985-04-08,207.41047762427922,-0.012108852917476516
1985-04-09,207.74282762024143,0.0016023780465144678
1985-04-10,212.46866284363654,0.022748488010541704
1985-04-11,215.50383874081086,0.014285287329209544
1985-04-12,216.6052758385306,0.0051109859766557
1985-04-15,217.3960639401644,0.0036508256715930987
1985-04-16,220.12742228720333,0.012563973319179765
1985-04-17,222.50659774124728,0.010808173871857658
1985-04-18,221.91019148521337,-0.002680398073981863
1985-04-19,221.12686287269204,-0.003529935273718695
1985-04-22,218.57182445162366,-0.01155462700404415
1985-04-23,220.240152708941,0.007632860555119706
1985-04-24,221.33198451115584,0.004957460248666714
1985-04-25,223.36543180261677,0.009187317847224366
1985-04-26,223.68819607077214,0.00144500545832263
1985-04-29,218.65834931711478,-0.022485973073277307
1985-04-30,214.97747847798638,-0.016833891093681153
1985-05-01,212.76420884279003,-0.010295355824554486
1985-05-02,211.2743049762723,-0.007002605723120473
1985-05-03,214.15334726482305,0.01362703471619088
1985-05-06,212.87356738777802,-0.0059759975428376275
1985-05-07,215.17214867072292,0.010797870826102634
1985-05-08,215.51029209949147,0.001571501845650176
1985-05-09,220.4952037815269,0.023130736047325875
1985-05-10,230.20221099006332,0.04402366601204812
1985-05-13,231.59349855395632,0.006043762820127995
1985-05-14,230.49948949627597,-0.004723833201325794
1985-05-15,231.88465115457225,0.006009391436498886
1985-05-16,235.22930397164282,0.01442377837609035
1985-05-17,239.89598517873597,0.019838859905208672
1985-05-20,246.50227475356007,0.027538141457023612
1985-05-21,245.05969872668325,-0.0058521813979973275
1985-05-22,242.69767400441683,-0.009638568620378471
1985-05-23,237.94125223451658,-0.019598134961168547
1985-05-24,240.28496606267555,0.009849968452922964
1985-05-28,236.8385978491875,-0.014342837464867099
1985-05-29,236.16924308134344,-0.002826206428862158
1985-05-30,234.37993221583454,-0.007576392430121033
1985-05-31,236.38327918615647,0.008547433866808672
1985-06-03,235.62228715623732,-0.003219314126359404
1985-06-04,236.51260262054336,0.003778570673646364
1985-06-05,238.33151569274986,0.007690554549960717
1985-06-06,238.44391445989052,0.00047160681546446864
1985-06-07,236.35038967207836,-0.00877994639768557
1985-06-10,235.2975460917274,-0.004454587876126149
1985-06-11,234.8264461228664,-0.0020021456946149366
1985-06-12,232.61027448766285,-0.009437487437185883
1985-06-13,225.95169194527023,-0.02862548766196381
1985-06-14,228.28208157945267,0.010313663129138747
1985-06-17,226.68606847486117,-0.0069914077072931
1985-06-18,227.8843710646553,0.005286176595925422
1985-06-19,228.3505176891633,0.002045540123397649
1985-06-20,226.41599390952507,-0.008471729336175937
1985-06-21,229.50384962446932,0.013637975222625718
1985-06-24,232.26704065080358,0.012039846089098768
1985-06-25,237.7845402738021,0.023754983089889624
1985-06-26,240.3856206276706,0.010938811879331729
1985-06-27,245.06964067534457,0.019485441913886303
1985-06-28,247.12448480367723,0.00838473554974035
1985-07-01,247.5651188713466,0.0017830449622157597
1985-07-02,248.5554024801671,0.004000093443435003
1985-07-03,249.5229668490544,0.003892751311106729
1985-07-05,252.49486802823577,0.0119103312080254
1985-07-08,250.25019564605205,-0.008889972298101149
1985-07-09,248.52372512469793,-0.006898977708676756
1985-07-10,251.8488434011401,0.013379480268025833
1985-07-11,256.8478841250343,0.019849369393099794
1985-07-12,261.5524856156966,0.018316683848452683
1985-07-15,262.96375723968595,0.005395749234296792
1985-07-16,268.4164070784799,0.02073536633348276
1985-07-17,275.1827996027057,0.025208565295516516
1985-07-18,272.6989257976026,-0.009026268388464657
1985-07-19,274.949169773038,0.008251752253346048
1985-07-22,272.1671289599046,-0.010118382301099306
1985-07-23,270.47495716004084,-0.006217399604171179
1985-07-24,263.7027279827878,-0.025038285423392856
1985-07-25,265.51169368043185,0.006859867212910116
1985-07-26,265.88946096159606,0.00142278961776671
1985-07-29,255.97317949937627,-0.03729475183543303
1985-07-30,254.99023570877185,-0.003840026492333382
1985-07-31,256.6821727896404,0.006635301450526748
1985-08-01,263.5439499884524,0.02673258187055904
1985-08-02,264.8038089927803,0.004780451246872108
1985-08-05,258.29033567410664,-0.024597355088843264
1985-08-06,253.24999073141282,-0.01951426068474115
1985-08-07,248.07434631335377,-0.02043689874622002
1985-08-08,249.28505565290507,0.004880429425870679
1985-08-09,250.24905040657575,0.003867037882178163
1985-08-12,247.9025305137256,-0.00937673844930795
1985-08-13,244.59946713290054,-0.013324040597650072
1985-08-14,246.04535467173142,0.0059112456612395925
1985-08-15,245.88460398612287,-0.0006533376166479513
1985-08-16,242.94792761398145,-0.011943311311623121
1985-08-19,240.6515871538025,-0.009451986204334272
1985-08-20,242.34985328277628,0.007056949630207141
1985-08-21,245.42951005205086,0.012707483530766542
1985-08-22,243.3644366206342,-0.008414120335320286
1985-08-23,242.860916010616,-0.002068998317955126
1985-08-26,241.6474566607042,-0.004996519694666501
1985-08-27,240.80416126168961,-0.0034897756039644835
1985-08-28,243.18480400432745,0.009886219283605705
1985-08-29,243.88553449103392,0.002881473164310154
1985-08-30,244.78430933458793,0.003685232276812451
1985-09-03,241.6039995762081,-0.012992294183500033
1985-09-04,239.1240225292285,-0.010264635731733187
1985-09-05,238.31200042560639,-0.003395819855459593
1985-09-06,240.43166723555495,0.008894503030325778
1985-09-09,239.8619405765126,-0.002369599086480448
1985-09-10,235.98611570586274,-0.016158565470346185
1985-09-11,228.5232191477646,-0.03162430355606198
1985-09-12,224.91436683202556,-0.015792059683027337
1985-09-13,218.5052782217958,-0.02849568349280369
1985-09-16,214.09850527867286,-0.020167810036377208
1985-09-17,204.32298820406396,-0.045658969276245014
1985-09-18,204.18585400366808,-0.0006711638352652376
1985-09-19,209.67219836623252,0.02686936560485662
1985-09-20,211.28432949349155,0.007688816828462587
1985-09-23,214.94055856602745,0.01730478110374247
1985-09-24,210.42491668086188,-0.021008793851153916
1985-09-25,205.2407890987348,-0.02463647206756177
1985-09-26,201.62937033971255,-0.017596008936044915
1985-09-30,201.6269562995319,-1.197266140628521e-05
1985-10-01,204.66334741829874,0.015059450256522498
1985-10-02,203.24050992224628,-0.0069520874841571935
1985-10-03,203.73303501794436,0.0024233608540271466
1985-10-04,201.59821214076015,-0.010478530774335013
1985-10-07,196.72804772883748,-0.024157775806673432
1985-10-08,193.79609160871343,-0.014903599938964307
1985-10-09,196.52008438622875,0.014055973755215027
1985-10-10,198.8451166656495,0.011831016085110469
1985-10-11,203.77118832744267,0.0247734103024325
1985-10-14,208.98089762358987,0.025566466677200958
1985-10-15,210.49558817840526,0.007247985686919723
1985-10-16,214.21103234040245,0.01765093603219928
1985-10-17,217.65522645733066,0.016078509492709094
1985-10-18,217.87332424001954,0.001002033290166166
1985-10-21,216.12535991810321,-0.00802284689056598
1985-10-22,217.9199760962486,0.00830358907823417
1985-10-23,220.72099950334672,0.012853449496805171
1985-10-24,222.40284508142832,0.007619780545874695
1985-10-25,219.82201257426084,-0.011604314262358351
1985-10-28,218.8843787247656,-0.004265422914270136
1985-10-29,223.21279854569227,0.019774914254476736
1985-10-30,225.75670436229078,0.011396773989542372
1985-10-31,226.32633238000327,0.002523194247194348
1985-11-01,229.8908370976386,0.015749403439501472
1985-11-04,229.9301840897245,0.00017115511249872462
1985-11-05,232.2407682105406,0.010049068285503792
1985-11-06,235.6753196155771,0.014788753204273229
1985-11-07,237.3319378222763,0.00702923924915608
1985-11-08,243.3520807963665,0.025365920108899667
1985-11-11,248.66825221509225,0.021845596722775765
1985-11-12,253.76311076648219,0.020488576671954944
1985-11-13,252.2735640711316,-0.005869831477283948
1985-11-14,255.57247463677,0.013076719226546558
1985-11-15,257.8943932601723,0.009085167041960688
1985-11-18,257.4459741821067,-0.0017387701702115757
1985-11-19,259.24798790893556,0.0069995801354199765
1985-11-20,259.56253953793305,0.001213323318474424
1985-11-21,265.2036154028597,0.02173301230203996
1985-11-22,269.04653296064043,0.01449044181371008
1985-11-25,266.1403161326128,-0.01080191146136343
1985-11-26,267.8767929427895,0.0065246665195643145
1985-11-27,274.27911494866134,0.023900248825358923
1985-11-29,276.55765551363396,0.008307379019358194
1985-12-02,273.6237829937148,-0.01060853844190354
1985-12-03,274.0261244150185,0.0014704183126981862
1985-12-04,283.22342329065094,0.03356358411179404
1985-12-05,287.1754385251518,0.013953701952275318
1985-12-06,282.7425165302573,-0.01543628528143153
1985-12-09,283.22180949261525,0.0016951570221545125
1985-12-10,284.22176279401657,0.0035306366525682544
1985-12-11,288.34113237705697,0.014493505150855833
1985-12-12,292.90606031493724,0.015831691788984283
1985-12-13,302.1501616856042,0.03155995256884592
1985-12-16,305.1054292656927,0.009780790993464768
1985-12-17,299.62175332396436,-0.017973052642577033
1985-12-18,297.3754499093393,-0.00749713059784492
1985-12-19,297.79670976276145,0.0014165925719509206
1985-12-20,298.93812946246527,0.0038328821719122463
1985-12-23,294.349139115594,-0.01535097029985062
1985-12-24,290.92321704197224,-0.011638974327954165
1985-12-26,290.5010724359343,-0.0014510516222465597
1985-12-27,297.09273339246505,0.0226906596290945
1985-12-30,297.82930617011397,0.0024792689112188284
1985-12-31,302.7019667599947,0.016360581342849945
1986-01-02,302.67003576315494,-0.00010548658530876433
1986-01-03,304.61625728175164,0.006430175731434686
1986-01-06,305.0918604396201,0.0015613190251647351
1986-01-07,315.5265414386368,0.03420176790026755
1986-01-08,310.6925736498516,-0.015320320651140144
1986-01-09,296.1648492121677,-0.04675916217442827
1986-01-10,299.1817436919449,0.010186537962902842
1986-01-13,299.0433073780734,-0.0004627164484142871
1986-01-14,300.6114325951712,0.005243806426723589
1986-01-15,309.959370347438,0.031096414635884643
1986-01-16,315.020452409086,0.016328211197406052
1986-01-17,316.95652297267463,0.006145856717501212
1986-01-20,313.1842548664572,-0.011901531701692279
1986-01-21,310.26478987088484,-0.009321876659531483
1986-01-22,305.1824745213931,-0.016380573998121838
1986-01-23,304.8921951225863,-0.0009511666725357688
1986-01-24,310.8457715797451,0.01952682473477246
1986-01-27,314.10278122994225,0.010477895947063344
1986-01-28,321.2566042515469,0.022775420814779748
1986-01-29,327.1839574551366,0.018450525608334198
1986-01-30,325.91004080618757,-0.0038935791927502466
1986-01-31,330.05007372453645,0.01270299285075072
1986-02-03,334.8462062097358,0.01453152981023801
1986-02-04,335.87394452289567,0.0030692846270928054
1986-02-05,338.6630525082543,0.008304032006175736
1986-02-06,344.2854159684253,0.016601644078177113
1986-02-07,348.54389989287876,0.01236905116202781
1986-02-10,353.8436626017732,0.015205438139996915
1986-02-11,356.418878047421,0.007277834020574263
1986-02-12,360.5250657722442,0.011520679677008875
1986-02-13,365.4426852216933,0.013640159634713865
1986-02-14,372.6728380713616,0.019784642413302515
1986-02-18,379.07667978940884,0.017183548313282383
1986-02-19,378.0883213184581,-0.0026072784838672334
1986-02-20,381.2576340237668,0.008382466547119938
1986-02-21,389.36743552586057,0.0212711845701383
1986-02-24,388.4815775146732,-0.0022751209535306965
1986-02-25,386.36189877002334,-0.0054563172807590285
1986-02-26,387.5165010991315,0.002988395938584565
1986-02-27,396.5266678471523,0.023251053109905783
1986-02-28,401.2881118598549,0.012007878407154289
1986-03-03,401.75383775102364,0.0011605773443182483
1986-03-04,405.75039436099127,0.009947774568476932
1986-03-05,401.68022471069315,-0.010031215512946497
1986-03-06,407.11535624204873,0.013530991064522036
1986-03-07,409.4898914420233,0.005832585687489417
1986-03-10,414.84223804606404,0.013070766130984054
1986-03-11,426.4437886953601,0.027966175054739247
1986-03-12,434.4264597608051,0.018719163643740027
1986-03-13,436.619160208404,0.0050473455249624355
1986-03-14,441.71894457691155,0.01168016622558045
1986-03-17,434.823884433275,-0.015609609296338419
1986-03-18,440.0132549495938,0.011934419203035165
1986-03-19,440.4815372377764,0.0010642458674030523
1986-03-20,443.97198951954476,0.00792417385676737
1986-03-21,443.40619535862163,-0.0012743915703678317
1986-03-24,436.1410595372706,-0.0163848315549021
1986-03-25,431.0999702114628,-0.011558391982530317
1986-03-26,435.5899096131382,0.010415077039956725
1986-03-27,445.01124267550216,0.021628905662051005
1986-03-31,449.5045624594462,0.01009709273170102
1986-04-01,447.31462095916913,-0.004871900494835631
1986-04-02,447.10489452839823,-0.0004688566412634307
1986-04-03,448.32932528432906,0.0027385760498602964
1986-04-04,440.00279258283905,-0.01857235793400158
1986-04-07,428.3895331170827,-0.026393603998706258
1986-04-08,442.25574612856906,0.032368234841294766
1986-04-09,445.9244030374979,0.008295328983385
1986-04-10,456.54880484338355,0.023825567144375934
1986-04-11,462.72655842011466,0.013531419885876904
1986-04-14,469.36908796239834,0.014355194058804905
1986-04-15,472.4410047081199,0.006544778564471076
1986-04-16,494.3138747423984,0.04629756904312718
1986-04-17,503.03669074942627,0.017646310275174062
1986-04-18,503.26849836774727,0.00046081652210219596
1986-04-21,506.59602034954673,0.0066118225014909545
1986-04-22,504.2632830495309,-0.004604728829899351
1986-04-23,498.567643724016,-0.01129497133138566
1986-04-24,507.9097553297186,0.018737901914216523
1986-04-25,510.944369216338,0.005974710772486246
1986-04-28,506.9162217904372,-0.007883729949072445
1986-04-29,498.0183437742409,-0.017552955762135253
1986-04-30,475.06115519347657,-0.04609707426996134
1986-05-01,469.0761247796141,-0.012598442007797913
1986-05-02,474.49883186090983,0.011560398824057575
1986-05-05,484.5358663266827,0.021152917123966865
1986-05-06,485.4408207133394,0.001867672652423665
1986-05-07,481.70945029440566,-0.007686560873580153
1986-05-08,489.3241028819607,0.01580756321658463
1986-05-09,495.6149487273592,0.01285619451064738
1986-05-12,491.22038911743607,-0.00886688269029712
1986-05-13,485.71450191580476,-0.011208588494308258
1986-05-14,488.12726921865686,0.004967459882987674
1986-05-15,481.96551404376584,-0.012623255375087072
1986-05-16,477.7686954932097,-0.008707715444916823
1986-05-19,473.8612883299594,-0.008178449530303736
1986-05-20,479.42011175809773,0.011730908527534412
1986-05-21,482.14664411319507,0.005687146384199091
1986-05-22,495.37386828543765,0.027434027248227074
1986-05-23,503.9557608032921,0.01732407191271033
1986-05-27,514.829809359722,0.021577387148223208
1986-05-28,523.5493869420079,0.016936815669493135
1986-05-29,526.5911815403514,0.005809947779922398
1986-05-30,535.1221108231421,0.016200288918315226
1986-06-02,531.377299308783,-0.006998050423666167
1986-06-03,531.7323091895671,0.0006680938031149592
1986-06-04,529.8512045274952,-0.003537691108029531
1986-06-05,533.5914266475636,0.0070590046566070975
1986-06-06,534.3071771741602,0.001341383108595827
1986-06-09,511.70618628844755,-0.04229962061382855
1986-06-10,504.15916302594206,-0.014748743448357015
1986-06-11,514.0526781205493,0.019623793080000205
1986-06-12,518.144936612426,0.00796077652360175
1986-06-13,529.9805795946679,0.022842340329757932
1986-06-16,525.3122140675816,-0.008808559609215543
1986-06-17,516.2134980070571,-0.017320587294309516
1986-06-18,511.98998674892965,-0.008181714105565044
1986-06-19,516.339998924715,0.00849628369376377
1986-06-20,518.0564169158492,0.003324201097549313
1986-06-23,517.3811679632519,-0.001303427446410857
1986-06-24,525.3962939960073,0.01549172356680139
1986-06-25,538.2729757742436,0.024508512765288284
1986-06-26,540.7165197388437,0.0045395999327021
1986-06-27,543.2071917543533,0.004606243613035139
1986-06-30,550.7005262145115,0.013794615708156478
1986-07-01,559.0863176863357,0.015227498563452992
1986-07-02,566.6086355709335,0.013454662807216036
1986-07-03,573.4078260430148,0.011999800294660433
1986-07-07,530.025192099829,-0.07565755466325176
1986-07-08,488.9756115506351,-0.07744835747630346
1986-07-09,499.11371901960393,0.020733360170702573
1986-07-10,493.78324423254804,-0.010679880323719429
1986-07-11,491.817156659978,-0.0039816814270920535
1986-07-14,465.9264200157606,-0.052643012334189894
1986-07-15,443.6245417508273,-0.04786566570785768
1986-07-16,447.10743796231986,0.007850999851691855
1986-07-17,453.53959634740625,0.014386158312196248
1986-07-18,451.54554121029025,-0.004396650597158753
1986-07-21,445.4043791179821,-0.01360031609624101
1986-07-22,446.710730218206,0.0029329552233204313
1986-07-23,446.50236560634215,-0.000466441922633086
1986-07-24,442.4503068299265,-0.009075111552685828
1986-07-25,446.13388180613043,0.008325398173178207
1986-07-28,427.92637987150636,-0.040811744360040036
1986-07-29,418.37446081188006,-0.022321407393707506
1986-07-30,414.1969365402651,-0.0099851321314122
1986-07-31,415.87861149296344,0.004060085443280123
1986-08-01,413.36503576589007,-0.0060440129826582695
1986-08-04,399.59991292375634,-0.03330016244995043
1986-08-05,399.77089528268874,0.0004278838743516825
1986-08-06,393.04194736246455,-0.01683201053309787
1986-08-07,393.955216037641,0.0023235908566629133
1986-08-08,396.48847010558364,0.006430309753026833
1986-08-11,409.35334335374995,0.03244702990919368
1986-08-12,420.3477859057653,0.026858074400810093
1986-08-13,432.4809296463911,0.028864535861611106
1986-08-14,441.2972927024794,0.020385553331326897
1986-08-15,443.46345483454536,0.0049086232068194825
1986-08-18,439.8686121116089,-0.00810628854248584
1986-08-19,438.1672167455807,-0.003867962657896064
1986-08-20,445.3537242744499,0.016401289859715895
1986-08-21,445.9879563608984,0.001424108639670019
1986-08-22,447.1491957741548,0.002603746125190744
1986-08-25,438.78907055343626,-0.018696500630498842
1986-08-26,442.9228936262304,0.0094209800339379
1986-08-27,446.97696276364513,0.009152990725369542
1986-08-28,449.3334037281351,0.005271951712947699
1986-08-29,450.8163358219058,0.0033002934601940146
1986-09-02,440.65166882407146,-0.022547246384278883
1986-09-03,436.1340206215338,-0.010252198101492457
1986-09-04,443.4241606832839,0.016715366646612186
1986-09-05,433.9657193940726,-0.021330459924954352
1986-09-08,414.36389707990907,-0.045169056997250163
1986-09-09,403.4651416674533,-0.02630237694273355
1986-09-10,394.3335385959684,-0.022632941804453025
1986-09-11,350.8007981011388,-0.11039573415395676
1986-09-12,331.1540045440726,-0.05600555547026383
1986-09-15,328.21189462300845,-0.008884415953582787
1986-09-16,321.8758891278865,-0.019304618750638648
1986-09-17,330.852093437344,0.027887159655786056
1986-09-18,335.6140972374443,0.014393149974135298
1986-09-19,337.9078061388692,0.006834363992172074
1986-09-22,346.64644038250026,0.025861001388170754
1986-09-23,348.9583088633068,0.006669240504115748
1986-09-24,352.257585666704,0.009454644636902956
1986-09-25,343.1169256018652,-0.02594879553136844
1986-09-26,343.36250058372946,0.0007157180644279127
1986-09-29,331.97072104706984,-0.03317712189680917
1986-09-30,339.99984168571945,0.02418623128366546
1986-10-01,344.7525101897275,0.013978443285280157
1986-10-02,345.3800054753947,0.0018201326085249226
1986-10-03,345.7436427504866,0.0010528613970903174
1986-10-06,346.74685027279935,0.002901593545818957
1986-10-07,344.2248267380386,-0.007273385562915904
1986-10-08,345.6425324666769,0.0041185458413121896
1986-10-09,346.0060328053278,0.0010516655344952187
1986-10-10,347.28112119944416,0.003685162318640144
1986-10-13,348.4921456160819,0.0034871587964675826
1986-10-14,347.55782444267135,-0.002681039401214768
1986-10-15,352.9915672431737,0.015634068400605418
1986-10-16,355.02652607213093,0.005764893605958066
1986-10-17,352.9743540963333,-0.005780334214747372
1986-10-20,346.0688576324775,-0.019563734259206794
1986-10-21,344.75798841427934,-0.003787885529966719
1986-10-22,347.05351526840764,0.006658371760105154
1986-10-23,353.65374719557605,0.019017908295969447
1986-10-24,354.9147826730395,0.0035657348111345776
1986-10-27,354.3474907082421,-0.0015983892260696064
1986-10-28,356.0865316730729,0.004907727613239051
1986-10-29,359.7149918698954,0.010189827118072068
1986-10-30,367.4315489335136,0.021451863942354734
1986-10-31,366.4633518401605,-0.0026350407202738765
1986-11-03,367.25171457261797,0.0021512730495390564
1986-11-04,369.42649757099036,0.005921777658419571
1986-11-05,369.89440249467265,0.0012665710953566644
1986-11-06,367.17525856182766,-0.007351135660627203
1986-11-07,366.33013747993755,-0.0023016830850758384
1986-11-10,362.9162835708676,-0.009319063761869395
1986-11-11,366.82687200078095,0.01077545595759873
1986-11-12,366.34821155377807,-0.001304867455298736
1986-11-13,356.5285249551509,-0.0268042433098809
1986-11-14,358.1812631772639,0.00463564092752715
1986-11-17,353.2949714687923,-0.013641952304058324
1986-11-18,339.97712174884856,-0.03769612022660832
1986-11-19,331.7155669535741,-0.024300325718321417
1986-11-20,338.4125506251577,0.020188933950515638
1986-11-21,345.3994517529684,0.020646105219512798
1986-11-24,349.31632800366674,0.011340134533565215
1986-11-25,351.7099890453914,0.006852416706096583
1986-11-26,355.14864107448295,0.00977695299023107
1986-11-28,359.1538196914195,0.011277471328115124
1986-12-01,353.72733314960504,-0.01510908765073646
1986-12-02,362.0395840336079,0.023499034722564923
1986-12-03,368.9436625767945,0.01906995491008445
1986-12-04,371.9700947646476,0.008202965641734412
1986-12-05,368.4530855891425,-0.009455085838904342
1986-12-08,362.17355514044687,-0.017042957962083355
1986-12-09,356.1026821317235,-0.01676233099451212
1986-12-10,356.05233768889985,-0.00014137619666962373
1986-12-11,352.01555951256677,-0.011337597732219477
1986-12-12,346.5932256513848,-0.015403676668980947
1986-12-15,338.6478577117485,-0.022924187063102026
1986-12-16,339.83732639479337,0.003512405751160324
1986-12-17,335.46735130600734,-0.012859020329360014
1986-12-18,332.7642256345415,-0.008057790604487408
1986-12-19,335.10488423215156,0.007033985078013461
1986-12-22,332.11193365762205,-0.00893138451678337
1986-12-23,324.8056851097061,-0.021999355661359743
1986-12-24,327.1082794461703,0.007089144193047265
1986-12-26,328.0011228602696,0.002729504174003282
1986-12-29,322.13107597537106,-0.01789642313937817
1986-12-30,320.06020635689066,-0.006428655205680016
1986-12-31,324.13592792427886,0.012734234017344474
1987-01-02,336.28441586062297,0.037479609292747365
1987-01-05,358.61777380616843,0.06641211097573371
1987-01-06,372.8931656669603,0.03980670480796532
1987-01-07,392.5517965922532,0.05271920414559298
1987-01-08,408.3957947258355,0.04036154788011234
1987-01-09,418.3614396273808,0.024401928301527712
1987-01-12,433.8311007780875,0.03697678534734207
1987-01-13,436.8701957831408,0.007005249276971315
1987-01-14,448.77553197509206,0.027251426869735477
1987-01-15,457.6818169154759,0.019845745380071594
1987-01-16,448.09615283798405,-0.0209439477890863
1987-01-19,457.05717917058917,0.019997998813092024
1987-01-20,455.0640845923387,-0.00436071167696628
1987-01-21,446.18263122034705,-0.019516928873760515
1987-01-22,458.48283168027825,0.027567636208269852
1987-01-23,454.9119994258254,-0.007788366341584054
1987-01-26,439.8381111214837,-0.03313583357521343
1987-01-27,449.12218973365685,0.021107944894772714
1987-01-28,453.4307741966435,0.009593345778666051
1987-01-29,449.6119339057363,-0.008422102133833159
1987-01-30,453.19812140209814,0.00797618396204257
1987-02-02,470.5309654858978,0.03824562209167037
1987-02-03,478.20366266827654,0.016306465982436364
1987-02-04,491.48952810991574,0.027782860063235073
1987-02-05,500.7735457037882,0.01888955321098162
1987-02-06,505.09863328346717,0.008636813219836777
1987-02-09,500.419836264397,-0.00926313537745082
1987-02-10,491.82907409167535,-0.017167109595117473
1987-02-11,509.0456984766562,0.03500530019860467
1987-02-12,512.366388266572,0.00652336283334317
1987-02-13,524.6037706495866,0.023884045993758398
1987-02-17,545.7000900207445,0.04021381574332861
1987-02-18,541.2633932297473,-0.008130284147155841
1987-02-19,540.8616423894946,-0.000742246464988848
1987-02-20,541.51067514515,0.0011999977531923548
1987-02-23,533.1410483797686,-0.015456069749941757
1987-02-24,541.3342270441035,0.015367750596646603
1987-02-25,555.250926592018,0.025708146377341024
1987-02-26,562.675020327635,0.01337070030874884
1987-02-27,570.6423831640778,0.014159794816915018
1987-03-02,565.8404640656328,-0.008414935939071944
1987-03-03,564.2631125940752,-0.002787625791595236
1987-03-04,576.7969132786935,0.022212688380420672
1987-03-05,585.7817995415784,0.015577209336665742
1987-03-06,587.4431752625665,0.002836168215346218
1987-03-09,575.9798315308982,-0.01951396188498487
1987-03-10,586.3274717295891,0.017965282171752125
1987-03-11,594.5021034373901,0.013942092264049782
1987-03-12,598.6580389942258,0.006990615395313339
1987-03-13,596.3541509565091,-0.0038484207805633895
1987-03-16,591.2011003794887,-0.008640923465956159
1987-03-17,607.1949772384834,0.027053191965861253
1987-03-18,608.5564733330373,0.0022422716682309863
1987-03-19,616.0869364380876,0.012374304497668452
1987-03-20,627.0612221021763,0.017812884862543402
1987-03-23,619.6304973130585,-0.011850078632205696
1987-03-24,619.819916580262,0.00030569713405776794
1987-03-25,616.8686944190043,-0.004761418731976873
1987-03-26,621.8801272831574,0.00812398636775228
1987-03-27,613.7771578131253,-0.013029793226279866
1987-03-30,571.9821885740074,-0.06809469643352728
1987-03-31,583.7779779268326,0.0206226515238753
1987-04-01,576.632809610629,-0.012239530414590465
1987-04-02,591.5176757139074,0.025813422086282886
1987-04-03,613.0604386406229,0.036419474533394815
1987-04-06,614.2552119600988,0.0019488671004855727
1987-04-07,598.1951536848287,-0.026145579170622265
1987-04-08,601.7307083052634,0.0059103698828985845
1987-04-09,589.4236405253345,-0.020452783296685963
1987-04-10,584.9016021347177,-0.0076719664426529565
1987-04-13,554.9573080529146,-0.051195438638764586
1987-04-14,513.4882403503124,-0.07472478891772377
1987-04-15,524.9604835008203,0.022341783606731325
1987-04-16,536.6755754534145,0.02231614058732472
1987-04-20,529.3683130950348,-0.013615790791682967
1987-04-21,532.359298661662,0.005650103137341335
1987-04-22,530.6676431922482,-0.0031776574085709062
1987-04-23,527.7235443737587,-0.00554791470001664
1987-04-24,509.3168874602939,-0.03487935512770743
1987-04-27,497.9181917870004,-0.02238036074188123
1987-04-28,506.04045777456594,0.016312450763076462
1987-04-29,514.2120105471429,0.016148022647266693
1987-04-30,527.4972455601904,0.02583610405931894
1987-05-01,529.7195399429953,0.0042129023450063665
1987-05-04,529.263790477817,-0.0008603599278730653
1987-05-05,544.2013030407487,0.02822319008342936
1987-05-06,543.8389883169529,-0.0006657733485227669
1987-05-07,544.6356946647652,0.0014649673247552843
1987-05-08,546.5541494817863,0.0035224551673977748
1987-05-11,542.1312705824964,-0.008092297722894425
1987-05-12,535.6831770319343,-0.011893970889437864
1987-05-13,540.7903990979379,0.009534034826893639
1987-05-14,543.4679068524975,0.004951100757383807
1987-05-15,528.7560049635264,-0.02707041520478248
1987-05-18,508.04098479161075,-0.03917689818642259
1987-05-19,488.0180216966424,-0.03941210196492594
1987-05-20,482.19886437006625,-0.011924062366273363
1987-05-21,488.8093484051099,0.01370904106893613
1987-05-22,484.8161283634372,-0.008169279197916011
1987-05-26,498.6367294159844,0.02850689208546024
1987-05-27,502.66297109596593,0.00807449881338896
1987-05-28,508.939483820877,0.012486522950410172
1987-05-29,516.8511900057277,0.015545475319488671
1987-06-01,510.67409227623966,-0.011951404676885
1987-06-02,505.3103748326863,-0.010503210412820322
1987-06-03,513.58336700659,0.016372100368299395
1987-06-04,519.0177756666271,0.01058135642458871
1987-06-05,520.3859366672981,0.0026360580789622444
1987-06-08,525.8418421585162,0.010484344611922646
1987-06-09,534.179001981566,0.01585488098251516
1987-06-10,538.3455570063593,0.007799922889775098
1987-06-11,540.3173719794509,0.00366273102365033
1987-06-12,547.8451686601567,0.013932175923064737
1987-06-15,547.373183821808,-0.0008615296170322488
1987-06-16,555.4640974809186,0.014781348261562945
1987-06-17,558.8384484853425,0.006074831874331513
1987-06-18,560.7387524483042,0.0034004531508386106
1987-06-19,560.9959070348609,0.0004585996338470689
1987-06-22,561.1398219773183,0.0002565347458916077
1987-06-23,555.9848372971888,-0.00918663134967795
1987-06-24,553.0060652765612,-0.005357649742946826
1987-06-25,552.6012791727477,-0.0007319740762899014
1987-06-26,550.4116682627264,-0.003962370324765149
1987-06-29,549.1246622071245,-0.0023382608505812157
1987-06-30,541.9625293216319,-0.01304281773961041
1987-07-01,540.990145695497,-0.0017941897705586053
1987-07-02,546.2515975420831,0.009725596461321798
1987-07-06,542.5713665773344,-0.0067372452205327
1987-07-07,540.2968398081765,-0.0041921245927631036
1987-07-08,541.5797806831876,0.0023745111584707423
1987-07-09,543.896824814753,0.004278306196443477
1987-07-10,545.3381408017568,0.0026499805132979997
1987-07-13,546.8652727773884,0.002800339571676443
1987-07-14,564.4271748271989,0.032113763524639356
1987-07-15,564.5267374278106,0.00017639583112241162
1987-07-16,572.2063611005068,0.013603649151654488
1987-07-17,575.4760093251242,0.005714106739968911
1987-07-20,564.7182002409393,-0.01869375770642614
1987-07-21,556.1408809866923,-0.015188671536683924
1987-07-22,555.696094194259,-0.0007997735962947467
1987-07-23,549.0383850568132,-0.011980845658271462
1987-07-24,554.6454015960885,0.010212430846151407
1987-07-27,553.12030100273,-0.002749685815423241
1987-07-28,557.2045161216067,0.007383954469710461
1987-07-29,561.8133269404119,0.008271309161103992
1987-07-30,570.9024459482372,0.016178183343075744
1987-07-31,576.0974071476098,0.009099560242282945
1987-08-03,568.4077477673987,-0.01334784584135575
1987-08-04,566.8138399966649,-0.0028041626402779828
1987-08-05,580.3506606707714,0.023882304416183674
1987-08-06,598.2888526050056,0.030909229798241605
1987-08-07,609.4226852309944,0.01860946025905558
1987-08-10,619.9418268226407,0.01726083036711883
1987-08-11,632.6267623872142,0.02046149334621761
1987-08-12,631.8811573758219,-0.0011785859462833902
1987-08-13,641.4746881713509,0.015182492282837648
1987-08-14,641.5311007512744,8.794202010428303e-05
1987-08-17,641.1036236870315,-0.0006663388006322576
1987-08-18,620.0808176105044,-0.032791588285874085
1987-08-19,624.8431515465234,0.007680182648401812
1987-08-20,644.7355081469424,0.031835759984220426
1987-08-21,655.0019152374456,0.015923439861425154
1987-08-24,648.3479025267851,-0.01015876832703358
1987-08-25,653.7184336261336,0.008283409383169293
1987-08-26,654.2048186529646,0.0007440283183281418
1987-08-27,651.975408846961,-0.003407816241087993
1987-08-28,645.3217640483289,-0.010205361595461641
1987-08-31,651.8954342756996,0.010186655082158885
1987-09-01,641.0756173599502,-0.016597473071384383
1987-09-02,625.7031412634148,-0.02397919321879962
1987-09-03,623.1254057385459,-0.004119742022812798
1987-09-04,615.093405014215,-0.012889862378201439
1987-09-08,577.628394101391,-0.06090946611914688
1987-09-09,583.7452943577198,0.01058968069920596
1987-09-10,600.6699740164009,0.02899326096890086
1987-09-11,611.4137388931189,0.0178863025312874
1987-09-14,608.0483323910008,-0.005504303040704784
1987-09-15,593.3232590923182,-0.024216945453628635
1987-09-16,588.748808324074,-0.007709879392293211
1987-09-17,588.1652472734307,-0.0009911885041507605
1987-09-18,588.4228864930167,0.0004380388348006739
1987-09-21,568.4543266262997,-0.033935729430459555
1987-09-22,575.6700607183823,0.012693603960949651
1987-09-23,586.5339776249208,0.01887177681775105
1987-09-24,588.5078316899351,0.003365285116144753
1987-09-25,590.8858085003749,0.004040688470723137
1987-09-28,591.9798373288897,0.0018515063533025601
1987-09-29,590.069326985334,-0.0032273233361735172
1987-09-30,599.6212237913448,0.016187753487902058
1987-10-01,616.2781474944633,0.02777907626050716
1987-10-02,629.1144790004188,0.0208287955010945
1987-10-05,636.9699816763558,0.012486602896850205
1987-10-06,610.9916714490655,-0.040784198588011085
1987-10-07,599.0464919398044,-0.01955047845567394
1987-10-08,580.2277463661261,-0.03141449925320539
1987-10-09,573.7181526603364,-0.011219032089654926
1987-10-12,552.0237723397281,-0.037813655049977433
1987-10-13,558.6212633412631,0.01195146175240213
1987-10-14,533.2794954673541,-0.045364846519327026
1987-10-15,511.55999814742125,-0.04072816882055128
1987-10-16,452.63056805765467,-0.11519553972784306
1987-10-19,298.0828199930577,-0.3414434617789914
1987-10-20,217.5051179215552,-0.27031984625406835
1987-10-21,265.3525018302465,0.21998279565057305
1987-10-22,229.68208672189826,-0.1344265264593874
1987-10-23,213.8671904043783,-0.06885559315154083
1987-10-26,155.94422398967546,-0.27083614978614806
1987-10-27,151.88891050043878,-0.02600489704258081
1987-10-28,144.98380897077,-0.04546152518256962
1987-10-29,167.5446751501043,0.15560955626350495
1987-10-30,194.0935103686968,0.15845824521016388
1987-11-02,202.97190266857598,0.0457428601451637
1987-11-03,188.68417972965088,-0.0703926146972909
1987-11-04,187.68996354454902,-0.005269207977724302
1987-11-05,198.27286822641588,0.056385032433313796
1987-11-06,198.5942217458285,0.0016207639617420884
1987-11-09,187.52991309311292,-0.05571314490144766
1987-11-10,178.27160595389964,-0.04936976179696897
1987-11-11,182.64487117865556,0.02453147376642151
1987-11-12,193.27785116597437,0.05821669077648548
1987-11-13,191.37450462501428,-0.009847721968543634
1987-11-16,190.12955072954358,-0.006505327853938042
1987-11-17,180.12667594039246,-0.052610836930762406
1987-11-18,182.57855430950815,0.013611967002195066
1987-11-19,175.137674307226,-0.04075440311389658
1987-11-20,172.6731869631192,-0.014071714460382691
1987-11-23,173.57318410204283,0.005212141819770977
1987-11-24,179.42273024243644,0.0337007480196637
1987-11-25,181.23668129493862,0.010109928937382558
1987-11-27,178.88270383899996,-0.012988416247304204
1987-11-30,159.53725338909,-0.10814600872380295
1987-12-01,159.6131592580973,0.000475787738567709
1987-12-02,159.53219523285463,-0.0005072515675963049
1987-12-03,149.33742454418746,-0.06390415849156215
1987-12-04,140.54822747164116,-0.058854617985900005
1987-12-07,143.0802175649143,0.01801509801170606
1987-12-08,147.68100567196558,0.03215530550171225
1987-12-09,153.567938678982,0.039862492676225825
1987-12-10,151.78085882946402,-0.011637063471000008
1987-12-11,154.39785271437438,0.017241923027005075
1987-12-14,164.64851286068975,0.06639120924355349
1987-12-15,169.898300308422,0.03188481545639067
1987-12-16,180.55517230134353,0.06272500651022266
1987-12-17,180.94021367767823,0.0021325413801610367
1987-12-18,193.45597644523977,0.06917070845211214
1987-12-21,196.40021767420112,0.01521917949014487
1987-12-22,193.88322532924482,-0.012815629100430125
1987-12-23,201.25132862153794,0.038002788945670114
1987-12-24,204.30337785068818,0.01516536188881395
1987-12-28,190.08751453991468,-0.06958212566197963
1987-12-29,189.90585777228355,-0.0009556480764704551
1987-12-30,197.1448702182198,0.03811895288989225
1987-12-31,198.46489006905705,0.006695684495245095
1988-01-04,212.62630334145868,0.07135475331417099
1988-01-05,223.08651770567053,0.049195298040871666
1988-01-06,228.1630826644577,0.022756036586150562
1988-01-07,233.8873903395068,0.025088667317260126
1988-01-08,211.35063828934054,-0.09635727696757099
1988-01-11,206.87652875562634,-0.021169131874535074
1988-01-12,198.9955433070862,-0.03809511642497438
1988-01-13,200.20275288595099,0.00606651565558855
1988-01-14,202.93104971907465,0.013627668919607122
1988-01-15,213.62502413027184,0.052697575979630894
1988-01-18,214.13571179151864,0.0023905797709138812
1988-01-19,213.74011915212088,-0.0018473921798850932
1988-01-20,201.0805994771311,-0.05922856095153514
1988-01-21,202.04074799203025,0.004774943566887097
1988-01-22,208.02677792254133,0.029627834929353895
1988-01-25,213.20653144125436,0.0248994555914417
1988-01-26,210.70881015405377,-0.011715031759656883
1988-01-27,211.7159324755625,0.004779687763280648
1988-01-28,216.42699381044807,0.022251803535991942
1988-01-29,220.7132215272539,0.019804496848298988
1988-02-01,223.44020715619814,0.01235533426622356
1988-02-02,225.27892552881116,0.008229129376556793
1988-02-03,218.4260043070933,-0.030419717271074384
1988-02-04,220.16077578289082,0.007942147187559867
1988-02-05,222.17257945803294,0.009137884202979259
1988-02-08,219.5683543475719,-0.011721631520927579
1988-02-09,220.35194297896186,0.0035687685218497543
1988-02-10,228.61065661066849,0.03747964969156233
1988-02-11,231.90764049711424,0.014421829390309837
1988-02-12,236.24615251124663,0.018707930471080762
1988-02-16,238.8648141429396,0.011084462556774637
1988-02-17,239.872106622123,0.004216998149340809
1988-02-18,240.49713865284085,0.002605688671015311
1988-02-19,243.43589741612524,0.012219516538724782
1988-02-22,249.0291675763963,0.022976357306539862
1988-02-23,251.22496960540636,0.008817449178263109
1988-02-24,255.43690543053464,0.016765593928596743
1988-02-25,256.36048507657614,0.0036156860125001085
1988-02-26,255.8055137310488,-0.0021648084546320497
1988-02-29,263.01278682528164,0.028174815269269456
1988-03-01,263.7379257488388,0.0027570481736267165
1988-03-02,270.236983660402,0.024642105958444262
1988-03-03,273.71032068263116,0.012852929954968674
1988-03-04,276.6165003206288,0.01061772033568061
1988-03-07,278.92671339144414,0.008351682087429773
1988-03-08,284.1687939558303,0.018793755896121356
1988-03-09,291.64614130025166,0.02631304880571644
1988-03-10,283.4454195485602,-0.0281187390826775
1988-03-11,280.4573686755373,-0.010541891549286569
1988-03-14,282.82965929885717,0.008458649649759764
1988-03-15,282.5054856269185,-0.0011461799046898393
1988-03-16,286.84040982353656,0.015344566449739023
1988-03-17,291.65034357801807,0.0167686755064971
1988-03-18,293.57082241550904,0.0065848673926804015
1988-03-21,286.31552995191106,-0.024713942631972772
1988-03-22,288.91541740271276,0.009080497489040924
1988-03-23,289.5675523283147,0.0022571828511765164
1988-03-24,279.2043055599474,-0.035788701755566
1988-03-25,272.2826573430158,-0.024790621344646394
1988-03-28,267.34857631409085,-0.01812117259715541
1988-03-29,272.7547700087109,0.020221516677420667
1988-03-30,270.0704917795965,-0.009841361267590831
1988-03-31,276.20877213470186,0.02272843772993441
1988-04-04,269.7399495994234,-0.023420047398508035
1988-04-05,272.95308203591884,0.01191196350880565
1988-04-06,282.35297810176024,0.034437772219785535
1988-04-07,284.8106122448575,0.008704119785170307
1988-04-08,291.3637035562067,0.023008592480800383
1988-04-11,292.6375691062173,0.00437208044263109
1988-04-12,294.5089918027841,0.006395018596834788
1988-04-13,294.47513129527135,-0.00011497274601187217
1988-04-14,273.88845501688803,-0.06990972781922622
1988-04-15,272.43244106203906,-0.005316083712835526
1988-04-18,274.79151471997034,0.008659297874859442
1988-04-19,278.54136582931585,0.01364616776164602
1988-04-20,272.63454011291054,-0.021206278280493814
1988-04-21,270.2662666774139,-0.00868662288540493
1988-04-22,271.99669639491583,0.006402684799606673
1988-04-25,274.39463959530457,0.00881607472506635
1988-04-26,279.9361712364871,0.020195480674679207
1988-04-27,281.6830749167562,0.006240364267872117
1988-04-28,281.8077252466105,0.0004425197711689111
1988-04-29,282.7358999057123,0.0032936451912008538
1988-05-02,283.5799543887455,0.0029853106143033713
1988-05-03,289.0591805795828,0.01932162730841731
1988-05-04,287.5741621497408,-0.005137420049639776
1988-05-05,282.7035450966248,-0.016936907741314598
1988-05-06,282.40354844006754,-0.0010611704796793084
1988-05-09,275.0735902477696,-0.025955616467239737
1988-05-10,273.13513422646383,-0.0070470451909240605
1988-05-11,259.5294513600346,-0.04981300887914461
1988-05-12,261.5262247976762,0.007693822135321007
1988-05-13,266.20288463963965,0.017882183117893486
1988-05-16,267.78889674958066,0.005957907300997163
1988-05-17,265.37132248035147,-0.009027910785599039
1988-05-18,253.98702833867503,-0.042899489045276726
1988-05-19,252.36178111029517,-0.0063989379261239375
1988-05-20,251.81875545040998,-0.0021517745575264737
1988-05-23,245.83749657549706,-0.02375223745433375
1988-05-24,249.60901588683225,0.015341513657893031
1988-05-25,250.69060968378787,0.004333151962131073
1988-05-26,253.81085502064744,0.012446598381947106
1988-05-27,252.41603128034745,-0.005495524374584035
1988-05-31,259.6630801184458,0.02871073125323549
1988-06-01,268.97466112460506,0.03586024244151977
1988-06-02,268.53613138985565,-0.0016303756380466098
1988-06-03,273.19437126124,0.017346789973009712
1988-06-06,278.3229137205602,0.018772504117283262
1988-06-07,278.1595452117656,-0.0005869747000371823
1988-06-08,287.0599918807518,0.03199763165492027
1988-06-09,289.6324669270176,0.008961454466056165
1988-06-10,293.25889365625596,0.01252078804463636
1988-06-13,294.2267460227777,0.003300334235237961
1988-06-14,298.04879730995776,0.012990155853758333
1988-06-15,299.21030823684833,0.003897049534753402
1988-06-16,294.53768747909254,-0.015616509956792831
1988-06-17,294.0238031131916,-0.0017447151510532112
1988-06-20,291.5951743626611,-0.008259973256639712
1988-06-21,295.4819584381515,0.013329384081837887
1988-06-22,301.7340544851491,0.02115897728593906
1988-06-23,302.78747063066044,0.003491207339220527
1988-06-24,304.0521473251376,0.0041767801416717635
1988-06-27,297.63067032123445,-0.021119656810173165
1988-06-28,303.65517131591974,0.020241532864146667
1988-06-29,303.52571647582454,-0.00042632186876393526
1988-06-30,310.39431760974446,0.022629387762163514
1988-07-01,310.35654808941035,-0.00012168238331472403
1988-07-05,313.27215348204123,0.009394373698830233
1988-07-06,311.59666803378235,-0.005348338272762916
1988-07-07,311.4404170564156,-0.0005014526578628347
1988-07-08,308.7324200976669,-0.008695072349129964
1988-07-11,307.98572241822836,-0.002418591734558733
1988-07-12,306.4011803698386,-0.005144855534043273
1988-07-13,306.3874576575412,-4.4786747495058826e-05
1988-07-14,308.87271920118684,0.008111498958366414
1988-07-15,308.5768717223718,-0.0009578297480598714
1988-07-18,308.6754091914155,0.0003193287575109609
1988-07-19,300.38083825833456,-0.026871498947093973
1988-07-20,301.08185910780026,0.0023337735307296394
1988-07-21,294.5879044220686,-0.02156873451285066
1988-07-22,291.053095964901,-0.011999163591262494
1988-07-25,290.22926579989274,-0.0028305150380793973
1988-07-26,287.13640617876456,-0.010656608363060935
1988-07-27,281.5208600849918,-0.019557067557210542
1988-07-28,283.09690006118257,0.005598306199103646
1988-07-29,290.18440353356556,0.02503560961229617
1988-08-01,291.3858229914485,0.004140193074656249
1988-08-02,290.83332093352243,-0.001896118528533516
1988-08-03,292.35151583342974,0.005220154606199237
1988-08-04,293.0167969935145,0.0022756206965035518
1988-08-05,290.314650470649,-0.00922181441675272
1988-08-08,289.89773905543376,-0.00143606743421087
1988-08-09,282.10134364549987,-0.026893605432511045
1988-08-10,269.40382764868747,-0.04501047684752821
1988-08-11,270.5907567549208,0.004405761850500265
1988-08-12,270.15352266310794,-0.0016158500647117245
1988-08-15,259.4332242875921,-0.0396822453760282
1988-08-16,262.6506884788665,0.012401897251632392
1988-08-17,263.733440275084,0.004122402276910688
1988-08-18,265.7442313079641,0.007624330956221696
1988-08-19,266.07398188916227,0.001240856968277759
1988-08-22,257.9906810809159,-0.03037989942065671
1988-08-23,257.4862670260296,-0.001955163856201746
1988-08-24,262.5662088920256,0.019728981761510587
1988-08-25,258.30577817917384,-0.016226119616952632
1988-08-26,259.0234241951847,0.0027782809237548666
1988-08-29,262.4457705196818,0.013212497422311202
1988-08-30,262.93997394535467,0.0018830687371882058
1988-08-31,262.9737284890302,0.00012837357199454267
1988-09-01,255.36024298766102,-0.02895150608813287
1988-09-02,262.562835503661,0.028205614279384866
1988-09-06,263.91103892424803,0.005134783900397805
1988-09-07,265.1406404092351,0.004659151394345537
1988-09-08,268.772902517119,0.013699378949517619
1988-09-09,272.64966356228626,0.014423928189413881
1988-09-12,273.37103683185046,0.0026457882255900337
1988-09-13,273.9408465432529,0.0020843821569617852
1988-09-14,277.0044100874303,0.011183303194230656
1988-09-15,274.41785019846134,-0.009337612668883475
1988-09-16,276.92479713126977,0.009135509701702741
1988-09-19,275.6171814661942,-0.004721916125321593
1988-09-20,276.94401738869357,0.0048140537372923994
1988-09-21,278.59924273955306,0.005976750703866695
1988-09-22,278.3932385849708,-0.0007394282646160595
1988-09-23,278.5345865946059,0.0005077278828808018
1988-09-26,273.4236914906991,-0.018349229682364222
1988-09-27,272.1922255284572,-0.0045038743918933664
1988-09-28,274.361621801078,0.00797008903692592
1988-09-29,280.2141806244825,0.021331550619159863
1988-09-30,283.7309124893459,0.012550156658831706
1988-10-03,276.3419672689016,-0.026042087397585612
1988-10-04,275.64157970944416,-0.0025344958146581377
1988-10-05,276.23392569625366,0.0021489718185257033
1988-10-06,277.4950695289393,0.004565492198349308
1988-10-07,278.5219797737346,0.003700643209763866
1988-10-10,277.8397844450235,-0.002449341087067184
1988-10-11,277.2885474189939,-0.00198401041496147
1988-10-12,271.297175378245,-0.021606994217816446
1988-10-13,273.138359506367,0.006786595273448772
1988-10-14,275.4575309537126,0.008490830257371799
1988-10-17,276.0709847647336,0.0022270359024024696
1988-10-18,278.6418571391849,0.009312359923090563
1988-10-19,277.48394640726286,-0.004155552018674802
1988-10-20,283.55864760534166,0.021892081602310102
1988-10-21,283.3938105755808,-0.0005813154744280269
1988-10-24,280.12098656449456,-0.011548678513616996
1988-10-25,277.61410903518146,-0.008949267100827912
1988-10-26,275.5110545376123,-0.007575459708723352
1988-10-27,268.0761318761118,-0.026985932284926
1988-10-28,270.1310883355562,0.00766557039249623
1988-10-31,269.1490389774979,-0.0036354547864495966
1988-11-01,268.8226790521988,-0.0012125621051406966
1988-11-02,267.5263975797504,-0.004822068870895868
1988-11-03,269.5140177459752,0.0074296225875515685
1988-11-04,265.7231588357664,-0.01406553522489429
1988-11-07,256.0085520420687,-0.03655912731227905
1988-11-08,260.6718802187552,0.018215517175067468
1988-11-09,258.31005530498857,-0.009060528169684239
1988-11-10,259.5737013445287,0.004891973864695764
1988-11-11,249.93412146365728,-0.037136196120565054
1988-11-14,246.86334640408384,-0.012286337862115245
1988-11-15,246.31956268351234,-0.002202772215853305
1988-11-16,237.61524517018927,-0.035337499866005255
1988-11-17,236.83439749650057,-0.0032861850809674073
1988-11-18,237.0416267181525,0.0008749963005478985
1988-11-21,231.9370498126684,-0.02153451685325101
1988-11-22,232.40866546866835,0.002033377834118664
1988-11-23,236.90736839481164,0.019356863983842086
1988-11-25,234.0747154866756,-0.011956795296528586
1988-11-28,233.27329888062923,-0.003423764093358403
1988-11-29,237.1296256375821,0.0165313680367947
1988-11-30,243.42339828727552,0.026541486044904878
1988-12-01,248.0959833160206,0.01919529947252951
1988-12-02,248.08884817605644,-2.875959485038805e-05
1988-12-05,250.81430297981834,0.010985801352214589
1988-12-06,253.91346012102022,0.012356381212642644
1988-12-07,252.53151961698464,-0.005442564972242648
1988-12-08,250.14843747202983,-0.00943677109522496
1988-12-09,250.02095358231944,-0.0005096329643260832
1988-12-12,247.7595350750426,-0.009044915935544759
1988-12-13,245.24958415670955,-0.010130592623096615
1988-12-14,244.74956307834478,-0.002038825387142163
1988-12-15,245.1366979335437,0.0015817591268793172
1988-12-16,250.55160823350977,0.022089349924400443
1988-12-19,251.4688204889397,0.003660771774312959
1988-12-20,250.6994058965811,-0.003059681875719628
1988-12-21,249.71173173442324,-0.003939674921149652
1988-12-22,251.4194532402376,0.006838771626599444
1988-12-23,253.01433262123436,0.006343500315676983
1988-12-27,251.25229531632968,-0.006964179802187265
1988-12-28,251.40457760016076,0.0006060931050972779
1988-12-29,255.9008712928114,0.017884693013830482
1988-12-30,260.53040265810637,0.01809111216349749
1989-01-03,254.3389514881205,-0.023764793309404595
1989-01-04,262.69211762113054,0.03284265380562527
1989-01-05,264.6968719607722,0.007631574018269845
1989-01-06,266.54566478479506,0.006984566195768359
1989-01-09,267.31505582035686,0.0028865261649743193
1989-01-10,265.7608631475504,-0.005814085809857534
1989-01-11,267.1361758315856,0.005175000817451426
1989-01-12,270.5541099388036,0.012794725748312159
1989-01-13,270.6024766674673,0.00017876915148192762
1989-01-16,270.8104149250182,0.0007684270303500434
1989-01-17,267.94335295515543,-0.010586970854339614
1989-01-18,273.71769300121514,0.02155060008906492
1989-01-19,278.2423687186047,0.01653044663564904
1989-01-20,279.3575217528837,0.004007847688382749
1989-01-23,275.4141621871023,-0.014115816681927905
1989-01-24,279.5298522802162,0.014943640009034302
1989-01-25,283.7706760693246,0.015171273316658972
1989-01-26,290.2566375597152,0.02285634858482024
1989-01-27,292.03633086031857,0.006131447382447064
1989-01-30,294.4235329207572,0.0081743324654371
1989-01-31,298.89556422283187,0.01518910957188423
1989-02-01,303.0761384032782,0.013986738783883935
1989-02-02,307.29425535653826,0.013917680802859426
1989-02-03,309.8662971900892,0.008369963931042952
1989-02-06,308.65531214822477,-0.003908088917206638
1989-02-07,315.79452763887736,0.023130058708414857
1989-02-08,312.83052126427805,-0.009385869972986845
1989-02-09,309.0578254630792,-0.012059871223408146
1989-02-10,299.7498391656399,-0.03011729692814804
1989-02-13,296.8945672003694,-0.009525516254548139
1989-02-14,298.4282732566895,0.005165827286038063
1989-02-15,303.0845326349142,0.015602608048533244
1989-02-16,306.39277229276854,0.010915237505172752
1989-02-17,309.6333733583829,0.010576623728310006
1989-02-21,307.2389136126594,-0.0077332095043645445
1989-02-22,298.2803386655473,-0.02915833428055383
1989-02-23,299.43817909644105,0.003881718909378043
1989-02-24,292.3748175300164,-0.02358871399678709
1989-02-27,289.75079018732185,-0.008974874665548612
1989-02-28,291.3006597897834,0.005348974549679804
1989-03-01,291.3688590615223,0.0002341198670408297
1989-03-02,297.2090193982815,0.020043872758296666
1989-03-03,300.311824108886,0.010439806695255523
1989-03-06,304.9764905837323,0.015532743303357096
1989-03-07,304.6617168599787,-0.001032124552128926
1989-03-08,305.0222917718446,0.0011835255035723255
1989-03-09,303.24396624336,-0.005830149390572469
1989-03-10,303.62590809065307,0.0012595200228538391
1989-03-13,304.7049761049551,0.0035539391914468947
1989-03-14,303.3338611733037,-0.0044998114214553405
1989-03-15,305.3740669139017,0.0067259412869581795
1989-03-16,310.93437754128246,0.01820819522617967
1989-03-17,294.1232645508054,-0.0540664339640124
1989-03-20,285.63827484146236,-0.02884841402226915
1989-03-21,292.5438500833414,0.024175945067977385
1989-03-22,289.7934346257815,-0.009401720312275628
1989-03-23,290.46856099706974,0.002329681388952284
1989-03-27,289.1298501745045,-0.004608797654279532
1989-03-28,293.41973917672334,0.014837240083061948
1989-03-29,295.6953123759547,0.007755351448461457
1989-03-30,297.4545559118103,0.005949514457026037
1989-03-31,302.1097751560618,0.015650186395637793
1989-04-03,303.7598138090498,0.005461718847513565
1989-04-04,302.575083900539,-0.003900219366263819
1989-04-05,304.9383492901831,0.007810508912957651
1989-04-06,304.5797040643015,-0.0011761237204716173
1989-04-07,310.0638047645019,0.018005469921405635
1989-04-10,310.62712643728645,0.0018167927508094567
1989-04-11,315.9298151060438,0.01707091305764618
1989-04-12,320.69502429978394,0.015083125953594026
1989-04-13,316.3411167080797,-0.013576473789110647
1989-04-14,324.96114435637105,0.027249153502375514
1989-04-17,324.7175836966418,-0.0007495070224830796
1989-04-18,331.47653272955057,0.020814853806078865
1989-04-19,334.1429576852671,0.00804408364525782
1989-04-20,333.04510481986483,-0.0032855783434955605
1989-04-21,338.23144474798613,0.015572485087046797
1989-04-24,336.3947778604852,-0.0054302073802435505
1989-04-25,335.1254643700154,-0.003773285359965544
1989-04-26,336.57108273238566,0.004313663138334857
1989-04-27,343.1002126117895,0.019398962698751226
1989-04-28,346.2575726280304,0.009202442610589036
1989-05-01,345.6047221726623,-0.0018854474442625956
1989-05-02,346.8104439060896,0.003488730494905772
1989-05-03,348.6262748251997,0.005235802297816166
1989-05-04,349.42355536800767,0.0022869204084165077
1989-05-05,352.9570704941127,0.010112412491434901
1989-05-08,348.9989864665811,-0.011214066407539606
1989-05-09,347.9913921938169,-0.0028870979912161998
1989-05-10,349.46836248632206,0.0042442724895980855
1989-05-11,351.72991005941566,0.006471394311644219
1989-05-12,361.8660932824027,0.02881808721150495
1989-05-15,364.8322563194129,0.008196852626077425
1989-05-16,363.2912225094478,-0.004223951647016504
1989-05-17,370.2856274104273,0.0192528871263814
1989-05-18,373.39001666398644,0.008383769241246224
1989-05-19,378.9303610407596,0.01483795530012499
1989-05-22,377.7342743691229,-0.0031564814926721687
1989-05-23,373.3864668740568,-0.011510227665539812
1989-05-24,376.63189729950295,0.00869188016538593
1989-05-25,380.0486526817775,0.009071869394953486
1989-05-26,385.85336120678886,0.01527359322037039
1989-05-30,382.5721133924152,-0.00850387256990929
1989-05-31,387.46735796426293,0.01279561264525966
1989-06-01,392.8977142524931,0.014015003268303808
1989-06-02,401.42673301604924,0.021707987738699377
1989-06-05,390.7890911475324,-0.02649958508889731
1989-06-06,390.9307477606992,0.0003624886578866535
1989-06-07,401.85883471188936,0.027954022582740448
1989-06-08,406.4536510796404,0.011433906563346453
1989-06-09,405.36105676645985,-0.0026881153860430504
1989-06-12,404.1273416947197,-0.003043496781810792
1989-06-13,396.83603135920856,-0.0180421109468486
1989-06-14,396.42316390375566,-0.0010403981060862597
1989-06-15,386.905894824521,-0.024007853086872855
1989-06-16,387.0206975608847,0.0002967200497572036
1989-06-19,383.6004569489693,-0.008837358398325357
1989-06-20,379.5357224208772,-0.010596271340294006
1989-06-21,377.5242255943631,-0.005299888014977151
1989-06-22,381.10851436239585,0.009494195405313953
1989-06-23,388.7194265390514,0.019970459566847502
1989-06-26,385.4217116591102,-0.008483535050723627
1989-06-27,388.5087558364843,0.008009523293551334
1989-06-28,378.8530062846344,-0.024853364066558678
1989-06-29,360.8288633679562,-0.04757555732086908
1989-06-30,354.19312550257365,-0.018390263471289404
1989-07-03,355.4573045017386,0.003569179942075949
1989-07-05,357.44258693075125,0.005585150182229467
1989-07-06,363.7393060231368,0.017616029322229092
1989-07-07,370.6537927498384,0.01900945708150041
1989-07-10,370.84161410352505,0.0005067298847619545
1989-07-11,375.2266492578281,0.011824549855073464
1989-07-12,380.9110258028138,0.015149181318088678
1989-07-13,383.5050430440805,0.0068100345370667665
1989-07-14,385.9302077703562,0.006323684056475401
1989-07-17,387.9467831237943,0.005225233249007589
1989-07-18,382.5498115609248,-0.013911628598676423
1989-07-19,391.0166521900608,0.02213264880353391
1989-07-20,385.6707221202094,-0.013671873154018348
1989-07-21,385.6292730794338,-0.00010747261432695182
1989-07-24,376.5956576351405,-0.023425647571190724
1989-07-25,377.6707411024676,0.0028547420702569122
1989-07-26,384.22898510265,0.01736497770793156
1989-07-27,392.6829911899843,0.022002520411300606
1989-07-28,393.39487574659285,0.0018128734184571396
1989-07-31,395.53240350677265,0.005433542458129846
1989-08-01,393.91981300090526,-0.0040770123802000725
1989-08-02,395.80553514985496,0.0047870710909007725
1989-08-03,403.08357223051934,0.0183879113209188
1989-08-04,404.202432709676,0.00277575310987061
1989-08-07,415.09291075292816,0.026943128397929315
1989-08-08,419.1439671856422,0.009759396818813298
1989-08-09,416.54344108751775,-0.006204374395713804
1989-08-10,419.44036074493357,0.0069546639597841626
1989-08-11,416.3506836928819,-0.007366189192104367
1989-08-14,409.07447277528024,-0.017476159407411675
1989-08-15,411.3484198266206,0.005558760574604616
1989-08-16,410.84557377457537,-0.0012224334112118582
1989-08-17,410.7712322767002,-0.00018094754482126635
1989-08-18,413.6384245040549,0.006980021973455564
1989-08-21,403.31317877882526,-0.024962008153883244
1989-08-22,403.2143651147099,-0.00024500479854030896
1989-08-23,411.79810338614664,0.021288274957651235
1989-08-24,422.85498981931784,0.026850260703612464
1989-08-25,425.0373153118918,0.005160931158708662
1989-08-28,425.67655308426976,0.0015039568276701912
1989-08-29,423.7939476762192,-0.004422619461678083
1989-08-30,428.23931980089196,0.010489465810089943
1989-08-31,430.95846136568224,0.006349584073817633
1989-09-01,436.3052478227799,0.012406732751351401
1989-09-05,435.7571206474775,-0.0012562928776072135
1989-09-06,429.5472714840871,-0.014250711851049949
1989-09-07,430.53853677669133,0.0023076977981477727
1989-09-08,434.830994807571,0.009969974030701143
1989-09-11,431.79188671511537,-0.006989170801406543
1989-09-12,435.56657389225956,0.008741913160667254
1989-09-13,435.29125034313756,-0.0006321044029197907
1989-09-14,426.65770645032546,-0.01983394769825104
1989-09-15,423.16556676297785,-0.008184874278730962
1989-09-18,420.75898496928704,-0.005687092671788108
1989-09-19,421.00584828659254,0.0005867095561215904
1989-09-20,419.92762820122016,-0.00256105726264961
1989-09-21,420.4980681570068,0.0013584244462079291
1989-09-22,423.2028344357657,0.006432291807221804
1989-09-25,418.95355865654875,-0.010040754535309905
1989-09-26,421.811760957817,0.006822241373085778
1989-09-27,421.43624671917945,-0.0008902412720423826
1989-09-28,430.3588174344671,0.021171816104448973
1989-09-29,435.04664750890385,0.010892840775013405
1989-10-02,440.73522563942004,0.013075788913876831
1989-10-03,446.3560772201638,0.01275335224814168
1989-10-04,451.88254209771947,0.01238129188690262
1989-10-05,455.4729800562508,0.007945511552324896
1989-10-06,463.7434839011334,0.01815805592652544
1989-10-09,469.141494527235,0.01164007865014527
1989-10-10,464.32733322133737,-0.010261640383673519
1989-10-11,458.42547827191595,-0.012710548199858174
1989-10-12,458.30871279483443,-0.0002547098331482636
1989-10-13,415.62027334783784,-0.09314341677398226
1989-10-16,398.2330962632327,-0.041834285282935695
1989-10-17,395.33609460146556,-0.007274638117601823
1989-10-18,403.8001539660706,0.021409781399134666
1989-10-19,423.2854831280949,0.04825488294306495
1989-10-20,422.7480176162738,-0.0012697470932600589
1989-10-23,412.89205391452793,-0.02331403883883387
1989-10-24,398.0753985867585,-0.03588505806129313
1989-10-25,400.9777359981203,0.007290923834192266
1989-10-26,388.4827038278791,-0.031161411341550774
1989-10-27,374.60008501735877,-0.03573548751007243
1989-10-30,370.65394014916603,-0.010534287166565523
1989-10-31,380.98496627816286,0.02787243034524111
1989-11-01,383.3504116099312,0.006208762920165577
1989-11-02,374.36643627098476,-0.023435413310806272
1989-11-03,373.7798602775451,-0.0015668498471242986
1989-11-06,361.03107486663265,-0.03410773764387946
1989-11-07,364.2078916454134,0.00879928903614256
1989-11-08,375.3526599240651,0.030600018655010566
1989-11-09,375.23659118775373,-0.0003092258260134884
1989-11-10,380.3267810239277,0.01356528109388725
1989-11-13,379.1979097494724,-0.0029681614095544784
1989-11-14,374.26499507140915,-0.01300881294763026
1989-11-15,378.57585124848595,0.011518192280457012
1989-11-16,377.0135165818611,-0.004126873548517399
1989-11-17,380.42446963287165,0.009047296452221243
1989-11-20,377.3969104591152,-0.007958371281106569
1989-11-21,373.3297453707259,-0.010776890259757196
1989-11-22,375.631145020724,0.006164522593057117
1989-11-24,378.98869178307916,0.008938414204631363
1989-11-27,377.3415121613784,-0.004346250052873824
1989-11-28,378.3909415399861,0.0027811129832936584
1989-11-29,376.1109874143206,-0.006025392987439021
1989-11-30,376.6381081907881,0.001401503263946917
1989-12-01,378.97403874540424,0.006202055776662997
1989-12-04,381.40719095130385,0.006420366455587759
1989-12-05,381.9129782823337,0.0013261085344728075
1989-12-06,377.0470211942616,-0.012741010033115077
1989-12-07,375.98890806661257,-0.0028063161042821
1989-12-08,375.6004841255413,-0.001033072871932909
1989-12-11,365.71766390411864,-0.026312054001824476
1989-12-12,360.73034543476757,-0.013637072970745515
1989-12-13,362.27695688758473,0.0042874448251730085
1989-12-14,353.2998379680247,-0.024779712727756142
1989-12-15,344.5222111967072,-0.024844695151295025
1989-12-18,325.8789419300813,-0.05411340302811827
1989-12-19,321.96832698824727,-0.012000207557667394
1989-12-20,327.5858466721429,0.017447429492344707
1989-12-21,336.7753650428597,0.028052244820924447
1989-12-22,344.5977371033518,0.023227269190240867
1989-12-26,345.5938675655612,0.002890705175787825
1989-12-27,353.7074575602674,0.023477239488825755
1989-12-28,356.3175750674805,0.007379311494353668
1989-12-29,367.65799865886896,0.03182673094146633
1990-01-02,377.9756220916683,0.02806310068170874
1990-01-03,381.71502706640814,0.009893243786587269
1990-01-04,377.82557304432004,-0.01018941814258577
1990-01-05,374.80244375226704,-0.008001388756441793
1990-01-08,375.5991239170625,0.0021256002410754878
1990-01-09,370.6980899370166,-0.013048576708416653
1990-01-10,355.7857534352176,-0.040227713351133475
1990-01-11,351.2998512703221,-0.012608436739197005
1990-01-12,329.71285771345003,-0.06144891174537128
1990-01-15,322.42757585608683,-0.02209583789933597
1990-01-16,330.109045643338,0.023823861116270467
1990-01-17,326.66004556363873,-0.010448062921079882
1990-01-18,323.9508213885837,-0.008293711495632773
1990-01-19,331.2974185688083,0.022678124873195718
1990-01-22,310.7850244518978,-0.06191534544857979
1990-01-23,307.39192212242887,-0.01091784372639262
1990-01-24,297.0826982454955,-0.03353771890214903
1990-01-25,296.09610712561044,-0.003320930924997167
1990-01-26,287.8216289182046,-0.02794524483192748
1990-01-29,280.91107123201476,-0.024009862330929017
1990-01-30,265.9145927766848,-0.053385145660363904
1990-01-31,275.7049807436828,0.036817791249312753
1990-02-01,279.4843732360895,0.013708103793454053
1990-02-02,288.31477288346485,0.03159532515227979
1990-02-05,293.16518333722695,0.016823315729723815
1990-02-06,291.52707247535955,-0.005587671916631064
1990-02-07,297.1975556781614,0.019450966096060115
1990-02-08,298.1975255007282,0.0033646636840098127
1990-02-09,301.27204274027144,0.010310337868768457
1990-02-12,295.7612705463492,-0.01829168131167468
1990-02-13,294.3435425589668,-0.004793487615073537
1990-02-14,295.9173247634786,0.005346752950072009
1990-02-15,302.1581777171641,0.02108985325098406
1990-02-16,300.7831560088992,-0.004550668522868781
1990-02-20,289.4537916214489,-0.03766621953762299
1990-02-21,284.6165216775155,-0.01671171732398524
1990-02-22,287.0053682280783,0.008393211105535998
1990-02-23,280.32326038737517,-0.02328217023241509
1990-02-26,282.88639802117495,0.009143506786621158
1990-02-27,286.13098102817816,0.01146956173820811
1990-02-28,292.56810754184016,0.02249713222430842
1990-03-01,295.30694517043065,0.009361367688372618
1990-03-02,303.1013268162459,0.026394169772461226
1990-03-05,300.9378291865443,-0.007137869214980997
1990-03-06,305.4047025570616,0.014843176687329571
1990-03-07,305.5912004434686,0.0006106582015453526
1990-03-08,314.02395124694647,0.027594874431071285
1990-03-09,314.4717869784563,0.001426119662947732
1990-03-12,313.69937573726224,-0.0024562179285321896
1990-03-13,309.31787411507526,-0.013967199048099715
1990-03-14,312.55866819649475,0.010477228613739434
1990-03-15,316.5521865644361,0.012776860072332958
1990-03-16,325.3262292390467,0.02771752351432452
1990-03-19,326.6295479048088,0.0040061899368232165
1990-03-20,320.2506355659517,-0.019529501785050144
1990-03-21,318.43224061766495,-0.005678036969616795
1990-03-22,307.9010644384836,-0.033071953263130456
1990-03-23,313.61479667840894,0.018557039581351818
1990-03-26,316.69657172863805,0.009826625155666081
1990-03-27,318.0112023414643,0.0041510730780902295
1990-03-28,311.79671987440065,-0.019541709289821886
1990-03-29,308.9638762615817,-0.00908554655084297
1990-03-30,309.10784292657354,0.00046596601108805024
1990-04-02,303.74848528842443,-0.017338148354333966
1990-04-03,313.042060810881,0.03059628598190994
1990-04-04,308.1438887081449,-0.01564700951063327
1990-04-05,303.7865428468097,-0.014140620732745522
1990-04-06,298.37808301031737,-0.017803487230899716
1990-04-09,296.5594000462458,-0.006095229735786949
1990-04-10,300.0096186449333,0.011634156928256012
1990-04-11,303.29809708976643,0.010961243375083621
1990-04-12,309.0233342822822,0.018876601097900243
1990-04-16,309.40599538627043,0.001238291939594194
1990-04-17,306.57367934965475,-0.0091540438092667
1990-04-18,298.22523978110524,-0.027231429606936187
1990-04-19,292.89288660756756,-0.017880287991222998
1990-04-20,286.21247600087105,-0.022808374365360522
1990-04-23,274.38801810053974,-0.04131356559137319
1990-04-24,272.5450212491556,-0.006716754121197952
1990-04-25,275.1188822707983,0.009443801284081172
1990-04-26,276.0008724392985,0.00320585108961046
1990-04-27,269.84455212233803,-0.022305437887028642
1990-04-30,273.60031659535815,0.013918251984265958
1990-05-01,276.97964852563683,0.01235134510197441
1990-05-02,280.2873753206868,0.01194212936819364
1990-05-03,283.87858663212234,0.012812604589581273
1990-05-04,290.121788265767,0.02199250640110878
1990-05-07,295.12809613051235,0.017255883795116004
1990-05-08,296.2740351885745,0.003882853151180187
1990-05-09,295.1380225821366,-0.003834330624736712
1990-05-10,298.84956287846865,0.012575608740141521
1990-05-11,308.8827484289391,0.03357269608773219
1990-05-14,315.97257818646455,0.022953142555180623
1990-05-15,317.7689571226505,0.0056852368218035625
1990-05-16,318.580676416852,0.0025544323194799626
1990-05-17,324.529065336551,0.018671530824160055
1990-05-18,330.0253730224958,0.016936257096863964
1990-05-21,339.78289312927507,0.02956596948112276
1990-05-22,341.9110563926575,0.006263303145672979
1990-05-23,348.5221050770062,0.019335580294181594
1990-05-24,351.6460807119633,0.008963493532976572
1990-05-25,340.9304541690465,-0.030472759773751107
1990-05-29,349.050139364121,0.02381625078013255
1990-05-30,351.8080866373571,0.007901292571492502
1990-05-31,352.14125697706356,0.0009470229717881722
1990-06-01,359.28765490664733,0.020294122849823442
1990-06-04,367.0154221954099,0.021508580056196127
1990-06-05,364.5182556845172,-0.006803982502847201
1990-06-06,365.21052617330247,0.0018991380486150125
1990-06-07,363.02868252047944,-0.0059742080155370855
1990-06-08,355.3412778759958,-0.021175750056746597
1990-06-11,359.39772444041677,0.0114156356634609
1990-06-12,368.05126992572724,0.024077908391835347
1990-06-13,373.3616140277209,0.014428272732397614
1990-06-14,369.02233842344316,-0.01162217925262026
1990-06-15,369.9557256259359,0.0025293514925963313
1990-06-18,353.5084167874278,-0.04445750585608741
1990-06-19,352.7824635734185,-0.0020535669860608794
1990-06-20,353.2756609203618,0.0013980211543045986
1990-06-21,354.22917804174176,0.0026990739155249217
1990-06-22,349.6319347370224,-0.01297816100337631
1990-06-25,340.82722862102366,-0.02518278578477465
1990-06-26,340.12079612103196,-0.002072699716069945
1990-06-27,343.381504956312,0.009586914038975066
1990-06-28,351.1264673781473,0.02255497838423391
1990-06-29,355.3699775581008,0.012085418144748962
1990-07-02,354.4087643091633,-0.002704824013391345
1990-07-03,353.6365620732751,-0.0021788463312791065
1990-07-05,347.47669789774693,-0.017418629282601843
1990-07-06,350.39332144173613,0.008393724130668282
1990-07-09,352.6389582111289,0.006408902887055013
1990-07-10,350.88478847894817,-0.004974407085023474
1990-07-11,357.44902323989413,0.01870766410080438
1990-07-12,364.87895040178375,0.020785976961260798
1990-07-13,367.72306050469604,0.007794667518585267
1990-07-16,370.0567955050482,0.006346447234364761
1990-07-17,357.81919854516116,-0.03306951016312341
1990-07-18,349.23148033827573,-0.024000160533034005
1990-07-19,343.0805789699708,-0.01761267730602907
1990-07-20,336.4421732339836,-0.01934940694083483
1990-07-23,312.5114411862982,-0.07112881187770254
1990-07-24,308.0129492960983,-0.014394647034756656
1990-07-25,313.9359588663649,0.0192297420735149
1990-07-26,313.7803982085288,-0.000495517169800464
1990-07-27,307.665318256823,-0.01948840649899964
1990-07-30,300.6380109608655,-0.022840752203638036
1990-07-31,298.1894595322618,-0.008144517124690552
1990-08-01,293.32569536946244,-0.016310986211345895
1990-08-02,279.0484933432492,-0.04867354702161431
1990-08-03,256.63772040901006,-0.0803113919940516
1990-08-06,224.2325599124975,-0.12626811228243312
1990-08-07,227.58206701534345,0.014937648235176208
1990-08-08,237.0938522178773,0.041794967974750734
1990-08-09,246.16688441545554,0.03826768223935461
1990-08-10,237.22635433808853,-0.03631897969784632
1990-08-13,237.44049439236002,0.0009026823974468861
1990-08-14,240.8963651369887,0.014554681388583937
1990-08-15,242.78203184613443,0.007827709264411002
1990-08-16,226.4440548848376,-0.0672948357712534
1990-08-17,211.53515223363084,-0.06583923194092682
1990-08-20,203.4036421467479,-0.03844046722741409
1990-08-21,189.33869208847202,-0.06914797547296896
1990-08-22,182.02954592194598,-0.03860355263841529
1990-08-23,160.66460229535053,-0.11737074615214779
1990-08-24,170.12019482685614,0.05885299186265892
1990-08-27,189.3039886657729,0.11276611726457005
1990-08-28,191.60403159550515,0.012149997186763593
1990-08-29,189.91342389751026,-0.00882344533106665
1990-08-30,185.21868795421955,-0.024720400732832312
1990-08-31,188.86425226394286,0.01968248641640515
1990-09-04,189.27536521989498,0.0021767642686430695
1990-09-05,190.35263106579572,0.005691526969974277
1990-09-06,184.81885016125057,-0.029071207860701415
1990-09-07,187.09423665365392,0.01231144166527449
1990-09-10,188.88375219129625,0.009564781735928273
1990-09-11,185.49047681018195,-0.01796488761869635
1990-09-12,186.64063199166986,0.006200615801235635
1990-09-13,180.47821894181362,-0.033017532056638564
1990-09-14,177.87993613941907,-0.014396655827106888
1990-09-17,177.24556160177525,-0.0035663074285488677
1990-09-18,174.4810656960432,-0.015596982405365629
1990-09-19,173.67276401730658,-0.004632603976323354
1990-09-20,163.44710236697497,-0.05887890198668467
1990-09-21,160.45493263083225,-0.018306655136807806
1990-09-24,146.87345874414768,-0.08464354235797932
1990-09-25,150.09859109622076,0.021958578354794697
1990-09-26,144.01561177381254,-0.0405265584305767
1990-09-27,133.05231440103515,-0.07612575635199936
1990-09-28,136.8883621652175,0.028831123918822338
1990-10-01,148.82733499958678,0.08721685792368183
1990-10-02,150.96418520508607,0.014357914864935407
1990-10-03,144.632070917333,-0.0419444802696138
1990-10-04,142.65392606137738,-0.013677083121393386
1990-10-05,139.50792855093863,-0.02205335385641726
1990-10-08,140.29671491583008,0.005654061192682892
1990-10-09,129.32911109174538,-0.07817434521303404
1990-10-10,122.57782016601617,-0.05220240724410363
1990-10-11,114.1030328476093,-0.06913801621638274
1990-10-12,116.10135600266847,0.0175133219966907
1990-10-15,118.09176969862222,0.017143759250391636
1990-10-16,113.6414131432474,-0.037685577637903096
1990-10-17,115.00416522453007,0.011991685456822818
1990-10-18,122.61717863749843,0.06619771899656843
1990-10-19,126.24010812528462,0.029546671421113807
1990-10-22,130.32443340197503,0.032353626255112136
1990-10-23,130.243025112028,-0.0006246586907915936
1990-10-24,130.07002219406445,-0.001328308504925609
1990-10-25,128.60406115504162,-0.011270552693806892
1990-10-26,122.4480755249296,-0.0478677389720261
1990-10-29,118.40433980159739,-0.03302408556440685
1990-10-30,117.32003098102436,-0.009157678024217174
1990-10-31,117.28837029696876,-0.0002698659708053004
1990-11-01,118.05679918569695,0.006551620478505579
1990-11-02,124.28128224253916,0.05272447753772686
1990-11-05,128.92296535414695,0.03734820745210368
1990-11-06,128.61539287293638,-0.0023857074677555564
1990-11-07,124.34261423958382,-0.03322136283931259
1990-11-08,123.82149581196707,-0.004190988188592128
1990-11-09,129.93899637977424,0.04940580411899635
1990-11-12,140.6395746976106,0.08235078472179093
1990-11-13,142.28149772632287,0.011674687101710574
1990-11-14,147.06870613972336,0.033646036131898475
1990-11-15,144.03610527509932,-0.02062030015918484
1990-11-16,139.583324152238,-0.030914339945229845
1990-11-19,141.67606623382645,0.014992780078127247
1990-11-20,136.27489054748173,-0.038123416536921965
1990-11-21,136.78914615679517,0.0037736637119827137
1990-11-23,137.0081187174945,0.0016008036225941761
1990-11-26,136.6478467757877,-0.0026295663722649635
1990-11-27,142.69728277952615,0.04427026218469707
1990-11-28,143.86701398032875,0.008197291343030566
1990-11-29,144.65384838097847,0.00546917864547684
1990-11-30,148.6393567426707,0.027552038236794755
1990-12-03,151.28516289519447,0.017800172245795453
1990-12-04,154.7351059862193,0.022804239523573553
1990-12-05,163.2976256266024,0.055336632148270636
1990-12-06,165.11442320925056,0.011125682787344658
1990-12-07,164.05694829082896,-0.0064044975470220035
1990-12-10,163.7866348063191,-0.001647680804293957
1990-12-11,159.1243860917589,-0.02846537948638725
1990-12-12,162.21927568228537,0.019449499014825875
1990-12-13,163.5796475026487,0.008386006007249694
1990-12-14,159.99364463221494,-0.02192206014122692
1990-12-17,155.77322464989768,-0.026378672678023716
1990-12-18,161.4032605975798,0.03614251396756848
1990-12-19,162.71850054641342,0.008148781777791192
1990-12-20,164.07999164094366,0.008367156100617381
1990-12-21,165.7395953094975,0.010114601128122572
1990-12-24,163.97643424603257,-0.010638140271625922
1990-12-26,163.84489231577413,-0.0008022002116539864
1990-12-27,162.00389428804576,-0.011236224710503971
1990-12-28,162.1419139336167,0.0008519526408764104
1990-12-31,165.42589428687936,0.020253741143126957
1991-01-02,163.1378275920233,-0.013831369657812552
1991-01-03,156.94637873974102,-0.03795225757061044
1991-01-04,156.56443235305562,-0.0024336107003703196
1991-01-07,147.50372292238583,-0.0578720804878449
1991-01-08,145.94666800700207,-0.010556038075073312
1991-01-09,144.02276469090683,-0.013182235280650302
1991-01-10,149.39281872780626,0.03728614742554303
1991-01-11,149.20991948992747,-0.0012242840013081298
1991-01-14,141.6219080314877,-0.05085460460255808
1991-01-15,143.4405298690294,0.012841387768461478
1991-01-16,152.92212466547636,0.06610122540054959
1991-01-17,166.21535941960113,0.08692813275518024
1991-01-18,167.7428892947613,0.00919006450723976
1991-01-21,171.24482264447306,0.020876791644849253
1991-01-22,170.29899606061218,-0.005523241924951692
1991-01-23,176.8376808363005,0.03839532191582087
1991-01-24,187.05054330897246,0.057752750569750086
1991-01-25,191.2377810299733,0.02238559507461199
1991-01-28,194.77289246022568,0.018485423807015965
1991-01-29,200.33869429713334,0.02857585450729122
1991-01-30,212.17469712211454,0.059079963890682846
1991-01-31,220.96032090049093,0.04140750003436992
1991-02-01,226.4949470848981,0.025048054609314606
1991-02-04,237.90526725500473,0.050377813355057616
1991-02-05,250.2835491976194,0.05203029796455366
1991-02-06,262.45650923240606,0.04863667657667381
1991-02-07,254.8136705847894,-0.02912040044260772
1991-02-08,257.9007266767894,0.012114954762494972
1991-02-11,270.653555393016,0.049448595514075044
1991-02-12,270.3720168883496,-0.0010402172779795061
1991-02-13,277.5993542164088,0.026731084863134087
1991-02-14,270.7315020699737,-0.024740158945330715
1991-02-15,278.71250375099396,0.029479397927461945
1991-02-19,281.4566609403452,0.009845834515565718
1991-02-20,273.3293507641813,-0.0288758850084081
1991-02-21,273.92844142571136,0.002191827038900614
1991-02-22,278.59691898521,0.01704269018288363
1991-02-25,282.3889758365355,0.013611266288005255
1991-02-26,275.97635325615425,-0.02270847352091142
1991-02-27,281.6641689338604,0.020609793594985593
1991-02-28,285.7792927312003,0.014610036530085633
1991-03-01,292.677599691975,0.024138582242426945
1991-03-04,300.93471794260626,0.028212334183830172
1991-03-05,324.2027018870777,0.07731904149693036
1991-03-06,325.67029593699664,0.004526779207503623
1991-03-07,329.5959500939102,0.012054074952150192
1991-03-08,328.2108734527045,-0.004202347270380765
1991-03-11,311.48826304072304,-0.050950811702437995
1991-03-12,299.91472041247795,-0.03715562992732087
1991-03-13,313.0670713704132,0.043853635926394546
1991-03-14,312.212827833568,-0.002728627872314565
1991-03-15,309.13775309149224,-0.009849290189046891
1991-03-18,308.88505078121256,-0.0008174424111988765
1991-03-19,301.9378032192057,-0.022491368696660134
1991-03-20,308.288109498291,0.021031835733649508
1991-03-21,305.26071672026484,-0.009820011491695252
1991-03-22,304.30362840052516,-0.003135314396240394
1991-03-25,312.63013929421373,0.02736250940369735
1991-03-26,332.7379513315469,0.06431821347336537
1991-03-27,340.5876979794851,0.023591377588655316
1991-03-28,340.36122776649285,-0.0006649394982138279
1991-04-01,337.00001196585106,-0.00987543681957741
1991-04-02,358.6623159775719,0.06427983158029064
1991-04-03,367.01350066077043,0.02328425460711272
1991-04-04,372.5339693496442,0.01504159568771927
1991-04-05,368.45034610564926,-0.010961747330381653
1991-04-08,367.8844432257132,-0.0015358999819579339
1991-04-09,360.6968757300647,-0.01953756846205825
1991-04-10,356.8786251345235,-0.010585760100674262
1991-04-11,375.44926273197956,0.05203628429821464
1991-04-12,380.57398154386436,0.013649564190363539
1991-04-15,378.5365205464221,-0.005353652893392708
1991-04-16,391.85000506906243,0.03517093807335199
1991-04-17,402.33825090178954,0.026765970899703333
1991-04-18,391.17451432467493,-0.027747141993316644
1991-04-19,378.50677111027767,-0.03238386640874821
1991-04-22,362.81700259869945,-0.041451751221134814
1991-04-23,366.47650631788866,0.010086362251432057
1991-04-24,371.6448426546183,0.014102776706364223
1991-04-25,366.146453459021,-0.014794741012206429
1991-04-26,362.9842886977302,-0.00863633863285437
1991-04-29,347.5438865147448,-0.04253738429941563
1991-04-30,341.00830302263,-0.01880505957867728
1991-05-01,347.5360270261145,0.01914241954117838
1991-05-02,354.46608488912386,0.01994054522148465
1991-05-03,356.4849544285943,0.005695522436517129
1991-05-06,354.8920061536604,-0.004468486692480953
1991-05-07,354.8755147941507,-4.6468669972104775e-05
1991-05-08,356.96007158251706,0.0058740507627738185
1991-05-09,368.402076646887,0.032054019413554846
1991-05-10,358.571095636797,-0.02668546578121754
1991-05-13,359.4359832800789,0.002412039491766385
1991-05-14,348.13222924288476,-0.03144858768462829
1991-05-15,325.16826473382525,-0.06596333973157668
1991-05-16,332.6229200105413,0.022925531440831804
1991-05-17,331.7387637900733,-0.0026581337823623854
1991-05-20,328.8639710439613,-0.008665833058723125
1991-05-21,335.9808684299205,0.021640854616475448
1991-05-22,343.5946081036824,0.02266122981746489
1991-05-23,348.40215697864966,0.013991921763558438
1991-05-24,354.87605627624635,0.018581685468707986
1991-05-28,364.27436410694906,0.026483352890358965
1991-05-29,368.323134940095,0.011114619177420888
1991-05-30,377.4051351266122,0.024657696802005923
1991-05-31,383.8887070075815,0.017179341978996017
1991-06-03,385.87706715657055,0.005179522378994495
1991-06-04,386.1309009092236,0.000657809894025253
1991-06-05,381.36072155969356,-0.012353788153959436
1991-06-06,376.155141381898,-0.013650016594540017
1991-06-07,366.1963345322214,-0.026475264469576286
1991-06-10,360.01639276107335,-0.016876033942399463
1991-06-11,361.6109334078979,0.004429077894469191
1991-06-12,349.3606232372961,-0.033877045849118076
1991-06-13,349.4725070717265,0.00032025313383522654
1991-06-14,357.78149068555086,0.02377578620832387
1991-06-17,355.90901300073165,-0.005233578968077297
1991-06-18,349.93052317182133,-0.016797803962604337
1991-06-19,336.54600370738893,-0.03824907682563155
1991-06-20,337.5504320112067,0.002984520073787794
1991-06-21,337.34788457624376,-0.0006000508835261341
1991-06-24,315.05480364627226,-0.0660833577123946
1991-06-25,311.143976916886,-0.012413163310397114
1991-06-26,310.6386624708397,-0.0016240534399973943
1991-06-27,316.7921984851383,0.01980930501487789
1991-06-28,316.08087980892793,-0.002245379398898636
1991-07-01,326.60243202502136,0.033287531414281576
1991-07-02,321.3771028788066,-0.015999051549666438
1991-07-03,312.3221042229425,-0.02817561853272031
1991-07-05,311.6453378407006,-0.0021668859587307115
1991-07-08,322.1990669779137,0.033864550037349256
1991-07-09,330.4503557245339,0.02560928814603261
1991-07-10,337.6101782658007,0.021666862865280936
1991-07-11,340.0274767796694,0.007160028546193897
1991-07-12,349.01458157900976,0.02643052521653649
1991-07-15,356.1694389767357,0.020500167544163884
1991-07-16,350.5102937153953,-0.015888913090351064
1991-07-17,350.04636099566625,-0.0013235922825870178
1991-07-18,357.1596022706754,0.02032085479985094
1991-07-19,358.69517300252966,0.004299396466150486
1991-07-22,352.9114279333939,-0.01612440173287466
1991-07-23,341.40867547287775,-0.03259387922877664
1991-07-24,336.665686372644,-0.013892409423001096
1991-07-25,342.51468021985306,0.017373299638071705
1991-07-26,347.4869954012397,0.014517086328081059
1991-07-29,348.6441226004569,0.003329987062914758
1991-07-30,358.99478057769625,0.029688319137681603
1991-07-31,367.061015597687,0.022468947896709147
1991-08-01,371.60485218069886,0.012378968045988545
1991-08-02,374.88067457886945,0.008815338063932606
1991-08-05,367.81683579145846,-0.018842899264802898
1991-08-06,373.4185807843163,0.0152297134001606
1991-08-07,378.34428498095247,0.013190838512348235
1991-08-08,382.57424114701365,0.011180177245902142
1991-08-09,380.0530241282774,-0.006590137932907572
1991-08-12,383.58199173850306,0.009285461201946916
1991-08-13,393.4219300088935,0.02565276390008045
1991-08-14,400.8574051726229,0.01889949338503148
1991-08-15,396.09613658807814,-0.011877711433307242
1991-08-16,388.6312509118292,-0.018846146141566728
1991-08-19,354.62461541611543,-0.08750360506502108
1991-08-20,363.9710643461813,0.026355894440939467
1991-08-21,398.51205596778277,0.09490037809365173
1991-08-22,399.1822410901187,0.001681718563591218
1991-08-23,405.46765082630503,0.015745714836966955
1991-08-26,405.93541090415937,0.0011536310650210652
1991-08-27,406.70643504224813,0.0018993763967805406
1991-08-28,417.22991000421575,0.025874867116067294
1991-08-29,417.3719512917662,0.0003404388902728764
1991-08-30,415.58726110893906,-0.004276018494543162
1991-09-03,403.89253575714923,-0.028140240200298847
1991-09-04,396.8448314216602,-0.01744945427693323
1991-09-05,394.47802289019404,-0.005964065408102431
1991-09-06,394.4103485664045,-0.00017155410406319006
1991-09-09,396.7251641610276,0.005869053900428787
1991-09-10,381.0352393394162,-0.0395485999855633
1991-09-11,388.7282458125815,0.020189750655352348
1991-09-12,403.0701830418879,0.03689450762531178
1991-09-13,392.72163996004144,-0.025674295736162145
1991-09-16,390.10261440370715,-0.006668910724147455
1991-09-17,388.85563372783434,-0.003196545293035025
1991-09-18,396.42013340365855,0.019453234104661793
1991-09-19,405.7780693505203,0.023606106648808682
1991-09-20,416.2122965578369,0.02571412305257753
1991-09-23,410.00443308251516,-0.014915137122718617
1991-09-24,414.0830952988888,0.009947849065214348
1991-09-25,417.17346244365706,0.0074631569843187934
1991-09-26,414.9911053425964,-0.005231294167843619
1991-09-27,409.0837158185109,-0.014234978649021096
1991-09-30,414.41780573319085,0.013039115732111832
1991-10-01,418.16889261820256,0.009051461672539068
1991-10-02,412.89829184491794,-0.012604000121302224
1991-10-03,399.1063768105487,-0.033402693367279364
1991-10-04,398.76171547828284,-0.0008635826243124298
1991-10-07,388.8321852407219,-0.0249009116275148
1991-10-08,391.11567880750084,0.00587269689458769
1991-10-09,383.22247296711123,-0.020181256513305004
1991-10-10,387.9004370152815,0.012206914724888282
1991-10-11,394.825976134358,0.017853909040075753
1991-10-14,409.63812720614726,0.03751564478307981
1991-10-15,429.2989137025217,0.04799549941912581
1991-10-16,445.66949582578593,0.03813329500900638
1991-10-17,434.02462011408875,-0.026128949413780876
1991-10-18,440.31066333315704,0.014483148945366127
1991-10-21,435.2521347067607,-0.011488544447466225
1991-10-22,435.589921901964,0.0007760724606916728
1991-10-23,430.6972421117849,-0.0112323071406604
1991-10-24,415.0981833183295,-0.03621815342250718
1991-10-25,406.47717679332686,-0.0207685961332945
1991-10-28,416.1360180200834,0.023762321178656454
1991-10-29,428.0668487594245,0.028670507292558687
1991-10-30,444.33010738399054,0.03799233384154462
1991-10-31,448.3158128495413,0.008970144942499588
1991-11-01,443.13508738940857,-0.01155597306997394
1991-11-04,434.4002029943962,-0.01971156120015501
1991-11-05,437.5008877080744,0.0071378528193695055
1991-11-06,439.00812530547176,0.0034451075180516994
1991-11-07,453.0667862501398,0.03202369189610264
1991-11-08,459.94222901720406,0.015175340536369274
1991-11-11,466.24663025861673,0.013706941532383008
1991-11-12,478.7628119893055,0.026844551613694728
1991-11-13,479.91941599382756,0.002415818387640122
1991-11-14,476.36625843812755,-0.007403654524670664
1991-11-15,415.5735089073067,-0.12761766488278029
1991-11-18,423.38316813078035,0.018792485700082562
1991-11-19,396.53997364593687,-0.06340165718763709
1991-11-20,402.4712312855536,0.014957527699118317
1991-11-21,412.04052458967277,0.023776341164940963
1991-11-22,402.9255212849058,-0.022121618532167514
1991-11-25,394.4281534831615,-0.021089177410869103
1991-11-26,392.8666383743957,-0.003958934206334438
1991-11-27,394.0177134125394,0.0029299383701977223
1991-11-29,396.3692110072459,0.0059679996981364895
1991-12-02,412.0069598553628,0.039452481206546215
1991-12-03,417.56969317826906,0.013501551830238594
1991-12-04,422.0304960712253,0.010682774554358836
1991-12-05,418.9769921964056,-0.007235268311757974
1991-12-06,424.2236330635142,0.0125225035379726
1991-12-09,421.67703686027767,-0.006002956942418374
1991-12-10,418.9336663990816,-0.006505856903242174
1991-12-11,412.74438798535107,-0.014773886441092324
1991-12-12,422.8510056351658,0.024486384173861578
1991-12-13,434.3030052843502,0.02708282467481021
1991-12-16,440.8207186020428,0.015007294995403627
1991-12-17,430.9177298032787,-0.022464889649853763
1991-12-18,431.1541403517138,0.0005486210756355512
1991-12-19,418.332335222175,-0.029738332372453657
1991-12-20,421.1241479171649,0.006673671767465005
1991-12-23,440.02897664437637,0.04489134337394982
1991-12-24,453.6652040281752,0.03098938503502087
1991-12-26,477.578182964755,0.0527106304919403
1991-12-27,493.88875519710297,0.03415267450261991
1991-12-30,530.321122213132,0.0737663423851175
1991-12-31,548.2837968017279,0.033871316521646835
1992-01-02,548.4019326498155,0.00021546478078823513
1992-01-03,565.7306107253119,0.0315984992827545
1992-01-06,580.5653525681718,0.02622227180502135
1992-01-07,593.2851535231937,0.021909335269070095
1992-01-08,616.9451185854255,0.039879583909572525
1992-01-09,645.6211880241422,0.04648074613908486
1992-01-10,632.7327356043647,-0.019962870889075363
1992-01-13,638.4593792749471,0.00905065179710128
1992-01-14,663.5657279861258,0.03932332976248271
1992-01-15,679.6167673157046,0.024189072238996502
1992-01-16,668.2891549353805,-0.016667647010925064
1992-01-17,666.6445043328806,-0.0024609865211098173
1992-01-20,642.5763323649063,-0.03610345815729715
1992-01-21,597.3404256070125,-0.07039771693957306
1992-01-22,644.109662451132,0.07829578384317933
1992-01-23,650.8206867624882,0.010419071010078801
1992-01-24,656.4491501978777,0.008648255271952498
1992-01-27,644.6157829675569,-0.018026327289408006
1992-01-28,645.44295820809,0.0012832066207331735
1992-01-29,629.8461511860335,-0.024164501020132095
1992-01-30,645.2853824352529,0.024512702380012193
1992-01-31,641.5954551449585,-0.005718287428686202
1992-02-03,651.3618795126511,0.015222090944341278
1992-02-04,675.0126641280683,0.03630974633196647
1992-02-05,694.0924091862397,0.028265758662198215
1992-02-06,696.298997671528,0.0031790990019257208
1992-02-07,687.3067507027208,-0.012914347139487354
1992-02-10,684.4010930262874,-0.00422759950118724
1992-02-11,681.8597496805475,-0.003713236830909548
1992-02-12,719.0822003204092,0.05458959948479234
1992-02-13,699.5297189694294,-0.027190884911721717
1992-02-14,690.6799618873466,-0.012651009445489346
1992-02-18,657.7322792222596,-0.04770325546299968
1992-02-19,645.0547908724183,-0.01927454186197469
1992-02-20,675.5106560138629,0.04721438484357893
1992-02-21,667.4817870716425,-0.01188562885091716
1992-02-24,651.9196018295553,-0.023314771344340634
1992-02-25,640.7954690241759,-0.017063657503410747
1992-02-26,674.7500228729333,0.05298813036313209
1992-02-27,679.6319618322195,0.007235181613629383
1992-02-28,678.0081633488315,-0.00238923207644679
1992-03-02,684.1904869782844,0.009118361641719934
1992-03-03,680.1693105531841,-0.0058772761411223
1992-03-04,667.3491094071594,-0.01884854395385471
1992-03-05,640.8429515960399,-0.03971857823361183
1992-03-06,622.1594766505456,-0.029154529825072738
1992-03-09,621.5457493229517,-0.0009864469651703997
1992-03-10,644.6056611291397,0.03710090822969518
1992-03-11,624.9266933742149,-0.03052869210061484
1992-03-12,621.1469226485506,-0.00604834257480005
1992-03-13,629.2425162244185,0.013033299016194927
1992-03-16,626.9451887796977,-0.003650941227724503
1992-03-17,643.0943809427823,0.025758539106931877
1992-03-18,648.1880037572652,0.007920490312814634
1992-03-19,651.2855065756819,0.004778710498284251
1992-03-20,645.9648998024514,-0.00816939225502664
1992-03-23,638.131385632705,-0.012126841833267009
1992-03-24,628.3585061048477,-0.015314839150510627
1992-03-25,630.7220560015542,0.0037614671779618012
1992-03-26,618.1856562042458,-0.01987626669785819
1992-03-27,585.7771483804062,-0.05242520187678376
1992-03-30,578.0139159910418,-0.013252876816428618
1992-03-31,582.8420756301492,0.008353016260567366
1992-04-01,577.9081372880576,-0.008465309126416817
1992-04-02,554.0265321373649,-0.04132422371271936
1992-04-03,543.2972451133727,-0.019366016610432007
1992-04-06,560.4536938668265,0.031578383486692646
1992-04-07,518.9944456962997,-0.07397444003710717
1992-04-08,497.7045368827998,-0.041021457917409354
1992-04-09,531.6631406535047,0.06823044849740138
1992-04-10,524.7774841746257,-0.012951163908815068
1992-04-13,535.1282408114806,0.019724086777721993
1992-04-14,553.2440260974355,0.03385316622139702
1992-04-15,567.7445383807219,0.026209975344103683
1992-04-16,544.3445471613223,-0.04121570466558653
1992-04-20,503.77347571933393,-0.07453196996931565
1992-04-21,498.08466626946637,-0.011292395737478178
1992-04-22,506.28916779068777,0.016472102188310876
1992-04-23,500.50322542159614,-0.011428137786040241
1992-04-24,492.20755245643693,-0.016574664345412323
1992-04-27,476.69755470265403,-0.031511092579498065
1992-04-28,459.96785124012695,-0.035095005832288105
1992-04-29,483.57987010985363,0.051334063470014187
1992-04-30,505.76993977194206,0.04588708305217002
1992-05-01,504.29449039147636,-0.0029172342293236806
1992-05-04,518.2471166543734,0.027667615904480445
1992-05-05,530.2554891960837,0.023171132372587507
1992-05-06,533.682577963232,0.00646308965578872
1992-05-07,527.6432402631038,-0.011316347862013746
1992-05-08,523.806833120908,-0.007270835385445132
1992-05-11,527.2970873522046,0.006663246850945523
1992-05-12,518.6941327900068,-0.01631519454316936
1992-05-13,514.4228142687671,-0.008234753877520828
1992-05-14,498.67462800402103,-0.030613312294734584
1992-05-15,493.34766628557196,-0.010682239318592596
1992-05-18,498.5841151878693,0.01061411507572879
1992-05-19,502.4688978219276,0.007791629367482905
1992-05-20,508.2510749269853,0.011507532366922377
1992-05-21,505.0644139117125,-0.006269855928451523
1992-05-22,508.1446923492337,0.006098783348572381
1992-05-26,495.689899129181,-0.024510328273768207
1992-05-27,500.02311638578124,0.008741790510988291
1992-05-28,508.12257415473033,0.016198166651759594
1992-05-29,520.7200660202521,0.024792230273331026
1992-06-01,528.7030784188194,0.015330717826143153
1992-06-02,530.8243909543049,0.004012294654742366
1992-06-03,532.7890290022807,0.0037011073369174574
1992-06-04,528.201559581697,-0.008610292575232626
1992-06-05,520.516145862449,-0.014550153402300486
1992-06-08,511.20991151168073,-0.01787885817710543
1992-06-09,489.5158907241536,-0.0424366200635204
1992-06-10,478.9905564928579,-0.021501516969603042
1992-06-11,473.8139097937481,-0.010807408682569566
1992-06-12,478.3653797086519,0.00960602848676405
1992-06-15,476.9112678244316,-0.0030397515077407247
1992-06-16,464.43384021950425,-0.026162996026172267
1992-06-17,437.62811518927987,-0.057716993700448777
1992-06-18,427.9181331705082,-0.022187747271611956
1992-06-19,439.6260035124547,0.027360070617248898
1992-06-22,428.80924680877723,-0.024604451550307434
1992-06-23,437.27689961374205,0.019746898808692993
1992-06-24,432.5551977558257,-0.01079796774557986
1992-06-25,424.99677327096134,-0.017473895872893982
1992-06-26,424.10944653149176,-0.002087843473822998
1992-06-29,449.4136163187331,0.05966424467596097
1992-06-30,460.9418604879083,0.02565174652162555
1992-07-01,474.1122605948173,0.028572801118492676
1992-07-02,459.9577994027926,-0.029854661793109125
1992-07-06,459.30024843651984,-0.0014295897735107747
1992-07-07,445.1532440385859,-0.03080121216152394
1992-07-08,445.48415582500724,0.0007433660000300465
1992-07-09,462.64160436676855,0.03851416109286062
1992-07-10,470.08277804146087,0.016084099666905903
1992-07-13,475.9272766210774,0.012432913632715668
1992-07-14,488.3657623948801,0.026135265585346935
1992-07-15,488.97048956909157,0.0012382669318299335
1992-07-16,490.74823671063353,0.003635694135874445
1992-07-17,476.202816453168,-0.029639271564091494
1992-07-20,460.40933573471887,-0.03316545004097503
1992-07-21,471.0029203431096,0.023009056911249468
1992-07-22,459.14401255849896,-0.025177992051454514
1992-07-23,462.4121181307582,0.007117822475890188
1992-07-24,463.26573461875995,0.0018460080403005221
1992-07-27,460.93976733924353,-0.005020805783165749
1992-07-28,477.78108903728247,0.03653692497667281
1992-07-29,492.418581400467,0.03063639959605503
1992-07-30,495.7116568027685,0.006687553083264614
1992-07-31,500.86904564629697,0.010404009614767763
1992-08-03,504.6502090942737,0.007549205687282303
1992-08-04,501.88711275170886,-0.005475270380892032
1992-08-05,490.3021851147089,-0.023082735823765178
1992-08-06,482.97750040121076,-0.014939123128289671
1992-08-07,482.2138534660429,-0.0015811232087073852
1992-08-10,480.530643444894,-0.0034905882712625348
1992-08-11,476.600567214149,-0.008178617293936711
1992-08-12,474.66839102187345,-0.004054078667110249
1992-08-13,474.9617291473566,0.0006179853789119236
1992-08-14,480.37086478149826,0.011388571546284414
1992-08-17,478.4160489592266,-0.0040693888109988
1992-08-18,474.3483268306435,-0.008502478412737715
1992-08-19,466.166052594492,-0.01724950584483213
1992-08-20,466.7271161745805,0.0012035702234553993
1992-08-21,456.4147770534235,-0.022095007476059407
1992-08-24,436.0682943681739,-0.044578930631047516
1992-08-25,433.2610424142208,-0.006437642888072227
1992-08-26,443.95125581086046,0.024673839441163702
1992-08-27,454.552853077465,0.023880092978318244
1992-08-28,455.2014058078553,0.0014267927832800295
1992-08-31,453.97439607516117,-0.0026955315098742653
1992-09-01,459.943078489613,0.013147619042073988
1992-09-02,473.64793152552426,0.02979684590735871
1992-09-03,482.6215220844435,0.0189456977675742
1992-09-04,478.93797542671064,-0.0076323713079010595
1992-09-08,473.02465478144137,-0.012346735796009475
1992-09-09,482.2113052777996,0.01942108176285849
1992-09-10,498.1334473244519,0.0330190144287048
1992-09-11,502.62555571386935,0.00901788148044514
1992-09-14,531.4152769798573,0.05727866587503374
1992-09-15,514.315857193682,-0.032177132511799086
1992-09-16,509.0846613038331,-0.01017117364102355
1992-09-17,514.0556905504928,0.009764641570477336
1992-09-18,517.4057526870067,0.0065169245241236354
1992-09-21,515.8001687028823,-0.003103142892761233
1992-09-22,501.06938374566465,-0.028559092941481855
1992-09-23,500.90724196881666,-0.00032359146678645435
1992-09-24,508.50415545723257,0.015166307954654934
1992-09-25,485.7150679573776,-0.044815931699444395
1992-09-28,480.8478929173729,-0.010020638355884329
1992-09-29,486.53296039117475,0.011823005897581678
1992-09-30,500.72724221400705,0.029174347841552213
1992-10-01,487.9455622188019,-0.02552623248275825
1992-10-02,470.92943511056484,-0.03487300310891407
1992-10-05,454.8959823138607,-0.03404640186260551
1992-10-06,467.7357343855246,0.02822568800531854
1992-10-07,464.360472232948,-0.007216173374075825
1992-10-08,475.75979677848414,0.024548438610032412
1992-10-09,467.34721831086176,-0.017682407224373628
1992-10-12,475.34094906060346,0.017104479146433253
1992-10-13,481.74611107075907,0.013474879500312079
1992-10-14,481.1378014524304,-0.0012627182749365994
1992-10-15,487.1431685573733,0.012481594850403196
1992-10-16,497.112546772412,0.020464986185810625
1992-10-19,517.568535922776,0.04114961346917925
1992-10-20,522.8438873845141,0.010192565999655734
1992-10-21,534.5588754662571,0.022406282954451864
1992-10-22,534.4153595244683,-0.0002684754633688987
1992-10-23,534.8357206383653,0.0007865812731710802
1992-10-26,538.9985267985726,0.007783336077924454
1992-10-27,533.616345402221,-0.009985521534389887
1992-10-28,545.460316122425,0.022195667022299304
1992-10-29,557.4501038078515,0.02198104487354782
1992-10-30,555.5901506780235,-0.003336537417650339
1992-11-02,562.0039970863428,0.011544204663261311
1992-11-03,553.640539947818,-0.014881490490965085
1992-11-04,556.1577417111183,0.004546635554429672
1992-11-05,579.6788038574618,0.042292070005133395
1992-11-06,587.3700509181978,0.01326811849864887
1992-11-09,602.10342964561,0.02508363969933526
1992-11-10,618.6132379681802,0.027420219699275838
1992-11-11,639.707416518611,0.034099138614805825
1992-11-12,637.9696435417763,-0.002716512161593914
1992-11-13,646.312010905857,0.01307643310074579
1992-11-16,636.4979451500956,-0.015184718201362704
1992-11-17,615.5212907978038,-0.03295635832311317
1992-11-18,638.3884034426992,0.03715080694488471
1992-11-19,649.5050850410695,0.017413664688174613
1992-11-20,661.7256327868085,0.018815168698742817
1992-11-23,649.876133829638,-0.017906966830447985
1992-11-24,671.4675679626479,0.033223922235417924
1992-11-25,678.8418548480896,0.01098234261383116
1992-11-27,682.325751164452,0.005132117725920142
1992-11-30,692.2961063541647,0.014612309696208086
1992-12-01,696.0964376871209,0.005489459348500192
1992-12-02,692.6933847274747,-0.004888766520560363
1992-12-03,703.5924639787094,0.015734348690976202
1992-12-04,720.3608395591192,0.023832511629796695
1992-12-07,736.2099439552933,0.02200161853033854
1992-12-08,738.0782863781626,0.002537784823757866
1992-12-09,727.3702656293515,-0.014507974216876994
1992-12-10,710.8839407494293,-0.02266565689987013
1992-12-11,700.6374988197514,-0.01441366352836133
1992-12-14,696.9925079207915,-0.005202391971740004
1992-12-15,684.1997091063499,-0.018354284542604266
1992-12-16,680.5864280629265,-0.005281032709211124
1992-12-17,708.2585945562925,0.040659298146931915
1992-12-18,717.3072795537907,0.012775962151461208
1992-12-21,720.8611991135102,0.004954528778698896
1992-12-22,715.4878625638382,-0.007454051565377552
1992-12-23,722.2895443267929,0.00950635520018736
1992-12-24,731.748436794528,0.013095707312987892
1992-12-28,732.6235558022872,0.0011959287697187798
1992-12-29,741.6421574826367,0.01231000779175505
1992-12-30,750.9998096674565,0.012617476083860454
1992-12-31,768.0138461554925,0.02265518082563814
1993-01-04,750.1596049274478,-0.023247290810470552
1993-01-05,758.5917512559873,0.011240469725579143
1993-01-06,783.8591179803077,0.03330825398837459
1993-01-07,771.2253122269723,-0.016117444402366187
1993-01-08,767.7350545995415,-0.004525600459549745
1993-01-11,785.1509829013353,0.02268481580651288
1993-01-12,774.888176293058,-0.013071124957843893
1993-01-13,799.8877895859093,0.032262220611553954
1993-01-14,830.9732296214763,0.03886225098105266
1993-01-15,836.0841332510219,0.006150503346387793
1993-01-18,839.3537193172092,0.00391059456358037
1993-01-19,834.5068815290151,-0.005774487771540194
1993-01-20,836.6850853829243,0.0026101688339802915
1993-01-21,848.58410358056,0.014221621020278937
1993-01-22,851.6215871909108,0.0035794726739921305
1993-01-25,870.7323644314407,0.02244045656894076
1993-01-26,871.4193377438125,0.0007889603515774997
1993-01-27,837.0975390845832,-0.03938608792879405
1993-01-28,825.3893048790053,-0.013986702455703786
1993-01-29,831.2577120223162,0.0071098657428946945
1993-02-01,850.4490993794061,0.023087169092723736
1993-02-02,862.5414136482138,0.014218739578455436
1993-02-03,875.4809324600691,0.015001620336264341
1993-02-04,876.0585738956163,0.0006597989906234532
1993-02-05,846.7897533769042,-0.03340966162634637
1993-02-08,837.3251242369287,-0.011177070934351243
1993-02-09,814.833041154336,-0.026861827540515023
1993-02-10,824.673122540943,0.012076193391307688
1993-02-11,827.6501361150019,0.003609931611310741
1993-02-12,808.5120490255221,-0.023123402334365772
1993-02-16,719.8416565284533,-0.1096710835712848
1993-02-17,700.4248991802879,-0.02697365062450774
1993-02-18,709.9765561038581,0.013636946565932532
1993-02-19,713.633670106765,0.005151034877793683
1993-02-22,677.3143431654064,-0.050893516467524394
1993-02-23,674.5666823314725,-0.004056699613199897
1993-02-24,708.3523891159825,0.050085051143851596
1993-02-25,723.0680844405666,0.020774540399234296
1993-02-26,735.0259971896569,0.01653774105980919
1993-03-01,730.6585535812794,-0.005941889980866357
1993-03-02,757.4634253106218,0.03668590697797199
1993-03-03,778.1745740932594,0.027342770740573046
1993-03-04,767.2061595486309,-0.01409505644335529
1993-03-05,769.2916635244167,0.0027183097396046227
1993-03-08,788.9042809780776,0.02549438448846317
1993-03-09,794.7815113905415,0.007449865026942667
1993-03-10,808.2319725237355,0.01692347008634004
1993-03-11,813.083667471592,0.006002849568926094
1993-03-12,807.7305468953103,-0.0065837266082690565
1993-03-15,815.9825206663276,0.010216245755141266
1993-03-16,816.8146362768788,0.0010197713670038796
1993-03-17,788.2970374776946,-0.03491318290912385
1993-03-18,788.2508834199328,-5.854906915480592e-05
1993-03-19,772.0363059428687,-0.0205703257910921
1993-03-22,751.1055355703556,-0.02711112186226899
1993-03-23,745.7669770989561,-0.00710760102086821
1993-03-24,743.4370258676619,-0.0031242349190061004
1993-03-25,765.3546001754448,0.029481413415215704
1993-03-26,767.0633122553032,0.0022325756968948826
1993-03-29,764.1945137465846,-0.003739976170003269
1993-03-30,782.6049962938123,0.024091356606274896
1993-03-31,795.799369722315,0.01685955685305784
1993-04-01,783.644929776329,-0.015273246509641165
1993-04-02,726.0788359484127,-0.07345940953685112
1993-04-05,728.6528095469931,0.0035450332266169374
1993-04-06,707.1655952452471,-0.02948896102535405
1993-04-07,722.2345561321541,0.021308956471052725
1993-04-08,713.900532087538,-0.011539220844330863
1993-04-12,735.4329650259202,0.030161670947938136
1993-04-13,737.6849910307025,0.003062177128139499
1993-04-14,737.9708778885464,0.00038754598686435455
1993-04-15,726.0036573329671,-0.01621638592273368
1993-04-16,714.4272595548464,-0.015945371157836227
1993-04-19,702.1543229329362,-0.01717870708007036
1993-04-20,698.7149218994922,-0.004898354850366035
1993-04-21,705.198226388542,0.009278897996660158
1993-04-22,703.4376102664198,-0.0024966258510585276
1993-04-23,687.1450265629209,-0.023161377022943467
1993-04-26,647.6725129565433,-0.057444225135147964
1993-04-27,667.6120031947188,0.03078637712623358
1993-04-28,684.8551179953972,0.025828047905317907
1993-04-29,685.6904188274435,0.001219675242394674
1993-04-30,694.8989582347501,0.013429587397551141
1993-05-03,711.3592078297751,0.023687256111073952
1993-05-04,747.9369136728927,0.05141945931185675
1993-05-05,764.734720934339,0.022458855759581627
1993-05-06,753.8446733653846,-0.014240294406469668
1993-05-07,758.4234622167967,0.006073915506985085
1993-05-10,762.7986512859788,0.005768794462652799
1993-05-11,763.5250330750691,0.0009522588796738004
1993-05-12,758.8528456921576,-0.006119232743547992
1993-05-13,738.5708359774452,-0.026727197281856407
1993-05-14,740.8893423042837,0.003139179363574587
1993-05-17,745.8872170778278,0.006745777659589475
1993-05-18,755.1186309418645,0.012376420526688565
1993-05-19,787.1526957962731,0.04242255924006579
1993-05-20,811.0141561218896,0.030313636036625183
1993-05-21,799.9771264009034,-0.01360892363921625
1993-05-24,801.1145411191922,0.0014218090502235738
1993-05-25,802.24353082472,0.0014092737649607004
1993-05-26,833.499186052493,0.03896030821917838
1993-05-27,835.189703841142,0.002028217683877197
1993-05-28,820.6667230816814,-0.017388840753983868
1993-06-01,833.5105695081492,0.01565050228701596
1993-06-02,839.0351492027712,0.006628085949626375
1993-06-03,840.2331711375226,0.0014278566707124388
1993-06-04,825.1206219628467,-0.017986137293551818
1993-06-07,798.7744738929564,-0.03193005648945787
1993-06-08,774.9921476074364,-0.02977351813661871
1993-06-09,779.9838554479285,0.006440978603334887
1993-06-10,775.8641289898532,-0.005281809910936484
1993-06-11,793.1728587217171,0.022308970198685822
1993-06-14,803.9830099293274,0.013628997876997511
1993-06-15,807.1218149936769,0.0039040688989503305
1993-06-16,803.2545396532032,-0.004791439493559027
1993-06-17,802.0995247768869,-0.0014379188903369431
1993-06-18,780.0616468819692,-0.027475241181632425
1993-06-21,776.9379486860607,-0.004004424789238572
1993-06-22,770.1917353965805,-0.008683078617654513
1993-06-23,763.4514982041438,-0.008751375641503157
1993-06-24,776.5177913699422,0.01711476524249938
1993-06-25,797.0374910204707,0.026425279470194102
1993-06-28,824.4275039974614,0.034364773659420034
1993-06-29,818.1146531128063,-0.007657254099414975
1993-06-30,828.1135090482437,0.012221827218707354
1993-07-01,826.7583910143238,-0.0016363916529719867
1993-07-02,829.84655714166,0.0037352703775372564
1993-07-06,821.4855755551185,-0.01007533442729475
1993-07-07,809.3639651037981,-0.01475571916540252
1993-07-08,822.9021140007333,0.016726898503813262
1993-07-09,833.7087000507258,0.013132286168829754
1993-07-12,840.0442483865359,0.007599235003094725
1993-07-13,842.807338284146,0.0032892194701851967
1993-07-14,857.0679808063984,0.01692040621203585
1993-07-15,843.2671153431621,-0.01610241634537702
1993-07-16,811.1965465491112,-0.038031328638968784
1993-07-19,797.38405108815,-0.017027310483162784
1993-07-20,818.170253321469,0.026067993465574195
1993-07-21,811.7221900143032,-0.007881077662001301
1993-07-22,795.7776806285276,-0.019642815709516034
1993-07-23,811.8974915946516,0.02025667640413334
1993-07-26,826.6055666512573,0.01811567988431344
1993-07-27,814.0611188860764,-0.015175856867261145
1993-07-28,829.9688295392864,0.019541174838293766
1993-07-29,835.7065814772646,0.006913213766308756
1993-07-30,826.617044538616,-0.010876469253815371
1993-08-02,836.7799138406509,0.012294531511514334
1993-08-03,841.4833663577105,0.005620895577514103
1993-08-04,858.4166984699104,0.02012319291050813
1993-08-05,864.4984056518549,0.007084795988690279
1993-08-06,873.7618676725982,0.010715418282071338
1993-08-09,874.990661466424,0.00140632572705283
1993-08-10,869.7498709009882,-0.005989538855937652
1993-08-11,875.810417634047,0.00696814904586384
1993-08-12,869.6894165733303,-0.006988956670842273
1993-08-13,873.7481566525698,0.004666884524398909
1993-08-16,904.9749265240007,0.03573886781182376
1993-08-17,920.2705924132355,0.01690175654698561
1993-08-18,934.6035752976422,0.015574748343116401
1993-08-19,917.9102456950492,-0.017861401393929804
1993-08-20,919.6259252811958,0.0018691147573448418
1993-08-23,918.9665585348484,-0.0007169945172496926
1993-08-24,935.0173684615206,0.017466152361695002
1993-08-25,929.2746248422659,-0.00614185769479756
1993-08-26,920.5539209041115,-0.009384420606163282
1993-08-27,930.5792828041072,0.010890575415885983
1993-08-30,942.8822341488254,0.01322074494034084
1993-08-31,963.7308615623144,0.022111592156903687
1993-09-01,976.5151604434355,0.013265424394935763
1993-09-02,986.230906653194,0.009949406423292537
1993-09-03,990.3192814919078,0.004145453981550589
1993-09-07,948.8597660169204,-0.04186479678809144
1993-09-08,915.5748466732404,-0.035078860476297685
1993-09-09,941.7182472505976,0.028554083450795856
1993-09-10,966.8975550216726,0.026737623322673664
1993-09-13,951.0514730449909,-0.016388584182867854
1993-09-14,921.3559665397381,-0.03122386889342213
1993-09-15,947.331517235914,0.028192741610748164
1993-09-16,948.1954252557451,0.0009119384334976009
1993-09-17,949.2905006389961,0.001154904731749287
1993-09-20,949.3842618803641,9.876980893075286e-05
1993-09-21,923.6996174454332,-0.027054002753384123
1993-09-22,968.8609133381699,0.04889175554455032
1993-09-23,994.9606804589616,0.026938610858875594
1993-09-24,1004.3422515733055,0.009429087298219849
1993-09-27,1025.1952034147814,0.02076279456411373
1993-09-28,1040.1051386663794,0.01454350859420245
1993-09-29,1037.9967080490972,-0.0020271321993328094
1993-09-30,1036.2993022264088,-0.0016352709112908291
1993-10-01,1038.027486875182,0.001667650113302386
1993-10-04,1044.2782727542012,0.00602179225314768
1993-10-05,1033.6446674898448,-0.010182731501548015
1993-10-06,1043.7091019215084,0.009736841632535555
1993-10-07,1034.2676496261702,-0.009046057256716524
1993-10-08,1041.4053155569454,0.006901178755185006
1993-10-11,1054.902956488738,0.012960987168165287
1993-10-12,1074.6248286189764,0.01869543734703606
1993-10-13,1101.6846026213404,0.025180670762222346
1993-10-14,1128.8959813089934,0.02469979032375184
1993-10-15,1137.447737479534,0.007575326967347795
1993-10-18,1117.5546031714432,-0.017489273267334276
1993-10-19,1056.6315874359211,-0.05451457634609736
1993-10-20,1054.6267271158574,-0.0018974071416213208
1993-10-21,1066.9973869702371,0.011729894128712632
1993-10-22,1072.6986756288018,0.005343301425276946
1993-10-25,1060.1668031930203,-0.011682565403033971
1993-10-26,1042.3327769132252,-0.016821905973741558
1993-10-27,1068.4527493944643,0.02505914911223569
1993-10-28,1075.0293512615622,0.0061552575636358246
1993-10-29,1098.9776674721118,0.022276895214484994
1993-11-01,1117.7218863292012,0.017056050738688128
1993-11-02,1125.6935608336637,0.007132073373496263
1993-11-03,1070.9458644344181,-0.04863463584059302
1993-11-04,1005.6194980090103,-0.06099875688852638
1993-11-05,1028.3445575047888,0.02259806968815842
1993-11-08,1041.0488712158153,0.012354141049623374
1993-11-09,1055.7387182572047,0.014110621938654446
1993-11-10,1083.0308870606705,0.0258512530908396
1993-11-11,1093.2972221821099,0.00947926346708543
1993-11-12,1094.6170646104852,0.001207212825201466
1993-11-15,1065.3330940533513,-0.026752707868257484
1993-11-16,1062.0797381571756,-0.0030538391366377927
1993-11-17,1023.4484640991807,-0.036373233261209274
1993-11-18,991.0439520969618,-0.03166208474477588
1993-11-19,979.9856713343704,-0.011158214264052634
1993-11-22,927.1496755846059,-0.05391506967425543
1993-11-23,959.8009109807567,0.035216789970360346
1993-11-24,984.2241327271445,0.025446133116743357
1993-11-26,990.6482375112422,0.006527075053826787
1993-11-29,977.2342242450144,-0.013540642135423643
1993-11-30,988.2520008709856,0.011274448185114786
1993-12-01,1025.1716508785462,0.037358538080390295
1993-12-02,1036.8243966945959,0.011366628999215289
1993-12-03,1058.9902947146716,0.02137864241113617
1993-12-06,1054.0167298168135,-0.004696516032942543
1993-12-07,1046.7737064894893,-0.006871829566294465
1993-12-08,1040.7073290434498,-0.005795309347599208
1993-12-09,1014.5795670571886,-0.02510577302292682
1993-12-10,1011.4780731464535,-0.0030569252638617474
1993-12-13,1007.099410274206,-0.004328974585308177
1993-12-14,974.1874180640232,-0.03267998359886014
1993-12-15,979.9215545919699,0.00588607122368924
1993-12-16,989.8162319059807,0.010097417765374924
1993-12-17,1004.2571376226254,0.014589481614013676
1993-12-20,1007.5999949993467,0.0033286866993395975
1993-12-21,989.5228689186797,-0.017940776270725156
1993-12-22,991.1503321573713,0.0016446949229883647
1993-12-23,1001.392235344865,0.010333349901826496
1993-12-27,1010.3276427965653,0.008922984557218062
1993-12-28,1024.1634283453639,0.013694355140577184
1993-12-29,1039.8118303524052,0.015279204054691605
1993-12-30,1050.2595627863482,0.010047714527735323
1993-12-31,1073.5252365220192,0.022152308400741266
1994-01-03,1047.9845692124304,-0.023791399066066476
1994-01-04,1062.1526844829007,0.013519393020374056
1994-01-05,1077.475032518181,0.014425749008712224
1994-01-06,1087.0842806807593,0.00891830239455335
1994-01-07,1097.459725226418,0.009544287163421457
1994-01-10,1112.631894742798,0.013824807569361846
1994-01-11,1107.465831444623,-0.004643101930283167
1994-01-12,1112.9748653872955,0.004974450485290697
1994-01-13,1116.761706243335,0.003402449573487658
1994-01-14,1135.6961124416157,0.01695474163595179
1994-01-17,1134.5191438092875,-0.0010363411650656145
1994-01-18,1137.9223896366614,0.0029997253426215045
1994-01-19,1121.6161722550476,-0.01432981504724616
1994-01-20,1137.3570655969688,0.014034117669927751
1994-01-21,1142.5720963934543,0.0045852186215137695
1994-01-24,1126.285142621714,-0.01425463988062591
1994-01-25,1107.8756902664002,-0.016345285628523058
1994-01-26,1117.8604659626837,0.009012541554984883
1994-01-27,1135.0038304418351,0.015335871516296803
1994-01-28,1150.4728462361845,0.013629042809774028
1994-01-31,1166.9191502781343,0.014295256159895119
1994-02-01,1152.581497134348,-0.012286757947514122
1994-02-02,1162.4779985474286,0.008586378870115752
1994-02-03,1154.5034464356916,-0.0068599596050003386
1994-02-04,1065.252330216988,-0.0773069292207394
1994-02-07,1072.5667227733481,0.006866347389139507
1994-02-08,1086.8254135023901,0.013293989479902114
1994-02-09,1102.5828432081012,0.014498584142352064
1994-02-10,1089.3037762949027,-0.012043600165735833
1994-02-11,1080.6383888396808,-0.007954977889359616
1994-02-14,1096.894969321132,0.015043497111838331
1994-02-15,1116.2612411380805,0.017655538915393426
1994-02-16,1126.6545923462104,0.009310859165488301
1994-02-17,1116.3012342393765,-0.009189469582929908
1994-02-18,1110.2081855130098,-0.005458247773521847
1994-02-22,1119.1136434323053,0.0080214306068916
1994-02-23,1110.2536826499002,-0.007916944659196332
1994-02-24,1069.236131613265,-0.0369443053219483
1994-02-25,1086.9030460755464,0.016522930660438723
1994-02-28,1122.5889025738384,0.03283260326405554
1994-03-01,1105.9820438991085,-0.014793357244717219
1994-03-02,1084.0303596993074,-0.019848137970134662
1994-03-03,1088.4412276560424,0.004068952421183578
1994-03-04,1113.0902094133667,0.022646130200714338
1994-03-07,1131.4924947954878,0.016532609151076547
1994-03-08,1118.7775987411317,-0.011237278296445368
1994-03-09,1122.5152375072785,0.0033408237440153495
1994-03-10,1105.496211700646,-0.015161509828967634
1994-03-11,1105.7580301092016,0.00023683338376428734
1994-03-14,1120.2883921791674,0.013140634455560683
1994-03-15,1123.1374545259166,0.002543150823161985
1994-03-16,1146.160242857713,0.020498638202315574
1994-03-17,1166.8675397670486,0.01806666828514841
1994-03-18,1167.0042888267453,0.00011719330175557638
1994-03-21,1137.4965041335674,-0.02528506962287487
1994-03-22,1133.1813417486042,-0.0037935610081281704
1994-03-23,1137.9705006192587,0.004226295204670805
1994-03-24,1091.4039842267123,-0.04092067093760853
1994-03-25,1077.762571993697,-0.012498957700507615
1994-03-28,1031.9856468761102,-0.042474034919311225
1994-03-29,962.8257651681298,-0.06701632131932453
1994-03-30,922.9546046998731,-0.041410566595394625
1994-03-31,917.3974936438982,-0.006021001496365103
1994-04-04,857.3169225635644,-0.0654902280599156
1994-04-05,940.393337561646,0.09690280549888708
1994-04-06,939.3587111656313,-0.0011002060039019797
1994-04-07,955.8928884968701,0.017601558525732832
1994-04-08,931.1883476325751,-0.025844465589803387
1994-04-11,928.4429765206298,-0.0029482447014345034
1994-04-12,895.1757436199492,-0.035831207453742284
1994-04-13,851.9996111807669,-0.0482320178433174
1994-04-14,851.5991055221151,-0.0004700772786700957
1994-04-15,853.7630108578511,0.002540990616012089
1994-04-18,826.840108574289,-0.03153439765036223
1994-04-19,800.5232289145741,-0.03182825722507917
1994-04-20,775.6834939670825,-0.031029374352036804
1994-04-21,819.1469689356769,0.056032486583295515
1994-04-22,832.0593462730365,0.015763199800563964
1994-04-25,860.0727726869799,0.033667582173580735
1994-04-26,871.9563879530712,0.013816988100861844
1994-04-28,862.6617502623332,-0.01065952130078114
1994-04-29,870.1098327216149,0.008633838763590371
1994-05-02,893.9668426298958,0.027418389048263707
1994-05-03,889.0613739494735,-0.005487304949690585
1994-05-04,892.2549828392632,0.003592112966962971
1994-05-05,892.9971006932578,0.000831732933150019
1994-05-06,865.0160263076494,-0.03133389163737036
1994-05-09,829.4895868176537,-0.04107026738179815
1994-05-10,836.3609365170769,0.00828382876484938
1994-05-11,808.5228148466462,-0.033284818138875766
1994-05-12,817.2056482654772,0.010739132229036568
1994-05-13,807.8929543894301,-0.011395777667241215
1994-05-16,790.5161530037411,-0.021508791840896217
1994-05-17,789.0735906442651,-0.001824836031489994
1994-05-18,823.4646450336076,0.043584089997566446
1994-05-19,841.8287040700653,0.02230096841098534
1994-05-20,839.5578787915359,-0.0026974909118095353
1994-05-23,833.0357324103792,-0.007768548834947245
1994-05-24,855.3609244749878,0.026799801252235553
1994-05-25,857.3106583351799,0.0022794282558429436
1994-05-26,855.6444781264955,-0.0019434964356094765
1994-05-27,860.7519877133764,0.005969195989044692
1994-05-31,867.3480125844787,0.007663095717762982
1994-06-01,868.3586645419197,0.0011652208142259016
1994-06-02,882.2975953664483,0.01605204323248344
1994-06-03,892.4459588708384,0.011502200116702308
1994-06-06,895.7471168372961,0.003699000408534086
1994-06-07,880.6561391336031,-0.016847363971403174
1994-06-08,846.5114022744149,-0.03877192849956175
1994-06-09,843.1912389449335,-0.003922172011576853
1994-06-10,861.6748626146509,0.02192103382483617
1994-06-13,852.2284035774798,-0.01096290427749852
1994-06-14,867.0288886051799,0.017366805618741005
1994-06-15,866.3768503290422,-0.0007520375442006317
1994-06-16,863.1467058129758,-0.003728336594911956
1994-06-17,843.1898203191578,-0.023121081687986163
1994-06-20,806.3143885995431,-0.04373325060501422
1994-06-21,772.3160667182284,-0.04216509386663084
1994-06-22,785.0880608647906,0.016537263300546928
1994-06-23,745.6549167782723,-0.05022767005663263
1994-06-24,722.9856528532204,-0.030401816463570416
1994-06-27,750.3845803012292,0.037896917234637485
1994-06-28,748.2301720341615,-0.0028710721457028128
1994-06-29,754.3612463604488,0.008194101969477022
1994-06-30,760.49282371347,0.008128171194641928
1994-07-01,763.2311409526573,0.003600714107749459
1994-07-05,752.1173411100307,-0.01456151255667384
1994-07-06,743.6750246319556,-0.011224733185403292
1994-07-07,761.1400996851164,0.02348482129247834
1994-07-08,764.0077003709529,0.0037675070424258313
1994-07-11,761.5509276261693,-0.003215638721430187
1994-07-12,770.3338211559338,0.011532903724694763
1994-07-13,801.9805941876934,0.041081894839138204
1994-07-14,809.2267166673219,0.00903528406066708
1994-07-15,808.4070496762637,-0.0010129015443704748
1994-07-18,812.2033230703569,0.004695992440458701
1994-07-19,800.9287091980108,-0.0138815165514528
1994-07-20,778.90410168843,-0.02749883635914922
1994-07-21,786.1719117587693,0.009330814993251259
1994-07-22,791.4718241300423,0.006741416593498521
1994-07-25,791.7037919670422,0.00029308413758743644
1994-07-26,787.5181911077589,-0.005286826843261552
1994-07-27,775.7220353347647,-0.014978899416153341
1994-07-28,776.5617112521843,0.0010824443282152392
1994-07-29,808.2384994638257,0.04079107655277459
1994-08-01,816.8306399285118,0.010630699317572623
1994-08-02,816.5134570518609,-0.00038830922977951864
1994-08-03,812.6140004833728,-0.004775740723940437
1994-08-04,800.6427344334473,-0.014731798914127178
1994-08-05,795.4614037957801,-0.006471464006144544
1994-08-08,801.0055869964995,0.006969770216711483
1994-08-09,807.9979492471781,0.008729479998881951
1994-08-10,826.603046960831,0.02302616947355803
1994-08-11,826.453126079437,-0.00018136986301369864
1994-08-12,837.9135255501072,0.013866968505566232
1994-08-15,841.8555638761846,0.004704588487803013
1994-08-16,850.7314958568636,0.010543295502866604
1994-08-17,875.3874537082945,0.02898206775170253
1994-08-18,873.495967873419,-0.0021607413115904734
1994-08-19,874.2555619640893,0.00086960228622431
1994-08-22,873.2852961042637,-0.0011098194876173375
1994-08-23,893.2093290930786,0.022815033160063756
1994-08-24,906.4458260244293,0.014819031217229125
1994-08-25,917.4232846454995,0.012110440917595812
1994-08-26,946.9382332720985,0.032171571313457284
1994-08-29,947.428342792215,0.0005175728499448605
1994-08-30,959.3598953019966,0.012593619982507194
1994-08-31,956.0316717954247,-0.0034692126728147264
1994-09-01,930.8717377710445,-0.026317050749092793
1994-09-02,931.7331873434055,0.0009254224157924391
1994-09-06,931.9776401179946,0.0002623634940880079
1994-09-07,949.4792215887659,0.018778971423129273
1994-09-08,968.0163320392496,0.01952345035994117
1994-09-09,946.8144366382013,-0.021902414968953916
1994-09-12,932.4639456025318,-0.015156603533236142
1994-09-13,953.7166751019746,0.02279201206617164
1994-09-14,963.9298128371609,0.010708775469501244
1994-09-15,1001.5667281098785,0.03904528604830655
1994-09-16,998.4909673700489,-0.0030709493970850522
1994-09-19,993.3653843099771,-0.00513332942166932
1994-09-20,954.8942511293666,-0.03872807910186432
1994-09-21,932.1918644440605,-0.02377476527736526
1994-09-22,931.030199947541,-0.0012461645942515494
1994-09-23,919.9158207600185,-0.011937721448937708
1994-09-26,912.7478209823335,-0.00779201706930424
1994-09-27,911.6400909704726,-0.001213621097083247
1994-09-28,928.2745007828954,0.018246685262289078
1994-09-29,925.6511302947982,-0.002826071906407703
1994-09-30,943.5857015315431,0.019375087060103473
1994-10-03,930.4424196171574,-0.013929081262097012
1994-10-04,880.4547397179689,-0.05372463555537009
1994-10-05,876.6898175813352,-0.004276110930857864
1994-10-06,869.1651519179007,-0.008583042157594492
1994-10-07,889.2244571985577,0.023078819067232536
1994-10-10,913.1066712944742,0.026857351822233807
1994-10-11,944.6484162415345,0.03454332986347025
1994-10-12,949.7705814523594,0.00542229799230959
1994-10-13,952.9045634815174,0.0032997253129966784
1994-10-14,949.7162538110806,-0.0033458856139673985
1994-10-17,944.3709420241539,-0.00562832505548554
1994-10-18,940.6110076203537,-0.003981416873904662
1994-10-19,961.8769095201601,0.02260860411745227
1994-10-20,952.7904077183296,-0.009446636790941841
1994-10-21,941.9764702694924,-0.011349754742738836
1994-10-24,926.0674939352269,-0.016888931768873176
1994-10-25,915.1328626087229,-0.011807596528454424
1994-10-26,932.9977517649428,0.019521634383550878
1994-10-27,948.3410091571986,0.01644511721837624
1994-10-28,980.3459014277704,0.03374829514017841
1994-10-31,984.890100360318,0.004635301607248405
1994-11-01,964.5700510292711,-0.02063179366267654
1994-11-02,963.0085665291559,-0.0016188399157209517
1994-11-03,963.8819833230617,0.0009069667957926528
1994-11-04,941.1612392752203,-0.02357212235621399
1994-11-07,926.7543375902579,-0.015307580766986333
1994-11-08,945.6608748863931,0.020400807991140198
1994-11-09,944.4174620206969,-0.0013148612771418107
1994-11-10,933.648018253714,-0.011403266246200422
1994-11-11,925.1972865237395,-0.009051303665572597
1994-11-14,946.618329331269,0.02315294599275698
1994-11-15,949.700048732564,0.0032555036235902878
1994-11-16,951.8248058617792,0.002237292850569841
1994-11-17,937.5536303292369,-0.01499348981519896
1994-11-18,933.0865879716665,-0.004764572620770172
1994-11-21,907.2099429315556,-0.027732308419909115
1994-11-22,847.6734000262256,-0.06562598147121694
1994-11-23,832.0462815133657,-0.01843530599447438
1994-11-25,851.4641993239659,0.023337545328947232
1994-11-28,862.0438446813664,0.012425238037958997
1994-11-29,881.8280324564356,0.02295032659549005
1994-11-30,877.5844717071966,-0.004812231629128438
1994-12-01,845.4246764051503,-0.036645811701162774
1994-12-02,858.3428027103312,0.015280044060353555
1994-12-05,860.260631777307,0.0022343393116597762
1994-12-06,844.6000498392492,-0.018204461949749902
1994-12-07,820.65499317028,-0.028350763978200764
1994-12-08,769.7090744804489,-0.06207958169244966
1994-12-09,769.3446992481895,-0.00047339344739481733
1994-12-12,769.1507800882131,-0.00025205757596808267
1994-12-13,770.1985044888827,0.0013621833687139874
1994-12-14,789.9054832398155,0.025586882649182234
1994-12-15,806.1226566998962,0.020530523973027442
1994-12-16,800.6477531964073,-0.006791650697304632
1994-12-19,796.3245672354249,-0.005399610432581757
1994-12-20,798.2150109400119,0.0023739612996619987
1994-12-21,826.3716948230491,0.03527456073505639
1994-12-22,833.6882195913486,0.008853794018036988
1994-12-23,843.1780912254497,0.01138299835729099
1994-12-27,856.1991953260776,0.01544288713871037
1994-12-28,843.2041888348205,-0.01517755046044874
1994-12-29,867.1392359484763,0.02838582567613967
1994-12-30,875.4158416280497,0.00954472515653214
1995-01-03,845.3218997377495,-0.03437673898422167
1995-01-04,852.7838651802577,0.008827365580879138
1995-01-05,851.9185447047232,-0.0010147008062255437
1995-01-06,865.4837621626979,0.015923139063343698
1995-01-09,873.0410926747269,0.008731914846264219
1995-01-10,888.2146102112002,0.017380072557623243
1995-01-11,885.2090736186765,-0.0033837954903815897
1995-01-12,887.6574927266091,0.0027659218380169884
1995-01-13,907.2878918516038,0.02211483515414956
1995-01-16,927.9241853285903,0.022745033480907183
1995-01-17,942.077768211519,0.015252951810838567
1995-01-18,942.6823828460672,0.0006417884541486371
1995-01-19,928.384924471719,-0.01516678218933347
1995-01-20,904.5596525953131,-0.025663139553847625
1995-01-23,894.7258239915199,-0.01087139866959422
1995-01-24,907.5065365471329,0.014284501701980746
1995-01-25,899.3234593329778,-0.009017100025846578
1995-01-26,886.9368080207817,-0.013773299454884888
1995-01-27,891.4206516577567,0.005055426267606182
1995-01-30,865.694641028156,-0.02885956319472582
1995-01-31,877.0841559730117,0.013156503927676758
1995-02-01,887.6649995212185,0.012063658288831734
1995-02-02,906.1245951699337,0.020795678165379812
1995-02-03,935.8343628192096,0.032787728980807694
1995-02-06,959.7092801804527,0.025511905001350546
1995-02-07,959.8739039196479,0.00017153500814778727
1995-02-08,977.3390634527963,0.018195264463206507
1995-02-09,983.3022942771747,0.006101496448234935
1995-02-10,1001.757595915708,0.018768695797765515
1995-02-13,997.0439143820065,-0.00470541132198025
1995-02-14,1001.3009181740287,0.004269625169580197
1995-02-15,1020.0449829597347,0.01871971197218895
1995-02-16,1010.8253372826624,-0.009038469705836813
1995-02-17,986.2964676904094,-0.024266180009092857
1995-02-21,976.3140133635176,-0.010121149830605802
1995-02-22,988.3862562014666,0.012365122975505252
1995-02-23,1000.9691805922145,0.012730776365816793
1995-02-24,999.6536545912651,-0.0013142522531722888
1995-02-27,973.837315767292,-0.02582528329227062
1995-02-28,1007.9271553393359,0.035005682181303927
1995-03-01,1000.5483390250047,-0.007320783327686962
1995-03-02,1007.1184409166689,0.006566501222785947
1995-03-03,1026.2782692876729,0.01902440427321047
1995-03-06,1021.4518376880726,-0.00470284887056049
1995-03-07,996.4179007174571,-0.024508191230314554
1995-03-08,1013.0514832441863,0.01669337987078766
1995-03-09,1014.3991507009232,0.001330305003276819
1995-03-10,1036.9596011162755,0.022240210275968352
1995-03-13,1036.4043208998573,-0.0005354887652520748
1995-03-14,1059.0837381407448,0.02188278916204825
1995-03-15,1055.3951548544642,-0.00348280608363993
1995-03-16,1062.7746161296843,0.006992131090688535
1995-03-17,1058.4868772680916,-0.004034476168811286
1995-03-20,1066.0492082986316,0.007144473108687182
1995-03-21,1062.9377040797751,-0.0029187247592655004
1995-03-22,1059.9509685226724,-0.002809887677931619
1995-03-23,1068.6428112081903,0.008200230900899394
1995-03-24,1097.0570766682008,0.026589113932171463
1995-03-27,1112.0605491334416,0.01367610927847689
1995-03-28,1125.9721191345668,0.012509723514574586
1995-03-29,1097.1050331913661,-0.02563747845318605
1995-03-30,1087.544917216227,-0.008713947786138257
1995-03-31,1088.6267253917192,0.0009947250530683142
1995-04-03,1091.034340870283,0.0022116079115155436
1995-04-04,1073.392413861234,-0.01616990991775437
1995-04-05,1083.369512528086,0.00929492191114181
1995-04-06,1073.0214280146947,-0.009551759020099908
1995-04-07,1076.2299975779056,0.0029902194676087812
1995-04-10,1101.3289689665046,0.023321196626265035
1995-04-11,1115.3711910376119,0.01275025216514969
1995-04-12,1130.0568747780374,0.013166633546239832
1995-04-13,1146.5456404566532,0.014591093640180405
1995-04-17,1137.6940839291126,-0.007720195529255453
1995-04-18,1116.4942828181524,-0.01863400839507311
1995-04-19,1078.8919628436201,-0.033678918515928295
1995-04-20,1088.3293986465064,0.008747340908919468
1995-04-21,1105.673258820208,0.015936223164853623
1995-04-24,1126.743562687295,0.019056537452637398
1995-04-25,1136.0807114899503,0.008286844595221039
1995-04-26,1158.8334302207395,0.020027378777472057
1995-04-27,1175.2786196769857,0.014191158994363594
1995-04-28,1187.6408101037835,0.01051851894506122
1995-05-01,1176.6844277801204,-0.009225333308229484
1995-05-02,1177.0134722174414,0.00027963694390147086
1995-05-03,1212.2002791771768,0.029894990830856782
1995-05-04,1196.8354805774961,-0.012675132041802494
1995-05-05,1182.8336892642492,-0.011699010883677008
1995-05-08,1206.0329453747368,0.019613286568560758
1995-05-09,1200.9110069893993,-0.0042469307368266035
1995-05-10,1198.225710343031,-0.0022360496579176673
1995-05-11,1224.2134332820704,0.02168850385592161
1995-05-12,1245.8375828769392,0.017663708800266503
1995-05-15,1262.678534423264,0.013517774529995336
1995-05-16,1285.090795259788,0.017749775754888262
1995-05-17,1301.0574660604432,0.012424546856572448
1995-05-18,1265.4494140587951,-0.02736854668646426
1995-05-19,1266.2239072632726,0.0006120301577234286
1995-05-22,1295.2692741348837,0.022938570899666437
1995-05-23,1332.6277093757433,0.028842215272813852
1995-05-24,1324.6957868200861,-0.005952091870709142
1995-05-25,1321.323294701945,-0.0025458615870114216
1995-05-26,1296.314626679652,-0.018926986395055082
1995-05-30,1236.063052391901,-0.04647912863721814
1995-05-31,1261.095796217878,0.02025199586504606
1995-06-01,1279.282892213145,0.01442166094741705
1995-06-02,1297.2428671521272,0.01403909569048612
1995-06-05,1340.1569610498625,0.03308100201155524
1995-06-06,1324.0562070996402,-0.012014080751861538
1995-06-07,1333.518182672778,0.007146203856303239
1995-06-08,1353.778162626642,0.015192878670208096
1995-06-09,1345.363993360028,-0.006215323528552429
1995-06-12,1360.6202734542055,0.011339890296956045
1995-06-13,1388.954721920768,0.020824655504088546
1995-06-14,1395.4939610949855,0.004708029045881548
1995-06-15,1427.6184709036515,0.023020171139586536
1995-06-16,1455.528744963739,0.019550233223321088
1995-06-19,1518.8463797035097,0.043501466363241155
1995-06-20,1556.6523475529611,0.02489123874188731
1995-06-21,1552.985530728979,-0.0023555785142047175
1995-06-22,1607.1866769795627,0.03490125643678158
1995-06-23,1600.462321719364,-0.004183929195354015
1995-06-26,1538.2610976140909,-0.038864535116609825
1995-06-27,1500.8749722271227,-0.024304148005144056
1995-06-28,1505.13932983789,0.002841247731941005
1995-06-29,1535.5560856126594,0.02020859808244167
1995-06-30,1568.1135499461723,0.021202393477228815
1995-07-03,1572.1889828228893,0.0025989399025706534
1995-07-05,1608.0675430251215,0.022820768110085328
1995-07-06,1664.5078882322885,0.035098242889095486
1995-07-07,1752.2162515020668,0.05269326981857986
1995-07-10,1787.87331042088,0.02034969079201637
1995-07-11,1752.2046525787512,-0.019950327371759898
1995-07-12,1851.4399719934183,0.05663454852069976
1995-07-13,1881.9142438708532,0.016459767715084842
1995-07-14,1910.7842367740707,0.015340759015583821
1995-07-17,1946.7473737273015,0.01882113964575427
1995-07-18,1845.3885507510724,-0.05206572991654502
1995-07-19,1645.1417792922234,-0.10851198322290914
1995-07-20,1684.5459955935485,0.023951866518323803
1995-07-21,1690.369622418416,0.003457089827229937
1995-07-24,1777.4766112883783,0.051531326471270865
1995-07-25,1859.6788776412288,0.04624660928352105
1995-07-26,1895.2371202087224,0.01912063582320998
1995-07-27,1954.2617347999442,0.03114365688696588
1995-07-28,1922.4845649191607,-0.016260447265031466
1995-07-31,1897.457805804655,-0.013017924601937198
1995-08-01,1839.4827543182603,-0.03055406624012349
1995-08-02,1797.967952164494,-0.022568736812730972
1995-08-03,1791.6881571914416,-0.003492717968355504
1995-08-04,1837.0580404691618,0.02532242181521133
1995-08-07,1858.4217993664192,0.011629332566869422
1995-08-08,1868.525466165367,0.005436691929890562
1995-08-09,1912.8440153281315,0.023718461409956617
1995-08-10,1886.6527113820566,-0.013692336508464395
1995-08-11,1905.9020666935191,0.010202913973161302
1995-08-14,1951.6735564523804,0.0240156567111911
1995-08-15,1950.7014188167805,-0.0004981046304521202
1995-08-16,2027.4787839740534,0.039358850317463376
1995-08-17,2047.5842379153867,0.009916480557160007
1995-08-18,2059.164248359017,0.005655450080735088
1995-08-21,1988.0029345874575,-0.03455834755691271
1995-08-22,2020.11977525723,0.016155328601885083
1995-08-23,2036.6740895619043,0.00819471919805676
1995-08-24,1992.9394865432168,-0.02147354024035085
1995-08-25,1986.7381717476828,-0.0031116422939114884
1995-08-28,1915.9352275111576,-0.03563778319829728
1995-08-29,1889.6652516775669,-0.013711306862767053
1995-08-30,1939.7824204497647,0.026521717922106083
1995-08-31,1982.3201482974903,0.02192912328685955
1995-09-01,1978.012893904768,-0.002172834895726354
1995-09-05,2091.1376484921125,0.05719111080414983
1995-09-06,2120.590015739035,0.014084375205123626
1995-09-07,2161.3992982324335,0.019244305684036744
1995-09-08,2215.984288995385,0.025254468624835328
1995-09-11,2255.004568553887,0.017608554244846183
1995-09-12,2244.454250678597,-0.004678623725386084
1995-09-13,2258.975596864324,0.006469878448775098
1995-09-14,2255.5253849702412,-0.0015273347347672613
1995-09-15,2154.286868813821,-0.04488467158517745
1995-09-18,2146.751441849598,-0.003497875363447897
1995-09-19,2208.3112095326073,0.02867577796056843
1995-09-20,2237.472490874907,0.013205240826754757
1995-09-21,2195.3535703953785,-0.018824329975587428
1995-09-22,2162.858718610408,-0.014801648455705651
1995-09-25,2116.376292125835,-0.02149119870133571
1995-09-26,2066.6018486750218,-0.02351871150513435
1995-09-27,1997.25706795278,-0.033554978558981416
1995-09-28,2116.390512788912,0.059648528348053585
1995-09-29,2094.4911381419233,-0.010347511253076948
1995-10-02,1996.5043740905985,-0.046783088391699465
1995-10-03,1954.422873540421,-0.02107758995987443
1995-10-04,1849.3966959891607,-0.053737693604151454
1995-10-05,1914.8991011936198,0.0354182557730939
1995-10-06,1902.107657032046,-0.006679957264380292
1995-10-09,1746.5196066903188,-0.08179770990696655
1995-10-10,1739.2545627892382,-0.004159726505932531
1995-10-11,1834.7778678440884,0.05492198042686714
1995-10-12,1911.5141427319556,0.041823196274998774
1995-10-13,1926.4857943531701,0.007832352001234406
1995-10-16,1923.3870061396585,-0.001608518589960364
1995-10-17,2020.930788498079,0.05071458944406422
1995-10-18,2077.081009196057,0.027784336315499408
1995-10-19,2087.447626365385,0.0049909546731353996
1995-10-20,2042.3392455169494,-0.02160934735736448
1995-10-23,2025.174803694378,-0.008404304946031038
1995-10-24,2038.1794660415874,0.006421501158065932
1995-10-25,1962.4526157960684,-0.03715416208789031
1995-10-26,1910.8358708346836,-0.026302161155848457
1995-10-27,1955.235961517452,0.023235952056611622
1995-10-30,2034.405648008069,0.04049111618690434
1995-10-31,2012.5053507166801,-0.010764960917618409
1995-11-01,2037.793916062255,0.012565713346585312
1995-11-02,2136.0262414848366,0.048205230493769284
1995-11-03,2185.9514063566508,0.02337291738378127
1995-11-06,2162.3837751189876,-0.010781406745424162
1995-11-07,2050.352148363815,-0.05180931712688601
1995-11-08,2073.5613608172657,0.011319622569211506
1995-11-09,2177.730898226171,0.050237017036162665
1995-11-10,2166.5524471682206,-0.005133072716677583
1995-11-13,2131.6109866442857,-0.016127678131957982
1995-11-14,2023.2085240055503,-0.05085471191410462
1995-11-15,2029.7946303085655,0.0032552780520991305
1995-11-16,2044.5763706115922,0.007282382208676794
1995-11-17,2047.2119287651017,0.001289048524375373
1995-11-20,1953.9806100325602,-0.04554062890244074
1995-11-21,1927.9028895899216,-0.013345946376716575
1995-11-22,1906.1823610665592,-0.011266401767768665
1995-11-24,1955.0786933400948,0.02565144514619098
1995-11-27,1948.5343129681821,-0.003347374401964377
1995-11-28,2065.6954797887934,0.06012784380591209
1995-11-29,2109.4758427469365,0.021194006273673807
1995-11-30,2118.6164599338085,0.0043331224760409515
1995-12-01,2094.658225151991,-0.011308434176220123
1995-12-04,2179.054529714383,0.04029120529019394
1995-12-05,2154.5893892861673,-0.011227410830982065
1995-12-06,2128.736018306267,-0.01199921020146927
1995-12-07,2076.629616083414,-0.02447762511403898
1995-12-08,2130.6839778851913,0.0260298521137945
1995-12-11,2123.3508364565323,-0.003441684221954632
1995-12-12,2066.144260233732,-0.026941650546203212
1995-12-13,2091.8793581274376,0.012455615219623857
1995-12-14,1982.2759193630618,-0.05239472263949683
1995-12-15,1937.5362613908212,-0.022569843852321064
1995-12-18,1778.3588147638848,-0.08215456391648333
1995-12-19,1904.7585391836603,0.07107661478122897
1995-12-20,1897.8581956367934,-0.0036226867631338794
1995-12-21,1982.6598788016615,0.04468283423905344
1995-12-22,2017.8066359430675,0.017727073371076173
1995-12-26,2029.8005272512737,0.00594402411735574
1995-12-27,2022.0148841610933,-0.003835669064843371
1995-12-28,1987.223033447272,-0.017206525523800024
1995-12-29,2043.3322007684803,0.028234962244713377
1996-01-02,2078.9374439810454,0.017425087902581123
1996-01-03,2005.3337653861001,-0.035404470109498945
1996-01-04,1910.2146681484555,-0.04743305023806384
1996-01-05,1929.9647793118736,0.010339210295438387
1996-01-08,1922.1015747405784,-0.004074273611406946
1996-01-09,1734.0875751326987,-0.09781689067772367
1996-01-10,1688.7854833056197,-0.026124454425903165
1996-01-11,1795.1720268124373,0.06299588938825855
1996-01-12,1779.3580080947493,-0.008809194039062595
1996-01-15,1673.7002555204838,-0.05937970441788659
1996-01-16,1710.2864984851567,0.02185949535706776
1996-01-17,1722.3038551516017,0.007026516713480075
1996-01-18,1768.0688370558983,0.02657195579479667
1996-01-19,1826.5822850434254,0.03309455308593119
1996-01-22,1884.1042393724467,0.03149157571494454
1996-01-23,1875.8639136449442,-0.004373603941492781
1996-01-24,1959.723534341905,0.04470453324837161
1996-01-25,1916.8343112349091,-0.021885343700481945
1996-01-26,1944.0815481370191,0.014214706374155105
1996-01-29,1951.0527969020354,0.0035858828924623123
1996-01-30,1999.8310786990244,0.025001005546565133
1996-01-31,2047.6938988214245,0.023933431494392345
1996-02-01,2103.1446954419725,0.027079631702991987
1996-02-02,2118.16102713361,0.007139942260835201
1996-02-05,2182.8557372164464,0.030542866785904548
1996-02-06,2216.9117158769513,0.01560157095124058
1996-02-07,2190.6122397495174,-0.011863113871014309
1996-02-08,2240.186843017378,0.02263047853395072
1996-02-09,2248.320179401679,0.003630650902915824
1996-02-12,2251.145462785875,0.0012566196799195547
1996-02-13,2200.1747466833767,-0.022642124618380027
1996-02-14,2204.446039151281,0.001941342374892329
1996-02-15,2219.0550115234732,0.006627049205439656
1996-02-16,2219.440999227696,0.0001739423773715751
1996-02-20,2171.2322703123086,-0.021721113078546746
1996-02-21,2252.433669831784,0.03739876227419717
1996-02-22,2376.586716652805,0.05511951294454485
1996-02-23,2380.2286571232094,0.0015324248195469792
1996-02-26,2347.8511721369678,-0.013602678418876617
1996-02-27,2303.623860971782,-0.018837357192845704
1996-02-28,2311.568893090488,0.003448927688808863
1996-02-29,2263.930172507468,-0.020608825774311588
1996-03-01,2177.0134013040074,-0.038391984107528226
1996-03-04,2167.879043860732,-0.004195820493251814
1996-03-05,2238.760251019648,0.032696107912314795
1996-03-06,2207.5465871735164,-0.013942387905053843
1996-03-07,2214.783590502418,0.003278301518505147
1996-03-08,2035.49077511217,-0.08095274687743916
1996-03-11,2129.9674460115048,0.04641468880846592
1996-03-12,2085.283745105602,-0.02097858396360734
1996-03-13,2175.56052451829,0.04329232394611896
1996-03-14,2189.4900135713983,0.006402712724433585
1996-03-15,2240.139111078204,0.023132828737679176
1996-03-18,2328.8024455682616,0.03957938774944325
1996-03-19,2316.0817727010385,-0.005462323732711068
1996-03-20,2248.698347727671,-0.029093715846994706
1996-03-21,2235.6088220500997,-0.005820934448943963
1996-03-22,2249.77100673376,0.0063348223284755015
1996-03-25,2155.14187181599,-0.042061674114626184
1996-03-26,2162.002673630364,0.0031834571561606523
1996-03-27,2194.32362404401,0.014949542296066614
1996-03-28,2199.396217318567,0.0023116887677707538
1996-03-29,2238.34549891974,0.017709079107473734
1996-04-01,2267.8937407529424,0.013200929815108215
1996-04-02,2296.2482696311085,0.012502582624860007
1996-04-03,2323.840682857287,0.012016302240093295
1996-04-04,2337.9027610198664,0.006051222988870844
1996-04-08,2256.4391319593856,-0.034844746504745
1996-04-09,2277.1436337155924,0.009175741309816804
1996-04-10,2252.6388562741554,-0.010761190940534954
1996-04-11,2202.207532438137,-0.022387664891580176
1996-04-12,2224.4430814187403,0.010096936211995077
1996-04-15,2280.0671086638768,0.025005821776145392
1996-04-16,2368.592794510298,0.03882591240847181
1996-04-17,2342.3144798821286,-0.011094483901612237
1996-04-18,2438.3600577532866,0.041004561384085064
1996-04-19,2453.094187307186,0.006042638988876514
1996-04-22,2546.5832877702087,0.038110685250796375
1996-04-23,2633.657668037705,0.03419263005677657
1996-04-24,2701.075349876525,0.02559849849014404
1996-04-25,2750.822588416598,0.01841756785583462
1996-04-26,2768.9702784505002,0.006597186641668479
1996-04-29,2775.6989511037686,0.0024300270413280113
1996-04-30,2791.1426177637913,0.005563883883690374
1996-05-01,2854.608278927088,0.02273823657715651
1996-05-02,2701.504706978477,-0.05363382887902066
1996-05-03,2743.836081418698,0.015669554204688733
1996-05-06,2753.300746921382,0.0034494281807791057
1996-05-07,2727.1478873063393,-0.009498729713521514
1996-05-08,2731.604388921057,0.0016341253935881908
1996-05-09,2761.2011927656235,0.010834952515307939
1996-05-10,2864.57856079057,0.03743927399995211
1996-05-13,2998.5956404267645,0.04678422210882159
1996-05-14,3090.6272699788824,0.030691577187452957
1996-05-15,3082.7345544548084,-0.002553758455683298
1996-05-16,3124.937808970934,0.013690200622411088
1996-05-17,3143.460839982306,0.005927487887341903
1996-05-20,3187.999328658552,0.014168615721166816
1996-05-21,3158.787287860507,-0.00916312639574383
1996-05-22,3180.4001483149927,0.006842138607289476
1996-05-23,3189.180235050213,0.0027606861796532745
1996-05-24,3181.730560598141,-0.002335921429023454
1996-05-28,3090.0218701381577,-0.028823525032472454
1996-05-29,3009.1081343210494,-0.026185489688294816
1996-05-30,3066.043144799805,0.018920892150524882
1996-05-31,3139.340306536732,0.02390610903869484
1996-06-03,3100.975218246314,-0.012220748483537781
1996-06-04,3137.239165850901,0.011694368723493088
1996-06-05,3177.7126777232743,0.012900996619234785
1996-06-06,3049.8641624432566,-0.04023287447486174
1996-06-07,3028.4795531952223,-0.007011659572045629
1996-06-10,3027.8796494585918,-0.00019808743169405564
1996-06-11,3032.3073923769525,0.0014623246069745079
1996-06-12,3066.229800797299,0.011186995258338843
1996-06-13,2992.214410247021,-0.024138892176650304
1996-06-14,2900.0054461753234,-0.030816295702581434
1996-06-17,2857.721391870704,-0.014580680998508372
1996-06-18,2682.527994401664,-0.06130527558334023
1996-06-19,2655.8235915973305,-0.009954939094788293
1996-06-20,2574.441190007697,-0.030642999726004594
1996-06-21,2627.2760383834398,0.020522841454220547
1996-06-24,2674.9835123437015,0.01815853121760901
1996-06-25,2604.185578126548,-0.026466680594649024
1996-06-26,2474.8970734666964,-0.04964642525701338
1996-06-27,2556.0594236167503,0.03279423254413005
1996-06-28,2680.32652330407,0.04861667085637848
1996-07-01,2762.308801675382,0.030586675786892874
1996-07-02,2717.898456280158,-0.016077255869542333
1996-07-03,2651.7282227043374,-0.024346102196321273
1996-07-05,2493.638655400218,-0.05961756033312246
1996-07-08,2429.8942522289835,-0.02556280679768488
1996-07-09,2459.44794706186,0.012162543619240337
1996-07-10,2379.415359545349,-0.032540874716263164
1996-07-11,2160.8517052424477,-0.09185603237623197
1996-07-12,2143.4006822917913,-0.008075992863516892
1996-07-15,1889.1964235394498,-0.11859857135089567
1996-07-16,1852.7175985454285,-0.01930917534010434
1996-07-17,2027.232525725072,0.0941940246676857
1996-07-18,2156.313562404514,0.06367352291433573
1996-07-19,2084.918347697268,-0.03310984819278
1996-07-22,1990.2582188120316,-0.04540231946722795
1996-07-23,1811.2223617599082,-0.08995609482220282
1996-07-24,1775.9876694408276,-0.019453543122581615
1996-07-25,1877.7961270887547,0.05732498000956372
1996-07-26,1967.6532632956792,0.04785244516732211
1996-07-29,1894.9925190096922,-0.036927616080226246
1996-07-30,1923.6478878309447,0.015121626356724325
1996-07-31,1969.5971347283107,0.023886516439958788
1996-08-01,2068.8664299118527,0.0504008121423446
1996-08-02,2215.509117767095,0.07088069376305278
1996-08-05,2187.6188561322224,-0.012588646740926981
1996-08-06,2235.8230454987342,0.022035003598267756
1996-08-07,2307.8934318786187,0.03223438747756899
1996-08-08,2285.372581609326,-0.009758184653682523
1996-08-09,2283.2547786805626,-0.0009266773154651664
1996-08-12,2287.2658830268347,0.0017567484731555159
1996-08-13,2213.5314576345636,-0.03223692791442992
1996-08-14,2256.2811881212833,0.019312908492569197
1996-08-15,2262.664944814252,0.0028293267375439257
1996-08-16,2255.778828312891,-0.0030433655310491145
1996-08-19,2237.4346933840607,-0.008132062726446516
1996-08-20,2199.741174346893,-0.01684675720307064
1996-08-21,2211.827979418735,0.005494648739950555
1996-08-22,2311.9907661715038,0.045285070848543746
1996-08-23,2305.7942542357646,-0.0026801629255639304
1996-08-26,2280.5845415971576,-0.010933201256918854
1996-08-27,2338.7700422432304,0.025513415348033516
1996-08-28,2367.7599349462203,0.012395358320557276
1996-08-29,2312.583928324703,-0.023303040906793134
1996-08-30,2290.5163694879557,-0.009542381820811746
1996-09-03,2292.5809312687584,0.0009013521179350343
1996-09-04,2301.119713613221,0.0037245282066169978
1996-09-05,2190.841801255759,-0.04792358767997487
1996-09-06,2270.3653061497384,0.036298150258223784
1996-09-09,2324.0782874131505,0.023658299004975025
1996-09-10,2327.765796238499,0.0015866543073525861
1996-09-11,2354.543100597312,0.011503435784683725
1996-09-12,2426.4496911921033,0.030539509162754323
1996-09-13,2568.475460836934,0.05853233642567458
1996-09-16,2600.5041152842878,0.012469908681517077
1996-09-17,2660.834597644758,0.023199533508092507
1996-09-18,2675.9741602645568,0.005689779677849663
1996-09-19,2717.6678397430255,0.015580748161763495
1996-09-20,2767.9902660538896,0.01851676852297833
1996-09-23,2709.587333009859,-0.021099399719816
1996-09-24,2734.2888515988925,0.009116339705350848
1996-09-25,2796.8666563606416,0.02288631821950945
1996-09-26,2818.7917239139006,0.00783915368414048
1996-09-27,2832.2186712087987,0.0047633697732922834
1996-09-30,2808.102375774059,-0.008514983563909216
1996-10-01,2770.1313216304256,-0.01352196218742443
1996-10-02,2868.64700542642,0.035563542791903
1996-10-03,2846.778848491752,-0.007623160637506662
1996-10-04,2946.161398778617,0.03491052715229999
1996-10-07,2967.015476616184,0.0070783894752719945
1996-10-08,2889.861735438117,-0.026003821613380655
1996-10-09,2873.842998213016,-0.00554308084316453
1996-10-10,2865.9650722191445,-0.0027412513483757953
1996-10-11,2943.667005277317,0.02711196092770482
1996-10-14,2998.3066500029477,0.01856176144505287
1996-10-15,3009.883544409264,0.0038611442249593853
1996-10-16,2957.9695153738085,-0.017247853037996603
1996-10-17,2893.0463285873734,-0.021948565206301895
1996-10-18,2895.830490065494,0.000962363253781613
1996-10-21,2850.837047771911,-0.015537319068895373
1996-10-22,2736.488248839528,-0.04011060506659017
1996-10-23,2788.7095662548827,0.0190833333333336
1996-10-24,2781.894620767992,-0.0024437630828810447
1996-10-25,2751.1500615403443,-0.011051662057263706
1996-10-28,2703.428451942232,-0.017346058386721732
1996-10-29,2616.988454085565,-0.03197421326041223
1996-10-30,2636.97211585361,0.00763612913035486
1996-10-31,2736.409662531949,0.03770898678848951
1996-11-01,2737.4204863510895,0.00036939784016311815
1996-11-04,2726.2703935303166,-0.004073211578698959
1996-11-05,2783.0338719356664,0.02082092757198796
1996-11-06,2893.7578996294533,0.03978536833860939
1996-11-07,2953.1999044192858,0.020541457458291154
1996-11-08,2976.1391360656085,0.007767585124188643
1996-11-11,3010.153113980534,0.011428893731054185
1996-11-12,2965.3564653139942,-0.014881850514009908
1996-11-13,2994.1501495780476,0.009710024612843402
1996-11-14,3061.9543473056783,0.0226455569495024
1996-11-15,2999.15838479399,-0.020508458124773934
1996-11-18,2944.960964019596,-0.018070876499614183
1996-11-19,3000.785371732832,0.018955907529939288
1996-11-20,3016.4453647812375,0.005218631494248666
1996-11-21,2966.483189205996,-0.016563262228641396
1996-11-22,3080.773909929996,0.03852734481687415
1996-11-25,3121.646940390621,0.013267130810502608
1996-11-26,3126.8008871816833,0.0016510344986090514
1996-11-27,3170.690538896215,0.014036599482383914
1996-11-29,3207.9160483395235,0.01174050541566501
1996-12-02,3258.769338589816,0.015852437995257106
1996-12-03,3261.94888948201,0.0009756906862176505
1996-12-04,3235.7806045043894,-0.008022285407965435
1996-12-05,3258.031665984389,0.006876566800921246
1996-12-06,3163.552792652541,-0.02899875845844539
1996-12-09,3371.483677602154,0.06572701597790288
1996-12-10,3341.9082827501193,-0.008772219497461447
1996-12-11,3314.727148470097,-0.00813341719170536
1996-12-12,3231.791847522047,-0.02502024970179768
1996-12-13,3130.627773986489,-0.031302781338818295
1996-12-16,2952.9559916008043,-0.056752765008355
1996-12-17,2989.6042090504134,0.0124106886637826
1996-12-18,3123.7200885372044,0.0448607474798111
1996-12-19,3199.2078363714745,0.02416597700648021
1996-12-20,3144.201649836328,-0.017193689609592243
1996-12-23,3075.255918649742,-0.02192789740129271
1996-12-24,3132.8284835752024,0.01872122725666964
1996-12-26,3181.6436201084903,0.0155818094700095
1996-12-27,3157.1890877077876,-0.007686131861578128
1996-12-30,3127.783070127624,-0.009313986829187177
1996-12-31,3150.764515240113,0.007347518864711865
1997-01-02,3073.3299535938622,-0.02457643574177096
1997-01-03,3288.305048462093,0.06994858935235551
1997-01-06,3328.6083242110226,0.012256550154243954
1997-01-07,3413.626936318929,0.025541789188446528
1997-01-08,3355.753304927624,-0.01695370714812586
1997-01-09,3399.4227295215287,0.013013300033044685
1997-01-10,3443.2304271477838,0.012886804940679066
1997-01-13,3431.744317031591,-0.003335852873984759
1997-01-14,3550.301356753518,0.034547165747032496
1997-01-15,3447.815434159095,-0.028866823487947252
1997-01-16,3501.537675467997,0.015581530489321217
1997-01-17,3566.931875747166,0.018675852251233787
1997-01-20,3684.756150818018,0.03303238726592487
1997-01-21,3786.5519567102106,0.027626198783763222
1997-01-22,3876.986617492135,0.023883116306291145
1997-01-23,3794.711034103287,-0.021221528858943683
1997-01-24,3673.566004354494,-0.03192470484842075
1997-01-27,3581.4460165469272,-0.025076448251745473
1997-01-28,3592.838007949754,0.003180835715572326
1997-01-29,3598.20359346388,0.0014934114764579907
1997-01-30,3723.4542489880196,0.034809218619996016
1997-01-31,3794.3590612025578,0.01904275102448456
1997-02-03,3759.8392801558152,-0.009097657994391786
1997-02-04,3739.9385154658403,-0.005292982813124424
1997-02-05,3532.1823292394083,-0.0555506956510899
1997-02-06,3515.1670720916118,-0.00481720804924038
1997-02-07,3602.771730593981,0.02492190462237186
1997-02-10,3421.67946137613,-0.05026470805242899
1997-02-11,3391.284065829532,-0.008883180289007345
1997-02-12,3600.0801548230247,0.0615684457392746
1997-02-13,3693.254118143583,0.02588108022976454
1997-02-14,3662.965913097471,-0.00820095343489022
1997-02-18,3647.6308516120675,-0.004186514930584249
1997-02-19,3644.931963579139,-0.00073990163553301
1997-02-20,3498.3411700645916,-0.04021770364421364
1997-02-21,3395.4850942088297,-0.029401385072417848
1997-02-24,3474.790748417169,0.023356207436633858
1997-02-25,3494.050071351637,0.005542584958026919
1997-02-26,3437.5425711395665,-0.01617249296894343
1997-02-27,3222.0316467563557,-0.06269331067855478
1997-02-28,3194.1825809540637,-0.00864332472659842
1997-03-03,3207.4713064183684,0.004160289879339179
1997-03-04,3252.00443153797,0.013884185037131274
1997-03-05,3337.8928291572392,0.026410910386936423
1997-03-06,3234.045120027011,-0.031111756561833053
1997-03-07,3206.370452022692,-0.00855729186737129
1997-03-10,3283.763990170331,0.02413742869256314
1997-03-11,3238.4604261286217,-0.013796230233756675
1997-03-12,3144.3708265695514,-0.029053805567588423
1997-03-13,3065.013829811357,-0.025237798318072855
1997-03-14,3061.9557675689434,-0.000997731955617871
1997-03-17,2963.201776692921,-0.032251932546507205
1997-03-18,2892.26982814323,-0.02393760327346148
1997-03-19,2754.4084531924136,-0.0476654610885043
1997-03-20,2819.585934182939,0.02366296869114814
1997-03-21,2783.9378115789955,-0.012643034628513199
1997-03-24,2705.489613014985,-0.028178861696452943
1997-03-25,2740.1372347127335,0.012806414606462757
1997-03-26,2877.8230664557473,0.0502477868621964
1997-03-27,2743.887773337913,-0.04654048912144734
1997-03-31,2557.6197902229933,-0.06788469445611708
1997-04-01,2526.9492825606617,-0.0119918166803275
1997-04-02,2427.00949355948,-0.039549582451417035
1997-04-03,2503.690394134234,0.03159480866401285
1997-04-04,2645.1372878507036,0.056495361426420046
1997-04-07,2736.73469059233,0.034628600625888004
1997-04-08,2775.469839140139,0.014153782856980174
1997-04-09,2722.1171641646833,-0.01922293451835335
1997-04-10,2632.0760983098626,-0.03307758646107028
1997-04-11,2446.8714124922312,-0.07036448753763502
1997-04-14,2502.6678737524203,0.022803184905968738
1997-04-15,2480.182463229837,-0.008984576322893945
1997-04-16,2463.480074079574,-0.006734338863323928
1997-04-17,2504.3174611392965,0.016577112796408614
1997-04-18,2537.5710891575845,0.013278519410697893
1997-04-21,2419.5067226318542,-0.046526525712004795
1997-04-22,2471.8267960615967,0.021624272807488045
1997-04-23,2559.189027620892,0.035343184926424055
1997-04-24,2564.482173577197,0.0020682903447838525
1997-04-25,2445.932171045733,-0.04622765708918876
1997-04-28,2490.852838395361,0.01836545914125771
1997-04-29,2647.342692148782,0.06282581264585423
1997-04-30,2762.4794332011193,0.04349143818584482
1997-05-01,2825.7343186905637,0.0228978665792801
1997-05-02,3057.344448696404,0.08196458119713396
1997-05-05,3293.0608905247273,0.07709842504949956
1997-05-06,3211.442156958318,-0.024785066623351826
1997-05-07,3171.4530064758633,-0.012452084928825205
1997-05-08,3227.5299260148176,0.017681775332773195
1997-05-09,3257.333680517535,0.009234230258406112
1997-05-12,3321.5118387183466,0.019702666197408052
1997-05-13,3242.0081313373053,-0.023936000002853782
1997-05-14,3255.3993143347057,0.004130521101400391
1997-05-15,3386.3364826452207,0.040221538332932405
1997-05-16,3288.9499801480997,-0.028758660870300722
1997-05-19,3289.9540273512202,0.00030527895200006046
1997-05-20,3455.639653485771,0.05036107640323045
1997-05-21,3529.6991635773616,0.021431490988039117
1997-05-22,3519.851288392168,-0.0027900041133286295
1997-05-23,3650.57648367894,0.03713940862157436
1997-05-27,3800.0993610510504,0.04095870283518236
1997-05-28,3806.8876937341865,0.001786356628648403
1997-05-29,3748.0020680976904,-0.015468180407164788
1997-05-30,3725.1595971571314,-0.006094572661789643
1997-06-02,3757.7193252997276,0.00874049213017461
1997-06-03,3597.1392989984815,-0.042733374262442524
1997-06-04,3555.306193968921,-0.011629548247188426
1997-06-05,3634.5610248050857,0.02229198457522723
1997-06-06,3749.562479060209,0.03164108498117484
1997-06-09,3804.0793402377612,0.014539526006569168
1997-06-10,3719.3697507841002,-0.022268092191885403
1997-06-11,3767.3699089466677,0.012905454789066939
1997-06-12,3794.177094849905,0.007115623512195134
1997-06-13,3887.563026627905,0.024612960714131875
1997-06-16,3957.4188564585043,0.01796905396828835
1997-06-17,4048.8434416944806,0.023102074496555065
1997-06-18,3957.8226884105306,-0.022480679876784038
1997-06-19,4078.651682708583,0.03052915802718235
1997-06-20,4077.1770367525664,-0.0003615523145230794
1997-06-23,3965.7467345615564,-0.027330258457396554
1997-06-24,4114.8585994976,0.03759994647074446
1997-06-25,4061.1016752484593,-0.013064100004725304
1997-06-26,3976.9082677560723,-0.02073166697734454
1997-06-27,3990.5019892096457,0.003418163190684611
1997-06-30,4019.7973882387937,0.007341281650369564
1997-07-01,3986.7323848833566,-0.008225539787696605
1997-07-02,4129.983822594462,0.03593204255552175
1997-07-03,4230.975428817287,0.024453269204183375
1997-07-07,4253.3303671421345,0.005283637000722581
1997-07-08,4376.73116496122,0.029012746992893686
1997-07-09,4389.038842983069,0.0028120708259122243
1997-07-10,4425.901124622521,0.008398713923068901
1997-07-11,4528.775004223668,0.02324360095367488
1997-07-14,4717.217199991132,0.04160997081809479
1997-07-15,4885.1974106807165,0.03561002251282823
1997-07-16,5249.914810450707,0.07465765845461912
1997-07-17,5131.0735190426085,-0.022636803776611387
1997-07-18,4924.969990154773,-0.04016772087223805
1997-07-21,4808.609027772633,-0.023626735313057735
1997-07-22,5066.726188238444,0.05367813414961118
1997-07-23,5102.151935402017,0.00699184164437557
1997-07-24,5115.180967721034,0.0025536347180515288
1997-07-25,5118.1565668476505,0.0005817192285853557
1997-07-28,5054.694018210137,-0.012399493413035806
1997-07-29,5138.5364907612975,0.016587052005345403
1997-07-30,5291.327504084333,0.029734344321139305
1997-07-31,5347.429541263525,0.010602639344453185
1997-08-01,5351.173579050343,0.0007001565439856748
1997-08-04,5458.669342779056,0.020088259545449343
1997-08-05,5621.168579915396,0.029769020054548644
1997-08-06,5712.264120620861,0.016205801233386278
1997-08-07,5644.876579186455,-0.01179699327822423
1997-08-08,5375.757908511689,-0.04767485469337798
1997-08-11,5252.417377757779,-0.022943840264573447
1997-08-12,5146.682782002576,-0.020130653782952247
1997-08-13,5215.384493042114,0.013348736253918794
1997-08-14,5246.4410208833815,0.00595479161367676
1997-08-15,5000.361978049045,-0.0469039948900258
1997-08-18,5068.113065751571,0.013549236635256616
1997-08-19,5368.846394919095,0.05933832281678311
1997-08-20,5648.989265161729,0.05217934163803855
1997-08-21,5425.368075386173,-0.039586053235163024
1997-08-22,5336.064109118633,-0.016460443794163
1997-08-25,5360.442101892078,0.004568534461905531
1997-08-26,5255.82769526079,-0.019516003464408734
1997-08-27,5296.375535175895,0.007714834326031375
1997-08-28,5153.290456568684,-0.027015659606632995
1997-08-29,5210.513960274151,0.011104265165672238
1997-09-02,5507.722222934346,0.05704010485840006
1997-09-03,5507.719334303719,-5.244691926230612e-07
1997-09-04,5571.430280568671,0.011567573145592489
1997-09-05,5684.486900064613,0.02029220753066702
1997-09-08,5779.610062575764,0.016733816821720374
1997-09-09,5892.54862034819,0.019540861156659647
1997-09-10,5709.7776713165495,-0.031017300120442657
1997-09-11,5714.560946512321,0.0008377340539544947
1997-09-12,5811.971464001826,0.01704601952822907
1997-09-15,5654.777782980017,-0.027046533520584976
1997-09-16,6002.674182267781,0.061522558912018854
1997-09-17,5978.014069124446,-0.004108187850038947
1997-09-18,6014.552432221286,0.006112123971998477
1997-09-19,6124.594669758599,0.01829599771178183
1997-09-22,6218.869176711133,0.0153927748750515
1997-09-23,6304.486594685876,0.013767361161956882
1997-09-24,6191.8584301759165,-0.0178647638976496
1997-09-25,6096.342173936632,-0.015426104668961304
1997-09-26,6131.136850717698,0.005707467820592651
1997-09-29,6265.309525392165,0.021883816646298106
1997-09-30,6160.5453925259435,-0.01672130202692004
1997-10-01,6209.372183310175,0.00792572534949087
1997-10-02,6341.101505080841,0.021214595917560454
1997-10-03,6489.741270687527,0.02344068542154509
1997-10-06,6552.849787295026,0.009724350166707571
1997-10-07,6726.384651494277,0.026482350402066084
1997-10-08,6776.779954146722,0.0074921826900354056
1997-10-09,6822.514436987217,0.006748704126435265
1997-10-10,6740.658932140979,-0.011997850001235696
1997-10-13,6770.955952291628,0.004494667428756198
1997-10-14,6660.282905986234,-0.016345261597505545
1997-10-15,6549.8048737015,-0.01658758852201866
1997-10-16,6277.6446733755665,-0.04155241348008699
1997-10-17,5912.347196124574,-0.05819021245344989
1997-10-20,6105.328734325948,0.03264042719410478
1997-10-21,6398.017867240496,0.04793994650426664
1997-10-22,6346.247753322293,-0.008091586330710306
1997-10-23,5933.96189038288,-0.06496529586692856
1997-10-24,5715.7566260320955,-0.03677227262015745
1997-10-27,4507.911335732001,-0.21131853039351436
1997-10-28,5105.100501668448,0.13247580119928726
1997-10-29,5101.098478660015,-0.0007839263903081223
1997-10-30,4790.890027773989,-0.06081208825584435
1997-10-31,5001.885644885729,0.04404100613634324
1997-11-03,5340.169675663866,0.06763130043247227
1997-11-04,5350.181268334182,0.001874770518236596
1997-11-05,5409.501851940353,0.01108758388379628
1997-11-06,5270.322939803434,-0.025728600515590262
1997-11-07,5063.942193856375,-0.039159032246087896
1997-11-10,4948.97506043847,-0.022703089612157223
1997-11-11,4892.902037645545,-0.011330229412786177
1997-11-12,4491.983321075481,-0.08193883987159985
1997-11-13,4643.958895843131,0.03383262223049931
1997-11-14,4859.427705675089,0.04639765653930036
1997-11-17,5137.078826593346,0.057136588449294416
1997-11-18,5005.12874207638,-0.02568582047717349
1997-11-19,5011.052150707836,0.0011834677860848028
1997-11-20,5247.562132384627,0.0471976691847807
1997-11-21,5189.867827568454,-0.01099449675119041
1997-11-24,4861.2169637007055,-0.06332547856459146
1997-11-25,4878.700965272284,0.003596630576691708
1997-11-26,4927.631801080133,0.010029480420331395
1997-11-28,4980.9764624332565,0.010825618371370681
1997-12-01,5258.483699897019,0.055713420763325076
1997-12-02,5021.458631451068,-0.04507479379475735
1997-12-03,5102.2098984992235,0.016081237141411985
1997-12-04,5084.5825538635,-0.0034548450546710136
1997-12-05,5276.789785124489,0.03780196883910179
1997-12-08,5443.287661327405,0.03155287267123683
1997-12-09,5135.352470466599,-0.05657154462891506
1997-12-10,4906.331581865168,-0.04459691713831311
1997-12-11,4554.000844487669,-0.07181144027847346
1997-12-12,4360.232844437138,-0.04254896006114616
1997-12-15,4356.417910307307,-0.0008749381663637288
1997-12-16,4495.034957319966,0.031819042586500035
1997-12-17,4444.89574373019,-0.011154354541365133
1997-12-18,4235.282576224546,-0.0471581741374513
1997-12-19,4247.031984990872,0.0027741735184997926
1997-12-22,4304.64962085308,0.01356656508965091
1997-12-23,4116.744755571087,-0.043651605085747835
1997-12-24,4030.695009110446,-0.020902375923159206
1997-12-26,4124.00627594404,0.023150168053570303
1997-12-29,4333.965700812375,0.05091151924114699
1997-12-30,4565.996490934906,0.05353775413567283
1997-12-31,4611.287785614349,0.009919257443443347
1998-01-02,4707.159339295328,0.020790624688414843
1998-01-05,4815.493735128453,0.02301481382385985
1998-01-06,4687.410137933032,-0.026598227355393696
1998-01-07,4521.951135510572,-0.035298597211171436
1998-01-08,4467.134688507237,-0.012122299724308318
1998-01-09,4015.092342177426,-0.10119290727740925
1998-01-12,4046.5473700773796,0.007834197876230058
1998-01-13,4319.562082673494,0.06746855717418518
1998-01-14,4378.247149886368,0.013585883496910485
1998-01-15,4362.564277167678,-0.0035819980420926214
1998-01-16,4495.136070931663,0.030388502115103664
1998-01-20,4725.153576354911,0.05117030981791254
1998-01-21,4703.997402622736,-0.004477351559120115
1998-01-22,4601.236026583621,-0.021845542682872275
1998-01-23,4594.827678819698,-0.0013927448465800873
1998-01-26,4464.275928931793,-0.028412763005171426
1998-01-27,4612.570520092998,0.03321806123141875
1998-01-28,4890.988867104681,0.06036077839869414
1998-01-29,4968.550239190199,0.015858014441041228
1998-01-30,4965.917614840281,-0.000529857649250004
1998-02-02,5270.0801154622795,0.061250009406726924
1998-02-03,5397.20892339963,0.024122746742380408
1998-02-04,5532.656924264691,0.025095934359299056
1998-02-05,5496.092621023306,-0.006608814488573215
1998-02-06,5666.082799933506,0.030929278422267767
1998-02-09,5621.842943246195,-0.007807838016032869
1998-02-10,5805.891166500167,0.032738058517817165
1998-02-11,5799.219192551128,-0.0011491730998224592
1998-02-12,5856.500831494119,0.009877474370440625
1998-02-13,5814.633738558564,-0.007148823869435645
1998-02-17,5736.622803888321,-0.013416311014213778
1998-02-18,5859.232415408286,0.02137313463190578
1998-02-19,5973.102741756648,0.0194343419538901
1998-02-20,5982.9972939151285,0.0016565179917815507
1998-02-23,6223.239142704291,0.04015409618077133
1998-02-24,6082.357498510172,-0.02263799300711105
1998-02-25,6372.034593520328,0.047625792315086665
1998-02-26,6485.226203896217,0.017763809771370834
1998-02-27,6411.095358870484,-0.011430726191354242
1998-03-02,6275.504443606005,-0.021149414830785973
1998-03-03,6258.702496035883,-0.002677385972890417
1998-03-04,6284.248627733589,0.00408169771831895
1998-03-05,5770.535762966035,-0.08174610764132424
1998-03-06,6189.240004987927,0.07255898918589834
1998-03-09,5883.886568114965,-0.049336176433112486
1998-03-10,6121.100681776504,0.04031588830196238
1998-03-11,6206.920258647137,0.014020285130439295
1998-03-12,6281.544614516248,0.012022766969681556
1998-03-13,6360.916260937707,0.012635689355455015
1998-03-16,6533.339337190245,0.02710664143016399
1998-03-17,6434.118360876915,-0.01518687017350023
1998-03-18,6529.6762435396995,0.014851744606352075
1998-03-19,6655.952070160808,0.01933875768282441
1998-03-20,6533.9978904779555,-0.01832257480182037
1998-03-23,6565.034627692577,0.004750037838220094
1998-03-24,6782.116828909916,0.03306642135620201
1998-03-25,6915.653666127818,0.01968955129889221
1998-03-26,6959.480899181941,0.0063373955912200556
1998-03-27,6901.292297770304,-0.008361054833626647
1998-03-30,6839.450405774186,-0.008960914757385065
1998-03-31,7029.039809160785,0.02771997633414206
1998-04-01,7164.626716402178,0.019289534690739095
1998-04-02,7224.210892196639,0.008316438267195797
1998-04-03,7250.661581570219,0.0036613949631719347
1998-04-06,6936.512383143361,-0.04332697022094706
1998-04-07,6588.315128598039,-0.05019774135940233
1998-04-08,6677.614556719533,0.013554213236380976
1998-04-09,6822.35465371236,0.0216754195324404
1998-04-13,6867.426868745381,0.006606548225764659
1998-04-14,7069.551181705142,0.02943232113321164
1998-04-15,7300.30436023877,0.03264042831046762
1998-04-16,7239.188774555047,-0.008371648998169183
1998-04-17,7334.801090641695,0.013207600887922069
1998-04-20,7570.576584653815,0.032144769994232006
1998-04-21,7769.733925606592,0.02630675995755521
1998-04-22,7935.707849087647,0.021361596815311527
1998-04-23,7483.742890331218,-0.05695332632594209
1998-04-24,7333.248615095618,-0.020109492995815565
1998-04-27,6754.224967986049,-0.07895868222954279
1998-04-28,6879.839042937359,0.018597851795979715
1998-04-29,7101.736239489745,0.03225325406125287
1998-04-30,7292.641329347502,0.026881467210259784
1998-05-01,7349.431641211535,0.007787344708081906
1998-05-04,7406.846120145639,0.007812097824293675
1998-05-05,7239.724073047654,-0.02256318605613197
1998-05-06,7141.783016057623,-0.013528285885183221
1998-05-07,6891.15571082793,-0.035093099953636436
1998-05-08,7218.449629829881,0.04749477921209665
1998-05-11,7022.859799743125,-0.027095822526556144
1998-05-12,7158.659708140821,0.019336838876188804
1998-05-13,7226.0928591223665,0.00941980115423858
1998-05-14,7214.478779815336,-0.0016072419125321554
1998-05-15,6996.697074920908,-0.030186755210055913
1998-05-18,6818.437609073073,-0.02547765952120344
1998-05-19,6975.609093985683,0.023050953007690028
1998-05-20,6813.51289333285,-0.02323756943212193
1998-05-21,6691.472430606854,-0.017911533248203756
1998-05-22,6513.266109638505,-0.026631854620401817
1998-05-26,6214.424914958991,-0.04588192615641496
1998-05-27,6244.188542624681,0.004789441995516646
1998-05-28,6384.579149408288,0.022483402899393372
1998-05-29,6214.636115850185,-0.02661773463546982
1998-06-01,5873.338923655778,-0.054918290601752566
1998-06-02,6022.642335562314,0.0254205340177447
1998-06-03,5821.125624425198,-0.03345985032968107
1998-06-04,6096.482032078041,0.047302948848493946
1998-06-05,6228.742958694356,0.021694630759246783
1998-06-08,6274.173209127888,0.007293646685182135
1998-06-09,6409.12480803032,0.02150906492445898
1998-06-10,6113.537956294458,-0.046119690377304914
1998-06-11,5868.711862036074,-0.04004654849755402
1998-06-12,5819.72375729591,-0.008347335137896488
1998-06-15,5521.5317456095345,-0.05123817282779894
1998-06-16,5880.7219968097825,0.06505264621286651
1998-06-17,6113.2957640905415,0.039548505677861875
1998-06-18,6073.3292753476935,-0.006537633755201454
1998-06-19,6159.86271238524,0.014248105629443689
1998-06-22,6409.002260199161,0.04044563319779712
1998-06-23,6819.730513477619,0.06408614579981348
1998-06-24,7185.888796081103,0.05369101929758892
1998-06-25,7017.229393889466,-0.023470917374009005
1998-06-26,7086.1548907562665,0.009822323455296987
1998-06-29,7325.055820869167,0.03371376067781735
1998-06-30,7365.469361600166,0.005517164881646365
1998-07-01,7593.314560007635,0.030934240198640807
1998-07-02,7347.668546960059,-0.032350301190120695
1998-07-06,7519.218469798323,0.02334753149817018
1998-07-07,7500.97865294621,-0.0024257596617753853
1998-07-08,7820.532104616814,0.04260156793608395
1998-07-09,7871.97393770418,0.006577791945511843
1998-07-10,7908.899811902515,0.004690802394742783
1998-07-13,8176.669965411799,0.03385681445936436
1998-07-14,8210.249258215836,0.004106719843907164
1998-07-15,8534.841292739482,0.039534979306363
1998-07-16,8609.65496575101,0.008765678288027658
1998-07-17,8713.035534371644,0.012007515868159725
1998-07-20,8776.919203399731,0.007331964706912505
1998-07-21,8315.415998200926,-0.05258145762809828
1998-07-22,8194.655402372084,-0.014522496030862317
1998-07-23,7761.326356770239,-0.05287947135353728
1998-07-24,7708.188939677484,-0.0068464350872712645
1998-07-27,7728.6893699268985,0.0026595650949718394
1998-07-28,7285.943433898392,-0.05728603063687303
1998-07-29,7110.498942865911,-0.024079859063441615
1998-07-30,7540.291195957454,0.06044473904644346
1998-07-31,6982.01143633307,-0.07403954901949843
1998-08-03,6737.790405916726,-0.03497860647226449
1998-08-04,6021.0423674210915,-0.10637731293425648
1998-08-05,6045.198415039868,0.004011937824832599
1998-08-06,6462.409520312472,0.06901528727901164
1998-08-07,6643.4449995949635,0.028013619179265217
1998-08-10,6556.096821730881,-0.01314802453687922
1998-08-11,6056.829495925013,-0.07615313491878174
1998-08-12,6387.837866662263,0.0546504356709974
1998-08-13,6144.653837529562,-0.038069849956878746
1998-08-14,6016.578544149785,-0.02084336998734343
1998-08-17,6292.161308886235,0.04580390045841143
1998-08-18,6675.339658655624,0.06089773147236979
1998-08-19,6539.228370706803,-0.02039016662954835
1998-08-20,6428.320961167431,-0.016960320584030047
1998-08-21,6059.801826330024,-0.05732743232075353
1998-08-24,5985.879297957503,-0.012198835950595835
1998-08-25,6057.852039067065,0.012023754159914423
1998-08-26,5752.495946909628,-0.050406660675796584
1998-08-27,4953.221125619561,-0.1389440042490523
1998-08-28,4540.031879472576,-0.08341829198980118
1998-08-31,3369.6052906117256,-0.25780140314715616
1998-09-01,3879.9887453903875,0.1514668368430789
1998-09-02,4010.1142457796354,0.033537597381910846
1998-09-03,3850.4236615533423,-0.03982195379953484
1998-09-04,3810.0681857040045,-0.01048078845252507
1998-09-08,4494.020433541422,0.1795118130441123
1998-09-09,4197.974390606134,-0.06587554447365847
1998-09-10,3892.7176272920574,-0.07271525143106021
1998-09-11,4306.393673425883,0.10626921491389969
1998-09-14,4491.92529652117,0.04308282919886654
1998-09-15,4591.1073089327965,0.022080067201571622
1998-09-16,4686.6304363832205,0.020806119531244012
1998-09-17,4322.02873847716,-0.07779612727207745
1998-09-18,4458.769368810375,0.03163806596561297
1998-09-21,4588.845433723216,0.029173086597108665
1998-09-22,4729.818798969316,0.03072087898408892
1998-09-23,5250.548130071878,0.11009498529119882
1998-09-24,4891.719888480308,-0.06834110129120147
1998-09-25,5088.637392926931,0.04025526991239865
1998-09-28,5045.963607676062,-0.008386092770175534
1998-09-29,4999.506269321565,-0.009206831829667746
1998-09-30,4650.268212537559,-0.06985450921964699
1998-10-01,3977.5914497407894,-0.1446533257981055
1998-10-02,3996.0542808940154,0.004641711293508951
1998-10-05,3411.4344772498544,-0.14629926486217984
1998-10-06,3238.6213050022498,-0.05065703984645159
1998-10-07,2927.2179295983246,-0.09615306825868887
1998-10-08,2665.2536209130494,-0.08949258817952858
1998-10-09,3077.872518615803,0.1548141214273637
1998-10-12,3406.74994212469,0.10685219141460467
1998-10-13,3163.6252902345727,-0.07136557012414228
1998-10-14,3360.8972367156116,0.06235629329743163
1998-10-15,3818.2032007881467,0.13606663098078847
1998-10-16,3887.775010024174,0.018221086091402133
1998-10-19,4084.291037484454,0.05054717079912967
1998-10-20,4012.212054660083,-0.017647856669089107
1998-10-21,4272.1708287533165,0.0647918830190687
1998-10-22,4484.3723494451115,0.04967065438104662
1998-10-23,4413.702522003792,-0.015759134597746704
1998-10-26,4653.144084706884,0.05424959237950336
1998-10-27,4592.319125178708,-0.013071797997419544
1998-10-28,4749.164121313779,0.0341537667265157
1998-10-29,4910.493376729981,0.03397003162981278
1998-10-30,5028.120370770041,0.023954210914421587
1998-11-02,5275.139423131716,0.049127513692327485
1998-11-03,5163.947234042894,-0.021078530853846138
1998-11-04,5466.846379870055,0.05865651450315435
1998-11-05,5586.950238070409,0.02196949573022535
1998-11-06,5762.879419314497,0.03148930521078866
1998-11-09,5799.694022543375,0.006388230700349638
1998-11-10,5840.742911094301,0.007077767963511437
1998-11-11,5806.088163599188,-0.005933277328349311
1998-11-12,5701.047745975863,-0.018091426561840256
1998-11-13,5671.034188845917,-0.005264568631464519
1998-11-16,5792.150596149677,0.021357022946886402
1998-11-17,5947.656741211504,0.026847738586976543
1998-11-18,6125.64771311834,0.029926234759570385
1998-11-19,6339.274324025478,0.03487412611888319
1998-11-20,6421.9467379484,0.01304130562856362
1998-11-23,6908.063151090558,0.07569611411904283
1998-11-24,6785.122405688604,-0.01779670259420634
1998-11-25,6983.310395448379,0.02920919887806516
1998-11-27,7308.843816268809,0.04661591743546267
1998-11-30,6575.043414294879,-0.10039897149540379
1998-12-01,7121.630964207706,0.08313063739236841
1998-12-02,7028.515160087974,-0.013075067296763717
1998-12-03,6594.460385074558,-0.06175625507336663
1998-12-04,7086.852873505907,0.07466759365873162
1998-12-07,7478.50205181301,0.05526418923853739
1998-12-08,7411.583748089439,-0.008948089237650007
1998-12-09,7580.675579593548,0.02281453428192024
1998-12-10,7196.274836533728,-0.05070797965481985
1998-12-11,7337.159363889003,0.019577424508585732
1998-12-14,6654.066569610082,-0.09310044397302715
1998-12-15,7115.747933383558,0.06938334008890587
1998-12-16,7079.325160829104,-0.005118614781670013
1998-12-17,7442.13885736398,0.051249757327488495
1998-12-18,7901.61681440145,0.061740040846297625
1998-12-21,8484.39224377412,0.07375394720615995
1998-12-22,8278.960217304973,-0.024212933651186895
1998-12-23,8880.3398374221,0.07263951079993125
1998-12-24,8761.155594717806,-0.013421135326606205
1998-12-28,8960.87793494886,0.02279634667731127
1998-12-29,8976.412659326921,0.0017336163365727362
1998-12-30,8790.897218706315,-0.020666991108953425
1998-12-31,9101.62289938128,0.0353462988981107
1999-01-04,9282.717220637584,0.019896926433703895
1999-01-05,9825.246166872465,0.058445057986762354
1999-01-06,10733.66764644598,0.09245788493691039
1999-01-07,10803.264604264463,0.00648398665870082
1999-01-08,11055.533734903129,0.02335119428057758
1999-01-11,11614.79566637077,0.05058660620807574
1999-01-12,10678.734520416485,-0.08059213203935538
1999-01-13,10621.393779942491,-0.005369619439865844
1999-01-14,10068.456276174633,-0.05205884606331316
1999-01-15,11012.633741583886,0.09377579238671337
1999-01-19,11844.201879071032,0.07551037808032535
1999-01-20,11948.934461506718,0.008842519192513297
1999-01-21,10895.377217907677,-0.08817164802376803
1999-01-22,10810.953887437756,-0.007748545899921877
1999-01-25,11223.955971537272,0.0382021871889974
1999-01-26,12131.82172127773,0.08088643184655275
1999-01-27,11735.558946386196,-0.03266308918771351
1999-01-28,12759.055531594879,0.08721327973252213
1999-01-29,13196.65202595982,0.034296934697190896
1999-02-01,13252.062637896466,0.004198838601460766
1999-02-02,12509.214094836823,-0.05605531481079358
1999-02-03,12962.622535245519,0.0362459573376269
1999-02-04,11659.246962418443,-0.10054875618596337
1999-02-05,11127.019075701419,-0.045648564476982796
1999-02-08,11557.974236883427,0.03873051337919458
1999-02-09,10197.621199675603,-0.11769822369621742
1999-02-10,10177.723700303202,-0.0019511902808307924
1999-02-11,11444.75694363973,0.12449082728574969
1999-02-12,10247.519012959445,-0.10461016660957874
1999-02-16,10130.000450358106,-0.01146800142090195
1999-02-17,9274.025799336168,-0.08449897462656857
1999-02-18,9415.464744574625,0.015251083865712431
1999-02-19,9700.880080444935,0.03031346233172094
1999-02-22,10437.223335849565,0.07590478897775003
1999-02-23,10893.44917022781,0.04371141822856371
1999-02-24,10382.014192269216,-0.046948856139739786
1999-02-25,10211.922849774475,-0.016383270080809306
1999-02-26,9698.376465228554,-0.05028890171817773
1999-03-01,9781.25454270041,0.008545562009167066
1999-03-02,9316.374653400728,-0.04752763434079257
1999-03-03,9390.135595721034,0.007917343930922931
1999-03-04,9731.897282178985,0.036395820164054654
1999-03-05,10292.26651096499,0.057580676463997414
1999-03-08,11083.16067650658,0.07684353730045793
1999-03-09,11015.19601582095,-0.0061322453647810575
1999-03-10,11192.504608317762,0.016096726035755113
1999-03-11,11276.633954535477,0.0075165791001947195
1999-03-12,10842.692912739782,-0.03848143369246842
1999-03-15,11515.39561711313,0.06204203234262472
1999-03-16,11623.461885375254,0.00938450330803452
1999-03-17,11473.005903403997,-0.012944162716321537
1999-03-18,11951.47980056548,0.0417043189195536
1999-03-19,11341.275484327121,-0.051056800197201255
1999-03-22,10975.931364748367,-0.032213671212169726
1999-03-23,9968.271976874406,-0.09180627633207351
1999-03-24,10511.89940736779,0.054535774280091306
1999-03-25,11435.886627365393,0.08789916876011782
1999-03-26,11212.490085434036,-0.01953469365434096
1999-03-29,12227.539597949764,0.09052846466587863
1999-03-30,12039.483779575372,-0.015379694080559267
1999-03-31,11761.075857429194,-0.02312457305009115
1999-04-01,12216.102367178017,0.038689190960484426
1999-04-05,13182.82417984538,0.07913504517322413
1999-04-06,13227.224030252875,0.0033680074771365474
1999-04-07,12933.444531812669,-0.022210215670974056
1999-04-08,13371.483919798824,0.0338687336469955
1999-04-09,13674.251034719637,0.022642746065940675
1999-04-12,13754.035531885864,0.005834652074446358
1999-04-13,13507.151804657118,-0.01794991198447882
1999-04-14,12307.929103292498,-0.08878427656015099
1999-04-15,12517.915602424668,0.01706107480550856
1999-04-16,11952.586773597022,-0.04516157855531025
1999-04-19,9944.40143473877,-0.16801261324404568
1999-04-20,10756.033358589735,0.08161697103414314
1999-04-21,11816.861156186462,0.09862630230219128
1999-04-22,12846.599013720865,0.08714140277389196
1999-04-23,13280.560573454306,0.03378026816824791
1999-04-26,14213.189459637799,0.07022511444642386
1999-04-27,13411.150181962428,-0.0564292258224644
1999-04-28,12602.900587338914,-0.06026698557969945
1999-04-29,12274.308999548693,-0.026072695369852402
1999-04-30,12480.77589378754,0.016821060496883172
1999-05-03,12363.377903436422,-0.009406305453297582
1999-05-04,11621.83788936824,-0.05997875498589016
1999-05-05,12310.710776851764,0.05927400588797666
1999-05-06,11401.36327059781,-0.07386636911037095
1999-05-07,11831.801613576286,0.03775323465821872
1999-05-10,12144.814019338644,0.02645517698701046
1999-05-11,12722.500694995148,0.047566531256603206
1999-05-12,13311.71697924422,0.04631293001075334
1999-05-13,12932.05645986954,-0.028520777595155495
1999-05-14,12114.994087896957,-0.06318116337552905
1999-05-17,12593.503465758497,0.03949728529703344
1999-05-18,12538.701144005468,-0.004351634309073251
1999-05-19,12815.184077748072,0.02205036475207679
1999-05-20,12287.031369210037,-0.0412130411341578
1999-05-21,11963.34054484506,-0.026344103358937714
1999-05-24,11006.658812367119,-0.079967775630208
1999-05-25,10024.452987090679,-0.08923741909514178
1999-05-26,10606.248626400315,0.05803764455365931
1999-05-27,10498.04859265482,-0.01020153661834487
1999-05-28,11163.91624955571,0.06342775526556213
1999-06-01,10358.648607976329,-0.07213128651080918
1999-06-02,10618.355519145947,0.02507150507737457
1999-06-03,10234.45486519003,-0.036154435897696895
1999-06-04,11190.035873511575,0.09336901876148951
1999-06-07,11802.083324366811,0.05469575413105157
1999-06-08,11102.396820966655,-0.05928499945052669
1999-06-09,11702.19408538588,0.054024124168082305
1999-06-10,11215.004319773501,-0.041632343649196345
1999-06-11,10714.39628411268,-0.04463734666407439
1999-06-14,10054.60545322116,-0.06157984205511034
1999-06-15,10257.587546576418,0.020187971999461197
1999-06-16,11569.43188897715,0.12789014341277277
1999-06-17,11929.054949547359,0.031083899712728468
1999-06-18,12197.099167814338,0.022469861979900665
1999-06-21,13141.077774332776,0.0773936977580214
1999-06-22,12387.733969281919,-0.05732739871019511
1999-06-23,12641.545146487153,0.02048891087220757
1999-06-24,11993.887004147453,-0.051232514287992144
1999-06-25,11971.692962893736,-0.0018504460852467501
1999-06-28,12662.29617491496,0.057686345127773424
1999-06-29,13237.844672345374,0.045453722569736
1999-06-30,13895.699177979364,0.04969498599785543
1999-07-01,14203.17798473023,0.022127624008882543
1999-07-02,14747.816877870926,0.03834626966769228
1999-07-06,14663.070588315808,-0.0057463616653852
1999-07-07,14759.636298915178,0.006585640437161821
1999-07-08,15220.77656508594,0.031243335325590336
1999-07-09,15565.972612798689,0.02267926647741311
1999-07-12,15509.092000539024,-0.0036541637117424525
1999-07-13,15301.217430424173,-0.013403400412327605
1999-07-14,15956.240322196945,0.042808547408153284
1999-07-15,16312.611779951316,0.022334299970314293
1999-07-16,16740.884636473602,0.026254094825492243
1999-07-19,16127.551168178627,-0.0366368612897969
1999-07-20,14445.942448614092,-0.10426931541116595
1999-07-21,14911.305488080903,0.03221410033455161
1999-07-22,13654.626643381316,-0.08427691631051966
1999-07-23,13772.319580875213,0.00861927173607091
1999-07-26,12637.43396051054,-0.08240337538642514
1999-07-27,13504.456119886274,0.06860745322863841
1999-07-28,13901.572957066099,0.029406355476622417
1999-07-29,12883.10180151865,-0.07326301553737234
1999-07-30,12857.287871939838,-0.0020037045407626654
1999-08-02,12629.388037951358,-0.017725342720672624
1999-08-03,12111.21515911973,-0.04102913595453039
1999-08-04,11434.119711150139,-0.05590648329451397
1999-08-05,11779.78956552175,0.03023143565958356
1999-08-06,11530.546062660094,-0.02115857006403294
1999-08-09,11127.41084479691,-0.034962370010270076
1999-08-10,10741.741429210908,-0.034659402889427725
1999-08-11,11707.686040779745,0.08992439614512258
1999-08-12,11492.340264683475,-0.018393538684432328
1999-08-13,12683.523968659922,0.10365022933031427
1999-08-16,12780.760541735719,0.007666368851122275
1999-08-17,13153.217433483369,0.029141997499396766
1999-08-18,12950.305127802962,-0.015426819081076352
1999-08-19,12416.088785913698,-0.04125125521114986
1999-08-20,12794.88237374267,0.030508286011833342
1999-08-23,13816.817276520773,0.07987059770672773
1999-08-24,14312.920493992411,0.0359057522107264
1999-08-25,15139.386461817177,0.05774265064713098
1999-08-26,14633.684895571012,-0.033403042291151576
1999-08-27,14380.911981552605,-0.017273360457208634
1999-08-30,13646.369476786696,-0.05107760242939789
1999-08-31,14044.9418655957,0.029207210715421223
1999-09-01,14217.175446769792,0.012263032686236486
1999-09-02,13956.480232646412,-0.01833663902506114
1999-09-03,15619.749375002477,0.11917540200898318
1999-09-07,15506.059916749598,-0.007278571219255608
1999-09-08,15034.174958889627,-0.030432292948271315
1999-09-09,15725.00575480211,0.0459506955188118
1999-09-10,16300.25238315747,0.03658164819301826
1999-09-13,15570.430201899539,-0.04477367368937387
1999-09-14,15952.32572019365,0.024526972815916294
1999-09-15,15044.932015686893,-0.05688159334397931
1999-09-16,14921.286907858335,-0.008218389268867175
1999-09-17,15920.342615545645,0.06695506318299888
1999-09-20,16182.259613183262,0.016451718657226843
1999-09-21,15083.606092411406,-0.06789246662912335
1999-09-22,15673.883721913311,0.03913372080161089
1999-09-23,13887.335913008768,-0.11398245901281055
1999-09-24,13740.776784215715,-0.010553437297917224
1999-09-27,14050.386065498591,0.022532152741068356
1999-09-28,13962.558351792695,-0.006250911063686786
1999-09-29,13563.871608945832,-0.02855398937657257
1999-09-30,13796.944678342294,0.017183373310813467
1999-10-01,13652.807944855462,-0.010447003800275372
1999-10-04,14526.247881086652,0.06397511338027081
1999-10-05,14579.901468413205,0.003693561321944043
1999-10-06,15474.827898434634,0.061380828393131026
1999-10-07,15527.25623668718,0.0033879755301090596
1999-10-08,15944.21407582306,0.026853285138085638
1999-10-11,16417.840060043687,0.02970519474765507
1999-10-12,15678.20210406815,-0.04505086864474957
1999-10-13,14508.658596010131,-0.07459678732898514
1999-10-14,14591.194193162983,0.005688713164396111
1999-10-15,13417.355284304134,-0.08044844673569461
1999-10-18,12777.36091052249,-0.047698995831937256
1999-10-19,12760.002039303621,-0.0013585646786085628
1999-10-20,14179.774691819697,0.11126743147398123
1999-10-21,14386.710685854872,0.01459374345027905
1999-10-22,14607.164177396851,0.015323411748227378
1999-10-25,14586.181756230526,-0.0014364472741939768
1999-10-26,14512.53247255106,-0.0050492503734232315
1999-10-27,14369.923584599956,-0.00982660250516809
1999-10-28,15484.25911434002,0.07754637825174544
1999-10-29,16953.590367511395,0.09489193136858715
1999-11-01,16960.447946028973,0.00040449122391919806
1999-11-02,17195.451165874656,0.013855955962572684
1999-11-03,18001.787004552232,0.0468923921157588
1999-11-04,18486.129495173882,0.026905245045904223
1999-11-05,19321.982495638684,0.045215143639614486
1999-11-08,20084.74470079515,0.039476394584698364
1999-11-09,19716.398761639226,-0.01833958781369722
1999-11-10,20296.186709447113,0.029406381703738917
1999-11-11,21087.963924785243,0.039011131828502014
1999-11-12,21554.24561492842,0.02211127123539609
1999-11-15,21504.05052862243,-0.002328779545465779
1999-11-16,23020.569838549996,0.07052249565304193
1999-11-17,22466.619507203566,-0.02406327624517745
1999-11-18,24062.639564505742,0.07103961754417201
1999-11-19,24533.486382004805,0.01956754645461256
1999-11-22,25022.341758154012,0.019926045916889304
1999-11-23,23915.9361878821,-0.04421670765132797
1999-11-24,25575.492713337575,0.06939124240916611
1999-11-26,26173.95315051237,0.023399761790814003
1999-11-29,25550.09113601575,-0.02383522316667726
1999-11-30,23634.035573593108,-0.0749921224242424
1999-12-01,24000.485521694387,0.015505178832459828
1999-12-02,26120.80409243296,0.08834481989216374
1999-12-03,27653.469905578397,0.058676057893234566
1999-12-06,28228.592836487744,0.020797496042018415
1999-12-07,29197.80161792342,0.03433429314205461
1999-12-08,29169.217233971598,-0.0009789909639728756
1999-12-09,29358.566211236415,0.006491397274942686
1999-12-10,29989.2998095564,0.021483801142801757
1999-12-13,30907.04144083331,0.030602302724802567
1999-12-14,28705.78795246379,-0.0712217470760983
1999-12-15,29910.409821868692,0.041964424435926656
1999-12-16,32208.875317035167,0.07684500175206473
1999-12-17,33188.3302253719,0.030409472503956318
1999-12-20,33978.1656414701,0.023798588562144205
1999-12-21,37397.59637670503,0.10063611942198354
1999-12-22,38137.38070058457,0.019781600839468685
1999-12-23,39060.77915410272,0.024212424570206382
1999-12-27,39192.94305083589,0.0033835448138849708
1999-12-28,39085.39263839852,-0.002744126979641874
1999-12-29,41121.79104498468,0.05210126518175368
1999-12-30,40970.313874275795,-0.003683622888486969
1999-12-31,41946.69168688018,0.023831348121973423
2000-01-03,43819.18486269742,0.04463982975808572
2000-01-04,36502.76336640958,-0.16696845272711117
2000-01-05,35812.650816810325,-0.018905761809647162
2000-01-06,31633.061697667443,-0.1167070580874454
2000-01-07,35581.44969056725,0.12481839509044278
2000-01-10,40138.17225988315,0.12806455636134176
2000-01-11,36304.37430014024,-0.09551501087095257
2000-01-12,34315.35955955968,-0.054787192423059655
2000-01-13,37169.96359791238,0.08318735618661044
2000-01-14,40174.276403140706,0.08082635855465477
2000-01-18,42093.33290480331,0.04776829039570663
2000-01-19,42705.23151916126,0.014536710973725669
2000-01-20,43870.37734684707,0.027283444820174394
2000-01-21,45297.206951264845,0.03252375955504125
2000-01-24,40781.383952249904,-0.0996931886743813
2000-01-25,42898.17213913506,0.051905746733942444
2000-01-26,39872.80584085136,-0.07052436379972764
2000-01-27,38967.35872234479,-0.022708387318428978
2000-01-28,34541.275923072375,-0.11358436764497465
2000-01-31,35926.7365657585,0.040110291402428715
2000-02-01,38968.043559733815,0.0846530268177476
2000-02-02,39589.063252741085,0.01593664028976242
2000-02-03,43570.237847739074,0.10056248539102129
2000-02-04,44584.86099474043,0.0232870692729995
2000-02-07,46986.31984379701,0.053862651928866
2000-02-08,50418.98319768595,0.07305665490084347
2000-02-09,48206.679529588975,-0.04387838722218637
2000-02-10,52247.06854914146,0.0838138834489217
2000-02-11,49078.31082848777,-0.06064948347625075
2000-02-14,49802.49311014382,0.014755648053716007
2000-02-15,49860.78177649486,0.001170396554689225
2000-02-16,50076.7779181293,0.004331984656852315
2000-02-17,54174.60352623666,0.08183085610673492
2000-02-18,49255.185957543006,-0.09080671105070826
2000-02-22,48196.72876665828,-0.02148925377719813
2000-02-23,53730.66297587479,0.11481970562792203
2000-02-24,56097.321847568484,0.04404670891100547
2000-02-25,55088.93167576275,-0.017975727514154737
2000-02-28,54577.83149450219,-0.009277729041266385
2000-02-29,58809.93127937942,0.07754246859924349
2000-03-01,62072.899014217466,0.055483277464432865
2000-03-02,60900.98531464793,-0.01887963536713689
2000-03-03,67039.59543270846,0.1007965648888124
2000-03-06,66565.08539658082,-0.007078056379441147
2000-03-07,64221.56483796454,-0.035206453122595245
2000-03-08,66163.99790948833,0.03024580725220066
2000-03-09,72205.18092395553,0.09130619680406064
2000-03-10,72256.39676740633,0.0007093098139971207
2000-03-13,66113.03276386298,-0.08502173203182099
2000-03-14,57982.575921078904,-0.12297812553575886
2000-03-15,53379.87833144774,-0.07938070215948963
2000-03-16,58071.43247319665,0.08788993696497364
2000-03-17,61033.615829793845,0.05100930406640862
2000-03-20,53792.72611557269,-0.11863773128588728
2000-03-21,57334.02565266964,0.06583231215106167
2000-03-22,62902.60244066392,0.09712516650633941
2000-03-23,65824.08567148849,0.046444552649159566
2000-03-24,66698.02009836564,0.01327681832511494
2000-03-27,66450.39475013023,-0.0037126341662048535
2000-03-28,61415.84535554701,-0.07576402538336095
2000-03-29,54182.8854817922,-0.11777025671277422
2000-03-30,47627.92697267996,-0.12097839476110923
2000-03-31,51295.92557365665,0.07701361016784763
2000-04-03,39494.26570881887,-0.23007012219501885
2000-04-04,37382.94936641855,-0.053458807361213376
2000-04-05,37919.8968246455,0.014363432188400011
2000-04-06,40590.388575915815,0.07042455214526515
2000-04-07,45681.18704819731,0.12541881590416964
2000-04-10,37675.52339207961,-0.17525077988168494
2000-04-11,34092.46306967654,-0.09510313327608147
2000-04-12,26862.124248344735,-0.21208027142406183
2000-04-13,24868.146643077504,-0.07423007900762355
2000-04-14,17646.627990001696,-0.29039231418100264
2000-04-17,21101.544128993777,0.1957833610449307
2000-04-18,25645.04381505428,0.21531598153604686
2000-04-19,23868.764382917794,-0.0692640435690645
2000-04-20,22652.669865179734,-0.050949202825446065
2000-04-24,19612.05007335605,-0.13422787732838198
2000-04-25,23470.151363692436,0.19672095858952598
2000-04-26,21922.83470472309,-0.06592699957457425
2000-04-27,24523.29599540631,0.1186188431244694
2000-04-28,26203.7755118026,0.0685258423953728
2000-05-01,28160.972878954784,0.07469142628972052
2000-05-02,24466.798780995076,-0.13118062766646926
2000-05-03,22943.410926128447,-0.06226347257369613
2000-05-04,23175.74110923397,0.01012622682187783
2000-05-05,24972.90828459674,0.07754518687847774
2000-05-08,22053.632667142083,-0.1168977030703012
2000-05-09,20524.966575710667,-0.06931584081877762
2000-05-10,17078.111565988926,-0.16793474410822015
2000-05-11,18810.831681613454,0.10145853122749499
2000-05-12,19279.87447952121,0.024934718775152333
2000-05-15,20548.44207474012,0.06579750280876367
2000-05-16,22419.765629029913,0.09106887750824585
2000-05-17,21098.532689833304,-0.058931612446734546
2000-05-18,19246.368363033023,-0.08778640458219066
2000-05-19,16819.995185879023,-0.1260691436112381
2000-05-22,16413.205074687605,-0.024184912462575186
2000-05-23,13485.39036450641,-0.1783816565295015
2000-05-24,14836.7372743677,0.10020821595332094
2000-05-25,13943.606072173201,-0.06019727826127206
2000-05-26,13935.776602084357,-0.0005615097018890808
2000-05-30,17234.989928810028,0.23674413137709233
2000-05-31,16353.803576821232,-0.05112775555010936
2000-06-01,18967.905318283887,0.1598467126734789
2000-06-02,22628.76721304338,0.19300296123002308
2000-06-05,22755.079202292276,0.005581920926566758
2000-06-06,21579.400737988046,-0.0516666390765977
2000-06-07,23000.67755351496,0.0658626637868084
2000-06-08,22746.702387748224,-0.011042073224835294
2000-06-09,23618.093009245255,0.03830843726897216
2000-06-12,21638.93011168662,-0.08379859020725743
2000-06-13,23064.219906108006,0.0658669253546701
2000-06-14,22092.511100648622,-0.04213057321752511
2000-06-15,22928.58896029279,0.03784440147320422
2000-06-16,23185.93849585319,0.011223958700907165
2000-06-19,25491.633601937458,0.09944368249301809
2000-06-20,25934.056144355058,0.017355597892477842
2000-06-21,26907.209787175365,0.03752415886676213
2000-06-22,24372.223800039137,-0.09421214637960952
2000-06-23,22664.63613598477,-0.0700628583613953
2000-06-26,23822.544484683338,0.051088768500463684
2000-06-27,22843.37820867717,-0.04110250593238354
2000-06-28,24280.88607466674,0.06292886511170774
2000-06-29,23106.03018952978,-0.04838603836466815
2000-06-30,24687.26504499884,0.06843386087955398
2000-07-03,25144.46865575903,0.018519816185665623
2000-07-05,22693.094163697937,-0.0974916004637717
2000-07-06,24403.15975510869,0.07535621097216176
2000-07-07,25552.628034942165,0.04710325594589624
2000-07-10,24709.197784047086,-0.03300757361402217
2000-07-11,24256.326701606908,-0.018328036644417744
2000-07-12,26881.428335288714,0.10822337883121864
2000-07-13,28353.03150128691,0.05474423262198236
2000-07-14,29796.561951326028,0.05091273749593925
2000-07-17,30366.21335657454,0.019118024629118754
2000-07-18,28278.134749692348,-0.06876321991033188
2000-07-19,25800.244875557535,-0.08762564773342307
2000-07-20,28252.15156023392,0.09503424081835986
2000-07-21,26417.49471311313,-0.0649386593870304
2000-07-24,24205.88189577972,-0.083717734832577
2000-07-25,25073.172654061967,0.035829752537686235
2000-07-26,24283.51675385432,-0.031494055862121506
2000-07-27,21617.419552473042,-0.10979040755940392
2000-07-28,18584.94838239765,-0.14027905424671627
2000-07-31,20149.006333212816,0.08415723943019007
2000-08-01,18834.9097732415,-0.06521892634502838
2000-08-02,18413.692862540138,-0.022363627740854816
2000-08-03,19938.885337007858,0.08282925569864885
2000-08-04,20369.352840222688,0.021589346442343744
2000-08-07,21569.036616107504,0.058896509147597496
2000-08-08,21319.89274759995,-0.011550996594882302
2000-08-09,21394.975245182963,0.0035217108487312623
2000-08-10,19830.24004586466,-0.07313563962503766
2000-08-11,20289.993332164744,0.023184453906596125
2000-08-14,21236.796598208537,0.04666355727889128
2000-08-15,21262.24472169071,0.001198303301747496
2000-08-16,21413.072221463637,0.007093677160956674
2000-08-17,22731.337182482253,0.06156356021146918
2000-08-18,22541.465011803055,-0.00835288171368648
2000-08-21,22911.146204131877,0.01640005173289555
2000-08-22,22991.406022048715,0.003503090469666916
2000-08-23,23903.732688650314,0.03968120373876581
2000-08-24,24651.40781818052,0.03127859314981414
2000-08-25,24449.700552672708,-0.008182383212980425
2000-08-28,24931.38049618979,0.01970085246972207
2000-08-29,25135.755590469806,0.008197504117802339
2000-08-30,25527.029346251045,0.015566421083820293
2000-08-31,27431.92584889736,0.07462272545732289
2000-09-01,27970.10342476203,0.019618658158712502
2000-09-05,26126.123308992417,-0.06592682507341507
2000-09-06,23661.081053339916,-0.09435162754529496
2000-09-07,25156.666996852193,0.06320869025978705
2000-09-08,22939.52959619341,-0.08813319351630351
2000-09-11,21496.870663864796,-0.06288964759626144
2000-09-12,20714.354321942898,-0.03640140717026651
2000-09-13,21423.807178663537,0.034249334818469916
2000-09-14,21746.20885524607,0.015048757389098518
2000-09-15,20428.229659545963,-0.06060730881751645
2000-09-18,18670.46276088473,-0.08604597304592373
2000-09-19,20755.213482623498,0.11166036688208901
2000-09-20,21260.438575335837,0.024342081238302934
2000-09-21,20131.13329718545,-0.05311768495032314
2000-09-22,19728.287231633356,-0.0200110972196691
2000-09-25,18735.25335342074,-0.05033553427893813
2000-09-26,17945.92329201045,-0.042130738587859526
2000-09-27,17461.202870847785,-0.02701005756435307
2000-09-28,19203.494265077687,0.09978071998342855
2000-09-29,17588.398323059984,-0.08410427392658512
2000-10-02,16077.666397032783,-0.08589366116677581
2000-10-03,14544.130698730844,-0.09538297787948634
2000-10-04,15388.564156259257,0.05806008451244872
2000-10-05,14715.090595690373,-0.043764548383479346
2000-10-06,13297.703287306369,-0.09632202392278279
2000-10-09,13219.575758092335,-0.005875264887930837
2000-10-10,11855.722711048997,-0.10316919937528689
2000-10-11,11060.93010263183,-0.06703873123453334
2000-10-12,10074.75555592215,-0.08915837434638794
2000-10-13,12451.118995839468,0.23587306180549897
2000-10-16,12140.205673584012,-0.02497071326355065
2000-10-17,11291.317960989702,-0.06992366813368034
2000-10-18,10840.63370924113,-0.03991422908341059
2000-10-19,13370.18628283674,0.23333991733705434
2000-10-20,14122.932245143085,0.05630033466868324
2000-10-23,13932.889513097522,-0.013456322578543773
2000-10-24,13338.937278579597,-0.042629508685874735
2000-10-25,11108.576517391359,-0.16720678076580178
2000-10-26,11544.524109871621,0.039244235460569814
2000-10-27,11606.045597227601,0.0053290622264259456
2000-10-30,10670.748860738859,-0.08058702929033491
2000-10-31,12454.940816197124,0.16720400589905043
2000-11-01,12048.890374990311,-0.032601555254181694
2000-11-02,13081.82550059606,0.0857286516399714
2000-11-03,13335.619880620314,0.019400532441950818
2000-11-06,12912.172631269961,-0.031753098329213636
2000-11-07,12903.060316961775,-0.0007057150309559007
2000-11-08,10812.527511893955,-0.16201837034890867
2000-11-09,10494.215186654013,-0.02943921528891297
2000-11-10,8804.968545327241,-0.16096931607377996
2000-11-13,8253.031917648035,-0.06268467909202433
2000-11-14,9681.941431037272,0.17313752420291748
2000-11-15,9930.610676161145,0.025683820429518073
2000-11-16,8669.80216030925,-0.1269618311468519
2000-11-17,8626.64761114633,-0.004977570233434181
2000-11-20,7322.3032828859,-0.15119944468058613
2000-11-21,7287.829248641075,-0.004708086091626474
2000-11-22,6401.301732044756,-0.12164493518582713
2000-11-24,7435.753460823593,0.1616002138440681
2000-11-27,7244.749932294977,-0.02568717878221045
2000-11-28,6144.388204246372,-0.1518840178518122
2000-11-29,5953.267410148123,-0.03110493473803706
2000-11-30,5232.100857934394,-0.12113794031566702
2000-12-01,5516.480241826585,0.0543528100114765
2000-12-04,5326.097083485979,-0.034511708552330114
2000-12-05,6998.335378451377,0.3139706747273376
2000-12-06,6318.133575989914,-0.09719479928839611
2000-12-07,6018.8619010509765,-0.0473671015877577
2000-12-08,7097.673723740921,0.1792385072835063
2000-12-11,7803.350214193281,0.09942363060335563
2000-12-12,7153.724756961294,-0.08324955812573973
2000-12-13,6353.4118008741825,-0.11187360197333933
2000-12-14,5714.798111752097,-0.10051507900593143
2000-12-15,5240.107807418749,-0.08306335500412158
2000-12-18,5064.4713774897355,-0.03351771306696277
2000-12-19,4409.705225295044,-0.12928617883101426
2000-12-20,3465.7996886602914,-0.21405184437732983
2000-12-21,3497.347116785793,0.00910249609310121
2000-12-22,4289.308629284301,0.22644635663913004
2000-12-26,4163.388023880272,-0.02935685358342698
2000-12-27,4391.550159396364,0.054802034834947826
2000-12-28,4485.585435300987,0.021412775100250303
2000-12-29,4025.0916744573724,-0.10266079366576929
2001-01-02,3146.939731978607,-0.21816942656272545
2001-01-03,4484.350208544205,0.42498763575771253
2001-01-04,4227.072657514273,-0.057372314619793
2001-01-05,3439.775304577494,-0.18625119952391556
2001-01-08,3387.3483434059485,-0.01524139123325225
2001-01-09,3579.1166459776173,0.05661310356372971
2001-01-10,3942.8940648860157,0.10163888324713546
2001-01-11,4487.492816581432,0.13812157839730332
2001-01-12,4414.823802130491,-0.01619367816755647
2001-01-16,4371.0530402997965,-0.009914498016788634
2001-01-17,4691.7923177876,0.07337803374397052
2001-01-18,5140.497111199827,0.0956361157997317
2001-01-19,5149.953336831948,0.0018395547021160473
2001-01-22,5077.189429115754,-0.014129042140206155
2001-01-23,5531.656885008092,0.08951162099372155
2001-01-24,5640.108820126354,0.019605687296366588
2001-01-25,5018.316756341415,-0.11024469272048702
2001-01-26,5164.962338970474,0.029222065833877257
2001-01-29,5479.507030075887,0.06089970661201592
2001-01-30,5478.422506359791,-0.00019792359242225312
2001-01-31,5097.312263970396,-0.06956569011370911
2001-02-01,5151.731609634813,0.010676086307105705
2001-02-02,4471.47734234691,-0.13204380950585365
2001-02-05,4381.503103706532,-0.020121814727378937
2001-02-06,4486.413629325542,0.023943957846397874
2001-02-07,4199.218890695912,-0.06401432466065451
2001-02-08,3977.289486990794,-0.05285016320459995
2001-02-09,3552.2414964529976,-0.10686875871823621
2001-02-12,3630.6253076557646,0.022066014171906713
2001-02-13,3358.890464757416,-0.07484519053105018
2001-02-14,3622.505003641865,0.07848262444112998
2001-02-15,3890.057052657848,0.07385829660607805
2001-02-16,3306.2654320863085,-0.15007276568673175
2001-02-20,2865.799875251463,-0.13322147476734925
2001-02-21,2681.9696818764214,-0.06414620747337113
2001-02-22,2596.37481055633,-0.031914928754975945
2001-02-23,2656.7250518703368,0.023244040524748284
2001-02-26,2817.072931707696,0.060355466488515336
2001-02-27,2447.904820972439,-0.13104669977836503
2001-02-28,2261.158899231471,-0.07628806485490026
2001-03-01,2360.1148597903784,0.04376338195097268
2001-03-02,2146.437737413761,-0.09053674718000627
2001-03-05,2221.9973022403656,0.03520230916068676
2001-03-06,2412.8734940828845,0.0859029809127422
2001-03-07,2476.3691532311473,0.02631537016091975
2001-03-08,2291.488103573064,-0.07465811364063069
2001-03-09,1923.4707531652996,-0.16060190311873052
2001-03-12,1558.521256185567,-0.18973488231061744
2001-03-13,1780.3814935863008,0.14235303915182396
2001-03-14,1666.839896551178,-0.06377374593262645
2001-03-15,1586.9238390434878,-0.04794465123677616
2001-03-16,1464.428190439223,-0.077190628554738
2001-03-19,1603.5417626178175,0.09499514765341291
2001-03-20,1372.0918976311061,-0.144336661746099
2001-03-21,1311.5057022553954,-0.044156076921896985
2001-03-22,1456.2751635705506,0.11038416460271223
2001-03-23,1527.2927256623132,0.048766581940214604
2001-03-26,1502.1295115679286,-0.016475698254551925
2001-03-27,1628.1180086079928,0.083873258643695
2001-03-28,1335.2264894401983,-0.17989575547918102
2001-03-29,1262.4447718648669,-0.054508892799037804
2001-03-30,1303.142695297354,0.03223738918287004
2001-04-02,1180.621360983041,-0.0940198911112768
2001-04-03,961.9201636081004,-0.18524245334070502
2001-04-04,902.7279727915611,-0.0615354507119522
2001-04-05,1144.1412300887991,0.2674263616210994
2001-04-06,1019.6047195832118,-0.10884714861286997
2001-04-09,1064.0394852363247,0.04358038443689892
2001-04-10,1258.2291027973818,0.1825022663683645
2001-04-11,1353.5960685042726,0.07579459535220122
2001-04-12,1486.923504160545,0.09849868713315617
2001-04-16,1367.7411541175466,-0.08015365263210625
2001-04-17,1396.7866766050495,0.02123612527126361
2001-04-18,1736.8715149772484,0.24347657668011968
2001-04-19,1993.852767074352,0.14795639739676988
2001-04-20,1942.0954496167915,-0.025958445032782346
2001-04-23,1660.5555988992164,-0.1449670513223887
2001-04-24,1556.8903330509531,-0.06242806077494963
2001-04-25,1656.5981034625204,0.06404289903719516
2001-04-26,1596.126840614435,-0.036503279052228874
2001-04-27,1691.8026322307542,0.0599424739825117
2001-04-30,1789.9208802610892,0.05799627341929331
2001-05-01,1921.492869101743,0.07350715346784606
2001-05-02,2060.296444206149,0.07223736155174672
2001-05-03,1852.7795378885924,-0.10072186791426246
2001-05-04,1969.7912002701091,0.06315466032988593
2001-05-07,1920.130709692986,-0.025211042962479068
2001-05-08,1986.515379825546,0.034572995368203095
2001-05-09,1871.8849502883904,-0.05770427488319885
2001-05-10,1799.184294916953,-0.03883820710254498
2001-05-11,1744.4751401679011,-0.030407754727303813
2001-05-14,1680.0344851316984,-0.03693985288320045
2001-05-15,1688.544674138317,0.005065484715899551
2001-05-16,1884.5922669495144,0.11610447494452139
2001-05-17,1955.2878008803489,0.03751237610948352
2001-05-18,1968.784849255642,0.006902844874916259
2001-05-21,2254.1843786376985,0.14496227431349862
2001-05-22,2277.9418997475186,0.010539298087132411
2001-05-23,2069.633131477313,-0.09144604096061197
2001-05-24,2175.862253788134,0.051327513410550245
2001-05-25,2086.7634914935575,-0.040948714533494614
2001-05-29,1875.079594127944,-0.10144125016012488
2001-05-30,1639.288826281619,-0.12574973808297757
2001-05-31,1700.2640761492285,0.03719616024341406
2001-06-01,1794.0468955382019,0.05515779619444384
2001-06-04,1809.1755437421475,0.008432693839592957
2001-06-05,2004.4826393900223,0.10795364569426832
2001-06-06,1961.1780547459268,-0.021603871140172818
2001-06-07,2083.521312626286,0.06238253461193718
2001-06-08,1948.081357684624,-0.06500531293867091
2001-06-11,1829.9305007790701,-0.06064985758396718
2001-06-12,1827.4499452893817,-0.0013555462836607034
2001-06-13,1705.0648912777153,-0.06697040010706637
2001-06-14,1517.6445728062813,-0.10991975697240931
2001-06-15,1482.4918310134306,-0.023162697263068372
2001-06-18,1394.3002625523134,-0.05948873822854689
2001-06-19,1402.4862958250383,0.005871069161057282
2001-06-20,1483.654730272493,0.05787467206565893
2001-06-21,1543.6487276858174,0.0404366300253064
2001-06-22,1489.5215713384612,-0.03506442584803717
2001-06-25,1523.792227940351,0.02300782832644372
2001-06-26,1554.1231935822561,0.019904922131609902
2001-06-27,1576.652372627916,0.014496392009780272
2001-06-28,1691.954248503265,0.073130816835145
2001-06-29,1775.3768892442347,0.049305494409654836
2001-07-02,1745.127941503427,-0.017038042977840243
2001-07-03,1725.4669127538227,-0.011266239157609452
2001-07-05,1578.0005179559134,-0.08546463204128026
2001-07-06,1404.821321187458,-0.10974596953414549
2001-07-09,1451.362083053042,0.03312931058466875
2001-07-10,1313.73683150056,-0.09482489115533295
2001-07-11,1332.0365878788432,0.013929545050039545
2001-07-12,1541.8948597923738,0.15754692763185468
2001-07-13,1561.740865519842,0.01287117964070539
2001-07-16,1435.6548608929297,-0.08073426738753042
2001-07-17,1516.4379995574675,0.05626919175705874
2001-07-18,1403.5618946182512,-0.07443502798805905
2001-07-19,1466.8001436465563,0.04505554708401726
2001-07-20,1429.4693743971918,-0.02545048104273956
2001-07-23,1342.336716096444,-0.060954547093736614
2001-07-24,1282.6812508953776,-0.044441505984091925
2001-07-25,1331.6721745514521,0.038194152773244644
2001-07-26,1409.1881512515258,0.0582095039465576
2001-07-27,1421.6629707584734,0.008852486799486943
2001-07-30,1397.1689330512788,-0.01722914517083239
2001-07-31,1416.1750490285765,0.013603305604419821
2001-08-01,1502.3328811566555,0.06083840566685513
2001-08-02,1543.420642396173,0.02734930570639162
2001-08-03,1496.405380645709,-0.03046172926485702
2001-08-06,1425.7955621504411,-0.04718629016476758
2001-08-07,1411.893989341727,-0.009750046344475342
2001-08-08,1283.2835985729998,-0.0910906850936377
2001-08-09,1277.0641588356768,-0.004846504501607392
2001-08-10,1263.4309149735527,-0.010675457272682227
2001-08-13,1312.5845674175293,0.03890489924018169
2001-08-14,1277.1099966842285,-0.02702650298799106
2001-08-15,1187.8341935304784,-0.06990455276799779
2001-08-16,1208.8127859615267,0.017661212773051972
2001-08-17,1089.6220251464104,-0.09860150570818826
2001-08-20,1114.0477671857502,0.022416711002200808
2001-08-21,1024.9036653930252,-0.08001820426238655
2001-08-22,1072.893416191712,0.0468236697936716
2001-08-23,1043.1826195830945,-0.02769221635647409
2001-08-24,1168.3358662522432,0.11997251901988744
2001-08-27,1159.5776632874176,-0.007496305829350088
2001-08-28,1073.059261061258,-0.07461199449192461
2001-08-29,1035.1888758314915,-0.035291979300670365
2001-08-30,948.2172798071238,-0.0840151957337348
2001-08-31,969.8504695367219,0.022814591328686386
2001-09-04,913.2012281122854,-0.05841028406316758
2001-09-05,894.8012658640619,-0.02014885841345046
2001-09-06,813.167397114575,-0.09123128437984206
2001-09-07,787.3390609868561,-0.031762631186847405
2001-09-10,797.5951253287127,0.013026235900199865
2001-09-17,632.9536642304948,-0.20642235122784156
2001-09-18,603.4050103847356,-0.046683755092377245
2001-09-19,571.5234967959625,-0.05283601070605181
2001-09-20,507.58209445076983,-0.11187886885431084
2001-09-21,458.05453552535266,-0.09757546506641172
2001-09-24,531.3527313084263,0.16002067461029817
2001-09-25,533.623360704733,0.004273299566401922
2001-09-26,493.4274530489031,-0.07532636427825239
2001-09-27,489.9576331036191,-0.007032077205765244
2001-09-28,528.1844153552215,0.07802058722803483
2001-10-01,508.4647310486455,-0.03733484694604983
2001-10-02,520.588992031708,0.023844841623641744
2001-10-03,613.0773596729939,0.17766101292370884
2001-10-04,632.1468660195633,0.031104567874991777
2001-10-05,641.5013668046498,0.014797986493216396
2001-10-08,641.879369411286,0.000589246767343619
2001-10-09,598.8669848743305,-0.06701007476904164
2001-10-10,662.897046286696,0.10691866980411659
2001-10-11,754.7302685158261,0.13853315947558645
2001-10-12,757.1412141014266,0.003194446660184606
2001-10-15,747.2133736381222,-0.013112270575690135
2001-10-16,781.0989153703705,0.04534921740929524
2001-10-17,677.8869041389169,-0.13213692811558186
2001-10-18,685.626538873756,0.011417294961126923
2001-10-19,708.6196280429576,0.033535879761846986
2001-10-22,754.9467974036379,0.06537663864692142
2001-10-23,749.9629131994433,-0.006601636328990174
2001-10-24,785.5789952986171,0.04749045782441522
2001-10-25,845.2067547463951,0.07590294522209318
2001-10-26,835.733341552858,-0.011208397401390364
2001-10-29,736.7912143671157,-0.1183895894375831
2001-10-30,694.8757494057159,-0.05688920299817111
2001-10-31,723.2233579150457,0.04079521919360945
2001-11-01,795.0868242224204,0.09936552175879307
2001-11-02,794.1424945570267,-0.0011877063442941678
2001-11-05,859.043015450582,0.08172402476681079
2001-11-06,918.3908288209212,0.06908596228933933
2001-11-07,921.8777584268443,0.003796781823703181
2001-11-08,906.9959531855936,-0.01614292687421596
2001-11-09,907.8638225599288,0.0009568613523434087
2001-11-12,924.6490966271534,0.018488757509793445
2001-11-13,1002.8147883662855,0.0845355195005948
2001-11-14,1020.2228466602169,0.017359195831456946
2001-11-15,1015.7967104773824,-0.004338401357432736
2001-11-16,1012.3941408653567,-0.003349656064968555
2001-11-19,1069.094610122996,0.05600631904998381
2001-11-20,979.4885000784446,-0.08381494883249148
2001-11-21,970.7525438370833,-0.008918896179650537
2001-11-23,1014.0692819912746,0.04462181266399121
2001-11-26,1074.224811436515,0.0593209266009086
2001-11-27,1065.2686125699336,-0.008337359900116978
2001-11-28,985.8104280482953,-0.07458981104300764
2001-11-29,1056.5499098565854,0.07175769275269271
2001-11-30,1051.9356694549067,-0.00436727158710848
2001-12-03,1009.3001006641617,-0.04053058568955829
2001-12-04,1101.6004552015322,0.09144986161859402
2001-12-05,1242.3437637982674,0.1277625730201673
2001-12-06,1255.6138140510539,0.010681464051636788
2001-12-07,1194.8227705466795,-0.04841539876679186
2001-12-10,1142.399050109224,-0.04387572929621156
2001-12-11,1159.037764728451,0.014564713282662718
2001-12-12,1175.209634560123,0.01395284116170368
2001-12-13,1061.2578294988468,-0.0969629602329868
2001-12-14,1071.929871728531,0.010056031562776723
2001-12-17,1127.6995824583382,0.052027387425892295
2001-12-18,1156.9300812208153,0.025920466068414836
2001-12-19,1118.8258917948897,-0.032935602630123705
2001-12-20,1009.6660885410671,-0.0975663899578706
2001-12-21,1052.5411361087226,0.042464581166243506
2001-12-24,1049.6920614850167,-0.0027068534672563937
2001-12-26,1075.522567736346,0.024607698961528226
2001-12-27,1101.167479611225,0.023844141112588427
2001-12-28,1119.0564952644922,0.016245499421743883
2001-12-31,1056.08725942695,-0.056269934631548016
2002-01-02,1102.6565472814702,0.044096060660545784
2002-01-03,1211.2478435102407,0.09848152309664823
2002-01-04,1238.0203159101272,0.022103215740140136
2002-01-07,1197.5751243242732,-0.03266924707622498
2002-01-08,1230.3645264197266,0.02737982898062833
2002-01-09,1210.7959806063886,-0.015904673284332305
2002-01-10,1214.884426120981,0.0033766593051827087
2002-01-11,1170.6829673837306,-0.03638326229794711
2002-01-14,1115.3512373415933,-0.047264487127367916
2002-01-15,1132.365920787284,0.015255000286945104
2002-01-16,1036.4121364341804,-0.08473743565718697
2002-01-17,1102.506849209497,0.06377261559548908
2002-01-18,1010.0228395819154,-0.08388520188685729
2002-01-22,934.6884598191288,-0.07458680814977436
2002-01-23,993.9794924024825,0.06343400516020833
2002-01-24,1025.2425977816567,0.03145246518477994
2002-01-25,1017.4432409965269,-0.007607328062651139
2002-01-28,1027.0088503224185,0.009401614695009886
2002-01-29,946.2296294542392,-0.07865484396051663
2002-01-30,976.828885630471,0.032338087102472664
2002-01-31,1008.29372943639,0.03221121351833363
2002-02-01,972.577935402937,-0.03542201343790684
2002-02-04,887.3229951903874,-0.08765872338778559
2002-02-05,862.8572506068451,-0.027572535273125438
2002-02-06,826.4564473939588,-0.04218635607139623
2002-02-07,784.5440580760376,-0.050713367231972506
2002-02-08,833.0505163158364,0.06182757710096341
2002-02-11,871.0430585434436,0.04560652863601742
2002-02-12,853.3637905246369,-0.020296663690047515
2002-02-13,888.1271008379447,0.04073680029467361
2002-02-14,865.435269038953,-0.025550207597068005
2002-02-15,811.6130875816739,-0.062190880569320345
2002-02-19,737.7521692836802,-0.09100508533946097
2002-02-20,769.2561809441274,0.04270270284807971
2002-02-21,692.088382346113,-0.10031482425439135
2002-02-22,702.0804093705143,0.01443750145108541
2002-02-25,757.3062860973474,0.07866033005585314
2002-02-26,753.3759043210408,-0.005189950022151844
2002-02-27,734.1603653256939,-0.02550591130554455
2002-02-28,708.4737577314726,-0.03498773402569343
2002-03-01,795.8835720226066,0.12337763161619374
2002-03-04,870.6518958794175,0.09394379590823758
2002-03-05,880.3815074661328,0.011175088037783191
2002-03-06,914.4391328116366,0.038685075795749695
2002-03-07,901.6473654074201,-0.013988648282018996
2002-03-08,970.6434123382479,0.07652220765892347
2002-03-11,970.1651595302238,-0.0004927173068346624
2002-03-12,921.268524504529,-0.05040032054889673
2002-03-13,870.0825391731153,-0.05556033227005362
2002-03-14,858.9603684094426,-0.012782891579737594
2002-03-15,878.5789651569879,0.022839932398596552
2002-03-18,890.7502593391812,0.013853386735725599
2002-03-19,896.1111070301586,0.006018350974104127
2002-03-20,827.4409711835218,-0.07663127407740705
2002-03-21,876.0842008091546,0.05878755261061874
2002-03-22,851.4950712334229,-0.02806708482246465
2002-03-25,797.6409053412428,-0.06324659732224903
2002-03-26,813.0047147352087,0.01926156155117579
2002-03-27,816.3966246252567,0.0041720666910924934
2002-03-28,841.2763875444481,0.030475092827106903
2002-04-01,864.6572579546239,0.02779213913089952
2002-04-02,783.516006400735,-0.09384209848169353
2002-04-03,757.3417613327746,-0.03340613957358451
2002-04-04,764.1638788053822,0.009007977403229374
2002-04-05,738.8502970826416,-0.033125854839296115
2002-04-08,758.5289289022423,0.026634125880847476
2002-04-09,703.3014872560728,-0.07280861618039502
2002-04-10,732.9161916761633,0.04210812141977984
2002-04-11,680.815509315633,-0.07108682132042574
2002-04-12,717.4077363851208,0.053747640247312906
2002-04-15,714.3015450176069,-0.004329743338377341
2002-04-16,791.2413714869612,0.10771336980302583
2002-04-17,783.189149500621,-0.010176694844972137
2002-04-18,772.4411598660645,-0.013723363814998942
2002-04-19,765.1866170995587,-0.009391709224510608
2002-04-22,716.2847762437742,-0.06390838491288174
2002-04-23,681.5454476342637,-0.048499325633702406
2002-04-24,661.4677347599171,-0.02945909615277897
2002-04-25,661.8377524272591,0.0005593888377282143
2002-04-26,604.0803291204369,-0.08726825131234897
2002-04-29,596.371186930543,-0.0127617831905215
2002-04-30,630.1258637994664,0.056600113500880275
2002-05-01,618.0999395327835,-0.01908495581211391
2002-05-02,581.8992617390049,-0.058567677293646654
2002-05-03,548.1182712683326,-0.058052987332752166
2002-05-06,512.7806335534102,-0.06447082603751172
2002-05-07,508.20274318693436,-0.008927580464091499
2002-05-08,626.8071678028884,0.23338013461357354
2002-05-09,575.991121207717,-0.08107125956024731
2002-05-10,523.9798663074733,-0.09029870945091709
2002-05-13,574.624832468344,0.0966544125402559
2002-05-14,643.9650668467618,0.12067044523739377
2002-05-15,651.2354113221891,0.011289967188790545
2002-05-16,656.7144133000795,0.008413243325891297
2002-05-17,669.1346245939324,0.018912652200580627
2002-05-20,623.1123531303456,-0.0687787924463117
2002-05-21,581.9701650458057,-0.06602691774260744
2002-05-22,591.6541333489121,0.016639973807496093
2002-05-23,617.2589223572771,0.04327661646414174
2002-05-24,577.7935685497357,-0.06393646552215963
2002-05-28,567.9063047878083,-0.01711210421871692
2002-05-29,539.21925042743,-0.05051370995273044
2002-05-30,546.6797801005446,0.013835799940749047
2002-05-31,530.370437712051,-0.029833447261382106
2002-06-03,477.89767919676916,-0.09893605447098906
2002-06-04,492.14050861988017,0.02980309393226139
2002-06-05,508.14103724843466,0.0325121146264206
2002-06-06,469.5180380186592,-0.0760084236433995
2002-06-07,451.9104072371435,-0.037501500167744256
2002-06-10,447.5849405600941,-0.009571513750909467
2002-06-11,418.15747386309846,-0.06574722254991636
2002-06-12,436.5111124440052,0.04389169087747945
2002-06-13,417.2912576307963,-0.044030619760394796
2002-06-14,423.8519530277963,0.01572210123511541
2002-06-17,464.7881060916942,0.09658125383514114
2002-06-18,455.4820446096123,-0.020022159259484168
2002-06-19,414.596973446015,-0.08976220171014494
2002-06-20,387.91067741678046,-0.06436683752760042
2002-06-21,368.9821890463626,-0.04879599730656727
2002-06-24,383.7913720599781,0.04013522455349377
2002-06-25,355.10475170537086,-0.07474534979938037
2002-06-26,359.0745103725009,0.011179120099254028
2002-06-27,381.56074393123504,0.06262275073607172
2002-06-28,384.6793484518815,0.008173284516943026
2002-07-01,337.7406168408,-0.12202040946565894
2002-07-02,304.52962970420117,-0.09833281956802188
2002-07-03,319.54588400795444,0.04930966592097799
2002-07-05,366.86390411785874,0.14807895353371658
2002-07-08,334.30058563490195,-0.08876130389893984
2002-07-09,316.80326607309604,-0.05234008049544718
2002-07-10,292.6200411466218,-0.07633515028501763
2002-07-11,311.1346407112361,0.06327180972316675
2002-07-12,310.48098064756255,-0.0021008913124535506
2002-07-15,316.599640485547,0.019707035919633135
2002-07-16,311.5211797375692,-0.016040639655147258
2002-07-17,326.4424686777285,0.047898152391209134
2002-07-18,298.1731823210258,-0.08659806572107137
2002-07-19,273.2337598805242,-0.08364072934517215
2002-07-22,250.49500749867272,-0.08322087428652426
2002-07-23,219.07381222427972,-0.12543641323693647
2002-07-24,251.77362233886385,0.14926389321744785
2002-07-25,222.39716063158323,-0.11667807546472303
2002-07-26,234.23940507191702,0.053248181796490296
2002-07-29,274.90657505781286,0.1736137007921877
2002-07-30,280.408876146575,0.02001516728948724
2002-07-31,270.4195991690795,-0.03562396852328559
2002-08-01,240.9247434016244,-0.10907070293012856
2002-08-02,222.79311850135014,-0.07525845890410941
2002-08-05,200.29891657070607,-0.10096452745917171
2002-08-06,226.9611092304437,0.13311201636143535
2002-08-07,238.48631593507727,0.05078053567728886
2002-08-08,258.36528494047104,0.08335475738912147
2002-08-09,252.22399345285925,-0.023769801306807822
2002-08-12,252.58741704962816,0.0014408763884583599
2002-08-13,230.7905841757481,-0.08629421500279025
2002-08-14,266.2415680397526,0.15360671662847575
2002-08-15,272.633783962298,0.024009083065462553
2002-08-16,282.34404733809833,0.03561650810357065
2002-08-19,303.15152482435013,0.07369547076491234
2002-08-20,291.4238526313213,-0.03868584266506313
2002-08-21,312.1455216938971,0.07110491771855966
2002-08-22,321.22692439242957,0.029093490270983638
2002-08-23,292.53649835948613,-0.08931513473600843
2002-08-26,299.5428002877604,0.02395018046488173
2002-08-27,271.1371453133119,-0.09483003746763448
2002-08-28,250.96035629631243,-0.07441543648947188
2002-08-29,263.19480885411303,0.048750538684106615
2002-08-30,250.81015201609995,-0.047055095394673244
2002-09-03,221.54819800777528,-0.11666973514870438
2002-09-04,236.5046505603607,0.06750879802714761
2002-09-05,213.8075352911296,-0.09596900194331834
2002-09-06,236.5062098180276,0.10616405308629796
2002-09-09,241.55006778107614,0.021326535006963958
2002-09-10,250.1369684699239,0.035549154540624454
2002-09-11,247.48159083191254,-0.01061569449031933
2002-09-12,227.27531149086252,-0.08164760567897746
2002-09-13,233.50371412880384,0.02740466000061665
2002-09-16,225.03528823505607,-0.03626677171000566
2002-09-17,216.58499427034005,-0.037550972698510446
2002-09-18,212.5419843077431,-0.018667082529043977
2002-09-19,194.3574680775792,-0.08555729019558904
2002-09-20,196.56773517914326,0.01137217480463275
2002-09-23,179.06307618703696,-0.08905153725332048
2002-09-24,177.7991212418598,-0.007058713455011306
2002-09-25,195.88872550070354,0.10174180914109514
2002-09-26,195.54788749068393,-0.0017399572596554834
2002-09-27,184.75303388235488,-0.05520312055962931
2002-09-30,172.1879181681126,-0.06801033493308363
2002-10-01,190.53657392962063,0.10656180733652676
2002-10-02,178.08037425630843,-0.06537432376585713
2002-10-03,168.28554128005385,-0.055002315764212356
2002-10-04,157.1590961922958,-0.06611646492696518
2002-10-07,148.64657724008563,-0.05416497777382538
2002-10-08,152.54407729622963,0.026219911204877218
2002-10-09,146.41371210490144,-0.04018750055712401
2002-10-10,165.8242222778897,0.1325730349564607
2002-10-11,185.95304937173609,0.12138653097443326
2002-10-14,190.54973205347045,0.024719587537094873
2002-10-15,219.53246799921027,0.15210063868054643
2002-10-16,193.82910587666626,-0.11708228107122846
2002-10-17,212.6270390255234,0.09698199382304484
2002-10-18,220.41819745570598,0.03664236903213121
2002-10-21,231.56966874903935,0.05059233503429006
2002-10-22,222.60461546000732,-0.03871428126775872
2002-10-23,236.75816823103554,0.06358157822460343
2002-10-24,225.16375866813704,-0.04897152925927493
2002-10-25,242.0102272355975,0.07481873933491238
2002-10-28,233.61371672192365,-0.034694858186715596
2002-10-29,225.4533360763669,-0.034931085212219215
2002-10-30,239.0577332333093,0.060342407851238324
2002-10-31,240.67325212378387,0.006757860825601766
2002-11-01,257.4612213725745,0.06975419620023345
2002-11-04,277.75052390727245,0.07880527570921879
2002-11-05,280.4933243625854,0.009875050519179633
2002-11-06,291.1753150809568,0.038082869682000454
2002-11-07,265.1272136847776,-0.08945848101490665
2002-11-08,255.03837708391538,-0.038052814196800275
2002-11-11,232.41811983278942,-0.08869354294739422
2002-11-12,248.45361027638825,0.06899414923042727
2002-11-13,254.9420641798019,0.026115353671841028
2002-11-14,283.1160333157843,0.11051126155514394
2002-11-15,282.86728788174463,-0.0008785988950410993
2002-11-18,272.31335593534106,-0.037310542429408664
2002-11-19,261.0512812614436,-0.041357041174916
2002-11-20,286.58122069575757,0.09779664482376414
2002-11-21,315.7570979182784,0.10180666113323154
2002-11-22,316.5028110051258,0.0023616669008034727
2002-11-25,324.9430884115433,0.026667306301683406
2002-11-26,300.27136856954286,-0.07592627977596333
2002-11-27,327.3849326567301,0.09029686785108101
2002-11-29,321.29216665218235,-0.018610404440744844
2002-12-02,325.1346022576123,0.011959319287076149
2002-12-03,301.58012280098535,-0.07244531739492964
2002-12-04,289.9385138518326,-0.03860204326806745
2002-12-05,277.9989100948861,-0.04117977842380738
2002-12-06,284.8899911652165,0.024788158586586964
2002-12-09,251.60246025839385,-0.11684345515500465
2002-12-10,264.6253709983233,0.051759870418417495
2002-12-11,267.9344845091002,0.012504898900256214
2002-12-12,269.61909186140815,0.006287385348677636
2002-12-13,248.14101200824248,-0.07966082707602173
2002-12-16,268.8021220776165,0.08326358429088578
2002-12-17,264.01485445326847,-0.01780963478765127
2002-12-18,246.61955980529055,-0.06588756031928857
2002-12-19,242.57538896535766,-0.016398418856662447
2002-12-20,247.36812305280603,0.019757709584185323
2002-12-23,257.4638999575867,0.04081276431331248
2002-12-24,252.2914704983163,-0.0200899211894269
2002-12-26,249.72993864982524,-0.01015306559287005
2002-12-27,238.98830271645468,-0.04301300833790943
2002-12-30,234.27397324083623,-0.019726193382827353
2002-12-31,232.14291286621366,-0.009096445265099121
2003-01-02,257.8480868834608,0.11072995380247207
2003-01-03,259.0851639850046,0.004797697421361633
2003-01-06,278.2459101392967,0.07395539698058919
2003-01-07,284.25648581591884,0.02160166765295159
2003-01-08,266.07857026744364,-0.06394899133540616
2003-01-09,287.3720636883108,0.08002708898903219
2003-01-10,292.91235839509994,0.019279169435196943
2003-01-13,291.8635012712685,-0.0035807882247722725
2003-01-14,300.9061881320645,0.03098258885201086
2003-01-15,287.18542434932067,-0.0455981442851616
2003-01-16,278.1639343218202,-0.03141346761570706
2003-01-17,250.2787304514573,-0.10024737368756528
2003-01-21,243.7311922260454,-0.02616098544850909
2003-01-22,240.49658839603055,-0.01327119356563515
2003-01-23,259.31429130172376,0.07824519687034275
2003-01-24,229.47004752834644,-0.1150890821464684
2003-01-27,219.22550009815328,-0.044644377514793825
2003-01-28,232.2589884831506,0.05945242856858293
2003-01-29,240.95000471224012,0.03741950434663168
2003-01-30,219.0705695604803,-0.09080487538437625
2003-01-31,223.52737174456686,0.020344139301907257
2003-02-03,225.88309225138414,0.010538845817545966
2003-02-04,210.8540469925287,-0.06653461801439167
2003-02-05,208.59024152754583,-0.010736362414059283
2003-02-06,203.7656002735042,-0.023129755345743304
2003-02-07,197.6386352842278,-0.030068691580190543
2003-02-10,206.9077822517261,0.04689946858906482
2003-02-11,200.78245523430485,-0.029604140311982698
2003-02-12,197.4824403299141,-0.016435773237954147
2003-02-13,189.6228648180782,-0.039798857552629505
2003-02-14,211.5185087408626,0.1154694289836344
2003-02-18,229.19004526296874,0.08354605290715277
2003-02-19,216.52264630405324,-0.055270284293460994
2003-02-20,219.93988416703667,0.01578235774093005
2003-02-21,231.34089163045144,0.05183692583358873
2003-02-24,215.59538877292155,-0.06806190961986115
2003-02-25,220.4387463210516,0.022465033114559625
2003-02-26,206.26481141622978,-0.06429874575760207
2003-02-27,220.01286626536873,0.06665244912471373
2003-02-28,225.42746523189976,0.024610374195117274
2003-03-03,212.37026730969293,-0.057921948014518616
2003-03-04,207.72828652528239,-0.021857959888713096
2003-03-05,212.68868792488135,0.023879277505113563
2003-03-06,204.02359070406388,-0.04074075262468997
2003-03-07,209.06479471373115,0.024708927003346075
2003-03-10,193.08333595238446,-0.07644261092944808
2003-03-11,189.58469042747228,-0.01811987299502103
2003-03-12,194.10790083931138,0.02385852149580368
2003-03-13,221.94818830538978,0.14342686385097467
2003-03-14,222.7602368360214,0.0036587301605467016
2003-03-17,247.61883636543246,0.11159352262544954
2003-03-18,251.9533513866522,0.017504787135106857
2003-03-19,240.08265631621043,-0.04711465437990853
2003-03-20,257.23229064257805,0.07143220834652894
2003-03-21,265.053308993587,0.03040449677399241
2003-03-24,233.03605762650815,-0.12079551652703006
2003-03-25,249.25980966498,0.06961906326305087
2003-03-26,240.28443137677547,-0.03600812461611023
2003-03-27,245.02361835461105,0.019723237792316033
2003-03-28,232.04514755843988,-0.052968243973068915
2003-03-31,226.48002004825244,-0.023982951458986594
2003-04-01,226.15707564870974,-0.001425928872109346
2003-04-02,248.4039668551127,0.09836920265523383
2003-04-03,254.36440671073765,0.023994946341181086
2003-04-04,236.0579059511892,-0.07196958488129411
2003-04-07,241.83559425218354,0.0244757246223687
2003-04-08,243.39919270974366,0.006465543099208207
2003-04-09,224.55570533337956,-0.07741803564170069
2003-04-10,230.26395370192122,0.02542018854549749
2003-04-11,223.00055939473248,-0.03154377483065055
2003-04-14,239.1679710955784,0.07249942217511668
2003-04-15,243.05676409091134,0.01625967297175794
2003-04-16,241.98165108009977,-0.004423300107827636
2003-04-17,259.4496278886235,0.07218719572560303
2003-04-21,252.97767007898213,-0.024944949284797853
2003-04-22,273.7073291122294,0.08194264350199483
2003-04-23,282.5973150312393,0.032479897223960365
2003-04-24,281.3405824231595,-0.004447079081203892
2003-04-25,261.81290742705323,-0.06940937858277059
2003-04-28,280.0952343876511,0.06982973887829323
2003-04-29,276.6913186561423,-0.012152708484849766
2003-04-30,284.19528573224034,0.027120356043492392
2003-05-01,287.7520792682911,0.012515315047842916
2003-05-02,302.55189246027004,0.051432515204104134
2003-05-05,301.5804893775468,-0.003210699079830643
2003-05-06,319.1275314346023,0.05818361158996738
2003-05-07,301.14204424305535,-0.056358306382076076
2003-05-08,301.72109794972914,0.001922859055198664
2003-05-09,311.40643667954544,0.03210030321257147
2003-05-12,326.2846272533899,0.04777740220300896
2003-05-13,328.92311316326067,0.008086454860227818
2003-05-14,314.6069561830856,-0.04352432652876329
2003-05-15,320.7128649531658,0.019408053922771337
2003-05-16,319.64991456699505,-0.0033143365992692425
2003-05-19,293.4373936259489,-0.08200384153568195
2003-05-20,286.1549422908289,-0.024817734526374344
2003-05-21,284.9970702023831,-0.004046311691059384
2003-05-22,305.0298680313566,0.07029124129152527
2003-05-23,306.04203360142304,0.0033182506900024987
2003-05-27,332.5481715770273,0.08660946884872943
2003-05-28,341.2249544883486,0.026091807602410828
2003-05-29,353.85449839053285,0.03701236892571852
2003-05-30,359.6200386306832,0.016293533829227238
2003-06-02,350.521395561497,-0.025300712117797768
2003-06-03,361.9501957518239,0.03260514289582587
2003-06-04,385.5206827654253,0.06512080195078238
2003-06-05,390.7593239370733,0.013588482812569466
2003-06-06,375.9113749778673,-0.03799768309967977
2003-06-09,356.5415634291127,-0.05152760155208121
2003-06-10,376.9201927209984,0.05715639179872871
2003-06-11,390.66213427101957,0.03645849125465447
2003-06-12,389.58928337331,-0.002746237230571466
2003-06-13,373.98408717303056,-0.040055506828010894
2003-06-16,404.1005868965363,0.08052882664382398
2003-06-17,408.6811977291714,0.011335323385233931
2003-06-18,416.6870377204026,0.019589450250502155
2003-06-19,388.29713966917626,-0.0681324242926797
2003-06-20,382.72433162753754,-0.01435191628345937
2003-06-23,356.4291841936282,-0.06870518872445097
2003-06-24,354.2807295457718,-0.00602771810820425
2003-06-25,355.6189424398255,0.0037772669593668933
2003-06-26,379.5205650787388,0.06721133153068098
2003-06-27,369.13939326557386,-0.027353384159857563
2003-06-30,369.2324638329039,0.00025212851575299756
2003-07-01,383.10879662500355,0.03758156216290731
2003-07-02,408.9980657812386,0.06757680686088795
2003-07-03,395.96006872950665,-0.031877894157831196
2003-07-07,439.03298941089633,0.10878097081757544
2003-07-08,459.05899985969904,0.045613908138597996
2003-07-09,467.5080958077122,0.018405250633568716
2003-07-10,427.0564897271952,-0.08652600124630758
2003-07-11,449.4920045557655,0.05253523917386721
2003-07-14,458.349644724322,0.019705890380209354
2003-07-15,453.0037060013152,-0.011663451220131519
2003-07-16,446.77909760773116,-0.013740744967693362
2003-07-17,415.32996310644677,-0.07039079193650302
2003-07-18,431.03941614618583,0.03782403013315187
2003-07-21,401.08992752034146,-0.06948201835835612
2003-07-22,426.33180700896355,0.06293321710837999
2003-07-23,433.571351790331,0.016981010242135705
2003-07-24,418.6218011690526,-0.03448002401345875
2003-07-25,441.2244176120384,0.053992927219426196
2003-07-28,448.58309229088565,0.016677850057966688
2003-07-29,427.3991838285102,-0.04722404572626787
2003-07-30,430.27390952074177,0.006726090739061875
2003-07-31,460.5555075857826,0.07037749069835506
2003-08-01,426.45005939994127,-0.07405285057738428
2003-08-04,433.31938291519776,0.016108154668620145
2003-08-05,393.9050319446293,-0.09095912281930399
2003-08-06,397.01768030310774,0.00790202740775342
2003-08-07,384.89821179930163,-0.03052626899273946
2003-08-08,372.6661297579007,-0.0317800438308586
2003-08-11,391.1479085895466,0.04959339568544212
2003-08-12,404.79648700930227,0.03489365050927027
2003-08-13,410.7921179095884,0.014811469695754325
2003-08-14,414.05596126323786,0.007945243375793904
2003-08-15,417.68763402713955,0.00877097084370396
2003-08-18,442.8200692735638,0.06017040773773829
2003-08-19,459.6365180729483,0.03797580544841059
2003-08-20,465.0144035566948,0.011700300720868586
2003-08-21,460.6210393195942,-0.009447802484175994
2003-08-22,462.43208583998023,0.003931749455172852
2003-08-25,452.0283298181308,-0.022497911240202208
2003-08-26,466.7961355020893,0.032670088819212274
2003-08-27,476.18921659638545,0.020122448280752932
2003-08-28,490.2177971578872,0.02946009710545871
2003-08-29,500.9579424955081,0.021908925787453206
2003-09-02,523.8097143999181,0.045616148514533085
2003-09-03,528.084706217982,0.008161345046762523
2003-09-04,548.220965193261,0.03813073686509531
2003-09-05,531.219668023442,-0.031011760310599868
2003-09-08,563.8548052961687,0.06143435425528448
2003-09-09,545.1708218160912,-0.03313616077150151
2003-09-10,506.6249820302356,-0.07070415041188446
2003-09-11,530.6003790686042,0.047323756010393056
2003-09-12,532.6792994908795,0.003918053028768248
2003-09-15,522.9349279133161,-0.018293129819155395
2003-09-16,560.4234442667159,0.07168868314646999
2003-09-17,556.1568723464222,-0.007613121763448537
2003-09-18,580.4243360677641,0.04363420633275223
2003-09-19,576.2034580939452,-0.007272055479986073
2003-09-22,540.7558513592223,-0.06151925372329756
2003-09-23,571.0216197920314,0.05596937759755034
2003-09-24,518.486464649114,-0.09200204216794952
2003-09-25,496.33678437238325,-0.042719881398872395
2003-09-26,475.72066049368755,-0.04153656252732657
2003-09-29,501.57961298139605,0.05435742996924481
2003-09-30,483.518555677934,-0.03600835607353917
2003-10-01,507.271970712704,0.049126170559195326
2003-10-02,500.10392766359314,-0.014130571888369739
2003-10-03,556.0146124847423,0.11179813180503326
2003-10-06,558.2520139991507,0.004023997686697116
2003-10-07,570.3108626393799,0.02160108398685965
2003-10-08,556.042255822017,-0.02501899885148302
2003-10-09,562.3895408847235,0.011415112783691523
2003-10-10,575.4385677593589,0.023202826379216276
2003-10-13,582.6332506049437,0.012502955569348542
2003-10-14,602.0485847597391,0.03332342281295589
2003-10-15,592.45572771703,-0.015933692538347994
2003-10-16,609.6578001245259,0.029035203142996697
2003-10-17,570.7296420657821,-0.06385247273272425
2003-10-20,584.0459966109407,0.023332158632867875
2003-10-21,608.8912748470934,0.04253993414957565
2003-10-22,557.3026939984297,-0.08472543946637887
2003-10-23,553.618526901712,-0.006610711084644563
2003-10-24,508.35036905421373,-0.08176777988417114
2003-10-27,534.7991096132748,0.052028565668731507
2003-10-28,584.9953297834038,0.09385995464058824
2003-10-29,589.6171229662007,0.007900564239560903
2003-10-30,582.6586490312518,-0.01180168225092031
2003-10-31,589.3150423804029,0.01142417324486342
2003-11-03,618.5709890007242,0.04964398414496372
2003-11-04,603.8311281938909,-0.02382889121690782
2003-11-05,615.4108846574835,0.01917714394458057
2003-11-06,626.4332298548388,0.017910546388028324
2003-11-07,617.76615105949,-0.013835598723517898
2003-11-10,590.3308581719626,-0.04441048257576901
2003-11-11,575.4931386167877,-0.025134582327479723
2003-11-12,620.0025991331723,0.07734142690799789
2003-11-13,617.4273876808521,-0.004153549446277518
2003-11-14,579.6731568398275,-0.06114764520381108
2003-11-17,543.9929330625572,-0.06155231332736914
2003-11-18,536.2324256482142,-0.014265823952258281
2003-11-19,554.74875676957,0.03453042045895062
2003-11-20,535.0402144756775,-0.03552696973790427
2003-11-21,545.1861679010882,0.018962973531537947
2003-11-24,592.0690777599818,0.08599431280398788
2003-11-25,600.3141038248857,0.013925783957672433
2003-11-26,576.7536167091716,-0.03924693250683101
2003-11-28,605.7796511838422,0.050326575566680756
2003-12-01,630.4929680581612,0.040795884817231794
2003-12-02,619.4548689980016,-0.017507093051577615
2003-12-03,602.4310532443556,-0.027481930654904528
2003-12-04,586.3124874710822,-0.026755868055718193
2003-12-05,579.8736040653323,-0.010981999434333325
2003-12-08,591.8233606680361,0.020607519498951843
2003-12-09,553.4509493121691,-0.06483760849276571
2003-12-10,536.5577524436967,-0.030523385838378908
2003-12-11,586.3961203494964,0.09288537474077294
2003-12-12,589.1792030752647,0.004746079704806882
2003-12-15,561.2248158205103,-0.04744632381598731
2003-12-16,566.4987973015108,0.009397270634389087
2003-12-17,557.9661525110498,-0.015062070442348328
2003-12-18,593.486251272714,0.06365995249319482
2003-12-19,589.5692907199953,-0.0065999179329241
2003-12-22,580.9890353326592,-0.014553429974036903
2003-12-23,610.7370773159226,0.05120241549176642
2003-12-24,610.2807625006726,-0.0007471542701410399
2003-12-26,609.1553207528559,-0.0018441376772309226
2003-12-29,639.9732956105878,0.050591325082154574
2003-12-30,643.4446180279443,0.005424167603813097
2003-12-31,630.4495939710131,-0.0201960257228647
2004-01-02,633.3841893787323,0.004654766115773296
2004-01-05,678.5178573447733,0.07125796431753574
2004-01-06,692.5854971934607,0.02073289552575353
2004-01-07,709.2344597320007,0.024038855283580247
2004-01-08,731.8915451751855,0.03194583276698971
2004-01-09,745.5328384743383,0.01863840809349384
2004-01-12,744.5747616889581,-0.0012850899865668455
2004-01-13,720.0418330435429,-0.03294891246349255
2004-01-14,743.1474814434297,0.03208931389752966
2004-01-15,753.544711680838,0.013990803302210685
2004-01-16,773.6065920376491,0.026623344369389283
2004-01-20,762.331768882415,-0.014574362823792236
2004-01-21,773.0871408487308,0.014108518633669687
2004-01-22,750.0357659034181,-0.029817304838372725
2004-01-23,738.7886347737796,-0.014995459737965119
2004-01-26,786.3913819796876,0.0644335131393625
2004-01-27,744.9630665100171,-0.052681548169281014
2004-01-28,699.6305285132113,-0.06085206104133252
2004-01-29,667.1206615431825,-0.04646719324714967
2004-01-30,690.9864800388731,0.03577436567544508
2004-02-02,711.0160209721042,0.028986878197825746
2004-02-03,696.6135670728262,-0.020256159459792405
2004-02-04,638.5512094343957,-0.08334944994311391
2004-02-05,637.4475590379488,-0.0017283663082000094
2004-02-06,686.0827120298859,0.07629671225871248
2004-02-09,682.4298881212258,-0.005324174249854948
2004-02-10,697.1940904688105,0.021634753407755152
2004-02-11,711.6048803184842,0.020669695923531867
2004-02-12,693.5924882937024,-0.02531235032665902
2004-02-13,671.1674003601548,-0.03233179181152225
2004-02-17,705.3879696530325,0.05098663801983632
2004-02-18,692.637178921715,-0.018076280401534868
2004-02-19,666.303529658124,-0.0380193989941267
2004-02-20,643.6363145349741,-0.03401935321396292
2004-02-23,621.4030774269812,-0.03454316763350481
2004-02-24,638.6038885692636,0.027680601797958775
2004-02-25,644.3944836650913,0.009067585085961614
2004-02-26,656.7522473216574,0.019177326885667072
2004-02-27,638.985038629311,-0.027053137259604242
2004-03-01,675.902101165611,0.05777453352505867
2004-03-02,657.9870595557434,-0.02650537937220887
2004-03-03,657.6283462202656,-0.0005451677662474768
2004-03-04,672.8937314101161,0.023212784664147414
2004-03-05,686.5169387010578,0.0202457039722942
2004-03-08,626.4597875969984,-0.08748094579820874
2004-03-09,606.3258781839737,-0.032139188838050156
2004-03-10,584.1847609047959,-0.03651686011735707
2004-03-11,566.9822089697377,-0.029447108323083598
2004-03-12,602.6925491153446,0.06298317580457426
2004-03-15,561.1334685378952,-0.06895568999227127
2004-03-16,551.1164539895058,-0.01785139384840122
2004-03-17,596.2229540859134,0.08184567847663402
2004-03-18,566.6154008237154,-0.04965852632693458
2004-03-19,560.4016470421503,-0.01096643997415501
2004-03-22,523.2096822961785,-0.06636662283609324
2004-03-23,524.2696645066542,0.002025922390854494
2004-03-24,543.7680300819804,0.037191481589297255
2004-03-25,581.638788624461,0.0696450626874312
2004-03-26,575.2703842626888,-0.010949070946305046
2004-03-29,607.0757364944297,0.055287657946280634
2004-03-30,611.1082517473309,0.006642524170356273
2004-03-31,614.1229865020599,0.004933225408279123
2004-04-01,627.9682285733045,0.0225447383920682
2004-04-02,663.4703260069548,0.05653486246319883
2004-04-05,684.6182757265477,0.03187474841093543
2004-04-06,659.1009297468156,-0.03727237043541081
2004-04-07,665.9276223222621,0.010357582985156545
2004-04-08,651.9936744976258,-0.020924117513019078
2004-04-12,674.1976682128247,0.034055535480934804
2004-04-13,631.8965511821275,-0.06274290022810336
2004-04-14,620.4351711561678,-0.018138063903843298
2004-04-15,597.5149487748996,-0.03694217131268822
2004-04-16,613.6723790075914,0.027041047702354257
2004-04-19,625.7700683637935,0.019713596000142723
2004-04-20,586.8846163198573,-0.06214015979640948
2004-04-21,602.2345039135768,0.02615486446036552
2004-04-22,637.9447643232952,0.05929627109980898
2004-04-23,637.0603507091977,-0.0013863482601595503
2004-04-26,634.4096416015507,-0.00416084458041724
2004-04-27,630.5310247372356,-0.006113741989361361
2004-04-28,591.2273489046005,-0.06233424572409323
2004-04-29,555.9689598044441,-0.059635923753326804
2004-04-30,533.0520644039182,-0.04121973897353316
2004-05-03,538.5621335955558,0.010336831164511595
2004-05-04,575.3462687497099,0.06830063396506436
2004-05-05,573.0072285504353,-0.00406544775958574
2004-05-06,534.5086820613398,-0.06718684262760051
2004-05-07,530.0324306833586,-0.00837451575289385
2004-05-10,521.6867616450595,-0.015745581883620227
2004-05-11,540.939606828241,0.036904990884703566
2004-05-12,537.3443936968675,-0.006646237557744728
2004-05-13,546.2200062506739,0.016517549374141894
2004-05-14,512.1177609144877,-0.062433167855327314
2004-05-17,504.08971349756285,-0.015676174563032486
2004-05-18,516.6042083354617,0.024825927811676075
2004-05-19,512.322453626826,-0.008288269122761928
2004-05-20,505.8378367346952,-0.012657295900706635
2004-05-21,513.57850252711,0.015302662692025439
2004-05-24,526.2494988723482,0.02467197572112041
2004-05-25,568.3573825757758,0.08001505710439015
2004-05-26,576.5507299276628,0.014415836941811257
2004-05-27,570.2928924938509,-0.010853923356574481
2004-05-28,589.1829124716593,0.03312336560114504
2004-06-01,573.006507920998,-0.027455658010854825
2004-06-02,595.2972300467824,0.03890134198765085
2004-06-03,561.256302177017,-0.05718307788378295
2004-06-04,591.5004619887752,0.05388653934832667
2004-06-07,613.7584618784922,0.037629725283527114
2004-06-08,616.3916213565317,0.004290221058590955
2004-06-09,585.7047818988284,-0.04978464728344105
2004-06-10,584.7071030579652,-0.0017033817576641859
2004-06-14,562.1910619442931,-0.03850823941750535
2004-06-15,599.1873850741598,0.06580738406248911
2004-06-16,595.1201621601952,-0.006787898102129227
2004-06-17,572.068160145968,-0.03873503786286103
2004-06-18,593.023268478823,0.036630439854418884
2004-06-21,568.058979171623,-0.04209664381506712
2004-06-22,587.4215005748555,0.034085406820728394
2004-06-23,612.4481904787137,0.0426043137327575
2004-06-24,603.8388043350549,-0.014057329709684383
2004-06-25,621.8837472446239,0.02988370866532855
2004-06-28,603.3253933790583,-0.029842159322850937
2004-06-29,624.7529729379293,0.03551579262868587
2004-06-30,641.327857258211,0.02653030083608515
2004-07-01,595.4561626803028,-0.0715261220275347
2004-07-02,586.4737516651318,-0.01508492409372147
2004-07-06,552.9527282329933,-0.057156903163977486
2004-07-07,568.3671930525112,0.027876641225328864
2004-07-08,531.8145218679208,-0.06431171895808802
2004-07-09,536.4501123899771,0.008716554985701628
2004-07-12,537.2236170362556,0.0014418948349781242
2004-07-13,528.3574749594807,-0.016503634232775472
2004-07-14,534.1547586954501,0.010972275420943063
2004-07-15,524.2728200092827,-0.018500141626186847
2004-07-16,489.2688057696104,-0.06676679183760184
2004-07-19,479.23240475117785,-0.020513061327597764
2004-07-20,515.288917299586,0.07523805191581141
2004-07-21,480.83370997873527,-0.06686580317196836
2004-07-22,495.1341498287519,0.02974092613150826
2004-07-23,458.6786721624636,-0.0736274758646659
2004-07-26,445.58321329635123,-0.02855039848348117
2004-07-27,477.06962448189023,0.07066336936844585
2004-07-28,474.6247624591925,-0.0051247488778036155
2004-07-29,473.5520296913031,-0.0022601702497173025
2004-07-30,495.35451200387297,0.046040310136105635
2004-08-02,492.79547645449196,-0.005166068921082108
2004-08-03,466.25315697509274,-0.0538607206185472
2004-08-04,470.46790699464367,0.00903961711893804
2004-08-05,436.6980423358421,-0.07177931620144722
2004-08-06,404.54876468087156,-0.07361901025021358
2004-08-09,403.8583729680613,-0.0017065722926008435
2004-08-10,427.09347313410933,0.057532792982072284
2004-08-11,408.45750557803615,-0.043634400262121016
2004-08-12,387.86290888998695,-0.050420414380449155
2004-08-13,390.98596882059985,0.008051968515243306
2004-08-16,408.03463722186694,0.043604297240368864
2004-08-17,416.5369897574812,0.020837330363674817
2004-08-18,441.66008484431086,0.060314199469912455
2004-08-19,433.334493862162,-0.018850675593842018
2004-08-20,446.2586324063766,0.029824855226792932
2004-08-23,446.70086227281115,0.0009909721276424135
2004-08-24,445.36153899809784,-0.0029982554049679607
2004-08-25,462.67450589330747,0.038873960544858796
2004-08-26,456.83515615186,-0.012620859085747805
2004-08-27,463.5897214610149,0.014785563716356363
2004-08-30,444.4141045465815,-0.041363334920370955
2004-08-31,445.5628861537679,0.00258493507616839
2004-09-01,454.49478090598745,0.020046316759733472
2004-09-02,471.43669948557994,0.03727637652036528
2004-09-03,449.5601981438798,-0.046403899750637176
2004-09-07,459.77440162464615,0.02272043548992605
2004-09-08,453.87587634210445,-0.012829172876303778
2004-09-09,467.8422199530765,0.03077128426284782
2004-09-10,486.33313225271235,0.03952382130345228
2004-09-13,498.6444872545475,0.02531465406193605
2004-09-14,502.55294571597864,0.007838166391752088
2004-09-15,487.6693734635949,-0.029615928787720753
2004-09-16,493.4793022902584,0.011913663524529565
2004-09-17,498.1298798493847,0.009424057984889723
2004-09-20,496.48213032845587,-0.0033078712753128077
2004-09-21,506.6856556461232,0.020551646664336256
2004-09-22,478.60635805425596,-0.055417589345529504
2004-09-23,479.1330046123925,0.001100375181553176
2004-09-24,473.81572778705004,-0.01109770517613162
2004-09-27,458.9282030749908,-0.03142049501309556
2004-09-28,466.302656518516,0.016068860867808146
2004-09-29,484.2891511503546,0.03857257594483451
2004-09-30,486.49194837556337,0.0045485165628351394
2004-10-01,521.3711278600668,0.07169528622409474
2004-10-04,529.5149882066759,0.015620083106701783
2004-10-05,532.0133914656027,0.004718286195048577
2004-10-06,544.6646841197563,0.023780026700646724
2004-10-07,525.9792232774558,-0.034306356529244124
2004-10-08,502.83533759653767,-0.044001520700200136
2004-10-11,509.6735681776838,0.013599343701323142
2004-10-12,506.8046256364816,-0.005628980430474357
2004-10-13,503.11731168976706,-0.007275612258044729
2004-10-14,489.33345363021266,-0.027396906723920884
2004-10-15,495.85291334206636,0.013323143274770704
2004-10-18,515.2568006140225,0.03913234499556178
2004-10-19,504.36180552496035,-0.02114478659200381
2004-10-20,512.262917372084,0.015665563412161687
2004-10-21,528.6574025787179,0.032004044506555016
2004-10-22,497.39504295174993,-0.05913538612052818
2004-10-25,496.47070512931873,-0.0018583575279436401
2004-10-26,507.9260503132939,0.02307355714168743
2004-10-27,540.451879354282,0.06403654433736132
2004-10-28,545.1599219502922,0.008711307659130165
2004-10-29,544.5145094199532,-0.001183895778747021
2004-11-01,548.4771864596706,0.00727744985884534
2004-11-02,552.5413766105984,0.007409952959322577
2004-11-03,568.835561420213,0.02948952874727048
2004-11-04,585.2421309544077,0.028842376684805538
2004-11-05,598.4988922649487,0.02265175490513995
2004-11-08,598.6909346720222,0.00032087345449660686
2004-11-09,602.2574112424428,0.005957124726424144
2004-11-10,594.4755694263201,-0.0129211225480297
2004-11-11,617.8618548685992,0.039339354962639086
2004-11-12,639.4788138518952,0.03498671881579954
2004-11-15,647.4420065662767,0.012452629456815389
2004-11-16,633.0639684979712,-0.022207453212002386
2004-11-17,652.277513154962,0.030350084056398625
2004-11-18,656.5351555524579,0.006527348117371724
2004-11-19,625.0091674641966,-0.048018735663489395
2004-11-22,638.1092240794397,0.02095978314749055
2004-11-23,637.2450230716803,-0.0013543151785749396
2004-11-24,653.964659890008,0.02623737528421149
2004-11-26,653.3738250934599,-0.0009034659405714116
2004-11-29,657.854789270028,0.006858193586079451
2004-11-30,648.4016470252236,-0.014369648741622472
2004-12-01,686.7976372871875,0.05921636756803339
2004-12-02,691.9122853226576,0.007447096142719135
2004-12-03,696.1321712691039,0.006098874143387247
2004-12-06,699.2367896952533,0.004459811734443214
2004-12-07,663.5161559716927,-0.051085174936416934
2004-12-08,674.2736953914459,0.016212927632484286
2004-12-09,677.0024124104392,0.0040468982219587874
2004-12-10,676.0751619669022,-0.001369641269424078
2004-12-13,695.4551934640566,0.02866549843477793
2004-12-14,706.435889233517,0.015789221034881572
2004-12-15,709.0631848816867,0.003719085748914056
2004-12-16,692.8993797950938,-0.02279600102110795
2004-12-17,682.262292691628,-0.01535156101108275
2004-12-20,675.124364045365,-0.01046214736286065
2004-12-21,697.0433622837512,0.032466608236513574
2004-12-22,702.9618459723771,0.008490840037892182
2004-12-23,706.4400270142988,0.004947894486521451
2004-12-27,700.034971205318,-0.009066666049559975
2004-12-28,722.3963943360529,0.031943294336043176
2004-12-29,722.1747000413015,-0.00030688732182165314
2004-12-30,723.475694796896,0.0018014958922266816
2004-12-31,720.5536134665607,-0.00403894885667953
2005-01-03,697.201371593872,-0.03240874993373749
2005-01-04,654.0716055107247,-0.06186127543689182
2005-01-05,638.5195251182894,-0.023777336091958458
2005-01-06,637.3051487069223,-0.0019018626112366984
2005-01-07,635.9551904529417,-0.0021182290096347393
2005-01-10,643.4209803159497,0.011739490415497308
2005-01-11,627.3072389008609,-0.025043854502811377
2005-01-12,638.9127872838716,0.018500580996555008
2005-01-13,618.7098729850651,-0.03162077000319961
2005-01-14,634.1869704864127,0.025015113184918142
2005-01-18,650.3954694704257,0.025557918623874083
2005-01-19,620.2514560336762,-0.04634720697131226
2005-01-20,595.3093424691862,-0.040212906107447745
2005-01-21,585.1012918240183,-0.017147472611176513
2005-01-24,562.8218634599449,-0.03807789980196178
2005-01-25,572.2091119046269,0.016678897985543707
2005-01-26,594.3534497176238,0.03869972943857604
2005-01-27,595.2040706244499,0.0014311701349258253
2005-01-28,585.2570618623049,-0.016711929996898696
2005-01-31,607.9646020766255,0.038799258811272656
2005-02-01,613.4523802463552,0.00902647646094041
2005-02-02,619.034901158701,0.009100169943270758
2005-02-03,603.368472582157,-0.025307827631721333
2005-02-04,628.8231370803994,0.042187594571038003
2005-02-07,624.4052697758095,-0.00702561188365601
2005-02-08,628.5120943425851,0.006577177941259255
2005-02-09,597.5947106275769,-0.04919139025852383
2005-02-10,598.0015915941916,0.0006808644042171414
2005-02-11,618.5148259987311,0.03430297626776207
2005-02-14,623.8710903836557,0.008659880345269913
2005-02-15,629.4552545219939,0.008950830106431315
2005-02-16,627.768941527207,-0.0026790037618600665
2005-02-17,604.1529759034006,-0.037618881823548854
2005-02-18,601.6870628562126,-0.004081603742000353
2005-02-22,576.5766914142027,-0.04173327464082529
2005-02-23,577.2980776020005,0.0012511539202674708
2005-02-24,594.6632402756201,0.030080063224446518
2005-02-25,606.5024827486492,0.019909154747049455
2005-02-28,594.2273066637808,-0.020239284148084114
2005-03-01,611.1232773937639,0.028433514482603464
2005-03-02,607.7287831182697,-0.005554516414381494
2005-03-03,599.629358721635,-0.013327366782064103
2005-03-04,610.2262254250033,0.01767236134995134
2005-03-07,627.3298826444119,0.028028387681136517
2005-03-08,612.252330918138,-0.02403448670851889
2005-03-09,601.3170696377124,-0.017860709920086405
2005-03-10,599.8691037972059,-0.0024079905820383386
2005-03-11,583.9636042234986,-0.026514950466734383
2005-03-14,591.8485332308634,0.013502432258341643
2005-03-15,577.87289683332,-0.023613535580212085
2005-03-16,561.4195918469187,-0.02847218666347503
2005-03-17,561.9103476685368,0.0008741337650931512
2005-03-18,554.6265282084476,-0.012962600689435786
2005-03-21,554.1898088780828,-0.0007874115429988825
2005-03-22,539.0736977070419,-0.027276054032177775
2005-03-23,539.7227745689855,0.0012040596020627197
2005-03-24,540.3397737594604,0.0011431779786717463
2005-03-28,541.2625543862372,0.0017077784601277847
2005-03-29,526.0054581362086,-0.028187976660105866
2005-03-30,551.355235684056,0.048192993353470236
2005-03-31,545.9763766441857,-0.009755705018737713
2005-04-01,534.0951966472082,-0.021761344455971825
2005-04-04,538.9516290691571,0.009092821752442663
2005-04-05,545.5847700425643,0.01230748849365843
2005-04-06,545.3702976524572,-0.000393105529852507
2005-04-07,561.3849142913283,0.029364666003641633
2005-04-08,545.0982366917434,-0.02901160537978576
2005-04-11,538.9835607726975,-0.011217566866765975
2005-04-12,549.6962802881728,0.01987578155466816
2005-04-13,524.1119418888105,-0.04654268059800213
2005-04-14,502.019779632901,-0.04215161016231201
2005-04-15,472.12633490449934,-0.05954634845316463
2005-04-18,475.4927700417577,0.007130369327818389
2005-04-19,489.9308268315822,0.030364408671358926
2005-04-20,475.7230187616011,-0.02899962054207532
2005-04-21,511.944791865634,0.0761404676156414
2005-04-22,488.2308381051944,-0.04632131069059414
2005-04-25,502.14277076861123,0.02849457997657128
2005-04-26,484.05742165331765,-0.03601634867233284
2005-04-27,486.2506024113166,0.00453082766608162
2005-04-28,466.35467013367753,-0.04091703368381478
2005-04-29,479.13308879105443,0.02740064477903483
2005-05-02,484.19228744618175,0.010559067560732802
2005-05-03,487.4616805098556,0.0067522617531104775
2005-05-04,509.4615213351104,0.045131426130243235
2005-05-05,509.0639227964363,-0.0007804289863386069
2005-05-06,513.3217792531243,0.008364089981663402
2005-05-09,522.7759609746478,0.018417651663405338
2005-05-10,509.3231880192998,-0.025733342692856587
2005-05-11,516.0955545790353,0.013296796060027228
2005-05-12,510.00870608075763,-0.011794033961874556
2005-05-13,519.9961426397208,0.019582874644852963
2005-05-16,533.7328517205747,0.026416944193317433
2005-05-17,541.4707531552049,0.014497705002953817
2005-05-18,562.8830385685818,0.039544675845565654
2005-05-19,572.7345526277171,0.01750188473290632
2005-05-20,575.8942789127668,0.005516912277341643
2005-05-23,584.3183915230894,0.014627880357183761
2005-05-24,588.4826182655044,0.0071266398642023335
2005-05-25,578.5623158156941,-0.016857426442006707
2005-05-26,596.3719069880744,0.03078249427163486
2005-05-27,600.1769607029015,0.006380336951222469
2005-05-31,593.3673123350112,-0.01134606759965448
2005-06-01,610.1983254245628,0.028365251572956537
2005-06-02,618.8384610394379,0.014159553140142656
2005-06-03,595.4253582874205,-0.037833948964146887
2005-06-06,598.9395522392825,0.005901989062020379
2005-06-07,591.4215454298484,-0.012552196263088978
2005-06-08,585.3577868659024,-0.010252853672313865
2005-06-09,599.5462363640934,0.024238935257286365
2005-06-10,587.4261919035101,-0.02021536242823304
2005-06-13,592.300624323506,0.008297948724759181
2005-06-14,592.6056520390289,0.0005149880027078124
2005-06-15,597.2749731987105,0.007879305814272129
2005-06-16,609.4900070319774,0.020451273502804162
2005-06-17,610.2552445226502,0.001255537386739563
2005-06-20,608.2957168960249,-0.003210996782433251
2005-06-21,611.3408314540765,0.005005977312465498
2005-06-22,611.7917138754083,0.0007375303564452044
2005-06-23,592.7337480141503,-0.03115106894883373
2005-06-24,577.7269866411483,-0.02531787910386307
2005-06-27,570.7018327269053,-0.012159989193315401
2005-06-28,591.3004554710325,0.036093493244455856
2005-06-29,590.3707146919537,-0.0015723660796745404
2005-06-30,580.0851904278068,-0.01742214511692667
2005-07-01,580.3607054396492,0.00047495612090916534
2005-07-05,598.1683015466633,0.030683669552582955
2005-07-06,589.3757772026046,-0.014699081046795971
2005-07-07,595.2948997183746,0.010043036624043728
2005-07-08,627.245522223649,0.05367192381522125
2005-07-11,647.0971330282198,0.03164886810860733
2005-07-12,654.0356819406923,0.010722577119144627
2005-07-13,654.834130432091,0.001220802646469417
2005-07-14,662.7339583871423,0.012063861041938262
2005-07-15,666.3096265851174,0.005395329683538418
2005-07-18,655.0254039267539,-0.016935403914537156
2005-07-19,680.881740280984,0.03947379170216331
2005-07-20,695.2635628699189,0.02112235023808978
2005-07-21,685.6762456418891,-0.013789471705456862
2005-07-22,686.6682832540386,0.0014468017791994866
2005-07-25,674.1289765573758,-0.0182610832660575
2005-07-26,682.6797937470247,0.012684245132609424
2005-07-27,692.2242794657,0.013980911411319841
2005-07-28,703.7468063582019,0.016645655511239303
2005-07-29,690.5900669665251,-0.01869527402868253
2005-08-01,700.3392732358842,0.0141172118391208
2005-08-02,722.0444180674891,0.03099232852002902
2005-08-03,720.6470203946598,-0.001935334777006458
2005-08-04,695.699281685085,-0.034618527522547994
2005-08-05,682.8414989536753,-0.01848181113579172
2005-08-08,669.8726999406663,-0.018992400187863887
2005-08-09,678.8895148524884,0.013460490198542067
2005-08-10,663.4620668101348,-0.022724534264910147
2005-08-11,678.821600549792,0.023150583142612008
2005-08-12,662.2088815293038,-0.024472879188041863
2005-08-15,671.6355919025083,0.014235252102681612
2005-08-16,643.8496302323072,-0.041370591441548164
2005-08-17,650.5926556983321,0.010472981810352154
2005-08-18,642.9153248543073,-0.011800518768205563
2005-08-19,641.7169726698638,-0.0018639347019999933
2005-08-22,646.7537731766616,0.007848943882288486
2005-08-23,642.9049741348854,-0.005950949497939733
2005-08-24,635.299635844969,-0.011829646053291704
2005-08-25,640.1095303594524,0.007571064491617506
2005-08-26,627.7946393540103,-0.01923872465783577
2005-08-29,642.5535129026383,0.023509078643638312
2005-08-30,635.3595346219124,-0.011195920863039471
2005-08-31,655.9910617744116,0.03247220829821439
2005-09-01,651.3398489446198,-0.007090360068642679
2005-09-02,645.6193689702725,-0.00878263472381791
2005-09-06,668.0552724520818,0.0347509764423478
2005-09-07,673.004641400727,0.007408621940036027
2005-09-08,667.3452363305153,-0.0084091620206851
2005-09-09,675.7747759454817,0.012631452441793678
2005-09-12,682.346782761163,0.00972514371594641
2005-09-13,671.8721102274403,-0.015350951742362258
2005-09-14,650.9813022948948,-0.031093429262115908
2005-09-15,648.0117819566136,-0.0045616061902435745
2005-09-16,660.7947761604156,0.019726484239537954
2005-09-19,646.7040022611985,-0.021323978953181624
2005-09-20,634.0265537974707,-0.01960316995008724
2005-09-21,611.9142681879018,-0.0348759613885703
2005-09-22,615.4466231864435,0.005772630550031705
2005-09-23,620.6717133928848,0.008489916118783254
2005-09-26,624.5065051642795,0.006178454227327061
2005-09-27,619.9787200671802,-0.007250180838241485
2005-09-28,619.0060655338278,-0.0015688514813008475
2005-09-29,641.5961809307383,0.036494174540000444
2005-09-30,650.9289631760046,0.014546193575727832
2005-10-03,654.0830164965541,0.00484546471117257
2005-10-04,639.3728330773484,-0.02248978042267088
2005-10-05,606.873660869035,-0.05082976712021459
2005-10-06,590.8711704274899,-0.02636873450501988
2005-10-07,595.517405453585,0.007863363891545986
2005-10-10,585.5287964263233,-0.01677299258726722
2005-10-11,571.0756953324582,-0.02468384336018515
2005-10-12,550.7066248338211,-0.035667899483585855
2005-10-13,558.5448464881066,0.014233025899498916
2005-10-14,572.8897935293902,0.025682713091846554
2005-10-17,577.2313496898101,0.007578344403158307
2005-10-18,565.1991652499156,-0.02084464824434841
2005-10-19,594.1923110403985,0.051297219764404565
2005-10-20,574.4031614790839,-0.03330428414104659
2005-10-21,586.0810326755507,0.020330443806047913
2005-10-24,614.25387592725,0.04806987716883777
2005-10-25,608.6217151333788,-0.00916910908436544
2005-10-26,600.8000435797114,-0.012851450020893974
2005-10-27,569.2431277574394,-0.05252482279170329
2005-10-28,590.7451009722744,0.03777291664379503
2005-10-31,616.3235001182425,0.04329853790386087
2005-11-01,611.1898954106405,-0.008329399587419717
2005-11-02,636.9641844793729,0.04217067275206735
2005-11-03,651.0639566338107,0.022135894761433735
2005-11-04,659.3112118048964,0.012667350245782982
2005-11-07,667.1002370113499,0.011813882529209192
2005-11-08,661.3493660621835,-0.00862069990400643
2005-11-09,664.6842636776917,0.005042565679566397
2005-11-10,683.7291141275941,0.028652476808353318
2005-11-11,689.0515171390911,0.007784373813433474
2005-11-14,687.3706146388328,-0.0024394438709565616
2005-11-15,673.9724398352911,-0.01949192257888644
2005-11-16,674.9898372920017,0.0015095535018601655
2005-11-17,705.013918426893,0.04448078989654915
2005-11-18,711.2233766326525,0.008807568252857565
2005-11-21,724.9486045672747,0.019298055133684645
2005-11-22,736.3949850390251,0.0157892302980329
2005-11-23,742.5979815929614,0.008423463874631821
2005-11-25,745.4021296618752,0.003776132090877055
2005-11-28,721.7670432411227,-0.031707833235563226
2005-11-29,715.2385405858553,-0.00904516591108255
2005-11-30,715.2562704536007,2.4788747724464373e-05
2005-12-01,748.1790770644295,0.046029385509545946
2005-12-02,754.2251472535446,0.008081046870272704
2005-12-05,738.2908054284353,-0.02112677080992731
2005-12-06,741.260881852917,0.0040229085919038
2005-12-07,732.5628130185492,-0.011734153315396179
2005-12-08,727.056571347363,-0.007516408932221703
2005-12-09,736.938649932356,0.013591897762068003
2005-12-12,740.8008317428939,0.0052408457758219345
2005-12-13,744.6906536247882,0.005250833577957381
2005-12-14,742.2219544529709,-0.0033150666787623946
2005-12-15,740.2017707672645,-0.00272180534890708
2005-12-16,732.1050124016954,-0.0109385828098957
2005-12-19,702.8363942003257,-0.039978715765588126
2005-12-20,702.4463811018694,-0.000554913066077129
2005-12-21,711.1215069555674,0.012349876214167327
2005-12-22,725.2108285323529,0.01981281882066034
2005-12-23,727.9592012665988,0.003789756890155424
2005-12-27,705.727472534644,-0.030539800435619407
2005-12-28,707.5896652792873,0.002638685352513182
2005-12-29,697.23610533868,-0.014632152571816765
2005-12-30,685.0423116285157,-0.01748875827972396
2006-01-03,720.3660046436507,0.05156424999670732
2006-01-04,739.1960608358813,0.026139568040201327
2006-01-05,752.1664019540387,0.017546550645157078
2006-01-06,780.4883457657891,0.03765382731556918
2006-01-09,793.2297413421962,0.016324901768911985
2006-01-10,794.7224618221159,0.001881826162233811
2006-01-11,805.8857454320765,0.014046769968431325
2006-01-12,790.4896877176036,-0.019104516740419936
2006-01-13,790.6684249910744,0.00022610955746546086
2006-01-17,775.2596946425825,-0.0194882328185369
2006-01-18,751.8024926488453,-0.030257218524112322
2006-01-19,773.5660741924468,0.028948536026957492
2006-01-20,718.8363627773524,-0.07074988580933912
2006-01-23,719.085329853179,0.000346347359035483
2006-01-24,735.0212921215008,0.02216143426479805
2006-01-25,730.3765704832626,-0.006319166108551809
2006-01-26,751.873370046307,0.029432487886106102
2006-01-27,772.6779919054742,0.027670379997479913
2006-01-30,774.7167887207039,0.002638611215264314
2006-01-31,773.5736035664751,-0.0014756168587963983
2006-02-01,778.1685381036002,0.005939880207831167
2006-02-02,748.7013584641012,-0.037867349033810414
2006-02-03,729.836501502334,-0.02519677138087052
2006-02-06,725.6812887978323,-0.005693347340052847
2006-02-07,712.1774015393772,-0.018608564761020106
2006-02-08,732.97212047078,0.029198790759795073
2006-02-09,722.0292112451048,-0.014929502664639879
2006-02-10,727.6360269529895,0.007765358548605085
2006-02-13,705.8407959257084,-0.029953479789269943
2006-02-14,726.81968707904,0.029721845598082646
2006-02-15,740.3995296394787,0.018683922301298336
2006-02-16,757.9897939360936,0.023757800474535743
2006-02-17,745.6581146504467,-0.016268925233954488
2006-02-21,725.9664662438233,-0.026408414284949583
2006-02-22,745.2519247580697,0.026565219484627044
2006-02-23,741.3126130241734,-0.005285879315474562
2006-02-24,748.6766656683292,0.009933801900542532
2006-02-27,767.9454000234693,0.025737057449145086
2006-02-28,742.0183592306802,-0.03376156793438276
2006-03-01,774.2933536317836,0.04349622081395103
2006-03-02,770.574926867384,-0.004802348808702251
2006-03-03,761.8876476032814,-0.011273763213940712
2006-03-06,744.9204029919403,-0.02227000879291864
2006-03-07,727.4970507417297,-0.023389548977622923
2006-03-08,726.4466536566841,-0.0014438506437580519
2006-03-09,709.2310882984317,-0.023698320133481394
2006-03-10,720.7217580749427,0.01620158784082498
2006-03-13,725.0003590040591,0.005936550244500188
2006-03-14,752.5337316594832,0.0379770469262208
2006-03-15,768.0369123557199,0.02060131000646186
2006-03-16,755.6235294799553,-0.0161624821360347
2006-03-17,762.2735384704059,0.008800690728923342
2006-03-20,769.3191136104747,0.009242843657155705
2006-03-21,749.3172394391181,-0.02599945044584449
2006-03-22,758.0830870847261,0.01169844651134616
2006-03-23,754.7513378601409,-0.004394965777956884
2006-03-24,767.052189085842,0.016297885950856784
2006-03-27,769.2756243022726,0.0028986752766855814
2006-03-28,758.0181363678444,-0.014633880989845062
2006-03-29,790.7263408269957,0.04314963308909404
2006-03-30,793.6314802269998,0.003674013688434256
2006-03-31,792.403594611014,-0.0015471735264766943
2006-04-03,788.7648953513832,-0.004591977225213103
2006-04-04,797.3147727541843,0.010839576473534994
2006-04-05,811.8095029547685,0.018179432635513106
2006-04-06,813.090662309646,0.0015781526949541374
2006-04-07,790.0233202368213,-0.028369950784209074
2006-04-10,783.6586922077125,-0.0080562533612309
2006-04-11,760.3867760869671,-0.02969649459917835
2006-04-12,764.4893679921178,0.005395401438019585
2006-04-13,775.640989301391,0.0145870194880044
2006-04-17,759.981099798685,-0.020189610552699806
2006-04-18,804.1809482090803,0.05815914161826347
2006-04-19,819.0911559007949,0.018540861636824217
2006-04-20,810.2715809416479,-0.01076751335380692
2006-04-21,789.8286163424914,-0.02522976873432851
2006-04-24,779.702713780838,-0.012820379449587398
2006-04-25,776.4380641417258,-0.004187044089255108
2006-04-26,779.5903082563505,0.004059878385932931
2006-04-27,790.7581828011653,0.014325312188389294
2006-04-28,767.9378000761005,-0.028858863836509787
2006-05-01,749.7781380419884,-0.023647308456899177
2006-05-02,754.5363378424477,0.006346143691099305
2006-05-03,748.6124519468656,-0.007851027973710541
2006-05-04,767.8695606134278,0.02572373544746893
2006-05-05,786.2021409605572,0.023874602259899756
2006-05-08,788.1030129973136,0.0024177904609035596
2006-05-09,781.1284894230802,-0.008849761337300163
2006-05-10,763.4026199656645,-0.022692642372457144
2006-05-11,715.8212577254677,-0.06232800490301802
2006-05-12,688.3323031106141,-0.03840198138596791
2006-05-15,683.0224079766284,-0.007714144912261241
2006-05-16,674.2719820254039,-0.012811330710432528
2006-05-17,643.873651355117,-0.04508318820986051
2006-05-18,630.1098280070986,-0.021376590452258194
2006-05-19,641.7231859109835,0.018430688409694217
2006-05-22,622.8405031868512,-0.029424965684116008
2006-05-23,610.5739376927282,-0.019694553310774295
2006-05-24,619.2682144173446,0.014239514967623268
2006-05-25,644.0248202683541,0.03997719449286193
2006-05-26,654.5398322662068,0.016327029125168282
2006-05-30,613.4090066546935,-0.06283930111496255
2006-05-31,625.2899806433488,0.019368763516287205
2006-06-01,660.4290017106628,0.05619636033694327
2006-06-02,659.8773653452558,-0.0008352697473582484
2006-06-05,615.0168959382669,-0.0679830401267324
2006-06-06,609.0604568681374,-0.009685000703992558
2006-06-07,599.6458919431228,-0.015457521201467388
2006-06-08,594.092319393372,-0.009261420155409894
2006-06-09,585.4336417416163,-0.014574633216260277
2006-06-12,549.0542092398896,-0.06214100097408287
2006-06-13,534.0828947569615,-0.02726746144730299
2006-06-14,544.4217795506181,0.01935820243477619
2006-06-15,589.8275531552969,0.08340183165000868
2006-06-16,577.97488810876,-0.020095136253182422
2006-06-19,561.6823205595808,-0.028189057836909438
2006-06-20,558.8719859027153,-0.005003423739714135
2006-06-21,585.9107098499935,0.04838088977318115
2006-06-22,570.8206587674675,-0.025754864741061572
2006-06-23,569.4729989400455,-0.0023609163521375277
2006-06-26,578.9096326336544,0.016570818478089794
2006-06-27,551.5754980517635,-0.04721658276359779
2006-06-28,560.5816496543181,0.016328048715661913
2006-06-29,610.2574997265187,0.08861483443639871
2006-06-30,608.1907744467367,-0.0033866446224884647
2006-07-03,623.1821127852658,0.024649072245738275
2006-07-05,591.2424767416117,-0.05125249166877118
2006-07-06,592.5496840942285,0.0022109496594713454
2006-07-07,571.7688388674692,-0.03507021568752488
2006-07-10,560.8058536763542,-0.019173806695779127
2006-07-11,570.1597783448872,0.01667943479407964
2006-07-12,539.0001943549092,-0.054650617552207674
2006-07-13,510.92776382355424,-0.05208241263243498
2006-07-14,498.30535593358917,-0.024704877643572643
2006-07-17,498.2373150893293,-0.0001365444770955428
2006-07-18,502.15852343039785,0.007870161913435888
2006-07-19,529.6860221910684,0.05481834416076801
2006-07-20,498.03215146005834,-0.059759686691509294
2006-07-21,483.97749675061925,-0.02822037627136263
2006-07-24,513.4353451841423,0.06086615313997093
2006-07-25,522.3282045650782,0.017320310072822226
2006-07-26,519.6103976117627,-0.005203255213029332
2006-07-27,507.45365109273934,-0.023395887716832247
2006-07-28,536.7338411264285,0.0577002253715938
2006-07-31,534.3151418342019,-0.004506329034797924
2006-08-01,511.5997108948847,-0.0425131709001161
2006-08-02,524.003129918344,0.024244382393733867
2006-08-03,534.1155889583263,0.01929847068195591
2006-08-04,528.4114826079159,-0.010679535419542672
2006-08-07,518.5098489049019,-0.0187384907953657
2006-08-08,509.64809327023994,-0.017090814481881256
2006-08-09,509.10945741244956,-0.0010568780005320074
2006-08-10,517.4893629131283,0.016459928957654035
2006-08-11,506.85838270478456,-0.020543379188507842
2006-08-14,514.8854952536022,0.015836992782840082
2006-08-15,549.0877822892551,0.06642697716471285
2006-08-16,575.8565631243347,0.04875136853979021
2006-08-17,582.2115730891535,0.011035751559970816
2006-08-18,587.211714512625,0.008588186244634918
2006-08-21,573.6234597827153,-0.023140299135870953
2006-08-22,575.3119989140718,0.0029436368101054848
2006-08-23,562.8510389967452,-0.021659482056427048
2006-08-24,564.6611949494875,0.0032160479901907303
2006-08-25,567.0535792173418,0.004236849086235355
2006-08-28,582.8896294335815,0.027926902847693526
2006-08-29,592.1451988163798,0.015878768321529995
2006-08-30,602.9933217785807,0.018320038706528236
2006-08-31,601.2176567070569,-0.0029447508079962752
2006-09-01,608.8532295643946,0.012700180661956502
2006-09-05,618.743951714838,0.016244838115615702
2006-09-06,586.7419080930516,-0.05172098011316837
2006-09-07,576.4183947515583,-0.017594641185671334
2006-09-08,584.7119483291854,0.014388079306875207
2006-09-11,590.3556125910873,0.009652041963617743
2006-09-12,624.9134951637586,0.05853739989189876
2006-09-13,634.7975011235453,0.015816598675303974
2006-09-14,635.5594975672708,0.0012003771948956806
2006-09-15,641.2838771360392,0.009006835065292285
2006-09-18,640.9846146775092,-0.0004666614415233702
2006-09-19,629.3309823029672,-0.01818083009746675
2006-09-20,655.1160175040136,0.040972136961522174
2006-09-21,641.7595812121662,-0.02038789456367655
2006-09-22,625.4217788921998,-0.025457823768064703
2006-09-25,650.48117893457,0.04006800032892611
2006-09-26,660.979712057331,0.016139641641832937
2006-09-27,662.6272060575249,0.0024925031285241116
2006-09-28,668.2996793400206,0.008560580112980148
2006-09-29,657.9115162134796,-0.01554416895246733
2006-10-02,639.2590443250632,-0.028351034187345105
2006-10-03,644.299119911647,0.007884246036605022
2006-10-04,684.9015845752665,0.06301803527092711
2006-10-05,698.5489940003812,0.01992608826212295
2006-10-06,692.6204341475692,-0.008486963554067813
2006-10-09,702.790813268483,0.014683914333874375
2006-10-10,705.969173586455,0.0045224841559756545
2006-10-11,699.2596299519603,-0.009504017860169458
2006-10-12,733.55379941756,0.04904354262229579
2006-10-13,743.8081097304838,0.013978947857765342
2006-10-16,749.5015691320159,0.007654473414648595
2006-10-17,731.3630112525304,-0.02420082709165161
2006-10-18,723.8987100507034,-0.010206014095577236
2006-10-19,727.2559903096849,0.004637776269481662
2006-10-20,728.3583404463794,0.0015157663207768187
2006-10-23,740.231992329858,0.016301937142920338
2006-10-24,729.9576257829959,-0.013879927716341868
2006-10-25,740.7652947088045,0.014805885361106507
2006-10-26,761.8242806806378,0.028428688711870178
2006-10-27,734.2920552424338,-0.03613986339947824
2006-10-30,746.1152120508378,0.016101436375340557
2006-10-31,748.7297521183133,0.0035042042103510633
2006-11-01,717.8475769679442,-0.04124609054601737
2006-11-02,717.3800972430544,-0.0006512242151241777
2006-11-03,714.2388629271957,-0.004378758663546355
2006-11-06,746.0751120320798,0.04457367241878756
2006-11-07,755.2995947631516,0.012364013465007767
2006-11-08,763.7686546370151,0.011212848428071917
2006-11-09,755.0157816256622,-0.011460110281054509
2006-11-10,767.9140257170944,0.017083409917154818
2006-11-13,783.4513947421839,0.02023321427236657
2006-11-14,806.9881629167237,0.030042410202467163
2006-11-15,818.8466520493059,0.014694749783840388
2006-11-16,825.0062944891753,0.00752233940806097
2006-11-17,821.5849978531479,-0.004146994585230074
2006-11-20,827.9381901293091,0.0077328484487453625
2006-11-21,829.8970225693283,0.0023659162765680758
2006-11-22,841.006686866928,0.013386798597257974
2006-11-24,834.772354352199,-0.007412940482024353
2006-11-27,778.8904730248571,-0.06694265932022571
2006-11-28,785.2110134106663,0.008114799968297446
2006-11-29,804.1893215869286,0.024169691779828143
2006-11-30,803.5503900831022,-0.0007945038396749945
2006-12-01,784.9690703368874,-0.02312402554405232
2006-12-04,818.7642725842899,0.04305290937501345
2006-12-05,822.5811909172598,0.004661803721506517
2006-12-06,815.833517335946,-0.008203048715215065
2006-12-07,797.4660350815892,-0.02251376275190885
2006-12-08,806.8143369324844,0.011722507843156928
2006-12-11,811.726424097757,0.006088249725393431
2006-12-12,800.3174652961279,-0.014055177289947521
2006-12-13,800.9354854162633,0.0007722187093676865
2006-12-14,821.9326396960175,0.026215787241392608
2006-12-15,825.1122709711633,0.0038684815781517504
2006-12-18,802.7604113720487,-0.027089476651227504
2006-12-19,796.6255354491149,-0.007642225296646522
2006-12-20,794.5362825139176,-0.002622628628166454
2006-12-21,782.8089783149868,-0.014759935395052836
2006-12-22,768.3706037760224,-0.018444313924507218
2006-12-26,779.5092365689926,0.014496432760742427
2006-12-27,796.4919822728071,0.021786458591002873
2006-12-28,790.758090908626,-0.007198931680165088
2006-12-29,780.5243681669697,-0.012941660489236473
2007-01-03,787.2635153039433,0.008634127788733023
2007-01-04,816.5859282246938,0.03724599495688522
2007-01-05,797.2469333310562,-0.02368274326705801
2007-01-08,800.578181907616,0.004178440125998473
2007-01-09,805.9399569257496,0.006697378393897273
2007-01-10,821.0897318062549,0.018797647083157537
2007-01-11,846.4618699281784,0.030900566818816713
2007-01-12,864.631691630297,0.021465611562231816
2007-01-16,858.6133037695432,-0.0069606375975023015
2007-01-17,839.4821588213084,-0.022281444818341302
2007-01-18,802.5092415979295,-0.04404252887910267
2007-01-19,810.3064765800724,0.009716068772762512
2007-01-22,789.6760591706587,-0.025460017913820816
2007-01-23,789.8258649237313,0.00018970532452242982
2007-01-24,823.6261112747914,0.04279455491663852
2007-01-25,791.3370521023586,-0.03920353996846501
2007-01-26,792.3742250320503,0.0013106588740363508
2007-01-29,797.293606594337,0.006208406844742728
2007-01-30,804.5081401623492,0.009048778904460545
2007-01-31,819.3939418966536,0.018502984607838183
2007-02-01,823.6452120007035,0.005188310392202032
2007-02-02,830.9636515513146,0.008885427176628628
2007-02-05,825.0743509855985,-0.007087314294339424
2007-02-06,825.7763623006163,0.0008508461257815036
2007-02-07,844.6414594574301,0.022845285985488364
2007-02-08,842.5853997310951,-0.002434239644897097
2007-02-09,813.0886122866475,-0.035007475151908884
2007-02-12,803.166795574115,-0.012202626580428103
2007-02-13,812.3236890296469,0.01140098607909514
2007-02-14,840.371544541915,0.03452793004937762
2007-02-15,849.0130857875773,0.010283000777201231
2007-02-16,848.0121299486885,-0.0011789639708088342
2007-02-20,864.2822805632607,0.01918622392294865
2007-02-21,869.6344671868333,0.006192637225056156
2007-02-22,876.188825109864,0.007536911392476647
2007-02-23,865.7435766572635,-0.011921229937269264
2007-02-26,854.2210788877005,-0.01330936559073598
2007-02-27,755.1207320930777,-0.11601252795548372
2007-02-28,762.7465533317288,0.01009881058028104
2007-03-01,751.2633265426562,-0.015055101512964056
2007-03-02,717.1461269041413,-0.04541310407833112
2007-03-05,691.8300973139849,-0.03530107552758258
2007-03-06,731.0939304942139,0.056753577695838824
2007-03-07,721.2704882409527,-0.013436634943228972
2007-03-08,733.0325205551421,0.016307380526375
2007-03-09,732.698243624135,-0.0004560192373920582
2007-03-12,745.7633443333788,0.017831489051509226
2007-03-13,697.4242806691343,-0.06481823494214999
2007-03-14,716.1076601800713,0.026789115361758754
2007-03-15,722.2474241226392,0.008573800119697151
2007-03-16,716.5796096570662,-0.007847469269216305
2007-03-19,735.7919622050389,0.026811190674497585
2007-03-20,748.3448739539244,0.01706040891132697
2007-03-21,792.6501252450496,0.05920432254320883
2007-03-22,788.4206293659732,-0.005335892526060952
2007-03-23,785.5285153321482,-0.0036682373927110204
2007-03-26,791.4341793250518,0.007518077164145101
2007-03-27,773.6550196183304,-0.022464483050105094
2007-03-28,754.1185901754837,-0.025252120063131753
2007-03-29,754.6753101236512,0.0007382392576184855
2007-03-30,758.022582594216,0.0044353809190024514
2007-04-02,758.0820763656999,7.848548691035198e-05
2007-04-03,784.2625857495319,0.0345351911093101
2007-04-04,792.1095195930825,0.010005493040384037
2007-04-05,804.1536919583997,0.01520518573177163
2007-04-09,801.3057725372408,-0.0035415113424687892
2007-04-10,809.3287693787412,0.01001240364972845
2007-04-11,791.2092626783942,-0.02238831410164247
2007-04-12,811.3054058008977,0.025399276866999883
2007-04-13,822.5215205714914,0.013824775097512695
2007-04-16,848.0861793769757,0.031080838818322725
2007-04-17,846.4970273546814,-0.0018738095973474481
2007-04-18,839.7946846474509,-0.007917739213066696
2007-04-19,834.4334223025811,-0.006384015572949884
2007-04-20,855.2644032050482,0.024964221645131433
2007-04-23,851.9121993691784,-0.003919494162632708
2007-04-24,852.5974307756463,0.0008043451038443419
2007-04-25,876.0590075873703,0.027517766257376394
2007-04-26,882.6346624823732,0.007505949756868581
2007-04-27,885.2823744004061,0.002999782390809563
2007-04-30,851.3129554728479,-0.03837128119778215
2007-05-01,857.630846379766,0.0074213494183335595
2007-05-02,884.1735865125733,0.030948910297302956
2007-05-03,891.8724088947831,0.008707365272667864
2007-05-04,898.6446595601906,0.007593295406233921
2007-05-07,896.7672143963871,-0.0020891963734835112
2007-05-08,897.3982193161195,0.0007036440556728264
2007-05-09,901.9969075005222,0.005124467694962957
2007-05-10,857.0457861008747,-0.04983511697862604
2007-05-11,885.7491405337555,0.03349103968350001
2007-05-14,868.7730901865897,-0.019165754241585793
2007-05-15,846.9260513455129,-0.02514700223551429
2007-05-16,868.9971024849017,0.026060186841961645
2007-05-17,860.569337136822,-0.009698266339416372
2007-05-18,879.7593950430488,0.022299258267873694
2007-05-21,900.1353168658286,0.02316078911755503
2007-05-22,909.5936966158125,0.010507730974179426
2007-05-23,897.8179619539542,-0.01294614805013552
2007-05-24,856.7141069202054,-0.0457819477617634
2007-05-25,876.0318386994908,0.02254863276236994
2007-05-29,890.5086833419306,0.016525477731415994
2007-05-30,911.6279192697232,0.023715923632025265
2007-05-31,924.0031452740021,0.013574865076743556
2007-06-01,933.7952389769939,0.010597467934038485
2007-06-04,937.8347126806227,0.004325866672927367
2007-06-05,930.0327605710411,-0.008319112103753527
2007-06-06,904.1215644020427,-0.027860519830601213
2007-06-07,855.8976366802012,-0.05333788023708439
2007-06-08,888.193875295806,0.03773376304773239
2007-06-11,886.1422138526077,-0.002309925231712558
2007-06-12,862.8078387709074,-0.026332539762721943
2007-06-13,895.6428048386337,0.03805594315705399
2007-06-14,913.2297105232632,0.019636070975636397
2007-06-15,941.7930579891585,0.03127728668565644
2007-06-18,941.0252880526883,-0.0008152214862460524
2007-06-19,940.9809495207198,-4.7117258729876705e-05
2007-06-20,911.9630613598206,-0.0308379124738703
2007-06-21,929.6422161977729,0.01938582338147668
2007-06-22,899.588579424959,-0.032328175559553356
2007-06-25,886.5843657432423,-0.014455734520361824
2007-06-26,883.3668987688601,-0.003629059002957877
2007-06-27,915.2739864539463,0.03611985883731303
2007-06-28,918.2464273496076,0.003247596828549031
2007-06-29,912.6069241771393,-0.006141600995656565
2007-07-02,942.5505616713688,0.032811100486913734
2007-07-03,955.9227024778227,0.014187186714675379
2007-07-05,968.168881193709,0.012810846195140337
2007-07-06,978.726240310961,0.010904460288204286
2007-07-09,981.9162937299603,0.003259392961596501
2007-07-10,947.6437224966448,-0.034903760587499714
2007-07-11,961.0310643259891,0.014126977799287444
2007-07-12,1015.1061905879537,0.05626782345468694
2007-07-13,1020.8130597824654,0.005621943051304144
2007-07-16,1009.1694112777836,-0.011406249550885407
2007-07-17,1025.7286834432257,0.016408813010369658
2007-07-18,1010.970867251768,-0.014387641127396112
2007-07-19,1033.82667834738,0.022607784097422565
2007-07-20,996.5998733718542,-0.03600874861832215
2007-07-23,999.2277067362326,0.002636798814239745
2007-07-24,942.488834430573,-0.05678272522184683
2007-07-25,951.1727565315292,0.00921381960583416
2007-07-26,898.3376698488387,-0.05554730864596535
2007-07-27,859.6656483593739,-0.04304842464857559
2007-07-30,880.2504330909709,0.023945105601092687
2007-07-31,842.2147192867002,-0.04321010518644051
2007-08-01,849.5625468819034,0.008724411277715763
2007-08-02,871.4323978612765,0.025742484834860774
2007-08-03,805.539241822268,-0.07561476507039165
2007-08-06,839.7041360691106,0.04241245177523055
2007-08-07,853.6230457768465,0.01657596897508961
2007-08-08,904.7921699309861,0.05994346615557071
2007-08-09,845.9021010981487,-0.06508684622826617
2007-08-10,834.1928899765783,-0.013842276909313214
2007-08-13,831.0116985899632,-0.003813496164783073
2007-08-14,788.535264775843,-0.05111412256433102
2007-08-15,750.2164822924499,-0.04859488750231858
2007-08-16,742.941047383263,-0.009697780681857589
2007-08-17,791.8375358901337,0.06581476239479647
2007-08-20,794.6674309699933,0.0035738329538502122
2007-08-21,806.5635313399663,0.014969910564287451
2007-08-22,836.6086695227099,0.037250801722746855
2007-08-23,825.5032222119688,-0.01327436317038975
2007-08-24,859.406034858443,0.04106926748950817
2007-08-27,843.3642411915167,-0.018666140353050437
2007-08-28,783.2976957903478,-0.07122254236948208
2007-08-29,841.8687306723162,0.07477493575781584
2007-08-30,843.7838622548968,0.0022748577216440647
2007-08-31,874.238868799622,0.03609337403459975
2007-09-04,907.65897643071,0.03822766159662476
2007-09-05,882.3039230536881,-0.027934559163099403
2007-09-06,890.6026783227244,0.009405778498993878
2007-09-07,840.7088239350547,-0.05602257392896571
2007-09-10,833.6509989428429,-0.008395088514923335
2007-09-11,870.947623998323,0.04473889565630736
2007-09-12,865.3154659811656,-0.006466701167748112
2007-09-13,874.1200063571158,0.010174948584753318
2007-09-14,875.0482501517383,0.0010619180294144364
2007-09-17,853.7437334308804,-0.024346676560022307
2007-09-18,922.9935759577567,0.0811131488468872
2007-09-19,938.257113769085,0.016536992465510807
2007-09-20,925.1735189126416,-0.01394457304340077
2007-09-21,942.6641070893078,0.018905197586310984
2007-09-24,938.5521418864483,-0.004362068282790676
2007-09-25,954.6945340863832,0.017199249226036002
2007-09-26,971.1038363666798,0.017188013227707452
2007-09-27,982.2789954991582,0.011507687143209532
2007-09-28,973.2548595632187,-0.009186937700274988
2007-10-01,1015.2642627107982,0.043163825728476324
2007-10-02,1021.8314455019855,0.006468446721105596
2007-10-03,1001.8674890112101,-0.019537426234683908
2007-10-04,1006.1960951871376,0.004320537619400948
2007-10-05,1057.589241298654,0.05107667020110838
2007-10-08,1064.905060935844,0.006917448997690717
2007-10-09,1083.6174279059303,0.01757186406236228
2007-10-10,1092.2957216737004,0.008008632515758741
2007-10-11,1046.1129090945858,-0.04228050303845345
2007-10-12,1083.774322407804,0.03600128913982567
2007-10-15,1053.3259970262307,-0.028094710081271162
2007-10-16,1034.7381470253608,-0.017646815946200194
2007-10-17,1066.8013534177148,0.03098678296970918
2007-10-18,1074.1655853254506,0.006903095767682492
2007-10-19,988.5590198806335,-0.07969587428076097
2007-10-22,1019.1865018954641,0.030981945841259625
2007-10-23,1069.2800046992547,0.04915047708209217
2007-10-24,1040.9581965604748,-0.026486802347665456
2007-10-25,1013.820483342409,-0.026069935668631042
2007-10-26,1072.5512363355303,0.05793013058830212
2007-10-29,1087.0152626027407,0.013485627331546474
2007-10-30,1085.9204595348663,-0.0010071643936747981
2007-10-31,1134.7215689056325,0.04493985626872646
2007-11-01,1057.914895960863,-0.06768768220281972
2007-11-02,1075.3299429213291,0.01646167099731476
2007-11-05,1057.14057257924,-0.01691515284385595
2007-11-06,1090.935687645176,0.0319684211755128
2007-11-07,1002.1567871244126,-0.08137867477082521
2007-11-08,944.2199074898846,-0.05781219104524763
2007-11-09,872.4929179213085,-0.07596428437868373
2007-11-12,828.2556542591709,-0.050702146405419216
2007-11-13,914.1431127218331,0.1036967970227546
2007-11-14,883.8484741606849,-0.03313992977636381
2007-11-15,857.7647860373794,-0.029511493073600542
2007-11-16,875.9741936407851,0.021228905522605868
2007-11-19,831.6650896507408,-0.05058265906885182
2007-11-20,834.7737971280287,0.0037379319102999763
2007-11-21,801.1563723912905,-0.040271298467197174
2007-11-23,833.1044782311938,0.039877490763188556
2007-11-26,779.003513095329,-0.0649389921066433
2007-11-27,815.4386779301805,0.046771502595769024
2007-11-28,893.0825350550405,0.0952172851574107
2007-11-29,898.1292743907596,0.005650921541543855
2007-11-30,890.6822656879009,-0.008291689086641185
2007-12-03,866.1387740942343,-0.027555832802745733
2007-12-04,848.8936488225597,-0.019910348996566574
2007-12-05,893.9293415849731,0.05305222017490544
2007-12-06,936.6407563666411,0.047779408052474055
2007-12-07,933.4485700328523,-0.0034081223906715827
2007-12-10,946.0400197341717,0.01348917348587956
2007-12-11,876.3035193389679,-0.07371411244822289
2007-12-12,894.7260379131862,0.02102298823142358
2007-12-13,891.8574385624885,-0.0032061203420304563
2007-12-14,858.8155132660605,-0.03704843831283784
2007-12-17,798.3218349658548,-0.07043850205983039
2007-12-18,818.2044435619198,0.024905505180019855
2007-12-19,822.7250870838957,0.005525078184977831
2007-12-20,860.3508157735077,0.04573305139262804
2007-12-21,910.1251119045763,0.05785348862175307
2007-12-24,931.3142126914007,0.023281525264678155
2007-12-26,942.1194939996428,0.011602186631530164
2007-12-27,892.5009766492478,-0.052666904428169896
2007-12-28,889.9652031183109,-0.0028411997267018103
2007-12-31,867.2093465590601,-0.025569377858277485
2008-01-02,825.1581672433163,-0.04849022843514745
2008-01-03,818.5498956219789,-0.008008490836871038
2008-01-04,726.0423639530447,-0.11301391908265021
2008-01-07,721.4879039768928,-0.006272994803436167
2008-01-08,670.4252212269464,-0.07077413560017468
2008-01-09,698.4656626041772,0.041824860535398654
2008-01-10,710.2819975143361,0.016917560222076893
2008-01-11,668.6709913742588,-0.058583782618307774
2008-01-14,700.1711034096519,0.047108536846579424
2008-01-15,648.7024045060776,-0.0735087447238754
2008-01-16,630.1756765847199,-0.028559672035536807
2008-01-17,592.5125765789148,-0.0597660325608293
2008-01-18,587.2905069541304,-0.008813432543383144
2008-01-22,551.2938066216019,-0.06129283532815539
2008-01-23,568.700514101241,0.031574284475114234
2008-01-24,601.4726677711456,0.05762638305628558
2008-01-25,574.9253200800952,-0.04413724698318526
2008-01-28,592.4727358974955,0.030521208937111303
2008-01-29,598.6260400296627,0.010385801336235456
2008-01-30,591.7147367439086,-0.011545276723029962
2008-01-31,622.5815688777785,0.052165055586960773
2008-02-01,640.9357613227743,0.0294807835029228
2008-02-04,616.5911406783698,-0.03798293388117647
2008-02-05,559.6932682848957,-0.09227812182133431
2008-02-06,537.276277576017,-0.04005227859461761
2008-02-07,547.3668247270659,0.018780928122443
2008-02-08,555.821125519149,0.015445402260720864
2008-02-11,566.7934938678292,0.01974082640063705
2008-02-12,566.7681503433757,-4.471385915257331e-05
2008-02-13,606.2522184200027,0.06966529091782178
2008-02-14,574.5303603928376,-0.052324522803129166
2008-02-15,566.5833872751828,-0.013832120398687031
2008-02-19,555.1201675063722,-0.02023218475207948
2008-02-20,570.2020768129441,0.027168728843559392
2008-02-21,550.1089231587317,-0.03523865392865635
2008-02-22,552.6603914578706,0.0046381147291490515
2008-02-25,569.9982210867545,0.03137157990126299
2008-02-26,582.8520354097973,0.02255062182218013
2008-02-27,589.3953643657633,0.011226398053779507
2008-02-28,572.6998502240667,-0.028326510778825423
2008-02-29,528.4096185364358,-0.07733585344976529
2008-03-03,519.3909910822894,-0.017067492978507407
2008-03-04,520.5402051270555,0.0022126183636174833
2008-03-05,529.1873307649585,0.01661183046522274
2008-03-06,492.6387224492362,-0.06906553915962042
2008-03-07,487.29815443026644,-0.010840739421412546
2008-03-10,458.7593935810808,-0.05856529639959795
2008-03-11,513.5775402599861,0.11949215088762369
2008-03-12,505.44673220439296,-0.01583170489012652
2008-03-13,518.7769045572153,0.02637305081523778
2008-03-14,483.6198922240659,-0.06776903910777701
2008-03-17,460.3262195033222,-0.04816524939373567
2008-03-18,518.2016586993327,0.12572700998534536
2008-03-19,478.23462247321237,-0.07712641508411251
2008-03-20,509.48453941331104,0.06534432153508317
2008-03-24,555.9066798055059,0.0911158961676276
2008-03-25,566.1458596657959,0.01841888257912717
2008-03-26,554.026550045859,-0.021406691249302872
2008-03-27,522.889116705319,-0.05620205987955392
2008-03-28,509.36474300286284,-0.025864706819052116
2008-03-31,521.4461817894938,0.023718639643975338
2008-04-01,578.8524011436438,0.1100904011937414
2008-04-02,577.8492749466418,-0.0017329567866006606
2008-04-03,579.2332065378583,0.0023949698497835866
2008-04-04,584.8692772495125,0.009730227217706625
2008-04-07,580.2849842417452,-0.007838149798748341
2008-04-08,568.4442135077444,-0.020405095867633134
2008-04-09,549.0913497850137,-0.0340453174873722
2008-04-10,570.0645675510383,0.038196226865049455
2008-04-11,525.3591293724571,-0.07842170996635156
2008-04-14,515.4059866068716,-0.018945407453896525
2008-04-15,522.3398540291204,0.013453214751922694
2008-04-16,566.2482859961563,0.08406104115614366
2008-04-17,560.2525261151144,-0.010588570472216032
2008-04-18,604.1228256709743,0.07830451003954227
2008-04-21,607.9125544045129,0.006273109659992686
2008-04-22,584.3473980860211,-0.03876405602706332
2008-04-23,605.1860888163825,0.0356614760305542
2008-04-24,623.0720301126062,0.029554448832762748
2008-04-25,618.4505787910498,-0.007417202342915701
2008-04-28,619.5412491554745,0.0017635529851984968
2008-04-29,620.8328444694891,0.002084760806121148
2008-04-30,610.6108313140381,-0.01646500059800456
2008-05-01,662.1575694102726,0.08441831597599668
2008-05-02,659.1662298672017,-0.004517564521289196
2008-05-05,648.85421726785,-0.015644024423746856
2008-05-06,664.0013671413444,0.02334445776938164
2008-05-07,628.0361795305224,-0.05416432765140095
2008-05-08,637.875675317351,0.015667084329734023
2008-05-09,633.3981765671629,-0.007019390961977915
2008-05-12,666.750491104796,0.05265615811904139
2008-05-13,672.067123774285,0.0079739463868702
2008-05-14,673.3311851028373,0.0018808557714493884
2008-05-15,703.2781824880561,0.044475880588606714
2008-05-16,699.201352632708,-0.00579689510760181
2008-05-19,688.5777762488943,-0.015193872757557828
2008-05-20,669.0001428751785,-0.02843198553454222
2008-05-21,633.5626756845596,-0.05297079166279157
2008-05-22,646.2128241810534,0.019966688351433365
2008-05-23,630.5394367361209,-0.024254219134068354
2008-05-27,658.7887465794581,0.044801812856567425
2008-05-28,663.1253456970679,0.006582685481690717
2008-05-29,680.408983584201,0.02606390782569871
2008-05-30,692.0657974252483,0.01713206927345756
2008-06-02,666.4060710523397,-0.03707700404841947
2008-06-03,657.5269231687893,-0.013323930061935302
2008-06-04,675.5347007797733,0.027387133479188936
2008-06-05,713.412403694668,0.05607069906427057
2008-06-06,650.1303748670489,-0.08870329209289025
2008-06-09,638.1921334289909,-0.01836284213070225
2008-06-10,629.9907661768411,-0.012850937550865804
2008-06-11,587.5865977967302,-0.06730919031947827
2008-06-12,595.1890792952137,0.012938486900467932
2008-06-13,632.4212702420573,0.06255523201287841
2008-06-16,648.0614076667687,0.02473056831046379
2008-06-17,634.6547304052195,-0.020687356326027015
2008-06-18,612.9361189664504,-0.03422114481822589
2008-06-19,637.4070945926792,0.039924186010595095
2008-06-20,593.9245592086455,-0.06821784029846767
2008-06-23,578.8212518243354,-0.025429673095913017
2008-06-24,566.1020574226166,-0.02197430443618019
2008-06-25,589.7415182517483,0.04175830226930966
2008-06-26,530.8682404413893,-0.09982895215667553
2008-06-27,526.92023397536,-0.007436885775549021
2008-06-30,511.4284505244661,-0.029400623570698545
2008-07-01,519.4415920158913,0.015668157458208938
2008-07-02,483.2552074797229,-0.06966401053048774
2008-07-03,479.3310484801995,-0.008120262210910624
2008-07-07,477.97563068707126,-0.002827727929216771
2008-07-08,510.6424495670269,0.06834410957939081
2008-07-09,470.8731106951295,-0.07788098875371163
2008-07-10,485.37668827024766,0.030801456370500996
2008-07-11,473.26241058459715,-0.024958507440525326
2008-07-14,456.6160399164452,-0.03517365904380522
2008-07-15,458.3654962936482,0.003831351122757699
2008-07-16,501.2659772181957,0.09359448141590389
2008-07-17,519.3230318044514,0.03602290082894597
2008-07-18,499.42341397495267,-0.03831838106689597
2008-07-21,497.2620765403558,-0.0043276654119890345
2008-07-22,513.2403562200514,0.03213251207665521
2008-07-23,527.8796698671184,0.028523309731299504
2008-07-24,496.70596175171846,-0.05905457227259231
2008-07-25,516.5769481628008,0.040005532329436884
2008-07-28,485.4864449445476,-0.06018561867467404
2008-07-29,521.1133379230054,0.07338390875676665
2008-07-30,527.9105484880487,0.013043631913423802
2008-07-31,525.0658515739035,-0.005388596462587146
2008-08-01,515.1735024793189,-0.018840206547296772
2008-08-04,498.1573901227266,-0.03302986717038194
2008-08-05,540.1725905863364,0.08434121684566165
2008-08-06,559.8445019673258,0.036417825938995334
2008-08-07,543.8462590739857,-0.028576225786126817
2008-08-08,584.2620815601351,0.07431479358700742
2008-08-11,602.9977396131991,0.032067215457547454
2008-08-12,596.0616409261014,-0.011502694341021793
2008-08-13,594.58637285996,-0.002475026012157666
2008-08-14,612.9737461461965,0.030924646318067118
2008-08-15,612.1003140270034,-0.0014249095082529543
2008-08-18,585.4554594479893,-0.043530208968065726
2008-08-19,561.7401833039405,-0.040507396013369217
2008-08-20,565.0655998454766,0.005919848072782245
2008-08-21,558.8817706186987,-0.010943559877771502
2008-08-22,583.0519254546995,0.043247348735750736
2008-08-25,547.4376450895542,-0.061082519086736745
2008-08-26,544.9141363642312,-0.004609673353592815
2008-08-27,559.0851916748394,0.026006033547156724
2008-08-28,579.6174172901767,0.03672468153525822
2008-08-29,547.7948758420563,-0.05490266596351943
2008-09-02,535.0647315716017,-0.023238888919663855
2008-09-03,524.4569352563643,-0.01982525793482955
2008-09-04,474.09200881747097,-0.09603253013381174
2008-09-05,472.09355677958007,-0.0042153252970358905
2008-09-08,480.78096163542216,0.018401871262772228
2008-09-09,442.6760391610391,-0.07925630487689353
2008-09-10,454.020004976851,0.02562588622892493
2008-09-11,472.0524612609517,0.03971731660815279
2008-09-12,473.9562542178402,0.004033011398358241
2008-09-15,422.7709214155756,-0.10799590119711504
2008-09-16,439.04806120427673,0.03850108643754388
2008-09-17,373.98494769794644,-0.14819132403834542
2008-09-18,427.5672308543823,0.14327390309759794
2008-09-19,471.1888762239497,0.10202289189094521
2008-09-22,412.1553470339329,-0.12528633880982995
2008-09-23,397.5924391881449,-0.035333540983004806
2008-09-24,398.8866607920512,0.0032551464171427314
2008-09-25,416.02678184620504,0.042969902829338553
2008-09-26,414.1752751191565,-0.004450450807114124
2008-09-29,300.5549850990553,-0.27432900234668306
2008-09-30,349.7067470340937,0.16353667173026354
2008-10-01,338.4259783314786,-0.032257795419415675
2008-10-02,292.94943338014366,-0.1343766373241948
2008-10-03,279.90381351172124,-0.04453198532558312
2008-10-06,243.4819024788968,-0.13012295393860088
2008-10-07,201.10035726082498,-0.17406445730292058
2008-10-08,196.09449716834345,-0.024892348082649087
2008-10-09,163.90697814114816,-0.16414289789867445
2008-10-10,165.2160445920702,0.0079866425808593
2008-10-13,223.72257334492306,0.35412135000150563
2008-10-14,199.97592262708767,-0.10614329328862193
2008-10-15,149.1589946730865,-0.2541152319060123
2008-10-16,173.71845985837155,0.16465292783121982
2008-10-17,171.76734874431543,-0.011231455284871874
2008-10-20,189.44536796282094,0.10291839134584412
2008-10-21,165.88996217766666,-0.12433877923991826
2008-10-22,142.14846102756871,-0.1431159597509042
2008-10-23,139.02084642124782,-0.022002451406873274
2008-10-24,125.52793958710004,-0.09705671617954953
2008-10-27,114.3278788636789,-0.08922364821936513
2008-10-28,147.02521264830293,0.28599615517761273
2008-10-29,149.09215139743293,0.014058396596740925
2008-10-30,160.2387968518943,0.07476346239546786
2008-10-31,166.58393119767376,0.03959799043950714
2008-11-03,168.13682386317916,0.009321983545115696
2008-11-04,183.8503706119322,0.09345690246617167
2008-11-05,153.33393158213636,-0.16598519180692517
2008-11-06,133.37877348529216,-0.13014182764990156
2008-11-07,143.0022150820845,0.07215122275699662
2008-11-10,135.00982244233876,-0.0558899918799023
2008-11-11,126.02855696724488,-0.06652305226850942
2008-11-12,106.48932324437804,-0.15503814526691073
2008-11-13,127.26154499908395,0.1950638911192682
2008-11-14,108.16632742778575,-0.15004703558671753
2008-11-17,100.71546276039558,-0.06888340248368455
2008-11-18,100.96228612990386,0.002450699850284968
2008-11-19,81.1834087357577,-0.19590362057271096
2008-11-20,68.83238752448821,-0.15213725813694987
2008-11-21,79.53626978934084,0.15550647957757607
2008-11-24,94.64271469760318,0.1899315236718187
2008-11-25,93.23481085184676,-0.014875987552289511
2008-11-26,106.09800956926377,0.13796562249541183
2008-11-28,106.81490222712348,0.006756890734992527
2008-12-01,78.11518563381948,-0.268686447255075
2008-12-02,86.78473492111031,0.11098417314056021
2008-12-03,94.42958939265066,0.08808985218990102
2008-12-04,85.54027373197081,-0.09413697250886997
2008-12-05,96.85578203107227,0.13228281609849765
2008-12-08,108.86912028086277,0.1240332584990798
2008-12-09,103.79675110828359,-0.046591440800599786
2008-12-10,107.44532952238157,0.0351511812762973
2008-12-11,95.583329374612,-0.11040033289952009
2008-12-12,101.82663284649207,0.06531791173972604
2008-12-15,95.40086295058994,-0.06310500225996127
2008-12-16,110.87291057230837,0.1621793256705834
2008-12-17,108.65739288707589,-0.01998249774265266
2008-12-18,103.0948841680848,-0.05119309944029315
2008-12-19,105.47378508950871,0.02307486875435422
2008-12-22,99.00111811708234,-0.06136754234176233
2008-12-23,96.90403438240712,-0.021182424749941992
2008-12-24,97.54418383400794,0.00660601445213966
2008-12-26,98.56526679173624,0.010467902007011318
2008-12-29,94.71045263931434,-0.03910925499310955
2008-12-30,102.30521899261637,0.08018931534648199
2008-12-31,107.5145427853961,0.05091943347636748
2009-01-02,118.8039452376971,0.10500349217719473
2009-01-05,117.9100400235904,-0.007524204792342762
2009-01-06,123.20691950041751,0.044923057237257924
2009-01-07,111.28628746884301,-0.0967529427722937
2009-01-08,115.03985279698905,0.03372891138269769
2009-01-09,105.35191383262413,-0.08421376356818912
2009-01-12,98.7723581424713,-0.062453119746889184
2009-01-13,100.25455434076713,0.01500618418118431
2009-01-14,89.20920344547987,-0.11017305864972378
2009-01-15,93.2023559618626,0.04476166541295405
2009-01-16,96.4419701530854,0.03475893026296907
2009-01-20,79.72519364631991,-0.17333507891046215
2009-01-21,90.7199393622234,0.1379080465414587
2009-01-22,83.21585802343587,-0.08271700126281491
2009-01-23,85.23039909520207,0.024208619842612744
2009-01-26,87.35031799676926,0.024872802709737907
2009-01-27,90.0714023118486,0.031151395638651172
2009-01-28,99.67165121556934,0.10658487219375577
2009-01-29,89.98695966849016,-0.09716595871511326
2009-01-30,84.36633931614512,-0.06246038729446211
2009-02-02,87.46713198152408,0.03675390790347549
2009-02-03,91.3118287754619,0.04395590328433258
2009-02-04,91.09083144435013,-0.0024202486586400386
2009-02-05,96.72144856151952,0.06181321465497103
2009-02-06,105.25937330308032,0.08827333407987849
2009-02-09,105.24631222751596,-0.00012408467915500133
2009-02-10,91.9939208747547,-0.12591786897115145
2009-02-11,93.04317652625278,0.011405706393649358
2009-02-12,95.09255372777118,0.022026088081162555
2009-02-13,93.73753961238604,-0.014249423979760152
2009-02-17,82.08263242206309,-0.12433553556576318
2009-02-18,81.6365580083616,-0.005434455505859096
2009-02-19,77.44495902774858,-0.05134463141113444
2009-02-20,77.19301903771267,-0.0032531489873425393
2009-02-23,68.60719492624027,-0.11122539600734874
2009-02-24,76.63622111020602,0.11702892375351844
2009-02-25,74.02519249232176,-0.034070424925173294
2009-02-26,68.73829157087641,-0.07142029278740121
2009-02-27,66.72196981825358,-0.029333311994578552
2009-03-02,58.74387356352645,-0.11957225298442115
2009-03-03,58.50185279925479,-0.004119931996141395
2009-03-04,62.85335908590263,0.07438236702655808
2009-03-05,55.314223759281084,-0.1199480097208122
2009-03-06,54.58421672034554,-0.013197456084938084
2009-03-09,51.402239482437516,-0.058294822736221136
2009-03-10,62.300948636790714,0.21202790508917294
2009-03-11,64.14261350818705,0.029560783771256517
2009-03-12,71.78621701821172,0.11916576347561901
2009-03-13,72.60547929531695,0.011412528910632023
2009-03-16,68.43565147101431,-0.0574313104847392
2009-03-17,76.93365124451748,0.12417504021427302
2009-03-18,81.53286992473767,0.05978162489133061
2009-03-19,80.26762113063684,-0.01551826637856327
2009-03-20,76.01738066007402,-0.05295087123169482
2009-03-23,91.44397195084721,0.20293505454701327
2009-03-24,84.5277792295239,-0.07563311800411389
2009-03-25,86.61071849247575,0.02464206775497917
2009-03-26,96.48040601826858,0.11395457395553481
2009-03-27,88.86191406591911,-0.07896413652018532
2009-03-30,81.38842209222418,-0.08410230695853549
2009-03-31,85.74829062213412,0.05356865777505342
2009-04-01,89.62515443961101,0.045212141132480656
2009-04-02,98.4728394454967,0.09871876998379088
2009-04-03,102.02462436091655,0.03606867574267223
2009-04-06,99.179864127548,-0.027883074808539274
2009-04-07,90.8332368339238,-0.08415647033847716
2009-04-08,95.90724183198594,0.05586066482844006
2009-04-09,107.1052898268707,0.11675914958019472
2009-04-13,107.27766026168618,0.0016093550103277795
2009-04-14,101.91266908915996,-0.050010329824860124
2009-04-15,102.12116608678545,0.0020458398302087106
2009-04-16,110.34497203097142,0.08052988679346985
2009-04-17,110.87199982669352,0.004776183146561452
2009-04-20,97.99504406719008,-0.11614254076441036
2009-04-21,104.51531399603353,0.06653673143279414
2009-04-22,104.9538174507337,0.004195590463583411
2009-04-23,106.12423125620894,0.011151703043337707
2009-04-24,114.23845059330152,0.07645962888063654
2009-04-27,111.2466952944116,-0.026188689389186698
2009-04-28,110.13971987591907,-0.009950636426214177
2009-04-29,117.67261222049736,0.0683939668002123
2009-04-30,118.78411585750484,0.00944572926557228
2009-05-01,119.18466070883053,0.0033720405159741833
2009-05-04,128.42942473982305,0.0775667269261904
2009-05-05,126.37384108878635,-0.016005550559780014
2009-05-06,127.45686085074072,0.008569967903353359
2009-05-07,118.14724359524038,-0.07304131918329951
2009-05-08,122.85393703677858,0.03983752221645405
2009-05-11,121.2287792240045,-0.013228373888315579
2009-05-12,118.01687496211714,-0.026494569049090685
2009-05-13,107.34951815428315,-0.09038840260139218
2009-05-14,112.19698224013476,0.04515589980464391
2009-05-15,110.3956322204524,-0.016055244835613647
2009-05-18,120.70667920469552,0.09340085995116809
2009-05-19,121.16875325110576,0.003828073553632071
2009-05-20,119.77104623174688,-0.011535210042661106
2009-05-21,113.000122646212,-0.05653222375993706
2009-05-22,112.35819257910435,-0.00568079088832012
2009-05-26,124.02012522091073,0.10379245495245881
2009-05-27,119.91376887396596,-0.03311040316747243
2009-05-28,124.2239212790406,0.03594376563716188
2009-05-29,129.02559743974476,0.03865339389760776
2009-06-01,140.90272260387778,0.09205247175607656
2009-06-02,142.78715008878564,0.013373960772962486
2009-06-03,140.2573675716054,-0.017717158130876612
2009-06-04,145.81848160422365,0.039649354104547334
2009-06-05,145.68431609836043,-0.0009200857421310372
2009-06-08,144.04846716020637,-0.011228723736119833
2009-06-09,148.21475633618076,0.02892282894854243
2009-06-10,146.5373660167496,-0.011317296340092592
2009-06-11,148.74901085786638,0.015092702299998966
2009-06-12,147.90145978139557,-0.005697860251861919
2009-06-15,137.79906614242455,-0.06830489471775844
2009-06-16,133.20895360717034,-0.03331018608290138
2009-06-17,135.85914388461794,0.01989498607775965
2009-06-18,135.78968401454,-0.0005112638582273839
2009-06-19,140.24751952558847,0.032828970355149555
2009-06-22,126.16113376746499,-0.10043946449657809
2009-06-23,125.89565174631733,-0.0021043090944077364
2009-06-24,131.77009664670942,0.0466612215664862
2009-06-25,139.98172560063531,0.062317848760043
2009-06-26,141.98149930069786,0.014285962624634697
2009-06-29,143.35724173622594,0.009689589434567523
2009-06-30,141.26117734146322,-0.01462126621143724
2009-07-01,143.73508244362853,0.01751298657369429
2009-07-02,132.24836167542975,-0.07991591595394788
2009-07-06,130.26226414560432,-0.015017936741627238
2009-07-07,121.25486338110066,-0.0691481974736397
2009-07-08,121.46959634598993,0.0017709224925219898
2009-07-09,122.59813060754456,0.009290672690968307
2009-07-10,123.33493443042244,0.0060099107484475976
2009-07-13,131.1885215996824,0.06367690715958854
2009-07-14,132.6264383263284,0.010960690074957764
2009-07-15,146.59889950872846,0.10535200491489262
2009-07-16,151.8311403807012,0.03569086050104509
2009-07-17,152.22095553016467,0.002567425552400162
2009-07-20,157.73490354653163,0.036223317592263334
2009-07-21,159.45584116717583,0.010910315865102965
2009-07-22,162.00564694463998,0.015990670262062714
2009-07-23,173.92760520066244,0.07358976974485579
2009-07-24,171.91692924570032,-0.011560418788279066
2009-07-27,172.4505174776848,0.003103756182277249
2009-07-28,174.46290803994913,0.011669379667270188
2009-07-29,172.41885942324248,-0.011716236073736603
2009-07-30,176.77577477837565,0.02526936652815991
2009-07-31,175.2350044359292,-0.008715958645227985
2009-08-03,183.26329627764267,0.04581442998535613
2009-08-04,184.0120214433289,0.0040855161993372646
2009-08-05,179.01000356071654,-0.027183103817773495
2009-08-06,173.66008169398285,-0.02988616144526869
2009-08-07,180.82193046820507,0.041240616175930174
2009-08-10,178.67831031922447,-0.011854868175724596
2009-08-11,172.63118559102872,-0.033843641779419203
2009-08-12,180.2625433102282,0.04420613629612961
2009-08-13,183.14820197521962,0.016008088047583153
2009-08-14,176.64171686229236,-0.03552579300673451
2009-08-17,162.0759247401601,-0.08245952530843867
2009-08-18,168.4001877331774,0.03902037272442737
2009-08-19,171.84955574940668,0.020483160159504424
2009-08-20,177.08942318023384,0.030491015283554242
2009-08-21,185.5596806927812,0.047830397549641974
2009-08-24,184.7847700644667,-0.004176072223348311
2009-08-25,186.51146296536353,0.009344346399838058
2009-08-26,186.57660875547785,0.00034928571723440356
2009-08-27,187.49888344889274,0.004943142120369481
2009-08-28,187.7972960036331,0.001591543102824489
2009-08-31,182.35359542452755,-0.02898710841395841
2009-09-01,171.42507168281153,-0.05993039904847456
2009-09-02,170.95875101670566,-0.002720259420213168
2009-09-03,175.1733828074219,0.024652916365213683
2009-09-04,184.61084572313877,0.053874982400105985
2009-09-08,189.8596128448614,0.028431520917217484
2009-09-09,196.19218757640164,0.03335398527708321
2009-09-10,202.9527710866834,0.034458984293903296
2009-09-11,202.0519767909324,-0.0044384429487107965
2009-09-14,205.2533187857277,0.015844150825150234
2009-09-15,208.46104400866696,0.015628128411837805
2009-09-16,217.5465822847913,0.04358386632538695
2009-09-17,215.59999791913202,-0.008947896791644358
2009-09-18,217.46960806501696,0.008671661242715688
2009-09-21,219.08858703186775,0.007444621716367746
2009-09-22,221.63942036746369,0.011642931154715559
2009-09-23,217.04135391577182,-0.02074570689667292
2009-09-24,209.77915181065927,-0.033459992642373655
2009-09-25,204.80656978132689,-0.02370389043149773
2009-09-28,216.5402198819581,0.057291375531357734
2009-09-29,214.50897177786848,-0.00938046569453432
2009-09-30,214.02949793691727,-0.002235215790637125
2009-10-01,194.39473809344793,-0.09173856890164027
2009-10-02,191.74912922035801,-0.013609467514589439
2009-10-05,197.4081296651778,0.029512522261920943
2009-10-06,207.56124999670558,0.05143212870082099
2009-10-07,209.57327201637014,0.009693630288391979
2009-10-08,213.63613195601377,0.01938634588539636
2009-10-09,218.27938130466157,0.02173438222333953
2009-10-12,218.2711526959772,-3.769759944884611e-05
2009-10-13,218.51227711716712,0.0011047012773408745
2009-10-14,228.43091118999038,0.04539165580845074
2009-10-15,228.7773975008483,0.0015168100895493358
2009-10-16,223.58189778725742,-0.02270984708431105
2009-10-19,229.68791169075064,0.027309965448558973
2009-10-20,225.63150579407994,-0.017660511024769218
2009-10-21,221.65741577051497,-0.017613187527064127
2009-10-22,226.1708617097831,0.02036226003799021
2009-10-23,222.79227911971725,-0.014938186840359552
2009-10-26,218.9125438086293,-0.017414137179337284
2009-10-27,211.02554487439346,-0.036028081337954536
2009-10-28,194.13942175197866,-0.08001933193664175
2009-10-29,204.8783926329977,0.05531576628851074
2009-10-30,189.52298019975134,-0.07494891108772407
2009-11-02,190.69012097421012,0.0061583074159589505
2009-11-03,192.9670454165064,0.011940442591696833
2009-11-04,192.4707540000743,-0.0025718972654678544
2009-11-05,206.47015567375584,0.07273521500142377
2009-11-06,208.57586277692747,0.010198602777724846
2009-11-09,220.9372435965011,0.05926563435959128
2009-11-10,220.03196969899557,-0.0040974255076651304
2009-11-11,224.89824346224543,0.02211621233908393
2009-11-12,219.34294637186582,-0.024701380521507738
2009-11-13,225.1294669846958,0.02638115657943116
2009-11-16,234.50213078386642,0.041632327943137655
2009-11-17,236.41265497389227,0.008147150661870762
2009-11-18,233.00090647751563,-0.01443132770009034
2009-11-19,221.43723129991227,-0.04962931411908151
2009-11-20,218.1286445243568,-0.014941420447378857
2009-11-23,227.3019140003155,0.042054400952069325
2009-11-24,225.17358609661719,-0.009363440308273685
2009-11-25,227.32493122180867,0.009554162912644572
2009-11-27,215.56198510424423,-0.05174507720882992
2009-11-30,217.45902623860937,0.008800443795540932
2009-12-01,226.96445771731183,0.04371136780623911
2009-12-02,229.86174612418944,0.012765383778663035
2009-12-03,226.12147212287778,-0.016271841941420142
2009-12-04,232.7543133342348,0.02933308875573145
2009-12-07,231.2829223177065,-0.006321648761092558
2009-12-08,226.02856710657113,-0.02271830171670701
2009-12-09,229.39195637330522,0.01488037246702654
2009-12-10,231.6510183834691,0.009848043697258373
2009-12-11,231.4888042491511,-0.0007002521959540741
2009-12-14,238.43432964414282,0.030003720557976888
2009-12-15,234.87381759502574,-0.014932883425096839
2009-12-16,236.762196930013,0.008039973779637104
2009-12-17,228.1299151122531,-0.03645971328907547
2009-12-18,238.07481956956556,0.04359316248559067
2009-12-21,246.49911751642057,0.03538508592418948
2009-12-22,251.47262603112435,0.020176577363902583
2009-12-23,257.169166246599,0.022652724892488044
2009-12-24,262.6385616175184,0.021267694921384188
2009-12-28,264.55213488803645,0.007285957015347915
2009-12-29,263.6377407792198,-0.003456385295108559
2009-12-30,264.64706216356586,0.003828440424966561
2009-12-31,256.99288849265264,-0.02892219399050996
2010-01-04,270.38581833281734,0.05211400953045297
2010-01-05,270.50061127812756,0.000424552389685218
2010-01-06,267.8351084939059,-0.009853962146802708
2010-01-07,267.4847244790519,-0.0013082079374294865
2010-01-08,273.47039615487245,0.022377620581803766
2010-01-11,271.8241929377215,-0.006019676134226604
2010-01-12,261.2223706121146,-0.03900249720611107
2010-01-13,270.02155324929197,0.03368464429963821
2010-01-14,273.13723394682006,0.011538637045953133
2010-01-15,262.9816184500742,-0.03718136612133654
2010-01-19,274.20738331540394,0.04268650003559426
2010-01-20,263.8862732236659,-0.03763979644510996
2010-01-21,255.07097178884158,-0.03340568392260634
2010-01-22,234.6803806558247,-0.07994085328493215
2010-01-25,236.47301643534962,0.007638626520526874
2010-01-26,234.21561168679474,-0.009546140961804167
2010-01-27,239.8639449462873,0.02411595546007311
2010-01-28,226.13730791909995,-0.05722676257267902
2010-01-29,216.29414718726937,-0.04352736318658188
2010-02-01,223.5320312139022,0.0334631524743303
2010-02-02,229.36778044771214,0.026106993266775194
2010-02-03,229.64577944886966,0.0012120228944749
2010-02-04,209.0663709230339,-0.0896137023516156
2010-02-05,213.70634357547988,0.022193778138302988
2010-02-08,209.2244719930915,-0.020972103623144972
2010-02-09,216.562050781415,0.035070365901393036
2010-02-10,215.6662024277531,-0.004136682075319506
2010-02-11,224.57475893677992,0.04130715155524254
2010-02-12,226.4790871953298,0.008479707459403199
2010-02-16,236.0625802971666,0.04231513479022166
2010-02-17,239.94390431081348,0.01644192827495518
2010-02-18,244.94112850773,0.020826635339080406
2010-02-19,245.66084433443777,0.0029383216738345366
2010-02-22,245.09164278675843,-0.0023170218649270534
2010-02-23,235.72722093463412,-0.038207838283053235
2010-02-24,242.91430234333146,0.030488975266417317
2010-02-25,242.37832295805856,-0.0022064546224839355
2010-02-26,243.7047100237844,0.005472383212897148
2010-03-01,255.27336168140317,0.04746995516208828
2010-03-02,257.7174863543526,0.009574538670430604
2010-03-03,257.6924837695979,-9.701547655308262e-05
2010-03-04,261.64696568470913,0.015345740229842674
2010-03-05,273.3155359020839,0.0445966196735326
2010-03-08,275.42004260893765,0.007699916142372643
2010-03-09,278.4339411418333,0.01094291651524811
2010-03-10,284.96709938502033,0.02346394342728174
2010-03-11,288.42717995106193,0.012142035250766306
2010-03-12,288.1486615608276,-0.0009656454370271685
2010-03-15,286.20004510905324,-0.00676253861884765
2010-03-16,291.95656589745204,0.02011362641891036
2010-03-17,296.05147434015225,0.014025745336854314
2010-03-18,296.8797293431597,0.0027976722793003144
2010-03-19,290.61060142070215,-0.021116726077350878
2010-03-22,298.35923503098894,0.02666328610314356
2010-03-23,305.78697645568633,0.024895295846719526
2010-03-24,299.54208958001294,-0.020422344169318804
2010-03-25,299.0506305462918,-0.0016407010928253549
2010-03-26,298.21167160023526,-0.002805407714820693
2010-03-29,301.7019328967154,0.011703972811496684
2010-03-30,304.0992030313325,0.007945822923971132
2010-03-31,299.2961792863775,-0.015794266137751638
2010-04-01,301.0403529595952,0.005827584158863665
2010-04-05,311.22816352180075,0.03384200975731944
2010-04-06,314.0407524297928,0.009037064243047089
2010-04-07,311.87131370529835,-0.006908143951729504
2010-04-08,314.06054169856816,0.0070196516866519775
2010-04-09,320.74128180179116,0.021272140928914034
2010-04-12,322.2849599408837,0.004812845201655392
2010-04-13,325.494496512803,0.009958691750641962
2010-04-14,340.90176796339097,0.04733496761283002
2010-04-15,345.3397826392295,0.01301845602723639
2010-04-16,331.1771748000701,-0.04101064676337859
2010-04-19,330.764061441688,-0.0012474089092385557
2010-04-20,338.86185078398614,0.024482071319969403
2010-04-21,340.62631510574874,0.005207031472207254
2010-04-22,346.5422220125318,0.017367733038906437
2010-04-23,351.1314865964161,0.013243017134340259
2010-04-26,348.18407851859314,-0.008394029559675031
2010-04-27,326.88691755891364,-0.06116638374244981
2010-04-28,327.00566671051723,0.0003632728788609463
2010-04-29,342.9724610000122,0.04882727094643773
2010-04-30,322.20909705991926,-0.060539449376059894
2010-05-03,337.00286234969496,0.045913555590966444
2010-05-04,306.87972567409486,-0.08938540303655482
2010-05-05,298.554771085106,-0.027127743843951217
2010-05-06,267.7539664526339,-0.10316634539292627
2010-05-07,249.06721579076063,-0.06979075197072385
2010-05-10,285.0606206404196,0.14451281649166017
2010-05-11,285.30469086338485,0.0008562046290958155
2010-05-12,303.2306856713532,0.06283105529643057
2010-05-13,291.7437272623872,-0.037881912853027555
2010-05-14,274.390892598003,-0.05947971813213133
2010-05-17,277.01871655074444,0.009576935764377981
2010-05-18,263.98130886067133,-0.0470632737470103
2010-05-19,257.5380700162462,-0.02440793582028132
2010-05-20,225.8305297115297,-0.12311787652488163
2010-05-21,233.53527787949332,0.03411738960983473
2010-05-24,228.70004063517823,-0.02070452604942254
2010-05-25,227.90506095055912,-0.0034760802071183592
2010-05-26,223.25567181664962,-0.020400552381406346
2010-05-27,248.21619440260025,0.11180241192908924
2010-05-28,241.48013161535022,-0.027137886000799492
2010-06-01,230.38533620340314,-0.04594496175619036
2010-06-02,248.66475971263375,0.07934282541789907
2010-06-03,255.8583462876793,0.028928854186490632
2010-06-04,227.92091060015804,-0.10919102735116273
2010-06-07,214.0050757521927,-0.06105554251833384
2010-06-08,213.03183281221513,-0.004547756339688622
2010-06-09,209.59119001354708,-0.016150838835907413
2010-06-10,227.03564237872598,0.0832308474609613
2010-06-11,234.6872798923236,0.03370236247238057
2010-06-14,234.8338146229919,0.0006243829266566934
2010-06-15,254.28507495159135,0.08282989551494958
2010-06-16,254.3137385550956,0.00011272231966318059
2010-06-17,254.73282045310148,0.0016478932691050695
2010-06-18,255.61940862575634,0.003480463063526075
2010-06-21,248.78020422654265,-0.026755419066111442
2010-06-22,239.89436422327043,-0.03571763288360621
2010-06-23,237.49709880158403,-0.00999300433525508
2010-06-24,225.8739358032891,-0.048940231509966674
2010-06-25,227.73658006636686,0.00824638866123933
2010-06-28,226.89957409254222,-0.003675325121597516
2010-06-29,200.71116081297004,-0.11541852109819786
2010-06-30,193.40549439834615,-0.03639890469983161
2010-07-01,191.2470586815296,-0.011160157179252285
2010-07-02,188.6432473444908,-0.013614909191229813
2010-07-06,189.24466423018265,0.003188117752201296
2010-07-07,207.03773860617136,0.0940215379301082
2010-07-08,211.62944256344218,0.02217810138471993
2010-07-09,217.7829527765491,0.029076815298335563
2010-07-12,218.38224109705192,0.0027517687351667885
2010-07-13,231.40701572190815,0.05964209616782832
2010-07-14,233.83633167109335,0.010498022031037234
2010-07-15,233.61050793661752,-0.0009657341648407498
2010-07-16,211.7997298714084,-0.09336385703645973
2010-07-19,217.42280435516028,0.02654901631444873
2010-07-20,224.6317023977469,0.03315612667202516
2010-07-21,213.98132714252088,-0.04741260980325824
2010-07-22,231.17788731722675,0.08036477016170769
2010-07-23,238.4704415642968,0.03154520673105329
2010-07-26,247.00322170406562,0.03578129047690882
2010-07-27,244.3754826845679,-0.010638480750854344
2010-07-28,236.79715506613175,-0.031010998055881145
2010-07-29,232.77113020033374,-0.01700199846013194
2010-07-30,233.7157136705138,0.00405799236944493
2010-08-02,246.39323399842795,0.05424333746675934
2010-08-03,242.5921192829968,-0.015427025546713605
2010-08-04,248.9937816812394,0.026388583508661703
2010-08-05,245.59756149786722,-0.013639779115929989
2010-08-06,244.1344373684251,-0.005957404953529416
2010-08-09,249.6804510709563,0.022717047878672163
2010-08-10,240.42716214415097,-0.03706052631319407
2010-08-11,218.72894313153847,-0.0902486175817484
2010-08-12,213.28459046515616,-0.02489086532598574
2010-08-13,208.38981714257505,-0.022949493500238335
2010-08-16,210.83287944325428,0.011723520535591883
2010-08-17,218.8351512098916,0.037955520921446835
2010-08-18,220.70565836570384,0.008547562608066484
2010-08-19,209.73418805546464,-0.049710870085893887
2010-08-20,209.9780852743697,0.0011628872773023304
2010-08-23,204.19069632422122,-0.027561871242831455
2010-08-24,194.0260204561288,-0.04978030855995801
2010-08-25,198.9083949068488,0.02516350353031109
2010-08-26,192.55088398374863,-0.03196200404752885
2010-08-27,202.08631927967747,0.049521638637263464
2010-08-30,192.63974107492285,-0.04674526330345513
2010-08-31,191.02963729578212,-0.008358108094188672
2010-09-01,208.0658033955932,0.08918074881455712
2010-09-02,214.71959767220883,0.0319792785168297
2010-09-03,224.6088422048322,0.046056553010686514
2010-09-07,217.15247644879068,-0.03319711585192925
2010-09-08,223.05543481465278,0.02718347247241334
2010-09-09,225.26672991773717,0.00991365713604728
2010-09-10,227.17534237108143,0.00847267794068487
2010-09-13,240.3461294023213,0.05797630541137677
2010-09-14,241.63833383707998,0.005376431224301624
2010-09-15,245.30645097540418,0.015180195460201093
2010-09-16,245.93532315636745,0.0025636186022123583
2010-09-17,249.90635764151358,0.01614666178969876
2010-09-20,262.9640232629795,0.052250233826371596
2010-09-21,260.8066144714677,-0.008204197535243252
2010-09-22,255.89010382905266,-0.01885117312832923
2010-09-23,253.44594157388053,-0.009551609142356528
2010-09-24,271.14744122078787,0.06984329493296423
2010-09-27,267.2748145266037,-0.014282364888816405
2010-09-28,270.6102057391152,0.012479257420566022
2010-09-29,269.5893789191102,-0.0037723145629959378
2010-09-30,266.90016582566176,-0.009975218995015772
2010-10-01,267.63292544998154,0.00274544461991234
2010-10-04,258.7879211122786,-0.03304901414066124
2010-10-05,277.1155973453983,0.0708212197630662
2010-10-06,270.4879548924373,-0.023916526231110413
2010-10-07,271.5268279946235,0.003840737021355813
2010-10-08,277.77299558359346,0.02300386902871227
2010-10-11,277.9584357850117,0.0006675962183749311
2010-10-12,283.3831477965948,0.019516270467786336
2010-10-13,291.59253758136316,0.02896922364155849
2010-10-14,289.5101796994839,-0.0071413277553381335
2010-10-15,301.4318700016206,0.04117882940942395
2010-10-18,305.8302144115752,0.014591504242504057
2010-10-19,289.67832349500975,-0.05281326093840033
2010-10-20,296.98119283002154,0.025210272024850357
2010-10-21,297.82197990843093,0.002831112200733097
2010-10-22,304.9993937879171,0.0240996782094221
2010-10-25,309.2722302103512,0.014009327590353548
2010-10-26,311.68580913197667,0.007804059614352982
2010-10-27,313.93600782421584,0.0072194454361133266
2010-10-28,315.49728953528523,0.004973248280406341
2010-10-29,315.5274290370399,9.553014480430615e-05
2010-11-01,314.60234289560196,-0.0029318723391535233
2010-11-02,325.4237733560017,0.0343971706020977
2010-11-03,328.040344292581,0.00804050333998461
2010-11-04,342.4171985851097,0.043826482146677406
2010-11-05,343.0871775935834,0.0019566161140331054
2010-11-08,343.56327686594466,0.0013876918271927825
2010-11-09,336.76045555234447,-0.019800781316492676
2010-11-10,343.0045897733999,0.01854176794841899
2010-11-11,333.7394746888123,-0.02701163588134034
2010-11-12,319.1378274073119,-0.04375163380093239
2010-11-15,317.51440785128113,-0.0050868916706598025
2010-11-16,300.8645279752396,-0.05243818694312636
2010-11-17,303.13367346562063,0.0075420838264051255
2010-11-18,317.24819052704277,0.046562022951973
2010-11-19,318.67139949030457,0.0044861058494848095
2010-11-22,323.9941637371044,0.016702987012054547
2010-11-23,309.7793141739948,-0.043873782784074375
2010-11-24,327.73680952246383,0.057968671653726926
2010-11-26,324.4586253239615,-0.01000249011784461
2010-11-29,320.9180810254096,-0.010912159585884902
2010-11-30,310.64329118947757,-0.03201686175830796
2010-12-01,329.75754615675766,0.06153120157235684
2010-12-02,341.3833269203157,0.03525554122734615
2010-12-03,346.2079660860472,0.014132615114087244
2010-12-06,347.64420214752016,0.004148477799947583
2010-12-07,349.09560490680354,0.004174966101311627
2010-12-08,353.41264823212094,0.012366364012144757
2010-12-09,356.4812009817195,0.008682634209467131
2010-12-10,365.02784821559163,0.02397502928719754
2010-12-13,359.8361866383565,-0.014222645210808328
2010-12-14,361.00896830533713,0.003259209914202867
2010-12-15,356.6985546704001,-0.01193990735236068
2010-12-16,364.92970290363724,0.023075922583546675
2010-12-17,367.2966551054202,0.006486049732180762
2010-12-20,370.0966437535065,0.0076232348135124245
2010-12-21,377.6780834450291,0.02048502686928447
2010-12-22,379.3398223096222,0.00439988163844562
2010-12-23,376.8530941672423,-0.0065554102051278125
2010-12-27,377.6332504427861,0.0020701867322272193
2010-12-28,375.78663833878164,-0.004889961627688441
2010-12-29,377.5191651719824,0.004610400308163312
2010-12-30,375.8597268325083,-0.00439563999013981
2010-12-31,371.59679168195265,-0.011341824745313278
2011-01-03,387.8837203314232,0.04382957284359554
2011-01-04,383.45804345852093,-0.011409803095424593
2011-01-05,392.46080227092716,0.02347781971453184
2011-01-06,395.82605484711223,0.008574748246735599
2011-01-07,392.8960886061884,-0.007402156086100832
2011-01-10,394.9588686608685,0.005250192390557713
2011-01-11,398.92492393941166,0.010041691915895655
2011-01-12,407.97012217579805,0.02267393610573241
2011-01-13,407.073201899676,-0.002198495005807289
2011-01-14,416.02219533587663,0.021983744924594897
2011-01-18,420.8630269028446,0.011635993514864452
2011-01-19,402.39533730311143,-0.04388052268605753
2011-01-20,393.0774684836081,-0.023156005936730017
2011-01-21,386.6602312501537,-0.01632562980068655
2011-01-24,398.7839789445681,0.03135504175129632
2011-01-25,399.54723181034916,0.0019139506752529668
2011-01-26,408.4882914620935,0.02237797922221201
2011-01-27,415.56240424337335,0.0173177859173384
2011-01-28,384.6333241468274,-0.07442704099486432
2011-01-31,390.3408382153229,0.014838844453104854
2011-02-01,412.5217481308971,0.05682446657897112
2011-02-02,411.8038974170123,-0.0017401524092664057
2011-02-03,413.7602713662294,0.004750741703728816
2011-02-04,420.72608186945047,0.016835377839008195
2011-02-07,427.4684485811279,0.016025549644363483
2011-02-08,433.50027918069674,0.014110586686783428
2011-02-09,429.8060950283534,-0.008521757262360336
2011-02-10,430.46009917053004,0.0015216260302996088
2011-02-11,439.26443827288017,0.020453322199468747
2011-02-14,442.94405681792955,0.008376773133552633
2011-02-15,436.90879410943273,-0.013625338495009066
2011-02-16,446.83842469768064,0.02272701012687973
2011-02-17,449.7111103276675,0.006428913609948461
2011-02-18,450.85707581900255,0.0025482258832789516
2011-02-22,413.92120309677165,-0.08192368425212182
2011-02-23,398.8764545837896,-0.036346890182054004
2011-02-24,405.443578796773,0.016464055818576486
2011-02-25,424.6283673438548,0.04731802290226445
2011-02-28,425.2346646844438,0.001427830515378695
2011-03-01,404.681663758785,-0.0483333148319662
2011-03-02,409.42446654669044,0.011719836139480851
2011-03-03,432.0871118590479,0.05535244511278633
2011-03-04,425.586565841375,-0.015044526530088911
2011-03-07,407.7344594476818,-0.04194706277534861
2011-03-08,416.72220669260275,0.022043138706244837
2011-03-09,410.38693789095595,-0.015202618674747119
2011-03-10,387.7182883387906,-0.05523725893583052
2011-03-11,394.0157055138049,0.016242249500265055
2011-03-14,387.6872691439681,-0.016061381009126036
2011-03-15,373.21603000077044,-0.037327094013561
2011-03-16,352.02767580979827,-0.05677235833339855
2011-03-17,359.80153894267016,0.022083102173682957
2011-03-18,362.9351679966218,0.008709326433567328
2011-03-21,382.91769760787014,0.05505812435193488
2011-03-22,379.42437431243707,-0.009122908962568805
2011-03-23,385.5585105628489,0.016166953589968114
2011-03-24,401.91371016564614,0.042419500944024
2011-03-25,404.85445030476524,0.0073168445483163145
2011-03-28,399.41812838510964,-0.013427842810084528
2011-03-29,410.9342659720299,0.02883228568888761
2011-03-30,419.84829150953664,0.02169209597652159
2011-03-31,421.805332275389,0.004661304584129511
2011-04-01,425.70228825575174,0.009238754662822665
2011-04-04,425.5621714943788,-0.0003291426079644557
2011-04-05,426.49348129980814,0.0021884224393324382
2011-04-06,430.46536131080944,0.009312873901135329
2011-04-07,428.78402802670433,-0.0039058503545681147
2011-04-08,421.5634863359127,-0.016839577080380204
2011-04-11,417.5623769230078,-0.009491119469765401
2011-04-12,405.50083659751505,-0.028885601270817334
2011-04-13,412.930752262939,0.018322812174117988
2011-04-14,412.3629702343947,-0.0013750054347677091
2011-04-15,414.36379407621314,0.004852093874193193
2011-04-18,401.24921107107025,-0.03164992499979559
2011-04-19,405.48439430946996,0.01055499455586363
2011-04-20,430.99876729500863,0.06292319345357066
2011-04-21,439.1580211805311,0.01893103763783532
2011-04-25,441.8956454385222,0.006233802244194324
2011-04-26,452.0733272886488,0.023031867263653538
2011-04-27,462.7302168949079,0.02357336512236821
2011-04-28,464.0292907691485,0.0028074109422933243
2011-04-29,464.53604766578053,0.0010920795447893707
2011-05-02,460.0000673213153,-0.009764538978746221
2011-05-03,449.19530104998023,-0.02348861889141388
2011-05-04,442.8620775185245,-0.014099042257681741
2011-05-05,436.5321358520192,-0.014293257399625602
2011-05-06,442.52242979169415,0.013722458091162392
2011-05-09,449.93850495849,0.016758642426976646
2011-05-10,463.55193429270946,0.030256199867747195
2011-05-11,450.57731071723947,-0.0279895791941128
2011-05-12,459.1366749525311,0.018996438639279505
2011-05-13,442.5221376301,-0.03618647393861279
2011-05-16,420.9060151435846,-0.04884755054804531
2011-05-17,421.3301524298516,0.0010076769421369241
2011-05-18,435.7832299584773,0.03430344931468455
2011-05-19,439.65881937624545,0.008893388160295815
2011-05-20,430.3363969446078,-0.021203765330725197
2011-05-23,409.9278174187344,-0.04742471162275501
2011-05-24,404.2642189989729,-0.013816087074608609
2011-05-25,411.0009239380052,0.016664113771219947
2011-05-26,420.63421146004254,0.02343860308083
2011-05-27,426.9709150943667,0.015064641585688415
2011-05-31,444.6393960006868,0.04138099407172766
2011-06-01,413.55331766678864,-0.06991300953874577
2011-06-02,415.4145802596251,0.004500659318458417
2011-06-03,397.21707177954534,-0.043805656673645665
2011-06-06,384.0837932582326,-0.033063227777384276
2011-06-07,383.6717488035097,-0.0010727983371220631
2011-06-08,372.5319042616051,-0.029034831406389672
2011-06-09,376.51007532633423,0.010678739241446139
2011-06-10,359.2164231910558,-0.045931445845876634
2011-06-13,357.60977348857733,-0.00447265102248381
2011-06-14,373.4857669922907,0.04439474164489087
2011-06-15,353.7317298069516,-0.05289100397163698
2011-06-16,350.6155161249519,-0.00880953960138201
2011-06-17,347.73406779501437,-0.008218256743978915
2011-06-20,353.0278623655715,0.015223686894197936
2011-06-21,376.23915391678065,0.06574917740394419
2011-06-22,368.66331367678424,-0.020135704009349626
2011-06-23,375.9531089639093,0.019773584776911636
2011-06-24,361.75317205004734,-0.03777050003122899
2011-06-27,376.2711540873616,0.04013228676072454
2011-06-28,393.5137426389965,0.045824901442302994
2011-06-29,398.36422471855525,0.012326080525244724
2011-06-30,412.7830288591768,0.03619502768053151
2011-07-01,431.7787013409608,0.046018540380119544
2011-07-05,436.32332373007705,0.010525351007361291
2011-07-06,440.16119528126893,0.00879593490071151
2011-07-07,458.18152159433765,0.040940288481254
2011-07-08,452.04997254400604,-0.013382357780374143
2011-07-11,424.98044480958174,-0.05988171524949958
2011-07-12,415.5750827331123,-0.022131282018596533
2011-07-13,422.3173649413632,0.016223980908357128
2011-07-14,406.8184955194488,-0.03669957882045984
2011-07-15,418.81878305577226,0.029497890751011238
2011-07-18,407.7458386721792,-0.02643850952147604
2011-07-19,434.9277682898671,0.06666390442194485
2011-07-20,429.27064165768456,-0.013007048628847788
2011-07-21,438.53030194360167,0.02157068149398641
2011-07-22,449.8718175237814,0.025862558482078035
2011-07-25,442.35455570625174,-0.016709786042848278
2011-07-26,441.0452813750268,-0.00295978489276457
2011-07-27,406.040052072132,-0.07936878769853413
2011-07-28,406.69843277672857,0.0016214673927773253
2011-07-29,402.36027762602146,-0.010666761416040834
2011-08-01,397.2509059109196,-0.01269849932813405
2011-08-02,364.5388712308784,-0.082346029155127
2011-08-03,374.31586382277345,0.026820164771133272
2011-08-04,317.3374279655731,-0.15222020054212235
2011-08-05,308.4189814025563,-0.02810398578003326
2011-08-08,244.61667939438328,-0.20686892135505966
2011-08-09,283.4801387106402,0.1588749361346667
2011-08-10,248.72997867601686,-0.1225841083353435
2011-08-11,283.72262877919155,0.1406852937046015
2011-08-12,288.95764500035904,0.01845117621986239
2011-08-15,305.3113430170022,0.05659548483869602
2011-08-16,293.9416508178329,-0.037239665211312306
2011-08-17,289.7696612867383,-0.014193257469592517
2011-08-18,244.41957840967663,-0.1565039027056253
2011-08-19,232.54156658738705,-0.04859681004105413
2011-08-22,233.6221120107123,0.004646676459536044
2011-08-23,263.71686801255123,0.12881809749438017
2011-08-24,270.72267447232696,0.02656563651985387
2011-08-25,254.9152176522517,-0.05838985172145625
2011-08-26,273.95778423349486,0.07470156845332208
2011-08-29,301.2510652790675,0.09962586433503379
2011-08-30,306.2006200018283,0.016429999071291997
2011-08-31,307.4065884490392,0.003938491199670545
2011-09-01,295.469578654537,-0.03883134013076336
2011-09-02,272.6035247121767,-0.07738886028972637
2011-09-06,270.5009838862907,-0.007712815995706272
2011-09-07,295.1497755514988,0.0911227431082823
2011-09-08,288.2826601807418,-0.023266544444851905
2011-09-09,267.3829522658527,-0.07249727715772367
2011-09-12,276.22091271569303,0.033053567458006736
2011-09-13,288.5394746548993,0.04459677516121108
2011-09-14,302.36101272509376,0.04790172327971882
2011-09-15,314.54405638429296,0.04029303761552085
2011-09-16,320.07191298666214,0.01757418870320517
2011-09-19,316.63638306974104,-0.010733618844788285
2011-09-20,308.4354585468923,-0.025900133280143216
2011-09-21,289.85323110672044,-0.060246728854447616
2011-09-22,261.59346591445353,-0.0974968092795281
2011-09-23,270.4108083447722,0.033706279319691224
2011-09-26,281.37189406587277,0.04053493936945473
2011-09-27,291.4915479064119,0.0359654039865473
2011-09-28,272.5318753703785,-0.06504364422299029
2011-09-29,268.9915179885157,-0.012990617618769804
2011-09-30,247.74037199303453,-0.07900303382944747
2011-10-03,223.28429207322674,-0.09871657058985683
2011-10-04,243.07707801263163,0.0886438797625487
2011-10-05,259.97342292133055,0.06951023538229677
2011-10-06,274.6622239511326,0.05650116409878934
2011-10-07,265.64312441238735,-0.03283705858418265
2011-10-10,293.5405160672611,0.1050183087425425
2011-10-11,299.37867970548575,0.01988878304242998
2011-10-12,306.93506332157557,0.025240219589195208
2011-10-13,312.4294821099942,0.017900916007963952
2011-10-14,329.4717399523613,0.05454753414201537
2011-10-17,309.8984639630349,-0.05940805724993762
2011-10-18,325.0238006208764,0.04880739473315273
2011-10-19,305.44590791868507,-0.06023525866349691
2011-10-20,303.55004077064905,-0.006206883441177786
2011-10-21,317.17228722156517,0.044876444148490784
2011-10-24,339.5682754108916,0.0706114282099351
2011-10-25,316.5534226698656,-0.06777680486546371
2011-10-26,320.97442391181426,0.013966050989628186
2011-10-27,352.94008992133524,0.09958944896588827
2011-10-28,352.381036945997,-0.001583988306522044
2011-10-31,332.0511635906474,-0.05769287000101871
2011-11-01,303.3227370507643,-0.08651807218269365
2011-11-02,314.8597816939239,0.03803554179727942
2011-11-03,335.6202146659997,0.06593548677568827
2011-11-04,331.22159129927786,-0.013105954809960551
2011-11-07,334.6249016340034,0.0102750256146508
2011-11-08,346.64550285611705,0.03592261413725035
2011-11-09,306.30377785774573,-0.11637746535288547
2011-11-10,307.54197153772634,0.004042371558850447
2011-11-11,326.39149665998207,0.061290902922963984
2011-11-14,318.5580316391742,-0.024000211711913494
2011-11-15,328.99261187780616,0.03275566522350635
2011-11-16,311.88652559631066,-0.05199535084954727
2011-11-17,293.6004634486028,-0.058630497462966204
2011-11-18,288.33950731128385,-0.017918759648824372
2011-11-21,271.774142708799,-0.057450901393825776
2011-11-22,271.18323239690017,-0.002174269803628727
2011-11-23,251.44573178474366,-0.07278289456801275
2011-11-25,245.77032893224754,-0.022571084473029367
2011-11-28,271.71758131252363,0.10557520304832678
2011-11-29,267.9121299350316,-0.014005171690068553
2011-11-30,301.4165869914249,0.12505763387614466
2011-12-01,303.45003772037,0.006746313297625647
2011-12-02,303.7143927041353,0.000871164774772258
2011-12-05,313.7479454212143,0.03303614500368175
2011-12-06,311.562256555377,-0.006966384633700084
2011-12-07,311.4503957537933,-0.00035903194058367345
2011-12-08,292.8293616100277,-0.05978812163233146
2011-12-09,309.9168536141774,0.05835306920794967
2011-12-12,297.8011773542505,-0.039093312024295265
2011-12-13,286.52955948890815,-0.03784947381834619
2011-12-14,273.2228382589385,-0.04644100683261186
2011-12-15,273.7817647230209,0.002045679884024474
2011-12-16,278.4207019652767,0.016943923372503944
2011-12-19,267.92986126524414,-0.037679815566806996
2011-12-20,293.61317309813853,0.0958583403567268
2011-12-21,284.90952835328477,-0.029643236551735386
2011-12-22,292.04186008688663,0.025033672179464155
2011-12-23,298.52059057049354,0.022184252907029658
2011-12-27,300.8085695686595,0.007664392576047988
2011-12-28,288.7127255687816,-0.04021110175558682
2011-12-29,296.6692753598612,0.027558708316042152
2011-12-30,293.75533786021964,-0.00982217486494675
2012-01-03,308.55679182174873,0.05038701277514219
2012-01-04,308.4523931089731,-0.00033834521080936225
2012-01-05,315.9860633182908,0.0244240938881487
2012-01-06,317.5560502470563,0.004968532194991211
2012-01-09,318.4557694913353,0.00283326122610182
2012-01-10,327.7368546337908,0.029144032018261497
2012-01-11,330.7647127222287,0.00923868660368131
2012-01-12,335.890509544729,0.015496806718934747
2012-01-13,330.72512707822455,-0.01537817330268046
2012-01-17,337.189445556924,0.019545894609847774
2012-01-18,352.6491932575729,0.04584884819011617
2012-01-19,359.7859578813395,0.020237575358789985
2012-01-20,359.1799563632166,-0.0016843389933600106
2012-01-23,358.27645537853505,-0.002515454909649603
2012-01-24,359.25486334994724,0.0027308743198837197
2012-01-25,371.5285265365985,0.03416422278101657
2012-01-26,366.40120423461923,-0.013800615392245516
2012-01-27,370.84259936628644,0.012121671764002223
2012-01-30,369.0988730500358,-0.004702065833942428
2012-01-31,369.8726774639674,0.0020964691859861172
2012-02-01,383.4755747991818,0.03677724299205517
2012-02-02,388.1107285327688,0.012087220251288035
2012-02-03,406.858636631407,0.04830556519144335
2012-02-06,405.40169228463935,-0.0035809596149426696
2012-02-07,406.3057320841765,0.0022299852633629567
2012-02-08,411.27829875596865,0.012238485158171495
2012-02-09,416.11801260292384,0.01176749140811542
2012-02-10,406.1889896567126,-0.023861074612230054
2012-02-13,417.81769000356434,0.02862879261370348
2012-02-14,418.03482869959663,0.0005196972297426292
2012-02-15,411.21976234593865,-0.016302628120384126
2012-02-16,429.87273400793333,0.04536010515541046
2012-02-17,426.38643619576305,-0.008110069647045585
2012-02-21,425.11373978450246,-0.0029848426291784595
2012-02-22,418.48229986577684,-0.01559921333544096
2012-02-23,428.70242908808336,0.024421891261791707
2012-02-24,431.676720718822,0.006937893114031145
2012-02-27,432.81965983437925,0.002647673735229506
2012-02-28,441.8675028882365,0.020904417921587568
2012-02-29,433.07934030134464,-0.01988868275998728
2012-03-01,442.7785020739476,0.0223958080425958
2012-03-02,437.12963919785597,-0.012757762288893205
2012-03-05,425.89213449499573,-0.025707487425198024
2012-03-06,408.53079713522334,-0.04076463487722942
2012-03-07,419.24294946617437,0.026221162287075675
2012-03-08,434.15131404580694,0.035560203453905447
2012-03-09,442.03890983659807,0.018167849631243918
2012-03-12,440.05412690660717,-0.004490063851448275
2012-03-13,464.95999683103855,0.05659728747349569
2012-03-14,465.38229572944886,0.0009082478090340747
2012-03-15,472.5956766746455,0.01549990408184792
2012-03-16,472.1135681829047,-0.0010201288660385032
2012-03-19,482.9018892361779,0.022851114181691223
2012-03-20,480.97293470356504,-0.003994506080032086
2012-03-21,481.55547850962813,0.001211177935453196
2012-03-22,475.9517618871037,-0.01163669997041136
2012-03-23,478.1289152382594,0.004574315141777227
2012-03-26,503.7797246982859,0.05364831250008024
2012-03-27,502.7401955872208,-0.0020634596036744
2012-03-28,495.33633159629466,-0.014727018161494129
2012-03-29,490.77622426292675,-0.009206082902645648
2012-03-30,489.0075447648947,-0.003603841039138257
2012-04-02,502.4577007457298,0.027505007079802135
2012-04-03,499.53068432428245,-0.005825398669585909
2012-04-04,477.6753771365305,-0.04375168107503888
2012-04-05,483.5049199243294,0.012203984268028555
2012-04-09,467.9026663623247,-0.032269068874100595
2012-04-10,442.20193508866873,-0.054927516172250966
2012-04-11,453.4265611858502,0.025383484798479496
2012-04-12,471.08575530927493,0.03894609543216977
2012-04-13,450.6657518066174,-0.04334668003122177
2012-04-16,440.4646935999208,-0.022635530136920438
2012-04-17,464.5583941072395,0.0547006397048552
2012-04-18,459.3829362167525,-0.011140597083457902
2012-04-19,448.5540159408716,-0.023572752538573855
2012-04-20,445.4039426761218,-0.007022728930744924
2012-04-23,432.13656005350197,-0.029787303953587294
2012-04-24,428.30409613281796,-0.008868640783852
2012-04-25,457.8491437736124,0.068981473461399
2012-04-26,467.3926488452353,0.02084421299331239
2012-04-27,475.969765964891,0.01835098849082612
2012-04-30,465.4428192257057,-0.022116839118646515
2012-05-01,467.3452277594773,0.004087308806130788
2012-05-02,471.70266191875317,0.009323801550656742
2012-05-03,455.29436650643436,-0.03478525083062815
2012-05-04,424.63277313158414,-0.06734454812196078
2012-05-07,425.33306376483495,0.0016491676515834395
2012-05-08,420.40571178760905,-0.011584690674201186
2012-05-09,415.48636949916437,-0.011701416394956012
2012-05-10,415.0607427974945,-0.0010244059322160705
2012-05-11,415.1659484815269,0.00025347057233912097
2012-05-14,401.9900329615314,-0.031736503362538485
2012-05-15,398.3533783107694,-0.009046628902637553
2012-05-16,390.2370911863737,-0.020374590919281486
2012-05-17,365.6812079945687,-0.06292554897114412
2012-05-18,352.09925084911436,-0.03714152340487805
2012-05-21,378.1809604989386,0.07407487970203339
2012-05-22,374.9676015907982,-0.008496881767662114
2012-05-23,379.3679025596691,0.011735149784148463
2012-05-24,375.10555688112345,-0.011235388259752078
2012-05-25,374.398387942869,-0.0018852531648272746
2012-05-29,387.7469758068449,0.035653433064494824
2012-05-30,374.1479955602775,-0.03507178932413312
2012-05-31,370.2101042164513,-0.01052495640910559
2012-06-01,338.8653433283019,-0.08466749159775246
2012-06-04,343.5721236379106,0.013889824977022382
2012-06-05,350.3553507618975,0.01974324066854662
2012-06-06,375.5807944926457,0.07199959605552451
2012-06-07,370.1805360064674,-0.014378420210418977
2012-06-08,380.954592465398,0.029104870221329897
2012-06-11,361.56649483279557,-0.050893460837759676
2012-06-12,374.46253233685786,0.03566712537904256
2012-06-13,364.82359381726826,-0.02574072887729828
2012-06-14,371.7296165825077,0.018929759155594892
2012-06-15,386.0946967881677,0.03864389482260053
2012-06-18,395.258950027375,0.02373576564361697
2012-06-19,409.38712105149295,0.03574408883882175
2012-06-20,409.70478147656763,0.0007759414225313001
2012-06-21,379.8027944281962,-0.07298422766901896
2012-06-22,393.111868651076,0.03504206503513749
2012-06-25,370.2587218498908,-0.05813395275905444
2012-06-26,377.2909739897653,0.018992806178177005
2012-06-27,385.74852142499236,0.022416511441528703
2012-06-28,375.3793523944257,-0.026880644914106033
2012-06-29,409.22325617373406,0.09015920445125401
2012-07-02,416.0761862181469,0.016746189130325096
2012-07-03,426.6153824285562,0.02532996734613322
2012-07-05,426.6874969958566,0.0001690388351442604
2012-07-06,410.03309589186404,-0.03903184701039947
2012-07-09,407.7900386306729,-0.0054704297864353
2012-07-10,395.53777706746627,-0.03004551460930418
2012-07-11,389.6982708791431,-0.014763460096321374
2012-07-12,380.9004002900263,-0.022576108868199822
2012-07-13,397.78315120471325,0.04432326902736774
2012-07-16,393.1392956670737,-0.011674339457504172
2012-07-17,398.4958323332201,0.01362503500714022
2012-07-18,411.90372550426304,0.03364625695716516
2012-07-19,421.7126467594142,0.023813625970832933
2012-07-20,404.4235273794498,-0.04099739363478893
2012-07-23,389.93338311625865,-0.03582913278335504
2012-07-24,378.96735992749564,-0.02812281190475419
2012-07-25,375.5190202399654,-0.009099305249375394
2012-07-26,390.9381702313924,0.04106090280480024
2012-07-27,417.24899325685186,0.06730175006929183
2012-07-30,412.152146439669,-0.012215360371271914
2012-07-31,409.5280578590089,-0.006366795862469705
2012-08-01,401.4857867117456,-0.019637900243777894
2012-08-02,397.20761151948585,-0.010655857153248056
2012-08-03,421.040851066076,0.060001970897329955
2012-08-06,430.4958500572008,0.022456250901034272
2012-08-07,441.7347931368332,0.026106971944419608
2012-08-08,439.73976079093524,-0.004516357726161772
2012-08-09,443.0078143217193,0.007431789940727609
2012-08-10,444.01596298827513,0.0022756904821179917
2012-08-13,444.84038247571976,0.0018567338928452651
2012-08-14,442.42519990526176,-0.005429324012843732
2012-08-15,448.5929993083189,0.0139408862885248
2012-08-16,462.59284944505197,0.031208356256828208
2012-08-17,469.05994496013153,0.013980102638503421
2012-08-20,468.983796178715,-0.0001623433896556432
2012-08-21,464.92292464047716,-0.008658873870112117
2012-08-22,467.86999577983846,0.006338838080828768
2012-08-23,458.64604740414137,-0.01971476790325641
2012-08-24,466.0636194390246,0.01617275909574587
2012-08-27,467.7092432758535,0.0035308995772072448
2012-08-28,469.54515504901644,0.0039253271119982355
2012-08-29,471.43172669461904,0.004017870539853894
2012-08-30,456.55581815651277,-0.031554746309517046
2012-08-31,464.7865215750973,0.018027814105663217
2012-09-04,468.5981200160001,0.008200750804876592
2012-09-05,465.9836839443589,-0.0055792713627445326
2012-09-06,496.3227936903079,0.06510766533527726
2012-09-07,496.6468826388374,0.000652980182755214
2012-09-10,481.35882479830946,-0.0307825506913438
2012-09-11,481.62949676559595,0.0005623081022767476
2012-09-12,486.214660054901,0.009520104811056834
2012-09-13,505.695053300949,0.04006541728677699
2012-09-14,519.2481241422682,0.026800876838424487
2012-09-17,516.7729951479582,-0.004766755774801603
2012-09-18,516.3845372879355,-0.0007516992251337689
2012-09-19,518.7700875775977,0.0046197167370487955
2012-09-20,515.5493306480462,-0.006208447646992976
2012-09-21,517.5330531267701,0.0038477840253043063
2012-09-24,508.2762651894697,-0.01788637050594909
2012-09-25,487.54328571195464,-0.04079076851992385
2012-09-26,476.303856010783,-0.0230531934918533
2012-09-27,496.15147162321165,0.04167007124120224
2012-09-28,486.5194446323611,-0.019413480644002362
2012-10-01,485.3561289909084,-0.002391097939223676
2012-10-02,488.43426821098956,0.0063420219426934266
2012-10-03,495.6020317614547,0.014674980886822085
2012-10-04,502.3846552330895,0.013685624829922902
2012-10-05,496.0692464417601,-0.012570863233072571
2012-10-08,484.8597958562949,-0.0225965440628886
2012-10-09,462.7734251852872,-0.045552076826666406
2012-10-10,456.8083990653402,-0.012889733496599692
2012-10-11,455.77583440581265,-0.0022603889544068455
2012-10-12,453.4309933128341,-0.005144724480698793
2012-10-15,462.49388944843867,0.01998737684292309
2012-10-16,479.27531109514223,0.03628463430450238
2012-10-17,480.6763097780362,0.0029231605519022255
2012-10-18,466.192380183731,-0.0301323974152033
2012-10-19,435.61676344879214,-0.06558583545035354
2012-10-22,440.6381147634631,0.011526992843243202
2012-10-23,429.0574268924115,-0.02628162994312952
2012-10-24,425.31666965327406,-0.008718546760118158
2012-10-25,427.23762361362316,0.00451652638471734
2012-10-26,428.05275243849843,0.0019079050622482204
2012-10-31,423.59405318630814,-0.010416237780951833
2012-11-01,441.9047384266392,0.04322696483247734
2012-11-02,425.2852931594212,-0.0376086604691998
2012-11-05,432.87376190986186,0.0178432428125279
2012-11-06,438.2157659569688,0.012340789664723004
2012-11-07,405.66730818542004,-0.07427495836547543
2012-11-08,388.4138340183898,-0.0425310933834089
2012-11-09,392.1792783673625,0.009694413584646802
2012-11-12,392.0138650559253,-0.00042177983529829294
2012-11-13,383.79250886508385,-0.020972105641387368
2012-11-14,369.01515365787213,-0.03850350089143211
2012-11-15,365.2025936220913,-0.010331716727588928
2012-11-16,371.48041100787685,0.017189958383159072
2012-11-19,396.14230694115645,0.06638814646072053
2012-11-20,396.4184006428795,0.0006969558587541688
2012-11-21,400.47033285261256,0.010221352498173478
2012-11-23,417.0699241077634,0.04145023961427913
2012-11-26,421.3445360062611,0.010249149246717503
2012-11-27,417.5563425362383,-0.00899072646326305
2012-11-28,427.7112155070076,0.024319767026142143
2012-11-29,436.42584707185136,0.02037503635370752
2012-11-30,435.67805239186004,-0.0017134518613152324
2012-12-03,432.27782332026214,-0.007804453432829023
2012-12-04,429.9277175328949,-0.005436563387213439
2012-12-05,420.0625983861319,-0.02294599474389134
2012-12-06,426.68996931519814,0.015777103113984312
2012-12-07,421.91065284381773,-0.011200911235506261
2012-12-10,425.78968782602794,0.00919397260074903
2012-12-11,440.9323363371928,0.03556368071871176
2012-12-12,437.2470425030907,-0.00835795774180618
2012-12-13,427.85436580720216,-0.0214813956021719
2012-12-14,418.9485004011694,-0.020815179457689428
2012-12-17,435.64657609158695,0.0398571081515464
2012-12-18,454.7473808899341,0.043844726084410965
2012-12-19,450.2367213886282,-0.009919044486806274
2012-12-20,452.94333498520217,0.00601153452838358
2012-12-21,439.8871224089352,-0.028825267020859142
2012-12-24,436.30498306862853,-0.008143314859252947
2012-12-26,426.6158063132663,-0.02220734837181113
2012-12-27,424.8263292123754,-0.004194586966561799
2012-12-28,413.9289377830201,-0.025651403126446988
2012-12-31,438.8482519301346,0.060201913595558036
2013-01-02,479.333194574363,0.09225271484201714
2013-01-03,473.9475333327071,-0.011235736023744941
2013-01-04,474.46283161807304,0.0010872475308447804
2013-01-07,473.2013392412728,-0.0026587801883197508
2013-01-08,470.0099784490112,-0.006744192223501793
2013-01-09,476.41004727431283,0.013616878616962985
2013-01-10,483.7654428233583,0.015439211643683714
2013-01-11,485.580365634836,0.0037516586569008485
2013-01-14,481.83876562926105,-0.007705418650285139
2013-01-15,478.7385584488331,-0.006434117388581719
2013-01-16,481.8751902923999,0.006551868004386108
2013-01-17,490.4509346289859,0.017796608975411892
2013-01-18,489.8616806945163,-0.0012014533827229175
2013-01-22,493.8963891761826,0.008236423955321448
2013-01-23,498.8574579128673,0.010044756036705746
2013-01-24,487.82146527017136,-0.022122537144916275
2013-01-25,496.8742171164541,0.018557510258940875
2013-01-28,499.0950656328278,0.004469639276640653
2013-01-29,498.8075418787648,-0.0005760901556868954
2013-01-30,493.4381899419687,-0.010764376008775627
2013-01-31,493.36948096392587,-0.0001392453592837803
2013-02-01,510.80038003973,0.035330314801289175
2013-02-04,487.7469506735056,-0.045131973794599246
2013-02-05,506.6470277505428,0.038749759585250086
2013-02-06,505.17790859158254,-0.0028996896823474273
2013-02-07,503.59202118400555,-0.0031392651590770983
2013-02-08,517.326582067383,0.02727319001418216
2013-02-11,516.4685020069955,-0.0016586815565484416
2013-02-12,513.8107712668925,-0.0051459686888456055
2013-02-13,518.853580335821,0.009814525796130092
2013-02-14,519.7371783111207,0.0017029813588794632
2013-02-15,516.5222784331489,-0.006185626143618549
2013-02-19,527.0559127155768,0.02039337841221747
2013-02-20,502.87528956664835,-0.04587866783306044
2013-02-21,487.19714332748606,-0.03117700663453338
2013-02-22,501.36924942984143,0.029089058292833706
2013-02-25,479.74020645627843,-0.04313994725077292
2013-02-26,485.9445536951218,0.012932723076669558
2013-02-27,501.15057964703703,0.031291689219044926
2013-02-28,500.1827663404481,-0.0019311826542645016
2013-03-01,504.73368590928817,0.009098513333709042
2013-03-04,510.6540490559404,0.01172967707908497
2013-03-05,530.9393961851669,0.039724246124609175
2013-03-06,530.0872127846737,-0.0016050483475442297
2013-03-07,534.9013815719725,0.00908184289526396
2013-03-08,541.0157323865637,0.011430800190910627
2013-03-11,545.3209070621757,0.007957577604297536
2013-03-12,540.0327848571031,-0.009697266575678272
2013-03-13,541.4494745905578,0.0026233402363331423
2013-03-14,548.3797381801606,0.012799464982108386
2013-03-15,543.4201940099434,-0.00904399602121668
2013-03-18,537.7131146649581,-0.010502148076007942
2013-03-19,533.5004765307633,-0.007834360031965481
2013-03-20,545.9537131813913,0.02334250333122224
2013-03-21,530.0720006320968,-0.02908985169594012
2013-03-22,541.1427294750986,0.02088533035097169
2013-03-25,536.3428831277912,-0.00886983430778631
2013-03-26,544.904588519159,0.01596311922969589
2013-03-27,546.9528794122758,0.0037589899888405155
2013-03-28,552.5132677452219,0.010166119499948596
2013-04-01,538.20400070539,-0.02589850393679652
2013-04-02,546.0424592568422,0.014564103093211694
2013-04-03,527.8110901235075,-0.033388189552415765
2013-04-04,530.9670244476546,0.0059792876337794445
2013-04-05,520.5526209147066,-0.019614030727768246
2013-04-08,529.5673751376272,0.01731766177083128
2013-04-09,537.2810141920238,0.014565925728321072
2013-04-10,566.8635394870341,0.05505968853095839
2013-04-11,568.3828832373655,0.002680263669288409
2013-04-12,565.7094765750574,-0.004703531265897975
2013-04-15,525.3524503386651,-0.07133878414185929
2013-04-16,548.9578377923528,0.04493247806966674
2013-04-17,518.728345613963,-0.05506705633343084
2013-04-18,500.1419540373685,-0.03583068427578566
2013-04-19,518.970683994016,0.03764677169082428
2013-04-22,532.3710104467511,0.025820969981590735
2013-04-23,550.06080283951,0.03322831642901466
2013-04-24,550.2402551630547,0.0003262408857683331
2013-04-25,560.5270796649161,0.01869515071886724
2013-04-26,555.0610317275863,-0.009751621528432444
2013-04-29,569.2116365011811,0.02549378170099998
2013-04-30,580.4714967954076,0.01978150053895311
2013-05-01,564.9741669657997,-0.026697830841244708
2013-05-02,586.308004542966,0.037760731064465994
2013-05-03,606.3403813279265,0.03416698498014867
2013-05-06,614.1202012854905,0.012830779867449444
2013-05-07,616.1275794406554,0.0032687056230409194
2013-05-08,625.2028447451355,0.014729522922377543
2013-05-09,622.9702580477705,-0.0035709797486208443
2013-05-10,638.0167609776057,0.02415284315014838
2013-05-13,639.3100540190162,0.002027051827649327
2013-05-14,652.616121575288,0.020813167996691556
2013-05-15,657.7318833774646,0.007838852938275472
2013-05-16,654.1270696853784,-0.005480673482902119
2013-05-17,673.2498487855779,0.029234043332585415
2013-05-20,671.8495055754632,-0.002079975528610522
2013-05-21,675.1514613799242,0.004914725361943594
2013-05-22,652.7218897857133,-0.03322154046496116
2013-05-23,650.5494005512671,-0.003328353573616833
2013-05-24,650.4126469159615,-0.0002102125298858151
2013-05-28,667.2789016015631,0.0259316216644552
2013-05-29,655.0390920461384,-0.01834286911521915
2013-05-30,668.5370794904932,0.02060638457804292
2013-05-31,648.2287459572739,-0.030377273237703863
2013-06-03,653.6154151006047,0.008309827629405811
2013-06-04,642.2576748997305,-0.017376793659503786
2013-06-05,617.7945047812066,-0.038089338710266304
2013-06-06,630.1124892545236,0.019938643639569768
2013-06-07,655.0703272023757,0.03960854351161863
2013-06-10,657.711839493425,0.004032410233463872
2013-06-11,636.8191606407446,-0.03176570284757552
2013-06-12,616.539974410425,-0.03184449759632772
2013-06-13,641.0046071266618,0.039680529619561866
2013-06-14,628.8523772188702,-0.018958100726084566
2013-06-17,644.6574193155792,0.025133151546007614
2013-06-18,661.5132219163129,0.026146914773166014
2013-06-19,639.3195801472225,-0.03354980827865902
2013-06-20,595.5747353352123,-0.06842406547588711
2013-06-21,591.6751409128993,-0.006547615590372773
2013-06-24,572.4402339814906,-0.03250923623684972
2013-06-25,586.4890921904494,0.0245420523837831
2013-06-26,601.3969068009176,0.025418741471882635
2013-06-27,615.1180648556142,0.02281547826324078
2013-06-28,615.8921311158532,0.001258402743253397
2013-07-01,632.9130434698131,0.027636190647738826
2013-07-02,632.3310775930737,-0.0009195036865553339
2013-07-03,638.0259871674674,0.009006214902596635
2013-07-05,657.9161015763551,0.03117445810818829
2013-07-08,661.0720733241658,0.00479692127955075
2013-07-09,672.1512361129674,0.016759387116582536
2013-07-10,681.6677327320648,0.014158266931309985
2013-07-11,715.1115716259927,0.04906178961983143
2013-07-12,728.1928718832379,0.018292670369605923
2013-07-15,732.7605861931102,0.006272671000005054
2013-07-16,727.3062758377428,-0.00744350946016901
2013-07-17,734.3029118766757,0.009619930793081592
2013-07-18,735.1079389172994,0.0010963146510835342
2013-07-19,720.6771927879668,-0.019630785311048272
2013-07-22,728.4493997930371,0.010784588554833083
2013-07-23,715.6538285626046,-0.017565490800140398
2013-07-24,715.8751054721502,0.0003091954527652174
2013-07-25,731.2514821300367,0.021479133078311462
2013-07-26,736.1250598215803,0.00666470812113433
2013-07-29,727.6279891643466,-0.011542971596827838
2013-07-30,738.1623835898412,0.014477720184448872
2013-07-31,744.2485552377171,0.008245030880979868
2013-08-01,774.6697879644399,0.040875098127675875
2013-08-02,783.4517925385753,0.011336449040063128
2013-08-05,785.6688193795576,0.002829819093014746
2013-08-06,768.3469382871135,-0.022047306276101297
2013-08-07,760.9772856206291,-0.009591568989542118
2013-08-08,770.442436548527,0.012438151711950793
2013-08-09,764.7917911230346,-0.007334286323591414
2013-08-12,771.0348932704933,0.008163139589000046
2013-08-13,780.1928222512354,0.011877450762178842
2013-08-14,770.5813598948447,-0.012319342196275162
2013-08-15,730.820193415186,-0.05159892069681592
2013-08-16,728.8133560796624,-0.002746006957122406
2013-08-19,720.5765100347883,-0.01130172214348635
2013-08-20,735.3564935815167,0.02051133133109598
2013-08-21,726.9556721468633,-0.011424148026133006
2013-08-22,750.5583439667105,0.03246782812787374
2013-08-23,762.3897347019903,0.01576345240897688
2013-08-26,762.3267395040614,-8.262860196238782e-05
2013-08-27,712.9237530275046,-0.06480552749428195
2013-08-28,721.8104308356595,0.012465116739927166
2013-08-29,738.0746231993365,0.022532498380284507
2013-08-30,719.4872917211783,-0.025183539568922667
2013-09-03,733.2538785481795,0.019133884622296024
2013-09-04,755.4604493514342,0.03028496875764645
2013-09-05,761.5344936147596,0.008040188296475395
2013-09-06,762.3273543161389,0.001041135638670499
2013-09-09,791.2515537244047,0.03794196711491849
2013-09-10,805.9060401955902,0.01852064163691948
2013-09-11,803.332422833809,-0.0031934459272157673
2013-09-12,797.5099380151948,-0.007247914628012919
2013-09-13,801.5342517514216,0.0050460985429752764
2013-09-16,798.8153817523724,-0.0033920821139062345
2013-09-17,816.7929363153759,0.022505268393262272
2013-09-18,841.639325196475,0.030419446320365206
2013-09-19,845.4972110702597,0.0045837756842981095
2013-09-20,835.7185279676215,-0.011565600660302546
2013-09-23,829.5302703307104,-0.007404715140108585
2013-09-24,831.513666275269,0.002390986821695838
2013-09-25,826.8075527471532,-0.005659694745844269
2013-09-26,844.1989843823515,0.021034437309399735
2013-09-27,840.321388225091,-0.004593225328383237
2013-09-30,833.6638347773018,-0.007922627629234989
2013-10-01,864.5266824500371,0.037020734719744486
2013-10-02,862.5441200502838,-0.002293234483098636
2013-10-03,834.9800178742834,-0.03195674462935709
2013-10-04,857.1806661137771,0.02658823895691885
2013-10-07,832.026891488774,-0.02934477598409148
2013-10-08,782.0381321899538,-0.06008070148955605
2013-10-09,771.2373524756371,-0.013811065304541013
2013-10-10,823.4593899989513,0.06771201803917282
2013-10-11,843.928480905426,0.024857438211373886
2013-10-14,859.6349192123237,0.018611101132701036
2013-10-15,845.2923991128287,-0.01668443170344557
2013-10-16,875.6782180348451,0.03594711008156194
2013-10-17,891.9365886358983,0.01856660388052056
2013-10-18,927.3808483971368,0.03973854219328086
2013-10-21,931.5726816563962,0.004520077448768184
2013-10-22,938.3901393030251,0.007318224096596461
2013-10-23,922.3015818306342,-0.017144849246114664
2013-10-24,937.8336886903626,0.01684059440611532
2013-10-25,948.1760049844294,0.01102787884332603
2013-10-28,945.9387959489305,-0.00235948708229073
2013-10-29,954.7636957564237,0.009329250312268078
2013-10-30,939.0541732146642,-0.016453833143826698
2013-10-31,931.2653500127058,-0.00829432787172956
2013-11-01,932.9564328363864,0.001815897932482579
2013-11-04,943.4309403909856,0.011227220463826414
2013-11-05,945.8127329745593,0.0025246072410837874
2013-11-06,940.1468853834596,-0.00599045391710973
2013-11-07,886.6516064174397,-0.05690097983380611
2013-11-08,929.365791669283,0.048174711400379974
2013-11-11,929.8550691601297,0.0005264638479622659
2013-11-12,929.9779010302136,0.00013209786574051475
2013-11-13,962.505917974735,0.034977193445658694
2013-11-14,967.7508174161419,0.005449212668160094
2013-11-15,977.4507663597235,0.010023188582242793
2013-11-18,950.4002039453056,-0.027674603514979204
2013-11-19,937.7818734987435,-0.013276859994537973
2013-11-20,930.4562668669267,-0.007811631722509121
2013-11-21,964.5701359855681,0.03666359218957272
2013-11-22,981.0052176872001,0.01703876274879598
2013-11-25,983.2540636568388,0.0022923894074085675
2013-11-26,1000.4032288044489,0.017441234957962157
2013-11-27,1020.6045116143545,0.02019314035406241
2013-11-29,1032.1318077418305,0.011294576886831898
2013-12-02,1021.0747556562662,-0.010712829507459578
2013-12-03,1015.0047078581365,-0.005944763362823921
2013-12-04,1015.641191078205,0.000627074155558918
2013-12-05,1012.022221026006,-0.0035632367847911683
2013-12-06,1034.1567235303455,0.021871557802257732
2013-12-09,1039.0156064675123,0.004698400954721551
2013-12-10,1032.7215410131892,-0.006057719840919295
2013-12-11,989.5082204641271,-0.04184411657247509
2013-12-12,985.5293721199072,-0.004021036169213098
2013-12-13,987.4692655175468,0.001968377049449862
2013-12-16,1008.6974505137185,0.021497565278698474
2013-12-17,1004.3446086547264,-0.00431530966671455
2013-12-18,1039.1078755593414,0.03461288745421633
2013-12-19,1030.004376756942,-0.00876087942024201
2013-12-20,1065.52856842203,0.0344893599160607
2013-12-23,1100.0225949103071,0.032372690428526196
2013-12-24,1105.2445180876055,0.004747105378980123
2013-12-26,1114.700240830757,0.008555322001969793
2013-12-27,1106.2382637092453,-0.007591258000630865
2013-12-30,1104.438233236988,-0.0016271634523124861
2013-12-31,1122.3320995324978,0.016201780920844167
2014-01-02,1095.3886688680477,-0.02400664711957649
2014-01-03,1086.57828703675,-0.00804315589680344
2014-01-06,1072.3195712805864,-0.013122584839284098
2014-01-07,1103.2496990593434,0.02884413248358367
2014-01-08,1113.1971172626163,0.00901647035277165
2014-01-09,1105.6871419318313,-0.006746312233768838
2014-01-10,1120.4698804875939,0.013369730003312293
2014-01-13,1071.190288233179,-0.04398118424474738
2014-01-14,1125.7004743374434,0.05088749095566722
2014-01-15,1151.4647507987263,0.022887328422284692
2014-01-16,1154.6308518960184,0.0027496291962873878
2014-01-17,1137.3414547384284,-0.014973960837092709
2014-01-21,1160.419715235984,0.020291408882887527
2014-01-22,1174.6662190940306,0.012277026726618009
2014-01-23,1154.6696017658373,-0.01702323349658914
2014-01-24,1080.24175268636,-0.06445813500732557
2014-01-27,1045.3834718665867,-0.03226896269569971
2014-01-28,1056.443577856758,0.010579951078070025
2014-01-29,1020.4975761171563,-0.03402548180805512
2014-01-30,1074.7167890223989,0.05313017313724425
2014-01-31,1059.7045631412482,-0.013968541325949041
2014-02-03,976.9980602369453,-0.0780467554646916
2014-02-04,1002.378049233419,0.025977522401956953
2014-02-05,987.5202085518376,-0.014822591828446485
2014-02-06,1021.2113415224517,0.0341169048277207
2014-02-07,1073.157265969172,0.05086696782007708
2014-02-10,1090.6878234253331,0.01633549714666408
2014-02-11,1124.5447817729564,0.031041841322932185
2014-02-12,1132.8381749728153,0.0073748892300966136
2014-02-13,1164.7363409498387,0.028157742810696478
2014-02-14,1167.5489359016742,0.0024147911015997316
2014-02-18,1191.4532135979093,0.020473897890861622
2014-02-19,1162.3615047932326,-0.024416996381105525
2014-02-20,1186.7610248548806,0.020991335278251713
2014-02-21,1183.352022064492,-0.0028725267505354496
2014-02-24,1208.1002629655845,0.020913676099455436
2014-02-25,1203.603923127803,-0.0037218267188718753
2014-02-26,1207.4138583590586,0.003165439359282608
2014-02-27,1230.1361791983554,0.01881899953523603
2014-02-28,1220.9458366689485,-0.007470996044841292
2014-03-03,1194.8806294568296,-0.021348373063977483
2014-03-04,1257.5038830116318,0.05240963156568177
2014-03-05,1262.7525358928349,0.004173866142371487
2014-03-06,1257.723734782567,-0.003982412204551414
2014-03-07,1243.977775885856,-0.010929235504240005
2014-03-10,1242.5955371870514,-0.001111144206591953
2014-03-11,1219.19791369065,-0.018829637477507925
2014-03-12,1232.9498275665997,0.011279476220822074
2014-03-13,1179.1734361800145,-0.04361604193799233
2014-03-14,1166.746582704925,-0.010538613823719404
2014-03-17,1195.3646423288767,0.024528085231331903
2014-03-18,1240.1192311928141,0.037440114320885294
2014-03-19,1218.09283065899,-0.01776151839258062
2014-03-20,1228.0558953446862,0.008179232678273356
2014-03-21,1191.8516628429795,-0.029480932129351423
2014-03-24,1149.850579788293,-0.03524019335971675
2014-03-25,1156.3256577984553,0.005631234287288297
2014-03-26,1106.6483589724378,-0.04296133921355566
2014-03-27,1088.9115123810243,-0.01602753616142588
2014-03-28,1092.517482848426,0.0033115367285601128
2014-03-31,1126.73590921792,0.031320712855119934
2014-04-01,1182.3641007728186,0.04937110027274348
2014-04-02,1189.40651643051,0.005956215731760022
2014-04-03,1157.1440490263612,-0.02712484500334727
2014-04-04,1067.0708375368731,-0.07784096678825528
2014-04-07,1029.9815443074192,-0.03475804222620057
2014-04-08,1055.195989377886,0.024480482402645044
2014-04-09,1109.8122006719946,0.051759305232299824
2014-04-10,1006.5707226166592,-0.09302607954104529
2014-04-11,966.1037244699527,-0.04020283645992542
2014-04-14,982.8507336158843,0.017334587085998197
2014-04-15,991.2951765742588,0.008591785781455911
2014-04-16,1029.7174048051982,0.03875962391315167
2014-04-17,1036.7794909542292,0.006858275985309674
2014-04-21,1056.7047429614454,0.01921840871763134
2014-04-22,1087.4417044331303,0.02908755891976392
2014-04-23,1060.4448096134743,-0.024826061672638577
2014-04-24,1076.958276282471,0.015572207548468012
2014-04-25,1020.3153399619711,-0.05259529321416648
2014-04-28,1019.5598518243964,-0.000740445730829454
2014-04-29,1041.47399407059,0.021493728109223148
2014-04-30,1049.9039624325026,0.008094266789096083
2014-05-01,1059.8110032054826,0.009436139997059131
2014-05-02,1057.1164576504602,-0.0025424774293459577
2014-05-05,1068.125642014865,0.01041435339004529
2014-05-06,1023.7947993630737,-0.04150339707992355
2014-05-07,1013.9813174891846,-0.00958539922257307
2014-05-08,1001.9271704844667,-0.011887937969672099
2014-05-09,1017.0774221424402,0.015121110699740757
2014-05-12,1071.1380745050287,0.053152937215646213
2014-05-13,1060.5624702590535,-0.009873240899276403
2014-05-14,1037.8463509111314,-0.021418935692089466
2014-05-15,1014.0896577223888,-0.022890375986663564
2014-05-16,1030.052233372507,0.015740793260794812
2014-05-19,1056.7828853720994,0.025950773304061696
2014-05-20,1034.5925476555742,-0.02099801011511623
2014-05-21,1060.8822819894485,0.025410713032340968
2014-05-22,1078.4859030232576,0.016593378297163664
2014-05-23,1103.035951873613,0.022763439727432284
2014-05-27,1143.72655317432,0.03688964193015669
2014-05-28,1134.0521943806507,-0.008458629177419096
2014-05-29,1152.5187520496297,0.016283692902745533
2014-05-30,1148.2240518350234,-0.003726360379793135
2014-06-02,1143.953677085002,-0.0037191127839524335
2014-06-03,1141.4699274602112,-0.0021711977281455453
2014-06-04,1155.7151391088219,0.01247970823051495
2014-06-05,1192.1212769349843,0.03150096126129776
2014-06-06,1213.1189230630653,0.017613682881381973
2014-06-09,1225.7543349010068,0.010415641531695498
2014-06-10,1227.29321185678,0.0012554529989874687
2014-06-11,1222.1876981393068,-0.004159978779438589
2014-06-12,1193.2022479797074,-0.02371603821878387
2014-06-13,1204.0920542572887,0.00912653851936646
2014-06-16,1212.993990208259,0.00739306925869651
2014-06-17,1226.6151570863435,0.011229377052186193
2014-06-18,1248.3898811571623,0.01775187918152081
2014-06-19,1245.4240098380353,-0.002375757256521383
2014-06-20,1252.9362188929479,0.006031848587766859
2014-06-23,1253.6290689062348,0.0005529810718530217
2014-06-24,1237.9052371783946,-0.01254265086686206
2014-06-25,1263.049558978364,0.020311992424623528
2014-06-26,1262.4830562443024,-0.00044851979879553035
2014-06-27,1278.8601385233735,0.012972120455850493
2014-06-30,1287.9468879258268,0.007105350404419713
2014-07-01,1332.2333495789294,0.03438531671474724
2014-07-02,1331.459037926039,-0.0005812132335038323
2014-07-03,1356.7781660833793,0.019016077427946265
2014-07-07,1325.7703168386179,-0.022854030245984997
2014-07-08,1272.1496660082933,-0.04044490221970453
2014-07-09,1296.1577904270584,0.018872091122813576
2014-07-10,1276.1178063910152,-0.015461068231083577
2014-07-11,1292.9644112265555,0.013201449545778303
2014-07-14,1315.0114224953409,0.017051522128030364
2014-07-15,1293.7119950582837,-0.016197142528723972
2014-07-16,1302.1798390182794,0.0065453856749733775
2014-07-17,1247.0464001609698,-0.04233934300416986
2014-07-18,1305.9956246616866,0.04727107547330027
2014-07-21,1299.5580134582067,-0.004929274709589938
2014-07-22,1327.2037010845343,0.021273146208194708
2014-07-23,1343.0515841420263,0.011940806859219675
2014-07-24,1341.6703585839855,-0.0010284233117695534
2014-07-25,1321.4255196243935,-0.015089279441903112
2014-07-28,1317.4325459388592,-0.003021716794654652
2014-07-29,1315.5172815584222,-0.0014537855363760482
2014-07-30,1333.5111401257564,0.013678162058059721
2014-07-31,1250.0800373967834,-0.06256498368742919
2014-08-01,1235.4259289720408,-0.011722536146772603
2014-08-04,1262.1754663900329,0.021652077061592476
2014-08-05,1235.4041644632423,-0.021210443903936445
2014-08-06,1237.332570731111,0.0015609517300813334
2014-08-07,1220.2642984996585,-0.013794409550996721
2014-08-08,1250.6525796176647,0.024903032199966448
2014-08-11,1276.9153875784516,0.0209992834051608
2014-08-12,1266.449704094114,-0.008196066541405601
2014-08-13,1305.3458606449265,0.030712752685772674
2014-08-14,1322.0604057558787,0.012804686952999524
2014-08-15,1332.7361578358061,0.008075086458567454
2014-08-18,1371.7327883226221,0.029260578140343683
2014-08-19,1389.3104664480504,0.012814214455661253
2014-08-20,1388.4147972572582,-0.0006446861320220176
2014-08-21,1393.6387868073596,0.0037625568096948643
2014-08-22,1399.6416798170071,0.004307352139215031
2014-08-25,1417.1936078899826,0.012540301082824383
2014-08-26,1429.6455150506938,0.008786313381169126
2014-08-27,1428.7424333294089,-0.0006316822679312304
2014-08-28,1417.6063106300428,-0.007794352879556795
2014-08-29,1438.7294960086617,0.014900600554769692
2014-09-02,1455.8338779580097,0.011888532206227289
2014-09-03,1431.554260097598,-0.01667746452944685
2014-09-04,1421.9531724734275,-0.006706757747007069
2014-09-05,1441.27781871169,0.01359021282300621
2014-09-08,1450.3004882754446,0.006260187624214947
2014-09-09,1412.4578763595046,-0.026092945718399905
2014-09-10,1444.3733305742699,0.022595685683048226
2014-09-11,1449.4256732803574,0.0034979479329479753
2014-09-12,1426.554484244281,-0.015779483872611452
2014-09-15,1381.0862858491541,-0.03187273875432365
2014-09-16,1412.183832965767,0.02251673008069344
2014-09-17,1421.0122716065446,0.006251621378667743
2014-09-18,1450.257519624882,0.020580573864625133
2014-09-19,1437.3929124929887,-0.008870567439099279
2014-09-22,1388.5003120677557,-0.034014777727291494
2014-09-23,1371.0726991139102,-0.01255139289662269
2014-09-24,1413.5732388975216,0.03099802060903012
2014-09-25,1331.2648057089154,-0.05822721520449865
2014-09-26,1371.9437875485664,0.030556641823028488
2014-09-29,1366.3163164576713,-0.004101823370584629
2014-09-30,1355.0331754810413,-0.008258073800862555
2014-10-01,1290.580414066146,-0.04756544900977389
2014-10-02,1297.7211276067715,0.005532947395449566
2014-10-03,1337.6931779361616,0.03080172579381955
2014-10-06,1319.176583196214,-0.013842183727449092
2014-10-07,1257.3956089155433,-0.04683298283765972
2014-10-08,1329.175945366027,0.05708651751407934
2014-10-09,1248.691984275542,-0.060551773729490284
2014-10-10,1161.383175512183,-0.06992021240050907
2014-10-13,1110.5266355469714,-0.043789630362763905
2014-10-14,1121.2504631994773,0.009656524489593981
2014-10-15,1111.8632718319066,-0.00837207356934736
2014-10-16,1113.5433038885049,0.0015110059835238153
2014-10-17,1146.10145349925,0.029238332714185137
2014-10-20,1192.7624516966612,0.040712799076335585
2014-10-21,1278.5407949233102,0.07191569713200842
2014-10-22,1246.7983245057683,-0.0248271080153105
2014-10-23,1306.5333892689077,0.04791076759492646
2014-10-24,1333.8091401527722,0.02087642849994607
2014-10-27,1335.9327077376342,0.0015921075369290589
2014-10-28,1405.9912333576947,0.052441657588205015
2014-10-29,1392.1270715094151,-0.009860774035674523
2014-10-30,1407.7037844490517,0.011189145918085876
2014-10-31,1467.503969301013,0.042480659292513184
2014-11-03,1475.437758331955,0.0054063152106640314
2014-11-04,1460.9233512265507,-0.009837356420790916
2014-11-05,1458.2107044339275,-0.001856802952972046
2014-11-06,1475.0705165764148,0.01156198626935208
2014-11-07,1469.4593840024445,-0.0038039758173687805
2014-11-10,1487.7923589120828,0.01247599975148948
2014-11-11,1496.4268235324548,0.005803541447602058
2014-11-12,1510.5179409190268,0.009416509491128046
2014-11-13,1515.4311906672428,0.003252692083370234
2014-11-14,1523.6482564297573,0.005422262530373668
2014-11-17,1506.7210037800269,-0.011109685308467942
2014-11-18,1537.202702625713,0.020230486446538132
2014-11-19,1511.0471357074864,-0.017015040939981567
2014-11-20,1536.4666126486738,0.016822424887020945
2014-11-21,1547.406403592238,0.007120096755441547
2014-11-24,1588.8726174080327,0.02679723550292478
2014-11-25,1592.3009772328671,0.002157731077540529
2014-11-26,1621.5451373121284,0.01836597508724914
2014-11-28,1626.0473594546463,0.0027765012758020004
2014-12-01,1560.791228668827,-0.040131752870780586
2014-12-02,1589.039469122921,0.018098666839758346
2014-12-03,1607.8039177896203,0.011808673749970851
2014-12-04,1602.783144872782,-0.003122752010544162
2014-12-05,1614.2560926235437,0.007158141004578855
2014-12-08,1573.8494659080477,-0.02503111303103448
2014-12-09,1599.584877804492,0.01635188908082522
2014-12-10,1516.6469661003255,-0.051849647277237815
2014-12-11,1540.1435415315243,0.015492448774426518
2014-12-12,1486.6584139396746,-0.03472736543677211
2014-12-15,1440.4025059623075,-0.03111401216557077
2014-12-16,1386.6619118580961,-0.03730942835892122
2014-12-17,1474.9664117714005,0.06368134810523395
2014-12-18,1574.1946621066165,0.0672749220207972
2014-12-19,1591.1418630521107,0.010765632328351997
2014-12-22,1607.3894187718172,0.010211255260759989
2014-12-23,1591.3138359734594,-0.010001050529896461
2014-12-24,1599.4383956985141,0.005105567199498925
2014-12-26,1633.1231294172705,0.021060350813977724
2014-12-29,1633.3593281131612,0.0001446300598136027
2014-12-30,1603.3798921928596,-0.01835446457145057
2014-12-31,1561.7672150440762,-0.02595309904496302
2015-01-02,1552.7550170349866,-0.005770512994688083
2015-01-05,1479.7996211053585,-0.04698448572327762
2015-01-06,1422.776992189447,-0.03853402048671813
2015-01-07,1476.4927608743428,0.03775417298689607
2015-01-08,1558.20525750859,0.05534229411721518
2015-01-09,1526.5724285957638,-0.020300810025120696
2015-01-12,1488.4574342964552,-0.024967694676871124
2015-01-13,1485.451078508936,-0.0020197794832743656
2015-01-14,1464.3135290538075,-0.014229717666869134
2015-01-15,1399.5167370935515,-0.04425062711953889
2015-01-16,1457.9626008456978,0.04176146108371937
2015-01-20,1477.5424460421543,0.01342959358840823
2015-01-21,1489.5783373127301,0.008145885285946227
2015-01-22,1569.092525504327,0.05338033334657944
2015-01-23,1576.5746965564936,0.004768470265806323
2015-01-26,1590.583776101307,0.008885769621580117
2015-01-27,1500.394971679816,-0.05670170020377894
2015-01-28,1458.6278293730666,-0.0278374315397683
2015-01-29,1501.5461497602928,0.0294237635694041
2015-01-30,1455.281913570925,-0.030811065112286658
2015-02-02,1494.5178601427688,0.026961062462164367
2015-02-03,1543.5263553615578,0.03279217768204354
2015-02-04,1532.782171166134,-0.0069608038489935966
2015-02-05,1580.0361476014996,0.030828892274637455
2015-02-06,1559.515273571582,-0.012987597822409566
2015-02-09,1541.5894664847165,-0.011494473565373895
2015-02-10,1601.9680589816937,0.039166453721728264
2015-02-11,1615.631252131288,0.008529004728271164
2015-02-12,1672.6706925040078,0.03530473943077996
2015-02-13,1710.1717327596984,0.022419858507565026
2015-02-17,1716.1698258629983,0.0035073045521696487
2015-02-18,1723.6971537754312,0.004386120650179706
2015-02-19,1743.1036974626875,0.011258673627643805
2015-02-20,1776.3857064922745,0.019093533607916307
2015-02-23,1782.0001961102278,0.0031606253064485864
2015-02-24,1789.784701334698,0.004368408736128246
2015-02-25,1788.8054821836793,-0.0005471156113293548
2015-02-26,1811.3033249060227,0.01257702022182937
2015-02-27,1784.8459281228897,-0.014606828364600782
2015-03-02,1833.1661015878915,0.02707246194399522
2015-03-03,1802.2809623732908,-0.01684797639878235
2015-03-04,1788.5074918462383,-0.007642243809153478
2015-03-05,1805.5141524850233,0.009508856248194685
2015-03-06,1745.3289656492295,-0.033334098629444496
2015-03-09,1761.5766740730455,0.00930925272174827
2015-03-10,1673.2813935852134,-0.050122871054871135
2015-03-11,1663.1817145427271,-0.006035852117405263
2015-03-12,1707.8538144970748,0.02685942225298559
2015-03-13,1685.386911085823,-0.013155050637555881
2015-03-16,1745.5485989900433,0.03569606925774736
2015-03-17,1754.0400107864536,0.004864609213013881
2015-03-18,1802.503888512584,0.027629858742162214
2015-03-19,1812.9483209326909,0.00579440215728219
2015-03-20,1850.1134555204753,0.02049983121894203
2015-03-23,1833.3009154804693,-0.009087302181301294
2015-03-24,1815.558209180379,-0.009678010931140778
2015-03-25,1686.733138908305,-0.0709561773457164
2015-03-26,1673.1527785728877,-0.008051279732493291
2015-03-27,1701.9817145416923,0.017230306961803193
2015-03-30,1760.8977981930168,0.03461616722902888
2015-03-31,1711.2613900986746,-0.028188125480807368
2015-04-01,1689.7064623373064,-0.012595929462374773
2015-04-02,1696.7516311281945,0.004169463127425609
2015-04-06,1728.6986431800601,0.01882833731571171
2015-04-07,1721.298310093319,-0.004280869378787443
2015-04-08,1764.0620786717027,0.024843903190763777
2015-04-09,1789.5177648452714,0.01443015327030688
2015-04-10,1812.7141793571527,0.012962382921013945
2015-04-13,1804.5429000667316,-0.004507759349749814
2015-04-14,1792.7288600200168,-0.0065468324672569795
2015-04-15,1829.2557068505694,0.02037499794037148
2015-04-16,1825.8000955522373,-0.0018890805071105573
2015-04-17,1742.7765342676462,-0.045472426848285175
2015-04-20,1809.5751976400109,0.03832887467723163
2015-04-21,1830.8509291327118,0.011757307195881141
2015-04-22,1854.0132207712868,0.012651107345777882
2015-04-23,1877.1719023577202,0.01249110919327715
2015-04-24,1917.375350223011,0.02141703048868117
2015-04-27,1881.6763548730241,-0.01861867857320405
2015-04-28,1876.3722152788373,-0.0028188373523696554
2015-04-29,1841.0695673583448,-0.01881430967322565
2015-04-30,1750.7555345606863,-0.04905519834714635
2015-05-01,1818.8278370000908,0.03888167199567685
2015-05-04,1831.6515127998266,0.0070505165683447816
2015-05-05,1746.7394047666053,-0.046358222314585494
2015-05-06,1725.9279579036688,-0.01191445432910307
2015-05-07,1753.26406114727,0.01583849610780052
2015-05-08,1815.0384604618182,0.03523393919004163
2015-05-11,1804.4208867120085,-0.005849778933669707
2015-05-12,1785.6607375139004,-0.010396770141744817
2015-05-13,1791.6613563630497,0.003360447325231244
2015-05-14,1866.307458368991,0.0416630641392344
2015-05-15,1863.60841310782,-0.0014461953999421976
2015-05-18,1897.2482792797546,0.01805093062218768
2015-05-19,1887.9073604158857,-0.004923403523873549
2015-05-20,1889.9019078596593,0.0010564858666233282
2015-05-21,1911.282329681033,0.01131297964855065
2015-05-22,1909.7570484966138,-0.0007980407503027526
2015-05-26,1846.370325127609,-0.0331909880468323
2015-05-27,1927.7220565929572,0.04406035471769508
2015-05-28,1918.0573981601822,-0.005013512399114384
2015-05-29,1886.5954383802002,-0.016403033512010855
2015-06-01,1901.248745007764,0.007767063531196093
2015-06-02,1894.1407488749373,-0.003738593464685057
2015-06-03,1919.6458626428407,0.01346526850396547
2015-06-04,1874.4323996803964,-0.023553022899857987
2015-06-05,1884.8976747230072,0.005583170160948539
2015-06-08,1832.9037035271072,-0.027584505988390472
2015-06-09,1824.4883159061485,-0.004591287368105978
2015-06-10,1893.1481702404224,0.037632389166697984
2015-06-11,1899.7437211459442,0.0034839063361237544
2015-06-12,1864.6072115238342,-0.01849539452664451
2015-06-15,1841.4566790395334,-0.012415769037695095
2015-06-16,1869.6331939498461,0.01530120976020414
2015-06-17,1880.0678918933577,0.005581147134784555
2015-06-18,1955.9539755631654,0.040363480487603645
2015-06-19,1937.8076767690998,-0.009277467169870834
2015-06-22,1980.0689020686784,0.021808782061407062
2015-06-23,1987.2109313805397,0.003606959992351623
2015-06-24,1943.7666509581536,-0.021861937118172445
2015-06-25,1932.2191097162085,-0.0059408063392037665
2015-06-26,1896.3837861434229,-0.018546200786746608
2015-06-29,1759.9775474440376,-0.07192965880434339
2015-06-30,1790.2973445241132,0.01722737720382185
2015-07-01,1818.648718724597,0.015836125930254494
2015-07-02,1814.4745513249131,-0.002295202672570649
2015-07-06,1796.0316547060581,-0.010164318152265159
2015-07-07,1802.0699222862838,0.0033620050985204474
2015-07-08,1707.2772834325037,-0.05260208701198281
2015-07-09,1720.5394975543377,0.00776804930899692
2015-07-10,1799.5757573778383,0.04593690521830325
2015-07-13,1879.54954025407,0.04444035353797018
2015-07-14,1916.746306792565,0.019790255985201087
2015-07-15,1910.1297180961292,-0.003451989798017623
2015-07-16,1982.4104563351639,0.037840748486484124
2015-07-17,2036.590066412052,0.027330167626863938
2015-07-20,2047.0885882603345,0.005154950925778653
2015-07-21,2034.5417682762416,-0.006129104551726098
2015-07-22,1992.0324592646493,-0.02089380010497801
2015-07-23,1962.817364107614,-0.014665973448956805
2015-07-24,1896.7939311769821,-0.033637074002883044
2015-07-27,1842.4213326584543,-0.028665527459163197
2015-07-28,1896.7148380113297,0.029468560958602577
2015-07-29,1921.9787048619528,0.01331980239955938
2015-07-30,1941.296617737139,0.010051054585734144
2015-07-31,1940.8155456431657,-0.0002478096801786876
2015-08-03,1926.4294110718574,-0.007412417219968651
2015-08-04,1915.4096375063116,-0.005720310073242952
2015-08-05,1954.2006645531635,0.020252078869851604
2015-08-06,1859.0480547908685,-0.048691319928525365
2015-08-07,1844.9026537711,-0.00760894856015955
2015-08-10,1909.083502838076,0.034788203559567805
2015-08-11,1836.1889162619948,-0.03818302681245471
2015-08-12,1844.5827787032856,0.004571350130126312
2015-08-13,1832.7845304944565,-0.006396160879872828
2015-08-14,1848.9019137618432,0.008793932401338283
2015-08-17,1896.9008780897,0.02596079541623515
2015-08-18,1860.8298394094982,-0.019015774148688075
2015-08-19,1816.4458977502106,-0.023851692787435166
2015-08-20,1662.8309489881283,-0.08456896456555342
2015-08-21,1487.5533151435075,-0.1054091722019496
2015-08-24,1317.260721298354,-0.11447831288569639
2015-08-25,1300.0674694640154,-0.013052277014220844
2015-08-26,1465.4723204794186,0.12722789770564394
2015-08-27,1573.3251049247376,0.07359592053573251
2015-08-28,1588.7045812724634,0.009775142022195987
2015-08-31,1537.7749246847775,-0.0320573486021511
2015-09-01,1402.2305809851412,-0.08814316160566929
2015-09-02,1505.62532419871,0.07373590664448958
2015-09-03,1490.0213134072198,-0.010363807343500004
2015-09-04,1443.267156893504,-0.03137817968979478
2015-09-08,1561.8570244419484,0.08216764788280619
2015-09-09,1507.9815500108189,-0.03449449827225967
2015-09-10,1545.8266596288606,0.025096533586747197
2015-09-11,1571.1220364857147,0.01636365675238584
2015-09-14,1555.1271939968465,-0.01018052202020262
2015-09-15,1608.3570778344824,0.0342286367591768
2015-09-16,1636.9394422615794,0.01777115593359439
2015-09-17,1641.7433312040694,0.0029346772510123937
2015-09-18,1574.6702022770085,-0.0408548203925816
2015-09-21,1576.5643866335274,0.0012029086178044245
2015-09-22,1505.889446448559,-0.04482845152672914
2015-09-23,1502.17671291474,-0.0024654754985998857
2015-09-24,1484.9297333068396,-0.011481325372455803
2015-09-25,1439.85047923509,-0.030357836509449607
2015-09-28,1308.67334530856,-0.09110469164563309
2015-09-29,1285.706011744323,-0.017550088909942453
2015-09-30,1373.5734613090158,0.06834178946202686
2015-10-01,1379.8067492335042,0.00453800841386984
2015-10-02,1452.0631893543946,0.052367072534635475
2015-10-05,1520.250030153104,0.0469585905755425
2015-10-06,1488.935256373614,-0.020598436545556997
2015-10-07,1529.2545134761128,0.027079254742545845
2015-10-08,1548.1290794310876,0.012342331370382155
2015-10-09,1567.1974939398208,0.012317070173335139
2015-10-12,1575.359478888511,0.005208013017026579
2015-10-13,1534.3775768893724,-0.026014317714997418
2015-10-14,1521.2411252350078,-0.00856142050837059
2015-10-15,1604.5616949496798,0.05477144177376904
2015-10-16,1621.03117325967,0.010264160213862538
2015-10-19,1639.9376635770657,0.011663249065949377
2015-10-20,1615.439264163818,-0.014938616239724114
2015-10-21,1574.9514182727785,-0.02506305671107783
2015-10-22,1653.0482470519476,0.049586817645979525
2015-10-23,1765.8205109127841,0.0682207939556241
2015-10-26,1769.0469889491928,0.0018271834631373599
2015-10-27,1764.3297776610527,-0.002666526846153557
2015-10-28,1833.3732156317244,0.039132955099925516
2015-10-29,1810.3350483404292,-0.012565999707461124
2015-10-30,1788.453280970303,-0.012087136792819446
2015-11-02,1866.6186650663471,0.04370557784637048
2015-11-03,1886.339719213937,0.010565122119835338
2015-11-04,1883.5092798046508,-0.0015004929284242684
2015-11-05,1867.3971643372186,-0.008554306389774393
2015-11-06,1888.653719967096,0.011382985920631285
2015-11-09,1831.8631764057584,-0.03006932555234489
2015-11-10,1818.9375427628038,-0.007056003859587192
2015-11-11,1801.6067472507436,-0.00952797724199811
2015-11-12,1735.6178825760724,-0.03662778504541593
2015-11-13,1655.3831678888507,-0.046228329111321416
2015-11-16,1712.785581971823,0.03467620983254227
2015-11-17,1714.2949414382003,0.0008812308337159395
2015-11-18,1806.3676824445097,0.0537088098323765
2015-11-19,1804.7826424672573,-0.0008774736132941074
2015-11-20,1838.2437717661492,0.01854025438384553
2015-11-23,1835.8541684429556,-0.0012999382127091993
2015-11-24,1836.292351644635,0.00023868083272153467
2015-11-25,1850.7651192856167,0.007881516049456779
2015-11-27,1863.2805753369178,0.006762314634572328
2015-11-30,1842.9805977334638,-0.01089475083471173
2015-12-01,1894.622071098845,0.028020627796565535
2015-12-02,1858.2311516251086,-0.019207482077219847
2015-12-03,1765.0728767997632,-0.050132769943004356
2015-12-04,1875.2495460439259,0.06242046472546968
2015-12-07,1831.2367099227315,-0.023470388895197973
2015-12-08,1827.474255673726,-0.0020545974360486443
2015-12-09,1746.506287499483,-0.04430594188829918
2015-12-10,1769.8461365685253,0.013363736069028591
2015-12-11,1652.372060285238,-0.06637530452847866
2015-12-14,1671.4433497757555,0.011541764684174886
2015-12-15,1715.1888345465727,0.026172280847380325
2015-12-16,1793.3137743097632,0.04554888545775986
2015-12-17,1720.6376144349372,-0.04052618170671151
2015-12-18,1638.7128319638139,-0.04761303704151994
2015-12-21,1684.7077405473206,0.02806770514415698
2015-12-22,1717.5249448235525,0.019479464293059117
2015-12-23,1763.779074679458,0.02693068883529812
2015-12-24,1766.5423455015248,0.0015666762701383675
2015-12-28,1758.9848158490922,-0.004278148028366111
2015-12-29,1829.1472402399254,0.03988802163534566
2015-12-30,1784.0117885908473,-0.02467567982288716
2015-12-31,1722.3500037576998,-0.03456355234168767
2016-01-04,1614.9547660655817,-0.06235389871850143
2016-01-05,1603.4875052218786,-0.007100669990677252
2016-01-06,1548.7928943698582,-0.03410978300354895
2016-01-07,1408.245618793955,-0.09074633289371228
2016-01-08,1367.031438240805,-0.029266329682208686
2016-01-11,1362.1882078701112,-0.0035428814840766
2016-01-12,1404.465436245239,0.031036260724376305
2016-01-13,1260.7727650060694,-0.10231129049592284
2016-01-14,1335.1401307441222,0.05898554267841804
2016-01-15,1225.3245206303336,-0.08225025043070523
2016-01-19,1216.0954147835566,-0.007531968626588327
2016-01-20,1211.8498864307328,-0.0034911145138881326
2016-01-21,1212.1914279687878,0.00028183485585087033
2016-01-22,1309.0977551657418,0.07994308898829248
2016-01-25,1247.0507453234754,-0.04739677353920048
2016-01-26,1287.811980323414,0.032686107724802634
2016-01-27,1203.6959666295393,-0.06531699889354212
2016-01-28,1234.8594500655174,0.025889829574854147
2016-01-29,1323.0789695407705,0.0714409396717758
2016-02-01,1328.7352871778417,0.004275117182940806
2016-02-02,1239.5547472670785,-0.0671168597472696
2016-02-03,1229.1326573237563,-0.008407930320383412
2016-02-04,1233.5291844802787,0.003576934621601393
2016-02-05,1113.4170034124463,-0.09737279229306517
2016-02-08,1052.7513483306004,-0.054486014580265286
2016-02-09,1041.735142471272,-0.010464204939558894
2016-02-10,1052.6273552145904,0.010455836900614846
2016-02-11,1040.3145540769135,-0.01169720801638001
2016-02-12,1092.0404831650355,0.04972143173947908
2016-02-16,1166.546570374709,0.06822648826509992
2016-02-17,1243.9793157840338,0.06637775754160619
2016-02-18,1205.7309902164366,-0.03074675364959006
2016-02-19,1219.3857379164924,0.011324870813517603
2016-02-22,1273.2550644101734,0.044177428699244035
2016-02-23,1217.2793224888642,-0.04396270903288318
2016-02-24,1248.968660943198,0.02603292265701317
2016-02-25,1281.6658718569638,0.02617936857524793
2016-02-26,1288.648434060641,0.005448036307279129
2016-02-29,1261.391063408587,-0.02115190608361964
2016-03-01,1370.73399534125,0.0866844035165367
2016-03-02,1382.8984999732436,0.008874445861368674
2016-03-03,1386.4732117561416,0.0025849415434084904
2016-03-04,1395.002250764919,0.006151607500569092
2016-03-07,1387.3620265946772,-0.00547685436783504
2016-03-08,1334.8726184068205,-0.03783396632001921
2016-03-09,1356.9355463422214,0.01652811484119987
2016-03-10,1346.339040202664,-0.007809144780768494
2016-03-11,1421.1581178260826,0.05557224101007734
2016-03-14,1422.9265301070673,0.0012443459026850886
2016-03-15,1403.5547940909867,-0.013614010004172802
2016-03-16,1435.0349983872184,0.02242891009938792
2016-03-17,1445.0417799277488,0.006973196857063777
2016-03-18,1463.8471757053012,0.013013738452941138
2016-03-21,1476.100768656947,0.008370814354812486
2016-03-22,1487.9281914189123,0.008012612020198854
2016-03-23,1439.0971410049194,-0.03281814989164685
2016-03-24,1443.346137423122,0.002952543158577542
2016-03-28,1437.4535248345903,-0.004082605298720589
2016-03-29,1509.7214489737667,0.05027496394882911
2016-03-30,1530.9572909577917,0.014066066292202603
2016-03-31,1531.5369512805169,0.0003786260571400948
2016-04-01,1573.7525859922412,0.02756422865045975
2016-04-04,1552.065584798357,-0.013780438797633947
2016-04-05,1506.553302122465,-0.02932368523705438
2016-04-06,1578.2533334451464,0.04759209728701184
2016-04-07,1508.6905676908298,-0.0440757920672147
2016-04-08,1510.9070461987103,0.001469140561588594
2016-04-11,1494.9027567085404,-0.010592504370427726
2016-04-12,1530.8518165644432,0.024047758086321792
2016-04-13,1601.9112294201661,0.04641821767909273
2016-04-14,1600.4788809305535,-0.0008941497277168453
2016-04-15,1593.0866832642828,-0.004618741149506892
2016-04-18,1614.3455617080351,0.013344458068152496
2016-04-19,1595.174207889868,-0.011875619615098369
2016-04-20,1602.8027731227057,0.004782277192739288
2016-04-21,1600.6993332641666,-0.0013123510227282499
2016-04-22,1562.178510647777,-0.02406499572773443
2016-04-25,1552.392094153511,-0.006264595516813365
2016-04-26,1545.3002912361492,-0.004568306514874958
2016-04-27,1521.5101874126244,-0.0153951332038474
2016-04-28,1467.2634605134654,-0.03565321306944865
2016-04-29,1439.8959886568862,-0.018652050291637447
2016-05-02,1478.2415083783626,0.02663075668211603
2016-05-03,1428.2421017733693,-0.033823570994054204
2016-05-04,1394.485233921217,-0.023635256102756175
2016-05-05,1386.9630602949362,-0.005394229672213132
2016-05-06,1403.8310923262538,0.012161846637595812
2016-05-09,1416.466182192001,0.00900043455000701
2016-05-10,1469.8928166761277,0.03771825628865213
2016-05-11,1424.8450224847263,-0.03064699254280872
2016-05-12,1403.9183967963688,-0.014686948656257743
2016-05-13,1386.4956126187922,-0.012410111739638128
2016-05-16,1437.5789025544934,0.03684345588314995
2016-05-17,1383.6848167170363,-0.037489480223791984
2016-05-18,1404.3205293636247,0.014913593325067519
2016-05-19,1380.72986510432,-0.016798632339295842
2016-05-20,1430.9041327368664,0.03633894572763208
2016-05-23,1427.6463101139861,-0.002276758133788469
2016-05-24,1513.3210737830964,0.06001119679444254
2016-05-25,1544.967294400221,0.020911768933484273
2016-05-26,1551.5337898060154,0.004250248810829185
2016-05-27,1581.7159664724384,0.01945312236493201
2016-05-31,1595.923097920822,0.008982100294573678
2016-06-01,1600.0406820560374,0.0025800642528327243
2016-06-02,1618.6174146505025,0.01161016266823555
2016-06-03,1590.5018978047162,-0.01737008176935803
2016-06-06,1615.9460611806464,0.015997568698943136
2016-06-07,1609.2096806947472,-0.004168691423386591
2016-06-08,1621.8053313784567,0.007827227759574052
2016-06-09,1606.191572400929,-0.009627394037641145
2016-06-10,1543.9850667767444,-0.038729194383207065
2016-06-13,1500.5045529966862,-0.02816122688986163
2016-06-14,1496.0148799234228,-0.002992108930490853
2016-06-15,1488.0778438834463,-0.0053054526037753435
2016-06-16,1497.342681533385,0.006226043676425037
2016-06-17,1456.069285021262,-0.027564429319450207
2016-06-20,1489.767005512382,0.023142937522116703
2016-06-21,1495.8688909226983,0.0040958655868590325
2016-06-22,1486.2467971387857,-0.0064324446094853735
2016-06-23,1557.0709874982986,0.04765304826618192
2016-06-24,1364.8916244721736,-0.12342363615347687
2016-06-27,1266.2800055264868,-0.0722486805381501
2016-06-28,1346.8810147118165,0.06365180594620373
2016-06-29,1422.1780204174804,0.05590471978088928
2016-06-30,1478.8421438810728,0.03984320011285127
2016-07-01,1497.122875552927,0.012361516573958587
2016-07-05,1460.6824770299818,-0.02434028570265941
2016-07-06,1493.677104499692,0.022588500915543437
2016-07-07,1510.0038193260657,0.010930551708391141
2016-07-08,1584.319180148384,0.04921534626017446
2016-07-11,1615.0481305801775,0.01939568163841564
2016-07-12,1648.2992370481334,0.020588306836410643
2016-07-13,1631.5297590485934,-0.010173806808023352
2016-07-14,1659.2855866482257,0.017012149147569194
2016-07-15,1654.9212552632152,-0.002630247270348636
2016-07-18,1680.9405417594182,0.015722371329423054
2016-07-19,1661.6367817904757,-0.011483904093798352
2016-07-20,1714.7053685954436,0.03193753736468492
2016-07-21,1698.562342619297,-0.009414460508378662
2016-07-22,1724.9921843459813,0.015560124620405617
2016-07-25,1722.5989837785162,-0.0013873689337163622
2016-07-26,1735.2478310084846,0.007342885575273644
2016-07-27,1765.6234481795186,0.017505059869967074
2016-07-28,1781.316343752486,0.008888019463690217
2016-07-29,1788.788309275498,0.004194631430412763
2016-08-01,1811.9118335870692,0.012926920525848339
2016-08-02,1763.2480181869946,-0.026857717079828456
2016-08-03,1785.9685020473864,0.012885585933482968
2016-08-04,1792.7885460311682,0.0038186809991126126
2016-08-05,1849.9716452402904,0.03189617611943843
2016-08-08,1841.6756260642082,-0.004484403421764164
2016-08-09,1854.8157844536317,0.0071348929222162264
2016-08-10,1832.6223735601695,-0.01196529115154135
2016-08-11,1857.8462600522143,0.01376382109918429
2016-08-12,1862.6950911569836,0.0026099205348849054
2016-08-15,1893.990157829572,0.016800960512087713
2016-08-16,1856.3577164698206,-0.019869396471878308
2016-08-17,1858.0715049264222,0.0009231994681825509
2016-08-18,1870.3833056579304,0.006626117831776101
2016-08-19,1868.5508477148285,-0.000979723213717019
2016-08-22,1875.3953301416827,0.003662989655981262
2016-08-23,1892.0646477431524,0.008888428660111039
2016-08-24,1846.384849152954,-0.024142831823788447
2016-08-25,1840.6186580856015,-0.0031229627290311783
2016-08-26,1847.7997490749487,0.003901455066643916
2016-08-29,1862.2297921366844,0.007809311084147344
2016-08-30,1852.3198240775719,-0.005321560261229659
2016-08-31,1841.987358874048,-0.005578121590675806
2016-09-01,1856.8785245351485,0.00808429308125276
2016-09-02,1881.1216516127051,0.01305584978081724
2016-09-06,1909.3338986393555,0.014997566479798805
2016-09-07,1918.1052970098392,0.0045939572836027264
2016-09-08,1891.5431706059542,-0.013848106485756032
2016-09-09,1747.4935824465797,-0.07615453371504516
2016-09-12,1835.6050760834303,0.05042164075560734
2016-09-13,1775.8216766748867,-0.03256876993176624
2016-09-14,1795.0200305520877,0.010810969439875726
2016-09-15,1874.1008298445497,0.04405566397392193
2016-09-16,1868.6804045687247,-0.0028922804950012194
2016-09-19,1858.6712794117686,-0.0053562530716781435
2016-09-20,1865.465396346943,0.0036553623066281245
2016-09-21,1923.0045030443107,0.030844370959677937
2016-09-22,1971.3768460003464,0.02515456561825891
2016-09-23,1934.0389506990564,-0.01894000904852035
2016-09-26,1881.4590900802739,-0.02718655723028617
2016-09-27,1933.2907245130498,0.027548637494193052
2016-09-28,1947.391585151127,0.007293709352290537
2016-09-29,1893.1934748129763,-0.02783113101207358
2016-09-30,1939.444817835252,0.02443033088672829
2016-10-03,1927.449451711987,-0.00618494840015807
2016-10-04,1915.2860216482902,-0.0063106350482462
2016-10-05,1943.9837628536854,0.01498352772433329
2016-10-06,1933.989125036301,-0.005141317539974017
2016-10-07,1918.2559666920695,-0.008135081082183554
2016-10-10,1957.8880751836527,0.020660490142995275
2016-10-11,1867.6995268948883,-0.04606420021241736
2016-10-12,1859.4646345208016,-0.004409109846366684
2016-10-13,1832.1729746399296,-0.014677159960025351
2016-10-14,1833.109633399593,0.0005112283461377418
2016-10-17,1818.1701744635466,-0.008149790205586538
2016-10-18,1864.4074047774275,0.025430639531595637
2016-10-19,1867.2112929163973,0.0015039031339314688
2016-10-20,1862.383940863087,-0.0025853271515781755
2016-10-21,1879.0422512572097,0.008944616643549078
2016-10-24,1935.4485625162672,0.030018649778267428
2016-10-25,1906.6121694119793,-0.014899074903234851
2016-10-26,1870.8095325872682,-0.018778143452086102
2016-10-27,1834.206422895487,-0.019565385494460387
2016-10-28,1806.976350449,-0.014845696812849326
2016-10-31,1806.145388582963,-0.0004598631663499538
2016-11-01,1769.0851426121903,-0.020518971620467896
2016-11-02,1719.7029775903534,-0.027913956107799516
2016-11-03,1672.1062333390355,-0.027677305250706982
2016-11-04,1660.222612556647,-0.007106977143825481
2016-11-07,1778.6302370480132,0.07132032993396303
2016-11-08,1806.9075362870308,0.015898357426976602
2016-11-09,1867.067578378704,0.0332944773783471
2016-11-10,1822.0418298209122,-0.02411575728656306
2016-11-11,1851.8116349065945,0.0163387056205007
2016-11-14,1832.1510924226504,-0.0106169235106548
2016-11-15,1892.481531899816,0.03292874683025777
2016-11-16,1912.9492452404834,0.010815277716406719
2016-11-17,1955.708744266938,0.02235265736027378
2016-11-18,1942.0690313302946,-0.006974306872957224
2016-11-21,1994.1055493441158,0.02679437093859468
2016-11-22,2013.6610066382364,0.009806630998320206
2016-11-23,2007.369572273186,-0.003124376121060152
2016-11-25,2027.9188769599286,0.010236931440318774
2016-11-28,1994.1939688786267,-0.016630304330446963
2016-11-29,2006.641101829743,0.006241686187686004
2016-11-30,1943.778143866566,-0.031327454573643373
2016-12-01,1864.3533517547078,-0.04086103774881752
2016-12-02,1869.2516491263677,0.0026273438814856456
2016-12-05,1926.2469473690219,0.03049097122331931
2016-12-06,1952.5554808279035,0.013657923504987379
2016-12-07,2019.3587355439506,0.034213242784641364
2016-12-08,2045.9332659200127,0.013159885813405934
2016-12-09,2076.7512966040968,0.015063067401773761
2016-12-12,2040.388185363994,-0.017509612874475538
2016-12-13,2098.4617830163384,0.02846203387615897
2016-12-14,2067.238749824614,-0.014879009684343424
2016-12-15,2090.32794495334,0.011169099423414692
2016-12-16,2067.770547380048,-0.010791319911190261
2016-12-19,2091.1166794495125,0.011290484864989044
2016-12-20,2121.648815191182,0.0146008761929571
2016-12-21,2107.20035880514,-0.0068100131758800485
2016-12-22,2079.5304117479704,-0.013131141963576459
2016-12-23,2097.088078640426,0.008443092148720948
2016-12-27,2125.874032456694,0.013726630802712973
2016-12-28,2069.136076824318,-0.026689236881457384
2016-12-29,2061.820950650364,-0.00353535287306056
2016-12-30,2006.1286255012365,-0.027011232537704363
2017-01-03,2057.7142905889755,0.02571403669336016
2017-01-04,2112.2361816129983,0.02649633686920495
2017-01-05,2124.9287015494465,0.006009043897143754
2017-01-06,2163.43637588517,0.018121866539637214
2017-01-09,2176.19381477247,0.005896840336744568
2017-01-10,2199.8339218479214,0.010863052231366993
2017-01-11,2213.933120836258,0.006409210644634674
2017-01-12,2194.6785626290525,-0.008696991804310904
2017-01-13,2226.3210427883473,0.0144178198566762
2017-01-17,2184.0652392218344,-0.018980103387779848
2017-01-18,2204.1177277362253,0.009181268102383138
2017-01-19,2185.6230976799943,-0.008390944741062532
2017-01-20,2203.70850771014,0.0082747158233015
2017-01-23,2200.9747733379522,-0.0012405154141862666
2017-01-24,2258.1114760464484,0.025959726299744895
2017-01-25,2325.131060429636,0.029679484424979256
2017-01-26,2323.739407872643,-0.0005985265005818131
2017-01-27,2330.6814400477188,0.0029874400509613524
2017-01-30,2272.6586861022024,-0.024895188569540604
2017-01-31,2274.008351620264,0.0005938707498469051
2017-02-01,2307.8965295161934,0.014902398169199093
2017-02-02,2300.0207691910614,-0.003412527478770019
2017-02-03,2337.4842291395844,0.01628831376235746
2017-02-06,2333.6167731003115,-0.0016545378108054056
2017-02-07,2346.845216801501,0.005668644420829561
2017-02-08,2357.096169072889,0.004367971180203742
2017-02-09,2397.8650485401226,0.017296230846308224
2017-02-10,2421.7571495085817,0.009963905593021172
2017-02-13,2459.6738488351257,0.015656689331644044
2017-02-14,2483.539477566259,0.0097027615032928
2017-02-15,2531.0865563552125,0.019144885442105946
2017-02-16,2525.2050222995526,-0.0023237190529465626
2017-02-17,2556.0973790937746,0.012233603418897803
2017-02-21,2592.2155471370347,0.014130200335350765
2017-02-22,2585.206002955771,-0.0027040745855432835
2017-02-23,2552.0068559422975,-0.012841973512174833
2017-02-24,2564.906822857862,0.005054832390252845
2017-02-27,2586.8743660916393,0.008564655463507488
2017-02-28,2538.6478708547784,-0.018642766679745494
2017-03-01,2641.435671057101,0.04048919166080049
2017-03-02,2584.0208285618255,-0.02173622591849762
2017-03-03,2596.6684125643487,0.004894536399523593
2017-03-06,2568.1637061465126,-0.01097741485971486
2017-03-07,2548.13259091291,-0.007799781293404798
2017-03-08,2552.9185858058627,0.001878236207181789
2017-03-09,2554.614347311725,0.0006642442556886324
2017-03-10,2584.7411303507542,0.011793084569000578
2017-03-13,2603.456845141869,0.007240846896174488
2017-03-14,2578.2978073320833,-0.009663704569074543
2017-03-15,2635.433216865233,0.022160128038999197
2017-03-16,2636.428689088296,0.0003777262184799408
2017-03-17,2636.79444218353,0.00013873050947593794
2017-03-20,2637.6371164476,0.00031958284293570914
2017-03-21,2493.2744839380453,-0.05473180203954066
2017-03-22,2529.21880918637,0.014416513496561346
2017-03-23,2524.112830940647,-0.002018796565634142
2017-03-24,2538.537757782285,0.005714850249488329
2017-03-27,2553.8603546234785,0.006035993277712608
2017-03-28,2599.5154152024047,0.017876882146775453
2017-03-29,2629.3054560676783,0.011459843896695642
2017-03-30,2651.8058613014146,0.00855754708218166
2017-03-31,2648.3529020740084,-0.0013021161457543095
2017-04-03,2625.557965535842,-0.008607212626502724
2017-04-04,2630.8532457181577,0.0020168209012423285
2017-04-05,2585.230003020926,-0.017341614463477206
2017-04-06,2604.4095740217767,0.007418903145344342
2017-04-07,2602.9380195705908,-0.0005650242058178373
2017-04-10,2607.2135191956945,0.001642566819861773
2017-04-11,2588.4242829985196,-0.0072066349989513764
2017-04-12,2547.9520617140515,-0.015635852881732307
2017-04-13,2507.379585343333,-0.015923563469017833
2017-04-17,2574.460760663992,0.026753498238869085
2017-04-18,2564.850860267999,-0.0037327818480770406
2017-04-19,2582.730919207991,0.006971188546270328
2017-04-20,2653.8065284602408,0.02751955642132677
2017-04-21,2645.427634907418,-0.0031573113800741604
2017-04-24,2743.983002533453,0.03725498529068031
2017-04-25,2801.3543344309846,0.02090804930080175
2017-04-26,2801.0385161184813,-0.00011273772425771866
2017-04-27,2834.1525917595072,0.011822070796410702
2017-04-28,2832.3304941614992,-0.0006429073731971517
2017-05-01,2894.2791719433976,0.021871980656776497
2017-05-02,2899.7012201754474,0.0018733673947594045
2017-05-03,2867.1817571617485,-0.011214763365079046
2017-05-04,2871.181607539493,0.0013950459777284146
2017-05-05,2907.2697654534936,0.01256909622826908
2017-05-08,2910.13181789989,0.0009844468099952882
2017-05-09,2935.8309054846964,0.008830901551171924
2017-05-10,2948.1833693566628,0.00420748478697794
2017-05-11,2929.213467949979,-0.006434437424705772
2017-05-12,2936.834555318547,0.0026017521262802824
2017-05-15,2977.916501080628,0.0139885121167901
2017-05-16,3007.311215959257,0.009870899626622041
2017-05-17,2775.403697325229,-0.0771145724470872
2017-05-18,2836.242430586786,0.021920678898060812
2017-05-19,2876.436671370267,0.014171652024529085
2017-05-22,2947.3889737468357,0.02466673543790158
2017-05-23,2954.77592596244,0.0025062698820554645
2017-05-24,2989.929068082706,0.011897058525280918
2017-05-25,3051.4560093333776,0.020578060498982267
2017-05-26,3058.78003501891,0.002400174101520907
2017-05-30,3048.641128231932,-0.0033146897360716494
2017-05-31,3041.8066752584086,-0.0022418030479982977
2017-06-01,3112.9791724645575,0.02339810014392275
2017-06-02,3201.1906553370127,0.02833667621445006
2017-06-05,3185.938652469889,-0.004764478129940767
2017-06-06,3154.6875477446774,-0.009809072971629286
2017-06-07,3188.4033549260107,0.010687526631737792
2017-06-08,3225.487885530022,0.011631066234677252
2017-06-09,3051.2914836456816,-0.05400621799443408
2017-06-12,3003.5806463301587,-0.015636276498408503
2017-06-13,3069.1599568558213,0.021833710576670853
2017-06-14,3031.495392393573,-0.012271945741411772
2017-06-15,2988.399696605335,-0.014215985911234066
2017-06-16,2968.4704270896914,-0.0066688768367505705
2017-06-19,3094.924108917789,0.0425989360291769
2017-06-20,3019.1083960923042,-0.024496792217627485
2017-06-21,3086.3712564763673,0.022279047837806387
2017-06-22,3090.4924832557913,0.0013352984579467519
2017-06-23,3133.001493131708,0.013754768894028699
2017-06-26,3106.005309374068,-0.008616715892674105
2017-06-27,2956.110419615248,-0.04825970171603718
2017-06-28,3082.8230626107284,0.04286465152136402
2017-06-29,2949.2745903306773,-0.04332018723350075
2017-06-30,2943.664705308211,-0.0019021236750413953
2017-07-03,2900.149320626979,-0.01478272460948508
2017-07-05,2958.343604261301,0.020065961162903722
2017-07-06,2869.799435088426,-0.02993031946841228
2017-07-07,2959.79460329132,0.031359392960547225
2017-07-10,2993.5811823755225,0.011415176933775025
2017-07-11,3018.219098116017,0.008230248067280975
2017-07-12,3117.496057043031,0.03289256203732309
2017-07-13,3137.36993506643,0.006374948888387544
2017-07-14,3194.4700941379497,0.018200008367935876
2017-07-17,3197.6058708329033,0.000981626561697389
2017-07-18,3243.0527013256396,0.014212768029756812
2017-07-19,3305.567374252661,0.01927648998780312
2017-07-20,3313.326068943142,0.002347159749613368
2017-07-21,3309.881450011371,-0.001039625699401891
2017-07-24,3345.893759468226,0.010880241483190134
2017-07-25,3348.0790877088834,0.0006531373671006596
2017-07-26,3364.707907293606,0.004966674666010176
2017-07-27,3301.0192235664335,-0.018928443562401177
2017-07-28,3289.421343803309,-0.003513423878396551
2017-07-31,3248.470304726093,-0.012449313966530961
2017-08-01,3271.275737835816,0.007020360652995263
2017-08-02,3270.883129400452,-0.00012001691903340459
2017-08-03,3236.530713429285,-0.01050248957609932
2017-08-04,3253.7671033681404,0.0053255758912891275
2017-08-07,3303.4317008960866,0.015263722310221807
2017-08-08,3282.8241927294875,-0.006238212269080417
2017-08-09,3254.850812277156,-0.008521132662018522
2017-08-10,3046.6814113044243,-0.06395666436923189
2017-08-11,3105.084578958379,0.019169437092193337
2017-08-14,3229.814670065337,0.040169627568985386
2017-08-15,3218.8346970100024,-0.003399567522278981
2017-08-16,3237.3384383364983,0.005748583903263037
2017-08-17,3048.818933650728,-0.058232868844766424
2017-08-18,3040.9610711209316,-0.0025773464088231553
2017-08-21,3036.1239671386306,-0.0015906497548546948
2017-08-22,3159.8307668453363,0.04074497650479408
2017-08-23,3131.177819948359,-0.009067873886671294
2017-08-24,3120.637305349307,-0.0033663098058178726
2017-08-25,3112.195362508232,-0.0027051983345210153
2017-08-28,3138.2497691143144,0.008371713074298816
2017-08-29,3166.5778419012217,0.00902671070534394
2017-08-30,3266.7550589590364,0.03163579803162773
2017-08-31,3359.6829600579777,0.02844654693166779
2017-09-01,3370.196537264366,0.0031293361103950546
2017-09-05,3276.5325005477243,-0.027791861893214632
2017-09-06,3303.9380778145137,0.008364201259168966
2017-09-07,3311.0628518520884,0.002156449022279321
2017-09-08,3252.617069899023,-0.01765166792903756
2017-09-11,3363.350480957898,0.03404440445315407
2017-09-12,3397.9486605043576,0.0102868195694568
2017-09-13,3407.339661986866,0.002763726713020605
2017-09-14,3358.170962948177,-0.014430231182182094
2017-09-15,3388.611651701995,0.009064663201987084
2017-09-18,3398.5083811647905,0.0029205853252097028
2017-09-19,3409.116674125837,0.0031214555832318404
2017-09-20,3400.816159823506,-0.0024347991270962667
2017-09-21,3348.1701532689995,-0.015480403550316818
2017-09-22,3354.8414491731533,0.0019925199732278424
2017-09-25,3266.7971545478845,-0.026243951006080637
2017-09-26,3281.574051772245,0.004523359279834313
2017-09-27,3394.4237444191285,0.034388891082905125
2017-09-28,3394.7802939382905,0.00010503977876895173
2017-09-29,3461.9230571633507,0.01977823523511964
2017-10-02,3495.2878060693743,0.009637634446261199
2017-10-03,3519.466190735413,0.006917423115788714
2017-10-04,3524.245139748633,0.0013578618899081135
2017-10-05,3606.382880783745,0.023306477778379218
2017-10-06,3614.3619742668457,0.0022124920583493865
2017-10-09,3597.34938581308,-0.00470694096908106
2017-10-10,3609.74378133918,0.003445424449173479
2017-10-11,3636.600794724023,0.00744014395805105
2017-10-12,3616.770145618453,-0.00545307286253148
2017-10-13,3640.3534152591137,0.006520533152827148
2017-10-16,3670.6251405570997,0.008315600669731
2017-10-17,3670.121262177049,-0.00013727317847931942
2017-10-18,3671.1134740870007,0.0002703485359397742
2017-10-19,3639.336290618602,-0.008656006874399684
2017-10-20,3679.035428537171,0.01090834557413794
2017-10-23,3608.925252720668,-0.019056673190119198
2017-10-24,3628.052492054976,0.005299982126226765
2017-10-25,3571.139148235149,-0.015687023256819126
2017-10-26,3559.5777439786552,-0.0032374555503410997
2017-10-27,3794.9619681136246,0.06612700748934151
2017-10-30,3791.244726499994,-0.000979520122958761
2017-10-31,3840.0529531408674,0.01287393195688852
2017-11-01,3821.0414955019023,-0.004950832155430375
2017-11-02,3818.3916956214457,-0.0006934758189818536
2017-11-03,3902.8987314908104,0.02213157858222583
2017-11-06,3941.1746241084,0.00980704221422859
2017-11-07,3908.730521102668,-0.008232089694090158
2017-11-08,3945.7705883552767,0.009476239677469422
2017-11-09,3877.7152180544126,-0.01724767539747709
2017-11-10,3879.313864141584,0.00041226495430297163
2017-11-13,3890.989531426255,0.003009724836290007
2017-11-14,3856.973277052472,-0.008742314544679278
2017-11-15,3802.6681323323487,-0.014079730612399678
2017-11-16,3950.8643880704,0.03897165110938983
2017-11-17,3932.610540539968,-0.004620216169795429
2017-11-20,3946.5835787732076,0.003553120271940497
2017-11-21,4071.782092994002,0.031723264368244374
2017-11-22,4080.536635735891,0.00215005187948353
2017-11-24,4119.533242716331,0.009556734925235452
2017-11-27,4100.652478263538,-0.004583229055421896
2017-11-28,4161.242493929569,0.014775701181019892
2017-11-29,4002.347850216084,-0.03818442302876613
2017-11-30,4089.7359407343215,0.021834206767789847
2017-12-01,4042.719169742542,-0.011496285254870908
2017-12-04,3915.008895182785,-0.03159019194694387
2017-12-05,3892.261614064752,-0.005810275717642086
2017-12-06,3916.795001013761,0.0063031186959163574
2017-12-07,3980.082864250781,0.016158073940719244
2017-12-08,4027.8904654304056,0.012011710009616717
2017-12-11,4089.923340432345,0.015400834638960402
2017-12-12,4067.21926440457,-0.005551222880714171
2017-12-13,4091.255566633122,0.005909763075453583
2017-12-14,4056.925691483779,-0.008391036587722785
2017-12-15,4199.087336248468,0.03504171768862124
2017-12-18,4304.9563753098455,0.025212392737694832
2017-12-19,4247.957227268339,-0.013240354389747817
2017-12-20,4242.7395096606515,-0.0012282886405244298
2017-12-21,4250.855880930984,0.001913002495640501
2017-12-22,4241.040302949597,-0.002309082748586942
2017-12-26,4197.980863809315,-0.010153037006117279
2017-12-27,4203.661442837923,0.0013531693480499398
2017-12-28,4223.3950716403215,0.004694390609410401
2017-12-29,4138.203651445923,-0.020171312119590695
2018-01-02,4324.376563864103,0.04498882319460767
2018-01-03,4432.740413120592,0.02505883741994442
2018-01-04,4455.848041713658,0.005212944237534972
2018-01-05,4566.422012254981,0.024815471601854378
2018-01-08,4605.810300143958,0.008625634639827207
2018-01-09,4617.559535884001,0.002550959543356754
2018-01-10,4598.00140208514,-0.004235599703018406
2018-01-11,4710.045619142732,0.024368025857230302
2018-01-12,4806.3954038798165,0.02045623174975126
2018-01-16,4731.347668216845,-0.015614141026015285
2018-01-17,4877.7056690519385,0.030933681288793063
2018-01-18,4873.022018128488,-0.0009602159788294357
2018-01-19,4953.618800149602,0.016539383922600986
2018-01-22,5098.108460946716,0.029168506222713476
2018-01-23,5205.780305485657,0.021119959562207104
2018-01-24,5110.869234049013,-0.018231862634815684
2018-01-25,5102.5823094432,-0.0016214315464394575
2018-01-26,5297.776935846846,0.03825408676747945
2018-01-29,5213.952263704797,-0.015822612608480783
2018-01-30,5079.586415899946,-0.02577044073460251
2018-01-31,5097.892557689357,0.003603864624117827
2018-02-01,5044.803308515298,-0.010413959998820003
2018-02-02,4747.647600398692,-0.05890332882057598
2018-02-05,4209.210235249447,-0.11341140085966549
2018-02-06,4477.889587628424,0.0638312978831418
2018-02-07,4357.061315143367,-0.026983307676652586
2018-02-08,3847.479432750265,-0.11695540767856617
2018-02-09,4013.07824558857,0.04304085719827521
2018-02-12,4200.765075992933,0.046768794157123844
2018-02-13,4257.529189508057,0.01351280361749509
2018-02-14,4494.292323533348,0.05561045467609536
2018-02-15,4707.014274305819,0.047331578691176775
2018-02-16,4673.80499880904,-0.007055274014794903
2018-02-20,4662.996709522661,-0.0023125246537100204
2018-02-21,4631.6996748703295,-0.0067117857039052705
2018-02-22,4615.82840334286,-0.0034266624871168994
2018-02-23,4860.115938211962,0.05292387704278279
2018-02-26,5026.538813667713,0.03424257313437204
2018-02-27,4841.194031281818,-0.03687324205712343
2018-02-28,4727.375714627663,-0.023510381099932587
2018-03-01,4546.895363051409,-0.03817770417904449
2018-03-02,4693.560690872092,0.03225614757104435
2018-03-05,4834.24167028482,0.029973188518968262
2018-03-06,4915.756916620174,0.01686205446376682
2018-03-07,4964.833643383587,0.009983554434411464
2018-03-08,5027.645613519971,0.01265137457729159
2018-03-09,5297.207494615208,0.05361592717878729
2018-03-12,5354.336882722338,0.01078481221760785
2018-03-13,5190.453271967024,-0.030607639068087424
2018-03-14,5160.7886085097625,-0.005715235626429095
2018-03-15,5129.441324917992,-0.0060741266441493285
2018-03-16,5129.732074050342,5.668241703792364e-05
2018-03-19,4845.73309166507,-0.05536331689172063
2018-03-20,4885.22879657065,0.008150615017057983
2018-03-21,4847.184205147362,-0.007787678532066765
2018-03-22,4493.376842842503,-0.07299234923425058
2018-03-23,4165.877873836297,-0.07288482147404998
2018-03-26,4572.593597824557,0.0976302561682447
2018-03-27,4170.14392168493,-0.08801343647314183
2018-03-28,4063.6144632973255,-0.02554575103119274
2018-03-29,4263.792912804387,0.04926118147158871
2018-04-02,3912.961429882113,-0.08228154839994906
2018-04-03,4034.38113718355,0.031030131392093825
2018-04-04,4210.017339724157,0.04353485616959358
2018-04-05,4271.602220084443,0.014628177366205626
2018-04-06,3979.0671319970347,-0.06848369136806585
2018-04-09,4039.3628784885445,0.015153236799311808
2018-04-10,4290.184715864832,0.06209440570740189
2018-04-11,4244.152726903143,-0.01072960536908001
2018-04-12,4372.24650120043,0.03018123581776814
2018-04-13,4310.332367190448,-0.014160714404593445
2018-04-16,4400.073981348415,0.020820114671681763
2018-04-17,4630.1208809921445,0.052282507207579064
2018-04-18,4656.894467590298,0.005782481124427181
2018-04-19,4547.189563599735,-0.02355752417282687
2018-04-20,4373.731047538506,-0.03814631293354596
2018-04-23,4340.97218279905,-0.007489912933236349
2018-04-24,4119.276948261112,-0.05107041123562082
2018-04-25,4112.731080625154,-0.00158908170491459
2018-04-26,4315.036871515034,0.04919013349618979
2018-04-27,4316.885588538634,0.0004284359737001729
2018-04-30,4218.9523171907085,-0.02268609379130617
2018-05-01,4334.173306836404,0.0273103322775682
2018-05-02,4279.645505039388,-0.012580900194048155
2018-05-03,4256.4061621469,-0.005430202773833222
2018-05-04,4475.047516065542,0.05136759641574281
2018-05-07,4577.977675362571,0.023000908689238826
2018-05-08,4580.972975963983,0.0006542846675578325
2018-05-09,4718.847498357307,0.030097213652370565
2018-05-10,4844.123674399685,0.02654804506523864
2018-05-11,4839.81099827468,-0.0008902902598867871
2018-05-14,4855.7320673957265,0.0032896055500353074
2018-05-15,4738.197861488949,-0.024205249440341338
2018-05-16,4828.229280241622,0.019001194417065194
2018-05-17,4797.026347076342,-0.006462603856235732
2018-05-18,4741.981932231,-0.011474695126260918
2018-05-21,4818.156343879623,0.01606383422316909
2018-05-22,4787.489409566858,-0.0063648690752262736
2018-05-23,4879.741513166628,0.019269411524006994
2018-05-24,4876.51276609438,-0.0006616635458118236
2018-05-25,4894.862065256828,0.0037627911670872717
2018-05-29,4820.406956719529,-0.015210869590334786
2018-05-30,4948.961173549129,0.026668747677081054
2018-05-31,4908.298129456056,-0.00821648072537047
2018-06-01,5130.1017517214905,0.04518951710254312
2018-06-04,5235.634867984969,0.0205713495308479
2018-06-05,5300.245998191012,0.012340648619545628
2018-06-06,5406.979616286549,0.020137483832253278
2018-06-07,5292.469033010236,-0.021178290173573304
2018-06-08,5313.948845903227,0.004058561846846399
2018-06-11,5343.321900075493,0.005527537999337558
2018-06-12,5434.875131050501,0.0171341410244654
2018-06-13,5417.516362463791,-0.003193959045634009
2018-06-14,5555.271914730905,0.025427805483261394
2018-06-15,5523.549490226895,-0.005710327953505397
2018-06-18,5524.218091336183,0.00012104555421666401
2018-06-19,5478.1124245084475,-0.008346098228823514
2018-06-20,5596.830158644878,0.02167128473035719
2018-06-21,5448.651564183412,-0.026475449542199967
2018-06-22,5405.752964586992,-0.007873250673325024
2018-06-25,5066.042429451371,-0.06284240833072827
2018-06-26,5125.589127826717,0.011754085996037361
2018-06-27,4888.3584523777645,-0.04628359190186206
2018-06-28,5003.573873016594,0.023569347821207218
2018-06-29,5016.5988748475265,0.0026031397080343555
2018-07-02,5130.946387139025,0.022793832065150843
2018-07-03,4998.47083974258,-0.025818930349477444
2018-07-05,5165.444525880141,0.0334049535329807
2018-07-06,5373.486926468769,0.04027579805499507
2018-07-09,5514.963802427114,0.026328690828567557
2018-07-10,5521.12291614764,0.001116800389118665
2018-07-11,5429.966607004483,-0.016510465448351604
2018-07-12,5656.263371542628,0.04167553521346328
2018-07-13,5660.4847751386915,0.0007463237333152837
2018-07-16,5615.783222670137,-0.007897124406179406
2018-07-17,5722.160281911471,0.01894251523312114
2018-07-18,5720.424951721762,-0.00030326486924794286
2018-07-19,5656.507370591142,-0.011173572185643594
2018-07-20,5645.201379819589,-0.0019987582497166807
2018-07-23,5691.392685132015,0.008182401690318706
2018-07-24,5688.749718260007,-0.00046437963750273453
2018-07-25,5887.595849298988,0.03495427657868565
2018-07-26,5709.069080154625,-0.030322524458878838
2018-07-27,5458.505400758585,-0.0438887103796008
2018-07-30,5230.4478058871455,-0.041780227026934035
2018-07-31,5316.16245458221,0.016387631016714827
2018-08-01,5389.729987366078,0.013838465888200584
2018-08-02,5589.635682164466,0.037090113097869824
2018-08-03,5609.421974798021,0.0035398179342332105
2018-08-06,5711.37738837978,0.018175743247668578
2018-08-07,5763.405082206056,0.009109482754918364
2018-08-08,5773.396127827231,0.0017335317366501248
2018-08-09,5780.71969894657,0.001268503140472273
2018-08-10,5664.725739517228,-0.02006566058729327
2018-08-13,5621.928752811732,-0.00755499713021294
2018-08-14,5732.070419209373,0.019591437608054908
2018-08-15,5520.398967554058,-0.03692757349001836
2018-08-16,5589.180164333813,0.012459461206339277
2018-08-17,5610.007484132722,0.0037263640080551714
2018-08-20,5619.351257231225,0.0016655544800841244
2018-08-21,5701.359698741897,0.014593934024882307
2018-08-22,5766.248634745166,0.011381308921376853
2018-08-23,5742.666692837057,-0.004089650551315681
2018-08-24,5890.063987452818,0.025667046774560692
2018-08-27,6049.229231583608,0.027022668084735354
2018-08-28,6076.443352083108,0.0044987748781964605
2018-08-29,6256.99545250947,0.029713450774533273
2018-08-30,6207.351686012747,-0.007934122195471965
2018-08-31,6255.844583685811,0.007812171780492786
2018-09-04,6212.426822212221,-0.006940351681180761
2018-09-05,5990.846770943536,-0.035667229185933534
2018-09-06,5827.7461328286045,-0.02722497242059227
2018-09-07,5782.938611098688,-0.0076886536765060215
2018-09-10,5829.646265793512,0.008076802787631511
2018-09-11,5936.01442355372,0.018246074103044962
2018-09-12,5895.0132970711675,-0.006907181074200618
2018-09-13,6027.00137819864,0.022389785141459936
2018-09-14,6018.458362119907,-0.0014174571304454663
2018-09-17,5760.141715156059,-0.04292073342065297
2018-09-18,5891.904847577583,0.022874981022572575
2018-09-19,5878.1627536517435,-0.0023323686110594388
2018-09-20,6051.344892426509,0.02946195027811683
2018-09-21,5957.758472382349,-0.015465391860458533
2018-09-24,5971.055689485552,0.0022319161081878402
2018-09-25,6002.663123187622,0.005293441452527036
2018-09-26,5963.945468484788,-0.006450079557733649
2018-09-27,6079.227097025341,0.019329758990878555
2018-09-28,6088.895295303562,0.0015903663613671295
2018-10-01,6067.554413521808,-0.003504885656059043
2018-10-02,5981.794905061566,-0.014134114441416896
2018-10-03,6038.828191725463,0.009534477120844884
2018-10-04,5709.921112188069,-0.05446538121221426
2018-10-05,5511.711306258427,-0.03471323018921486
2018-10-08,5399.531792659226,-0.02035293711262119
2018-10-09,5403.631030689634,0.0007591839788741807
2018-10-10,4741.449057658204,-0.12254389118550141
2018-10-11,4563.027323329959,-0.037630212232284806
2018-10-12,4876.298303236255,0.06865419768682884
2018-10-15,4746.5806660926,-0.026601661563150317
2018-10-16,5157.905533941301,0.08665708997363451
2018-10-17,5152.034162670585,-0.0011383247002257095
2018-10-18,4833.170571609177,-0.06189081457800789
2018-10-19,4763.011122915084,-0.0145162368376198
2018-10-22,4799.98618908195,0.007762960281359939
2018-10-23,4739.833742488351,-0.012531795764417361
2018-10-24,4110.359171635288,-0.13280520057283646
2018-10-25,4474.367053297771,0.08855865545143217
2018-10-26,4196.973586790147,-0.06199613558820009
2018-10-29,3991.0271257146374,-0.049070230445033065
2018-10-30,4179.969227250908,0.047341723216787
2018-10-31,4432.366041465848,0.06038245749979749
2018-11-01,4665.430477612363,0.05258239819684142
2018-11-02,4520.125619547367,-0.031145005538558264
2018-11-05,4467.667362931876,-0.01160548644680023
2018-11-06,4553.627519767598,0.019240500657889622
2018-11-07,4914.196204045147,0.07918273567881796
2018-11-08,4836.34292901466,-0.015842524758454338
2018-11-09,4597.27179952544,-0.04943221210699548
2018-11-12,4213.038483460678,-0.08357855111034
2018-11-13,4212.854956578796,-4.356164383561644e-05
2018-11-14,4099.499742771367,-0.026906982313837806
2018-11-15,4310.672831976285,0.0515119166862442
2018-11-16,4290.603425040544,-0.004655748120541121
2018-11-19,3900.41838285049,-0.09093943288090453
2018-11-20,3701.034392211197,-0.051118616278692595
2018-11-21,3802.810957938172,0.027499492018005466
2018-11-23,3748.0411832576183,-0.014402444740573998
2018-11-26,3979.0620440149482,0.061637759421986384
2018-11-27,3980.3214719045286,0.0003165137601899366
2018-11-28,4332.322826200956,0.08843540824053064
2018-11-29,4299.140766041735,-0.00765918457381394
2018-11-30,4400.847855747983,0.023657538852790316
2018-12-03,4600.133349927188,0.04528343190026827
2018-12-04,4074.9565450048976,-0.11416556107674637
2018-12-06,4125.543957264642,0.012414221280900339
2018-12-07,3748.276303087879,-0.09144676631367236
2018-12-10,3830.5101931382815,0.021939121719137242
2018-12-11,3848.856091102056,0.004789413691324525
2018-12-12,3957.851457119803,0.028318898768319035
2018-12-13,3910.876067964197,-0.011868911621506557
2018-12-14,3645.746537042508,-0.06779287461791182
2018-12-17,3396.9029308441877,-0.06825587123788003
2018-12-18,3442.2935831730015,0.013362363674470102
2018-12-19,3218.2495022096587,-0.06508569811085829
2018-12-20,3060.38825442366,-0.04905189845523506
2018-12-21,2785.4279568070283,-0.08984490684121144
2018-12-24,2600.243711238502,-0.06648322930628071
2018-12-26,3055.2945282754645,0.17500314107873408
2018-12-27,3090.3042486413606,0.011458705549299997
2018-12-28,3097.2572143733955,0.0022499291890407864
2018-12-31,3168.482625849849,0.022996285599374357
2019-01-02,3212.072493364576,0.013757332029881547
2019-01-03,2919.230090579804,-0.09116930062746685
2019-01-04,3292.148732093163,0.12774554589470258
2019-01-07,3415.54669269596,0.03748249870969218
2019-01-08,3525.7553059462234,0.03226675644222384
2019-01-09,3617.677851566073,0.026071731485398625
2019-01-10,3662.680188312968,0.012439564437008633
2019-01-11,3639.50752786835,-0.006326695002899277
2019-01-14,3536.1593567652344,-0.028396196549055105
2019-01-15,3717.0689199519293,0.05115990116242528
2019-01-16,3734.082409363617,0.0045771250891703695
2019-01-17,3813.108460845019,0.021163446013734436
2019-01-18,3930.376661103038,0.030753963980355955
2019-01-22,3703.92628190844,-0.05761543961820841
2019-01-23,3712.2618842700394,0.002250477392682917
2019-01-24,3787.6290952393842,0.020302234410966066
2019-01-25,3934.2226574366605,0.038703251694187285
2019-01-28,3803.0651805847183,-0.033337583627612424
2019-01-29,3710.423756694824,-0.02435967291931895
2019-01-30,3955.3494897889004,0.06601017812376543
2019-01-31,4118.087580759646,0.041143795609179225
2019-02-01,4087.51645852027,-0.007423621193052903
2019-02-04,4228.0119621291815,0.03437185025054857
2019-02-05,4321.904725225562,0.02220730781686282
2019-02-06,4274.695774716609,-0.010923181678071162
2019-02-07,4123.280137132413,-0.03542138331335025
2019-02-08,4139.744583341318,0.003993045745457131
2019-02-11,4155.48875622713,0.003803174946871795
2019-02-12,4337.286209197048,0.043748753428219184
2019-02-13,4347.128209471524,0.002269160899183239
2019-02-14,4358.408260934374,0.002594828337078362
2019-02-15,4438.173601455651,0.018301484336893412
2019-02-19,4462.671116224921,0.005519728827469716
2019-02-20,4466.510155314604,0.0008602558848051628
2019-02-21,4413.704795391366,-0.011822509764229607
2019-02-22,4533.833351148133,0.027217170455577745
2019-02-25,4581.640334136801,0.010544494974999775
2019-02-26,4571.970825668831,-0.0021104905149199322
2019-02-27,4581.156010013914,0.002009020769230365
2019-02-28,4540.887966238,-0.008789930682974413
2019-03-01,4654.219958054733,0.024958112303005136
2019-03-04,4620.67779796717,-0.007206827436145174
2019-03-05,4618.180713191192,-0.0005404152561938485
2019-03-06,4489.0868978991875,-0.027953391889422006
2019-03-07,4337.271706826292,-0.03381872405810239
2019-03-08,4313.65198711057,-0.005445755145693807
2019-03-11,4574.746497516597,0.060527486034151805
2019-03-12,4634.334042321662,0.013025321695401826
2019-03-13,4729.983815589535,0.020639378256806715
2019-03-14,4706.487351268043,-0.004967557022933158
2019-03-15,4812.812719844778,0.02259123644475296
2019-03-18,4860.658638290863,0.00994136303056232
2019-03-19,4878.2606151328,0.003621315165659753
2019-03-20,4887.472769888656,0.001888409718677186
2019-03-21,5095.831857231641,0.04263125282797867
2019-03-22,4712.715476018835,-0.07518230427268027
2019-03-25,4702.357852244059,-0.002197803756131959
2019-03-26,4801.774125801967,0.021141792411750352
2019-03-27,4711.318820631776,-0.018837892578939933
2019-03-28,4758.71994210347,0.010061115215577171
2019-03-29,4870.397124103178,0.023467903839355517
2019-04-01,5057.761312602421,0.03847000228625976
2019-04-02,5095.786722099827,0.00751822934045131
2019-04-03,5186.74600248438,0.01784989940612571
2019-04-04,5178.997925535568,-0.0014938223204107525
2019-04-05,5271.034462153764,0.017771108994734438
2019-04-08,5300.321026397657,0.0055561321888846745
2019-04-09,5210.833858974702,-0.016883348570261112
2019-04-10,5319.141188158741,0.02078502829206491
2019-04-11,5284.99340805888,-0.0064197920100108165
2019-04-12,5358.085054957944,0.013830035584833202
2019-04-15,5340.69044456281,-0.003246422969534336
2019-04-16,5389.015405423575,0.009048448203914256
2019-04-17,5380.298268171082,-0.0016175751221123634
2019-04-18,5383.964909914165,0.0006814941403481261
2019-04-19,5383.640555154866,-6.024459013513744e-05
2019-04-22,5417.396402065773,0.006270078131160784
2019-04-23,5631.082750120771,0.039444473358736507
2019-04-24,5591.607871643832,-0.00701017552549587
2019-04-25,5600.126250420722,0.0015234220589907465
2019-04-26,5657.128962951579,0.010178826330312744
2019-04-29,5688.2818973896465,0.005506845370167074
2019-04-30,5574.856655691616,-0.01994015833675222
2019-05-01,5479.99788580951,-0.017015463489139182
2019-05-02,5453.376836123661,-0.004857857656256585
2019-05-03,5712.0391736969705,0.04743159061737814
2019-05-06,5625.537833310301,-0.015143688226963697
2019-05-07,5293.759622266917,-0.0589771539849642
2019-05-08,5252.673428696703,-0.0077612503214907905
2019-05-09,5187.421043091639,-0.012422699886228008
2019-05-10,5199.594853655937,0.0023467943826365454
2019-05-13,4666.812897758248,-0.10246605185461308
2019-05-14,4826.669711682577,0.034253958199420814
2019-05-15,4990.484850310971,0.03393957913297693
2019-05-16,5135.449821161577,0.029048273905004255
2019-05-17,4975.629820060718,-0.031120935198761298
2019-05-20,4757.196895440655,-0.043900557822727566
2019-05-21,4911.324018400404,0.0323987268863028
2019-05-22,4845.014464757224,-0.013501359998800798
2019-05-23,4614.88204856888,-0.04749880890187932
2019-05-24,4630.443003329245,0.0033719073633074934
2019-05-28,4575.356307834938,-0.01189663612200803
2019-05-29,4466.744342000689,-0.023738471613294666
2019-05-30,4502.70813057113,0.008051454441274789
2019-05-31,4297.928222748919,-0.04547927644518136
2019-06-03,4089.3146897111383,-0.04853816123163485
2019-06-04,4413.787777758909,0.07934656847616965
2019-06-05,4498.589592141017,0.019212934253301575
2019-06-06,4569.698489902507,0.01580693155155038
2019-06-07,4797.226418071501,0.04979057779670891
2019-06-10,4947.043069278777,0.031229847864362906
2019-06-11,4945.601225768467,-0.00029145562108888955
2019-06-12,4888.68223050324,-0.011509014307230673
2019-06-13,4971.962674196913,0.017035356312185664
2019-06-14,4894.63368752528,-0.015553010297713743
2019-06-17,4984.81172569155,0.01842385843829391
2019-06-18,5192.018321305575,0.04156758710586579
2019-06-19,5257.185121124416,0.012551342423316849
2019-06-20,5383.274723581863,0.023984242432474812
2019-06-21,5343.56941038318,-0.0073756802759387926
2019-06-24,5290.671542256646,-0.009899350801684564
2019-06-25,5050.4932089979175,-0.04539656853396049
2019-06-26,5098.704306764831,0.00954581973915353
2019-06-27,5210.144335283629,0.02185653880162092
2019-06-28,5285.311183170368,0.014427018341450127
2019-07-01,5452.517661275972,0.0316360706703566
2019-07-02,5488.431357077481,0.006586626221602211
2019-07-03,5612.237695533464,0.022557690968719367
2019-07-05,5594.156212320598,-0.0032217956889560788
2019-07-08,5462.741109467318,-0.02349149681659774
2019-07-09,5550.130750140089,0.01599739744600346
2019-07-10,5674.130279472462,0.02234173119781776
2019-07-11,5660.313614804021,-0.0024350277466178238
2019-07-12,5759.622082589501,0.017544693552976907
2019-07-15,5788.00903029829,0.004928612902328929
2019-07-16,5713.241277944329,-0.012917697944591343
2019-07-17,5634.537514759958,-0.013775676425254993
2019-07-18,5679.686779601526,0.008012949549683011
2019-07-19,5553.215073609586,-0.02226737334286807
2019-07-22,5670.087441270143,0.021045892534572744
2019-07-23,5767.727191737943,0.017220148979912028
2019-07-24,5914.372891218498,0.02542521423180671
2019-07-25,5737.122451729545,-0.02996943932164464
2019-07-26,5928.2807598040445,0.03331954471651067
2019-07-29,5848.451197434606,-0.013465887599439107
2019-07-30,5806.372683298775,-0.007194813244622538
2019-07-31,5599.288787772787,-0.03566493348276391
2019-08-01,5466.829280249072,-0.023656487911994734
2019-08-02,5250.041279027932,-0.039655162088994896
2019-08-05,4701.977165651159,-0.10439234364996251
2019-08-06,4897.465360208248,0.04157574306935546
2019-08-07,4952.6087276331855,0.011259572731841127
2019-08-08,5285.5029470240615,0.06721593360151495
2019-08-09,5127.346435081333,-0.029922698658559326
2019-08-12,4941.39217365724,-0.03626715373702711
2019-08-13,5229.431739146456,0.05829117693284197
2019-08-14,4754.686441643075,-0.09078334342707522
2019-08-15,4740.96350232934,-0.002886192282533161
2019-08-16,4977.585820543283,0.04991017503038905
2019-08-19,5178.685505166734,0.040401048193580445
2019-08-20,5073.05079925881,-0.020397976629886832
2019-08-21,5209.9281235515255,0.026981264274490314
2019-08-22,5153.443978128945,-0.010841636215141526
2019-08-23,4689.553197642183,-0.09001568319273476
2019-08-26,4873.754793499561,0.03927913557948145
2019-08-27,4823.58089680111,-0.010294710920904577
2019-08-28,4878.620519569395,0.01141053170784096
2019-08-29,5095.356918520162,0.044425754797156825
2019-08-30,5074.8951207770915,-0.004015773197103797
2019-09-03,4904.020499824812,-0.03367057188092485
2019-09-04,5095.641340318857,0.03907423317273878
2019-09-05,5363.529348701032,0.052571990548575726
2019-09-06,5335.9227313813735,-0.005147099144026193
2019-09-09,5304.062975929467,-0.005970805248834276
2019-09-10,5297.284005180979,-0.0012780713161310306
2019-09-11,5465.074236416191,0.03167476598783553
2019-09-12,5514.488354837427,0.009041801864642362
2019-09-13,5478.295026909843,-0.006563315687453587
2019-09-16,5430.715576083126,-0.008685083697209323
2019-09-17,5495.282806440235,0.011889267528843265
2019-09-18,5477.565580712454,-0.0032240789695148217
2019-09-19,5488.261733708666,0.0019527202072898266
2019-09-20,5356.715780394873,-0.02396860056907319
2019-09-23,5345.415579918012,-0.0021095389302190582
2019-09-24,5110.191187850357,-0.04400488391423858
2019-09-25,5270.497411654656,0.031369907291420515
2019-09-26,5178.719441150735,-0.0174135310836076
2019-09-27,5002.294492904406,-0.03406729216578822
2019-09-30,5114.213912272111,0.022373616652609896
2019-10-01,4940.015003309454,-0.03406171739211921
2019-10-02,4708.397801929144,-0.04688593075631201
2019-10-03,4865.994271004415,0.03347135813603081
2019-10-04,5070.064623445278,0.04193805850879869
2019-10-07,5019.246444216084,-0.010023181754764554
2019-10-08,4768.1363283071105,-0.050029445395800204
2019-10-09,4914.055195816368,0.03060291431748238
2019-10-10,5001.493393059317,0.01779349106973611
2019-10-11,5201.736349606889,0.040036633223479626
2019-10-14,5184.5285602867325,-0.003308085639799312
2019-10-15,5377.570985241334,0.037234325688414324
2019-10-16,5328.676780814624,-0.00909224714297571
2019-10-17,5392.634846811562,0.012002616902419884
2019-10-18,5258.804480251476,-0.024817249890230233
2019-10-21,5401.080222045227,0.027054769259447133
2019-10-22,5284.251225762384,-0.021630672287737823
2019-10-23,5314.226791872933,0.005672623202395942
2019-10-24,5443.507006892811,0.024327191910135687
2019-10-25,5557.525289402789,0.020945740010181575
2019-10-28,5724.115373469238,0.029975587224786306
2019-10-29,5622.412884011505,-0.01776737239244242
2019-10-30,5677.355559640573,0.009772081268757154
2019-10-31,5653.173676334194,-0.004259356852384692
2019-11-01,5845.1571951208625,0.03396030792232089
2019-11-04,5941.937106658568,0.01655728123419692
2019-11-05,5944.700824452776,0.00046512067438594684
2019-11-06,5893.48520624036,-0.008615339901000116
2019-11-07,5943.344028713518,0.008459989416850439
2019-11-08,6029.206719576539,0.01444686534183461
2019-11-11,6004.5569617329875,-0.004088391556307957
2019-11-12,6050.604479615192,0.007668761937918981
2019-11-13,6041.698513378443,-0.0014719134702579472
2019-11-14,6034.74619353786,-0.0011507227355334498
2019-11-15,6166.351351739138,0.021807902765190797
2019-11-18,6184.947918029277,0.003015813603435719
2019-11-19,6229.534320616136,0.007208856594715599
2019-11-20,6133.361220760395,-0.015438248656478947
2019-11-21,6088.70410037673,-0.0072810191306698
2019-11-22,6117.685197686667,0.004759813719333813
2019-11-25,6359.137124320428,0.03946785734007079
2019-11-26,6392.86856466421,0.005304405249381628
2019-11-27,6519.440164827973,0.019798874149137186
2019-11-29,6429.421722676324,-0.013807695120402105
2019-12-02,6211.25957301183,-0.033931846295763145
2019-12-03,6107.900978484489,-0.01664052086575776
2019-12-04,6206.514012306568,0.01614515922400347
2019-12-05,6214.892270194754,0.00134991363454159
2019-12-06,6401.22520506934,0.029981683796547334
2019-12-09,6323.068080023184,-0.012209713381785092
2019-12-10,6310.249262084882,-0.0020273098084775862
2019-12-11,6393.06678960527,0.01312428781823216
2019-12-12,6532.89411475649,0.021871713491023008
2019-12-13,6571.972396782971,0.00598177183649928
2019-12-16,6749.867129881384,0.027068697547405096
2019-12-17,6770.427935302717,0.0030461052085470684
2019-12-18,6780.072130040197,0.0014244586648936906
2019-12-19,6916.7285892152495,0.020155605508910837
2019-12-20,7004.42075565233,0.012678272004746902
2019-12-23,7051.844490573545,0.006770543429011818
2019-12-24,7068.509919191511,0.002363272281492144
2019-12-26,7232.281685529152,0.023169206552712034
2019-12-27,7193.914492197959,-0.005304991564136777
2019-12-30,7047.30787476155,-0.020379254937684985
2019-12-31,7109.762395243058,0.008862181359377757
2020-01-02,7393.709456647541,0.03993763020751071
2020-01-03,7219.577652734273,-0.023551345225867538
2020-01-06,7341.585381589885,0.016899565975220642
2020-01-07,7334.695280077668,-0.0009385032188681498
2020-01-08,7481.983466232981,0.020081023209699417
2020-01-09,7664.497766283485,0.02439383899659917
2020-01-10,7603.2198296290735,-0.007995036142351893
2020-01-13,7839.788611813551,0.03111428940441646
2020-01-14,7782.582599221973,-0.007296882023754596
2020-01-15,7801.29084650809,0.002403861063805122
2020-01-16,8050.208043851789,0.03190718077830867
2020-01-17,8132.421392385409,0.01021257439382683
2020-01-21,8085.763669862921,-0.005737248510778633
2020-01-22,8119.424613273396,0.004162988776920947
2020-01-23,8168.10493885763,0.005995538834691926
2020-01-24,7939.997814101676,-0.027926566377813593
2020-01-27,7491.287191807188,-0.056512688391118386
2020-01-28,7811.975663563798,0.04280819351143423
2020-01-29,7825.939245329316,0.0017874584313730183
2020-01-30,7886.2162845968705,0.00770221150177336
2020-01-31,7509.80506466151,-0.04773026840140758
2020-02-03,7811.612854920321,0.04018849859086382
2020-02-04,8303.420169639503,0.06295848550781762
2020-02-05,8410.64401821512,0.012913214842200706
2020-02-06,8579.183197261997,0.02003879592120021
2020-02-07,8440.453366584436,-0.016170517342704145
2020-02-10,8727.730784623258,0.03403578049209386
2020-02-11,8756.54179506724,0.003301088353314231
2020-02-12,8993.825035680797,0.02709782539349311
2020-02-13,8955.139708724431,-0.004301320828778671
2020-02-14,9008.403527187982,0.005947848966740121
2020-02-18,9013.238031254397,0.0005366660198807068
2020-02-19,9247.956706031388,0.026041548438316704
2020-02-20,9060.944347226803,-0.02022201927941748
2020-02-21,8574.977893623416,-0.05363309109741094
2020-02-24,7620.891591430278,-0.11126399554949547
2020-02-25,6987.105302927414,-0.08316432282222191
2020-02-26,7022.646270318648,0.005086651173890801
2020-02-27,6050.863500817276,-0.13837843059369667
2020-02-28,6052.833748920726,0.00032561436945049407
2020-03-02,6868.647409562724,0.1347821028105165
2020-03-03,6251.703776283514,-0.08982025084302385
2020-03-04,6973.133849996251,0.11539735399005256
2020-03-05,6324.893781213481,-0.09296251624126209
2020-03-06,5971.093012250413,-0.055937819859353845
2020-03-09,4665.92976692603,-0.2185802905174453
2020-03-10,5358.9053193189275,0.14851821330552023
2020-03-11,4603.33532725608,-0.1409933460363644
2020-03-12,3300.4704175945067,-0.2830262879063766
2020-03-13,4225.901989974888,0.28039383944997354
2020-03-16,2664.0165801200033,-0.3695981150438764
2020-03-17,3161.9978051944345,0.18692872589103754
2020-03-18,2715.934611236452,-0.14107005173286438
2020-03-19,2903.3412641296122,0.06900263803031763
2020-03-20,2573.207238291379,-0.11370830908408693
2020-03-23,2552.162914024128,-0.008178246957374615
2020-03-24,3174.0209756556897,0.24365923437506817
2020-03-25,3130.9853355220603,-0.013558713210689832
2020-03-26,3656.6773179671345,0.16789985455406822
2020-03-27,3241.480048315803,-0.11354495722421402
2020-03-30,3593.878581100962,0.10871531755015953
2020-03-31,3491.2318855826384,-0.028561536847157013
2020-04-01,3029.4645640539707,-0.13226486714777616
2020-04-02,3185.9852256093463,0.05166611400990381
2020-04-03,3040.208854821394,-0.04575550746945819
2020-04-06,3708.523140702572,0.21982512313958788
2020-04-07,3672.048401168393,-0.00983538140394861
2020-04-08,3956.523793595498,0.07747049094902682
2020-04-09,4048.5321981917505,0.023254859416032975
2020-04-13,4106.6140315838875,0.014346392852718194
2020-04-14,4592.8830636240755,0.11841118456721338
2020-04-15,4394.642365297321,-0.0431625834101533
2020-04-16,4613.32621871853,0.049761467542402495
2020-04-17,4804.436436854174,0.04142568920450849
2020-04-20,4655.657725642542,-0.03096694340055593
2020-04-21,4170.346408496659,-0.10424119334908871
2020-04-22,4521.89392005476,0.08429695692469548
2020-04-23,4520.9509268468655,-0.0002085394360341691
2020-04-24,4744.172925809598,0.049375010384910024
2020-04-27,4902.017312179846,0.03327121267260947
2020-04-28,4695.850917828589,-0.04205745945429513
2020-04-29,5198.324878137324,0.10700381445267071
2020-04-30,5154.3835924679415,-0.008452970273979425
2020-05-01,4659.400805516988,-0.0960314222003709
2020-05-04,4831.39608085363,0.03691360381210187
2020-05-05,4995.212749500352,0.033906694029063836
2020-05-06,5072.293434749095,0.015430911377388742
2020-05-07,5287.649254806646,0.04245728738447974
2020-05-08,5537.971294268659,0.04734089335340488
2020-05-11,5667.561287647171,0.023400264554030395
2020-05-12,5316.593698054613,-0.06192568051403626
2020-05-13,5069.728804569206,-0.046432905635752676
2020-05-14,5208.023127401381,0.027278445882062782
2020-05-15,5331.848350918728,0.023775858994529993
2020-05-18,5722.921010340103,0.07334654582851917
2020-05-19,5630.546148184241,-0.016141208657075624
2020-05-20,5981.290099489301,0.06229306040199469
2020-05-21,5807.4041531661105,-0.02907164565350832
2020-05-22,5881.997192135868,0.012844471816050682
2020-05-26,5911.903483572628,0.005084377033831969
2020-05-27,6048.969161869189,0.023184694857997037
2020-05-28,5965.436655670631,-0.013809378749212401
2020-05-29,6196.420437862304,0.03872034781764128
2020-06-01,6318.480954608797,0.019698553055028493
2020-06-02,6430.332499216099,0.017702284047515473
2020-06-03,6580.078178472063,0.02328739287964014
2020-06-04,6443.375274588158,-0.020775270471884915
2020-06-05,6842.036167435859,0.06187143785027816
2020-06-08,7073.7671280107315,0.03386871318771714
2020-06-09,7135.895528726367,0.00878292988606026
2020-06-10,7279.232630209436,0.0200867712967558
2020-06-11,6129.473412456303,-0.1579506077304818
2020-06-12,6315.67592712532,0.03037822372972806
2020-06-15,6587.060309626228,0.04296996641884907
2020-06-16,6932.250768010346,0.052404326385119264
2020-06-17,6963.156216395113,0.004458212695851033
2020-06-18,7031.79907558423,0.00985800936470362
2020-06-19,7038.410440321135,0.0009402095631346414
2020-06-22,7272.973486972606,0.03332613928106891
2020-06-23,7435.580874314678,0.022357758849710547
2020-06-24,6946.455662821253,-0.0657817082163748
2020-06-25,7173.323109764593,0.03265945367758958
2020-06-26,6615.326067567068,-0.07778780262079076
2020-06-29,6853.43574588628,0.03599364201964147
2020-06-30,7237.953592045598,0.0561058511988127
2020-07-01,7444.987373378137,0.02860391113312272
2020-07-02,7561.663850040339,0.015671816594265173
2020-07-06,8064.382306510072,0.06648251845617971
2020-07-07,7856.362638250014,-0.025794866904081618
2020-07-08,8195.087676997387,0.043114740795980315
2020-07-09,8324.65965330214,0.015810932281840658
2020-07-10,8489.781136644207,0.019835223326706057
2020-07-13,7946.56308408709,-0.06398493009583499
2020-07-14,8170.9185561674485,0.02823301969748759
2020-07-15,8315.721656524098,0.017721765228873865
2020-07-16,8134.57110043205,-0.02178410528567009
2020-07-17,8203.092380349797,0.008423465610142341
2020-07-20,8821.760608866347,0.07541890299791658
2020-07-21,8608.70301060543,-0.024151369290930716
2020-07-22,8671.13723728824,0.007252454476115079
2020-07-23,8076.669545695498,-0.06855706181610992
2020-07-24,7849.245478885462,-0.0281581492870713
2020-07-27,8242.87736696701,0.050149009753921066
2020-07-28,7928.071685090407,-0.03819123685354985
2020-07-29,8250.233466230178,0.0406355787304031
2020-07-30,8355.685642492206,0.01278172026205869
2020-07-31,8728.59482204503,0.04462939314715506
2020-08-03,9112.85388698988,0.04402301547717181
2020-08-04,9209.192907657562,0.01057177277968022
2020-08-05,9353.832864259814,0.01570604048070071
2020-08-06,9633.777045718914,0.029928285604582744
2020-08-07,9381.299425398394,-0.026207542391975678
2020-08-10,9272.755519343054,-0.011570242152326422
2020-08-11,8802.31290535219,-0.05073385284552331
2020-08-12,9364.28115196707,0.06384324809371168
2020-08-13,9441.606599365306,0.00825748887110182
2020-08-14,9382.228466624036,-0.006288986108069987
2020-08-17,9664.692899514053,0.030106326433516947
2020-08-18,9876.127371480894,0.021876998489778376
2020-08-19,9706.119376962906,-0.017214034218403996
2020-08-20,10015.790950249519,0.03190477689998394
2020-08-21,10140.89506548485,0.01249068754097885
2020-08-24,10323.987420982445,0.018054851599910632
2020-08-25,10560.237065054713,0.02288356566495946
2020-08-26,11109.068548239151,0.051971511605605585
2020-08-27,10995.742866719938,-0.01020118662758402
2020-08-28,11195.34593429049,0.01815275875308766
2020-08-31,11425.059680191924,0.020518682249722985
2020-09-01,11903.189776419975,0.04184924277087191
2020-09-02,12252.59531052882,0.029353941310842003
2020-09-03,10428.541509944595,-0.14887081098783966
2020-09-04,10032.855318884767,-0.0379426203254312
2020-09-08,8795.112082279225,-0.1233689909068805
2020-09-09,9510.028179602785,0.0812856153094403
2020-09-10,8941.7642720929,-0.05975417704110524
2020-09-11,8779.653627403855,-0.018129603930064332
2020-09-14,9272.89559954451,0.05618011747081931
2020-09-15,9609.34041072481,0.036282605316598666
2020-09-16,9249.19875452078,-0.03747829099717225
2020-09-17,8897.31224558087,-0.03804508025821343
2020-09-18,8611.19640316096,-0.032157558881000005
2020-09-21,8577.233757433336,-0.00394401011631285
2020-09-22,9018.583151016372,0.051455912951019485
2020-09-23,8202.82414836041,-0.09045312206984825
2020-09-24,8293.844794566934,0.01109625716220163
2020-09-25,8856.523365350284,0.06784291058254985
2020-09-28,9353.460326541415,0.05610971040118501
2020-09-29,9272.117956136686,-0.008696500285986324
2020-09-30,9478.660019829354,0.022275607867560613
2020-10-01,9883.471523611113,0.042707672069141986
2020-10-02,9225.241094725745,-0.06659911219584011
2020-10-05,9869.021566284617,0.06978467716436533
2020-10-06,9404.436606652343,-0.047075077961064256
2020-10-07,9935.71551461294,0.0564923695253357
2020-10-08,10083.72649138763,0.014896861384266023
2020-10-09,10504.933136269508,0.041770931137573616
2020-10-12,11311.772094950964,0.07680572053293216
2020-10-13,11276.612456715866,-0.0031082343190764394
2020-10-14,11005.395211678011,-0.02405130495340638
2020-10-15,10851.644741296577,-0.013970463343132592
2020-10-16,10734.209919395511,-0.010821845416129528
2020-10-19,10203.04594321696,-0.04948328569751546
2020-10-20,10303.209961953637,0.009817070244917288
2020-10-21,10218.004068861024,-0.008269839536149464
2020-10-22,10275.052082664663,0.005583087794757446
2020-10-23,10388.43863022386,0.011035131174711502
2020-10-26,9877.901491359804,-0.04914474225016948
2020-10-27,10066.945541094448,0.019138078052307255
2020-10-28,8940.355134330901,-0.1119098541026843
2020-10-29,9380.930435287397,0.04927939599006424
2020-10-30,8691.68090431406,-0.07347347213882428
2020-11-02,8802.01661991952,0.012694404778561716
2020-11-03,9291.239711626778,0.055580796178016374
2020-11-04,10365.826193029303,0.1156558774452691
2020-11-05,11171.257957682592,0.07770068199628077
2020-11-06,11183.532878996883,0.0010987949039211453
2020-11-09,10672.219099992113,-0.045720237472099544
2020-11-10,10235.26690654567,-0.04094295566390367
2020-11-11,10853.492842690963,0.06040154514680247
2020-11-12,10641.370544125515,-0.01954415059188034
2020-11-13,10967.85955669642,0.030681105522741184
2020-11-16,11232.118784570137,0.02409396532729794
2020-11-17,11162.221325292821,-0.006222998582719334
2020-11-18,10887.320723765528,-0.024627768390901476
2020-11-19,11172.83839283685,0.026224787191955874
2020-11-20,11032.947749948964,-0.012520600224341516
2020-11-23,11106.558848420127,0.006671933932751941
2020-11-24,11544.650337815316,0.039444394557681166
2020-11-25,11709.013698002704,0.014237188254113194
2020-11-27,12033.036000517346,0.0276728946495223
2020-11-30,12012.511017262457,-0.0017057194255886657
2020-12-01,12474.626855395967,0.038469545415561385
2020-12-02,12457.414104913409,-0.0013798208701619723
2020-12-03,12541.747617298952,0.006769744641649281
2020-12-04,12806.54464309108,0.021113247840108745
2020-12-07,12978.830841059615,0.013452980704009103
2020-12-08,13174.379124026073,0.015066710196100723
2020-12-09,12408.711354394882,-0.05811793955700305
2020-12-10,12610.598292100218,0.016269774671955138
2020-12-11,12525.570359067051,-0.006742577240481175
2020-12-14,12714.829521026835,0.01510982386704502
2020-12-15,13190.339460454616,0.03739805859303249
2020-12-16,13388.864386900192,0.015050782206232386
2020-12-17,13727.18398527019,0.025268729938067967
2020-12-18,13697.984644004935,-0.0021271180816536655
2020-12-21,13656.28947759457,-0.0030438905790870904
2020-12-22,13866.749324016939,0.015411202784450559
2020-12-23,13747.383313376238,-0.008608074455774634
2020-12-24,13856.145005904631,0.00791144685858636
2020-12-28,14164.312716531043,0.022240508488839406
2020-12-29,14002.436711394823,-0.011428440502255818
2020-12-30,14067.292556428569,0.004631754198965069
2020-12-31,14127.430326179532,0.004275006687301922
2021-01-04,13504.056746140315,-0.044125050745006646
2021-01-05,13888.73728057317,0.028486294279147163
2021-01-06,13634.877477271935,-0.0182781053578082
2021-01-07,14683.940748639638,0.07693969183928447
2021-01-08,15137.587448503222,0.03089407044261
2021-01-11,14568.842768155911,-0.037571685863558656
2021-01-12,14689.769510858358,0.008300367065994062
2021-01-13,14880.541140119953,0.012986699969702099
2021-01-14,14825.31963087085,-0.0037109879761172845
2021-01-15,14438.410750070021,-0.02609784412304784
2021-01-19,15101.394897891654,0.04591808331941363
2021-01-20,15994.420999367347,0.05913533865672043
2021-01-21,16257.317759043048,0.016436778779682054
2021-01-22,16301.370579302733,0.0027097225331146873
2021-01-25,16637.718753412104,0.020633122379072694
2021-01-26,16601.635377283284,-0.002168769448721315
2021-01-27,15302.649662687645,-0.07824444309703954
2021-01-28,15533.148663131877,0.015062685582239667
2021-01-29,14602.361120152556,-0.05992265722586919
2021-02-01,15718.118230562834,0.07640936292627597
2021-02-02,16455.021212435608,0.046882392094488495
2021-02-03,16447.15960643015,-0.00047776334675989735
2021-02-04,17053.561145394815,0.03686968166391409
2021-02-05,17345.54784961927,0.017121743765717994
2021-02-08,17839.615552515363,0.028483833844829436
2021-02-09,17916.65165465031,0.0043182602174454835
2021-02-10,17781.983016511276,-0.0075163954032718555
2021-02-11,17985.531439569968,0.011446891095874186
2021-02-12,18253.95043929816,0.01492416282666205
2021-02-16,18068.74400608257,-0.010146101460693573
2021-02-17,17752.61104928893,-0.017496122402709004
2021-02-18,17371.006395266028,-0.021495691702105305
2021-02-19,17405.52240450067,0.001986989610690919
2021-02-22,16121.417992752322,-0.07377568922701835
2021-02-23,15879.192641453994,-0.015025064879976667
2021-02-24,16349.162553014747,0.029596587318542592
2021-02-25,14623.342297422025,-0.10556016248517172
2021-02-26,14867.411661333868,0.01669039532466325
2021-03-01,16208.586219018529,0.09020901473877208
2021-03-02,15385.677288115741,-0.050769938832618156
2021-03-03,14138.463373975985,-0.08106330912732282
2021-03-04,13243.63364958311,-0.06329045107122086
2021-03-05,13858.006239128907,0.046390032056280575
2021-03-08,12857.973835098686,-0.07216279071996434
2021-03-09,14279.665260313473,0.11056885349493908
2021-03-10,14263.54143332735,-0.0011291460053294757
2021-03-11,15343.746900505763,0.07573192619993163
2021-03-12,15073.238317428722,-0.017629890849419808
2021-03-15,15548.73492570648,0.03154575004151251
2021-03-16,15590.08422350779,0.002659335180571455
2021-03-17,15776.523220676314,0.011958819111919749
2021-03-18,14345.429915370018,-0.09071030957129658
2021-03-19,14670.722673755363,0.022675706500564264
2021-03-22,15211.94759522794,0.03689149699767579
2021-03-23,14701.028471890873,-0.03358670019987092
2021-03-24,13815.012681360176,-0.06026896636686369
2021-03-25,13865.719995304928,0.0036704500469381188
2021-03-26,14382.119385810645,0.03724288321706887
2021-03-29,14123.146330786263,-0.018006598893893562
2021-03-30,14077.107017371813,-0.003259848219096316
2021-03-31,14729.573881307542,0.04634949944832798
2021-04-01,15507.84663442872,0.052837424856454276
2021-04-05,16287.025378427528,0.05024416106030912
2021-04-06,16261.580195178398,-0.0015622977589778036
2021-04-07,16227.86330894318,-0.0020734077396251187
2021-04-08,16727.694834684862,0.03080082178571367
2021-04-09,16985.16632080979,0.01539192869486483
2021-04-12,16801.988863811377,-0.010784554801443793
2021-04-13,17333.9751120095,0.03166209979724057
2021-04-14,16820.551297135517,-0.029619508021461603
2021-04-15,17479.616953929635,0.039182167406508005
2021-04-16,17530.619961087665,0.0029178561116333067
2021-04-19,17016.590373450195,-0.029321814560948303
2021-04-20,16545.42678061961,-0.027688484149310504
2021-04-21,17135.977579374594,0.035692690589687215
2021-04-22,16650.51706326589,-0.028329899117808272
2021-04-23,17367.968917723152,0.04308886335068199
2021-04-26,17822.18915466991,0.026152755057227868
2021-04-27,17638.840068924652,-0.010287685993794824
2021-04-28,17491.94036817925,-0.008328195061091644
2021-04-29,17609.934808651342,0.00674564616551895
2021-04-30,17160.529839435414,-0.025519967796538808
2021-05-03,16912.24843304415,-0.014468166700814994
2021-05-04,15957.235947020938,-0.056468688347627014
2021-05-05,15778.13081405266,-0.011224069980723334
2021-05-06,15954.093968234667,0.011152344739421742
2021-05-07,16373.537944516536,0.02629067981654123
2021-05-10,15122.821958692097,-0.07638642241295826
2021-05-11,15080.983776633819,-0.0027665591893205254
2021-05-12,13872.384369885454,-0.08014062110596153
2021-05-13,14170.593751383954,0.021496620447300996
2021-05-14,15158.680112194814,0.06972794352490409
2021-05-17,14986.945695016871,-0.011329114138359946
2021-05-18,14733.765497553706,-0.016893381921531034
2021-05-19,14721.041887040034,-0.0008635681432412176
2021-05-20,15504.937570451524,0.053250013784799294
2021-05-21,15282.674200311316,-0.014335005808974398
2021-05-24,15930.673430220704,0.042400905850377056
2021-05-25,15916.933038658486,-0.0008625116585563716
2021-05-26,16199.799207434024,0.017771399055868487
2021-05-27,16193.971975828357,-0.00035971011313470745
2021-05-28,16238.297325476402,0.002737151188985952
2021-06-01,16195.88950853166,-0.002611592588479538
2021-06-02,16266.358830487623,0.004351062158014999
2021-06-03,15763.526366897746,-0.030912416775623498
2021-06-04,16458.415884945454,0.044082110935972196
2021-06-07,16699.49149842533,0.014647558742296073
2021-06-08,16855.627538585868,0.009349748174982492
2021-06-09,16808.10619103942,-0.002819316423411987
2021-06-10,17201.930704000464,0.02343062975000682
2021-06-11,17382.893686496,0.01051992276968373
2021-06-14,17771.86982780279,0.022376949909609516
2021-06-15,17391.190497802567,-0.02142033076365885
2021-06-16,17268.455671849442,-0.007057298692037991
2021-06-17,17717.683256316373,0.026014346216219442
2021-06-18,17226.383491548102,-0.027729345742374175
2021-06-21,17636.42765336161,0.023803264452732568
2021-06-22,18054.961773768762,0.02373122996523488
2021-06-23,18125.39985970002,0.0039013145978295228
2021-06-24,18498.997915379678,0.02061185179756016
2021-06-25,18463.297270795945,-0.0019298691068044419
2021-06-28,19004.638501679183,0.02931985673758811
2021-06-29,19114.324723773894,0.0057715500394822546
2021-06-30,19018.40117608392,-0.005018411535651449
2021-07-01,19091.202767568153,0.003827955400151187
2021-07-02,19552.73552615816,0.024175153562040357
2021-07-06,19651.38586192986,0.0050453470124282
2021-07-07,19657.40714300777,0.0003064049080414988
2021-07-08,19234.359802514762,-0.021521014313603867
2021-07-09,19797.992342673064,0.02930342085441329
2021-07-12,19925.46514586776,0.006438673224453263
2021-07-13,19700.23940275196,-0.011303412064260426
2021-07-14,19568.883312238017,-0.006667740824286297
2021-07-15,19161.032337118002,-0.02084181139068634
2021-07-16,18703.27062634926,-0.02389024258792086
2021-07-19,18111.999079293775,-0.03161327015300171
2021-07-20,18964.535350607748,0.04707024705454082
2021-07-21,19487.003393420346,0.02754974130151077
2021-07-22,19697.672720769257,0.010810760541050853
2021-07-23,20311.22578847102,0.03114850553156132
2021-07-26,20327.47162817057,0.0007998453598389894
2021-07-27,19587.616953593668,-0.03639678795820252
2021-07-28,19996.76679423967,0.020888188778417766
2021-07-29,20060.802946511474,0.003202325302421025
2021-07-30,19631.161852480825,-0.021416944036398208
2021-08-02,19665.773637747738,0.0017631042689681593
2021-08-03,19988.458079501263,0.016408428557020707
2021-08-04,20066.935119944843,0.003926117769136905
2021-08-05,20533.97678767026,0.023274190350135678
2021-08-06,20288.807201386557,-0.011939703098861876
2021-08-09,20389.961914773565,0.004985739791548477
2021-08-10,20093.537356487213,-0.014537769100567902
2021-08-11,20000.305688962027,-0.004639883255552604
2021-08-12,20208.35921470107,0.01040251729021656
2021-08-13,20235.849843248237,0.001360359258022755
2021-08-16,20117.470928371353,-0.005849960134804258
2021-08-17,19556.521192975095,-0.027883710501858373
2021-08-18,19035.353366437215,-0.026649311572095432
2021-08-19,19098.085272778742,0.003295547244851105
2021-08-20,19779.49183233822,0.03567931286445307
2021-08-23,20699.829350789674,0.04652988692797258
2021-08-24,21020.7824997359,0.015505110863823618
2021-08-25,21113.737960706967,0.004422074248293884
2021-08-26,20709.607290729873,-0.019140650070072245
2021-08-27,21473.52451697529,0.03688709377832418
2021-08-30,22055.289256895016,0.027092186914161508
2021-08-31,22026.817099641787,-0.00129094463108574
2021-09-01,22244.299411585216,0.00987352421185582
2021-09-02,22339.678101269656,0.004287781238673892
2021-09-03,22481.40482640464,0.0063441704259349484
2021-09-07,22530.28852870439,0.0021744060336628484
2021-09-08,22145.131012628462,-0.017095099141106223
2021-09-09,21978.64083277292,-0.007518139303876943
2021-09-10,21404.914167409508,-0.02610382824528038
2021-09-13,21363.83417115153,-0.0019191852831872435
2021-09-14,21076.420006545904,-0.013453304416382985
2021-09-15,21597.170560722607,0.024707732813018874
2021-09-16,21684.64868312053,0.004050443651957554
2021-09-17,21093.88279170512,-0.027243507609844928
2021-09-20,19706.4667111614,-0.06577338531004376
2021-09-21,19837.362535633518,0.006642277704606407
2021-09-22,20444.84924407335,0.03062336070879446
2021-09-23,21084.958731440714,0.03130908326716664
2021-09-24,21066.215082316678,-0.000888958302587861
2021-09-27,20740.762089133095,-0.01544904919615923
2021-09-28,18981.69792515055,-0.08481193489530404
2021-09-29,18847.96209403971,-0.007045514665663345
2021-09-30,18599.447986477266,-0.013185197758914786
2021-10-01,19055.906040334816,0.02454148392949169
2021-10-04,17835.416528410206,-0.06404783426939926
2021-10-05,18505.11546447019,0.03754882511396442
2021-10-06,18767.258575918524,0.014165980858192923
2021-10-07,19358.10404783171,0.031482779944820426
2021-10-08,19063.245226067316,-0.015231802713521524
2021-10-11,18698.018305126905,-0.019158696046200706
2021-10-12,18619.78638056411,-0.004183968765360762
2021-10-13,19028.314256277386,0.021940524309113883
2021-10-14,20015.013332944312,0.05185425589349914
2021-10-15,20314.717480405503,0.01497396691551956
2021-10-18,20824.88544663272,0.025113219847595722
2021-10-19,21271.38637356768,0.021440738681573566
2021-10-20,21240.46917238981,-0.0014534643222074372
2021-10-21,21636.99856601097,0.018668579794678262
2021-10-22,21101.95262754151,-0.024728288299189164
2021-10-25,21675.64036781433,0.027186476550234685
2021-10-26,21714.42004505588,0.0017890902683148266
2021-10-27,21715.32093655856,4.1488167807981425e-05
2021-10-28,22623.340602429464,0.04181470163502019
2021-10-29,22844.557132691756,0.0097782433704126
2021-11-01,23276.92250453141,0.01892640637891459
2021-11-02,23517.644707319407,0.01034166792200031
2021-11-03,24248.271215566005,0.03106716328694287
2021-11-04,24840.908529458902,0.024440394476966144
2021-11-05,24987.540747449566,0.005902852458748562
2021-11-08,25039.280905437274,0.002070638263710919
2021-11-09,24589.320289086518,-0.01797018924185827
2021-11-10,23364.63614150868,-0.04980553074179085
2021-11-11,23730.98489989111,0.015679626088060037
2021-11-12,24441.646843604627,0.02994658446379007
2021-11-15,24409.94260146031,-0.0012971401782860604
2021-11-16,24964.66344780773,0.022725200767749254
2021-11-17,24719.896688578767,-0.009804528698761765
2021-11-18,25056.304102067723,0.013608771012557757
2021-11-19,25356.227181602637,0.011969964856475558
2021-11-22,24397.28287028005,-0.03781888782012307
2021-11-23,24030.11311382615,-0.015049616730114337
2021-11-24,24350.79715187484,0.013345090658944054
2021-11-26,22721.482108287637,-0.06691013166531015
2021-11-29,24003.73473966173,0.0564334943144574
2021-11-30,22885.633197044186,-0.04658031571937376
2021-12-01,21632.667503250763,-0.05474900707380258
2021-12-02,22174.478523226266,0.025045964391311754
2021-12-03,20895.294511247765,-0.057687219595204495
2021-12-06,21476.71430896045,0.02782539376986104
2021-12-07,23431.184579820972,0.09100415653641589
2021-12-08,23879.973548701197,0.019153490398719355
2021-12-09,22656.84204406128,-0.05121996898972463
2021-12-10,23153.18190956943,0.021906842292624337
2021-12-13,22188.555065560824,-0.041662819727163146
2021-12-14,21430.367389749375,-0.03417021403922975
2021-12-15,22814.36209174064,0.06458100679381094
2021-12-16,21121.18961146201,-0.0742152015239384
2021-12-17,21076.654414335233,-0.0021085553392602924
2021-12-20,20290.956790853717,-0.03727809964693086
2021-12-21,21754.696355511416,0.07213753297811416
2021-12-22,22524.20168928988,0.035371917916175145
2021-12-23,23096.941329301353,0.025427744250923253
2021-12-27,24062.915942515152,0.04182262055575032
2021-12-28,23656.035090410616,-0.016909041825045202
2021-12-29,23586.709743227464,-0.0029305564908997024
2021-12-30,23476.408379428205,-0.004676420111157339
2021-12-31,23044.62865298054,-0.018392069155945545
2022-01-03,23873.283468451686,0.035958696837753816
2022-01-04,22922.09468024709,-0.03984323268567488
2022-01-05,20621.14037566371,-0.10038150250579894
2022-01-06,20541.26148240516,-0.0038736409239916738
2022-01-07,19948.156959387885,-0.028873812035609726
2022-01-10,19973.693940354966,0.001280167436975253
2022-01-11,20817.54061604402,0.04224790257670578
2022-01-12,20960.76480408237,0.0068799763949045235
2022-01-13,19380.18331435715,-0.07540667072498156
2022-01-14,19720.84056953664,0.017577607479446367
2022-01-18,18181.215057716974,-0.07807098822136257
2022-01-19,17553.997627166304,-0.03449810304534335
2022-01-20,16869.41108259465,-0.03899889695280544
2022-01-21,15491.842924667659,-0.08166071424676628
2022-01-24,15781.103943081309,0.018671827478515153
2022-01-25,14701.283072473574,-0.06842492606996262
2022-01-26,14709.953942547147,0.0005898036267193671
2022-01-27,14092.401415126997,-0.04198194840256698
2022-01-28,15414.67151873005,0.09382858638866971
2022-01-31,16988.974607778742,0.1021301743041226
2022-02-01,17368.162909568713,0.02231966970015656
2022-02-02,17627.384453003342,0.014925098571698514
2022-02-03,15650.719073457742,-0.11213605653269886
2022-02-04,16391.657417361097,0.04734212788726889
2022-02-07,16102.616721727516,-0.017633402667837937
2022-02-08,16718.21827484418,0.03822990783144098
2022-02-09,17763.19876879269,0.06250549411242491
2022-02-10,16641.865821277897,-0.06312674660178923
2022-02-11,15252.859390692682,-0.0834645853717475
2022-02-14,15250.391281163753,-0.00016181290771186385
2022-02-15,16407.094606052517,0.07584745227602409
2022-02-16,16351.935139620988,-0.0033619277365038065
2022-02-17,14936.44791567215,-0.08656389668028285
2022-02-18,14384.95093437069,-0.03692290057281948
2022-02-22,13852.292990953214,-0.03702883283006345
2022-02-23,12783.377067061898,-0.07716526964809467
2022-02-24,14065.700758369174,0.10031180998418301
2022-02-25,14757.40683796421,0.0491767947774281
2022-02-28,14939.316675783719,0.012326680413223908
2022-03-01,14225.200542154946,-0.04780112431690652
2022-03-02,14917.069013773285,0.04863681672311469
2022-03-03,14219.863659961473,-0.04673876303502151
2022-03-04,13511.908752259407,-0.0497863358349516
2022-03-07,12041.380815459335,-0.1088319913760649
2022-03-08,11941.239229124712,-0.008316453724813346
2022-03-09,13228.656883147285,0.10781273445075591
2022-03-10,12852.158378048747,-0.028460826251996935
2022-03-11,12011.392452754731,-0.06541826676599535
2022-03-14,11273.335810043882,-0.06144638480624959
2022-03-15,12260.536257918176,0.08756950600147638
2022-03-16,13646.084296143981,0.11300876316327363
2022-03-17,14188.603983605282,0.03975643676879538
2022-03-18,15060.540051609163,0.061453266932489675
2022-03-21,14878.765386029108,-0.012069598099215019
2022-03-22,15750.263888659532,0.05857330766494558
2022-03-23,15126.021583908476,-0.039633767990422175
2022-03-24,16002.99451859419,0.05797776565509232
2022-03-25,15926.148616838704,-0.004801970135414291
2022-03-28,16550.2058972839,0.039184444115093975
2022-03-29,17465.26990750861,0.05529018888972755
2022-03-30,16828.936956884998,-0.03643418933652113
2022-03-31,16053.123573839996,-0.04609996371325189
2022-04-01,16191.308752479476,0.008607993204803047
2022-04-04,17112.681058325983,0.056905363237262356
2022-04-05,15952.000179291597,-0.06782577639812135
2022-04-06,14888.943880619796,-0.06664094074245483
2022-04-07,14915.661030487596,0.0017944288112051654
2022-04-08,14315.250408578868,-0.04025370519492832
2022-04-11,13376.99372535553,-0.06554245692140016
2022-04-12,13255.641196793358,-0.009071733982513206
2022-04-13,14064.13221308084,0.06099222242701175
2022-04-14,13159.029696949377,-0.06435537596053316
2022-04-18,13101.716301383047,-0.004355442375786722
2022-04-19,13948.217654091713,0.06460995897303225
2022-04-20,13435.871599156175,-0.03673200889471647
2022-04-21,12601.178771044655,-0.06212420399759853
2022-04-22,11638.422284604123,-0.07640209729051546
2022-04-25,12087.34650666503,0.03857260125839959
2022-04-26,10653.378853527243,-0.11863378387862791
2022-04-27,10648.350647102077,-0.0004719823160612598
2022-04-28,11626.59472078183,0.09186813114066428
2022-04-29,10171.27562539999,-0.1251715683166065
2022-05-02,10668.318955695897,0.048867354361598135
2022-05-03,10738.742772768015,0.00660121030919489
2022-05-04,11766.850764329125,0.09573820821635205
2022-05-05,10004.306264049814,-0.14978897375178876
2022-05-06,9582.333725363433,-0.042179090438557186
2022-05-09,8347.059762544724,-0.12891159901361685
2022-05-10,8593.255683970472,0.029494927367177695
2022-05-11,7772.760929879008,-0.09548124532381645
2022-05-12,7786.260081928399,0.0017367254919033411
2022-05-13,8677.596086594365,0.11447549854322514
2022-05-16,8363.019759912684,-0.0362515521052721
2022-05-17,9054.81553250666,0.08272081047925185
2022-05-18,7770.728141805223,-0.1418126505273997
2022-05-19,7709.902852840425,-0.007827488988781823
2022-05-20,7640.806296175567,-0.008962052827864475
2022-05-23,8004.643839055994,0.04761768964913264
2022-05-24,7440.557052357475,-0.07046994195372515
2022-05-25,7777.727039070075,0.04531515373647595
2022-05-26,8401.662488863014,0.0802207954404555
2022-05-27,9239.6372275753,0.09973915755638592
2022-05-31,9124.607195563653,-0.012449626449439451
2022-06-01,8927.302596812366,-0.021623352602752725
2022-06-02,9646.932207970547,0.08060997186486495
2022-06-03,8931.870026252656,-0.07412327217631819
2022-06-06,9039.368057355943,0.01203533311471472
2022-06-07,9295.02765150476,0.02828290567732449
2022-06-08,9090.935105303444,-0.021957174723227144
2022-06-09,8341.344349165489,-0.08245474722404096
2022-06-10,7459.205923049458,-0.10575494658775049
2022-06-13,6410.94754247183,-0.14053216808754895
2022-06-14,6444.728848881653,0.0052693156800965035
2022-06-15,6928.006308472727,0.07498802058599201
2022-06-16,6079.376917733074,-0.12249258342934917
2022-06-17,6339.974118641583,0.04286577464022133
2022-06-21,6816.273221855713,0.07512634819969612
2022-06-22,6786.055304389244,-0.004433202203453061
2022-06-23,7115.697026184115,0.04857633883143528
2022-06-24,7828.9471030973045,0.10023615034319118
2022-06-27,7659.988260606719,-0.021581298259601377
2022-06-28,6975.740547749241,-0.0893275145572197
2022-06-29,6968.649338259671,-0.0010165529295463756
2022-06-30,6689.435235433912,-0.040067176474615024
2022-07-01,6869.530229333087,0.026922301743084805
2022-07-05,7228.513391412952,0.05225730873808455
2022-07-06,7304.109276596479,0.010458012746207305
2022-07-07,7804.305715467439,0.0684815108768523
2022-07-08,7832.139396096906,0.003566451859299123
2022-07-11,7300.745686938573,-0.06784783598503744
2022-07-12,7092.729228526934,-0.028492494784990524
2022-07-13,7060.069952339761,-0.0046046134195871806
2022-07-14,7066.604848522462,0.0009256135175453723
2022-07-15,7445.504876146668,0.05361839748311786
2022-07-18,7264.516464910858,-0.024308413498679786
2022-07-19,7941.646176232575,0.09321056874086457
2022-07-20,8316.629433920007,0.047217321115320635
2022-07-21,8655.956701646415,0.04080105653649021
2022-07-22,8170.066675841503,-0.05613360169794899
2022-07-25,8062.613536529092,-0.013152051699913835
2022-07-26,7610.484824513161,-0.056077190103120074
2022-07-27,8537.967218208954,0.12186902872579138
2022-07-28,8814.747262516988,0.03241755762633342
2022-07-29,9310.360192980103,0.05622542719637714
2022-08-01,9260.380813725935,-0.005368146690162662
2022-08-02,9214.620973663892,-0.004941464177608799
2022-08-03,9929.284632389574,0.07755757515889668
2022-08-04,10052.174814481634,0.012376539362280826
2022-08-05,9902.375812545726,-0.01490214851020098
2022-08-08,9870.546834116396,-0.0032142769605860684
2022-08-09,9517.657852285261,-0.03575171545829811
2022-08-10,10342.016627973173,0.08661361739222186
2022-08-11,10160.878498530305,-0.017514778399497565
2022-08-12,10798.016035350549,0.0627049656102474
2022-08-15,10997.571236631704,0.018480728369716273
2022-08-16,10933.076226809362,-0.005864477568239459
2022-08-17,10521.056066607052,-0.03768565696011351
2022-08-18,10587.0685529519,0.006274321315933662
2022-08-19,9949.45786589092,-0.060225423484501786
2022-08-22,9187.994755901978,-0.0765331257494357
2022-08-23,9187.05133179692,-0.00010268008745355143
2022-08-24,9298.522542171317,0.01213351339276709
2022-08-25,9764.331507158437,0.050094943887542466
2022-08-26,8610.81387565062,-0.11813585299333089
2022-08-29,8345.946509777854,-0.030759852633878162
2022-08-30,8065.35320726554,-0.033620309234378566
2022-08-31,7928.751659200205,-0.01693683395567593
2022-09-01,7865.911679164652,-0.007925583085028996
2022-09-02,7556.718938725586,-0.03930793442012084
2022-09-06,7388.064224441313,-0.022318510937329665
2022-09-07,7861.966216798484,0.06414427080769017
2022-09-08,8002.145776890065,0.017830089347377533
2022-09-09,8508.15891730192,0.06323468161167532
2022-09-12,8831.94541774605,0.03805600055091703
2022-09-13,7464.661782732886,-0.15481115092331502
2022-09-14,7630.140683134872,0.02216830517154427
2022-09-15,7303.053481470612,-0.04286778124382836
2022-09-16,7105.620240464085,-0.02703434138986605
2022-09-19,7266.1119538312505,0.02258658750902821
2022-09-20,7058.025105684144,-0.0286379909185665
2022-09-21,6678.094543085337,-0.05382958503403897
2022-09-22,6403.977053420113,-0.041047260995885786
2022-09-23,6058.483675989342,-0.05394981502100427
2022-09-26,5949.084178963258,-0.018057240536877385
2022-09-27,5992.774713420711,0.007344077364369605
2022-09-28,6361.33159778031,0.061500206829771635
2022-09-29,5818.654239583625,-0.08530876748919113
2022-09-30,5555.25297181782,-0.045268417218180174
2022-10-03,5932.540402238374,0.06791543649489185
2022-10-04,6526.339684666916,0.10009190703606487
2022-10-05,6477.4485682380955,-0.007491353314582359
2022-10-06,6345.905228152168,-0.020307894180888585
2022-10-07,5622.022017554089,-0.11407091416788505
2022-10-10,5446.754339047113,-0.031175203149280455
2022-10-11,5266.890803340006,-0.03302214943267908
2022-10-12,5252.918853073866,-0.00265278905294176
2022-10-13,5603.763192730013,0.06679035969703638
2022-10-14,5086.135796109009,-0.09237139022800656
2022-10-17,5609.501749479577,0.10290050725168465
2022-10-18,5761.565505006886,0.027108246385949938
2022-10-19,5613.910074948066,-0.02562765795694003
2022-10-20,5510.148126465984,-0.01848300865115686
2022-10-21,5891.293380729501,0.06917150782804284
2022-10-24,6041.81063492434,0.025549101779107235
2022-10-25,6449.533960464517,0.06748363200649758
2022-10-26,6055.155846520318,-0.06114831185659723
2022-10-27,5759.67281254291,-0.04879858445711371
2022-10-28,6255.414658556768,0.08607118184461361
2022-10-31,6061.51647280527,-0.030996855737815045
2022-11-01,5900.266546889272,-0.026602241640262456
2022-11-02,5305.108959248873,-0.10086961036602264
2022-11-03,5029.907361001139,-0.051874824883275994
2022-11-04,5222.752209679533,0.03833964223150441
2022-11-07,5355.693168730412,0.02545419612373994
2022-11-08,5434.091285291536,0.014638276333464447
2022-11-09,5029.979021472429,-0.07436611617344717
2022-11-10,6138.934050005819,0.22046911603396
2022-11-11,6485.328910723526,0.05642589705249869
2022-11-14,6266.200866566521,-0.03378826998190888
2022-11-15,6538.286557822787,0.043421156941837874
2022-11-16,6236.266834549558,-0.04619248798630206
2022-11-17,6171.294430992212,-0.010418477156460283
2022-11-18,6172.891794606668,0.0002588376931803607
2022-11-21,5970.251947342202,-0.03282737718511681
2022-11-22,6213.561614886211,0.04075366830244476
2022-11-23,6398.345533482504,0.029738808440169757
2022-11-25,6297.58451906303,-0.01574797951942296
2022-11-28,5999.244257306821,-0.04737376066222238
2022-11-29,5891.974160831025,-0.01788060160163431
2022-11-30,6670.997761364702,0.13221775575875913
2022-12-01,6695.966128135606,0.0037428234372239595
2022-12-02,6659.065791694779,-0.005510830809877586
2022-12-05,6272.146166430316,-0.058104190192418914
2022-12-06,5895.1631683515225,-0.06010430689521821
2022-12-07,5804.484100405675,-0.015381943697955995
2022-12-08,6000.433437490124,0.03375826924407515
2022-12-09,5874.515885848703,-0.0209847426778706
2022-12-12,6096.655466861211,0.03781410848639061
2022-12-13,6282.007516973077,0.030402251057052628
2022-12-14,6137.927166371945,-0.02293539926716874
2022-12-15,5543.691157151952,-0.09681379285105432
2022-12-16,5381.766491065748,-0.029208818005184895
2022-12-19,5140.796927808357,-0.04477517998178162
2022-12-20,5142.1847596601465,0.0002699643404083331
2022-12-21,5379.320039308537,0.04611566692599029
2022-12-22,5027.6349514440835,-0.0653772382558707
2022-12-23,5058.747600870939,0.006188327061796685
2022-12-27,4848.909121736091,-0.041480321947416625
2022-12-28,4652.106813377345,-0.040586924485044515
2022-12-29,5013.779035881122,0.07774374858800993
2022-12-30,4996.926022984371,-0.0033613393761755565
2023-01-03,4880.281804527784,-0.02334319498028566
2023-01-04,4980.283179918105,0.02049090183635343
2023-01-05,4759.7729995697055,-0.044276634958742456
2023-01-06,5124.504119009864,0.07662783907407585
2023-01-09,5217.325474319633,0.018113236550135588
2023-01-10,5373.506367293275,0.029935048856427362
2023-01-11,5655.887994842472,0.052550719818247354
2023-01-12,5762.292167342741,0.018812991451969765
2023-01-13,5883.566176717769,0.02104614029506126
2023-01-17,5903.309258558008,0.003355631813638015
2023-01-18,5681.45347277276,-0.037581596367092726
2023-01-19,5517.155193019963,-0.02891835347066793
2023-01-20,5955.317110495988,0.07941808815354087
2023-01-23,6310.212203241878,0.05959297988018182
2023-01-24,6258.4858778159305,-0.00819724024484836
2023-01-25,6222.340840627521,-0.005775364504141485
2023-01-26,6549.274486681815,0.052541905759910676
2023-01-27,6734.235726712067,0.028241485435734417
2023-01-30,6333.1983969719895,-0.059552018375198815
2023-01-31,6649.73915511352,0.049981184592744386
2023-02-01,7047.258143728248,0.05977963636499097
2023-02-02,7733.508887423983,0.097378403018551
2023-02-03,7362.992078539861,-0.04791056870531897
2023-02-06,7137.830505768909,-0.030580173164549047
2023-02-07,7543.829755820549,0.05687992306955243
2023-02-08,7162.255518318706,-0.05058097144987054
2023-02-09,6942.35301642507,-0.030702967986997606
2023-02-10,6814.442412839149,-0.018424675795554277
2023-02-13,7112.502338682573,0.043739444518871594
2023-02-14,7233.4482323864095,0.017004689481232318
2023-02-15,7432.087196903167,0.027461171786284246
2023-02-16,7033.602185335568,-0.05361683750611008
2023-02-17,6909.8864064678855,-0.017589248809894095
2023-02-21,6384.481787301834,-0.07603665071458417
2023-02-22,6407.560432196149,0.0036148031528914068
2023-02-23,6545.2209914398945,0.021484082858125166
2023-02-24,6212.509794922272,-0.05083269105088364
2023-02-27,6325.849875371312,0.018243847364502873
2023-02-28,6305.393573635243,-0.0032337633897560267
2023-03-01,6178.279558989519,-0.020159568655195016
2023-03-02,6312.796065720307,0.021772486247415502
2023-03-03,6684.707835450432,0.058913952844077605
2023-03-06,6657.111831077518,-0.004128228944661666
2023-03-07,6406.7850690316645,-0.03760290774705755
2023-03-08,6481.371272744033,0.01164175212820783
2023-03-09,6080.631628569206,-0.06182945356950128
2023-03-10,5758.262707201834,-0.05301569656888203
2023-03-13,5831.567699002309,0.012730400735067657
2023-03-14,6204.344871126922,0.0639240066077582
2023-03-15,6212.4600623596425,0.0013079851944539497
2023-03-16,6672.625860801018,0.07407142964659846
2023-03-17,6522.780512254167,-0.022456728681152723
2023-03-20,6593.831034478478,0.010892674081372093
2023-03-21,6904.95412911696,0.04718396528689488
2023-03-22,6571.175366827446,-0.04833902674052945
2023-03-23,6767.978868407461,0.029949512924813484
2023-03-24,6829.324025309422,0.00906402902472351
2023-03-27,6728.880867474403,-0.014707628084826065
2023-03-28,6636.763188786314,-0.01368989591320629
2023-03-29,6992.310513650682,0.053572398886419785
2023-03-30,7144.0544935947055,0.021701550531513503
2023-03-31,7514.193316323934,0.0518107501924981
2023-04-03,7448.894045874983,-0.008690123836326379
2023-04-04,7331.383517826371,-0.015775567127805583
2023-04-05,7094.791539119859,-0.03227112292396573
2023-04-06,7254.709127299427,0.022540139100324492
2023-04-10,7241.239028284194,-0.0018567386753721722
2023-04-11,7145.1533462487505,-0.013269232193569956
2023-04-12,6960.751952370534,-0.02580789871711117
2023-04-13,7373.820546951984,0.05934252468812312
2023-04-14,7294.2231725685915,-0.01079459065711807
2023-04-17,7350.774048533201,0.007752830510763731
2023-04-18,7341.18611273814,-0.001304343696562663
2023-04-19,7346.34053065444,0.0007021233132009483
2023-04-20,7167.512021062171,-0.024342529296874034
2023-04-21,7188.786991390035,0.002968250386653876
2023-04-24,7120.604529081428,-0.00948455732382499
2023-04-25,6696.452112535755,-0.05956691104152491
2023-04-26,6788.8064523451685,0.013791532927791091
2023-04-27,7281.7822688382985,0.07261597748494253
2023-04-28,7431.766436712463,0.020597178319380342
2023-05-01,7400.904560553447,-0.004152697265425453
2023-05-02,7158.980402916719,-0.03268845796582424
2023-05-03,7059.156397887765,-0.013943885778522779
2023-05-04,6953.676438871741,-0.014942289569839463
2023-05-05,7420.967068517693,0.06720051382226404
2023-05-08,7454.744125785535,0.004551570833825026
2023-05-09,7311.777941128602,-0.019177879514659827
2023-05-10,7538.545622532253,0.03101402739928508
2023-05-11,7577.288379650734,0.005139288008376699
2023-05-12,7494.75849403634,-0.010891744048706542
2023-05-15,7636.624857382727,0.018928743795983638
2023-05-16,7593.72843542365,-0.005617196439551041
2023-05-17,7882.629487151814,0.03804469098216394
2023-05-18,8236.889973211308,0.044941917749263066
2023-05-19,8174.652762378541,-0.007555911398012991
2023-05-22,8290.57326428608,0.014180480232876628
2023-05-23,7974.707816258596,-0.03809934946093073
2023-05-24,7827.854981499521,-0.018414823231476373
2023-05-25,8228.38692924372,0.051167522736537845
2023-05-26,8766.061367311999,0.06534384475253363
2023-05-30,8842.212722572165,0.00868706618278177
2023-05-31,8672.700203077457,-0.01917082576649404
2023-06-01,9003.881239596507,0.03818661186991483
2023-06-02,9289.932390118654,0.031769760496637316
2023-06-05,9259.351765286812,-0.003291802733071644
2023-06-06,9355.787598856905,0.01041496597328001
2023-06-07,8990.907039205167,-0.03900051767916572
2023-06-08,9263.781509509505,0.030350049123459812
2023-06-09,9304.837716968543,0.00443190584934377
2023-06-12,9725.028723430636,0.04515833797894426
2023-06-13,9964.116222228447,0.024584760168550848
2023-06-14,10078.790231298542,0.011508698464824737
2023-06-15,10423.272451896728,0.03417892551513121
2023-06-16,10209.201060993391,-0.020537829351700558
2023-06-20,10149.519736298107,-0.005845836940493818
2023-06-21,9779.281115737385,-0.03647843742168649
2023-06-22,10055.937801494183,0.02829008415675737
2023-06-23,9747.889778108129,-0.03063344557881829
2023-06-26,9401.129200645082,-0.03557288657918584
2023-06-27,9863.903085714099,0.049225351039453996
2023-06-28,9940.289434322583,0.00774402870189555
2023-06-29,9936.974097180806,-0.00033352521208601405
2023-06-30,10365.777209252603,0.04315228236264119
2023-07-03,10423.35669918529,0.005554768231106809
2023-07-05,10361.484849255612,-0.00593588531173585
2023-07-06,10105.182350736208,-0.024736078105428726
2023-07-07,10062.14793885553,-0.004258647730146261
2023-07-10,10109.59118944643,0.00471502216814907
2023-07-11,10273.853716282669,0.016248186871069006
2023-07-12,10625.854266249034,0.03426178332756412
2023-07-13,11126.251839212731,0.047092455855818685
2023-07-14,11064.8585600662,-0.005517876103627361
2023-07-17,11365.556704640458,0.027175959181213318
2023-07-18,11622.979691442448,0.022649395317071233
2023-07-19,11630.820847762865,0.0006746253136956402
2023-07-20,10911.82381148909,-0.06181825390355575
2023-07-21,10838.200494226696,-0.006747113822061199
2023-07-24,10890.752363968671,0.004848763387424819
2023-07-25,11087.269798427546,0.018044431448927232
2023-07-26,11043.964749989189,-0.0039058351808575124
2023-07-27,10860.32277505713,-0.016628265218995724
2023-07-28,11475.813358160762,0.056673323238350545
2023-07-31,11538.1248120775,0.005429807192919096
2023-08-01,11385.485883247296,-0.013229093229294032
2023-08-02,10640.355276069064,-0.06544565728851535
2023-08-03,10606.427918689393,-0.0031885549400757444
2023-08-04,10449.674681169783,-0.014779079132136223
2023-08-07,10634.05007422619,0.017644127562042602
2023-08-08,10380.578861775692,-0.02383581144354749
2023-08-09,10014.026366084478,-0.03531137334170893
2023-08-10,10046.577801853702,0.003250584188540827
2023-08-11,9876.820717537978,-0.016897005892334976
2023-08-14,10181.258922053736,0.030823502139223385
2023-08-15,9830.401899732253,-0.03446106468832517
2023-08-16,9489.614930324782,-0.03466663651022775
2023-08-17,9154.145199920844,-0.03535124795548025
2023-08-18,9098.01363555006,-0.0061318193173589336
2023-08-21,9516.14712804827,0.04595876740219137
2023-08-22,9531.36826832809,0.0015995066149151753
2023-08-23,9984.601323574147,0.04755173050569353
2023-08-24,9421.019929606258,-0.056445057314130784
2023-08-25,9684.673036327806,0.02798562243701438
2023-08-28,9922.410925355049,0.024547848764276757
2023-08-29,10438.320360935364,0.051994363009295955
2023-08-30,10605.477126111646,0.016013760777246616
2023-08-31,10638.463026150135,0.0031102702543457286
2023-09-01,10628.715240959651,-0.0009162775831925814
2023-09-05,10593.798264853076,-0.0032851549143038906
2023-09-06,10254.68629237328,-0.03201042383493966
2023-09-07,9978.028491526185,-0.026978670332690236
2023-09-08,10003.276126236948,0.0025303229723389557
2023-09-11,10337.067648578679,0.03336822038394507
2023-09-12,10013.100652013596,-0.03134031889688065
2023-09-13,10097.839180018762,0.008462766025239682
2023-09-14,10342.034740831821,0.024182952061294775
2023-09-15,9854.481739567549,-0.047142850849199246
2023-09-18,9851.481328456046,-0.00030447173081216096
2023-09-19,9780.020374845264,-0.007253828254677435
2023-09-20,9329.22618032528,-0.04609337989514323
2023-09-21,8817.579158718234,-0.05484345772279331
2023-09-22,8791.111295693903,-0.0030017153855842003
2023-09-25,8903.553514941505,0.012790444286910516
2023-09-26,8483.35964733663,-0.047193950920800934
2023-09-27,8538.281037990326,0.006474014180329996
2023-09-28,8748.357213338482,0.024604036153581952
2023-09-29,8782.115203953874,0.0038587805449830526
2023-10-02,8952.052888007629,0.019350427557275302
2023-10-03,8448.807508843303,-0.05621563963708073
2023-10-04,8789.40983630097,0.04031365693929721
2023-10-05,8755.060029627353,-0.003908090226006904
2023-10-06,9173.180036786576,0.04775752601858739
2023-10-09,9274.939804544358,0.0110931833180752
2023-10-10,9434.89782137762,0.017246259297002634
2023-10-11,9634.723962279682,0.021179470587301363
2023-10-12,9451.56854144407,-0.019009929246823456
2023-10-13,9100.472921708872,-0.03714680988617763
2023-10-16,9421.236679657935,0.03524693284718114
2023-10-17,9347.662693386694,-0.007809376706361761
2023-10-18,8890.694014540994,-0.04888587594939607
2023-10-19,8631.894524311403,-0.029109031286682064
2023-10-20,8232.391389337177,-0.046282207671681015
2023-10-23,8292.10603960106,0.007253621388947367
2023-10-24,8522.356089274945,0.02776737882683434
2023-10-25,7900.286450812524,-0.0729926832375933
2023-10-26,7481.329124895708,-0.05303065003088921
2023-10-27,7563.98902733274,0.011048825824540021
2023-10-30,7821.412051641463,0.03403270726312742
2023-10-31,7932.836548704251,0.014246084508410884
2023-11-01,8320.239605708455,0.04883537617669463
2023-11-02,8762.968277685239,0.053211048354068036
2023-11-03,9124.89100967991,0.04130138561796495
2023-11-06,9200.554948853141,0.008292037580828674
2023-11-07,9445.551618854442,0.026628466583077194
2023-11-08,9465.194428657742,0.002079583130337276
2023-11-09,9194.652406566536,-0.028582827762321128
2023-11-10,9756.82860893949,0.06114164815751651
2023-11-13,9685.354531653533,-0.007325544001097881
2023-11-14,10372.377972490138,0.0709342583785947
2023-11-15,10390.765570388101,0.001772746610924711
2023-11-16,10409.989505007808,0.0018500980018732135
2023-11-17,10433.615083034294,0.0022695102636866343
2023-11-20,10778.51823417105,0.03305691731886763
2023-11-21,10584.528683682018,-0.01799779397079164
2023-11-22,10729.298654609409,0.01367750754462786
2023-11-24,10690.264063558327,-0.003638130721089916
2023-11-27,10660.41881327251,-0.0027918160027080186
2023-11-28,10749.341934699494,0.00834142851088294
2023-11-29,10694.209904327132,-0.005128874930882329
2023-11-30,10619.02467938675,-0.00703046093287933
2023-12-01,10792.948278170152,0.016378490872237483
2023-12-04,10514.576887763678,-0.025791969277709655
2023-12-05,10610.819799451194,0.009153284313277225
2023-12-06,10422.145200193077,-0.01778134044533244
2023-12-07,10846.814265602083,0.04074679993914665
2023-12-08,10989.386144415304,0.01314412465467884
2023-12-11,11046.723962034757,0.005217563280237682
2023-12-12,11275.775226875305,0.02073476857281395
2023-12-13,11739.874726100035,0.041158988174805934
2023-12-14,11803.021734338641,0.00537884855774629
2023-12-15,11925.77705337092,0.010400329830381116
2023-12-18,12137.588700206054,0.017760825637375435
2023-12-19,12374.148960719385,0.019489889331092098
2023-12-20,11813.758996207536,-0.04528715197228963
2023-12-21,12256.821643126606,0.037503951710992606
2023-12-22,12325.376870174088,0.005593230369467442
2023-12-26,12514.748453686572,0.015364364555110609
2023-12-27,12573.027512492159,0.004656830220859866
2023-12-28,12559.907375793426,-0.0010435145143599936
2023-12-29,12347.730330609973,-0.016893201425384644
2024-01-02,11730.095780763937,-0.05002008736090739
2024-01-03,11313.09670500326,-0.035549503052183934
2024-01-04,11119.727155722348,-0.017092539233346363
2024-01-05,11148.574073842241,0.0025942109654235965
2024-01-08,11876.319682100366,0.06527701241772478
2024-01-09,11906.777826139345,0.002564611331983869
2024-01-10,12172.890431169757,0.022349674186932976
2024-01-11,12171.131286878097,-0.0001445132774017756
2024-01-12,12174.323668518631,0.00026229128297831754
2024-01-16,12092.71593560044,-0.006703266246257272
2024-01-17,11874.26325855727,-0.018064815067726316
2024-01-18,12350.920899717756,0.04014208130487407
2024-01-19,12976.155647042293,0.05062252057163001
2024-01-22,13091.714317578726,0.008905462733315148
2024-01-23,13256.267888480075,0.01256929130208703
2024-01-24,13397.236692585528,0.010634124573474906
2024-01-25,13468.045651025031,0.005285340556735271
2024-01-26,13321.004685450616,-0.010917765604932066
2024-01-29,13757.40442162437,0.032760271952339666
2024-01-30,13441.930630482542,-0.022931199917766095
2024-01-31,12539.21826399488,-0.0671564518002021
2024-02-01,13026.313787366105,0.03884576479299908
2024-02-02,13703.039624797157,0.051950678332913336
2024-02-05,13610.399960477023,-0.006760519334155032
2024-02-06,13636.59337435071,0.00192451463217461
2024-02-07,14020.09808148746,0.028123204719009202
2024-02-08,14115.508278067251,0.006805244587109777
2024-02-09,14640.008530991552,0.037157730532401026
2024-02-12,14496.769361331992,-0.009784090586855598
2024-02-13,13710.323389054545,-0.054249740247311634
2024-02-14,14241.632421324386,0.038752479952005016
2024-02-15,14364.706010944152,0.008641817593570422
2024-02-16,14007.461593698266,-0.0248695947535375
2024-02-20,13607.403609282543,-0.028560348478535388
2024-02-21,13473.616859195854,-0.009831908711476964
2024-02-22,14665.517610204766,0.08846182606086438
2024-02-23,14538.940430643797,-0.008630938431582646
2024-02-26,14471.831030707437,-0.004615838427600545
2024-02-27,14628.642032050058,0.010835602005709329
2024-02-28,14385.307871214005,-0.016634090867965082
2024-02-29,14771.835427299873,0.026869606097158064
2024-03-01,15272.120519943786,0.0338674970423334
2024-03-04,15070.715831985899,-0.013187735632054057
2024-03-05,14319.522673677518,-0.04984455726476231
2024-03-06,14563.716838826806,0.0170532335968273
2024-03-07,15219.128621999205,0.045003057284461565
2024-03-08,14687.062795004598,-0.03496033447181109
2024-03-11,14495.57468414013,-0.01303787649969039
2024-03-12,15160.719701616345,0.04588607433439408
2024-03-13,14911.185051274762,-0.016459287900097458
2024-03-14,14771.26176247027,-0.009383780586408163
2024-03-15,14340.670735737793,-0.02915059211979391
2024-03-18,14680.692827892502,0.023710333946051484
2024-03-19,14850.214071601338,0.011547223669631828
2024-03-20,15404.818609384842,0.03734656854840199
2024-03-21,15492.482359729003,0.005690670728881886
2024-03-22,15565.019400782376,0.004682079951365633
2024-03-25,15427.163606417038,-0.008856769838552742
2024-03-26,15229.008877232956,-0.01284453411135525
2024-03-27,15459.871770161366,0.01515941679392846
2024-03-28,15399.232713692045,-0.003922351839059797
2024-04-01,15432.656665166913,0.0021704946016660245
2024-04-02,14987.20290403584,-0.02886436021974798
2024-04-03,15085.877163937155,0.0065839009809326434
2024-04-04,14447.079787139002,-0.042344065900602676
2024-04-05,14982.024948466897,0.0370279093913574
2024-04-08,14985.713559693924,0.00024620244858190995
2024-04-09,15127.634812258631,0.009470436759609653
2024-04-10,14744.531583641716,-0.025324727452203443
2024-04-11,15484.416339974558,0.050180282237904716
2024-04-12,14725.851644502256,-0.048988911097281235
2024-04-15,13922.4446937797,-0.054557588254836115
2024-04-16,13866.943723017645,-0.003986438587675078
2024-04-17,13386.525141207812,-0.03464487859804247
2024-04-18,13173.501759172532,-0.015913269484664795
2024-04-19,12360.865193743222,-0.06168720969452807
2024-04-22,12762.3085203358,0.03247696017231691
2024-04-23,13366.988257464413,0.04738012219067579
2024-04-24,13404.766984114862,0.0028262706544500116
2024-04-25,13142.91121911621,-0.019534525688433172
2024-04-26,13938.026135856237,0.060497625182428565
2024-04-29,14072.317444249291,0.009634887112715663
2024-04-30,13209.634520035452,-0.06130354347331597
2024-05-01,13073.826952144958,-0.010280948173434246
2024-05-02,13662.358098574517,0.04501598105771187
2024-05-03,14474.896990082969,0.0594728146961123
2024-05-06,14982.44905032377,0.035064295144106
2024-05-07,14932.778365585273,-0.0033152580443732123
2024-05-08,14847.266395751914,-0.005726460792482755
2024-05-09,14962.3631074001,0.007752047318361475
2024-05-10,14943.780610327893,-0.0012419493457565558
2024-05-13,15062.41035813748,0.007938402664155906
2024-05-14,15397.585590230834,0.02225242999785054
2024-05-15,16040.542337861838,0.04175698481188722
2024-05-16,15909.820671556461,-0.008149454273551853
2024-05-17,15870.499258268392,-0.0024715183219109617
2024-05-20,16169.199932529984,0.018821126506525645
2024-05-21,16274.144479495299,0.006490398251195109
2024-05-22,16179.88501102961,-0.00579197687377376
2024-05-23,15986.537419151395,-0.011949874288130768
2024-05-24,16511.95468681292,0.03286623324898931
2024-05-28,16785.349720452803,0.01655739970375696
2024-05-29,16487.312519230287,-0.017755793366602435
2024-05-30,15946.741717819838,-0.03278707798981455
2024-05-31,15936.823286592555,-0.0006219722751387868
2024-06-03,16192.289794515063,0.016029951724283054
2024-06-04,16270.117891250497,0.004806491096879638
2024-06-05,17223.997105234204,0.05862767684656244
2024-06-06,17175.210925367905,-0.002832454021457959
2024-06-07,17050.88558879859,-0.007238649767362603
2024-06-10,17215.302247217947,0.009642704923629841
2024-06-11,17664.61148281428,0.026099410230740805
2024-06-12,18469.527890955826,0.04556660693752804
2024-06-13,18650.893304089856,0.00981971029280303
2024-06-14,18713.699479661038,0.003367462059171793
2024-06-17,19233.15479218309,0.027758023638598157
2024-06-18,19245.128465429727,0.000622553781530526
2024-06-20,18780.81558106018,-0.024126255389960043
2024-06-21,18673.599868624067,-0.005708788948666989
2024-06-24,18049.682702990896,-0.03341172403942827
2024-06-25,18728.544256526056,0.03761071951822557
2024-06-26,19001.319802254842,0.014564695578714655
2024-06-27,19167.864059472246,0.008764878384797397
2024-06-28,18757.05170546711,-0.021432349099018266
2024-07-01,19208.35572530521,0.024060498788653347
2024-07-02,19685.211430663298,0.024825430774893274
2024-07-03,20202.831124687444,0.02629485062161229
2024-07-05,20740.645944762327,0.026620765018309074
2024-07-08,20897.759547918973,0.007575154774594841
2024-07-09,20979.515388021537,0.0039121820650245475
2024-07-10,21719.259428679325,0.03526030163118782
2024-07-11,20441.744466057626,-0.05881945315938332
2024-07-12,20822.439177311502,0.018623396446717073
2024-07-15,21058.307522308132,0.011327603984726093
2024-07-16,21178.73628741301,0.005718824505592295
2024-07-17,19414.421822217366,-0.08330593673071103
2024-07-18,19002.71342641933,-0.021206317631714742
2024-07-19,18537.666117339533,-0.024472679171872586
2024-07-22,19404.004023471458,0.04673392543852001
2024-07-23,19366.062413350992,-0.001955349528611159
2024-07-24,17246.921901502068,-0.10942547156039238
2024-07-25,16763.147347642287,-0.028049906912238607
2024-07-26,17274.51618878208,0.030505538759206616
2024-07-29,17298.201201325275,0.0013710955655345635
2024-07-30,16628.259631303765,-0.03872897315879201
2024-07-31,17938.944292787903,0.0788227205098897
2024-08-01,16695.20514279678,-0.06933179175382966
2024-08-02,15473.403793218527,-0.07318276949147921
2024-08-05,13867.638747160763,-0.1037758121946975
2024-08-06,14292.4107427783,0.030630448583361326
2024-08-07,13840.714700688924,-0.031603908551089646
2024-08-08,15027.33899758317,0.08573432243605032
2024-08-09,15254.308799235649,0.015103791941406347
2024-08-12,15339.241090346604,0.0055677574270169465
2024-08-13,16451.486690002224,0.07250981929970352
2024-08-14,16461.65772299692,0.0006182440034963429
2024-08-15,17611.937073842524,0.06987627675180395
2024-08-16,17719.256630453572,0.0060935691605690364
2024-08-19,18444.62176531309,0.040936544347625524
2024-08-20,18254.76875337259,-0.010293136631163517
2024-08-21,18563.828433587685,0.016930353070508983
2024-08-22,17627.86793660599,-0.05041850609264697
2024-08-23,18399.107628423048,0.043751161206256786
2024-08-26,17915.767868492843,-0.026269739255372307
2024-08-27,17999.354485550342,0.004665533605428066
2024-08-28,17390.221753376536,-0.033841920979044635
2024-08-29,17268.14869244524,-0.007019637970263073
2024-08-30,17846.969445561757,0.03351956040138518
2024-09-03,16083.929103892919,-0.09878653891612268
2024-09-04,15933.44441605168,-0.009356214322333484
2024-09-05,16050.734897112954,0.007361275942514543
2024-09-06,14818.587214228455,-0.07676581108483238
2024-09-09,15323.45513939137,0.03406990949030235
2024-09-10,15704.234293764457,0.02484943186176292
2024-09-11,16723.13231699883,0.06488046498637245
2024-09-12,17221.161334316483,0.0297808453510478
2024-09-13,17552.907100504424,0.019263844043251432
2024-09-16,17266.090908644976,-0.016340096271073218
2024-09-17,17367.519513332394,0.005874439398244506
2024-09-18,17201.278218738633,-0.009571965326778259
2024-09-19,18490.98368898195,0.07497730423535287
2024-09-20,18284.114461938316,-0.011187572847565597
2024-09-23,18349.557999101737,0.003579256589082042
2024-09-24,18651.949887254694,0.0164795189163553
2024-09-25,18671.04295954152,0.001023650202913817
2024-09-26,19001.122805833333,0.017678704237736983
2024-09-27,18774.766244660637,-0.011912799232222456
2024-09-30,18976.818992792338,0.010761931493509848
2024-10-01,18099.372855815214,-0.04623778818306638
2024-10-02,18139.545859536047,0.002219579873891934
2024-10-03,18114.80312223602,-0.0013640218719709084
2024-10-04,18775.5454838206,0.03647527147416346
2024-10-07,18096.893589202096,-0.036145522120958694
2024-10-08,18876.87976164691,0.04310055582744931
2024-10-09,19210.654726624183,0.017681680934124585
2024-10-10,19175.647084373806,-0.001822303442987787
2024-10-11,19362.399394771084,0.009739035641173397
2024-10-14,19853.60452531937,0.02536902170714111
2024-10-15,19246.305361378916,-0.0305888617437686
2024-10-16,19403.760665553793,0.008181066506969002
2024-10-17,19419.552414759313,0.0008138499272234879
2024-10-18,19782.264588197486,0.018677679366209333
2024-10-21,19929.19752018315,0.0074275081768608526
2024-10-22,20030.998037056004,0.0051081091835112275
2024-10-23,19066.680392432132,-0.04814126799073873
2024-10-24,19496.386210423952,0.02253700220214397
2024-10-25,19818.976713875512,0.016546169119233255
2024-10-28,19959.92381417994,0.007111724401277873
2024-10-29,20424.314873852127,0.023266173959154913
2024-10-30,20075.9308534023,-0.01705731734952049
2024-10-31,18411.155618584336,-0.08292393747390463
2024-11-01,18848.397121859638,0.023748726714033535
2024-11-04,18648.287598918687,-0.010616792592345783
2024-11-05,19441.174407112492,0.042517941874715665
2024-11-06,21157.894544637868,0.08830331447967057
2024-11-07,22108.791762759894,0.044942903752349925
2024-11-08,22162.820401811292,0.0024437626276078792
2024-11-11,22187.315988961884,0.0011052558612346362
2024-11-12,22121.833426870075,-0.0029513512190653623
2024-11-13,21941.839220609498,-0.008136495867559965
2024-11-14,21514.99910586424,-0.01945325140949597
2024-11-15,20065.379649869843,-0.06737715622768872
2024-11-18,20410.083894762047,0.0171790542171197
2024-11-19,21042.453927759576,0.030983215760314205
2024-11-20,20966.22028447027,-0.003622849480912337
2024-11-21,20981.748222795202,0.0007406169597689198
2024-11-22,21080.05796508087,0.0046854886085641615
2024-11-25,21234.42475138326,0.0073228824397968415
2024-11-26,21632.710602993964,0.018756611317420308
2024-11-27,21237.697085709613,-0.018260010247152292
2024-11-29,21754.06944277388,0.024313952448814548
2024-12-02,22368.458387116247,0.02824248336425377
2024-12-03,22628.958680533433,0.01164587603262051
2024-12-04,23509.108022670098,0.03889482298157235
2024-12-05,23380.231362598253,-0.005481988510477241
2024-12-06,23940.58992089563,0.02396719474700278
2024-12-09,23477.3261696819,-0.019350557055796986
2024-12-10,23294.926358050558,-0.007769190167272473
2024-12-11,24523.10954691689,0.05272320547353359
2024-12-12,24032.016174508284,-0.02002573823148567
2024-12-13,24112.44542230716,0.0033467540640300963
2024-12-16,24991.432007512052,0.03645364747582658
2024-12-17,24744.181490289535,-0.009893411355867764
2024-12-18,22093.449782569412,-0.10712545528169358
2024-12-19,22019.783465675027,-0.003334305761181045
2024-12-20,22695.62013792697,0.030692248781894405
2024-12-23,23347.328244338452,0.028715148669694452
2024-12-24,24284.917720383273,0.04015831988279776
2024-12-26,24233.47124262829,-0.002118453862901257
2024-12-27,23144.013774656054,-0.04495672357725654
2024-12-30,22298.260863304484,-0.03654305253990621
2024-12-31,21688.481806393476,-0.0273464850307901
2025-01-02,21577.32573659052,-0.005125119904436518
2025-01-03,22717.236341049156,0.05282909561519905
2025-01-06,23547.853631921043,0.03656330719115657
2025-01-07,22208.230096555842,-0.056889411506670456
2025-01-08,22166.60745199936,-0.001874199086353028
2025-01-10,21074.144518821573,-0.04928417375295072
2025-01-13,20818.148221445124,-0.012147411115445931
2025-01-14,20670.724381184027,-0.007081505938613414
2025-01-15,22186.46696936316,0.0733279860070539
2025-01-16,21591.81150227122,-0.026802621071353446
2025-01-17,22565.018971875266,0.045072988410522055
2025-01-21,22982.416762054898,0.018497559904552704
2025-01-22,23858.9339191507,0.03813859813659689
2025-01-23,24012.492752348604,0.006436114610915081
2025-01-24,23650.41131484167,-0.015078877534341813
2025-01-27,21457.633929838743,-0.09271624733337558
2025-01-28,22756.933563332226,0.06055185943342489
2025-01-29,22401.757963274726,-0.015607357602422585
2025-01-30,22566.22226523248,0.007341580166493183
2025-01-31,22374.634855105134,-0.008490008113698462
2025-02-03,21555.10097737069,-0.036627810153847175
2025-02-04,22424.413095527616,0.04032976319941907
2025-02-05,22550.79434803169,0.0056358778250156895
2025-02-06,22888.397331388573,0.01497078010408737
2025-02-07,21951.71930669699,-0.04092370519132181
2025-02-10,22581.603644260893,0.028694077614765178
2025-02-11,22334.86903586068,-0.01092635457991136
2025-02-12,22350.911743127283,0.0007182807851187128
2025-02-13,23355.179456303144,0.04493184549774183
2025-02-14,23635.228751293915,0.011990886026576554
2025-02-18,23666.509299902205,0.0013234713713773246
2025-02-19,23714.601778499546,0.0020320900724273977
2025-02-20,23376.53158370608,-0.014255782068411955
2025-02-21,21831.61727817246,-0.06608826035640203
2025-02-24,21022.409372229056,-0.03706587082545005
2025-02-25,20166.037641038994,-0.0407361361881451
2025-02-26,20317.15854480294,0.007493832276520568
2025-02-27,18616.654433220127,-0.08369792989668798
2025-02-28,19524.83089387119,0.04878301114245757
2025-03-03,17967.545481208756,-0.07975922665487781
2025-03-04,17772.718383922387,-0.010843278370444364
2025-03-05,18549.16851495462,0.04368775300770135
2025-03-06,17095.10858555611,-0.07838949375149763
2025-03-07,17451.834135877372,0.02086711228161871
2025-03-10,15346.37883183482,-0.12064378377938911
2025-03-11,15258.210409321877,-0.0057452265110283516
2025-03-12,15812.457058028232,0.036324485889101664
2025-03-13,14880.598102187218,-0.05893195171511278
2025-03-14,16041.23382004097,0.07799657714585806
2025-03-17,16178.957940911196,0.008585631405619262
2025-03-18,15345.518534345754,-0.05151378782300619
2025-03-19,15991.02089418044,0.04206455183576539
2025-03-20,15827.749227753855,-0.0102102090608863
2025-03-21,16072.446814354638,0.015460036868142112
2025-03-24,17159.051999010127,0.06760670588656244
2025-03-25,17391.087918521516,0.013522653787911834
2025-03-26,16322.773118681256,-0.061428865453696205
2025-03-27,16059.468881706616,-0.016131097029909128
2025-03-28,14754.354601580424,-0.08126758672653557
2025-03-31,14684.423169479482,-0.004739714747905766
2025-04-01,15064.821653213947,0.02590489795507221
2025-04-02,15453.129114797237,0.02577577554663234
2025-04-03,12683.10361161809,-0.1792533720906203
2025-04-04,10466.925898097315,-0.1747346533927777
2025-04-07,10491.439311563778,0.002341987867795977
2025-04-08,9812.761831425794,-0.0646886914162424
2025-04-09,13391.308821817427,0.36468295591677163
2025-04-10,11657.97641920103,-0.1294371166911193
2025-04-11,12375.05573437954,0.06150975858875994
2025-04-14,12604.757681475692,0.01856168990479853
2025-04-15,12583.418658705223,-0.0016929339944257477
2025-04-16,11422.856047620498,-0.09222951588611768
2025-04-17,11376.916020091145,-0.004021763676074963
2025-04-21,10496.42975884495,-0.0773923495340296
2025-04-22,11346.413025804752,0.08097832181876428
2025-04-23,12195.24059511036,0.07481021247641423
2025-04-24,13195.521450009772,0.08202223212393793
2025-04-25,13692.919469973418,0.037694457308716484
2025-04-28,13644.494970198226,-0.0035364627595583283
2025-04-29,13865.976470323578,0.016232297392399144
2025-04-30,13827.353217039094,-0.002785469409034858
2025-05-01,14453.087168342505,0.045253342522004435
2025-05-02,15103.66860430015,0.04501331987969002
2025-05-05,14757.624887993814,-0.022911236029623496
2025-05-06,14370.975132622938,-0.026199998868750022
2025-05-07,14486.13497492495,0.00801336313223394
2025-05-08,14948.517156756745,0.03191894750616124
2025-05-09,14947.30244394778,-8.125975280542359e-05
2025-05-12,16887.208173185987,0.1297829984047511
2025-05-13,17700.73467109034,0.048174126212057675
2025-05-14,18078.92359620125,0.021365719114957715
2025-05-15,17977.395720654724,-0.005615814183088927
2025-05-16,18252.3312455081,0.015293401175871918
2025-05-19,18253.16198054548,4.551391415203354e-05
2025-05-20,18041.976132133517,-0.011569822731921522
2025-05-21,17274.53344950594,-0.042536509138859306
2025-05-22,17416.658292414617,0.008227420052999557
2025-05-23,16892.505560241847,-0.030094908183451622
2025-05-27,18127.60666134612,0.07311532896642649
2025-05-28,17845.55329655214,-0.015559327277075404
2025-05-29,18051.789893567922,0.011556749941489695
2025-05-30,17872.58768541135,-0.009927115771518303
2025-06-02,18222.653195502608,0.0195867278008659
2025-06-03,18662.98193665722,0.024163810638907702
2025-06-04,18836.616306239946,0.009303677738747683
2025-06-05,18362.091339562397,-0.02519162459769132
2025-06-06,19019.005537547622,0.035775565312098134
2025-06-09,19185.98153074581,0.008779428181380982
2025-06-10,19545.48874251698,0.0187380151072832
2025-06-11,19246.57570211846,-0.015293198565472418
2025-06-12,19379.667659512947,0.006915098012985119
2025-06-13,18619.644728192463,-0.03921754204837517
2025-06-16,19455.1327052659,0.04487131678771518
2025-06-17,18917.401829508173,-0.027639537797250646
2025-06-18,18986.599418050773,0.003657880144759815
2025-06-20,18690.469431812824,-0.015596789067789227
2025-06-23,19207.840775903667,0.027681024598035734
2025-06-24,20030.246549025993,0.0428161490256645
2025-06-25,20210.146719490946,0.008981425666660055
2025-06-26,20795.85347310998,0.028980826401134762
2025-06-27,21117.958452775223,0.015488904078004783
2025-06-30,21405.38180403792,0.013610375828015933
2025-07-01,20874.880773053294,-0.0247835350867019
2025-07-02,21460.163225730368,0.028037642899144115
2025-07-03,22112.17332426651,0.030382345729523412
2025-07-07,21486.205035056726,-0.028308763685513792
2025-07-08,21500.411989094297,0.0006612128114011583
2025-07-09,22105.160118465807,0.028127280987836845
2025-07-10,22162.639357752407,0.002600263421687854
2025-07-11,22012.502025167578,-0.006774343531981523
2025-07-14,22174.312620771605,0.0073508497770505615
2025-07-15,22290.380801303916,0.005234353033499841
2025-07-16,22456.057387608787,0.007432649436620672
2025-07-17,22955.527313798513,0.022242102323150135
2025-07-18,22983.671903653234,0.001226048501086034
2025-07-21,23228.134883537157,0.01063637615907083
2025-07-22,22952.473924672704,-0.01186754598449606
2025-07-23,23367.296101156346,0.01807309215751807
2025-07-24,23488.87747546973,0.00520305703266064
2025-07-25,23652.423560560754,0.0069627033161469305
2025-07-28,23873.580663545785,0.009350293529911133
2025-07-29,23597.003689727517,-0.01158506458315216
2025-07-30,23697.29548987097,0.004250192162622272
2025-07-31,23667.984787268786,-0.001236879652140551
2025-08-01,22075.249928086167,-0.06729490801596959
2025-08-04,23355.104029697966,0.057976879345925346
2025-08-05,22894.128549201814,-0.019737676180332262
2025-08-06,23719.61364041268,0.036056628643314124
2025-08-07,23960.91350882955,0.01017301006985001
2025-08-08,24657.38497869646,0.02906698317700884
2025-08-11,24418.87171986574,-0.00967309627670544
2025-08-12,25429.373879998202,0.04138201681572282
2025-08-13,25533.90687993963,0.004110718590033814
2025-08-14,25519.78538265787,-0.0005530488282956739
2025-08-15,25205.155412597534,-0.01232886426521993
2025-08-18,25212.88610723214,0.0003067108497471501
2025-08-19,24106.630383896114,-0.04387660018892907
2025-08-20,23619.425252435336,-0.020210420274508617
2025-08-21,23371.623229303204,-0.010491450172208596
2025-08-22,24683.285203656775,0.05612198868194221
2025-08-25,24504.873569036918,-0.0072280344025448
2025-08-26,24825.215366076718,0.013072574977271755
2025-08-27,24978.52428718376,0.006175532370870666
2025-08-28,25372.448474138582,0.01577051480006525
2025-08-29,24491.72328924948,-0.034711872044465894
2025-09-02,23868.532501637274,-0.025444954618026074
2025-09-03,24597.380440666195,0.030535934246436084
2025-09-04,25312.870442069456,0.02908805688187684
2025-09-05,25281.97254256508,-0.0012206398944399337
2025-09-08,25609.517120045908,0.012955657511666517
2025-09-09,25888.83428735989,0.010906772119312753
2025-09-10,25906.67332116543,0.0006890628449135086
2025-09-11,26458.748096886808,0.021310137696079274
2025-09-12,26806.14688787977,0.01312982722088188
2025-09-15,27543.31903749223,0.02750011602546898
2025-09-16,27482.802874217286,-0.0021971267584915593
2025-09-17,27208.86045878121,-0.009967775728329036
2025-09-18,27970.91417920943,0.028007557375754718
2025-09-19,28565.28131493828,0.021249471215732948
2025-09-22,29143.518472185122,0.020242655791541282
2025-09-23,28310.536326643738,-0.028582072076725844
2025-09-24,28020.061663311782,-0.010260302382847595
2025-09-25,27591.320647612065,-0.015301215994863124
2025-09-26,27952.926914369982,0.013105797702699316
2025-09-29,28334.54324627545,0.013652106381363901
2025-09-30,28587.64177997328,0.008932507981440624
2025-10-01,28941.708328228444,0.012385300997552017
2025-10-02,29274.74980917254,0.011507319373378481
2025-10-03,29024.269616374208,-0.0085561856012806
2025-10-06,29621.82310719604,0.020588062980393288
2025-10-07,29021.69740313275,-0.02025958030643629
2025-10-08,29989.879277996482,0.03336062193106666
2025-10-09,29910.32125753804,-0.002652828966764614
2025-10-10,26707.52562307951,-0.10707994765022308
2025-10-13,28459.325174816044,0.06559198244193395
2025-10-14,27802.804118792883,-0.02306874994366079
2025-10-15,28346.436712590265,0.01955315699361135
2025-10-16,27937.032724852692,-0.014442873080965972
2025-10-17,28367.323169304575,0.015402152715706984
2025-10-20,29514.65089343497,0.04044539970454041
2025-10-21,29366.402046045223,-0.005022890086859295
2025-10-22,28541.62447918192,-0.028085754787736367
2025-10-23,29293.915274438783,0.02635767266174973
2025-10-24,30295.437495130434,0.034188745727873365
2025-10-27,31970.511007360776,0.05529127983378975
2025-10-28,32734.807403771632,0.02390629277820705
2025-10-29,33267.70569305057,0.016279255371990934
2025-10-30,31688.827381590898,-0.047459789563711635
2025-10-31,32261.92123564974,0.01808504452240393
2025-11-03,32689.18881269198,0.013243711492609672
2025-11-04,30682.297642636466,-0.061393116285477056
2025-11-05,31271.71487158348,0.019210335412689412
2025-11-06,29485.34379996196,-0.05712418007637925
2025-11-07,29289.364284596424,-0.006646675605857689
2025-11-10,31266.991962222455,0.06752033463102801
2025-11-11,31025.66015432092,-0.0077184210170622705
2025-11-12,30773.8275879213,-0.008116912424973864
2025-11-13,28652.785192635696,-0.06892358089762321
2025-11-14,28760.33667935434,0.0037536136887063665
2025-11-17,28016.719382979987,-0.025855653383507128
2025-11-18,26992.104755849392,-0.03657154191125757
2025-11-19,27460.63340011327,0.017357988511894126
2025-11-20,25679.7768153024,-0.06485125666487815
2025-11-21,26354.877627642127,0.026289200922394184
2025-11-24,28464.205651184657,0.08003558405181802
2025-11-25,29031.568190883063,0.019932491587896863
2025-11-26,29740.69398194247,0.02442602433312906
2025-11-28,30308.442184647694,0.019089944674792806
2025-12-01,29939.854657025655,-0.012161216514412007
2025-12-02,30465.078133177052,0.01754261943379711
2025-12-03,30616.4056382363,0.004967244935257623
2025-12-04,30809.840001497276,0.0063179971400494995
2025-12-05,31090.33444636603,0.009104053927418075
2025-12-08,30943.08513230445,-0.00473617658618616
2025-12-09,31057.132463723843,0.003685713009279999
2025-12-10,31357.49747432888,0.009671369723392149
2025-12-11,31111.043717499862,-0.007859484227999352
2025-12-12,29527.307972128307,-0.05090590208906133
2025-12-15,28982.44513517888,-0.01845284498890782
2025-12-16,29180.12470114663,0.006820665580344971
2025-12-17,27590.136183963805,-0.05448874990998054
2025-12-18,28726.05857098082,0.041171322223383745
2025-12-19,29848.44712234786,0.039072138928968256
2025-12-22,30295.1587749265,0.014965993063142632
2025-12-23,30804.717271349757,0.01681979950027477
2025-12-24,31000.068845039877,0.006341612291693162
2025-12-26,30907.34201737184,-0.0029911813464528394
2025-12-29,30421.01201721615,-0.01573509620731346
2025-12-30,30199.692000131923,-0.007275235188065983
2025-12-31,29508.20573576755,-0.02289712969130125
2026-01-02,29471.240546588975,-0.0012527088061395442
2026-01-05,30061.327296740634,0.020022460514304802
2026-01-06,30638.12339068211,0.0191873129302583
2026-01-07,30776.199689931305,0.004506682654433911
2026-01-08,30361.30705269049,-0.013480957409324095
2026-01-09,31096.836755555836,0.024225890591234353
2026-01-12,31322.82693806491,0.007267304526358181
2026-01-13,31220.79510093474,-0.003257427477153246
2026-01-14,30273.268176207006,-0.030349224664664838
2026-01-15,30492.073564035927,0.007227676462130063
2026-01-16,30428.489150979654,-0.0020852767825953
2026-01-20,28223.668798071325,-0.07245908076370407
2026-01-21,29215.24594355412,0.03513282247524649
2026-01-22,30005.844350241925,0.027061158691434523
2026-01-23,30249.752472889904,0.008128687191767351
2026-01-26,30616.39768971698,0.012120602215031927
2026-01-27,31449.25543247025,0.02720299596294425
2026-01-28,31602.176894636403,0.004862482753987957
2026-01-29,30910.406489547328,-0.021889960536436423
2026-01-30,30029.349227499362,-0.02850358057717241
2026-02-02,30509.813796300907,0.015999832868890933
2026-02-03,29195.96550604434,-0.043063136964010665
2026-02-04,27869.01169067069,-0.045449903518311005
2026-02-05,26534.232495523887,-0.04789474452707732
2026-02-06,28261.03263893715,0.06507820204351338
2026-02-09,29006.08758310446,0.026363330515417883
2026-02-10,28489.69911406256,-0.017802761836197653
2026-02-11,28350.24702792117,-0.004894824813104399
2026-02-12,26613.53219325442,-0.06125924874503984
2026-02-13,26429.32050679277,-0.006921730085431552
2026-02-17,26517.57457145755,0.0033392483413297084
2026-02-18,27129.217017831746,0.023065550159045954
2026-02-19,26869.645782109805,-0.0095679589850061
2026-02-20,27586.35564893355,0.026673588205652514
2026-02-23,26632.293501886314,-0.03458456634100996
2026-02-24,27461.198004253136,0.031124037526400646
2026-02-25,28494.33433329951,0.03762167728029803
2026-02-26,27477.499880203322,-0.03568549597271615
2026-02-27,26714.196735492762,-0.02777920655221242
2026-03-02,26981.700358668513,0.010013537963518265
2026-03-03,26149.655994243174,-0.030837358408289717
2026-03-04,27157.02602004269,0.03852326110987017
2026-03-05,26942.11811755389,-0.007913528614296445
2026-03-06,25652.469240579572,-0.047867390059954475
2026-03-09,26695.213399799533,0.04064888059861501
2026-03-10,26693.398378879312,-6.799050050808839e-05
2026-03-11,26754.667717796376,0.0022952993113660963
2026-03-12,25320.778907218213,-0.053593968189123944
2026-03-13,24611.759425747186,-0.028001487792656543
2026-03-16,25493.415518067963,0.03582255445738043
2026-03-17,25847.918218752846,0.01390565734252588
2026-03-18,24713.856769190657,-0.043874382453725755
2026-03-19,24501.816598555575,-0.008579808996037394
2026-03-20,23022.10399821827,-0.060391954791814764
2026-03-23,23961.34212678014,0.04079723246122752
2026-03-24,23350.550729853258,-0.025490700549876018
2026-03-25,23886.013458646663,0.022931481787657554
2026-03-26,22175.88519347806,-0.07159538229890519
2026-03-27,20742.382641601307,-0.0646424049984867
2026-03-30,20272.067082186088,-0.022674133803314598
2026-03-31,22595.567126240778,0.11461584231321172
2026-04-01,23376.509578250745,0.03456175486310493
2026-04-02,23494.120192469334,0.005031145211174363
2026-04-06,23850.86871461561,0.015184587429693414
2026-04-07,23915.59209851924,0.002713669874169757
2026-04-08,25921.359128838572,0.08386859175623435
2026-04-09,26559.550548839754,0.024620291583830122
2026-04-10,26834.647904427613,0.010357756434243323
2026-04-13,27804.128286119216,0.03612793374984583
2026-04-14,29436.271439534496,0.05870146823592744
2026-04-15,30837.9350519362,0.04761688705313388
2026-04-16,31165.05685016143,0.01060777246188173
2026-04-17,32577.073256642558,0.04530767947159432
2026-04-20,32299.58616131648,-0.008517864485247977
2026-04-21,31719.014261699605,-0.017974592513887902
2026-04-22,33271.61786607459,0.04894867134158515
2026-04-23,32377.49377468996,-0.026873478019123504
2026-04-24,33952.64626732074,0.0486496114736991
2026-04-27,34137.344206461865,0.0054398687420983555
2026-04-28,33210.9399900731,-0.02713755969960332
2026-04-29,33241.76776456605,0.000928241552396913
2026-04-30,34119.90059703771,0.02641655036792894
2026-05-01,35025.81529388332,0.026550918408134568
2026-05-04,34807.55904201752,-0.0062312968316234904
2026-05-05,35876.003397632754,0.030695756468457756
2026-05-06,38047.390334180716,0.060524772296438226
2026-05-07,37894.39266436364,-0.004021239524531342
2026-05-08,39828.24961551799,0.051032799714797336
2026-05-11,39925.102857429585,0.002431772494311665
2026-05-12,39068.724262277305,-0.021449627774544802
2026-05-13,40471.46250895395,0.03590437807131187
2026-05-14,41533.48593105573,0.02624129093103123
2026-05-15,39605.98048865454,-0.04640846775059508
2026-05-18,38970.87069380423,-0.016035704381368393
2026-05-19,37976.38705258443,-0.025518640551644253
2026-05-20,39728.00672268678,0.04612391557092962
2026-05-21,39822.43395665351,0.002376842981976413
2026-05-22,40044.8097698405,0.005584184367762184
2026-05-26,41433.3181692792,0.03467386678621321
2026-05-27,41510.703011329126,0.001867695986446588
2026-05-28,42634.8126481286,0.027079995163962478
2026-05-29,42887.490669827595,0.005926565780513304
2026-06-01,43403.88424250586,0.012040657184952999
2026-06-02,43428.41842018775,0.0005652530438246672
2026-06-03,42265.17132797149,-0.026785389257360716
2026-06-04,42147.180247828874,-0.002791685835768155
2026-06-05,36852.67091839535,-0.12561953844364857
2026-06-08,37775.40109099364,0.025038352705602524
2026-06-09,36670.78824391203,-0.029241591490208524
2026-06-10,34480.70850618678,-0.05972273415990295
2026-06-11,37104.06540201535,0.07608187329903254
2026-06-12,37437.39091528492,0.008983530771036925
2026-06-15,40862.02212853239,0.0914762254933012
2026-06-16,39439.91755310253,-0.03480259912141894
2026-06-17,37840.20691767347,-0.040560699278216795
2026-06-18,39996.88147884207,0.0569942591979144
2026-06-22,38371.95557124799,-0.04062631504042756
2026-06-23,35813.83010949903,-0.06666653871729583
2026-06-24,35342.37495442636,-0.01316405292679436
2026-06-25,34843.34796692635,-0.014119792123294226
2026-06-26,34584.318314173615,-0.007434120653348319
2026-06-29,36704.5003468867,0.06130472237309286
2026-06-30,38374.900831365645,0.04550941897294148
2026-07-01,37603.65133547599,-0.020097758669887635
2026-07-02,36697.05086425043,-0.024109373399339468
2026-07-06,37894.21599441806,0.03262292478477853
2026-07-07,36569.49092367506,-0.03495850319051694
2026-07-08,36782.23345430954,0.005817486797355261
2026-07-09,38208.31385301192,0.03877090281844461
2026-07-10,38526.72191272753,0.008333475822579615
2026-07-13,36705.117896947195,-0.04728157303148479
2026-07-14,37692.215113703314,0.026892631690422067
2026-07-15,38386.54229169566,0.018420970375389735
2026-07-16,36680.33069066952,-0.044448171134060514
2026-07-17,35134.396705438565,-0.04214612998634173
2026-07-20,35060.943710498344,-0.002090629179036156
2026-07-21,36410.44302178316,0.03849010233232065
2026-07-22,35783.88158216521,-0.01720828937025294
2026-07-23,33464.3733587342,-0.06481991670202322
2026-07-24,32810.546292829866,-0.01953800416028668
2026-07-27,32616.508608324195,-0.005913881554239015
2026-07-28,32392.810394288645,-0.006858435301026054
2026-07-29,30690.43630334366,-0.052554072037081914
2026-07-30,33242.23570536156,0.08314640355047327
2026-07-31,34233.96868974136,0.02983352242520334
2026-08-03,36397.25321162652,0.06319116960965754
2026-08-04,39216.975257392354,0.07747073740347846
2026-08-05,38227.88589374254,-0.025220949784070208
2026-08-06,38153.83271702703,-0.0019371507208467654
2026-08-07,39632.31516673455,0.03875056172397898
2026-08-10,39226.355736961894,-0.010243141942749747
2026-08-11,38510.42261193806,-0.018251329025429443
2026-08-12,39126.843922635715,0.016006609870507126
2026-08-13,40065.36837708369,0.0239867150108935
2026-08-14,39725.28972158947,-0.00848809506238649
2026-08-17,39323.430083290266,-0.010115964946148701
2026-08-18,37742.13157888716,-0.04021262898617418
2026-08-19,37912.046640008986,0.004501999596039784
2026-08-20,36763.7136063074,-0.030289397051166726
2026-08-21,37234.917374036624,0.012817088414277708
2026-08-24,36355.88819733925,-0.02360765750779708
2026-08-25,37066.228300859795,0.019538516007773687
2026-08-26,36968.35382181667,-0.002640529763338558
2026-08-27,38705.27501324008,0.04698400150017962
2026-08-28,38088.954614014634,-0.015923421265308692
2026-08-31,37927.357419597894,-0.004242626138058425
2026-09-01,36749.216119538825,-0.03106310010014819
2026-09-02,37239.826773417015,0.013350234526971079
2026-09-03,38792.21416929299,0.041686214206133713
2026-09-04,38446.2916939877,-0.00891731711409014
2026-09-08,38040.07790122407,-0.010565747042572743
2026-09-09,37305.77554463517,-0.019303387298406825
2026-09-10,36565.956540159365,-0.019831218991564384
2026-09-11,37614.94617444022,0.028687602719452518
2026-09-14,36961.76753821239,-0.017364869623864278
2026-09-15,36086.24918699968,-0.023687134288357985
2026-09-16,36065.18494473638,-0.0005837193595307892
2026-09-17,37889.27351616067,0.050577546579045354
2026-09-18,38329.48567399756,0.011618384756021395
2026-09-21,40903.49256099719,0.06715474631964131
2026-09-22,41447.327046563856,0.013295551345784787
2026-09-23,40031.41160175026,-0.03416180356390383
2026-09-24,40037.451483892764,0.0001508785701236828
2026-09-25,40605.36545627077,0.014184568481000356
