NASDAQ 100 1x, 1986-2026
Date,Close,Daily Return
1986-01-02,131.25,0.0
1986-01-03,130.55010787671233,-0.005332511415525027
1986-01-06,130.35042961582292,-0.0015295143308343775
1986-01-07,132.79054479506956,0.01871965582651553
1986-01-08,131.16064725061233,-0.012274198791582515
1986-01-09,128.80074340771566,-0.017992468719581114
1986-01-10,129.56085365790764,0.005901443035820571
1986-01-13,129.09117002624316,-0.0036251971054824038
1986-01-14,129.18127694430294,0.0006980099261745018
1986-01-15,131.531406350445,0.018192492455043043
1986-01-16,133.06153081757878,0.0116331491435362
1986-01-17,132.77163684685277,-0.0021786459914056094
1986-01-20,131.6019498046973,-0.008809765925418574
1986-01-21,131.09205041444946,-0.003874558021401438
1986-01-22,129.62213516866922,-0.011212848079903267
1986-01-23,129.27223594202675,-0.002699378668521007
1986-01-24,130.2023582790934,0.007195066522124598
1986-01-27,130.79269001252237,0.004533955768785666
1986-01-28,131.9928221942644,0.009175835298036197
1986-01-29,133.0629535601265,0.008107496665895143
1986-01-30,132.1930436153691,-0.00653758180983348
1986-01-31,132.93316930535335,0.005598824792458413
1986-02-03,134.24352831867543,0.009857276556102777
1986-02-04,134.60364811794,0.00268258592257569
1986-02-05,135.72378910688593,0.00832177288363292
1986-02-06,136.64392634575987,0.006779483868883871
1986-02-07,137.42406106910983,0.005709252831157174
1986-02-10,138.13442090505094,0.005169108163554245
1986-02-11,138.2645386008926,0.0009419643198931787
1986-02-12,138.66466537360517,0.0028939218744117616
1986-02-13,139.1647961676324,0.003606764511202133
1986-02-14,140.16494501478766,0.007186794898549812
1986-02-18,140.7454262941487,0.0041414155251142445
1986-02-19,139.64549956432506,-0.007815008691826731
1986-02-20,139.94562615661056,0.002149203470372036
1986-02-21,141.15578982732941,0.008647384730442263
1986-02-24,140.206098914682,-0.006727962868608762
1986-02-25,139.40617935134654,-0.005705312176342872
1986-02-26,138.88627088110292,-0.0037294506790354694
1986-02-27,140.53645953703798,0.011881582286471855
1986-02-28,140.436570449903,-0.0007107699131175214
1986-03-03,139.7468844480832,-0.004911014272210874
1986-03-04,140.5470387214349,0.005725739622116097
1986-03-05,140.2571397153621,-0.0020626475570743198
1986-03-06,140.80728299408673,0.003922390545259281
1986-03-07,140.53738476013137,-0.0019167917185554896
1986-03-10,142.44783165992732,0.01359386972410705
1986-03-11,145.34810818862243,0.02036027151061927
1986-03-12,146.62829906111486,0.008807757379484298
1986-03-13,147.01844165250685,0.002660759170570369
1986-03-14,147.00856191535917,-6.72006656894402e-05
1986-03-17,146.3788877083012,-0.004283248532289598
1986-03-18,147.6390845279651,0.008609143295139577
1986-03-19,147.47919602943225,-0.0010829686396665258
1986-03-20,147.8093378235628,0.002238565187625894
1986-03-21,148.0094719464456,0.0013540018907445427
1986-03-24,147.0997786616372,-0.006146182895223968
1986-03-25,147.49992615788696,0.002720245400030027
1986-03-26,147.26003123857134,-0.0016264070468674137
1986-03-27,148.3902292541767,0.007674845686908358
1986-03-31,148.8707502034608,0.0032382249943223645
1986-04-01,148.46084295406425,-0.0027534438352485114
1986-04-02,148.93099930600064,0.003166871092614544
1986-04-03,148.7211062043357,-0.0014093311845284687
1986-04-04,147.04110297234354,-0.011296333619815389
1986-04-07,146.07139228988427,-0.0065948273160169445
1986-04-08,148.9417362008973,0.019650281044194667
1986-04-09,149.07186886321387,0.0008737152233879912
1986-04-10,151.77220637482597,0.0181143332555245
1986-04-11,152.6724035079912,0.00593123836482987
1986-04-14,153.9428831470196,0.008321606327248909
1986-04-15,154.9330925333102,0.006432316753122847
1986-04-16,158.9135562316494,0.02569150097796842
1986-04-17,159.07370049560714,0.0010077445106338742
1986-04-18,157.67371065332458,-0.00880088812871514
1986-04-21,158.54417509599492,0.005520669482969276
1986-04-22,157.87424549765086,-0.004225507483566836
1986-04-23,157.4743391607694,-0.002533068871498797
1986-04-24,159.86468623808287,0.015179279938892853
1986-04-25,160.4748736775392,0.003816899490532734
1986-04-28,159.91521746037446,-0.0034875005933284416
1986-04-29,158.26519186933675,-0.010318127425531403
1986-04-30,154.92500131307412,-0.021105023263866367
1986-05-01,154.22506086146583,-0.004517930906412223
1986-05-02,155.02526575348796,0.005188552933954921
1986-05-05,157.15585777503406,0.01374351471800756
1986-05-06,157.14598593508276,-6.281560287391717e-05
1986-05-07,156.26602556760557,-0.005599636301500605
1986-05-08,157.17624733834052,0.0058248219178081975
1986-05-09,157.92645405995358,0.004773028586171671
1986-05-12,157.76682679581273,-0.0010107696338212205
1986-05-13,157.06688179993748,-0.0044365790330633415
1986-05-14,157.01700552134696,-0.0003175480280689624
1986-05-15,155.77700026529595,-0.007897267254166361
1986-05-16,155.01704535176682,-0.004878479571662704
1986-05-19,155.32746167628082,0.002002465753424672
1986-05-20,157.0277804755811,0.01094667215282199
1986-05-21,157.4579582345265,0.002739500982835968
1986-05-22,159.6483374521637,0.013910882893417962
1986-05-23,160.17852955357893,0.003320999829228386
1986-05-27,161.19917417581885,0.006371919039864309
1986-05-28,161.32932213325452,0.0008073735991582344
1986-05-29,161.63949186530732,0.0019225874624117917
1986-05-30,163.1798104483847,0.009529345615370353
1986-06-02,162.05007560800027,-0.006923251334096766
1986-06-03,162.1302187118882,0.0004945576457599102
1986-06-04,161.84031580017128,-0.0017880868478448585
1986-06-05,162.38051661427025,0.00333786307464928
1986-06-06,161.9005894225296,-0.002955571282487532
1986-06-09,158.6305727200748,-0.020197682504544096
1986-06-10,158.1206369511421,-0.003214612165793188
1986-06-11,160.05101883813998,0.012208285548421799
1986-06-12,160.3911950435805,0.002125423555001267
1986-06-13,162.37158855548114,0.012347270754872445
1986-06-16,160.82178281191847,-0.009544808653720295
1986-06-17,158.5916129067021,-0.013867337286171991
1986-06-18,158.50173098907757,-0.0005667507630267648
1986-06-19,159.30197096154046,0.005048777495799205
1986-06-20,159.61214465583052,0.0019470800795360085
1986-06-23,159.5825340572327,-0.0001855159496895798
1986-06-24,160.82284034148432,0.007772193188803513
1986-06-25,162.02314297495033,0.007463508484972327
1986-06-26,161.74323614445328,-0.0017275731439201829
1986-06-27,161.64335471596658,-0.0006175307905766083
1986-06-30,162.64389779249512,0.006189818803789712
1986-07-01,163.34413434078365,0.004305335507772483
1986-07-02,163.98436317116983,0.0039195091575829856
1986-07-03,164.53457967852825,0.0033552986194426604
1986-07-07,157.65409266331952,-0.04181787821533934
1986-07-08,153.28355431752726,-0.027722327228927836
1986-07-09,155.43401073453802,0.014029270306167909
1986-07-10,154.3139654493155,-0.007205921534994076
1986-07-11,152.8738686113979,-0.009332252163467286
1986-07-14,149.3036880798472,-0.023353765846182754
1986-07-15,146.27332998812034,-0.020296605734924908
1986-07-16,147.42363366225436,0.007864069781056122
1986-07-17,148.49392639287038,0.007259980669504238
1986-07-18,147.7839340240096,-0.004781288946339474
1986-07-21,147.09418665720847,-0.004667268951502237
1986-07-22,147.4343634718419,0.00231264621916134
1986-07-23,147.20444663707752,-0.0015594521477232221
1986-07-24,147.3045842370602,0.00068026205913173
1986-07-25,148.28486889264767,0.006654814313245412
1986-07-28,145.52477156863418,-0.018613479208129308
1986-07-29,144.2346715538187,-0.008865157463635025
1986-07-30,144.54484313789388,0.0021504647997165633
1986-07-31,144.54496194187453,8.219178082191765e-07
1986-08-01,144.21502374733106,-0.002282599061987051
1986-08-04,142.5550912579376,-0.011510121804658404
1986-08-05,141.8850904784049,-0.004699942833472125
1986-08-06,140.56497363067703,-0.009304126623006819
1986-08-07,140.7151158181827,0.0010681337151613264
1986-08-08,142.31551710461565,0.011373343063589685
1986-08-11,145.46643291437843,0.022140353166454428
1986-08-12,147.08684690185663,0.01113943577919439
1986-08-13,148.8672927474559,0.012104725086582876
1986-08-14,150.02762781299705,0.007794425787735634
1986-08-15,149.59767192364546,-0.0028658447488584928
1986-08-18,149.09794828969106,-0.0033404506068080097
1986-08-19,148.61798084346955,-0.0032191418575992386
1986-08-20,149.77832143374613,0.007807538385941988
1986-08-21,150.038493711655,0.0017370489628832837
1986-08-22,150.96879368020055,0.00620040861202865
1986-08-25,149.9389694467244,-0.006821437784404952
1986-08-26,151.18933424122378,0.008339158252942635
1986-08-27,152.04962539877886,0.005690157720930828
1986-08-28,152.06975426863966,0.00013238355443485916
1986-08-29,151.7298127193879,-0.0022354316996608904
1986-09-02,149.36984776004363,-0.015553732763836241
1986-09-03,149.8500664647274,0.003214964143601642
1986-09-04,151.43050670975745,0.010546810437365106
1986-09-05,149.7002825826468,-0.01142586236224474
1986-09-08,146.5800204401259,-0.02084339514054191
1986-09-09,145.78997908711978,-0.00538982973691727
1986-09-10,144.7698891267058,-0.006996982692509988
1986-09-11,138.4887112819145,-0.04338732234086251
1986-09-12,135.0581138580939,-0.024771675554385964
1986-09-15,134.9684281396927,-0.0006640527980083826
1986-09-16,135.23859595420743,0.0020017112019345734
1986-09-17,136.41895667083276,0.008727987068314678
1986-09-18,138.1594382117021,0.012758355461323208
1986-09-19,138.489622096876,0.002389875707716368
1986-09-22,140.15031871811004,0.01199148785367019
1986-09-23,139.59031273914124,-0.003995752447021943
1986-09-24,139.2703579662009,-0.0022920986898156926
1986-09-25,137.6501192325662,-0.011633765844329128
1986-09-26,137.62022580391167,-0.00021716965318437735
1986-09-29,135.56011260016498,-0.0149695525618599
1986-09-30,137.53066172195403,0.01453634910736034
1986-10-01,138.2909442365536,0.00552809464508088
1986-10-02,138.25104894786645,-0.00028848807785207336
1986-10-03,138.5912389545151,0.0024606685391365614
1986-10-06,139.1517069407723,0.00404403619222375
1986-10-07,138.2816230297031,-0.00625277210174328
1986-10-08,139.2919677112204,0.007306427704426598
1986-10-09,139.192059242354,-0.000717259368993406
1986-10-10,139.90233721434927,0.005102862734134807
1986-10-13,140.7128694467909,0.005793557481457847
1986-10-14,141.00305285880697,0.0020622378973361695
1986-10-15,142.13343369980439,0.008016711823461873
1986-10-16,141.91349875956715,-0.0015473835712839614
1986-10-17,141.22345248746308,-0.004862442812950152
1986-10-20,140.13354245334395,-0.007717627737615808
1986-10-21,139.96361693054828,-0.00121259706862995
1986-10-22,140.33382085832716,0.0026450011502816314
1986-10-23,142.18438216404397,0.013186851853659925
1986-10-24,142.00445549088468,-0.0012654461089241537
1986-10-27,141.7947546727862,-0.001476719990042328
1986-10-28,142.53505263895028,0.005220912211262008
1986-10-29,143.16532476061002,0.004421874549387135
1986-10-30,144.81584965392872,0.011528803473037771
1986-10-31,144.5158943962493,-0.0020712874895685686
1986-11-03,144.84633272151987,0.0022865189095709233
1986-11-04,146.0067428164392,0.008011318430479973
1986-11-05,146.21691568209943,0.0014394736955708276
1986-11-06,145.4468414078263,-0.005266656533416368
1986-11-07,144.9468342720399,-0.0034377311390654483
1986-11-10,144.327034079108,-0.004276051947217151
1986-11-11,145.38742476813192,0.007347138363854392
1986-11-12,145.61760348512476,0.0015832092587096172
1986-11-13,143.44716265727547,-0.014905071748904349
1986-11-14,143.5373038812701,0.0006283932168808321
1986-11-17,141.22705730736536,-0.01609509522218511
1986-11-18,140.69703427842168,-0.003752985009027967
1986-11-19,139.57685503576005,-0.007961640758148019
1986-11-20,141.34743724545018,0.012685356818195279
1986-11-21,142.93797465998142,0.011252679535811216
1986-11-24,144.53875229841717,0.011199106761122308
1986-11-25,145.80921168852652,0.008789749253448428
1986-11-26,146.90962742838278,0.007546956238999097
1986-11-28,147.98015762352026,0.007286998230659628
1986-12-01,146.89022663068067,-0.007365386078399079
1986-12-02,148.89089522251246,0.013620161379844311
1986-12-03,150.12135553022452,0.008264174285964205
1986-12-04,150.02145136198286,-0.0006654893828315911
1986-12-05,149.0813148707774,-0.006266680415836252
1986-12-08,147.88134982062724,-0.008049064037235492
1986-12-09,146.9112000646829,-0.006560325268338959
1986-12-10,147.001346060471,0.000613608736082907
1986-12-11,146.12121930229475,-0.0059872020342875585
1986-12-12,145.02102901561457,-0.007529298564119647
1986-12-15,144.1111290737496,-0.00627426207110284
1986-12-16,144.53136742276595,0.0029160714492860837
1986-12-17,143.0810710813153,-0.01003447464250749
1986-12-18,142.8911341274875,-0.0013274778584781185
1986-12-19,143.81151648928218,0.006441143933909136
1986-12-22,144.13196349948018,0.0022282430365852136
1986-12-23,142.8517091882084,-0.00888251488557856
1986-12-24,142.83182075935815,-0.0001392242974428853
1986-12-26,142.98209948383789,0.0010521375676705437
1986-12-29,142.98245204243935,2.465753424657533e-06
1986-12-30,141.57215080348416,-0.009863456800535117
1986-12-31,141.4522314254687,-0.0008470548574338111
1987-01-02,142.90320701759214,0.010257707336967434
1987-01-05,147.45587513517782,0.03185840410863003
1987-01-06,149.10683301554263,0.011196284168747536
1987-01-07,153.01851085767504,0.02623406159880454
1987-01-08,155.73983459373335,0.01778427799881971
1987-01-09,157.0407200618362,0.008352939833899014
1987-01-12,159.36288942369387,0.01478705243419217
1987-01-13,159.6734726125038,0.0019489053564043025
1987-01-14,162.71497221856308,0.019048246125644243
1987-01-15,164.20596614959976,0.00916322518270741
1987-01-16,162.56590186681674,-0.009987848317818323
1987-01-19,166.51873040248597,0.024315237637641793
1987-01-20,166.57925340895036,0.0003634606528533874
1987-01-21,164.31895124471095,-0.013568929611482877
1987-01-22,168.0007671671113,0.022406520334451438
1987-01-23,166.82084650129698,-0.007023305224794937
1987-01-26,164.20139877291047,-0.01570216063114248
1987-01-27,166.7228362663078,0.015355761353071531
1987-01-28,167.69370444038984,0.005823246507942503
1987-01-29,165.80349156184766,-0.0112718177754496
1987-01-30,166.7443513381375,0.005674547426155162
1987-02-02,170.37726034983496,0.021787298835271234
1987-02-03,171.62826747674123,0.007342570976535134
1987-02-04,173.5695566810518,0.011311010900775147
1987-02-05,174.70053278784576,0.006515981998341926
1987-02-06,174.70105928260213,3.013698630136987e-06
1987-02-09,173.70223185825668,-0.00571735184919348
1987-02-10,172.39221037101834,-0.0075417654294007465
1987-02-11,176.05426362528414,0.021242568016178864
1987-02-12,176.33491235988114,0.0015941035952093002
1987-02-13,179.13663380971033,0.015888637209352997
1987-02-17,183.7307576858115,0.025645920537846825
1987-02-18,181.29023843685343,-0.013283128419529392
1987-02-19,179.95019144898802,-0.007391721691249027
1987-02-20,178.7702076851883,-0.006557279846708201
1987-02-23,177.79138407608747,-0.005475317290141207
1987-02-24,179.02248317656918,0.006924402478102253
1987-02-25,181.05395843377076,0.011347598475650374
1987-02-26,182.2750700773248,0.0067444625575570245
1987-02-27,182.8358808805631,0.0030767279529800044
1987-03-02,181.14673972474634,-0.009238564923261423
1987-03-03,180.64704611333164,-0.0027585018210870833
1987-03-04,183.36890181302735,0.015067258271071426
1987-03-05,184.76012866515862,0.007587038142104528
1987-03-06,184.37049513600923,-0.00210886153827887
1987-03-09,182.56127320320564,-0.009812968888915332
1987-03-10,184.5628238065987,0.01096371956808813
1987-03-11,185.40380270450942,0.0045565996475649415
1987-03-12,184.8640881112435,-0.0029110222411464102
1987-03-13,183.25382539577186,-0.008710522048515034
1987-03-16,182.8252619397219,-0.0023386330687744004
1987-03-17,185.99746552407285,0.01735101347972802
1987-03-18,186.13809946498975,0.000756106759415432
1987-03-19,188.0596728510386,0.010323374911272666
1987-03-20,189.92122594109114,0.00989873619277775
1987-03-23,189.50271906231325,-0.0022035813885684843
1987-03-24,190.28371319104753,0.004121281914047249
1987-03-25,190.29429210223591,5.5595463274110614e-05
1987-03-26,190.81515073775412,0.0027371216958960833
1987-03-27,189.15481053192102,-0.008701301754151555
1987-03-30,183.94363224130203,-0.02754980577001812
1987-03-31,186.14542675152015,0.011969941461902486
1987-04-01,186.17600473839644,0.0001642693425776813
1987-04-02,187.76747164540154,0.008548184870769674
1987-04-03,191.47015648559224,0.019719522277975854
1987-04-06,191.02162854289827,-0.00234254753287222
1987-04-07,187.55017525252202,-0.01817309022468451
1987-04-08,189.39182200479678,0.009819488303837156
1987-04-09,188.84206784809356,-0.002902734399425713
1987-04-10,188.39236975123652,-0.002381344908904376
1987-04-13,184.05148281481436,-0.02304173434494241
1987-04-14,179.8294798223714,-0.022939250083037793
1987-04-15,182.57169089682634,0.015248951824603925
1987-04-16,183.86303077229633,0.007073056447725786
1987-04-20,182.2442506871556,-0.008804271736091721
1987-04-21,184.74636817379124,0.013729472821234871
1987-04-22,184.07650265760154,-0.0036258656817521814
1987-04-23,183.8869370808899,-0.0010298195259838972
1987-04-24,180.4953341256716,-0.018443958059545924
1987-04-27,179.6664353031895,-0.004592355954780306
1987-04-28,181.37808567132885,0.009526823222439546
1987-04-29,182.33925770257775,0.0052992732153465
1987-04-30,184.95151538741536,0.014326359105281513
1987-05-01,185.9527302196137,0.005413390801914235
1987-05-04,186.57482091106206,0.003345423811275312
1987-05-05,189.86758571640405,0.017648495060925768
1987-05-06,189.41785532931868,-0.00236865279235762
1987-05-07,190.1389124993631,0.003806701162310199
1987-05-08,190.48972297863904,0.0018450220139820802
1987-05-11,189.37068197780184,-0.005874547893393076
1987-05-12,189.10106623219113,-0.0014237459716299045
1987-05-13,190.42255165434634,0.006988249450336721
1987-05-14,190.87343899021968,0.002367825301972494
1987-05-15,188.04203439750552,-0.01483393712447992
1987-05-18,185.5920130184234,-0.01302911546842223
1987-05-19,181.59973219908824,-0.021511059416866516
1987-05-20,181.83044391206022,0.0012704408215705113
1987-05-21,182.79168108605035,0.005286447930881144
1987-05-22,181.7714966387574,-0.00558113170813659
1987-05-26,185.30624336844195,0.019446100158977724
1987-05-27,186.097383087487,0.004269363539317184
1987-05-28,188.2495323008132,0.011564639854792783
1987-05-29,188.91058918916457,0.0035115991007884303
1987-06-01,186.00012988330593,-0.015406544007674754
1987-06-02,184.63966505425475,-0.007314321930337976
1987-06-03,185.90117531268697,0.006832281991313014
1987-06-04,186.39210795677087,0.002640825929465673
1987-06-05,185.8322424087963,-0.003003697710765848
1987-06-08,187.67533201425533,0.009918029194334073
1987-06-09,189.61740107250003,0.01034802516346242
1987-06-10,190.1684004030795,0.0029058479204067318
1987-06-11,189.80869236321092,-0.0018915237184839227
1987-06-12,190.5098131854329,0.003693828841517499
1987-06-15,189.7509374834592,-0.003983394289694898
1987-06-16,189.34118294125244,-0.002159433558753811
1987-06-17,191.1832239143061,0.009728686302890423
1987-06-18,192.524874888167,0.007017618734488397
1987-06-19,192.20519747177642,-0.0016604473399933137
1987-06-22,192.56722613689666,0.0018835529417638045
1987-06-23,191.99734070600243,-0.0029594102918069146
1987-06-24,192.0679767397672,0.00036790110480191125
1987-06-25,191.49808636137564,-0.002967128555551475
1987-06-26,191.21843214106204,-0.0014603499472358667
1987-06-29,190.85986244346566,-0.0018751837549418596
1987-06-30,189.39921373003386,-0.007652990496440548
1987-07-01,189.6299780286206,0.0012184015658885904
1987-07-02,190.5413178700866,0.004805884865569476
1987-07-06,189.19247088843835,-0.007079026201382354
1987-07-07,187.91194090021398,-0.006768398246563754
1987-07-08,187.5421880723136,-0.0019676920270689548
1987-07-09,188.13326394658407,0.003151695521663564
1987-07-10,188.90449971770718,0.004099412060070847
1987-07-13,190.58767185540634,0.008910174930795458
1987-07-14,195.16227028329874,0.02400259357469369
1987-07-15,195.04275242564648,-0.0006124024765583575
1987-07-16,196.21437743174684,0.006007016367075703
1987-07-17,196.04481754787588,-0.0008641562666830007
1987-07-20,194.03479604620563,-0.010252867312747924
1987-07-21,193.36477669558,-0.003453088643266158
1987-07-22,193.80575750151013,0.0022805642964871574
1987-07-23,191.67440817760058,-0.010997347815598007
1987-07-24,193.20637927042742,0.007992569834400378
1987-07-27,193.3682722662607,0.0008379277974393753
1987-07-28,193.92937177791183,0.0029017144595390987
1987-07-29,194.90085423872074,0.005009465311533357
1987-07-30,196.7431505871198,0.009452479598383648
1987-07-31,196.53354783797903,-0.001065362369745972
1987-08-03,195.4242870894336,-0.005644129263162226
1987-08-04,196.065480135515,0.0032810304984661662
1987-08-05,198.4383151872814,0.012102258133998754
1987-08-06,202.06235181313488,0.018262786712501533
1987-08-07,203.92473306901692,0.009216864196475213
1987-08-10,206.22877520166503,0.011298492821213198
1987-08-11,208.59167361192078,0.01145765622641728
1987-08-12,207.26101511012382,-0.006379250325555209
1987-08-13,206.6710669567648,-0.0028464019296901726
1987-08-14,206.67168980107618,3.013698630136987e-06
1987-08-17,207.03391000491197,0.0017526358069865201
1987-08-18,204.1016453080259,-0.014163209769918944
1987-08-19,205.59373393270485,0.007310517376903705
1987-08-20,209.13786498710604,0.017238516887685205
1987-08-21,210.78012690576435,0.007852532676278088
1987-08-24,209.69094488274797,-0.005167384795737093
1987-08-25,210.93282549931683,0.005922433213619679
1987-08-26,211.37390558373292,0.0020910926659801644
1987-08-27,210.84400570971826,-0.002506931366723155
1987-08-28,209.05282244216633,-0.008495300881439141
1987-08-31,209.78545642940256,0.0035045400424523233
1987-09-01,207.10333338335684,-0.01278507619973321
1987-09-02,205.94276140334225,-0.005603830518103377
1987-09-03,205.22263744472826,-0.0034967189606806043
1987-09-04,204.27227057893867,-0.004630906597940707
1987-09-08,200.11040565700316,-0.02037410613853834
1987-09-09,201.81279807221446,0.008507265824693112
1987-09-10,205.3771640189031,0.017661743857360305
1987-09-11,206.58906376151384,0.005900849534075682
1987-09-14,205.3796471262845,-0.005854214222227571
1987-09-15,202.46715059250081,-0.014181037773391683
1987-09-16,201.5167407770531,-0.004694143285300586
1987-09-17,202.2781663838073,0.003778473211794523
1987-09-18,201.89836569909946,-0.0018776158173551916
1987-09-21,197.4754053993644,-0.02190686529046429
1987-09-22,201.6505541174379,0.021142626392536737
1987-09-23,204.29405247766624,0.013109303724941939
1987-09-24,204.86529397261387,0.002796172908705078
1987-09-25,205.34643982046612,0.002348596184947662
1987-09-28,204.85775544756095,-0.002379804457931786
1987-09-29,204.37783858180237,-0.0023426834132302438
1987-09-30,205.7299611625062,0.006615798415749874
1987-10-01,209.9452922971006,0.020489631703496356
1987-10-02,214.05052516352583,0.019553821957654476
1987-10-05,212.39059300092353,-0.007754861434393469
1987-10-06,208.30660607559295,-0.019228662002524766
1987-10-07,207.1258920160374,-0.005668154658172895
1987-10-08,203.86279924148374,-0.015754151944948534
1987-10-09,202.70208745682928,-0.005693592891754367
1987-10-12,199.86066466860206,-0.014017728302045103
1987-10-13,201.4631157259266,0.008017841129376991
1987-10-14,197.72940184111263,-0.018532989879365143
1987-10-15,193.28484055224624,-0.0224779989595977
1987-10-16,183.49403312080105,-0.05065481288377948
1987-10-19,155.83342598438077,-0.15074390521576386
1987-10-20,144.1301195206969,-0.07510138720082375
1987-10-21,158.96806688416757,0.10294827627156701
1987-10-22,150.16813465532,-0.05535660338160662
1987-10-23,145.59315968582086,-0.03046568421456422
1987-10-26,128.5842450691388,-0.11682495697865217
1987-10-27,130.02636203046828,0.011215347265553736
1987-10-28,131.36836723578114,0.010321024016640482
1987-10-29,144.17420035518649,0.09748034012192097
1987-10-30,150.25197788163757,0.04215579147640787
1987-11-02,152.37590707855242,0.01413578195015845
1987-11-03,147.31018527109381,-0.03324490009334044
1987-11-04,148.12162119995205,0.005508349116288006
1987-11-05,153.21831642386243,0.03440885390411887
1987-11-06,150.8658863029226,-0.015353452353777849
1987-11-09,146.6720813045662,-0.027798232596703148
1987-11-10,143.6187323000561,-0.0208175201262044
1987-11-11,145.66170704981886,0.014224988043303813
1987-11-12,150.02759174612393,0.02997276899145399
1987-11-13,148.13567770414522,-0.012610440652678023
1987-11-16,147.64640206150807,-0.0033028886100912092
1987-11-17,143.75192973031187,-0.026377021565170314
1987-11-18,145.02397228007746,0.008848872861407949
1987-11-19,141.23960807365103,-0.026094749350251394
1987-11-20,141.01975360691702,-0.0015566063212195643
1987-11-23,142.0223048765876,0.0071092967050923415
1987-11-24,144.84635739375082,0.019884570382217227
1987-11-25,145.18723192001895,0.0023533524239170403
1987-11-27,143.53597645101848,-0.011373282947567351
1987-11-30,137.3092045989005,-0.043381262357196436
1987-12-01,137.33965761214375,0.000221784208365433
1987-12-02,138.1411193842353,0.005835617956431328
1987-12-03,133.12495837234246,-0.03631186017785594
1987-12-04,130.61205648311056,-0.01887626422540139
1987-12-07,133.32681197645041,0.02078487672913181
1987-12-08,136.8719146048855,0.026589570213838485
1987-12-09,139.94641282122166,0.022462593770325164
1987-12-10,139.1958342225263,-0.005363328602457442
1987-12-11,140.0073365577697,0.005829932625326075
1987-12-14,146.27698978169911,0.04478089061670302
1987-12-15,147.08852290646266,0.005547920598958545
1987-12-16,151.26460197235997,0.028391603800066695
1987-12-17,150.113500230259,-0.007609855360022092
1987-12-18,154.9605228433351,0.03228905198827061
1987-12-21,156.23365157202312,0.008215826233208733
1987-12-22,155.7734924956983,-0.0029453262577857574
1987-12-23,158.27739298142492,0.016073983099504398
1987-12-24,158.40804878153165,0.0008254861774356251
1987-12-28,152.99250122476474,-0.03418732569729307
1987-12-29,154.55513209718316,0.010213774269385486
1987-12-30,157.49969589950686,0.019051866879918188
1987-12-31,156.46873180500248,-0.00654581641327221
1988-01-04,162.03916700915494,0.03560094812485966
1988-01-05,164.51341784249686,0.01526946156914116
1988-01-06,166.4168815978498,0.011570264482470985
1988-01-07,168.9412467112412,0.015168924505457466
1988-01-08,158.41700175521103,-0.06229529591443402
1988-01-11,159.11019935133257,0.004375777779159514
1988-01-12,155.94635990118266,-0.019884579763260836
1988-01-13,155.7668225880616,-0.0011512760748941721
1988-01-14,156.25826065776968,0.0031549598402463783
1988-01-15,160.05453094467182,0.024294845411191368
1988-01-18,159.26560191197333,-0.00492912651733195
1988-01-19,158.24483054685928,-0.00640923936405448
1988-01-20,152.6973321531008,-0.035056427275302095
1988-01-21,153.17875708106212,0.0031528051025713965
1988-01-22,154.58156245341777,0.009157962886546411
1988-01-25,157.2977821163846,0.01757143361638181
1988-01-26,155.46574219283912,-0.011646953306626833
1988-01-27,155.66676803425213,0.0012930555540888956
1988-01-28,157.90088805735707,0.014351939410814776
1988-01-29,159.37386748366,0.009328506282801262
1988-02-01,158.86530668962794,-0.003190992363187892
1988-02-02,159.21658586549023,0.0022111761414880587
1988-02-03,156.8236181543459,-0.015029638389344435
1988-02-04,157.6255912662106,0.00511385415859617
1988-02-05,158.25730652103923,0.004007694751556713
1988-02-08,158.12930827863096,-0.0008087983122047395
1988-02-09,159.1817008138293,0.006655265533344204
1988-02-10,162.49768229963016,0.020831423893875003
1988-02-11,163.21958063078696,0.00444251463122837
1988-02-12,164.2018998064255,0.0060183905132104604
1988-02-16,165.80750660730982,0.00977824740625482
1988-02-17,166.07871306162673,0.0016356705427048117
1988-02-18,166.01938722898743,-0.0003572151514522487
1988-02-19,167.34230370354678,0.007968445713720504
1988-02-22,170.47973704041215,0.018748596543904705
1988-02-23,171.56230395083657,0.006350120719436545
1988-02-24,172.75506218469647,0.006952332805006584
1988-02-25,171.063071329991,-0.00979416078063468
1988-02-26,170.93365040759133,-0.0007565684480784459
1988-02-29,172.92934000102656,0.01167522947457396
1988-03-01,172.92012646500567,-5.3279194963914156e-05
1988-03-02,175.41511440464112,0.014428557222576277
1988-03-03,176.7982547674823,0.007884955452872882
1988-03-04,177.69057990911455,0.005047137726590118
1988-03-07,178.77488594005933,0.006102214487112379
1988-03-08,179.93769797986474,0.006504336633699726
1988-03-09,181.5512916124712,0.008967512926540942
1988-03-10,178.7473256994605,-0.015444483419021183
1988-03-11,178.19720868626376,-0.0030776237409094387
1988-03-14,179.5219713476297,0.007434250351801612
1988-03-15,178.6212384598968,-0.005017396371994544
1988-03-16,180.73575110691988,0.011837968795059052
1988-03-17,181.55802566312198,0.004549595479400644
1988-03-18,181.34850047398328,-0.001154039808339196
1988-03-21,179.2172799829135,-0.0117520712081957
1988-03-22,180.33008100307038,0.006209228374981208
1988-03-23,179.56956722375975,-0.004217342858608594
1988-03-24,175.0723965099458,-0.02504416969613833
1988-03-25,173.18984904778787,-0.010752965628427782
1988-03-28,173.15219065783685,-0.00021743993749094557
1988-03-29,173.97447603409225,0.004748916967965532
1988-03-30,172.44251347807696,-0.008805674205422448
1988-03-31,173.57536603082414,0.006569450478876182
1988-04-04,171.72522357778087,-0.010659015131874802
1988-04-05,173.2187613237101,0.00869725317464953
1988-04-06,176.92638727343757,0.02140429778734345
1988-04-07,177.65855822863418,0.004138280142831608
1988-04-08,179.26234790952782,0.009027370799833194
1988-04-11,180.27672182027325,0.005658599937882058
1988-04-12,180.43785857925434,0.0008938300927267005
1988-04-13,180.719221944573,0.001559336646611027
1988-04-14,173.59669031173368,-0.0394121419747139
1988-04-15,173.4572326734593,-0.0008033427251635356
1988-04-18,173.88044354164828,0.0024398571432630435
1988-04-19,174.68277440306605,0.004614267395893748
1988-04-20,173.27089456432813,-0.00808253614910023
1988-04-21,172.40003476092315,-0.0050260016582396256
1988-04-22,173.65323305880884,0.007269130192598577
1988-04-25,174.73772927499144,0.006245182983810932
1988-04-26,177.0930917228438,0.013479415450944972
1988-04-27,177.55480719836484,0.002607190777625817
1988-04-28,177.07469794420808,-0.0027040059446004237
1988-04-29,176.26394058111592,-0.004578617795229004
1988-05-02,177.0980194481107,0.004731988086984468
1988-05-03,179.35327226796696,0.0127344892217559
1988-05-04,178.9833751020211,-0.0020623942974021072
1988-05-05,178.03232710644716,-0.005313610803415979
1988-05-06,177.53216256726387,-0.0028094029175062675
1988-05-09,175.28016428117547,-0.012685015793885628
1988-05-10,174.66975736295336,-0.0034824643206229403
1988-05-11,171.1435061079399,-0.020188104158672972
1988-05-12,172.05613119228653,0.005332513661202166
1988-05-13,174.1912239914617,0.012409280531764516
1988-05-16,175.34597469071247,0.006629212843164653
1988-05-17,174.42491762248235,-0.005252798473730206
1988-05-18,170.62800022470708,-0.02176820519412919
1988-05-19,170.688915380778,0.0003570056262202793
1988-05-20,170.228765958652,-0.0026958365814177317
1988-05-23,167.99655977839666,-0.01311297868891053
1988-05-24,169.56056486364932,0.009309744719271068
1988-05-25,169.36093808526107,-0.001177318432200138
1988-05-26,170.2034689388624,0.004974764919979211
1988-05-27,169.94371842444863,-0.0015261176287015813
1988-05-31,173.7046973245888,0.022130732074173102
1988-06-01,177.05253131631844,0.019273134482217288
1988-06-02,176.82286873446392,-0.0012971437355177439
1988-06-03,178.37696545538648,0.008789002983863665
1988-06-06,180.1331571571028,0.009845395100386812
1988-06-07,180.1440151572805,6.027763210890461e-05
1988-06-08,183.4017947559358,0.018084306579993728
1988-06-09,183.17215422946373,-0.001252117116834612
1988-06-10,185.13721020629342,0.01072791868991183
1988-06-13,185.13978998709138,1.39344262295082e-05
1988-06-14,186.18290055709124,0.005634178207032614
1988-06-15,186.50445932414453,0.0017271122433431974
1988-06-16,184.90184825123845,-0.008592883401896241
1988-06-17,184.34148738295065,-0.0030305855435603657
1988-06-20,183.5924190445082,-0.004063482122645125
1988-06-21,185.19678656484348,0.008738746015140868
1988-06-22,187.3924677143111,0.01185593546299934
1988-06-23,187.59377930560998,0.0010742779245845272
1988-06-24,187.7650264441075,0.0009128614985603907
1988-06-27,185.53270284217518,-0.011888921191598033
1988-06-28,188.61040880297037,0.016588482319546936
1988-06-29,188.20036893892822,-0.0021740044287295794
1988-06-30,189.45404137447414,0.006661370764649017
1988-07-01,190.3870075739107,0.004924498800173137
1988-07-05,192.34492818782795,0.010283898249501992
1988-07-06,190.86246744952942,-0.007707303500360003
1988-07-07,189.81096941411684,-0.0055091922967549735
1988-07-08,188.5790519559908,-0.006490233214279271
1988-07-11,188.12063072584624,-0.002430923399973032
1988-07-12,187.67047204268832,-0.002392925653188679
1988-07-13,188.55336689036523,0.004704495268046713
1988-07-14,189.11553274135088,0.0029814681130170494
1988-07-15,188.9460187334005,-0.0008963515872713309
1988-07-18,189.2292992204868,0.0014992667693412855
1988-07-19,186.21317412529095,-0.015938996273941245
1988-07-20,185.68280327483305,-0.0028481918798131936
1988-07-21,182.83703058722037,-0.015325989469259548
1988-07-22,182.28659225379369,-0.003010540762223241
1988-07-25,182.01849896903826,-0.001470724102308984
1988-07-26,180.13490816332407,-0.010348348197479615
1988-07-27,177.79021213557067,-0.013016333433981238
1988-07-28,178.6430516954338,0.004796887014302138
1988-07-29,181.5908603157474,0.016501109851948186
1988-08-01,181.87405661576747,0.0015595294803253414
1988-08-02,180.9627244044924,-0.005010787290022244
1988-08-03,181.50485930377326,0.002995837408311064
1988-08-04,181.6159665360977,0.0006121446706750942
1988-08-05,180.33373009225923,-0.007060152630267765
1988-08-08,180.2460259537242,-0.00048634350595505766
1988-08-09,177.70070384986496,-0.014121377103275028
1988-08-10,173.10037714747233,-0.025888061232888258
1988-08-11,175.05592830157752,0.011297209089493625
1988-08-12,174.17459505400114,-0.0050345809829306296
1988-08-15,170.50807808914686,-0.021050813775209322
1988-08-16,173.07516249943674,0.015055500238221694
1988-08-17,173.3366066683469,0.0015105816752360214
1988-08-18,173.97899080326775,0.003705992330575422
1988-08-19,173.23796972813616,-0.004259256084371259
1988-08-22,170.3231769877983,-0.016825368854830595
1988-08-23,170.02322088391765,-0.001761099746877851
1988-08-24,172.38989976778677,0.013919739148365891
1988-08-25,170.9571254878315,-0.008311242606934935
1988-08-26,171.40904666333543,0.002643476685832178
1988-08-29,173.19590177223355,0.010424508762409185
1988-08-30,172.8057222002036,-0.002252822197508199
1988-08-31,171.43306172149556,-0.007943373988031237
1988-09-01,168.64681757664934,-0.016252665132777303
1988-09-02,171.90584699805552,0.019324582984941007
1988-09-06,172.38023553565728,0.0027595834922771556
1988-09-07,172.53142026919622,0.0008770421566552648
1988-09-08,173.4144788928116,0.00511824815582897
1988-09-09,175.93173428619093,0.01451583171976815
1988-09-12,176.04446896453297,0.0006407864891427384
1988-09-13,176.32601136446684,0.0015992686483695783
1988-09-14,177.43970847170482,0.00631612487924971
1988-09-15,175.8664545442955,-0.008866414067966025
1988-09-16,177.11049815701998,0.007073797080563528
1988-09-19,176.5715583969853,-0.0030429577334081482
1988-09-20,177.27421313510476,0.003979433293213038
1988-09-21,178.27766203132367,0.005660433508477347
1988-09-22,178.74972625440876,0.0026479157158912424
1988-09-23,177.93842235145894,-0.0045387700442970046
1988-09-26,176.33667870885208,-0.009001673845591049
1988-09-27,176.2673120109487,-0.0003933764569644168
1988-09-28,177.5314800741327,0.007171880303623663
1988-09-29,179.2969912486831,0.009944778096894027
1988-09-30,179.84929113977117,0.003080363408452438
1988-10-03,177.26490326789096,-0.01436974177380401
1988-10-04,176.76438350126654,-0.002823569456769586
1988-10-05,176.33404743945823,-0.0024345179344639235
1988-10-06,176.71589080370555,0.002165454543759634
1988-10-07,176.476063556931,-0.0013571345829954205
1988-10-10,175.41565544865202,-0.006008792846497778
1988-10-11,176.1083463055344,0.003948854251980838
1988-10-12,173.7627910652916,-0.013318819291923023
1988-10-13,175.31782706062788,0.008949188637007994
1988-10-14,175.85008983609163,0.0030359877508616844
1988-10-17,176.2636626150047,0.002351848550652138
1988-10-18,177.47781066816177,0.006888249314375255
1988-10-19,177.47863501864848,4.644808743169398e-06
1988-10-20,180.86879089657015,0.019101768940049998
1988-10-21,180.2378888105356,-0.0034881755050562174
1988-10-24,178.90671615542684,-0.007385642740789589
1988-10-25,177.89473517431153,-0.0056564728416127015
1988-10-26,176.84263320917373,-0.005914182699712362
1988-10-27,174.7676720704374,-0.011733376172260479
1988-10-28,175.37016275895758,0.003447380636147314
1988-10-31,175.27232615635273,-0.000557886250806141
1988-11-01,175.08260506442372,-0.0010824360929618181
1988-11-02,174.50178182170006,-0.003317424038269904
1988-11-03,174.74327062987442,0.0013838758874168613
1988-11-04,174.052129012176,-0.003955183024829271
1988-11-07,171.82825952343265,-0.012777031234060874
1988-11-08,174.24592529626116,0.014070245369032633
1988-11-09,173.99602107368108,-0.00143420411212014
1988-11-10,173.77620029148179,-0.0012633667186343455
1988-11-11,169.7254386053353,-0.02331022130390683
1988-11-14,169.44700049550835,-0.0016405207853044147
1988-11-15,168.58530873034258,-0.005085317312469032
1988-11-16,166.0086721252406,-0.015283873930102715
1988-11-17,166.69140959684407,0.004112661482457945
1988-11-18,167.0131106925447,0.0019299200629396267
1988-11-21,164.28754708742633,-0.016319458956344197
1988-11-22,164.82988440661174,0.0033011468537953153
1988-11-23,167.6789425058828,0.01728483951516242
1988-11-25,166.20620120499603,-0.008783102271980727
1988-11-28,166.48933867709943,0.0017035313366808788
1988-11-29,167.66356094156188,0.007052837579827432
1988-11-30,169.690303654226,0.01208815261516783
1988-12-01,171.8374199248453,0.012653146493239977
1988-12-02,172.1290769560242,0.0016972847433722013
1988-12-05,173.36512402889102,0.0071809312797430245
1988-12-06,174.5293862849704,0.006715665925318215
1988-12-07,173.3567047162727,-0.006719106699790751
1988-12-08,172.3946400075861,-0.005549625036200176
1988-12-09,172.30517127133444,-0.0005189763222784935
1988-12-12,171.6255330316644,-0.003944386779894123
1988-12-13,170.76373912698892,-0.005021361853637834
1988-12-14,171.38640317741127,0.003646348186129393
1988-12-15,172.13946588387566,0.004393946617135515
1988-12-16,174.5374995808442,0.013930760646058088
1988-12-19,175.92411503769776,0.00794451312860291
1988-12-20,175.60395767580135,-0.0018198605792492657
1988-12-21,175.1935228362391,-0.002337275565964071
1988-12-22,175.29464204031015,0.0005771857454201092
1988-12-23,176.14805664942492,0.004868458038315284
1988-12-27,175.76013441307674,-0.002202251013874283
1988-12-28,175.67067335064831,-0.0005089951866911613
1988-12-29,177.2262745736643,0.008855212958117985
1988-12-30,177.95935483323512,0.004136408449223075
1989-01-03,175.1783478933421,-0.015627202866065042
1989-01-04,178.1204758941231,0.016795043657862965
1989-01-05,178.05323174401948,-0.0003775206065786369
1989-01-06,178.08630262762736,0.00018573593573090232
1989-01-09,178.2256460482688,0.0007824488384870135
1989-01-10,177.63671281443175,-0.003304424738499994
1989-01-11,178.17140783257148,0.003010047921221665
1989-01-12,179.58900165841422,0.007956348569546428
1989-01-13,179.6923320600587,0.0005753715466441866
1989-01-16,179.80167201905135,0.0006084842783169719
1989-01-17,177.68759250428627,-0.011757841242661366
1989-01-18,179.25582631800464,0.00882579245751523
1989-01-19,181.1853330800476,0.010763983529438758
1989-01-20,180.93750917740704,-0.0013677922954783218
1989-01-23,178.8293551047737,-0.011651282712012658
1989-01-24,180.80919034274928,0.011071086381850557
1989-01-25,182.1970310590365,0.007675719987774757
1989-01-26,184.64863710931354,0.013455795827335077
1989-01-27,184.19010142527,-0.00248328767123292
1989-01-30,185.44372826040913,0.006806157472299023
1989-01-31,187.14289792324834,0.00916272380187026
1989-02-01,189.05288188012918,0.01020601891963968
1989-02-02,190.56147921758532,0.007979763770079433
1989-02-03,190.66502812928627,0.0005433884756044031
1989-02-06,190.17275818895843,-0.0025818575391500175
1989-02-07,192.77554291943076,0.013686422573133005
1989-02-08,190.7612761479007,-0.010448767208877316
1989-02-09,189.39937431271565,-0.007139299247134027
1989-02-10,186.41133639801595,-0.015776387464544604
1989-02-13,186.6214378034171,0.0011270849158689141
1989-02-14,186.34348518213332,-0.0014893927758533982
1989-02-15,188.13344100180217,0.009605679629311222
1989-02-16,188.54816783373255,0.002204429099483716
1989-02-17,189.24399400483938,0.003690442495948455
1989-02-21,188.915320991534,-0.0017367685301386759
1989-02-22,186.49893245748615,-0.012790855296252788
1989-02-23,187.21487358937364,0.003838848418345116
1989-02-24,185.33049253257417,-0.01006533840325409
1989-02-27,184.55665543375034,-0.004175444031088526
1989-02-28,184.53965856316148,-9.209567950234101e-05
1989-03-01,184.54274265060596,1.671232876712329e-05
1989-03-02,186.22266655359792,0.009103169698591465
1989-03-03,186.57721807188463,0.0019039117248632858
1989-03-06,188.28355057936616,0.009145449402210081
1989-03-07,187.48335408682624,-0.004249954337899604
1989-03-08,187.03459926455196,-0.002393571549111766
1989-03-09,186.13393369611484,-0.004815502436333579
1989-03-10,185.78556411040614,-0.0018716070669706395
1989-03-13,186.67861557607898,0.0048068937430581025
1989-03-14,186.1494583163547,-0.0028345895864469997
1989-03-15,186.17265557202447,0.00012461629423790956
1989-03-16,187.94338778361706,0.009511236793351419
1989-03-17,182.8042739300368,-0.02734394603707483
1989-03-20,180.67414407266824,-0.01165251671404474
1989-03-21,182.84669964462654,0.012024717665658366
1989-03-22,181.39332984833945,-0.007948570026759073
1989-03-23,181.84836311658964,0.002508544656138454
1989-03-27,181.9710107169686,0.0006744498453381223
1989-03-28,182.83794958108203,0.004764159196004138
1989-03-29,184.17705529737003,0.007324003136964544
1989-03-30,185.21483588271994,0.005634689856857017
1989-03-31,186.72480468142754,0.008152526181346176
1989-04-03,186.69398254286577,-0.00016506718865958155
1989-04-04,186.39570783903775,-0.0015976664044837585
1989-04-05,186.96143598042195,0.0030350921056226305
1989-04-06,187.07507565752186,0.00060782415637734
1989-04-07,189.28854135746778,0.011831964745523392
1989-04-10,190.18218201380705,0.004721049937469074
1989-04-11,191.8231296142008,0.008628293055732442
1989-04-12,193.45408394552229,0.008502386206510587
1989-04-13,192.74390923523964,-0.003671024647288598
1989-04-14,195.57066492001843,0.01466586257378851
1989-04-17,195.5402769200404,-0.00015538117636621502
1989-04-18,197.7944838549304,0.011528095236419155
1989-04-19,199.04386556755648,0.006316564993503092
1989-04-20,198.62512700869715,-0.0021037501339985025
1989-04-21,199.84441615905143,0.006138645038101846
1989-04-24,199.30171309218676,-0.002715627873398979
1989-04-25,198.2296930079608,-0.0053788804300448035
1989-04-26,198.24305606485603,6.741198400942152e-05
1989-04-27,200.5780492190391,0.011778436029654287
1989-04-28,201.48594734071685,0.0045264081748362
1989-05-01,201.7774682305452,0.0014468546996749478
1989-05-02,201.78084040193207,1.671232876712329e-05
1989-05-03,202.62852598428412,0.004201021170610228
1989-05-04,203.1344882158841,0.00249699408877506
1989-05-05,204.4948604480523,0.006696904322433283
1989-05-08,204.10303915678645,-0.0019160446888854454
1989-05-09,203.7546177288237,-0.0017070859375843067
1989-05-10,204.07970372483322,0.001595477931411522
1989-05-11,204.5857489803914,0.0024796451892173475
1989-05-12,208.2584618971725,0.017951948926477338
1989-05-15,210.01812966520282,0.00844944187141437
1989-05-16,209.36816045583322,-0.0030948242916254364
1989-05-17,211.8649753937937,0.011925475834169235
1989-05-18,212.2002935052562,0.0015826972383671447
1989-05-19,213.76221404870589,0.007360595584713353
1989-05-22,213.53163079107938,-0.0010786904442052342
1989-05-23,211.78568187316492,-0.008176535305079507
1989-05-24,213.1566833349595,0.006473532344909238
1989-05-25,214.0149236399752,0.004026335424196126
1989-05-26,215.62733267985422,0.007534096279152362
1989-05-30,214.78704085497287,-0.0038969634064386616
1989-05-31,215.74595461353354,0.0044644861009474155
1989-06-01,216.80546240455075,0.004910904553993242
1989-06-02,219.02148898160442,0.010221267271018566
1989-06-05,214.6176468961833,-0.020106895017004505
1989-06-06,215.62693959357807,0.004702747942637788
1989-06-07,221.14190343164483,0.02557641382130439
1989-06-08,220.6527870908485,-0.002211775937560006
1989-06-09,220.05302117225054,-0.002718143407592758
1989-06-12,219.87295714401674,-0.0008182756468171353
1989-06-13,217.80463588816502,-0.00940689242878092
1989-06-14,217.92897673428183,0.0005708824589971249
1989-06-15,214.34170935958326,-0.016460717746004376
1989-06-16,214.06364676412736,-0.0012972864510911578
1989-06-19,213.54125708245624,-0.0024403474834134046
1989-06-20,212.2974584206553,-0.005824629295502752
1989-06-21,212.1702318150031,-0.0005992846386324003
1989-06-22,213.49160520047306,0.0062278924529907366
1989-06-23,215.5473966585729,0.009629378429982806
1989-06-26,214.9143580693012,-0.002936888123378395
1989-06-27,215.23988872037455,0.0015146994086285275
1989-06-28,212.35604790396215,-0.013398263832773517
1989-06-29,208.03339700076924,-0.020355675978429463
1989-06-30,205.8435535827437,-0.0105264032102376
1989-07-03,206.73926585001612,0.004351422484126266
1989-07-05,207.65173567934258,0.00441362614680278
1989-07-06,208.9632801445752,0.006316077546579707
1989-07-07,210.88866707259206,0.009213996481509576
1989-07-10,210.6476793356948,-0.00114272492800343
1989-07-11,211.26503954447904,0.0029307714698361778
1989-07-12,212.20443998460516,0.004446549425080388
1989-07-13,212.82184665298885,0.002909489869431918
1989-07-14,214.2242229914436,0.006589437882010999
1989-07-17,215.1104982597153,0.004137138442589266
1989-07-18,212.7389609660152,-0.011024739902916294
1989-07-19,214.98685298835323,0.010566433210591412
1989-07-20,212.45420290855066,-0.011780488176827232
1989-07-21,212.2363317278281,-0.0010254971553391768
1989-07-24,209.47915399858584,-0.012991073238007446
1989-07-25,209.3719365141563,-0.000511828897448587
1989-07-26,211.2778103003748,0.009102813958496535
1989-07-27,214.1500490071366,0.013594606564117262
1989-07-28,214.55626024271623,0.001896853339342943
1989-07-31,215.70447263852526,0.005351567903495813
1989-08-01,215.70807756258853,1.671232876712329e-05
1989-08-02,214.26208560975957,-0.00670346687601166
1989-08-03,215.99715856898092,0.00809790007543128
1989-08-04,216.58465332098237,0.002719918891034014
1989-08-07,220.2398203245823,0.016876389658979647
1989-08-08,221.22006269103122,0.00445079534211508
1989-08-09,219.33101088406391,-0.00853924270695852
1989-08-10,218.90175314460066,-0.001957122878944636
1989-08-11,217.78784666966854,-0.005088613768188011
1989-08-14,216.2885177798032,-0.006884355177722484
1989-08-15,217.35942834864207,0.00495130569034248
1989-08-16,216.35616127668553,-0.004615705330008992
1989-08-17,217.6486302889592,0.005973802662457266
1989-08-18,218.2262196788157,0.0026537699276567516
1989-08-21,215.68957720076708,-0.011623912478445774
1989-08-22,216.89151324929463,0.005572527259436145
1989-08-23,219.01994576046127,0.009813350828163602
1989-08-24,221.95407665411653,0.013396637842583834
1989-08-25,222.38074751270358,0.001922338463068337
1989-08-28,223.0364205092923,0.002948425184834178
1989-08-29,221.87189072989617,-0.005221253895381692
1989-08-30,222.98344747668565,0.005009903431808405
1989-08-31,223.59146523494317,0.0027267394290381003
1989-09-01,225.1160268001222,0.006818514130568884
1989-09-05,225.20157863597655,0.00038003440745819204
1989-09-06,223.28148945119798,-0.00852609114202644
1989-09-07,222.8118042139426,-0.002103556539370193
1989-09-08,224.28616640881086,0.006617073992419962
1989-09-11,224.59960244962912,0.0013974827152154602
1989-09-12,225.97335719515632,0.006116461162638603
1989-09-13,226.27934489506808,0.0013540875070838644
1989-09-14,224.05680052272464,-0.009822126599200145
1989-09-15,223.60721307808143,-0.0020065779909126964
1989-09-18,223.40686561452432,-0.0008959794310711655
1989-09-19,223.60201890033997,0.0008735330728482856
1989-09-20,223.97852659115293,0.0016838295676605383
1989-09-21,227.35741290076052,0.015085760054915269
1989-09-22,225.57789864529332,-0.00782694627266871
1989-09-25,225.58920844130756,5.0136986301369863e-05
1989-09-26,225.57282677274645,-7.261725272370618e-05
1989-09-27,225.51614024081135,-0.00025130035716668776
1989-09-28,227.97850965982423,0.010918816792374638
1989-09-29,228.14354208310166,0.0007238946492090972
1989-10-02,229.86799681742,0.0075586392609359575
1989-10-03,230.50669372728103,0.0027785377638642056
1989-10-04,232.68722898297528,0.009459748089893277
1989-10-05,233.53761955757417,0.0036546508302829454
1989-10-06,236.23223384766032,0.011538245080989386
1989-10-09,238.63250149733108,0.010160627153103147
1989-10-10,237.94109123221583,-0.0028973851456817225
1989-10-11,236.93722716510928,-0.0042189605078629755
1989-10-12,236.3868652954235,-0.002322817213110504
1989-10-13,226.4330166501768,-0.04210829833039547
1989-10-16,226.72657907914376,0.0012964647705086215
1989-10-17,226.03488790434983,-0.003050772333809554
1989-10-18,228.336812828991,0.010183936409034687
1989-10-19,233.38050907964322,0.022088844055249267
1989-10-20,232.90057299992313,-0.0020564531357514693
1989-10-23,230.6039083955622,-0.009861137629582727
1989-10-24,228.00696636454586,-0.011261483159954613
1989-10-25,227.95029224261478,-0.00024856311556925603
1989-10-26,223.86123880097233,-0.017938355776663632
1989-10-27,220.6188610264848,-0.014483873098594845
1989-10-30,220.8617917674087,0.0011011331478805592
1989-10-31,224.44451862781958,0.016221578353325536
1989-11-01,225.14392462628015,0.003116164309721205
1989-11-02,221.25598720679344,-0.017268675696847553
1989-11-03,220.86647536295106,-0.0017604578694556444
1989-11-06,216.97563503911115,-0.017616255782803007
1989-11-07,219.45967415486845,0.011448470310085996
1989-11-08,222.2059575674007,0.01251384074595067
1989-11-09,222.49200389642382,0.0012873026995072472
1989-11-10,224.3914166467195,0.008536993316757132
1989-11-13,224.62450720983088,0.0010387677327175784
1989-11-14,223.23664809980448,-0.0061785738665190515
1989-11-15,224.21855819057984,0.004398516547947676
1989-11-16,223.5768980231634,-0.0028617620797964046
1989-11-17,224.5185078343181,0.004211570244869996
1989-11-20,225.31638103685185,0.003553707933613058
1989-11-21,224.66460007989636,-0.00289273666635398
1989-11-22,225.54579325667837,0.003922260901221804
1989-11-24,226.77369787434628,0.0054441477268899145
1989-11-27,225.58483323313888,-0.005242515566625146
1989-11-28,225.5280842110882,-0.0002515639958472397
1989-11-29,225.44107318812596,-0.00038581014540436655
1989-11-30,226.3930046312074,0.004222528883576956
1989-12-01,227.27435864547235,0.0038930267112301624
1989-12-04,228.70804654064085,0.006308181458362072
1989-12-05,229.30704233560164,0.002619041192563892
1989-12-06,226.1332001221231,-0.013841015003950337
1989-12-07,226.742260919418,0.002693371857675021
1989-12-08,226.00961210778408,-0.003231196551816565
1989-12-11,222.21763043141016,-0.016777966392710415
1989-12-12,219.7495690554263,-0.011106505686305921
1989-12-13,219.8541320691589,0.00047582807184592735
1989-12-14,218.28388846003696,-0.007142206490929092
1989-12-15,216.0577819578414,-0.010198217183597138
1989-12-18,212.74915006245698,-0.015313643717910792
1989-12-19,213.09576801507956,0.0016292330781150172
1989-12-20,215.16782843925503,0.00972361132966684
1989-12-21,218.18845594151463,0.01403847184855694
1989-12-22,219.60478257258245,0.006491299573830277
1989-12-26,219.6093722615178,2.0899767671576804e-05
1989-12-27,223.5991513529685,0.018167617576446513
1989-12-28,223.61297979609793,6.184479254840833e-05
1989-12-29,225.89745221936178,0.01021618881581465
1990-01-02,229.8292070303004,0.017405042740901013
1990-01-03,228.19905058399257,-0.007092903758280436
1990-01-04,226.8110531034492,-0.006082398138779645
1990-01-05,225.22113574900766,-0.007009875985701592
1990-01-08,225.6391201070198,0.001855884247373442
1990-01-09,223.26171892578304,-0.010536298759316094
1990-01-10,218.60294595940582,-0.02086686866334618
1990-01-11,215.51869068886876,-0.014108937356726104
1990-01-12,210.7687031344597,-0.022039794039331467
1990-01-15,209.60095410314378,-0.005540428981863476
1990-01-16,213.93630777981738,0.020683845143854712
1990-01-17,212.618294586132,-0.006160773771237865
1990-01-18,212.59249245202267,-0.00012135425203918896
1990-01-19,215.96905746605833,0.01588280458585667
1990-01-22,210.07641464398563,-0.027284662401227476
1990-01-23,209.49522531978997,-0.0027665615161064517
1990-01-24,208.76255441633973,-0.003497315522737247
1990-01-25,207.7875162341193,-0.004670560699673679
1990-01-26,205.2372179197844,-0.012273587752314286
1990-01-29,204.0485720255313,-0.005791570877352598
1990-01-30,199.6095740437351,-0.021754614294682607
1990-01-31,203.93599978310277,0.02167444001668841
1990-02-01,205.0511745298205,0.005468258413932769
1990-02-02,207.66105597164997,0.012727951682373196
1990-02-05,208.55283428030015,0.004294393594781192
1990-02-06,207.12304809367396,-0.006855750445973446
1990-02-07,208.88483746215596,0.008506003482940384
1990-02-08,209.33365840812826,0.0021486525849615016
1990-02-09,210.6006417884563,0.00605245897846886
1990-02-12,208.97764867931485,-0.0077064965014290165
1990-02-13,209.30530187175023,0.0015678863003103845
1990-02-14,210.17845557551553,0.004171675040990175
1990-02-15,212.07192971521926,0.009008887873492783
1990-02-16,210.48028271660212,-0.007505222406164149
1990-02-20,207.17440505895166,-0.015706353179416842
1990-02-21,206.8655791300293,-0.001490656767347757
1990-02-22,206.30415694428643,-0.0027139468446317873
1990-02-23,203.8836598234812,-0.011732662863690641
1990-02-26,206.76602939210034,0.01413732503681097
1990-02-27,207.9323955757477,0.005640995220909936
1990-02-28,210.08906124035227,0.010371956032310052
1990-03-01,211.29596539736056,0.005744726307418307
1990-03-02,213.7660477211867,0.011690153757460207
1990-03-05,212.6174749596624,-0.005373036428228246
1990-03-06,213.1979951105973,0.0027303501325328357
1990-03-07,212.39400581372843,-0.003771092202118484
1990-03-08,215.37984502477636,0.014058020138602894
1990-03-09,216.10195089908171,0.0033527086725421563
1990-03-12,215.82253252169215,-0.0012929933127723242
1990-03-13,213.78539806596586,-0.009438933145321772
1990-03-14,214.59851435901015,0.0038034229671449734
1990-03-15,215.7856530727998,0.005531905555523236
1990-03-16,220.31859071282153,0.02100666830937301
1990-03-19,222.2632026725399,0.00882636346495648
1990-03-20,219.29589071288203,-0.013350441836427617
1990-03-21,218.20873821541315,-0.004957468623487591
1990-03-22,214.86717092543634,-0.015313627296987709
1990-03-23,216.8430549362294,0.009195839468090536
1990-03-26,218.82817083402546,0.009154620600506915
1990-03-27,219.8741520952896,0.004779920506932864
1990-03-28,216.6029720197812,-0.0148775108139621
1990-03-29,215.4751354930355,-0.005206930063003485
1990-03-30,215.52012506052182,0.00020879238517888178
1990-04-02,215.04842745915374,-0.002188647585628574
1990-04-03,219.23926442015835,0.019487875407973452
1990-04-04,217.89898737974875,-0.0061133075042664655
1990-04-05,216.4676431742584,-0.0065688428510034995
1990-04-06,214.8643262022443,-0.007406728084175622
1990-04-09,214.52398031216129,-0.0015840037110798936
1990-04-10,215.64097231282452,0.00520683980894761
1990-04-11,216.97039563616377,0.006164984831410876
1990-04-12,218.50214989257245,0.007059738504497525
1990-04-16,219.42073097332178,0.004203991041740182
1990-04-17,218.9904227065347,-0.0019611103512338426
1990-04-18,215.6065070954082,-0.01545234521813405
1990-04-19,213.3047790057036,-0.010675596579680532
1990-04-20,211.03329957051218,-0.010648985202205344
1990-04-23,208.02206729435974,-0.014268991113159843
1990-04-24,207.14633510719486,-0.004209804270071483
1990-04-25,207.9802615721391,0.0040257843061172575
1990-04-26,208.18698421289363,0.000993953172247658
1990-04-27,206.05669568337012,-0.010232573076446917
1990-04-30,208.2348140039791,0.010570480679530687
1990-05-01,209.4836985272297,0.005997481877486367
1990-05-02,210.9653501905073,0.007072873324723208
1990-05-03,212.5786012046596,0.007646995170986515
1990-05-04,215.23412070148498,0.012491941718389465
1990-05-07,217.59527262033947,0.010970156177650032
1990-05-08,217.741533163395,0.0006721678338606466
1990-05-09,218.00923391901324,0.0012294427789178108
1990-05-10,219.4103550566721,0.006426888955443663
1990-05-11,223.54391802753682,0.018839416078594087
1990-05-14,226.56374913877087,0.013508894081663532
1990-05-15,227.20613775290292,0.002835354802230826
1990-05-16,227.85867432345802,0.002872002389586808
1990-05-17,229.39178306724224,0.006728331709715321
1990-05-18,231.2893271726263,0.00827206659284656
1990-05-21,235.0590890167916,0.016298900992312952
1990-05-22,235.6916278302599,0.0026909778988512506
1990-05-23,238.9560357977078,0.013850334852788552
1990-05-24,239.94297696056654,0.004130220689190925
1990-05-25,235.0586805520182,-0.020356071556747683
1990-05-29,238.7633287208221,0.015760524819180506
1990-05-30,239.2846872946162,0.0021835789297596315
1990-05-31,239.08725187794516,-0.0008251067751273895
1990-06-01,240.84381350957838,0.007346948102987668
1990-06-04,243.1168401479086,0.009437762196203526
1990-06-05,240.82354224661572,-0.009432904359474551
1990-06-06,241.0513823851608,0.0009460874813964906
1990-06-07,240.36792292600637,-0.0028353268601561538
1990-06-08,237.68963791842833,-0.011142439369509868
1990-06-11,239.95267203497346,0.009520962446506591
1990-06-12,243.15777812549663,0.013357242756838581
1990-06-13,245.13765960800706,0.008142373638109882
1990-06-14,243.57312360872783,-0.006382275174614288
1990-06-15,243.8517007074584,0.0011437103347168515
1990-06-18,239.74521133630168,-0.016840109620900993
1990-06-19,239.82116654922626,0.0003168163922908675
1990-06-20,240.36303303020597,0.002259460617161534
1990-06-21,241.21891044357253,0.003560769734749602
1990-06-22,238.7829428027272,-0.010098576584919701
1990-06-25,235.93152504846287,-0.011941463325628125
1990-06-26,235.96689142194978,0.00014990100826764663
1990-06-27,238.00798788955572,0.008649927349155661
1990-06-28,240.5050269698269,0.010491408722928551
1990-06-29,241.57378910185648,0.004443824503359071
1990-07-02,241.5485554280192,-0.00010445534646409749
1990-07-03,241.32063304197462,-0.0009435882803800393
1990-07-05,240.4291171385858,-0.0036943210870566097
1990-07-06,241.6196172160689,0.004951563652737075
1990-07-09,242.7798333509663,0.0048018292068557865
1990-07-10,241.83247986853473,-0.003902109451826093
1990-07-11,243.98576245564547,0.008904025581184463
1990-07-12,246.6761918455476,0.011026993390203323
1990-07-13,248.00886483357297,0.005402519708346309
1990-07-16,249.4837940677931,0.005947082719038701
1990-07-17,244.77665304619623,-0.018867522193917605
1990-07-18,241.427323714644,-0.013683205852643744
1990-07-19,239.58791289659837,-0.00761890075134873
1990-07-20,235.57956563035987,-0.016730173145122068
1990-07-23,230.46612952401597,-0.021705771010577492
1990-07-24,229.56891183057436,-0.0038930566295995363
1990-07-25,231.87461323903827,0.010043613440854606
1990-07-26,230.29826512787469,-0.006798278126025491
1990-07-27,228.711713808241,-0.006889115377194645
1990-07-30,226.99283281081068,-0.007515491746397793
1990-07-31,226.45021105822093,-0.0023904796722899703
1990-08-01,226.19141469820417,-0.0011428400035813006
1990-08-02,221.989058534618,-0.01857876068900821
1990-08-03,215.53591493546384,-0.02906964713374762
1990-08-06,204.25571707326606,-0.05233558344824025
1990-08-07,205.47667876694538,0.005977613313224364
1990-08-08,208.44159722661598,0.014429464586749733
1990-08-09,212.045409168876,0.01728931264301327
1990-08-10,209.1094545562463,-0.013845876805998001
1990-08-13,210.32930379805555,0.005833544180955021
1990-08-14,211.21594363151326,0.0042154840882703964
1990-08-15,211.40292796114736,0.0008852756397988643
1990-08-16,205.0390354727446,-0.030103142609133344
1990-08-17,199.61797473397766,-0.02643916426093181
1990-08-20,195.83782600627492,-0.018936915539496696
1990-08-21,190.9231927181177,-0.025095424047445046
1990-08-22,187.64121167764,-0.017190059488075143
1990-08-23,180.82959831577793,-0.036301265063051015
1990-08-24,187.6085643293371,0.03748814395816578
1990-08-27,196.74882104640264,0.048719826569432585
1990-08-28,197.70643811105143,0.0048672061136413435
1990-08-29,195.6819142441904,-0.010240050279616233
1990-08-30,193.46457432677698,-0.011331348254527083
1990-08-31,196.410388360471,0.015226632803162667
1990-09-04,197.5732473604416,0.005920557510616025
1990-09-05,196.62378837344448,-0.004805605008176963
1990-09-06,193.4423489196038,-0.016180338504099206
1990-09-07,194.5928600003916,0.005947565707372327
1990-09-10,195.46755244612962,0.004494987358406987
1990-09-11,193.76710560534258,-0.008699381659550146
1990-09-12,195.17140592383802,0.007247361796050565
1990-09-13,192.50694617796765,-0.013651896051361828
1990-09-14,192.3080693262307,-0.0010330892244951588
1990-09-17,192.4014169532383,0.000485406708801387
1990-09-18,192.23296401344714,-0.0008755285821628148
1990-09-19,191.5774013977512,-0.0034102507811827995
1990-09-20,186.71031498436105,-0.025405326400085977
1990-09-21,185.92267838516003,-0.004218495369508604
1990-09-24,180.25121902166546,-0.030504397918286744
1990-09-25,183.4114477705776,0.017532357151672298
1990-09-26,182.146630651674,-0.006896064200342181
1990-09-27,176.80157793605935,-0.029344779513578844
1990-09-28,179.71833676391378,0.016497357443887074
1990-10-01,187.52501641386985,0.04343841474680052
1990-10-02,187.71168598041638,0.0009954382093455608
1990-10-03,183.22891841079093,-0.023881132100071346
1990-10-04,182.2176651264182,-0.005519070314575191
1990-10-05,181.07440074918256,-0.0062741687335444475
1990-10-08,182.29390300483416,0.006734813151975142
1990-10-09,176.27746103830728,-0.03300407675383056
1990-10-10,172.0577492671303,-0.023937897371122167
1990-10-11,167.71602483408327,-0.02523411152093029
1990-10-12,169.2729591512571,0.009283157758562791
1990-10-15,171.95394485075272,0.015838239686587936
1990-10-16,168.03822057354603,-0.022771936291460817
1990-10-17,169.84917398916568,0.010777032805028163
1990-10-18,175.04154935530173,0.030570507022114102
1990-10-19,177.31982764065145,0.013015642821609528
1990-10-22,181.33196676733138,0.022626567936952714
1990-10-23,181.17330828544095,-0.0008749614572592729
1990-10-24,181.24821847920006,0.00041347257202527043
1990-10-25,180.104451513781,-0.0063105004563139555
1990-10-26,176.92945920334415,-0.01762861652641545
1990-10-29,174.44225547637387,-0.014057600911512131
1990-10-30,175.7155297812995,0.007299116268868019
1990-10-31,175.27233010712646,-0.0025222567107450974
1990-11-01,175.60105745238644,0.001875523335937113
1990-11-02,179.6575628109856,0.023100688671530863
1990-11-05,183.3155131792195,0.020360681237128753
1990-11-06,183.11621567835383,-0.0010871829525460235
1990-11-07,179.88969164891887,-0.01762008906465383
1990-11-08,180.53348266153242,0.003578809917969099
1990-11-09,185.1392644834908,0.025512064322125556
1990-11-12,191.6832766800726,0.03534643077922222
1990-11-13,192.9166454997498,0.006434410142809369
1990-11-14,195.5318158323957,0.013555960015121266
1990-11-15,192.58950133257085,-0.015047753161290664
1990-11-16,187.92996190516428,-0.024194150746360357
1990-11-19,190.05525478038524,0.01130896241171722
1990-11-20,186.26913317541937,-0.01992116245005092
1990-11-21,186.91323264063647,0.0034578969378169675
1990-11-23,187.26661465172833,0.00189062061631177
1990-11-26,188.132080148123,0.004621568548159311
1990-11-27,192.26210906019068,0.0219528158558388
1990-11-28,192.78447388957187,0.002716941117179068
1990-11-29,194.2317057657437,0.007506993934588385
1990-11-30,195.81112188944059,0.008131608160831047
1990-12-03,197.72409979600613,0.0097695058794754
1990-12-04,198.8158399064889,0.0055215328410098035
1990-12-05,202.3064263883183,0.01755688321147439
1990-12-06,202.77826672987263,0.002332305255833297
1990-12-07,202.6300720130303,-0.0007308214989318937
1990-12-10,202.74454648100885,0.0005649431342608406
1990-12-11,199.8211044749846,-0.014419337322585409
1990-12-12,201.31970848094923,0.007499728369043432
1990-12-13,201.32395549945693,2.10958904109589e-05
1990-12-14,199.39659873214154,-0.009573409992536098
1990-12-17,198.3213969362062,-0.005392277515123077
1990-12-18,202.59580456779116,0.02155293224845458
1990-12-19,203.7693306157504,0.005792449900247383
1990-12-20,204.89206783063997,0.00550984395687468
1990-12-21,206.1572019035223,0.006174636657618587
1990-12-24,204.614537552135,-0.00748295153961793
1990-12-26,203.96220524549793,-0.003188103418462476
1990-12-27,202.532660927033,-0.007008868710476495
1990-12-28,202.80133648545439,0.0013265789191315397
1990-12-31,203.9429923081531,0.0056294294824855776
1991-01-02,203.16547449603013,-0.0038124272048933854
1991-01-03,199.74947400844496,-0.01681388285120219
1991-01-04,200.1778955300516,0.0021447942415533778
1991-01-07,195.6354181916086,-0.022692202485269198
1991-01-08,195.37221005434174,-0.0013454012555593462
1991-01-09,194.96660643306652,-0.0020760558585195448
1991-01-10,199.43287438796565,0.022907861179973166
1991-01-11,199.54601203575407,0.000567296881898842
1991-01-14,197.08838792940927,-0.012316077285996808
1991-01-15,198.68651672752372,0.008108690800631415
1991-01-16,206.43831268637692,0.03901520891568059
1991-01-17,212.8475824402955,0.031046900502696987
1991-01-18,215.1273265420673,0.01071068825698912
1991-01-21,218.05061521052326,0.01358864406230774
1991-01-22,215.61078254570242,-0.011189295028886838
1991-01-23,219.53844029087398,0.018216425444024516
1991-01-24,223.5576934847813,0.018307742318757925
1991-01-25,224.8102440872231,0.005602806966368563
1991-01-28,226.06564364747456,0.005584263143117017
1991-01-29,228.33545543372986,0.01004049863408183
1991-01-30,233.22972421772693,0.021434554588555945
1991-01-31,236.43545780320977,0.013744961523387113
1991-02-01,238.49175825759028,0.008697089994395052
1991-02-04,240.95798588305848,0.010340934393231678
1991-02-05,245.7304459202164,0.01980619160501309
1991-02-06,251.3269498668444,0.02277497167951693
1991-02-07,247.6358401846227,-0.014686485807340886
1991-02-08,248.6953691371894,0.004278576767307832
1991-02-11,253.6237240650184,0.019816834325975526
1991-02-12,252.4961162986577,-0.004445986945888515
1991-02-13,254.6747488240607,0.008628380338436804
1991-02-14,249.8441052539737,-0.01896789372480823
1991-02-15,252.6433150611692,0.01120382569902951
1991-02-19,255.16248400817548,0.009971247196452936
1991-02-20,252.06116306582496,-0.012154298287247992
1991-02-21,251.13695361475806,-0.003666607897169585
1991-02-22,252.94944873019455,0.007217158165487892
1991-02-25,254.38872644282046,0.0056899816143149255
1991-02-26,252.1215450059143,-0.008912271658452415
1991-02-27,254.06636502714167,0.007713819226285259
1991-02-28,254.47492797474015,0.0016080953791534416
1991-03-01,256.786055289981,0.009081945060891248
1991-03-04,257.7981531325051,0.003941405001066552
1991-03-05,266.753222035701,0.03473674576168562
1991-03-06,267.74182271670514,0.0037060496344139726
1991-03-07,269.17811358118576,0.005364462114685454
1991-03-08,267.4501348662023,-0.006419462162038969
1991-03-11,259.6410804640566,-0.029198169617870466
1991-03-12,255.05387231959546,-0.017667497517197175
1991-03-13,261.5674066749552,0.025537876747850033
1991-03-14,260.2666614721177,-0.0049728871780033304
1991-03-15,259.08799998272366,-0.0045286687227911035
1991-03-18,260.1104055669531,0.003946171124473383
1991-03-19,258.3008467081358,-0.006956887614215542
1991-03-20,260.5817491125805,0.008830410095488307
1991-03-21,257.40866718114154,-0.012176915467967344
1991-03-22,256.6980068546147,-0.002760825166880429
1991-03-25,260.274469301129,0.013932568041090967
1991-03-26,269.32232110035727,0.03476273267801852
1991-03-27,271.24724027600837,0.00714726936774712
1991-03-28,269.55975975857683,-0.00622118962653564
1991-04-01,269.261276950443,-0.0011072973518048517
1991-04-02,278.6759245791393,0.03496472918543368
1991-04-03,280.0005898832356,0.004753425708004165
1991-04-04,282.1800801013344,0.007783877237571694
1991-04-05,280.2992329990199,-0.006665414162612094
1991-04-08,280.5182365658406,0.0007813206068297453
1991-04-09,277.7621430827935,-0.009825006448021912
1991-04-10,275.8506786326314,-0.006881659354105608
1991-04-11,283.3730267535561,0.027269637900520383
1991-04-12,284.138072474641,0.002699783143969676
1991-04-15,283.2173491314433,-0.0032404082113277506
1991-04-16,287.0253535082546,0.013445519451719897
1991-04-17,288.4010735437724,0.004793026186371977
1991-04-18,282.70366716652626,-0.0197551496852574
1991-04-19,278.85844786009847,-0.013601589767007795
1991-04-22,276.1361988458476,-0.009762117788221203
1991-04-23,276.9724946946916,0.0030285629060564133
1991-04-24,279.4168577243004,0.008825291595482307
1991-04-25,276.792787978948,-0.009391236329561627
1991-04-26,276.12280381003416,-0.002420526104765491
1991-04-29,270.87629617716783,-0.01900063145989133
1991-04-30,268.3436903857937,-0.009349676686798928
1991-05-01,268.9255288760805,0.002168258510011127
1991-05-02,271.25800638774854,0.008673321277515588
1991-05-03,271.87040497910795,0.0022576240219211834
1991-05-06,272.09946526278924,0.0008425348235270083
1991-05-07,271.00191145800045,-0.004033649252962648
1991-05-08,271.9400388916682,0.0034617004308959373
1991-05-09,276.084418048769,0.015240047673714468
1991-05-10,273.51097129049424,-0.009321231442406671
1991-05-13,273.801144458637,0.0010609196653928058
1991-05-14,270.85100049607365,-0.010774768558387233
1991-05-15,262.7299255231229,-0.029983551687373114
1991-05-16,265.3577606478265,0.01000203962099619
1991-05-17,265.12531452152683,-0.0008759725953831338
1991-05-20,263.2573687174157,-0.00704552037017743
1991-05-21,265.93618667349966,0.010175661821490867
1991-05-22,270.4575051872755,0.01700151668086779
1991-05-23,271.9759457971898,0.005614340814328402
1991-05-24,274.3393041808706,0.008689586046859769
1991-05-28,278.2958906494882,0.014422237019340721
1991-05-29,279.2952665526234,0.003591055192381187
1991-05-30,282.2288327633372,0.010503458389836753
1991-05-31,284.02228175018837,0.006354591659864423
1991-06-03,286.0025728976515,0.006972309127510179
1991-06-04,286.19779892870537,0.0006826023593981377
1991-06-05,282.371822606737,-0.013368294013055889
1991-06-06,279.1566175489757,-0.011386423149731841
1991-06-07,275.4527127550542,-0.013268196277925129
1991-06-10,273.2283991504279,-0.008075119618096947
1991-06-11,274.11583778463876,0.0032479736256197933
1991-06-12,270.0860006790464,-0.014701219521501812
1991-06-13,269.578663424864,-0.0018784285483397078
1991-06-14,272.644797265334,0.011373800142475238
1991-06-17,272.4157904188718,-0.0008399457783871283
1991-06-18,270.2896563482377,-0.007804738731792535
1991-06-19,264.9869708527557,-0.019618529125843012
1991-06-20,265.2838964124642,0.001120528902809648
1991-06-21,265.00049172500866,-0.0010683071655991814
1991-06-24,255.43502098595843,-0.03609604901781214
1991-06-25,255.55880931740694,0.0004846176963936441
1991-06-26,257.036755439023,0.005783193800141853
1991-06-27,259.8892482271805,0.011097606578815327
1991-06-28,258.81162005540483,-0.004146490011136016
1991-07-01,263.83614870597245,0.019413844901909776
1991-07-02,260.7526633091519,-0.011687122526401379
1991-07-03,257.0276683210806,-0.014285549151437968
1991-07-05,256.5625293009886,-0.001809684627068759
1991-07-08,263.65423577456573,0.027641240101969118
1991-07-09,265.43782629890933,0.006764884770782181
1991-07-10,268.1276831368371,0.010133660584225398
1991-07-11,268.6588668420312,0.001981084903206405
1991-07-12,272.32631143098837,0.01365093448083945
1991-07-15,273.81813471443695,0.005478072521195306
1991-07-16,269.31901910459044,-0.0164310359302484
1991-07-17,268.2005901964419,-0.004152803288334289
1991-07-18,271.114626221794,0.010865136513002256
1991-07-19,271.81896792397185,0.0025979480044783895
1991-07-22,269.18666916285923,-0.009684014258522567
1991-07-23,264.0763237975854,-0.018984392433571886
1991-07-24,262.5912092162941,-0.005623808147335735
1991-07-25,265.9941461420844,0.01295906643617797
1991-07-26,269.0712522900596,0.011568322809373116
1991-07-29,269.4938667110904,0.0015706412982953014
1991-07-30,274.2615827135147,0.017691371089849438
1991-07-31,277.15552769447885,0.010551769417837373
1991-08-01,279.28571454669844,0.007685889832108217
1991-08-02,280.5401050772283,0.00449142389028315
1991-08-05,277.1744869301302,-0.011996923385237989
1991-08-06,279.80376943016375,0.0094860191829141
1991-08-07,281.63870861627476,0.00655795020148568
1991-08-08,283.9014145949414,0.008034073120785015
1991-08-09,283.2819527990095,-0.002181960934628354
1991-08-12,285.42605363608743,0.007568787266159319
1991-08-13,287.6888543131722,0.00792780003177212
1991-08-14,289.9924224157419,0.008007151017613184
1991-08-15,287.02028188882986,-0.010249028240645242
1991-08-16,284.6795666520634,-0.008155225900283579
1991-08-19,276.99531022699597,-0.02699265182758677
1991-08-20,279.27852903661244,0.008242806738299583
1991-08-21,291.3599509978218,0.04325940129692361
1991-08-22,289.83399584914747,-0.005237353807372531
1991-08-23,292.0867820359833,0.00777267752954807
1991-08-26,292.0210058603523,-0.00022519394808781905
1991-08-27,292.0941451570369,0.0002504590259494915
1991-08-28,295.26372572112246,0.010851229360936047
1991-08-29,293.95162807614963,-0.004443815920050124
1991-08-30,292.74137171677853,-0.004117195632805124
1991-09-03,289.6216939971085,-0.010656770860144304
1991-09-04,287.0566190391067,-0.00885663957903433
1991-09-05,285.9685070829179,-0.0037905830558138363
1991-09-06,285.1757823414611,-0.0027720700770274527
1991-09-09,286.5868833643896,0.004948179720390567
1991-09-10,281.53618715194614,-0.017623612613217883
1991-09-11,284.86896683100065,0.011837837660477319
1991-09-12,290.88087061842265,0.02110410219231978
1991-09-13,284.719757437005,-0.02118088126014928
1991-09-16,283.7777717446112,-0.0033084661945254733
1991-09-17,283.2905864959784,-0.0017167843895512026
1991-09-18,286.2975398342512,0.010614377891852463
1991-09-19,288.81555128562104,0.008795085884522743
1991-09-20,291.99575829556477,0.011011204195160197
1991-09-23,290.20833074093406,-0.006121416163934286
1991-09-24,292.7366334925877,0.008712026788475076
1991-09-25,294.4092214054087,0.005713626931025311
1991-09-26,293.32101164717346,-0.003696248891391677
1991-09-27,291.3057176989842,-0.006870608882985062
1991-09-30,292.9412488741129,0.005614483601790281
1991-10-01,293.78868580675,0.0028928562839618662
1991-10-02,290.41833972722435,-0.011472007746896712
1991-10-03,285.68276261918356,-0.0163060539237593
1991-10-04,285.7864431880333,0.00036292203246408313
1991-10-07,284.1413732370062,-0.005756291070618456
1991-10-08,285.2944411085443,0.0040580780560116585
1991-10-09,281.72012469002436,-0.012528517571641133
1991-10-10,284.3810786962835,0.009445381330804801
1991-10-11,286.8077308446288,0.008533099879464602
1991-10-14,292.59006151316584,0.02016100002433155
1991-10-15,298.84779191064865,0.021387364851424413
1991-10-16,303.2716157276219,0.01480293292009988
1991-10-17,297.9855049648031,-0.017430285225131098
1991-10-18,298.64966326100097,0.002228827527286368
1991-10-21,296.3627848554112,-0.007657394890786245
1991-10-22,296.2933280158455,-0.0002343642424590422
1991-10-23,294.8279424394693,-0.004945725866286777
1991-10-24,291.0597522655114,-0.01278098046874091
1991-10-25,288.3002632927385,-0.009480833235423106
1991-10-28,291.81088372689015,0.012176958820835233
1991-10-29,295.58288899161835,0.012926198010689848
1991-10-30,300.312773510678,0.016001888794022017
1991-10-31,298.0525379161755,-0.007526271920039358
1991-11-01,295.5069584664284,-0.008540707177145534
1991-11-04,292.39443685577874,-0.010532820028342
1991-11-05,294.54638829006086,0.007359755053560002
1991-11-06,294.93547017059973,0.0013209528142497822
1991-11-07,298.4529537659946,0.011926282021488583
1991-11-08,301.17563949043154,0.009122663019685522
1991-11-11,303.5251122433714,0.0078010052769042545
1991-11-12,307.7153351286396,0.013805193429624493
1991-11-13,308.6038562920348,0.0028874776846067036
1991-11-14,306.7918628541541,-0.005871583912308412
1991-11-15,289.94852287604385,-0.05490152125096419
1991-11-18,294.1016579963737,0.014323698148672386
1991-11-19,289.8232972212471,-0.014547217463083342
1991-11-20,290.6505986298636,0.0028545027834148344
1991-11-21,294.12760032779573,0.011962823108993537
1991-11-22,291.7956738768235,-0.007928281631419063
1991-11-25,288.42788853150046,-0.011541587647885121
1991-11-26,289.5711470850069,0.003963758703526151
1991-11-27,290.6940370028448,0.0038777686559645264
1991-11-29,290.24927164015645,-0.0015300119922446549
1991-12-02,299.5699674447576,0.032112727628673225
1991-12-03,299.5820470272357,4.0323075711313995e-05
1991-12-04,300.7763924319997,0.003986705533978193
1991-12-05,299.9833109940896,-0.0026367808706575704
1991-12-06,301.82996667514163,0.006155861387530266
1991-12-09,301.4585634059752,-0.001230504953691855
1991-12-10,302.02104119320563,0.001865854400934493
1991-12-11,300.5144699166863,-0.0049882990621024905
1991-12-12,303.71679578881043,0.010656145353040478
1991-12-13,307.13320477435076,0.011248666629276281
1991-12-16,308.8615579488876,0.005627373229822664
1991-12-17,304.6436941215604,-0.01365616315393075
1991-12-18,305.3896913393513,0.0024487531899915543
1991-12-19,300.21361887684907,-0.01694907395138808
1991-12-20,301.530404085674,0.004386160806932313
1991-12-23,309.16049550957075,0.025304550786622436
1991-12-24,313.01548246063976,0.01246920938173236
1991-12-26,319.7469972763026,0.02150537335324701
1991-12-27,322.89877691758886,0.009857104736351074
1991-12-30,333.06777778893843,0.03149284419229898
1991-12-31,337.26966614338517,0.012615715582998854
1992-01-02,339.83272074676734,0.007599422244787714
1992-01-03,341.3131517516977,0.004356352153722072
1992-01-06,343.4302893063282,0.006202918181631216
1992-01-07,346.2360228812334,0.00816973243848789
1992-01-08,350.9786938123688,0.013697797507228904
1992-01-09,357.12823902996996,0.017521135402277864
1992-01-10,353.8582941895695,-0.009156220323775738
1992-01-13,355.03790296044707,0.003333562587756166
1992-01-14,359.45459937377836,0.012440070134774581
1992-01-15,362.5256565653081,0.008543658077765654
1992-01-16,358.78665600669734,-0.010313754325791288
1992-01-17,356.5462441113629,-0.006244412543850668
1992-01-20,348.47918944166497,-0.022625549428528752
1992-01-21,338.3986020814307,-0.028927372611217996
1992-01-22,353.0819808827119,0.0433907785403553
1992-01-23,352.82951133504537,-0.0007150451207828258
1992-01-24,352.19981140352957,-0.0017847144620446326
1992-01-27,347.13991886411696,-0.014366539605029231
1992-01-28,347.519527379767,0.0010935317289124584
1992-01-29,343.89224142142695,-0.01043764644159451
1992-01-30,347.8709304801703,0.011569580756745234
1992-01-31,344.9369126157141,-0.008434213978173776
1992-02-03,348.0741170292711,0.00909500925768439
1992-02-04,353.7251283896897,0.016235080645032263
1992-02-05,357.74483096790425,0.01136391580805703
1992-02-06,355.92214989384524,-0.005094919384656464
1992-02-07,353.62021786599456,-0.006467515518596538
1992-02-10,352.026634499833,-0.004506482620757508
1992-02-11,351.172526560647,-0.0024262594232380957
1992-02-12,362.98264263657245,0.03363052398088396
1992-02-13,356.6937491820379,-0.017325603805334475
1992-02-14,353.5147885779367,-0.008912296925278576
1992-02-18,345.2242069517126,-0.023451866496375443
1992-02-19,344.7269051338784,-0.0014405183872397255
1992-02-20,352.1426320092625,0.02151188887477207
1992-02-21,349.1470373605906,-0.008506765089985198
1992-02-24,345.65650125641145,-0.009997324137607457
1992-02-25,345.01641600415365,-0.001851795785501379
1992-02-26,354.68612591966246,0.028026811093511596
1992-02-27,354.26024533302586,-0.001200725248365187
1992-02-28,352.7228022502905,-0.004339869073624255
1992-03-02,353.49486798646467,0.0021888739011160893
1992-03-03,352.54886429226866,-0.002676145482916009
1992-03-04,348.38024303787466,-0.01182423679838635
1992-03-05,344.21156447754356,-0.011965886825212048
1992-03-06,339.6043035629231,-0.013384968403410488
1992-03-09,339.9274108179683,0.0009514227342096262
1992-03-10,347.07890661818635,0.021038302804147084
1992-03-11,341.7066128309702,-0.01547859488080644
1992-03-12,341.4845760379658,-0.0006497878140691014
1992-03-13,343.1595027491842,0.004904838545422984
1992-03-16,345.0023212694928,0.005370151505480829
1992-03-17,349.747223128749,0.01375324618627643
1992-03-18,349.4538384781168,-0.0008388476912202395
1992-03-19,349.3746321733586,-0.00022665741805307494
1992-03-20,347.66354793030104,-0.004897562918101402
1992-03-23,345.8042002359259,-0.005348123797976875
1992-03-24,345.806562286474,6.830601092896173e-06
1992-03-25,344.39118272509404,-0.004092980630620303
1992-03-26,339.95668736776247,-0.012876332437556494
1992-03-27,330.6976631777551,-0.027235893671334298
1992-03-30,328.79707862510656,-0.005747196803223083
1992-03-31,329.51332467752974,0.00217838326124487
1992-04-01,330.4029817121516,0.0026999121674139135
1992-04-02,324.0301501594985,-0.019288057025481566
1992-04-03,322.7165360690282,-0.004053987228730569
1992-04-06,331.0567798722791,0.0258438687550456
1992-04-07,319.2264771881003,-0.03573496573229186
1992-04-08,317.08654041900036,-0.006703506513462036
1992-04-09,325.9530525749166,0.02796243619864798
1992-04-10,319.27382289210243,-0.020491385584674178
1992-04-13,323.52388468056284,0.013311651265242226
1992-04-14,326.99442564174086,0.010727309869577947
1992-04-15,332.62763481322435,0.017227233034410573
1992-04-16,325.66254787020154,-0.020939591946212848
1992-04-20,314.0829025144369,-0.03555719081452333
1992-04-21,311.7897168167716,-0.007301211493229568
1992-04-22,315.78064930501444,0.01280007733734269
1992-04-23,313.7220809694451,-0.006518981894868978
1992-04-24,309.93940038738936,-0.012057425382257715
1992-04-27,305.70182314402143,-0.013672276703353829
1992-04-28,300.5825258142523,-0.016746047756991476
1992-04-29,309.10327730894807,0.028347461222550396
1992-04-30,314.0840142997697,0.01611350430892838
1992-05-01,313.69847721166735,-0.0012274966905331528
1992-05-04,317.0002289969217,0.010525240079589215
1992-05-05,321.14458775829496,0.013073677500130592
1992-05-06,321.4936669038222,0.0010869843641580924
1992-05-07,319.0676475859681,-0.007546087427532014
1992-05-08,317.5700366412572,-0.004693709801171125
1992-05-11,318.22951866158496,0.0020766506415489014
1992-05-12,316.33394659353667,-0.005956619222568396
1992-05-13,315.0199197845274,-0.004153922850074761
1992-05-14,310.73678034343374,-0.013596408265303828
1992-05-15,309.1676185356188,-0.005049810344564698
1992-05-18,310.7656554818628,0.005168836742389616
1992-05-19,312.6452080371623,0.006048134734789688
1992-05-20,315.8512401789078,0.010254537921350022
1992-05-21,314.2106242627195,-0.005194267767506728
1992-05-22,314.6617302902257,0.0014356803770232648
1992-05-26,312.1296060655286,-0.008047131191840909
1992-05-27,314.3562061791142,0.0071335755093932885
1992-05-28,318.34813745108386,0.012698751268473767
1992-05-29,321.73807981821545,0.010648538402875038
1992-06-01,325.49981437121994,0.011691915843874967
1992-06-02,323.7264728769933,-0.005448056852665989
1992-06-03,323.8307287813415,0.0003220493629134922
1992-06-04,322.4043057732934,-0.004404841422604014
1992-06-05,319.66146911234887,-0.008507444261222727
1992-06-08,316.58620746380035,-0.009620370128085979
1992-06-09,311.10834565242743,-0.017302907335276906
1992-06-10,308.80415023060857,-0.007406408262647807
1992-06-11,308.77564446428204,-9.23101788146701e-05
1992-06-12,310.34933865041455,0.00509656190294047
1992-06-15,310.11077425605333,-0.0007686963194400945
1992-06-16,305.3469816958226,-0.015361583523368276
1992-06-17,299.4299079947181,-0.019378196136875057
1992-06-18,297.9419476038369,-0.004969311184864772
1992-06-19,302.97533780516835,0.016893862182924803
1992-06-22,301.32822989066807,-0.005436442208241521
1992-06-23,303.5653730664175,0.007424273446139459
1992-06-24,301.37317026871364,-0.007221517973409448
1992-06-25,297.25200214337616,-0.01367463507671543
1992-06-26,296.0088911193559,-0.004182010600623936
1992-06-29,307.00697755371846,0.03715458138021915
1992-06-30,307.4479476023913,0.0014363518776886635
1992-07-01,312.3491285865041,0.015941498462859503
1992-07-02,307.0949211972579,-0.01682158491372584
1992-07-06,308.6547086055538,0.005079170317160676
1992-07-07,302.38981984309396,-0.020297402203139865
1992-07-08,303.7187832268797,0.004394868135690923
1992-07-09,308.4466877803026,0.015566717682689869
1992-07-10,309.1020455258377,0.002124703462537638
1992-07-13,311.30290918121716,0.0071201847002837215
1992-07-14,315.66356210076447,0.014007748694082538
1992-07-15,315.8086217445659,0.00045953876600796924
1992-07-16,317.7399889499384,0.00611562532619709
1992-07-17,311.8830371752269,-0.018433159118773308
1992-07-20,306.683551774145,-0.016671267049899366
1992-07-21,311.44248774437267,0.015517415077194696
1992-07-22,307.4329173556958,-0.012874192014443016
1992-07-23,308.79267504242705,0.004422941103466918
1992-07-24,309.74413035734773,0.003081210766382175
1992-07-27,308.1273909723751,-0.005219596520222718
1992-07-28,313.1417720050473,0.016273726970030166
1992-07-29,316.57392351534907,0.010960375833366778
1992-07-30,317.4233864005799,0.0026833002408980754
1992-07-31,317.3745120468951,-0.00015397212612139395
1992-08-03,319.27981131406534,0.006003315309985284
1992-08-04,317.56691598243276,-0.0053648720367968136
1992-08-05,312.98530834383104,-0.014427219612685383
1992-08-06,310.92524280699917,-0.006581987978070722
1992-08-07,309.6512418644558,-0.004097450985458194
1992-08-10,310.5968214338703,0.0030536921593500876
1992-08-11,308.842947424869,-0.005646786727901704
1992-08-12,307.25239892056413,-0.005150023717772604
1992-08-13,307.5811989770811,0.0010701301525133753
1992-08-14,308.563410642979,0.0031933410402339873
1992-08-17,306.68096580580084,-0.006100674196125814
1992-08-18,306.7443192200769,0.00020657758824251424
1992-08-19,304.57171935452976,-0.007082771316095213
1992-08-20,305.71730928501626,0.003761314191988289
1992-08-21,301.9008665200205,-0.012483567822578777
1992-08-24,296.8224498298878,-0.016821471063236983
1992-08-25,298.2232828378417,0.004719430786845036
1992-08-26,302.431975337108,0.014112555060145226
1992-08-27,305.7626307295559,0.011012907576109746
1992-08-28,305.4277738766011,-0.001095152969333819
1992-08-31,305.5667696150262,0.0004550854582113113
1992-09-01,308.33596884826284,0.009062501255373575
1992-09-02,313.024838875324,0.015207016049978463
1992-09-03,314.6709292366916,0.0052586573234311455
1992-09-04,312.8555290483733,-0.005769202108126137
1992-09-08,312.23099359705463,-0.001996242333380968
1992-09-09,316.54229593677,0.013808053742669987
1992-09-10,321.46633903100144,0.01555571927492106
1992-09-11,321.85656955497177,0.001213907885804295
1992-09-14,331.5028299931323,0.02997068057830327
1992-09-15,326.65453081525527,-0.014625212032058693
1992-09-16,325.18626523707246,-0.00449485753195699
1992-09-17,326.00543474071804,0.0025190778062179164
1992-09-18,326.691860405057,0.002105565095517204
1992-09-21,326.0245633881921,-0.00204258843803926
1992-09-22,320.941113509149,-0.015592229696479597
1992-09-23,322.51599582056906,0.004907075613343574
1992-09-24,324.28493409132557,0.0054848078659040745
1992-09-25,316.82187590108293,-0.023013891197735604
1992-09-28,314.4182220445038,-0.007586767327044019
1992-09-29,317.25949874910685,0.00903661590008264
1992-09-30,319.85570775626826,0.008183234914629096
1992-10-01,315.6195669868841,-0.013243911759774237
1992-10-02,310.8727227725294,-0.015039765308821788
1992-10-05,310.16418491868245,-0.0022791895265941342
1992-10-06,314.5273330948218,0.014067221130909425
1992-10-07,311.89446228428943,-0.008370880789996805
1992-10-08,314.9299496858096,0.009732418393351809
1992-10-09,312.1540581576932,-0.008814314201890815
1992-10-12,314.6933934878384,0.008134878479979332
1992-10-13,316.7587044195412,0.006562930695215066
1992-10-14,316.19911239707756,-0.001766619242521109
1992-10-15,318.80579363225036,0.008243796813380548
1992-10-16,323.1488696845773,0.0136229520889345
1992-10-19,329.7026319083923,0.02028093810203343
1992-10-20,330.30751897919316,0.0018346443499697974
1992-10-21,333.05740096216783,0.008325217638015395
1992-10-22,333.09031881873284,9.883538534176777e-05
1992-10-23,332.418446186453,-0.0020170884421454502
1992-10-26,334.1923546226466,0.005336371842610111
1992-10-27,330.8850942177263,-0.00989627787462312
1992-10-28,333.6963995539798,0.00849631907082401
1992-10-29,338.20339642892844,0.013506279603174345
1992-10-30,336.2240260845923,-0.005852603389664897
1992-11-02,337.43627624560327,0.0036054834484252995
1992-11-03,332.9745708236869,-0.013222364446283984
1992-11-04,334.81558075212706,0.005528980558142876
1992-11-05,343.7357955567293,0.02664217353494699
1992-11-06,345.4236736956823,0.00491039385705883
1992-11-09,347.92331064614245,0.007236437861124545
1992-11-10,351.81783531160767,0.011193629591051208
1992-11-11,355.3650797192235,0.010082616773746072
1992-11-12,354.28463757565737,-0.0030403722966245825
1992-11-13,356.01353113257136,0.004879956321969476
1992-11-16,352.0774931675548,-0.011055866198385675
1992-11-17,345.541593346669,-0.01856381037618702
1992-11-18,351.7553863194987,0.017982764137443853
1992-11-19,354.25055177071016,0.007093467643293232
1992-11-20,356.35753138989145,0.005947710197343804
1992-11-23,350.8786380368362,-0.015374709022385727
1992-11-24,357.5626859623344,0.019049458134286528
1992-11-25,357.23819519277737,-0.0009075073610763511
1992-11-27,356.885489931964,-0.0009873111709767734
1992-11-30,358.5785867279314,0.004744089753523391
1992-12-01,360.32815645721683,0.004879180726463412
1992-12-02,359.2067314415376,-0.0031122325457583317
1992-12-03,362.4991292190863,0.009165746322002039
1992-12-04,366.19004595115103,0.010181863719275359
1992-12-07,369.7021030196771,0.009590804303278707
1992-12-08,368.41721529617024,-0.003475467715796225
1992-12-09,365.59966492915663,-0.007647716366208851
1992-12-10,362.2814084118384,-0.00907620229346008
1992-12-11,358.5339598142189,-0.010344026799629171
1992-12-14,357.01884793099055,-0.00422585320512853
1992-12-15,354.50764501045325,-0.007033810497933949
1992-12-16,356.56390972996576,0.005800339565178879
1992-12-17,364.63871921724086,0.022646177212355355
1992-12-18,365.70390928271377,0.002921220400728496
1992-12-21,367.18284312521735,0.004044074468343367
1992-12-22,363.41470947950256,-0.010262281357274059
1992-12-23,364.2959924338222,0.002425006284368157
1992-12-24,365.3816610243838,0.002980182634753492
1992-12-28,366.92445678100216,0.004222422527427855
1992-12-29,367.6933902737455,0.0020956179903871648
1992-12-30,367.8287501237005,0.00036813239926414054
1992-12-31,368.08674182706216,0.0007013908055714203
1993-01-04,364.1921628917414,-0.010580600963754709
1993-01-05,368.1493028001799,0.010865527355169201
1993-01-06,375.0292832963952,0.018688017181848378
1993-01-07,372.0167567459587,-0.008032776864668618
1993-01-08,373.5723902542049,0.004181622144801724
1993-01-11,378.9649484478894,0.014435109056145822
1993-01-12,376.0034550777773,-0.007814689411887206
1993-01-13,384.1203892081796,0.021587392405006726
1993-01-14,389.73350912844086,0.01461291844422037
1993-01-15,387.58963601913183,-0.005500869335314243
1993-01-18,387.1060764445173,-0.001247607081502635
1993-01-19,384.3080330643334,-0.007228105034886756
1993-01-20,384.01395741559315,-0.0007652081753155561
1993-01-21,387.70586397797774,0.009613990562298882
1993-01-22,386.15467915746683,-0.0040009320586367626
1993-01-25,389.4731358228023,0.008593594340423057
1993-01-26,387.75839188147035,-0.00440272712958591
1993-01-27,380.8412174494624,-0.01783887744748637
1993-01-28,378.86065696380507,-0.005200488799299126
1993-01-29,378.7505098487755,-0.00029073252396349285
1993-02-01,383.786105542471,0.013295284264319727
1993-02-02,385.7917765208444,0.005226012483017117
1993-02-03,384.87418715571107,-0.0023784575539901954
1993-02-04,382.53582099274666,-0.006075663790926958
1993-02-05,377.171892726284,-0.014022028714964175
1993-02-08,373.83629523483427,-0.008843706426105307
1993-02-09,370.9969306324674,-0.007595208487135399
1993-02-10,375.44561022304345,0.011991149314879844
1993-02-11,374.4563614978427,-0.002634865605734627
1993-02-12,369.20459698961986,-0.014025037489590343
1993-02-16,354.5961896396878,-0.039567241223550646
1993-02-17,353.59655615186847,-0.0028190756613460893
1993-02-18,356.02135180570343,0.006857520560221586
1993-02-19,355.65549583112806,-0.0010276236880732417
1993-02-22,347.92361890776453,-0.02173979318186827
1993-02-23,348.835520655726,0.0026209825904437217
1993-02-24,357.9255020755637,0.026058072878446498
1993-02-25,359.5019469085394,0.004404393718341074
1993-02-26,358.96231028376013,-0.001501067322221142
1993-03-01,356.8833562353175,-0.0057915663814377336
1993-03-02,364.15402826075535,0.02037268451556436
1993-03-03,367.9898539019791,0.01053352522157739
1993-03-04,363.4632491294121,-0.01230089559418324
1993-03-05,363.5063324214836,0.00011853548377905005
1993-03-08,367.4692839217731,0.010902015032009202
1993-03-09,367.43060527253067,-0.00010525682263740149
1993-03-10,369.33438065120976,0.005181319550849627
1993-03-11,369.82733506809063,0.0013347103402930431
1993-03-12,370.759908817732,0.002521646350099242
1993-03-15,372.4739590269341,0.00462307322997196
1993-03-16,371.7503133450274,-0.0019428087907062926
1993-03-17,363.62457352775533,-0.02185805774891279
1993-03-18,363.46318223193396,-0.00044384045405847146
1993-03-19,359.4371171658459,-0.011076954318632828
1993-03-22,357.25566734833563,-0.006069072205761522
1993-03-23,355.949116949126,-0.0036571859276782795
1993-03-24,356.3295618537522,0.0010688182285350616
1993-03-25,362.3334155075581,0.01684915958858909
1993-03-26,360.5667727268613,-0.004875737939384058
1993-03-29,359.3054553371694,-0.0034981520347892965
1993-03-30,365.7593936531897,0.01796226085675204
1993-03-31,367.49980400361653,0.004758347647735473
1993-04-01,362.3078200716006,-0.014127854968774006
1993-04-02,348.8540832257463,-0.03713344316773371
1993-04-05,352.4697907498393,0.010364526883732206
1993-04-06,348.2284942870762,-0.012033077937658869
1993-04-07,352.9648483328838,0.013601282271584901
1993-04-08,349.25521589349694,-0.0105099203416661
1993-04-12,356.8814819379308,0.02183579714027657
1993-04-13,353.6728142505361,-0.008990849483058302
1993-04-14,354.30893315387476,0.0017986084248139923
1993-04-15,351.66262247696045,-0.007468935805141042
1993-04-16,348.3413820318934,-0.009444394236935714
1993-04-19,345.0856552426727,-0.00934636812379234
1993-04-20,346.72389075059044,0.0047473300701697235
1993-04-21,347.8917484085198,0.0033682641695129325
1993-04-22,346.1349569679434,-0.005049822103033584
1993-04-23,341.20803566042855,-0.014234104959156628
1993-04-26,334.6898774884278,-0.019103178972278555
1993-04-27,342.1776253742013,0.022372197037935082
1993-04-28,347.35428071484273,0.015128561766656574
1993-04-29,346.66097039168756,-0.0019959746047417477
1993-04-30,347.6550391496602,0.0028675531509919703
1993-05-03,352.7951048838686,0.014784959673763582
1993-05-04,361.29573067248094,0.024095078619105495
1993-05-05,363.41487551728727,0.005865402397260416
1993-05-06,359.70468099581876,-0.010209253311899697
1993-05-07,361.2511288135701,0.004299215160253537
1993-05-10,362.91444790308867,0.004604329113050263
1993-05-11,361.03481883512694,-0.005179262161708394
1993-05-12,358.9403932000092,-0.005801173531891907
1993-05-13,355.61865572496123,-0.009254287168502207
1993-05-14,357.7583361804338,0.006016783487105351
1993-05-17,360.70010090376996,0.008222770585148474
1993-05-18,364.1080972453658,0.009448282196364207
1993-05-19,372.9879836787545,0.024388049869170408
1993-05-20,378.9019093116939,0.015855539298104775
1993-05-21,375.02782794640564,-0.010224496815880049
1993-05-24,375.4641826964939,0.00116352632410678
1993-05-25,374.5765990305701,-0.0023639636131185097
1993-05-26,382.89437133425963,0.022205798026936414
1993-05-27,381.23970341523614,-0.004321473604476081
1993-05-28,376.51652325857,-0.012389003858608597
1993-06-01,381.04654039944063,0.012031390021520406
1993-06-02,381.21249493503757,0.0004355230083520653
1993-06-03,380.57038611843404,-0.0016843855464731116
1993-06-04,377.0642232012607,-0.009212915783947076
1993-06-07,372.70334411024675,-0.011565348348327096
1993-06-08,369.00269750788107,-0.009929201497239684
1993-06-09,368.5036982546226,-0.001352291613661745
1993-06-10,367.78988165239235,-0.0019370676756057597
1993-06-11,371.40299620760544,0.009823855237616199
1993-06-14,375.57300986862214,0.011227732957452281
1993-06-15,375.4013735236914,-0.0004569986139067125
1993-06-16,373.39865858295315,-0.005334863114484334
1993-06-17,372.3677256940499,-0.002760944275524754
1993-06-18,366.1810611699527,-0.016614395118604706
1993-06-21,366.0956155479586,-0.00023334254841354335
1993-06-22,364.3894373248738,-0.004660471610759442
1993-06-23,363.1026648322228,-0.003531311176574625
1993-06-24,366.06131561904266,0.008148248617748205
1993-06-25,370.56473708664424,0.012302369235563474
1993-06-28,376.93455690062694,0.017189492621618136
1993-06-29,374.3894898562953,-0.006752013042419491
1993-06-30,374.56566221525173,0.0004705590400628096
1993-07-01,372.1126236942117,-0.006549021355914766
1993-07-02,372.6161592423838,0.0013531805053349697
1993-07-06,369.1263035243201,-0.00936581957465122
1993-07-07,366.13091179506245,-0.008114815174801828
1993-07-08,369.02844507190775,0.007913926913844464
1993-07-09,370.83130717752806,0.004885428561662799
1993-07-12,371.25748190231263,0.0011492414921174799
1993-07-13,370.3491479017927,-0.002446641602657014
1993-07-14,372.1520721712645,0.004868174477209417
1993-07-15,368.8086912734864,-0.00898391047044738
1993-07-16,359.1934656268503,-0.026071038655393296
1993-07-19,357.1434509162276,-0.005707271726241199
1993-07-20,364.00076061531126,0.019200435235454248
1993-07-21,360.8106834739923,-0.008763929877306863
1993-07-22,356.42345874480264,-0.012159353727966483
1993-07-23,361.3982437937986,0.013957512972113027
1993-07-26,364.6789622400605,0.00907784833656734
1993-07-27,360.18930922276274,-0.012311247651139163
1993-07-28,365.09264149940805,0.013613208807407483
1993-07-29,365.62691283378155,0.0014633856551565824
1993-07-30,361.06555902913965,-0.012475432317848952
1993-08-02,363.50736441964426,0.006762775704972636
1993-08-03,364.51233435926673,0.002764648086915498
1993-08-04,368.49497377641654,0.010925938690525822
1993-08-05,370.8404512286275,0.006365018844555676
1993-08-06,371.5999004538885,0.00204791365867677
1993-08-09,370.73684169904055,-0.0023225484016377814
1993-08-10,367.00407911413583,-0.010068496477981333
1993-08-11,368.12168069925895,0.003045202080098785
1993-08-12,367.78621075456743,-0.0009113017849268169
1993-08-13,368.86289826765756,0.002927482003420243
1993-08-16,379.2459477112717,0.028148804047187923
1993-08-17,382.8912869335777,0.00961207164982369
1993-08-18,384.59233203977846,0.004442632058367736
1993-08-19,378.9151028929843,-0.014761680548032716
1993-08-20,379.5313956279259,0.0016264665362670063
1993-08-23,379.1493837673567,-0.0010065355988196458
1993-08-24,379.6735891725621,0.0013825827698748948
1993-08-25,376.5648056185807,-0.008188042683602315
1993-08-26,373.2001381286797,-0.00893516186244177
1993-08-27,375.0751937975555,0.005024263062382121
1993-08-30,377.95772303117786,0.007685203610607568
1993-08-31,381.37821021141013,0.00904992006195924
1993-09-01,382.9258761571347,0.00405808697058658
1993-09-02,383.3477897445219,0.001101815295485547
1993-09-03,382.4699468267705,-0.002289938643800178
1993-09-07,375.28438135068745,-0.018787268217279243
1993-09-08,373.41370121516644,-0.004984700212644777
1993-09-09,376.94692977958493,0.009461968194848291
1993-09-10,379.34414019652513,0.006359543552568379
1993-09-13,376.2293731195566,-0.008210927089462463
1993-09-14,372.76196650633767,-0.009216203893035943
1993-09-15,375.95756127404366,0.008572748978808886
1993-09-16,374.34267348423515,-0.004295399151797725
1993-09-17,374.80551437290046,0.0012364096360090809
1993-09-20,376.11217153077376,0.0034862271438548323
1993-09-21,374.2618204532994,-0.0049196788020539435
1993-09-22,382.81073620080684,0.022842072795865562
1993-09-23,385.9553669760142,0.008214583546992876
1993-09-24,386.9505505925613,0.0025784940480148484
1993-09-27,391.53290715414755,0.01184222778483968
1993-09-28,395.1280633560313,0.00918225808403968
1993-09-29,396.02097242281786,0.002259796632014962
1993-09-30,391.75494342758617,-0.01077222998855988
1993-10-01,391.8494293372814,0.0002411862601364628
1993-10-04,393.3816987363028,0.003910352508648221
1993-10-05,390.2927017838219,-0.00785241652675752
1993-10-06,389.41472554138113,-0.00224953282095195
1993-10-07,386.93985374113623,-0.00635536264532428
1993-10-08,390.3407053316695,0.00878909618032904
1993-10-11,389.6721502420155,-0.001712747557511028
1993-10-12,391.62971832501177,0.005023628406034424
1993-10-13,395.45040972490267,0.009755877097968688
1993-10-14,401.27757408309094,0.014735512253589544
1993-10-15,401.75089170434927,0.0011795267212225677
1993-10-18,399.09653738911317,-0.006606965585005944
1993-10-19,391.8100693711041,-0.018257407257093974
1993-10-20,393.0409003393486,0.003141396978949686
1993-10-21,396.55466540999436,0.008939947643138445
1993-10-22,397.40675710056274,0.0021487370213824964
1993-10-25,396.61542362225356,-0.0019912431385985608
1993-10-26,393.7410445044566,-0.007247270142813555
1993-10-27,399.5277050534126,0.014696615020765153
1993-10-28,398.5063394178729,-0.0025564325643028262
1993-10-29,400.2901184595358,0.004476162272019449
1993-11-01,404.43345233550974,0.01035082727477518
1993-11-02,404.73279329274175,0.0007401488563900122
1993-11-03,397.169272688945,-0.01868768908558903
1993-11-04,386.4625422791583,-0.02695760006130178
1993-11-05,392.781860769675,0.016351697251818145
1993-11-08,394.0277965421327,0.0031720807320791133
1993-11-09,395.1256885687648,0.00278633141181138
1993-11-10,402.3667170651863,0.018325886435402877
1993-11-11,404.0789883858243,0.004255499394003234
1993-11-12,404.61383429366276,0.0013236172214126627
1993-11-15,400.4642292786251,-0.010255717089559331
1993-11-16,402.7806365879084,0.00578430516367465
1993-11-17,395.0219243776453,-0.019262872902704096
1993-11-18,390.86725760497797,-0.010517559953698777
1993-11-19,389.67163926406465,-0.0030588858945090345
1993-11-22,382.3064915597381,-0.018900907744367555
1993-11-23,390.346683112691,0.021030748183611676
1993-11-24,394.2604894559998,0.010026488023670203
1993-11-26,395.5758941343454,0.0033363847342669966
1993-11-29,392.3780549120554,-0.00808400933855671
1993-11-30,396.0360206925867,0.009322554446504755
1993-12-01,402.37686822050597,0.016010784869594535
1993-12-02,405.67654128706,0.008200454169114269
1993-12-03,411.423604671654,0.014166615023784131
1993-12-06,408.5945580129671,-0.006876238082996375
1993-12-07,406.5284986644985,-0.005056502363898549
1993-12-08,404.2985700037908,-0.0054852948022913696
1993-12-09,396.55931545264775,-0.01914242375645924
1993-12-10,396.26473420389254,-0.000742842841603562
1993-12-13,397.1116170342827,0.0021371642674475402
1993-12-14,392.0448927738638,-0.01275894243099283
1993-12-15,394.21828515146893,0.005543733428658034
1993-12-16,395.48027547323113,0.0032012475557224593
1993-12-17,398.41153584813355,0.007411900306266472
1993-12-20,399.1151204367893,0.0017659744393646354
1993-12-21,397.8783561562697,-0.003098765787590481
1993-12-22,397.7783429719659,-0.00025136623482118056
1993-12-23,399.73680921768585,0.004923511499111328
1993-12-27,401.303118028876,0.003918350212119549
1993-12-28,404.2755731893822,0.007407007389093763
1993-12-29,404.93347013784705,0.0016273477600306705
1993-12-30,407.3426933073776,0.0059496765449157515
1993-12-31,407.9084414140621,0.001388875057733345
1994-01-03,405.0979948191181,-0.006889895647173257
1994-01-04,407.82411682587036,0.006729537153027612
1994-01-05,410.77558549545967,0.007237111656272017
1994-01-06,413.9933717402607,0.007833440833441743
1994-01-07,414.5789826064951,0.0014145416477871601
1994-01-10,418.814414341623,0.010216223959302901
1994-01-11,417.73057544841237,-0.002587873903324011
1994-01-12,418.36742671819013,0.0015245502896075588
1994-01-13,417.8878723290578,-0.0011462517359301044
1994-01-14,421.7305853458014,0.009195560032232071
1994-01-17,420.75286153895433,-0.0023183611547770043
1994-01-18,420.9185864040249,0.0003938769767707086
1994-01-19,416.23957512103175,-0.01111619071746553
1994-01-20,421.516348824539,0.0126772513208839
1994-01-21,421.5796525510345,0.00015018095187055612
1994-01-24,419.16791732938765,-0.005720710681962627
1994-01-25,416.3529725950203,-0.006715553881847599
1994-01-26,417.0820428587889,0.0017510869664853518
1994-01-27,419.8904351692167,0.006733428970421088
1994-01-28,422.5452073270088,0.006322535441232973
1994-01-31,424.05648854718817,0.0035766142745757117
1994-02-01,420.19667694541073,-0.009102116595364744
1994-02-02,421.79645858467825,0.0038072210634719898
1994-02-03,420.0262256832144,-0.004196888962519459
1994-02-04,407.1522477089966,-0.030650414633698178
1994-02-07,409.34967663511816,0.005397069372664189
1994-02-08,411.2362701162991,0.0046087577170914485
1994-02-09,413.74773468440844,0.0061071086151984755
1994-02-10,411.08622211186344,-0.0064326940051409
1994-02-11,411.62069173600673,0.0013001399594410044
1994-02-14,414.9860228772045,0.00817580653442017
1994-02-15,418.2351222204265,0.007829418737275044
1994-02-16,418.7081717947713,0.0011310613318016595
1994-02-17,417.3270840201344,-0.003298449535190393
1994-02-18,417.8923290357736,0.0013544412459267374
1994-02-22,420.5016237025826,0.0062439400905720584
1994-02-23,418.89513638634764,-0.0038204069275395423
1994-02-24,412.62752891132317,-0.014962235009679938
1994-02-25,416.3787275845529,0.009091004381425776
1994-02-28,422.24393094538283,0.01408622240347014
1994-03-01,419.70516769240845,-0.0060125511982853635
1994-03-02,418.16009445623,-0.00368133002667902
1994-03-03,418.15168298449146,-2.0115433897324916e-05
1994-03-04,422.06693300784116,0.009363229140691764
1994-03-07,425.4634433262584,0.0080473262717176
1994-03-08,422.0538148336218,-0.008013916462435105
1994-03-09,423.1928344702823,0.0026987545109847023
1994-03-10,419.80365566534374,-0.008008592133136842
1994-03-11,419.4571706377743,-0.0008253501914371
1994-03-14,423.04840375248375,0.008561620508833028
1994-03-15,422.9478078192237,-0.00023778823502877894
1994-03-16,425.49044269933165,0.0060116989214772255
1994-03-17,428.70927829482457,0.0075650009318010344
1994-03-18,427.75835644801435,-0.0022181041907758246
1994-03-21,423.1228978519347,-0.010836628966342618
1994-03-22,420.7478303800029,-0.005613185871030062
1994-03-23,420.5755029587812,-0.000409574117271147
1994-03-24,413.8358439965016,-0.016024849081474273
1994-03-25,409.67798901165554,-0.010047111783969161
1994-03-28,403.59752837412503,-0.014842048634830404
1994-03-29,392.4110232748894,-0.027716981182466682
1994-03-30,389.5951708113742,-0.007175773096319611
1994-03-31,392.3734806321301,0.007131273765457063
1994-04-04,384.65502102964246,-0.019671206091841108
1994-04-05,398.8883896831828,0.03700294517263948
1994-04-06,398.3266063084765,-0.0014083723398228911
1994-04-07,400.59273607900855,0.005689124790165382
1994-04-08,394.37509442950653,-0.01552110432745264
1994-04-11,393.30443285175716,-0.0027148306089109318
1994-04-12,384.709506693793,-0.02185311285622784
1994-04-13,376.29893865718736,-0.021862126852248403
1994-04-14,374.66116462830223,-0.00435232168001722
1994-04-15,375.31857928918896,0.0017546912329142943
1994-04-18,369.3498129536978,-0.01590319974778585
1994-04-19,366.17497854482315,-0.008595738504604752
1994-04-20,364.1477431494135,-0.0055362477345281425
1994-04-21,376.0765151978905,0.032758055687255816
1994-04-22,378.1889959177756,0.005617156707521451
1994-04-25,384.044893732677,0.015484051302683856
1994-04-26,384.7331218922964,0.001792051322256336
1994-04-28,381.65215382832855,-0.008008065561951744
1994-04-29,382.4735924921145,0.0021523228823580563
1994-05-02,389.210977278939,0.017615294020497465
1994-05-03,386.3946901821505,-0.007235888146007157
1994-05-04,386.8677594609909,0.0012243162001459161
1994-05-05,387.5867689943975,0.0018585408471576902
1994-05-06,383.83792580961506,-0.009672268211087107
1994-05-09,377.1104130783936,-0.017526961977588164
1994-05-10,379.1820744108379,0.005493513996426395
1994-05-11,374.2238932186158,-0.013075990472192106
1994-05-12,375.7216913937797,0.00400241193121495
1994-05-13,373.85825690067537,-0.004959613819983901
1994-05-16,369.4258995252152,-0.011855716153509324
1994-05-17,369.43776680845485,3.212358217142557e-05
1994-05-18,377.7299591700853,0.022445437653183294
1994-05-19,380.9289818914736,0.008469073325337926
1994-05-20,379.5574176482914,-0.003600577294937841
1994-05-23,379.0705021831252,-0.0012828506110698383
1994-05-24,386.35863084011896,0.019226314405948935
1994-05-25,387.6311061705529,0.003293508230078873
1994-05-26,385.1322240009937,-0.0064465470644136874
1994-05-27,386.16899353507705,0.0026919833487646203
1994-05-31,388.2664330829494,0.005431403305252183
1994-06-01,388.6575800894791,0.0010074190638214664
1994-06-02,390.1248333009091,0.0037751822853735162
1994-06-03,392.2992556911391,0.005573657979759602
1994-06-06,392.3249120698179,6.540001875260161e-05
1994-06-07,389.44671282487246,-0.007336264296245407
1994-06-08,380.23468818429865,-0.023654133767759593
1994-06-09,379.5189310265231,-0.0018824088911863226
1994-06-10,383.968642634034,0.011724610404743957
1994-06-13,381.1449672990962,-0.0073539217045623835
1994-06-14,386.7836643169708,0.014794100674691056
1994-06-15,387.19532712304516,0.001064323145087519
1994-06-16,387.21752287319254,5.7324426697672904e-05
1994-06-17,381.2131464587292,-0.015506468741161917
1994-06-20,377.00568983363553,-0.011037018697226942
1994-06-21,369.98646603644573,-0.01861834976625211
1994-06-22,372.29422548864966,0.006237415862602337
1994-06-23,362.3128005675422,-0.026810582162552977
1994-06-24,360.54120950437533,-0.004889672847306964
1994-06-27,370.1806090708109,0.026735916206878388
1994-06-28,371.09446110271637,0.002468665320421071
1994-06-29,371.79307506729873,0.0018825771813096464
1994-06-30,369.30398951305955,-0.006694814188749037
1994-07-01,369.0288610105358,-0.0007449919587559385
1994-07-05,365.8373480234561,-0.008648410258049128
1994-07-06,362.4666593093959,-0.009213626580969204
1994-07-07,368.2185959186265,0.015868870864398244
1994-07-08,368.3022117748148,0.00022708211131948657
1994-07-11,367.77404150790795,-0.0014340675945485571
1994-07-12,370.3587540460266,0.0070279906855881535
1994-07-13,378.38647436239535,0.021675524686993214
1994-07-14,376.72755416092406,-0.004384195297325673
1994-07-15,376.4421906717831,-0.0007574797383125551
1994-07-18,377.4106953847922,0.0025727847117259675
1994-07-19,373.8656036146877,-0.009393193710342636
1994-07-20,368.5470996755671,-0.014225710757285903
1994-07-21,371.2959302750647,0.007458559847350194
1994-07-22,374.2190492772245,0.007872747218086295
1994-07-25,375.3003141335545,0.00288939020720185
1994-07-26,373.1492438184605,-0.005731597427676376
1994-07-27,370.89564387072284,-0.006039406444125205
1994-07-28,371.2355565571202,0.0009164644880969024
1994-07-29,379.45861528110413,0.02215051489206864
1994-08-01,382.9695176334401,0.009252398577734508
1994-08-02,382.15108929405426,-0.002137058699719223
1994-08-03,379.7949461782465,-0.006165475336365593
1994-08-04,376.79294229953405,-0.007904275475281252
1994-08-05,376.3845350178318,-0.0010839037462055294
1994-08-08,378.1732491090347,0.0047523580933477114
1994-08-09,379.9894495393867,0.004802561880383945
1994-08-10,383.3434205937645,0.00882648467857035
1994-08-11,383.9191986031845,0.0015019900655349441
1994-08-12,386.45307310532417,0.0066000202942667905
1994-08-15,386.5811772163967,0.00033148684791963433
1994-08-16,390.11980048487385,0.009153635709729093
1994-08-17,396.65204203966016,0.016744193826274758
1994-08-18,395.3517696914382,-0.003278118376841514
1994-08-19,393.80543549387914,-0.0039112868996791705
1994-08-22,392.46758316768853,-0.0033972419007188164
1994-08-23,396.4984501523811,0.01027057305512626
1994-08-24,398.2430836232878,0.004400101615116424
1994-08-25,401.3718023796838,0.007856304064166778
1994-08-26,409.3396884224628,0.019851633810692295
1994-08-29,408.5043698603994,-0.0020406488441973647
1994-08-30,411.8895167047819,0.008286684535441676
1994-08-31,407.9543088955853,-0.00955403730757514
1994-09-01,401.50715875428386,-0.01580360839613441
1994-09-02,401.3038641860609,-0.0005063286265025054
1994-09-06,403.6485334347989,0.005842628137891283
1994-09-07,407.0952952895663,0.008539017410611333
1994-09-08,410.89068916727575,0.009323109162953466
1994-09-09,404.832942052518,-0.014742965159504075
1994-09-12,401.588036862863,-0.008015417849158147
1994-09-13,406.7369158564109,0.012821295758135733
1994-09-14,407.866558369189,0.002777329690863183
1994-09-15,417.41418116116586,0.023408692367797843
1994-09-16,414.71937791666926,-0.006455945595811323
1994-09-19,414.11988100283355,-0.001445548353316155
1994-09-20,406.91345931322854,-0.017401776683973608
1994-09-21,403.69561783937,-0.00790792587517119
1994-09-22,403.53332940386485,-0.0004020069288186067
1994-09-23,400.100117619585,-0.008507876634011157
1994-09-26,398.7723957327114,-0.003318474122859399
1994-09-27,399.2150595132077,0.0011100662564240023
1994-09-28,401.92383889911815,0.00678526353493139
1994-09-29,401.15655496482754,-0.0019090281790506052
1994-09-30,403.85511254821006,0.0067269437579528055
1994-10-03,402.7017177250134,-0.0028559619213906853
1994-10-04,392.4390600084328,-0.025484514380910775
1994-10-05,396.82958428400775,0.011187786138007217
1994-10-06,392.58606042188364,-0.01069356728979932
1994-10-07,397.21247282547284,0.011784454085347612
1994-10-10,402.84733418373645,0.014186013138463129
1994-10-11,410.4784348647781,0.01894290971666483
1994-10-12,410.0290350633398,-0.0010948195161247765
1994-10-13,410.0410870222316,2.9392940160756723e-05
1994-10-14,408.9558951357397,-0.0026465442630948283
1994-10-17,406.9616142201837,-0.0048765183220895285
1994-10-18,408.1426998028146,0.0029022038967829998
1994-10-19,414.02051321765475,0.014401368486266997
1994-10-20,413.2634665367405,-0.001828524570028344
1994-10-21,410.7323101323347,-0.006124800785362361
1994-10-24,408.9636006463804,-0.004306234114828708
1994-10-25,408.64748489993065,-0.0007729679266081322
1994-10-26,414.13578507551557,0.013430402433356256
1994-10-27,415.97328145796615,0.004436941816355028
1994-10-28,422.3538678103041,0.015338933140066917
1994-10-31,423.6003121560245,0.0029511848729657834
1994-11-01,420.53579708556015,-0.007234449509412958
1994-11-02,419.3582614962322,-0.0028000840772382236
1994-11-03,418.6011916733091,-0.0018053056120129814
1994-11-04,411.72154589135585,-0.016434845191081834
1994-11-07,410.4244983894963,-0.0031503027101763043
1994-11-08,417.86170972309384,0.018120778274155393
1994-11-09,418.7660505379315,0.002164210775466719
1994-11-10,416.5116036248473,-0.0053835474728388955
1994-11-11,415.13914215232904,-0.0032951338223806688
1994-11-14,422.72372662263496,0.018269981556022084
1994-11-15,422.3255936004959,-0.0009418279530225476
1994-11-16,423.29151808029883,0.002287155915813671
1994-11-17,421.5088047894396,-0.004211549758767118
1994-11-18,422.99779972527654,0.0035325357831631032
1994-11-21,419.7726491777336,-0.007624509039142965
1994-11-22,408.1335110514331,-0.02772724270887993
1994-11-23,407.35581261092966,-0.001905500086233909
1994-11-25,411.4619678568139,0.010080021246207327
1994-11-28,414.185364293184,0.006618829075638632
1994-11-29,419.6027084116467,0.013079516046414351
1994-11-30,415.21466853840764,-0.010457606171917712
1994-12-01,408.7957490076572,-0.015459279300862935
1994-12-02,412.36691374731924,0.008735816721017626
1994-12-05,413.0595464651713,0.0016796515306184013
1994-12-06,410.26119681868863,-0.006774688226988086
1994-12-07,405.92426613112264,-0.010571145214795031
1994-12-08,396.23309716145377,-0.02387432774599985
1994-12-09,398.62474636044846,0.006035965233919228
1994-12-12,398.8864180231755,0.0006564360720606528
1994-12-13,397.50342920695766,-0.0034671243585372553
1994-12-14,401.73120355194123,0.010635818547322377
1994-12-15,403.8357322592483,0.005238648849528456
1994-12-16,402.10399376676116,-0.004288225023573329
1994-12-19,400.47834027939996,-0.004042868294176105
1994-12-20,400.67499074647094,0.0004910389583960453
1994-12-21,408.0520144899345,0.018411490394546214
1994-12-22,410.10534677313484,0.005032035648119451
1994-12-23,411.49194243953434,0.0033810719058158362
1994-12-27,414.45340616178345,0.007196893588467391
1994-12-28,410.5879622423308,-0.00932660671135565
1994-12-29,416.795871038066,0.01511955869780536
1994-12-30,414.7050506593595,-0.0050164133668098585
1995-01-03,408.2759357287744,-0.015502861420093878
1995-01-04,409.968089544178,0.0041446327528050645
1995-01-05,408.29555722652947,-0.004079664638065145
1995-01-06,411.9572753471509,0.008968302632276328
1995-01-09,413.94600317572184,0.004827509908388124
1995-01-10,418.0898308854347,0.010010551322931348
1995-01-11,417.6072414868082,-0.0011542720319325883
1995-01-12,417.8324620298957,0.0005393118718095532
1995-01-13,421.0735601069884,0.007756932195614832
1995-01-16,424.3239862835718,0.007719378475716935
1995-01-17,427.6471274974044,0.007831612921386477
1995-01-18,430.07781260580646,0.00568385697485327
1995-01-19,428.6104442022521,-0.0034118672494721784
1995-01-20,420.71130656417364,-0.018429643385803798
1995-01-23,422.5153312001513,0.004288034592439595
1995-01-24,424.2689802295515,0.004150497981739461
1995-01-25,421.46809381683175,-0.00660167616120404
1995-01-26,416.9849109517331,-0.010637063471397656
1995-01-27,417.7230250419561,0.0017701218217662299
1995-01-30,412.0695376939476,-0.013534057279798386
1995-01-31,415.78244083557485,0.009010380049944037
1995-02-01,417.5565975306738,0.0042670313145825485
1995-02-02,421.7516061651805,0.010046562931384293
1995-02-03,426.8698123767574,0.012135593882178145
1995-02-06,431.7819150038662,0.011507261663125802
1995-02-07,431.41216072776,-0.0008563449817088317
1995-02-08,436.6329065271047,0.012101526740780121
1995-02-09,437.4222775249507,0.0018078596139821759
1995-02-10,441.8736722862007,0.010176424452904415
1995-02-13,439.8206668787122,-0.004646136523288498
1995-02-14,440.8869887492953,0.002424446941410345
1995-02-15,443.63557408050036,0.006234217387549086
1995-02-16,441.9630816483119,-0.0037699691591570467
1995-02-17,436.6285954842664,-0.012069981375255195
1995-02-21,435.7650360037098,-0.001977789566436468
1995-02-22,440.267662139385,0.010332692537629121
1995-02-23,442.1340679958654,0.004239252656920168
1995-02-24,439.45634541357566,-0.0060563588651457965
1995-02-27,435.69035931643657,-0.008569647785139826
1995-02-28,443.6394999398448,0.018244931184338894
1995-03-01,440.8694723726632,-0.006243870456884921
1995-03-02,442.7974085115646,0.004373031610752362
1995-03-03,447.9256923482694,0.01158155792723174
1995-03-06,448.49864123210386,0.0012791159194971825
1995-03-07,443.24631310816255,-0.01171091200970472
1995-03-08,448.26173606723637,0.011315205137081374
1995-03-09,448.2715022924043,2.1786881150311788e-05
1995-03-10,453.1330469173098,0.010845089638855459
1995-03-13,452.1673570016108,-0.002131139898686693
1995-03-14,457.75715251439254,0.012362227007824123
1995-03-15,454.98715187827224,-0.006051244903340326
1995-03-16,456.1252238115873,0.0025013276278612723
1995-03-17,455.3656777451697,-0.0016652139078617305
1995-03-20,458.1028984062351,0.0060110385890726065
1995-03-21,458.6357778654876,0.0011632309271703352
1995-03-22,458.63527525093656,-1.0958904109589054e-06
1995-03-23,460.3682586816527,0.003778565505603618
1995-03-24,467.147831236996,0.014726411796412297
1995-03-27,468.87977768853204,0.0037074911531748207
1995-03-28,472.3872460836239,0.007480528190793136
1995-03-29,463.49369538653957,-0.01882682221168602
1995-03-30,459.95444124007815,-0.007636035142850795
1995-03-31,458.651269724962,-0.002833262163101826
1995-04-03,460.0242283436975,0.0029934695690668704
1995-04-04,453.2232144215667,-0.014784034194497996
1995-04-05,456.0947247099865,0.006335752885219357
1995-04-06,451.23233265884653,-0.010660925872869485
1995-04-07,455.42701055394724,0.009296049045031793
1995-04-10,460.9130799956936,0.012045990498177775
1995-04-11,464.9846438893476,0.008833691362570995
1995-04-12,468.72797202960976,0.008050433900249343
1995-04-13,470.72758865722875,0.004266049280055995
1995-04-17,468.80745361256345,-0.004079079048973068
1995-04-18,465.0836408166782,-0.007943160389601427
1995-04-19,458.5494152547986,-0.014049570847956785
1995-04-20,460.5490276182334,0.004360734736350524
1995-04-21,462.9384011599056,0.005188098114176877
1995-04-24,468.1371665235921,0.011229928972539115
1995-04-25,470.89577134662596,0.005892727645444955
1995-04-26,474.92622977129065,0.008559130639756652
1995-04-27,477.29505813854513,0.004987781720111043
1995-04-28,481.6229511698173,0.009067542094718254
1995-05-01,478.02119618999507,-0.007478370727711263
1995-05-02,477.33346237203114,-0.0014387098803262382
1995-05-03,487.12823465053805,0.020519768779321327
1995-05-04,486.276382859763,-0.0017487218563427469
1995-05-05,482.3782539725579,-0.008016282559889995
1995-05-08,489.0230875605881,0.013775151622834658
1995-05-09,488.2225222638252,-0.0016370705537776537
1995-05-10,485.0218732139675,-0.006555717739150464
1995-05-11,491.88311704222684,0.014146256503431027
1995-05-12,495.5955226795447,0.007547332910389768
1995-05-15,498.82476709339636,0.0065158869805603675
1995-05-16,503.6448734881776,0.009662925164817988
1995-05-17,507.38801613198837,0.007432107107308121
1995-05-18,500.5462503072296,-0.013484287384073689
1995-05-19,502.44318662685913,0.0037897323543331558
1995-05-22,507.7955132310801,0.010652600625662157
1995-05-23,516.0310309338937,0.01621817737303615
1995-05-24,513.3432311601258,-0.005208601058164188
1995-05-25,514.532435121963,0.0023165864272714086
1995-05-26,508.78817704220774,-0.011164034932790303
1995-05-30,494.4472403010477,-0.028186458310666167
1995-05-31,500.62113502131956,0.012486458042546307
1995-06-01,503.55395342299647,0.00585835913929598
1995-06-02,505.2867529381169,0.0034411397295988134
1995-06-05,513.654400366427,0.01656019553185253
1995-06-06,507.8179045925664,-0.011362690107778817
1995-06-07,509.8994096937926,0.00409892026728813
1995-06-08,513.7039938345746,0.007461440567398629
1995-06-09,513.2418911252058,-0.0008995505483991963
1995-06-12,514.5530264812495,0.0025546148487007227
1995-06-13,518.2755335798219,0.007234447971336326
1995-06-14,519.0647070790804,0.0015226910168952665
1995-06-15,525.1153974474446,0.011656909602683223
1995-06-16,530.8378710961877,0.010897554473854048
1995-06-19,544.1283545780067,0.025036803524160833
1995-06-20,553.3789556761113,0.01700077016805884
1995-06-21,549.2450581735096,-0.007470283176111956
1995-06-22,560.0545901742272,0.019680708710724318
1995-06-23,558.6180967940385,-0.0025649167159612235
1995-06-26,550.2368862267635,-0.015003471272011269
1995-06-27,541.3646377804353,-0.016124415989573995
1995-06-28,544.2460440345893,0.005322487013499213
1995-06-29,549.9479030888043,0.010476620118257767
1995-06-30,551.8139294948144,0.003393096683393961
1995-07-03,552.7761974147501,0.001743826801937866
1995-07-05,557.3082080939706,0.00819863572349179
1995-07-06,568.0560285287912,0.019285236209922167
1995-07-07,582.0960419460986,0.02471589546135018
1995-07-10,588.2477969837482,0.01056828185445604
1995-07-11,578.42182647762,-0.01670379482339082
1995-07-12,594.5539904390024,0.027889964076254554
1995-07-13,598.1839837232625,0.006105405636214359
1995-07-14,604.9523196795111,0.011314806381342189
1995-07-17,612.1910926446889,0.011965857026571557
1995-07-18,593.2783516755087,-0.03089352523486815
1995-07-19,571.2888553098568,-0.03706438352849081
1995-07-20,564.4167226234017,-0.012029173372772648
1995-07-21,561.800832079204,-0.004634679376682956
1995-07-24,577.0393376946604,0.02712439132398421
1995-07-25,587.366421323397,0.01789667177630319
1995-07-26,591.601469904367,0.007210232705213345
1995-07-27,599.2004451992427,0.012844753911960528
1995-07-28,588.8721060711198,-0.017236868248134623
1995-07-31,583.4345537618701,-0.00923384254949397
1995-08-01,573.5165115287788,-0.01699940836404329
1995-08-02,565.6701697556188,-0.013681108765717355
1995-08-03,567.2079232832255,0.002718463178412016
1995-08-04,574.9196721029784,0.01359598218430082
1995-08-07,578.0663127516376,0.005473183126868975
1995-08-08,580.178367277494,0.0036536543978886228
1995-08-09,590.2078607402552,0.01728691386723867
1995-08-10,584.3204163895537,-0.009975204910550333
1995-08-11,590.3604030722597,0.010336771595328377
1995-08-14,599.6809138046067,0.015787831778423213
1995-08-15,598.9828697553588,-0.0011640257896808161
1995-08-16,611.6787426184933,0.02119571945074133
1995-08-17,611.5242372816967,-0.00025259229401234935
1995-08-18,610.7441372859661,-0.0012756648848430898
1995-08-21,593.6869926676226,-0.027928462308524648
1995-08-22,604.3111537500536,0.01789522292663548
1995-08-23,606.4334004233934,0.003511844287781744
1995-08-24,598.0641764336922,-0.013800730605962742
1995-08-25,594.9253147312207,-0.005248369365957886
1995-08-28,580.5142902518302,-0.024223249746737216
1995-08-29,581.3033299016491,0.0013592079696722415
1995-08-30,587.4662597965125,0.010601917411871936
1995-08-31,591.5062861157046,0.00687703549237266
1995-09-01,587.8546810462306,-0.006173400275174289
1995-09-05,610.5680044040081,0.038637649899042434
1995-09-06,609.2956604606171,-0.0020838693384088243
1995-09-07,614.4432190497073,0.008448375596830647
1995-09-08,619.7035760202945,0.008561176700302391
1995-09-11,625.3215025564452,0.009065506079904891
1995-09-12,621.464796199032,-0.0061675575550275905
1995-09-13,623.2177823664284,0.002820732852637666
1995-09-14,619.5456831285801,-0.005892160560478493
1995-09-15,604.0491833572299,-0.025012682992311266
1995-09-18,606.2213273698112,0.0035959721036436187
1995-09-19,616.3631510113235,0.01672957249048662
1995-09-20,618.5878724329712,0.0036094328773506345
1995-09-21,610.0342960120805,-0.013827585056345458
1995-09-22,607.7672144458123,-0.003716318215366891
1995-09-25,602.9349929335779,-0.007950776872096868
1995-09-26,595.5915965691296,-0.012179416438775506
1995-09-27,590.9248251539734,-0.007835522599779477
1995-09-28,610.634661650125,0.033354219787628724
1995-09-29,600.0096220887971,-0.017399994184109757
1995-10-02,588.5116012838901,-0.019163060693725587
1995-10-03,587.7828415455322,-0.0012383098935824723
1995-10-04,573.2506828757355,-0.024723686441042475
1995-10-05,587.3610931294314,0.024614729079624267
1995-10-06,581.894478906749,-0.00930707581184272
1995-10-09,560.8798805644807,-0.0361141050551813
1995-10-10,564.8069530691731,0.007001628407031202
1995-10-11,578.72243249968,0.02463758520480302
1995-10-12,587.7154646363754,0.015539456623189207
1995-10-13,584.5357629126131,-0.005410274044310841
1995-10-16,582.9545690899984,-0.0027050420571977252
1995-10-17,604.4586224107055,0.036888043187096535
1995-10-18,613.2157032938067,0.01448747781639066
1995-10-19,616.588912347281,0.005500852367862807
1995-10-20,606.8357825263249,-0.0158178806424317
1995-10-23,608.3925375798008,0.002565364631259699
1995-10-24,609.3763413862483,0.0016170543615822927
1995-10-25,599.2233322613716,-0.01666131163179052
1995-10-26,597.3152681235656,-0.0031842287091948885
1995-10-27,608.656497002651,0.018987006501128424
1995-10-30,622.5703361914477,0.02285992059119708
1995-10-31,614.0376407499409,-0.013705592678419606
1995-11-01,616.2212428157744,0.003556137150104749
1995-11-02,630.3516831893709,0.02293079074818731
1995-11-03,637.5498549350827,0.011419294875666222
1995-11-06,631.4051463587515,-0.009638004822316193
1995-11-07,611.4179568074838,-0.0316550944611899
1995-11-08,613.9707153239666,0.004175144822065785
1995-11-09,632.6644006774295,0.030447193794249677
1995-11-10,629.2386338426284,-0.005414824717706577
1995-11-13,623.811828923718,-0.008624398800451702
1995-11-14,606.747381431069,-0.02735512008820176
1995-11-15,608.5925542636811,0.003041089074435019
1995-11-16,606.7665608544388,-0.003000354500642092
1995-11-17,603.8023073280223,-0.004885327764671732
1995-11-20,586.2239027554435,-0.029112847631152013
1995-11-21,588.8381796809053,0.004459519499586887
1995-11-22,583.525664763056,-0.009022028633958838
1995-11-24,593.0406204593116,0.016305976362015296
1995-11-27,588.5164181149476,-0.007628823706645938
1995-11-28,613.2188808171517,0.0419741267054665
1995-11-29,614.8384192173485,0.002641044577816534
1995-11-30,608.8286171376656,-0.009774604012763293
1995-12-01,601.957452497072,-0.011285876595120325
1995-12-04,613.2148731870208,0.018701356122845722
1995-12-05,606.2719525227681,-0.01132216612452464
1995-12-06,604.9894858712616,-0.0021153323127846542
1995-12-07,602.0663169625578,-0.004831768116588156
1995-12-08,614.6272915255653,0.020863107948602546
1995-12-11,611.2720871378006,-0.00545892516330799
1995-12-12,599.9198512566956,-0.018571493971302155
1995-12-13,602.4827785705419,0.004272116197651396
1995-12-14,580.6916716316009,-0.036168846171242906
1995-12-15,577.6044860834018,-0.005316393706017788
1995-12-18,561.9750264509095,-0.027059103606469365
1995-12-19,589.6301774358725,0.049210640479197154
1995-12-20,579.5188313657825,-0.01714862375949152
1995-12-21,595.5250775605942,0.027619889688638877
1995-12-22,600.0567977570439,0.007609621101117313
1995-12-26,599.9618793369752,-0.0001581823927725792
1995-12-27,595.1212483866256,-0.008068230861099274
1995-12-28,586.4968394594081,-0.014491851787511029
1995-12-29,590.8747223271943,0.007464461141549286
1996-01-02,600.8264892441615,0.01684243129875574
1996-01-03,586.8265760257683,-0.023301091860988176
1996-01-04,577.7897493462403,-0.015399484359977513
1996-01-05,579.488906106056,0.0029407873049639047
1996-01-08,577.4393551735266,-0.003536825141833434
1996-01-09,547.9773631769946,-0.0510217942933218
1996-01-10,548.8665889658444,0.0016227418295059967
1996-01-11,569.2787180557514,0.03718960035145665
1996-01-12,566.7226215590081,-0.004490061573833499
1996-01-15,547.9806040113118,-0.03307088306469668
1996-01-16,559.8819109621372,0.021718482120910397
1996-01-17,559.3253258120266,-0.0009941116853627203
1996-01-18,568.3555400643672,0.016144833490653515
1996-01-19,578.933894920089,0.018612213852131614
1996-01-22,585.7022112765436,0.011691000329819923
1996-01-23,581.7005035704839,-0.006832324736042815
1996-01-24,596.8615808399587,0.02606337312141909
1996-01-25,586.728629733306,-0.01697705369541925
1996-01-26,591.6366909522401,0.008365129925848537
1996-01-29,590.7867489482851,-0.0014365944792690954
1996-01-30,598.7397155019462,0.01346165357943268
1996-01-31,606.7643679923414,0.013402572574741926
1996-02-01,617.0752486420911,0.016993220422396097
1996-02-02,616.600431943713,-0.0007694632047272523
1996-02-05,630.9954649600326,0.023345804301404822
1996-02-06,634.8162799699236,0.006055217861404273
1996-02-07,630.5788255022604,-0.006675087897657466
1996-02-08,639.5256766201159,0.014188315173331661
1996-02-09,638.7124411850845,-0.0012716228054038036
1996-02-12,641.0399594996323,0.0036440785625365154
1996-02-13,634.1166110235602,-0.010800182380949012
1996-02-14,633.139395437001,-0.001541066058783477
1996-02-15,635.8425773470136,0.0042694893565212765
1996-02-16,634.6193215613403,-0.0019238343408479084
1996-02-20,632.340524811275,-0.0035908089663246063
1996-02-21,643.0500130854681,0.016936267491933128
1996-02-22,659.582188033304,0.02570900336120281
1996-02-23,658.7381531737609,-0.0012796507771985412
1996-02-26,653.9405380073463,-0.0072830382501756965
1996-02-27,646.9458677305344,-0.010696186992972966
1996-02-28,647.2910461009392,0.0005335506224278869
1996-02-29,638.4615489107778,-0.013640691066788812
1996-03-01,619.9347205503841,-0.029017923463050675
1996-03-04,616.5832654639016,-0.005406141929761582
1996-03-05,631.3206587321554,0.023901708161290756
1996-03-06,623.0758114419416,-0.01305968239146716
1996-03-07,624.8254388945334,0.0028080490695709566
1996-03-08,606.5351214732635,-0.029272683669265873
1996-03-11,620.6406787683609,0.023255961272012092
1996-03-12,614.0157042291825,-0.010674412370657707
1996-03-13,630.1362972700772,0.02625436602005501
1996-03-14,625.8381564724089,-0.006820970028689169
1996-03-15,637.2639161102202,0.018256732223253407
1996-03-18,649.0929489499379,0.018562219734518496
1996-03-19,645.1228204868609,-0.006116425189180669
1996-03-20,630.6362648067787,-0.022455500286208244
1996-03-21,626.7892729203816,-0.006100175491138048
1996-03-22,628.1902501046122,0.002235164583629906
1996-03-25,612.7442555382553,-0.024588083886664537
1996-03-26,617.1074232397401,0.007120699479511426
1996-03-27,623.2334755744574,0.009927043662116887
1996-03-28,623.2507392876553,2.770023414084169e-05
1996-03-29,624.8976710646995,0.002642486680282959
1996-04-01,628.2702518903033,0.005397012953909046
1996-04-02,631.1572856689044,0.004595210054773073
1996-04-03,633.9827941979081,0.004476710628491341
1996-04-04,633.3953004458994,-0.0009266714450066361
1996-04-08,625.8080520685533,-0.011978693829911378
1996-04-09,626.2660038155065,0.0007317766932519912
1996-04-10,624.2642276735677,-0.003196367246095046
1996-04-11,619.0955953083816,-0.008279558776654547
1996-04-12,620.096757876214,0.0016171372812525753
1996-04-15,626.2670584036985,0.009950544732111431
1996-04-16,641.4931201266455,0.024312410366524793
1996-04-17,636.1298369112861,-0.008360624684954732
1996-04-18,649.1727765206921,0.020503580955635797
1996-04-19,648.7287265695898,-0.0006840242954768243
1996-04-22,660.2787252098452,0.017804049932135285
1996-04-23,670.7284211223775,0.015826189022236353
1996-04-24,680.4811380240492,0.014540485529674893
1996-04-25,683.2138363093677,0.004015832522931691
1996-04-26,683.1795455631194,-5.019035684855981e-05
1996-04-29,683.5275841100485,0.0005094393548363639
1996-04-30,683.2473454164071,-0.00040998885802997413
1996-05-01,690.0380479004318,0.00993886405791449
1996-05-02,672.9925672912087,-0.024702232958149353
1996-05-03,677.4365447848145,0.006603308431016812
1996-05-06,679.3320437868907,0.0027980465722856635
1996-05-07,677.1663121217304,-0.003188031074005718
1996-05-08,679.9398324390135,0.00409577421031616
1996-05-09,678.921818899275,-0.0014972112107136345
1996-05-10,689.165552251074,0.0150882370644783
1996-05-13,705.5298535807729,0.023745094739931395
1996-05-14,712.6069022127195,0.010030828030916985
1996-05-15,707.2030355452508,-0.007583236495028524
1996-05-16,712.4150583884109,0.007369910168925792
1996-05-17,707.8617407000169,-0.006391383274090658
1996-05-20,710.3714385040157,0.003545463272978958
1996-05-21,704.8242980416347,-0.007808788700827843
1996-05-22,705.4046967019062,0.0008234657373250938
1996-05-23,709.151279800659,0.005311253407115017
1996-05-24,705.8892056188371,-0.004599969392622281
1996-05-28,701.9399053321126,-0.005594787758883738
1996-05-29,693.7597532226907,-0.011653635941315424
1996-05-30,700.8772586582753,0.010259323061797544
1996-05-31,709.4291507632713,0.01220169722922288
1996-06-03,706.2008294484715,-0.0045505901629873426
1996-06-04,709.6193045035218,0.0048406556782438015
1996-06-05,716.5418346068695,0.00975527308715356
1996-06-06,703.8947656884526,-0.017650147287430487
1996-06-07,708.4504800231726,0.006472152595515137
1996-06-10,705.7550684225401,-0.0038046577377494964
1996-06-11,707.9029720026582,0.0030434121924464773
1996-06-12,714.2720016524237,0.008997037590826087
1996-06-13,708.8177126846932,-0.007636151151259336
1996-06-14,697.8412102632882,-0.015485649166173855
1996-06-17,695.0743443356586,-0.003964893283653668
1996-06-18,682.3974419406243,-0.018238196386245145
1996-06-19,684.0843460587693,0.0024720258524822
1996-06-20,680.7306543057997,-0.004902453582356243
1996-06-21,689.0051002712054,0.01215524218436125
1996-06-24,693.7480368605582,0.006883746705918151
1996-06-25,684.3909206962477,-0.013487773178652296
1996-06-26,675.8329935764831,-0.012504442798654309
1996-06-27,687.5699179425525,0.01736660458667153
1996-06-28,693.8668104773506,0.00915818503758939
1996-07-01,703.8649793118741,0.01440934871585117
1996-07-02,696.7926593554289,-0.010047836111066837
1996-07-03,690.3043433979293,-0.009311688162015963
1996-07-05,673.7423291747942,-0.023992336686758795
1996-07-08,672.0108063103654,-0.0025700075376733356
1996-07-09,676.8834937022948,0.007250906304144995
1996-07-10,673.489211068812,-0.005014574391402829
1996-07-11,651.2870514870671,-0.03296587267747106
1996-07-12,650.5461092614471,-0.0011376584624678142
1996-07-15,621.6790447632654,-0.044373587186546916
1996-07-16,629.2151701830919,0.012122212391276985
1996-07-17,646.6772983957766,0.027752236500597084
1996-07-18,659.4169566803503,0.01970017861486282
1996-07-19,648.4632006305926,-0.016611274458123132
1996-07-22,639.2134869390403,-0.014264053353463105
1996-07-23,612.8950964585268,-0.04117308382609801
1996-07-24,619.765140850241,0.01120916847175168
1996-07-25,635.4750005262382,0.02534808533188113
1996-07-26,648.787801173611,0.020949369583930857
1996-07-29,635.5845824655818,-0.02035059642635943
1996-07-30,645.6296057398432,0.015804384737109965
1996-07-31,651.4544563836508,0.00902196955037834
1996-08-01,666.8767818371106,0.023673681716864875
1996-08-02,684.0504646569655,0.025752407772459615
1996-08-05,677.0542697119754,-0.010227600603266196
1996-08-06,687.9795756474257,0.016136529114716514
1996-08-07,698.9150115500082,0.01589500079605086
1996-08-08,693.9437882940817,-0.00711277218799701
1996-08-09,694.7493362739369,0.0011608259825128331
1996-08-12,695.8446909928504,0.0015766185899334316
1996-08-13,685.3018569261262,-0.015151130996891485
1996-08-14,693.5637095789289,0.012055786175541145
1996-08-15,693.4781723796463,-0.000123329981227617
1996-08-16,688.5481519260554,-0.007109121310442468
1996-08-19,686.4583057274331,-0.0030351489475013422
1996-08-20,678.896275460099,-0.011016008116211423
1996-08-21,683.5527569482927,0.006858899741404278
1996-08-22,698.1026900305413,0.021285749979572322
1996-08-23,693.9409495418056,-0.005961501865225104
1996-08-26,689.167792374129,-0.0068783333377691195
1996-08-27,695.4422248431115,0.009104361141671442
1996-08-28,696.0735813854205,0.0009078490200267799
1996-08-29,687.2931341422022,-0.012614251536083676
1996-08-30,679.5778730366052,-0.011225575700281612
1996-09-03,685.4217500907741,0.008599275058877866
1996-09-04,685.3260226401698,-0.00013966211400748727
1996-09-05,668.0356997512295,-0.02522933949353113
1996-09-06,680.218926721473,0.018237389071842407
1996-09-09,688.1552466275319,0.011667302384998832
1996-09-10,687.8137307990266,-0.0004962773010581687
1996-09-11,691.3636681778333,0.0051611900429535534
1996-09-12,702.1434353139435,0.015592035902785425
1996-09-13,724.8840558919915,0.03238742888464105
1996-09-16,726.2654747580539,0.001905710099199963
1996-09-17,739.8608775693622,0.01871960499821011
1996-09-18,745.1103049994944,0.007095154763930639
1996-09-19,754.455772570793,0.012542394741547688
1996-09-20,761.2718183258489,0.009034387439081186
1996-09-23,751.0095913286798,-0.013480371596754201
1996-09-24,754.2620028949718,0.00433071907981611
1996-09-25,763.6173709265673,0.012403339947774383
1996-09-26,762.4665420354061,-0.0015070753167450534
1996-09-27,762.5854616037591,0.00015596693336292913
1996-09-30,755.2521586477586,-0.009616368689455692
1996-10-01,752.094442217828,-0.004181009473159732
1996-10-02,765.453141674974,0.01776199730681808
1996-10-03,761.0769053999912,-0.0057171837656928605
1996-10-04,777.2922233456214,0.021305754820018008
1996-10-07,783.2599190397661,0.0076775445770685714
1996-10-08,771.2554787322904,-0.015326253796048373
1996-10-09,771.9989345873382,0.0009639553631046362
1996-10-10,769.4044295693503,-0.0033607624334025766
1996-10-11,783.9399101350255,0.01889185973859143
1996-10-14,790.4294754751041,0.008278141291417218
1996-10-15,793.5891787812972,0.0039974512644456225
1996-10-16,785.9673892798575,-0.009604200391371623
1996-10-17,773.8099131143595,-0.015468168694171029
1996-10-18,774.891197824057,0.0013973518449067782
1996-10-21,764.0773617649887,-0.013955296033087192
1996-10-22,754.2034995372447,-0.012922594912295022
1996-10-23,767.5709701658191,0.017723957309633425
1996-10-24,766.2462351389444,-0.0017258795321408282
1996-10-25,761.2664330066171,-0.00649895804241606
1996-10-28,759.2990679891489,-0.0025843317558323564
1996-10-29,748.616779259129,-0.014068618256452992
1996-10-30,753.8854910376472,0.007037929050604988
1996-10-31,769.8835740360432,0.021220839489000238
1996-11-01,773.4833356415498,0.0046757220531867955
1996-11-04,774.2084181539643,0.0009374248661907387
1996-11-05,788.1891483773674,0.018058096367304873
1996-11-06,805.5993592658241,0.02208887412913362
1996-11-07,814.3176407089073,0.010822105731350846
1996-11-08,817.6303895101266,0.0040681284987702255
1996-11-11,823.8215977251527,0.007572135642775493
1996-11-12,812.9349972861237,-0.013214754831738638
1996-11-13,817.6501796396545,0.005800196041838333
1996-11-14,828.9581103988579,0.013829790588668277
1996-11-15,818.3992431641739,-0.01273751604843288
1996-11-18,812.0906463244711,-0.007708458790005576
1996-11-19,824.8724384099947,0.015739366218997925
1996-11-20,827.539998555227,0.0032339062635844177
1996-11-21,819.4280852338053,-0.009802442583541668
1996-11-22,837.8910851825692,0.022531568396872804
1996-11-25,840.6726783512623,0.0033197550587222785
1996-11-26,845.0393535300576,0.005194263226633407
1996-11-27,852.0572559230984,0.008304823158500544
1996-11-29,853.7271987871555,0.001959895127291723
1996-12-02,864.5849751464885,0.012718086497370698
1996-12-03,857.7017221585936,-0.007961337735170262
1996-12-04,854.3602672883287,-0.0038958239023414447
1996-12-05,855.5329893451417,0.0013726317827668078
1996-12-06,846.7357407092368,-0.010282769624861134
1996-12-09,876.8472293758601,0.03556184913300302
1996-12-10,868.9815143791565,-0.00897045087580701
1996-12-11,876.5719934216967,0.008734914284066447
1996-12-12,863.2506890936315,-0.01519704534029821
1996-12-13,847.9744998498627,-0.017696121690685206
1996-12-16,823.5696800359017,-0.028780134093987535
1996-12-17,834.9984703772408,0.013877138290036192
1996-12-18,856.2327121089835,0.025430276204158136
1996-12-19,863.5772891959016,0.008577781464139183
1996-12-20,853.675218809118,-0.0114663395050647
1996-12-23,844.1840358194997,-0.011118025661865212
1996-12-24,855.0391360026089,0.01285868924608531
1996-12-26,862.7884542029518,0.009063115211979259
1996-12-27,854.8109248084769,-0.009246217141193176
1996-12-30,845.8932250987351,-0.010432365159277642
1996-12-31,840.6383985816226,-0.006212162908030247
1997-01-02,834.7349245402199,-0.007022608117073074
1997-01-03,867.9730553078593,0.03981878532990254
1997-01-06,873.2419634115281,0.006070359064084121
1997-01-07,884.8130294039881,0.013250698520321829
1997-01-08,873.080312767424,-0.013260108346807934
1997-01-09,877.0266970889652,0.004520070220152156
1997-01-10,885.8547966770957,0.010065941683910838
1997-01-13,884.6040767077269,-0.0014118792087149522
1997-01-14,902.0081444988621,0.019674415085117806
1997-01-15,884.2376434847367,-0.019701042748342668
1997-01-16,894.0683943959898,0.01111777018733396
1997-01-17,904.1037331767334,0.0112243524585422
1997-01-20,920.7825927158782,0.0184479489765412
1997-01-21,935.0851011898974,0.01553299181279429
1997-01-22,947.1462941839591,0.012898497664772789
1997-01-23,934.0632571373144,-0.013813111160316215
1997-01-24,919.3531975168205,-0.015748461903508364
1997-01-27,910.5906497007863,-0.009531209376006815
1997-01-28,911.5790508473758,0.001085450577506266
1997-01-29,913.2837792102079,0.0018700828647252056
1997-01-30,932.9786860260768,0.02156493662123378
1997-01-31,943.0438915672371,0.010788248104607795
1997-02-03,939.4081491380653,-0.003855326842878583
1997-02-04,937.6539149492174,-0.0018673823411659298
1997-02-05,908.0658146485406,-0.03155545967328398
1997-02-06,906.1480150855682,-0.0021119609746729994
1997-02-07,920.7973762674378,0.016166631651768477
1997-02-10,892.3575109619303,-0.030886127652526452
1997-02-11,891.9952084000541,-0.0004060060653108474
1997-02-12,921.451014266896,0.03302238127453153
1997-02-13,928.824470287251,0.008002005430772898
1997-02-14,920.8387064964509,-0.008597710381521661
1997-02-18,918.3862008085489,-0.0026633390523222744
1997-02-19,918.5047118729689,0.00012904273203979342
1997-02-20,900.6961872767422,-0.01938860450689736
1997-02-21,884.3715103595512,-0.018124509848929955
1997-02-24,900.689790094159,0.01845183787973168
1997-02-25,902.5069067884896,0.0020174722910322887
1997-02-26,901.1725380570443,-0.0014785135951961407
1997-02-27,868.170163881667,-0.03662159329281323
1997-02-28,870.1818131953314,0.0023171140835686345
1997-03-03,875.9199799498932,0.006594215907007945
1997-03-04,882.0140255918415,0.006957308637139187
1997-03-05,892.2723191829612,0.01163053340816919
1997-03-06,871.2318717174896,-0.0235807466096649
1997-03-07,860.5050860469714,-0.01231220530232918
1997-03-10,874.6228501192411,0.01640636912109897
1997-03-11,868.1320551939833,-0.007421250112974795
1997-03-12,858.7356108177788,-0.010823750050451584
1997-03-13,859.938907634789,0.0014012424800506531
1997-03-14,858.3797481988239,-0.0018131048870127645
1997-03-17,851.4719052698734,-0.008047537169237149
1997-03-18,846.6900223258363,-0.00561601964133102
1997-03-19,830.5517317108349,-0.019060447376797775
1997-03-20,840.7072360113627,0.012227419331976712
1997-03-21,831.4954721609753,-0.010957160181101383
1997-03-24,820.8846475138694,-0.012761133406450692
1997-03-25,825.8120454738045,0.0060025461249132266
1997-03-26,853.6254783255545,0.033680100701113054
1997-03-27,837.6207564954678,-0.01874911449630222
1997-03-31,815.4251944979195,-0.026498342866302156
1997-04-01,815.1451755114073,-0.00034340242170797326
1997-04-02,801.9749004387911,-0.01615696868272987
1997-04-03,823.1990700812049,0.026464880173682807
1997-04-04,841.3335032589146,0.022029219707355597
1997-04-07,851.4598981961523,0.012036124673524828
1997-04-08,859.6911479536781,0.00966721953078937
1997-04-09,847.7896142222237,-0.013843964497928801
1997-04-10,832.1542472918766,-0.018442508221442614
1997-04-11,808.130478793172,-0.028869369563258827
1997-04-14,825.3258590734351,0.021277975192746094
1997-04-15,816.3300663781047,-0.010899685980310563
1997-04-16,816.9911947980592,0.0008098788066055265
1997-04-17,826.7771670507535,0.011978063307173383
1997-04-18,835.1718223352101,0.01015346772867679
1997-04-21,820.9103782007655,-0.017076059983164197
1997-04-22,836.843979944395,0.019409672683822012
1997-04-23,857.1862914400386,0.02430836808671957
1997-04-24,856.9572540351395,-0.00026719676596134706
1997-04-25,837.3335192091549,-0.02289931584519847
1997-04-28,848.3898389264457,0.013204200552885249
1997-04-29,875.8714310801794,0.03239264650848363
1997-04-30,894.7706100892449,0.021577572162340932
1997-05-01,902.3154367684007,0.008432135112711372
1997-05-02,930.3078486144886,0.031022867065581116
1997-05-05,954.107719330087,0.025582790418294008
1997-05-06,935.8244876890109,-0.019162649322147136
1997-05-07,930.0818239107498,-0.006136475219239486
1997-05-08,940.367523969203,0.01105891954237371
1997-05-09,940.1483433050392,-0.00023307978910058782
1997-05-12,945.7609178547708,0.005969881869919499
1997-05-13,931.3651215732216,-0.015221390533035225
1997-05-14,930.6959393481208,-0.0007184961188694938
1997-05-15,953.0609559643634,0.024030422472787017
1997-05-16,936.1798540968539,-0.017712510161984586
1997-05-19,934.4075173098123,-0.0018931584345524997
1997-05-20,963.5941309851694,0.03123542259097641
1997-05-21,972.2016549674728,0.00893272769677736
1997-05-22,967.6763528999875,-0.0046546948818315635
1997-05-23,980.9374939859308,0.013704107831302914
1997-05-27,1007.0310493041193,0.026600629987299444
1997-05-28,1004.9705883020301,-0.002046074948248049
1997-05-29,992.6313408606129,-0.012278217477254981
1997-05-30,980.6706309576448,-0.012049498550587933
1997-06-02,980.493287302899,-0.00018083916163837355
1997-06-03,950.9519087876571,-0.030129098177207395
1997-06-04,942.9189873336375,-0.008447242578502831
1997-06-05,951.7612367690476,0.009377528243878264
1997-06-06,966.4534104057055,0.01543682708336983
1997-06-09,976.2375992615758,0.010123808091031495
1997-06-10,962.508290645228,-0.014063490923452032
1997-06-11,970.5422665824333,0.008346916089231349
1997-06-12,971.529765214432,0.001017471022128585
1997-06-13,986.2827321094886,0.015185295832701801
1997-06-16,997.999211373115,0.011879432623307587
1997-06-17,1011.8006944594607,0.013829152296980944
1997-06-18,993.5719723657887,-0.01801611937359894
1997-06-19,1004.2030799487317,0.010699886750659082
1997-06-20,1003.6461652875289,-0.0005545837015667823
1997-06-23,990.9920966981178,-0.012608097382393503
1997-06-24,1008.7507881920627,0.017920114149361087
1997-06-25,1001.3830947516127,-0.0073037796120632575
1997-06-26,989.2295457796918,-0.012136762679157826
1997-06-27,984.7969565897552,-0.004480849979508882
1997-06-30,978.9440144501649,-0.0059432983625968775
1997-07-01,974.9921825564188,-0.004036831356454764
1997-07-02,997.9860201948048,0.02358361230968686
1997-07-03,1008.8107060645543,0.01084653056326045
1997-07-07,1013.4140424963358,0.004563132016847358
1997-07-08,1028.5127748263699,0.014898878145443429
1997-07-09,1032.9357196665374,0.004300330485359554
1997-07-10,1032.8286520439096,-0.0001036537129940982
1997-07-11,1038.529738284872,0.005519876147587849
1997-07-14,1065.367584430719,0.025842154688963965
1997-07-15,1082.8787919856336,0.016436775260316984
1997-07-16,1128.2949209885226,0.04194017773643082
1997-07-17,1119.6185758335614,-0.007689784819167248
1997-07-18,1095.1135565441182,-0.0218869352638233
1997-07-21,1082.2757972322831,-0.01172276540192549
1997-07-22,1115.4921090887085,0.030691171272026755
1997-07-23,1116.6321197638329,0.001021980044355264
1997-07-24,1112.3835410862705,-0.003804815034750086
1997-07-25,1109.8016703924088,-0.0023210256161650994
1997-07-28,1099.3465289227584,-0.009420729620954409
1997-07-29,1112.3677621994343,0.011844521207917534
1997-07-30,1125.7160659161095,0.011999901624515048
1997-07-31,1131.8967501186844,0.005490446827322168
1997-08-01,1133.84438179892,0.001720679629154671
1997-08-04,1149.3085505306456,0.01363870472876592
1997-08-05,1161.9099288051684,0.010964312645811922
1997-08-06,1167.4359122780186,0.004755948233037991
1997-08-07,1161.081158011855,-0.005443343141435131
1997-08-08,1140.023926949146,-0.01813588216241991
1997-08-11,1125.8576407698224,-0.012426306013799543
1997-08-12,1115.2193311890392,-0.009449071708132853
1997-08-13,1123.720549708182,0.00762291172811608
1997-08-14,1128.2547748082243,0.004035011285697066
1997-08-15,1128.2495199229718,-4.6575342465753435e-06
1997-08-18,1113.9305032757181,-0.012691356295220297
1997-08-19,1146.2630892502655,0.029025676089726726
1997-08-20,1170.6822186422519,0.02130325020581289
1997-08-21,1143.7373856217037,-0.02301635114249752
1997-08-22,1135.7474074334903,-0.00698585032600854
1997-08-25,1132.5520055973666,-0.0028134793134544796
1997-08-26,1117.6307406618089,-0.013174904871310955
1997-08-27,1116.2760483549523,-0.0012121108140372254
1997-08-28,1094.4746927334224,-0.019530433940294953
1997-08-29,1098.149979362168,0.003358037105057848
1997-09-02,1127.33732289736,0.026578649623200574
1997-09-03,1124.98076931016,-0.002090371301771064
1997-09-04,1130.4755083539449,0.004884295975258606
1997-09-05,1135.9190815074985,0.004815295080103098
1997-09-08,1142.7218933537918,0.005988817299613551
1997-09-09,1151.8250608888227,0.007966214341368535
1997-09-10,1127.5100568713947,-0.02110998001611887
1997-09-11,1129.6617901049462,0.0019083938280091022
1997-09-12,1130.6890141496185,0.000909319987335955
1997-09-15,1104.3194017218761,-0.02332171985200964
1997-09-16,1141.3501393524464,0.03353263337837876
1997-09-17,1133.2793588174966,-0.007071257326457975
1997-09-18,1133.9487550173394,0.0005906718362375848
1997-09-19,1143.5422068646315,0.008460216394122111
1997-09-22,1148.6066848271698,0.004428763479071004
1997-09-23,1160.2443112926178,0.010131950840247147
1997-09-24,1140.6534469868543,-0.01688511989680636
1997-09-25,1131.0394466803496,-0.008428502392116679
1997-09-26,1131.3817254704932,0.0003026232119033037
1997-09-29,1143.5811026269473,0.010782724240468788
1997-09-30,1121.4967504493243,-0.019311574952482594
1997-10-01,1126.479727721731,0.004443149095537216
1997-10-02,1137.5547771416632,0.00983155679359712
1997-10-03,1149.3554594748848,0.01037372667263816
1997-10-06,1150.8624155639454,0.001311131449054953
1997-10-07,1165.9950056768128,0.013148913291648414
1997-10-08,1170.6914150716962,0.004027812616707989
1997-10-09,1173.6194882677855,0.0025011486019227004
1997-10-10,1162.9429885229922,-0.009097070942943639
1997-10-13,1165.6966975211944,0.002367879616953214
1997-10-14,1156.441167315467,-0.0079399128653352
1997-10-15,1143.802553441043,-0.010928886165271143
1997-10-16,1123.6720576736855,-0.0175996247838376
1997-10-17,1098.8707717038044,-0.022071640742964412
1997-10-20,1112.2754760613357,0.012198617619747169
1997-10-21,1135.0626164053303,0.02048695744392935
1997-10-22,1122.955991396007,-0.010666041533165957
1997-10-23,1098.3598125748365,-0.021903065667420885
1997-10-24,1080.6627894628755,-0.016112227440727916
1997-10-27,1000.4263585778453,-0.07424742636406521
1997-10-28,1069.9819156025483,0.06952591405486316
1997-10-29,1052.4489785736496,-0.016386199405085608
1997-10-30,1022.743789973792,-0.028224825340337264
1997-10-31,1042.075803272135,0.01890210773006836
1997-11-03,1073.8461797783916,0.030487586801744317
1997-11-04,1070.6729477969873,-0.0029550153841020423
1997-11-05,1069.952557554496,-0.0006728387449907556
1997-11-06,1056.9170703464538,-0.012183238514646224
1997-11-07,1050.9334741338796,-0.005661367746300818
1997-11-10,1033.769785952573,-0.01633185030617832
1997-11-11,1033.172224949513,-0.0005780406925991143
1997-11-12,1001.6702538053845,-0.03049053234630645
1997-11-13,1024.9459855593198,0.02323692019954653
1997-11-14,1050.418720931732,0.024852758810028092
1997-11-17,1072.7338089427114,0.021243993053727792
1997-11-18,1059.0449927933068,-0.012760683065350796
1997-11-19,1061.911707184715,0.0027068863088119165
1997-11-20,1085.7893509828723,0.02248552646760126
1997-11-21,1079.7549127386228,-0.005557650974184918
1997-11-24,1052.7916840425983,-0.024971619372063582
1997-11-25,1060.7985517101065,0.007605367508948003
1997-11-26,1067.1089829960924,0.005948755563262301
1997-11-28,1073.5063565653572,0.005995051743733906
1997-12-01,1102.8400566243472,0.02732512935726068
1997-12-02,1075.0807472840218,-0.025170748172942757
1997-12-03,1084.8346164989387,0.009072685228117102
1997-12-04,1075.7758207894367,-0.008350393296571985
1997-12-05,1093.6636202948155,0.016627813304311113
1997-12-08,1106.5748386327705,0.011805474826413751
1997-12-09,1073.61522959577,-0.029785250745194752
1997-12-10,1055.7689261144728,-0.016622625116836764
1997-12-11,1023.7499551037753,-0.030327631566631125
1997-12-12,999.8446085907439,-0.023350766848735324
1997-12-15,1005.8491817770454,0.006005506390402756
1997-12-16,1019.0564983819978,0.013130513842660665
1997-12-17,1005.0734575813595,-0.01372155599109545
1997-12-18,987.8412228709346,-0.017145249016816255
1997-12-19,991.034841840608,0.0032329274135693433
1997-12-22,996.9371629076551,0.005955714993919803
1997-12-23,970.243716130239,-0.026775455636102702
1997-12-24,959.4288530135852,-0.011146542808633973
1997-12-26,974.8281599425308,0.016050493875159114
1997-12-29,999.8067270423224,0.02562355923454676
1997-12-30,1020.1654195850302,0.020362628088064508
1997-12-31,1012.3341481748996,-0.0076764721287221485
1998-01-02,1030.1318794983779,0.017580886069649058
1998-01-05,1039.5020410467193,0.00909607957468929
1998-01-06,1028.1239257062693,-0.01094573641143876
1998-01-07,1012.6898156409691,-0.015011916053502829
1998-01-08,1016.1060988650297,0.0033734744551553067
1998-01-09,976.9180955748601,-0.038566841921273624
1998-01-12,992.2043612520099,0.01564743835372882
1998-01-13,1016.5953207671404,0.024582596557379384
1998-01-14,1017.937496124875,0.0013202651343328057
1998-01-15,1017.123981327837,-0.0007991795175390413
1998-01-16,1027.6302438305524,0.010329382352188417
1998-01-20,1049.0688566390222,0.020862185535291504
1998-01-21,1048.6944671763656,-0.0003568778734468086
1998-01-22,1042.6706255822862,-0.005744134047258473
1998-01-23,1046.5869805832701,0.003756080688277578
1998-01-26,1038.3229749391658,-0.007896147952747016
1998-01-27,1058.094012557095,0.019041317677756048
1998-01-28,1086.1394629658569,0.026505631896530782
1998-01-29,1092.0372162448198,0.0054300147265234095
1998-01-30,1094.2062369449134,0.0019862150005767517
1998-02-02,1124.688850555672,0.027858197642765856
1998-02-03,1135.1728256058777,0.009321667094882335
1998-02-04,1148.6292883948472,0.011854109335102577
1998-02-05,1138.835962641755,-0.008526097890798017
1998-02-06,1158.7072893957923,0.017448805100904654
1998-02-09,1146.8359911059617,-0.010245295251418427
1998-02-10,1164.2654275437571,0.015197845701534962
1998-02-11,1163.257046920306,-0.0008661088782637
1998-02-12,1169.368305255922,0.005253575167926442
1998-02-13,1161.076889677378,-0.007090508218220718
1998-02-17,1152.8147025096923,-0.007115969012165411
1998-02-18,1165.1769357722658,0.010723521512746786
1998-02-19,1181.5225598304505,0.014028448003350857
1998-02-20,1184.5589332740417,0.002569881902235554
1998-02-23,1210.888898531125,0.022227653278768557
1998-02-24,1197.470413011194,-0.011081516674410248
1998-02-25,1226.051400964833,0.023867803031365244
1998-02-26,1232.7643394608774,0.005475250459125837
1998-02-27,1219.6421657637425,-0.010644511101670695
1998-03-02,1202.7257382553948,-0.013869992349563072
1998-03-03,1200.8082441591032,-0.001594290398302361
1998-03-04,1205.0392327017616,0.003523450611901236
1998-03-05,1150.8601789713616,-0.04496040648313818
1998-03-06,1187.9066150147971,0.03219021451984526
1998-03-09,1152.4035284861934,-0.029887102302365312
1998-03-10,1173.0673652672037,0.017931077326841093
1998-03-11,1178.4319745732744,0.00457314683274709
1998-03-12,1188.0246429217902,0.008140196935838747
1998-03-13,1194.165263670766,0.005168765467586574
1998-03-16,1205.2541481890996,0.009285887687142402
1998-03-17,1192.7055458365346,-0.010411581965031483
1998-03-18,1202.0118136288236,0.007802653240588219
1998-03-19,1211.3486017981024,0.007767634280641308
1998-03-20,1194.255700122193,-0.014110638052941197
1998-03-23,1204.1901054531368,0.008318491031633606
1998-03-24,1223.2076549290841,0.015792813269123303
1998-03-25,1240.5706170265667,0.014194615303065074
1998-03-26,1243.748934571275,0.0025619803508858366
1998-03-27,1237.3075961836525,-0.005178969974227723
1998-03-30,1232.1782851004102,-0.004145542384984373
1998-03-31,1246.4872510787336,0.011612739934917186
1998-04-01,1254.393374346193,0.006342722928467397
1998-04-02,1256.192909055906,0.0014345856304056113
1998-04-03,1259.7385800497696,0.00282255294413983
1998-04-06,1230.8267379699398,-0.022950668128848956
1998-04-07,1207.0881663172602,-0.019286688304994783
1998-04-08,1216.1990980076519,0.007547859340041849
1998-04-09,1222.1546961988533,0.0048968941030771785
1998-04-13,1228.3219687423514,0.0050462290597742265
1998-04-14,1238.6781346162816,0.008431149273128801
1998-04-15,1257.294611408419,0.015029309286955776
1998-04-16,1253.3760221811128,-0.0031166833864949713
1998-04-17,1257.166449940834,0.003024174463721524
1998-04-20,1279.4628131371883,0.017735410611223062
1998-04-21,1296.393637275106,0.013232759845832453
1998-04-22,1318.0311680777268,0.016690556155536725
1998-04-23,1285.0235851545256,-0.025043097403638023
1998-04-24,1276.398157851066,-0.006712271590270003
1998-04-27,1245.6520130903657,-0.024088208347514507
1998-04-28,1248.1455755480176,0.0020018130516771247
1998-04-29,1265.5555947901005,0.013948708855085817
1998-04-30,1274.287137216662,0.006899374837823541
1998-05-01,1277.7605989356018,0.002725807722211532
1998-05-04,1282.1163573708034,0.0034089002578651657
1998-05-05,1273.3792447770086,-0.006814601922489946
1998-05-06,1268.2461365124266,-0.0040310915115324055
1998-05-07,1248.2586101965114,-0.015759974141044283
1998-05-08,1280.2565901648356,0.025634095136172833
1998-05-11,1263.5302375351484,-0.01306484399938426
1998-05-12,1282.6538345830818,0.015135052949139634
1998-05-13,1289.4550747616254,0.0053024752237647394
1998-05-14,1292.5300117250283,0.002384679407284896
1998-05-15,1275.5651309797026,-0.013125328302964586
1998-05-18,1268.4051459086077,-0.005613186576835684
1998-05-19,1281.7600694037124,0.010528909897742553
1998-05-20,1263.5401561811932,-0.01421476113778082
1998-05-21,1249.1894438388324,-0.0113575435431613
1998-05-22,1239.412230910642,-0.007826845620904884
1998-05-26,1225.0792560633097,-0.01156433226159253
1998-05-27,1234.6057831708201,0.007776253707962659
1998-05-28,1240.0796506905256,0.004433696645780241
1998-05-29,1216.838780959817,-0.018741433034375737
1998-06-01,1189.744746247381,-0.022265919804976043
1998-06-02,1211.7856268319242,0.018525722138352112
1998-06-03,1188.1271692287783,-0.019523632793861725
1998-06-04,1219.9771446860163,0.026806874114251866
1998-06-05,1231.7181640048577,0.009623966621000356
1998-06-08,1232.0215139376578,0.00024628193499530985
1998-06-09,1248.814693431201,0.013630589485300975
1998-06-10,1224.1261270885334,-0.019769599503056904
1998-06-11,1209.6346731157166,-0.011838203312663026
1998-06-12,1211.545955490991,0.0015800492642554305
1998-06-15,1197.8254249144004,-0.011324812331225342
1998-06-16,1235.9194159629922,0.031802623534488796
1998-06-17,1249.363950962512,0.010878164729732192
1998-06-18,1252.673208544279,0.0026487538552856698
1998-06-19,1265.3009503270225,0.010080635313832577
1998-06-22,1289.996996912624,0.019517923051601906
1998-06-23,1329.2420582155025,0.030422598964807448
1998-06-24,1358.5968483601675,0.022083855956283517
1998-06-25,1338.4210093831657,-0.014850497409407463
1998-06-26,1348.1491443775692,0.0072683669235638305
1998-06-29,1367.2802892785032,0.01419067391817905
1998-06-30,1364.8529006070517,-0.0017753409381278755
1998-07-01,1384.0310698198605,0.014051455072029238
1998-07-02,1359.9267731757557,-0.017416008332271117
1998-07-03,1359.9182037741712,-6.3013698630137e-06
1998-07-06,1370.1490587715941,0.007523139971970065
1998-07-07,1373.957223567091,0.0027793799303202226
1998-07-08,1406.1156075326555,0.023405666067299016
1998-07-09,1411.5971537788666,0.0038983610002235785
1998-07-10,1419.6401243889468,0.0056977804103309345
1998-07-13,1449.687684396047,0.02116561760328775
1998-07-14,1447.1783488774238,-0.0017309490489798662
1998-07-15,1479.2634375875855,0.022170790998255436
1998-07-16,1482.3563670950864,0.002090857807277926
1998-07-17,1493.9293703744127,0.007807166708505821
1998-07-20,1495.8604207525764,0.0012925981752938956
1998-07-21,1461.15585783147,-0.02320040188217976
1998-07-22,1459.8098759537331,-0.0009211761158282574
1998-07-23,1434.5143675947188,-0.017327947135915924
1998-07-24,1437.3625199868566,0.001985447100758664
1998-07-27,1455.4681975521175,0.012596458661957162
1998-07-28,1421.6939843193838,-0.02320505064249208
1998-07-29,1408.215830281021,-0.009480348223331122
1998-07-30,1451.032603219158,0.030404979135614952
1998-07-31,1405.3206009670769,-0.03150308418340682
1998-08-03,1396.2943339945464,-0.0064229236846873785
1998-08-04,1344.0433692378922,-0.037421167933249094
1998-08-05,1356.9525072346703,0.009604703458414356
1998-08-06,1393.6456496987523,0.02704084503212195
1998-08-07,1391.8002639216422,-0.001324142745689377
1998-08-10,1390.5597615928687,-0.0008912933564750713
1998-08-11,1357.1358546204,-0.024036296673924998
1998-08-12,1382.1553395490812,0.018435505070109
1998-08-13,1365.546400222751,-0.012016695121800754
1998-08-14,1357.018370995514,-0.006245140572188297
1998-08-17,1395.5084342199525,0.028363700924846014
1998-08-18,1429.6275090094177,0.024449207151181918
1998-08-19,1426.5781290288953,-0.0021329891606768773
1998-08-20,1426.5079244881138,-4.921184430978714e-05
1998-08-21,1402.5945723022305,-0.01676356070329175
1998-08-24,1398.6401356640824,-0.0028193725515829084
1998-08-25,1416.4137586096138,0.01270778843844078
1998-08-26,1401.8157766500315,-0.010306297768465639
1998-08-27,1338.788741242621,-0.044960997341625314
1998-08-28,1290.5860323719457,-0.03600471634227745
1998-08-31,1163.34346146659,-0.09859286224530021
1998-09-01,1239.563416917501,0.0655180159390098
1998-09-02,1246.064267764367,0.005244468139461719
1998-09-03,1233.3248186707742,-0.010223749627657108
1998-09-04,1229.6955019827526,-0.002942709522324596
1998-09-08,1312.3576299141394,0.06722162340034814
1998-09-09,1287.1523222765202,-0.01920612724998462
1998-09-10,1260.2131374004723,-0.02092929050417441
1998-09-11,1316.1378208274234,0.04437716269353512
1998-09-14,1334.5054105033594,0.0139556734752815
1998-09-15,1350.7775531449354,0.012193388287154511
1998-09-16,1358.174810232642,0.005476295538435637
1998-09-17,1317.710197964311,-0.029793375612230416
1998-09-18,1326.7906767120005,0.006891104555248716
1998-09-21,1354.307186574925,0.020739149246296253
1998-09-22,1362.958792686883,0.006388215463759046
1998-09-23,1422.5813726662955,0.043744961549332634
1998-09-24,1383.6175576879568,-0.027389515796421685
1998-09-25,1417.912142059233,0.024786173159426373
1998-09-28,1410.9084375987,-0.004939448822521238
1998-09-29,1412.5723391623198,0.0011793122213172502
1998-09-30,1372.3656779926787,-0.02846343514944123
1998-10-01,1299.183505712719,-0.053325562897347634
1998-10-02,1301.9292527411187,0.0021134404926835383
1998-10-05,1231.771571282209,-0.053887476075368854
1998-10-06,1208.4681825393388,-0.018918596017451897
1998-10-07,1174.0375220930252,-0.028491160084963787
1998-10-08,1151.377357222413,-0.019301056775608706
1998-10-09,1221.7349980371887,0.061107368816516204
1998-10-12,1268.1489901064147,0.037990228767935404
1998-10-13,1230.914492565343,-0.02936129574013806
1998-10-14,1260.24919195604,0.023831630521760138
1998-10-15,1325.504100606161,0.05177936956169638
1998-10-16,1319.6314077651805,-0.004430535400301743
1998-10-19,1336.1896909691197,0.0125476577069206
1998-10-20,1308.706248608649,-0.02056851848672575
1998-10-21,1358.4872362090898,0.038038320404877236
1998-10-22,1382.0779361509815,0.017365418910907305
1998-10-23,1367.1897511608208,-0.010772319418992763
1998-10-26,1396.0558090203892,0.021113424698407497
1998-10-27,1380.1480908555068,-0.0113947580477064
1998-10-28,1407.2867052608606,0.019663552473221595
1998-10-29,1423.9414108376236,0.01183462155543911
1998-10-30,1428.2359779499463,0.003015971780606103
1998-11-02,1446.8405376393227,0.01302625054725269
1998-11-03,1429.4341316241162,-0.01203063196142339
1998-11-04,1462.3329163360784,0.023015250569526156
1998-11-05,1470.522555643419,0.005600393190806417
1998-11-06,1487.1352399464488,0.01129712988031032
1998-11-09,1496.5805600460183,0.006351352483523807
1998-11-10,1506.6154312468848,0.006705199485257084
1998-11-11,1509.8996320688018,0.0021798534342629427
1998-11-12,1495.4407806346921,-0.00957603480855126
1998-11-13,1494.085344360081,-0.0009063791038490873
1998-11-16,1504.6415896225196,0.00706535627451702
1998-11-17,1528.033792028919,0.015546694021842087
1998-11-18,1544.6856508686283,0.010897572374756883
1998-11-19,1567.6796391425953,0.014885869018746023
1998-11-20,1574.5728736622389,0.004397093862502255
1998-11-23,1620.264473667263,0.029018409226593576
1998-11-24,1611.8626507409476,-0.0051854638936192085
1998-11-25,1629.8489739925312,0.01115871953687591
1998-11-27,1660.284609830923,0.018673899437342118
1998-11-30,1588.4827604690706,-0.04324671139917658
1998-12-01,1664.5036883906232,0.04785757190031076
1998-12-02,1650.7899724936592,-0.00823892190363578
1998-12-03,1604.5824510998473,-0.027991157060405197
1998-12-04,1661.902888918052,0.03572296193250454
1998-12-07,1709.6687294610788,0.028741655641578198
1998-12-08,1700.7573079773888,-0.005212367361072942
1998-12-09,1718.303084764043,0.01031644944540652
1998-12-10,1685.0350411465017,-0.01936098696005639
1998-12-11,1707.7089203617877,0.01345602830897723
1998-12-14,1645.5673801312616,-0.03638883622939732
1998-12-15,1696.2160466176201,0.030778846918026796
1998-12-16,1688.5591426779954,-0.004514108892492208
1998-12-17,1722.5484586141515,0.02012918296853396
1998-12-18,1768.791531726135,0.02684573132368521
1998-12-21,1822.0767093457534,0.030125188109431107
1998-12-22,1802.2061921831762,-0.010905422949899952
1998-12-23,1854.3295693675886,0.02892198318399434
1998-12-24,1841.1466559170533,-0.007109261303011666
1998-12-28,1859.3991694848369,0.009913666306333446
1998-12-29,1858.6942518637045,-0.0003791104313162364
1998-12-30,1846.1030620725699,-0.006774212476586455
1998-12-31,1871.617208469124,0.01382054280756674
1999-01-04,1890.3003382192653,0.009982345570237128
1999-01-05,1939.8376898144645,0.026206074555255608
1999-01-06,2001.9531917196696,0.03202097898775547
1999-01-07,2004.3848236786407,0.0012146297770741592
1999-01-08,2011.8213929952467,0.0037101504804640307
1999-01-11,2038.809520391258,0.013414773045946614
1999-01-12,1977.1973528656977,-0.030219678154993476
1999-01-13,1986.3157020353738,0.004611754692297253
1999-01-14,1942.8891179263508,-0.021862881144484626
1999-01-15,2019.8311433702502,0.03960186133834521
1999-01-19,2072.8658185365234,0.026256984570393774
1999-01-20,2072.8504850085505,-7.3972602739726036e-06
1999-01-21,1999.500412424523,-0.035386089404188324
1999-01-22,2001.9827547914024,0.001241481297755575
1999-01-25,2035.5219724452336,0.016753000281126675
1999-01-26,2101.7962205169365,0.032558846806300425
1999-01-27,2069.3293144044223,-0.015447218810075117
1999-01-28,2144.96872590854,0.03655262165262829
1999-01-29,2167.9864632841877,0.010731036353874108
1999-02-01,2171.7500796572676,0.0017359962512766638
1999-02-02,2118.4933055947686,-0.024522515072684416
1999-02-03,2160.517500452301,0.019836831556913775
1999-02-04,2066.4551988623452,-0.0435369311150057
1999-02-05,2026.581621509571,-0.01929564085140864
1999-02-08,2073.069909394645,0.02293926254519457
1999-02-09,1972.285650479413,-0.048615947999873184
1999-02-10,1981.2900541158942,0.004565466282377739
1999-02-11,2083.6937185434417,0.05168534723869217
1999-02-12,1995.955846982851,-0.04210689449211473
1999-02-16,1991.7083996471558,-0.002128026700648581
1999-02-17,1927.3717030924004,-0.032302267021695176
1999-02-18,1942.3576369374491,0.007775321086744341
1999-02-19,1968.328463499968,0.013370774809250552
1999-02-22,2033.9402287675673,0.033333748144317506
1999-02-23,2066.7471061934075,0.016129715594306662
1999-02-24,2026.8994791977575,-0.019280359399676268
1999-02-25,2011.8544891544634,-0.007422662148617679
1999-02-26,1961.7977337760813,-0.024880902494802168
1999-03-01,1974.4097742464176,0.006428817942439153
1999-03-02,1924.4261050150467,-0.025315752526827082
1999-03-03,1935.7730203347937,0.005896259300462138
1999-03-04,1969.607548821417,0.017478561861954057
1999-03-05,2007.1300799937294,0.019050765313509115
1999-03-08,2072.4795025426906,0.032558638426247614
1999-03-09,2066.8806377046367,-0.002701529656232783
1999-03-10,2076.993070707556,0.00489260619043271
1999-03-11,2082.3268163524954,0.0025680132110997267
1999-03-12,2046.8547187022396,-0.01703483688136449
1999-03-15,2099.1584687774575,0.02555323032813003
1999-03-16,2112.3573060257386,0.006287680251204617
1999-03-17,2103.3657588395704,-0.0042566412228265795
1999-03-18,2142.3406611103696,0.01852977881141408
1999-03-19,2092.321209057689,-0.0233480384145609
1999-03-22,2065.225354415636,-0.012950140984450485
1999-03-23,1998.1432812888856,-0.032481720691314823
1999-03-24,2051.3495644931245,0.026627861826764798
1999-03-25,2122.4447174596107,0.03465774639148533
1999-03-26,2106.0778338897762,-0.007711335628766894
1999-03-29,2184.842193466362,0.03739859862211895
1999-03-30,2165.500611082452,-0.008852622144404697
1999-03-31,2145.823135657255,-0.00908680206530207
1999-04-01,2186.2912238249246,0.018859004498184926
1999-04-05,2261.1121499355563,0.03422276286675674
1999-04-06,2260.2702897159006,-0.0003723213020104459
1999-04-07,2233.217891875684,-0.011968656121926269
1999-04-08,2266.2673683638936,0.014799038019730058
1999-04-09,2274.1146716552785,0.0034626555546489624
1999-04-12,2260.556851913915,-0.005961801271654835
1999-04-13,2215.689792168208,-0.019847790913871514
1999-04-14,2142.7908799384327,-0.03290122673645513
1999-04-15,2175.554087506395,0.015289969672123756
1999-04-16,2125.269667961861,-0.02311338515245535
1999-04-19,2004.131250296319,-0.05699908086568341
1999-04-20,2067.9811877127013,0.0318591596268666
1999-04-21,2144.9086267479674,0.03719929344248633
1999-04-22,2223.9535573336602,0.03685235333569334
1999-04-23,2251.4380890450934,0.012358410822384584
1999-04-26,2302.5395800099686,0.022697266788512603
1999-04-27,2247.8990315274505,-0.023730557753227206
1999-04-28,2190.2444888441614,-0.025648190543555188
1999-04-29,2158.5017027889035,-0.014492804897780756
1999-04-30,2175.902124824867,0.008061342742274009
1999-05-03,2177.4426895837355,0.0007080119741104426
1999-05-04,2136.2803046562763,-0.018904003822634942
1999-05-05,2195.559507797324,0.027748794487240887
1999-05-06,2116.9794771995334,-0.03579043533947532
1999-05-07,2156.785188907853,0.018803069248917132
1999-05-10,2174.0712089420954,0.008014715662525432
1999-05-11,2215.9121717123776,0.01924544265072259
1999-05-12,2258.495962096736,0.01921727355802689
1999-05-13,2219.168830043198,-0.01741297425966068
1999-05-14,2164.230256755813,-0.02475637389261415
1999-05-17,2215.7025489340626,0.023783186663052486
1999-05-18,2198.9034650984513,-0.007581831705565949
1999-05-19,2226.321810793824,0.012469099317257032
1999-05-20,2179.2065479717776,-0.021162826772669913
1999-05-21,2153.1717230306126,-0.011946928557734066
1999-05-24,2098.3272271032733,-0.025471491818657686
1999-05-25,2035.6344910210116,-0.029877483012413008
1999-05-26,2090.607958652786,0.027005568963513447
1999-05-27,2087.5885127229008,-0.0014442908424739387
1999-05-28,2127.9075829130916,0.019313705715692776
1999-06-01,2062.7661047717156,-0.0306129263622424
1999-06-02,2112.3906643001906,0.02405728861535973
1999-06-03,2067.429689585724,-0.02128440324714329
1999-06-04,2147.8653516357404,0.0389061173181341
1999-06-07,2191.886697643202,0.02049539370516715
1999-06-08,2124.7298322959473,-0.0306388397810271
1999-06-09,2174.3310240550413,0.02334470529154106
1999-06-10,2135.9392416199444,-0.017656825023587164
1999-06-11,2099.777858275501,-0.016929968156312182
1999-06-14,2065.7546678763574,-0.016203233244437554
1999-06-15,2095.5204152991996,0.01440913961648805
1999-06-16,2206.8087869502783,0.05310774871892099
1999-06-17,2230.555855793014,0.010760818510041069
1999-06-18,2245.4346384782916,0.006670437167773895
1999-06-21,2309.7303276558823,0.028633961584008917
1999-06-22,2249.8793085754783,-0.025912557134384673
1999-06-23,2279.835400404271,0.013314532790543062
1999-06-24,2224.3734536759835,-0.02432717147845532
1999-06-25,2225.2630910156076,0.00039994962993017104
1999-06-28,2284.4451916264156,0.026595552161788355
1999-06-29,2321.2002923853634,0.016089289816920555
1999-06-30,2338.1946289658686,0.0073213572461864
1999-07-01,2364.1881534799295,0.011116920803789988
1999-07-02,2390.1914757070736,0.010998837883892183
1999-07-06,2372.6616896711407,-0.007334050938637541
1999-07-07,2382.7629669946136,0.0042573609914325974
1999-07-08,2417.2651547244864,0.014479907656694184
1999-07-09,2436.018748731378,0.0077581865482311335
1999-07-12,2427.0269265552765,-0.0036911958008469074
1999-07-13,2416.2391073852923,-0.004444869997917804
1999-07-14,2460.389570863548,0.018272390072368583
1999-07-15,2472.8104847472728,0.005048352517347425
1999-07-16,2503.5436549926862,0.012428437373175599
1999-07-19,2468.0035506497647,-0.014195919560677873
1999-07-20,2370.9800981639437,-0.03931252548655262
1999-07-21,2405.886196849742,0.014722223401550055
1999-07-22,2322.6976154777612,-0.034577105717181374
1999-07-23,2343.1396182811773,0.008800974637075588
1999-07-26,2273.3538663332206,-0.02978301053999854
1999-07-27,2349.9498007577026,0.033692921968204954
1999-07-28,2375.3782136237296,0.010820832367494806
1999-07-29,2303.380101207505,-0.03031016787275683
1999-07-30,2311.373279378339,0.0034701950262760487
1999-08-02,2305.0929940356577,-0.0027171229323765195
1999-08-03,2278.9900752226717,-0.01132401984671615
1999-08-04,2243.5036235523844,-0.015571130412588619
1999-08-05,2271.8828446857356,0.012649509827140385
1999-08-06,2251.4293422561236,-0.009002886076390559
1999-08-09,2226.403642276255,-0.011115472073749594
1999-08-10,2202.12441005055,-0.010905134974034718
1999-08-11,2281.521259336427,0.036054661091584214
1999-08-12,2253.547656041167,-0.01226094351774576
1999-08-13,2347.9033126459453,0.041869829711315636
1999-08-16,2353.9777842802623,0.002587189856413343
1999-08-17,2378.679845060565,0.010493752721568404
1999-08-18,2358.329129941367,-0.00855546624378964
1999-08-19,2319.0297751981398,-0.016664067048268186
1999-08-20,2355.9332673219074,0.015913332600748852
1999-08-23,2427.930674750407,0.03056003683429543
1999-08-24,2447.1967856355386,0.007935198103262295
1999-08-25,2504.26725506614,0.02332075203988151
1999-08-26,2459.8603968538614,-0.017732475686228447
1999-08-27,2444.852855635718,-0.006100972737045585
1999-08-30,2408.4804912977197,-0.014877117964034082
1999-08-31,2438.9797820214567,0.012663291579041829
1999-09-01,2447.1735192987585,0.003359493726721636
1999-09-02,2434.598712291265,-0.005138502402190256
1999-09-03,2550.6733916734297,0.04767713003221125
1999-09-07,2535.4670046885017,-0.005961714672905126
1999-09-08,2497.6475255216733,-0.014916178793450561
1999-09-09,2549.3490054989875,0.02070007054598916
1999-09-10,2578.9496043154627,0.011611042172972937
1999-09-13,2526.481274430041,-0.020344844970070053
1999-09-14,2566.5102286434944,0.015843756539411957
1999-09-15,2506.0844531936186,-0.023543944916133683
1999-09-16,2509.922071357644,0.0015313203667717153
1999-09-17,2581.155386806362,0.02838068809450605
1999-09-20,2589.746351988605,0.0033283409538829
1999-09-21,2516.8088356210337,-0.028163961428718378
1999-09-22,2557.690116742822,0.016243300064424773
1999-09-23,2444.871725398792,-0.04410948402447674
1999-09-24,2441.3029310275715,-0.0014597061817786462
1999-09-27,2468.647002166645,0.01120060554204304
1999-09-28,2470.256525374812,0.0006519859691377788
1999-09-29,2440.3991494486604,-0.012086751161044499
1999-09-30,2449.659330384096,0.0037945353888226055
1999-10-01,2446.1313775263156,-0.0014401810137522203
1999-10-04,2510.6473522150823,0.026374697320635902
1999-10-05,2514.2707612105373,0.0014432170221986874
1999-10-06,2576.2060728160627,0.024633509071912998
1999-10-07,2575.7800966516684,-0.0001653501903008605
1999-10-08,2599.5249540961468,0.009218511112553883
1999-10-11,2623.3937683093036,0.009181990800106007
1999-10-12,2570.415760362471,-0.020194455207910134
1999-10-13,2496.8188215265423,-0.028632309204931834
1999-10-14,2513.584902081295,0.006714976837807503
1999-10-15,2445.2282602395117,-0.027194880819495112
1999-10-18,2402.7554946196096,-0.017369652686633867
1999-10-19,2402.880129831424,5.18717830812787e-05
1999-10-20,2508.6918179899008,0.044035358586905604
1999-10-21,2519.709799728015,0.004391923176495389
1999-10-22,2528.6017019051174,0.0035289389984761257
1999-10-25,2526.8062140989787,-0.0007100714219981664
1999-10-26,2508.6923356737484,-0.00716868524549248
1999-10-27,2499.5804805099533,-0.003632113445807566
1999-10-28,2583.4455133795814,0.03355164337517881
1999-10-29,2682.6069992801586,0.03838342453402753
1999-11-01,2661.1064657455695,-0.008014790664587965
1999-11-02,2671.8985811094276,0.004055499283015045
1999-11-03,2718.390573986482,0.017400358384018554
1999-11-04,2749.2797598242037,0.011363041842961807
1999-11-05,2802.747672357616,0.019447970815756856
1999-11-08,2833.7773916376423,0.011071178324777445
1999-11-09,2810.6795528300636,-0.00815090094082182
1999-11-10,2845.268733054274,0.012306340717276959
1999-11-11,2898.3369398546483,0.01865138648728191
1999-11-12,2938.0813000494186,0.013712815666201797
1999-11-15,2924.754148731506,-0.00453600494911029
1999-11-16,2989.9729377280405,0.02229889613963635
1999-11-17,2961.1394741679956,-0.009643386131097956
1999-11-18,3054.476616906705,0.03152068436929501
1999-11-19,3080.234358436482,0.008432783995531896
1999-11-22,3101.288434777158,0.006835218977091996
1999-11-23,3050.59107874703,-0.016347191529049298
1999-11-24,3161.1503800354176,0.03624192769022232
1999-11-26,3169.3407535039055,0.002590947118560025
1999-11-29,3114.9772747843745,-0.017152929567270016
1999-11-30,3016.8037160180997,-0.031516621184040715
1999-12-01,3047.86758281135,0.01029694660886058
1999-12-02,3160.9116828781393,0.03708957065730449
1999-12-03,3225.8663306700546,0.020549339655314757
1999-12-06,3244.830422178731,0.005878759243175994
1999-12-07,3259.0320217372364,0.004376684667844564
1999-12-08,3217.3177491869915,-0.012799589654847586
1999-12-09,3220.79183013681,0.0010798066030923313
1999-12-10,3257.129422186548,0.011282192071443023
1999-12-13,3296.804271473141,0.01218092502445258
1999-12-14,3220.4394095312346,-0.023163298653390712
1999-12-15,3293.51195312895,0.022690240152151122
1999-12-16,3388.1796937810595,0.02874370641411279
1999-12-17,3416.1665353578915,0.008260140873933284
1999-12-20,3446.7459961993263,0.008951396404400113
1999-12-21,3587.5588026750447,0.04085383913725877
1999-12-22,3621.8570358413767,0.00956032640935609
1999-12-23,3650.288280407005,0.007849908012457961
1999-12-27,3658.547828877563,0.002262711280884573
1999-12-28,3639.6511091214393,-0.00516508752652317
1999-12-29,3751.1841002557794,0.03064386881886122
1999-12-30,3745.0461697379205,-0.001636264804342771
1999-12-31,3769.5810131010717,0.006551279276983668
2000-01-03,3853.6013284027745,0.022289032921614552
2000-01-04,3605.1615848398264,-0.06446949811124351
2000-01-05,3565.60133227807,-0.010973225923662422
2000-01-06,3396.3107288775855,-0.04747883670223002
2000-01-07,3588.2148179136857,0.05650369013777506
2000-01-10,3779.073124276683,0.053190323335760875
2000-01-11,3603.1176834432918,-0.046560475293017545
2000-01-12,3535.786250547981,-0.018686992435663605
2000-01-13,3671.922969610593,0.038502530813765465
2000-01-14,3766.0940317242216,0.02564625208453524
2000-01-18,3819.91364197309,0.014290564652797148
2000-01-19,3853.5460561923464,0.008804495957632379
2000-01-20,3905.211238873037,0.013407179238890588
2000-01-21,3913.5414375138416,0.00213309809156667
2000-01-24,3721.343146815448,-0.04911109126277488
2000-01-25,3821.08761116312,0.026803350406701554
2000-01-26,3680.888954828731,-0.03669077252371956
2000-01-27,3652.3423780949647,-0.007755348526968667
2000-01-28,3502.8764689062596,-0.04092330173784681
2000-01-31,3628.7681162029717,0.03593950526494607
2000-02-01,3762.6409398023434,0.036892085499101016
2000-02-02,3785.6691484727426,0.006120224873651789
2000-02-03,3914.4265589142633,0.0340117969615663
2000-02-04,3937.992182630029,0.006020198197894483
2000-02-07,3997.8530778485065,0.015200866950045081
2000-02-08,4129.379721786336,0.03289931905366869
2000-02-09,4033.496417331321,-0.023219783821076274
2000-02-10,4157.001805351237,0.030619932495596622
2000-02-11,4033.880539319071,-0.029617804320814494
2000-02-14,4051.323489142508,0.004324111647188527
2000-02-15,4062.3751934974034,0.0027279244386467683
2000-02-16,4063.3039225024077,0.0002286172401039558
2000-02-17,4192.769383321539,0.0318621159746769
2000-02-18,4030.5042833592815,-0.03870117460018986
2000-02-22,4033.833755147386,0.0008260682917150505
2000-02-23,4238.043302960794,0.050624185380179744
2000-02-24,4322.327379262455,0.01988749766732637
2000-02-25,4246.616003970785,-0.0175163444710171
2000-02-28,4229.814623649229,-0.003956416192527201
2000-02-29,4336.30130903155,0.025175260586349245
2000-03-01,4379.026743803232,0.009852967247154726
2000-03-02,4303.033422363385,-0.0173539295112517
2000-03-03,4515.0034775241775,0.049260610912096894
2000-03-06,4529.456991852238,0.003201218869489525
2000-03-07,4462.001368407542,-0.014892651274984728
2000-03-08,4517.7111780906325,0.012485386059613218
2000-03-09,4660.539302719422,0.03161515178780297
2000-03-10,4661.423318252227,0.00018968095222121343
2000-03-13,4498.375487680117,-0.034978121367712146
2000-03-14,4295.305327311014,-0.04514299905049284
2000-03-15,4196.729800097831,-0.022949597223369984
2000-03-16,4423.629987502656,0.054065950921962126
2000-03-17,4512.127842175774,0.02000570909482405
2000-03-20,4329.844814436851,-0.040398462569053654
2000-03-21,4521.030107796363,0.04415522993388808
2000-03-22,4670.857073883357,0.033140006262869746
2000-03-23,4735.664319813283,0.013874808178629537
2000-03-24,4767.122260717631,0.006642772540429564
2000-03-27,4780.359649894264,0.002776809247313135
2000-03-28,4657.037734012851,-0.025797622964234684
2000-03-29,4484.814084677185,-0.036981372961147466
2000-03-30,4318.424930055733,-0.03710056904921371
2000-03-31,4468.417068288416,0.03473306602802225
2000-04-03,4142.360606835025,-0.07296912004194014
2000-04-04,4098.79670570621,-0.010516684872131352
2000-04-05,4094.7971908269815,-0.0009757778114879508
2000-04-06,4152.144602739451,0.014004945602907397
2000-04-07,4360.195524752166,0.050106858483553236
2000-04-10,4062.147359018816,-0.0683566055791252
2000-04-11,3971.647810690383,-0.022278745779004076
2000-04-12,3691.640209783518,-0.0705016190391241
2000-04-13,3610.52169123353,-0.02197357107960012
2000-04-14,3259.128942232646,-0.09732464697666196
2000-04-17,3585.6827921723293,0.10019666473090803
2000-04-18,3774.9884512245385,0.052794870607481025
2000-04-19,3640.109663487712,-0.03572958950194249
2000-04-20,3561.067597334425,-0.021714199147932864
2000-04-24,3406.7993255608308,-0.043320792868146905
2000-04-25,3679.064522676771,0.07991817864737874
2000-04-26,3561.3508868029658,-0.031995534502928615
2000-04-27,3751.153282734087,0.05329505627610528
2000-04-28,3833.01757705876,0.021823766760340136
2000-05-01,3890.500725084665,0.01499683914051199
2000-05-02,3684.7373467872453,-0.0528886621124951
2000-05-03,3618.5317338187374,-0.01796752569792611
2000-05-04,3627.213627319384,0.0023992862683794823
2000-05-05,3746.680573613877,0.032936286243162964
2000-05-08,3577.210049116164,-0.04523217850254302
2000-05-09,3499.6410970131483,-0.02168420390135623
2000-05-10,3295.922918235134,-0.0582111631252366
2000-05-11,3434.900264593544,0.04216644314995927
2000-05-12,3459.9469654642526,0.007291827692607765
2000-05-15,3567.4077040938714,0.031058493006467174
2000-05-16,3704.286404402118,0.03836923381400114
2000-05-17,3606.3550845797913,-0.026437296993544298
2000-05-18,3480.228356853719,-0.03497346344661687
2000-05-19,3311.8897941474784,-0.04836997617547901
2000-05-22,3315.9586132970676,0.0012285490769588933
2000-05-23,3070.85915832955,-0.07391511280769997
2000-05-24,3230.1907137875432,0.05188500912710832
2000-05-25,3147.8686390451544,-0.02548520568491846
2000-05-26,3150.0418604583683,0.0006903786855201436
2000-05-30,3467.447753085914,0.10076243640183222
2000-05-31,3376.0676095525696,-0.02635371894270627
2000-06-01,3573.993648674952,0.05862620717735387
2000-06-02,3814.360483895783,0.06725441028971792
2000-06-05,3788.529142330116,-0.006772129082903187
2000-06-06,3703.203463214445,-0.022522112384541798
2000-06-07,3794.2683653426593,0.024590844935419295
2000-06-08,3765.0959445812114,-0.007688549662937139
2000-06-09,3818.846588557313,0.014276035662108664
2000-06-12,3695.0331401995527,-0.032421686885446485
2000-06-13,3824.3810752406234,0.03500589308221607
2000-06-14,3734.6623227797777,-0.023459679016218486
2000-06-15,3810.316362919898,0.020257263870595392
2000-06-16,3846.1907174402727,0.009415059303076914
2000-06-19,3994.7282178227006,0.03861937987341492
2000-06-20,3994.8340397298743,2.6490389684456994e-05
2000-06-21,4031.5387519441488,0.009188044321549913
2000-06-22,3863.050863846123,-0.04179245158359827
2000-06-23,3742.374690740185,-0.031238566966677227
2000-06-26,3829.78528581555,0.023356986485518573
2000-06-27,3756.1895447380807,-0.019216675501377973
2000-06-28,3829.3390201220923,0.019474383417760213
2000-06-29,3722.4576557345845,-0.027911178358948175
2000-06-30,3821.9064765103158,0.02671590383910106
2000-07-03,3863.45421582361,0.010870946102069573
2000-07-05,3706.03357233825,-0.04074608748839575
2000-07-06,3851.902991689116,0.03935998325531419
2000-07-07,3900.403742137892,0.012591373810145681
2000-07-10,3830.1937271556694,-0.01800070444598096
2000-07-11,3802.0732131060986,-0.007341799410875494
2000-07-12,3961.0446426880985,0.041811774963725144
2000-07-13,4017.4219656014598,0.014232943074103355
2000-07-14,4103.17275455438,0.021344730448319124
2000-07-17,4124.140196257791,0.005110055792834498
2000-07-18,4021.6462584187084,-0.024852195357491752
2000-07-19,3902.8476248622273,-0.029539801843037228
2000-07-20,4056.621833201862,0.03940051550054124
2000-07-21,3968.5578902303564,-0.02170868929677808
2000-07-24,3848.5423098910305,-0.030241610090853358
2000-07-25,3924.429591423864,0.019718448031037093
2000-07-26,3876.574303895013,-0.012194202090777853
2000-07-27,3737.8126258846596,-0.03579492281908069
2000-07-28,3530.35013959994,-0.05550371488608734
2000-07-31,3664.3347239349227,0.037952208431701315
2000-08-01,3574.7670594954147,-0.02444309027078346
2000-08-02,3543.4644700810545,-0.008756539627166314
2000-08-03,3678.627986494948,0.03814445369923561
2000-08-04,3673.659772086943,-0.001350561792669407
2000-08-07,3766.7429297847243,0.025337990851804503
2000-08-08,3742.3334171366178,-0.006480270382959605
2000-08-09,3749.080135662799,0.001802810646236619
2000-08-10,3649.72072405134,-0.026502344046026475
2000-08-11,3699.8663786500447,0.013739586776667333
2000-08-14,3775.9306785804074,0.02055866135309357
2000-08-15,3778.9614944591276,0.0008026672459623083
2000-08-16,3777.545979565962,-0.0003745777497973767
2000-08-17,3888.5153310180667,0.02937604255576913
2000-08-18,3865.06082192408,-0.006031738876504858
2000-08-21,3885.398752218898,0.00526199489008147
2000-08-22,3885.647349902723,6.3982540706496e-05
2000-08-23,3955.6934335801925,0.018026876185566306
2000-08-24,4009.1115630706695,0.013504112587948841
2000-08-25,3990.4890914869593,-0.004645037009009156
2000-08-28,4013.7470210226625,0.005828340587453357
2000-08-29,4011.3860888659306,-0.0005882115002181653
2000-08-30,4028.4023441547815,0.0042419889065482335
2000-08-31,4138.872706762714,0.02742287218858016
2000-09-01,4160.881849433772,0.005317665999994622
2000-09-05,4046.8161323195895,-0.02741383226964379
2000-09-06,3895.1391697312993,-0.037480566852774296
2000-09-07,4012.588366737002,0.030152760116605802
2000-09-08,3870.5458041322663,-0.03539923600990834
2000-09-11,3762.1718426146876,-0.027999658704949745
2000-09-12,3721.6809431817355,-0.010762639540891234
2000-09-13,3797.655815763566,0.02041412838492223
2000-09-14,3793.23621819174,-0.00116376991129116
2000-09-15,3731.209000496409,-0.016352057748963533
2000-09-18,3638.9700189526643,-0.02472093670750493
2000-09-19,3812.3734970554974,0.04765180180097803
2000-09-20,3846.9058713209583,0.00905797249197428
2000-09-21,3773.503792169792,-0.019080809774521704
2000-09-22,3756.256407765066,-0.004570655113826947
2000-09-25,3675.9257429164018,-0.021385831031822445
2000-09-26,3635.8045053021674,-0.0109145941512961
2000-09-27,3624.9318785400765,-0.002990432171541448
2000-09-28,3780.433406063847,0.04289777925051598
2000-09-29,3623.575152295386,-0.041492135139018484
2000-10-02,3509.193007357038,-0.031566102573004906
2000-10-03,3402.9901091077563,-0.030264194082977706
2000-10-04,3504.4687071541643,0.02982042109814271
2000-10-05,3474.9759436159925,-0.008415758850396866
2000-10-06,3360.91072027522,-0.03282475193830517
2000-10-09,3367.907515347728,0.00208181521463772
2000-10-10,3235.346818342871,-0.03935995760001466
2000-10-11,3146.2703298207234,-0.027532284334132684
2000-10-12,3048.752285746196,-0.030994807772949357
2000-10-13,3326.0825492958497,0.09096516789712752
2000-10-16,3297.289844141893,-0.008656641778194144
2000-10-17,3218.86086065152,-0.023785893020509933
2000-10-18,3185.4760062088453,-0.010371636391862326
2000-10-19,3452.972150016464,0.08397368031849535
2000-10-20,3507.398290417461,0.015762113922852466
2000-10-23,3472.2107644873704,-0.010032372435781308
2000-10-24,3402.4393787236195,-0.0200942254074407
2000-10-25,3153.1643304933855,-0.07326362661713198
2000-10-26,3213.5463018910896,0.01914964304707088
2000-10-27,3221.754060675763,0.002554112501768974
2000-10-30,3126.1313409312306,-0.029680328772356844
2000-10-31,3330.283875666874,0.0653051687440711
2000-11-01,3272.3983173518964,-0.017381568801964696
2000-11-02,3356.802740862352,0.025792833061580776
2000-11-03,3370.4068838946228,0.004052708509400137
2000-11-06,3338.4415852216125,-0.009484106748581503
2000-11-07,3327.360783287408,-0.003319154057766414
2000-11-08,3103.646070185559,-0.06723488304169424
2000-11-09,3101.566151176462,-0.0006701534137791229
2000-11-10,2932.3174583387304,-0.05456878382991557
2000-11-13,2877.839233915496,-0.018578556106983737
2000-11-14,3083.6484341969917,0.07151518328613451
2000-11-15,3121.36853983944,0.012232297697798596
2000-11-16,2967.607964419864,-0.049260628297190884
2000-11-17,2977.378539037783,0.003292407465899613
2000-11-20,2832.854498355785,-0.048540700749695284
2000-11-21,2826.870757958075,-0.0021122653497321507
2000-11-22,2706.85987461549,-0.04245361518730071
2000-11-24,2871.0062176350943,0.0606408719413013
2000-11-27,2809.3011524380686,-0.02149248748330948
2000-11-28,2658.9329973537724,-0.05352511066810981
2000-11-29,2640.39206727991,-0.0069730715637869424
2000-11-30,2542.67563111753,-0.037008305460880346
2000-12-01,2586.481752310066,0.017228356089322716
2000-12-04,2591.158021299832,0.0018079651965801134
2000-12-05,2893.906037388042,0.11683888577985647
2000-12-06,2783.146746078534,-0.03827328526861104
2000-12-07,2758.9964621533773,-0.008677330420749281
2000-12-08,2936.980105422867,0.064510283253707
2000-12-11,3015.5558454147576,0.02675392313581131
2000-12-12,2904.2624450189473,-0.03690642989253059
2000-12-13,2788.2741475154744,-0.039937264520430185
2000-12-14,2677.0649015948416,-0.03988461680488884
2000-12-15,2585.9813335424133,-0.03402366823388034
2000-12-18,2579.4489750747803,-0.002526065591774756
2000-12-19,2433.9209894921482,-0.05641824552021361
2000-12-20,2241.889767618012,-0.07889788645694897
2000-12-21,2256.6024543312637,0.006562627175413803
2000-12-22,2471.025949532067,0.09502050074847898
2000-12-26,2438.849340787778,-0.01302155841397866
2000-12-27,2495.2354159706165,0.02311995015019033
2000-12-28,2499.691837876764,0.0017859725289343959
2000-12-29,2375.006280128298,-0.049880371595874023
2001-01-01,2374.959558693279,-1.9672131147540985e-05
2001-01-02,2158.999803973214,-0.0909319714222367
2001-01-03,2564.2582624140223,0.18770657491260986
2001-01-04,2494.9316420659507,-0.027035740262295896
2001-01-05,2299.999336364175,-0.0781313212815562
2001-01-08,2313.8380377336125,0.006016828418443539
2001-01-09,2344.1055289123865,0.01308107598076335
2001-01-10,2447.8477675423073,0.04425664175539699
2001-01-11,2559.975635602961,0.045806716229429764
2001-01-12,2541.460945828271,-0.0072323695261767304
2001-01-16,2505.564882548386,-0.014124184492705884
2001-01-17,2594.738777784856,0.03559033567942272
2001-01-18,2708.097726430021,0.043688000355064496
2001-01-19,2693.0815242064846,-0.00554492626945612
2001-01-22,2680.301651276844,-0.004745445993658153
2001-01-23,2768.4264265496545,0.032878678125959966
2001-01-24,2764.7576178478776,-0.0013252325099170322
2001-01-25,2632.3044609414305,-0.04790769217937819
2001-01-26,2668.721730630547,0.013834748308746871
2001-01-29,2732.299895625706,0.023823452353774418
2001-01-30,2723.774325106294,-0.0031202909069613523
2001-01-31,2629.3114718173574,-0.0346808663325109
2001-02-01,2643.6524749182126,0.005454280808710434
2001-02-02,2506.7657740179357,-0.051779385603439386
2001-02-05,2501.7680543353335,-0.0019936923243496075
2001-02-06,2507.7745858486624,0.002400914626325881
2001-02-07,2443.2903099184323,-0.025713744885251705
2001-02-08,2388.5307354746456,-0.022412225932175414
2001-02-09,2293.3051593886344,-0.03986784623354985
2001-02-12,2318.689604269257,0.011068934623332005
2001-02-13,2239.1321058860726,-0.03431140513016491
2001-02-14,2337.89308005234,0.044106809913828426
2001-02-15,2404.0048930228986,0.028278373179101323
2001-02-16,2243.2550216209806,-0.0668675308725284
2001-02-20,2124.164631461001,-0.05308820843468988
2001-02-21,2087.073517770473,-0.017461506109824106
2001-02-22,2060.577744024076,-0.012695179887434465
2001-02-23,2084.5317105277118,0.01162487878610997
2001-02-26,2126.6463785352826,0.020203419211554878
2001-02-27,1991.671598254093,-0.06346837050274107
2001-02-28,1934.681763065745,-0.02861407233918762
2001-03-01,1995.193744884249,0.03127748603088885
2001-03-02,1907.3037781041169,-0.04405084318527226
2001-03-05,1943.0938707363366,0.018764757372732515
2001-03-06,2003.5328584835547,0.031104512580400808
2001-03-07,2023.714074386758,0.010072815036574008
2001-03-08,1964.8211229229312,-0.02910141912299201
2001-03-09,1837.9562740764864,-0.06456814178469164
2001-03-12,1703.7192641999745,-0.07303601928395256
2001-03-13,1814.2657200268088,0.06488537058289597
2001-03-14,1769.0213290630907,-0.024938128116673786
2001-03-15,1721.202693521206,-0.02703112436027574
2001-03-16,1670.090129922693,-0.029695842210162745
2001-03-19,1754.1440660482506,0.05032898202293326
2001-03-20,1636.5550264194194,-0.06703499553131728
2001-03-21,1626.9852685018861,-0.005847501466828587
2001-03-22,1725.1589105374262,0.06034083032966711
2001-03-23,1728.310206312801,0.0018266698540792203
2001-03-26,1699.7720004691985,-0.01651220118897888
2001-03-27,1759.3628237833661,0.035058127382801084
2001-03-28,1624.0515205551583,-0.0769092658995897
2001-03-29,1584.42834580894,-0.02439773261175457
2001-03-30,1594.6656153657875,0.006461175466802705
2001-04-02,1537.1927475877503,-0.03604070171466888
2001-04-03,1418.0552193593646,-0.07750331141969213
2001-04-04,1389.3614573579603,-0.02023458720765996
2001-04-05,1539.6658758164788,0.10818237231392669
2001-04-06,1467.8036642097352,-0.04667390031531054
2001-04-09,1501.2831548791628,0.022809243147279532
2001-04-10,1619.5033100392197,0.07874607450023138
2001-04-11,1669.652698558649,0.03096590677435227
2001-04-12,1737.4774420935717,0.04062206684867648
2001-04-16,1672.4849996381417,-0.0374062079200966
2001-04-17,1694.061515879214,0.01290087280049784
2001-04-18,1855.4793352410336,0.0952845087671118
2001-04-19,1979.6089882221322,0.06689896816607428
2001-04-20,1959.6202931881028,-0.010097294542990019
2001-04-23,1836.2622867875696,-0.06294995353402999
2001-04-24,1785.9019518532148,-0.027425458387242235
2001-04-25,1838.7109338956059,0.029569922350771653
2001-04-26,1787.0135066591392,-0.02811612542431415
2001-04-27,1834.7748996929201,0.026726934550747716
2001-04-30,1880.018519583647,0.024658948570911502
2001-05-01,1944.722209167316,0.034416517129841014
2001-05-02,1988.7010588384512,0.02261446363075486
2001-05-03,1902.9347371696945,-0.04312680444734652
2001-05-04,1949.548077985063,0.024495501556032487
2001-05-07,1920.729666049464,-0.014782098610968332
2001-05-08,1954.9989516428236,0.01784180574658618
2001-05-09,1901.916859695727,-0.027151979750419206
2001-05-10,1862.8399035841783,-0.02054609059924963
2001-05-11,1845.4793045685785,-0.009319426206297889
2001-05-14,1818.9544155167002,-0.014372899759002848
2001-05-15,1820.7157498810109,0.0009683224325389818
2001-05-16,1924.7296232341546,0.057128013178301656
2001-05-17,1950.728333505315,0.013507720750654997
2001-05-18,1953.2994005674573,0.0013180036491919724
2001-05-21,2079.799903051125,0.06476247443014524
2001-05-22,2070.018341021933,-0.004703126495410647
2001-05-23,1983.5027618020424,-0.04179459548999901
2001-05-24,2029.9068212483226,0.023395006218252665
2001-05-25,1986.6987930581365,-0.02128571998374514
2001-05-29,1898.2819422297348,-0.04450440657504067
2001-05-30,1802.4905873399537,-0.050462132499276675
2001-05-31,1823.644574790295,0.011735976653037394
2001-06-01,1865.1129013287095,0.022739259125196063
2001-06-04,1863.0598594161659,-0.0011007601261461993
2001-06-05,1949.227957445399,0.04625084781561226
2001-06-06,1928.8910526439772,-0.010433312698877298
2001-06-07,1989.1308859655715,0.031230293301958166
2001-06-08,1921.145458449522,-0.03417845853971933
2001-06-11,1870.7340017492531,-0.026240312246295923
2001-06-12,1876.3242783570208,0.0029882797888637746
2001-06-13,1813.681007858534,-0.03338616422601512
2001-06-14,1733.815692436995,-0.044034929557892954
2001-06-15,1723.8150886513797,-0.0057679739716502915
2001-06-18,1688.282162653758,-0.020612956825561243
2001-06-19,1697.8041132141718,0.005640023196979476
2001-06-20,1744.0497285010288,0.02723848701208992
2001-06-21,1774.0857264168692,0.017221984800660298
2001-06-22,1750.0139568099116,-0.013568549280634572
2001-06-25,1766.6238519883136,0.009491292977274348
2001-06-26,1774.4328311278543,0.00442028399579894
2001-06-27,1778.8784685517246,0.0025053850142326695
2001-06-28,1832.4756421915035,0.030129755678821063
2001-06-29,1853.9900711931793,0.011740635731422821
2001-07-02,1850.7929263761746,-0.0017244670652130708
2001-07-03,1845.8070046683638,-0.002693938169286759
2001-07-05,1773.6992551385672,-0.0390657036989369
2001-07-06,1690.2092625807668,-0.04707110989415055
2001-07-09,1719.0046664626498,0.017036590982773027
2001-07-10,1645.9606086662232,-0.04249206486840777
2001-07-11,1662.7745532643444,0.01021527763762588
2001-07-12,1772.7367145987143,0.06613173212116649
2001-07-13,1773.7177170675197,0.0005533830606241831
2001-07-16,1707.4687688522017,-0.03735033347067604
2001-07-17,1751.8322416516448,0.025982011272314667
2001-07-18,1688.3332000426062,-0.03624721597153115
2001-07-19,1717.7157703248204,0.01740330065266297
2001-07-20,1698.0244154817622,-0.011463686357920803
2001-07-23,1650.8624017486545,-0.027774638163684418
2001-07-24,1625.4595848923427,-0.015387603975597337
2001-07-25,1648.744119234014,0.0143248928229817
2001-07-26,1694.8473910296937,0.02796266034119267
2001-07-27,1704.7517811371742,0.0058438241459977626
2001-07-30,1691.3996216141861,-0.007832318857635317
2001-07-31,1705.1422690934758,0.008125015108005153
2001-08-01,1751.6383439203587,0.027268149801718516
2001-08-02,1773.8270266410852,0.012667388104251026
2001-08-03,1747.9389290059312,-0.01459448821465734
2001-08-06,1724.5499837906214,-0.013380870937299439
2001-08-07,1717.9861564429038,-0.00380611023711236
2001-08-08,1646.9107121811458,-0.041371371937548106
2001-08-09,1649.6545241441102,0.001666035652491833
2001-08-10,1638.0276754603542,-0.007048050675815474
2001-08-13,1674.271076275442,0.02212624448173745
2001-08-14,1650.6438392286914,-0.014111954379162685
2001-08-15,1591.9776335723489,-0.035541407699286556
2001-08-16,1602.0434222413546,0.006322820406979261
2001-08-17,1535.8034543739832,-0.04134717383296506
2001-08-20,1555.429191098575,0.012778807515178854
2001-08-21,1499.469730350389,-0.03597686160735029
2001-08-22,1534.568408143416,0.023407393348864308
2001-08-23,1515.8953185353002,-0.012168300552145024
2001-08-24,1599.569561296999,0.055197903007278316
2001-08-27,1598.231716292758,-0.0008363781335999949
2001-08-28,1545.5351428614758,-0.03297179807788862
2001-08-29,1518.6505110082685,-0.017395031085111343
2001-08-30,1472.20288704905,-0.030584801191934935
2001-08-31,1488.192110184831,0.010860747031837812
2001-09-04,1441.9994704408562,-0.031039433301549856
2001-09-05,1433.0592559063025,-0.006199873660023218
2001-09-06,1378.7671320623415,-0.03788547027640195
2001-09-07,1371.2450110075663,-0.005455686373610928
2001-09-10,1382.4773447222349,0.008191339712817113
2001-09-17,1268.3134397232936,-0.0825792230409958
2001-09-18,1239.89536506091,-0.022406192170117977
2001-09-19,1223.2727926248824,-0.013406431626761613
2001-09-20,1180.7823357573325,-0.034735062468261364
2001-09-21,1140.965298177258,-0.033720895354126805
2001-09-24,1205.8095971384405,0.05683284063483259
2001-09-25,1202.5113113623559,-0.002735328847864487
2001-09-26,1186.6490495248897,-0.013190946053967208
2001-09-27,1158.455914859835,-0.023758612267327686
2001-09-28,1182.8470737330947,0.021054887424188894
2001-10-01,1165.4814859460153,-0.014681177451175587
2001-10-02,1173.7043951762207,0.007055375249938855
2001-10-03,1264.8499279172863,0.07765629328446111
2001-10-04,1276.2306360668845,0.008997674663537078
2001-10-05,1287.4289719539295,0.008774539311762933
2001-10-08,1295.401098271977,0.006192284383617727
2001-10-09,1259.8903521747945,-0.027412934993302447
2001-10-10,1320.7426194625796,0.04829965336486866
2001-10-11,1406.972755184586,0.0652891293514054
2001-10-12,1410.9823558632431,0.0028498069091117523
2001-10-15,1395.8510268692555,-0.01072396754722726
2001-10-16,1422.0497382405636,0.01876898814200026
2001-10-17,1330.9257908281659,-0.06407929692047275
2001-10-18,1346.6375122547663,0.011805107042687862
2001-10-19,1364.1002349760063,0.012967649098086585
2001-10-22,1399.9880161333165,0.02630875667134644
2001-10-23,1400.980920630189,0.0007092235686522732
2001-10-24,1442.0984335575772,0.029349088429336128
2001-10-25,1497.1131816943125,0.03814909361007824
2001-10-26,1472.6584011572995,-0.016334623751917673
2001-10-29,1391.3289715130368,-0.05522626943244239
2001-10-30,1358.6060105681715,-0.023519211929641425
2001-10-31,1381.3913252963255,0.016771098133611894
2001-11-01,1441.4748600205346,0.043494941385505144
2001-11-02,1443.1152108658243,0.00113796701613403
2001-11-05,1498.178525926847,0.03815586908545329
2001-11-06,1541.5692026473384,0.02896228718379733
2001-11-07,1543.1582359768224,0.001030789488240347
2001-11-08,1528.9074755549477,-0.009234801778350347
2001-11-09,1533.3102627886879,0.0028796950136842055
2001-11-12,1547.2370508633028,0.009082824534993802
2001-11-13,1599.8658299990577,0.03401468385622598
2001-11-14,1605.0473139947899,0.0032386990824944616
2001-11-15,1601.6867759541108,-0.0020937314503926413
2001-11-16,1601.2309321150717,-0.000284602361636871
2001-11-19,1637.0669838414706,0.02238031442414295
2001-11-20,1568.3584693069035,-0.041970496755935185
2001-11-21,1570.6859693340557,0.0014840357435508596
2001-11-23,1596.431684301883,0.016391382791012616
2001-11-26,1639.0872098799316,0.02671929278120136
2001-11-27,1629.1790638068585,-0.0060449169594818985
2001-11-28,1575.6945791469195,-0.03282910138494118
2001-11-29,1618.4609214080224,0.027141263812849162
2001-11-30,1615.1613418163618,-0.0020387144033048705
2001-12-03,1586.2780980881826,-0.017882574935639477
2001-12-04,1653.7953464766658,0.04256331123140159
2001-12-05,1741.4595986040654,0.05300792042628733
2001-12-06,1738.4730410081313,-0.0017149738060693437
2001-12-07,1693.8656583833833,-0.025658944126553913
2001-12-10,1664.9518306079237,-0.017069729014433634
2001-12-11,1681.0403284655258,0.009663041033281854
2001-12-12,1689.8125734003754,0.005218342942942437
2001-12-13,1620.9521868800905,-0.04075031018482628
2001-12-14,1624.7462243479179,0.0023406226898831247
2001-12-17,1659.796072831221,0.02157250649858868
2001-12-18,1677.3308288445833,0.010564403844776004
2001-12-19,1647.9861402908516,-0.01749487223933367
2001-12-20,1575.8002117279636,-0.043802509498136966
2001-12-21,1596.9474390593186,0.013419992695752824
2001-12-24,1595.944576873671,-0.0006279869713422358
2001-12-26,1609.6134345583334,0.008564744592471142
2001-12-27,1625.4274177674674,0.009824708759015288
2001-12-28,1640.2395175300824,0.009112741424627575
2001-12-31,1595.6075569482723,-0.02721063607162576
2002-01-02,1629.3215169717582,0.021129230603524188
2002-01-03,1686.2449841194007,0.03493691487818784
2002-01-04,1694.7050245743842,0.005017088581230972
2002-01-07,1669.1839511877213,-0.015059301186100231
2002-01-08,1686.1222117690052,0.01014762966612002
2002-01-09,1673.1435701358635,-0.0076973315116495265
2002-01-10,1676.0895440705813,0.0017607418677637319
2002-01-11,1653.3075528778277,-0.013592347302295624
2002-01-14,1622.5169654201918,-0.018623629586667186
2002-01-15,1631.310715849212,0.005419820326342712
2002-01-16,1577.197454723961,-0.03317164571991507
2002-01-17,1621.036126165273,0.027795296847587508
2002-01-18,1566.2962092865062,-0.033768474369698126
2002-01-22,1519.2831032641323,-0.030015463067352855
2002-01-23,1567.2584030543019,0.031577590566956484
2002-01-24,1583.3561432037266,0.010271273784880065
2002-01-25,1576.3983328250686,-0.004394343249004994
2002-01-28,1583.0518355571437,0.004220698914437172
2002-01-30,1556.814896295699,-0.016573645077269716
2002-01-31,1568.1676560919038,0.007292299054446134
2002-02-01,1545.8842678715093,-0.014209825163674038
2002-02-04,1496.31298156254,-0.032066621893515265
2002-02-05,1479.8065761867736,-0.01103138553174177
2002-02-06,1462.7034995996369,-0.011557643317958968
2002-02-07,1430.2245841890033,-0.022204715733245714
2002-02-08,1468.9709463720942,0.02709110346125232
2002-02-11,1494.7138899660672,0.017524474297841108
2002-02-12,1481.6776924683045,-0.008721533656222713
2002-02-13,1503.9143657780146,0.015007766819156316
2002-02-14,1491.727948733799,-0.008103132280348535
2002-02-15,1453.2719621423835,-0.025779490572699543
2002-02-19,1403.2431326208934,-0.03442496024470085
2002-02-20,1424.4678929791926,0.015125504529394537
2002-02-21,1363.7602033730495,-0.04261780128941787
2002-02-22,1371.7544742411085,0.005861932947072496
2002-02-25,1424.1601725945002,0.0382034098211226
2002-02-26,1417.2750542006486,-0.004834511262387319
2002-02-27,1394.2973639370457,-0.016212583574020816
2002-02-28,1374.8094891474313,-0.013976842597325775
2002-03-01,1451.8665657254471,0.05604927605336909
2002-03-04,1511.8148289736625,0.041290477143993864
2002-03-05,1516.106037409901,0.0028384484356140556
2002-03-06,1537.3389134932713,0.014004875357956048
2002-03-07,1524.0410045697856,-0.008649952724652599
2002-03-08,1572.8858195166047,0.032049541187120036
2002-03-11,1571.5375753565916,-0.0008571786605765897
2002-03-12,1537.890142108146,-0.02141051781139301
2002-03-13,1503.2215196967409,-0.022542977201142123
2002-03-14,1494.0305454207578,-0.006114184872657632
2002-03-15,1512.4508927455986,0.012329297671523153
2002-03-18,1523.0279412360014,0.00699331696727146
2002-03-19,1521.7865460735795,-0.0008150836427955177
2002-03-20,1467.5187396476103,-0.03566059022271398
2002-03-21,1505.8930108662485,0.02614908428893575
2002-03-22,1486.8011160092237,-0.012678121698727002
2002-03-25,1443.7962969498092,-0.028924392507079472
2002-03-26,1455.874751072933,0.00836576056375873
2002-03-27,1452.7930972800823,-0.0021167025464102636
2002-03-28,1469.2706962306704,0.01134201351963846
2002-04-01,1495.222787403624,0.017663246969760012
2002-04-02,1426.3552719407505,-0.046058364039821865
2002-04-03,1409.9650901189175,-0.01149095330193021
2002-04-04,1412.749325890115,0.0019746841894948447
2002-04-05,1392.263627188293,-0.014500589967660928
2002-04-08,1408.6663843226709,0.011781358655115958
2002-04-09,1360.4822704712935,-0.03420548285075014
2002-04-10,1378.6480900103231,0.013352485315914063
2002-04-11,1339.5659937937514,-0.02834813067943906
2002-04-12,1367.0656686428133,0.020528794383008243
2002-04-15,1370.3219111922706,0.002381921091391256
2002-04-16,1429.816545417705,0.043416538653804335
2002-04-17,1419.474665036914,-0.007233012104898742
2002-04-18,1411.5699530143897,-0.005568758793112108
2002-04-19,1400.5507439871021,-0.007806349946565698
2002-04-22,1364.9552802424475,-0.02541533314481785
2002-04-23,1337.6257811467426,-0.02002226702317358
2002-04-24,1316.8996918474345,-0.015494684381411808
2002-04-25,1316.8931975475844,-4.931506849315069e-06
2002-04-26,1264.8811922303473,-0.03949599361140106
2002-04-29,1260.6761730606627,-0.0033244380543519564
2002-04-30,1291.3286298331348,0.02431429849114542
2002-05-01,1281.5746299555751,-0.0075534605616386944
2002-05-02,1239.0389165727822,-0.03319019617629865
2002-05-03,1204.016511018016,-0.028265783331196153
2002-05-06,1174.088887132563,-0.02485648960091807
2002-05-07,1172.1518302905897,-0.001649838324169996
2002-05-08,1296.6767545115954,0.10623617265532458
2002-05-09,1254.2031117995293,-0.03275576782284809
2002-05-10,1201.9928113859255,-0.04162826572698629
2002-05-13,1255.3214346502184,0.04436684043293377
2002-05-14,1320.0357725868473,0.051552005845149004
2002-05-15,1325.5902882506973,0.004207852377337427
2002-05-16,1330.4369858161224,0.003656256090877663
2002-05-17,1340.490726469877,0.007556720657151177
2002-05-20,1306.5086955010481,-0.025350440922720156
2002-05-21,1269.8005819368195,-0.02809634079790878
2002-05-22,1278.4894373947932,0.006842692924837596
2002-05-23,1300.9892217328659,0.01759872524556861
2002-05-24,1266.8699680603563,-0.026225623627430313
2002-05-28,1258.5442966494215,-0.0065718436941730254
2002-05-29,1232.1098933506178,-0.02100395144547488
2002-05-30,1241.4254218929752,0.007560631233164493
2002-05-31,1221.6640650496756,-0.015918279499357004
2002-06-03,1171.8941881420328,-0.040739413011725914
2002-06-04,1191.7544493959037,0.01694714544609022
2002-06-05,1208.7331962325632,0.014246849965834732
2002-06-06,1170.3300399793834,-0.03177140858948566
2002-06-07,1152.7534455115967,-0.01501849381572432
2002-06-10,1148.0656893666628,-0.004066573093480063
2002-06-11,1113.030285209216,-0.030516898538074433
2002-06-12,1135.6398425520667,0.020313514953998746
2002-06-13,1118.6502930605466,-0.01496033236500442
2002-06-14,1121.7382659519508,0.0027604452531412374
2002-06-17,1162.4726342334482,0.03631361211247312
2002-06-18,1150.7401728284835,-0.010092677504362282
2002-06-19,1109.5192957191414,-0.03582118542713463
2002-06-20,1074.0408280652512,-0.0319764314066251
2002-06-21,1046.9229378835398,-0.0252484723793609
2002-06-24,1069.1978914810775,0.021276593330325392
2002-06-25,1033.872130175501,-0.03303949772725629
2002-06-26,1038.3957946989626,0.004375458426075982
2002-06-27,1062.0654752602604,0.022794468816353185
2002-06-28,1062.838611255057,0.0007279551146385226
2002-07-01,1009.0041791768183,-0.05065155848512895
2002-07-02,974.1146302738305,-0.034578200589270136
2002-07-03,1006.4772075110445,0.03322255536611416
2002-07-05,1072.3844213623943,0.0654830664415482
2002-07-08,1025.3040924715483,-0.04390247373328447
2002-07-09,1000.9382969420715,-0.023764457499376425
2002-07-10,969.4161818711374,-0.03149256569284657
2002-07-11,1008.8127283032799,0.040639456168454394
2002-07-12,1011.627896530459,0.0027905756422344575
2002-07-15,1032.0310706153518,0.02016865505080348
2002-07-16,1022.2011569453961,-0.009524823379682391
2002-07-17,1039.8241078223973,0.017240198523804352
2002-07-18,1005.3212479398945,-0.03318143869039423
2002-07-19,975.8422575654943,-0.029322955657018698
2002-07-22,949.1941848504457,-0.027307766709682567
2002-07-23,906.3236478822719,-0.04516519133008429
2002-07-24,961.798892659497,0.061209088946150035
2002-07-25,904.0506379739228,-0.060041922616372416
2002-07-26,920.6828541358892,0.018397438664764437
2002-07-29,980.5245849994039,0.06499711664520941
2002-07-30,990.8593602111157,0.010540047001185708
2002-07-31,972.4090217802385,-0.018620542098876734
2002-08-01,923.3648381845577,-0.05043575542511228
2002-08-02,902.0547418677147,-0.023078739232415532
2002-08-05,866.2324984558821,-0.03971182872744753
2002-08-06,911.5369526543651,0.05230057089666019
2002-08-07,928.8857293233164,0.019032444728030076
2002-08-08,957.3415895425104,0.030634403480311722
2002-08-09,947.3211858414369,-0.010466905241066587
2002-08-12,948.9747583550002,0.0017455246840011218
2002-08-13,917.2762741151556,-0.033402873955037785
2002-08-14,979.1430772189226,0.06744620443109832
2002-08-15,991.4073507495413,0.01252551727726363
2002-08-16,1006.6427548438711,0.015367451212472105
2002-08-19,1036.8354318141162,0.029993437915249197
2002-08-20,1018.7100795649914,-0.017481416715680216
2002-08-21,1046.4461637871723,0.02722667104071923
2002-08-22,1060.1447416113424,0.013090571018573869
2002-08-23,1021.1911723263453,-0.036743632973918854
2002-08-26,1027.5427818114458,0.006219804535355582
2002-08-27,984.7701710058034,-0.04162611188824561
2002-08-28,954.8120191021616,-0.030421465622830296
2002-08-29,971.9060682729961,0.01790305193990826
2002-08-30,952.3267283477496,-0.020145300625643184
2002-09-03,909.1168262221609,-0.04537298055317244
2002-09-04,930.6771389042391,0.023715667844002173
2002-09-05,892.2118097179663,-0.04133047603550363
2002-09-06,931.9210011727453,0.04450646250393317
2002-09-09,942.0225108726328,0.010839448501724388
2002-09-10,957.6705783394792,0.01661113963439266
2002-09-11,956.3319962513274,-0.0013977479505247151
2002-09-12,924.6078576904004,-0.03317272525156612
2002-09-13,933.5158140237713,0.00963430740857243
2002-09-16,917.9910673858993,-0.01663040561782777
2002-09-17,906.9219024633691,-0.012058031189836333
2002-09-18,904.5630484661747,-0.002600945010576129
2002-09-19,874.9824477183365,-0.03270153561766264
2002-09-20,880.7074070178838,0.006542941877835444
2002-09-23,851.8763699759929,-0.032736226370020154
2002-09-24,852.5693681344231,0.0008134961631226222
2002-09-25,889.6175816751945,0.04345477907778877
2002-09-26,882.8433546703494,-0.007614762954761774
2002-09-27,869.3094926944098,-0.01532985654175671
2002-09-30,841.1768162745896,-0.03236209503777935
2002-10-01,879.6789482967926,0.045771746530915564
2002-10-02,858.3856177685044,-0.024205797546383963
2002-10-03,841.8615333573903,-0.01925018787485147
2002-10-04,823.8624537712229,-0.02138009503105097
2002-10-07,812.9785947722173,-0.013210771954935965
2002-10-08,819.8753657902569,0.00848333653848778
2002-10-09,815.7793718730685,-0.004995873870707582
2002-10-10,858.3617357684167,0.05219838275338711
2002-10-11,899.8222032894812,0.04830185898716526
2002-10-14,910.0537759766062,0.011370660392376889
2002-10-15,960.232325567524,0.055138004935004654
2002-10-16,919.5216281825193,-0.042396716191515
2002-10-17,954.8075360991411,0.03837420114453011
2002-10-18,965.9870056327048,0.011708610490484241
2002-10-21,989.4320956478275,0.02427060600030176
2002-10-22,973.7878545977865,-0.01581133371239383
2002-10-23,999.4949231475114,0.02639904413301918
2002-10-24,974.8289430316755,-0.024678444626972308
2002-10-25,1005.7791043210095,0.03174932536684874
2002-10-28,989.5089023300867,-0.016176715066979482
2002-10-29,970.6727829593235,-0.019035826081410794
2002-10-30,996.1971287221535,0.026295520190659043
2002-10-31,999.6775774413593,0.0034937349434746227
2002-11-01,1029.4950721724247,0.029827111664725337
2002-11-04,1057.6958416846119,0.027392816415020192
2002-11-05,1061.1253918484042,0.0032424729573767913
2002-11-06,1076.7482682814914,0.0147229314773754
2002-11-07,1036.2636241279095,-0.03759898701132452
2002-11-08,1018.7313650734463,-0.01691872477837654
2002-11-11,982.3893132559717,-0.035673832242177426
2002-11-12,1012.1446581822703,0.030288750625431078
2002-11-13,1022.2415157787287,0.009975706056278216
2002-11-14,1068.5936332720862,0.045343606944046856
2002-11-15,1072.0734679400136,0.0032564621008192574
2002-11-18,1055.803968031674,-0.01517573225611247
2002-11-19,1036.3734795073624,-0.018403500188141728
2002-11-20,1081.390753494857,0.04343730795667747
2002-11-21,1129.478434138594,0.04446836676596894
2002-11-22,1127.3212649658888,-0.0019098807976358973
2002-11-25,1138.4665835247447,0.009886550449479165
2002-11-26,1098.490494917332,-0.03511397627820127
2002-11-27,1137.051287136611,0.03510343730573753
2002-11-29,1127.3733131937545,-0.008511466503176152
2002-12-02,1131.7303699742045,0.0038647861621867157
2002-12-03,1099.7757767603737,-0.02823516454238041
2002-12-04,1080.2656964771113,-0.017740052741235746
2002-12-05,1063.6648279065816,-0.01536739398896702
2002-12-06,1076.6995924339888,0.012254578872426397
2002-12-09,1025.039010740042,-0.047980497120058245
2002-12-10,1043.4471648952615,0.017958491298716
2002-12-11,1046.744866204812,0.0031603912689548244
2002-12-12,1050.3859486192428,0.0034784812727405184
2002-12-13,1015.9385734821334,-0.03279496948944465
2002-12-16,1052.8805371469089,0.036362398897953854
2002-12-17,1050.4311073973204,-0.002326408042669192
2002-12-18,1023.8626513631262,-0.025292906738094825
2002-12-19,1016.110860931389,-0.0075711233546969185
2002-12-20,1023.741452685951,0.007509605543993147
2002-12-23,1042.6031212299624,0.018424250082405797
2002-12-24,1033.528352551379,-0.008703953109096631
2002-12-26,1026.5897254161857,-0.006713533419827712
2002-12-27,1007.7892012881161,-0.018313571295921205
2002-12-30,999.7350050218236,-0.007991945394927898
2002-12-31,994.0844791717043,-0.005652023607991898
2003-01-02,1038.067139971471,0.04424438940683799
2003-01-03,1041.8688898302062,0.003662335230878883
2003-01-06,1071.9980233711171,0.028918354156655043
2003-01-07,1082.4649039618175,0.009763899151404425
2003-01-08,1052.8385074392704,-0.027369382983332427
2003-01-09,1086.6946069667288,0.032156973066841704
2003-01-10,1098.1105343629988,0.010505184550547265
2003-01-13,1093.6893766886387,-0.0040261499512202065
2003-01-14,1105.670542597093,0.010954816023476038
2003-01-15,1084.1846623768888,-0.01943244338384577
2003-01-16,1071.9190329269643,-0.011313229079476435
2003-01-17,1027.6007904299584,-0.04134476684865946
2003-01-21,1018.8430853410821,-0.008522477960737986
2003-01-22,1037.1658326511786,0.017983875607265453
2003-01-23,1049.3587740575085,0.011756019165385089
2003-01-24,1002.5885174038533,-0.04457032028503533
2003-01-27,991.6358088253841,-0.010924430499992798
2003-01-28,1016.3601780172198,0.024932912841381192
2003-01-29,1032.9857920501227,0.016357994333600617
2003-01-30,994.790213521937,-0.03697589920610673
2003-01-31,1005.7711176484478,0.011038411895543561
2003-02-03,1007.2894345298383,0.0015096047746335581
2003-02-04,969.3676812584207,-0.03764732555654972
2003-02-05,977.0162555766457,0.007890271633871437
2003-02-06,970.1648513463839,-0.007012579566772895
2003-02-07,960.930544480136,-0.009518286354564122
2003-02-10,983.9467087255799,0.02395195404876596
2003-02-11,971.7843531399585,-0.01236078689807725
2003-02-12,965.8520363228114,-0.006104560953239289
2003-02-13,947.6215965753502,-0.01887498194533816
2003-02-14,991.6392290128356,0.04645064295343473
2003-02-18,1025.1594803500116,0.0338028693868283
2003-02-19,1003.8598990054645,-0.020776846678796607
2003-02-20,1009.2359153876374,0.0053553452902132875
2003-02-21,1029.0903969883993,0.019672785419191086
2003-02-24,1003.8119236690034,-0.024563899724817786
2003-02-25,1011.368608446098,0.007527988658945687
2003-02-26,983.3053922715985,-0.027747762724825705
2003-02-27,1010.6103970981225,0.027768590552976438
2003-02-28,1023.0837746781706,0.012342419606867475
2003-03-03,997.8871461965097,-0.024628118542479
2003-03-04,991.4808239035997,-0.006419886574677247
2003-03-05,1004.7313461834397,0.013364375750275114
2003-03-06,1001.1922846896376,-0.0035223958197835694
2003-03-07,1001.6108231068691,0.0004180399945464206
2003-03-10,971.6806101097688,-0.029882078254965923
2003-03-11,966.0823274540888,-0.005761443212340685
2003-03-12,980.6650849649155,0.015094735817450014
2003-03-13,1039.6678072957288,0.060166027357774356
2003-03-14,1029.8998292610243,-0.00939528757758882
2003-03-17,1087.3962484240199,0.055827195547988984
2003-03-18,1092.4984700993905,0.004692145740584922
2003-03-19,1068.879899057166,-0.02161885960359804
2003-03-20,1099.5631638660475,0.028705998527941704
2003-03-21,1110.0559929899032,0.009542725210039626
2003-03-24,1055.5651403143506,-0.04908838204529036
2003-03-25,1085.6217385299115,0.028474413437535383
2003-03-26,1085.1615253143348,-0.0004239167283071266
2003-03-27,1080.8047576511933,-0.004014856370695091
2003-03-28,1054.2599793164725,-0.024560197525784293
2003-03-31,1042.664141228277,-0.010999030899108548
2003-04-01,1041.245207295766,-0.0013608734360418707
2003-04-02,1076.9635063468431,0.03430344629757449
2003-04-03,1088.929474316765,0.011110838853315812
2003-04-04,1054.2093129288814,-0.03188467408292737
2003-04-07,1063.1253618796945,0.008457569897615539
2003-04-08,1065.9559641257604,0.0026625291311471438
2003-04-09,1033.0941753981915,-0.03082846743535068
2003-04-10,1045.3324591382045,0.011846242125308595
2003-04-11,1030.1354396735148,-0.014537977207001111
2003-04-14,1060.3495128562881,0.029330194864812382
2003-04-15,1068.4489150362147,0.0076384268410789906
2003-04-16,1061.3573468182522,-0.0066372552942525215
2003-04-17,1094.9529710538843,0.031653452379959784
2003-04-21,1080.8485396161113,-0.012881312540937391
2003-04-22,1114.0999611438958,0.030764182315123033
2003-04-23,1126.064418031738,0.010739123332844897
2003-04-24,1125.7453596233709,-0.00028333939271840724
2003-04-25,1091.4024235340833,-0.030506842240750807
2003-04-28,1120.815831434283,0.026950103157143256
2003-04-29,1114.037358389267,-0.006047802729857619
2003-04-30,1127.2125004176337,0.011826481337588115
2003-05-01,1130.052488795214,0.002519479136833744
2003-05-02,1147.9911673143472,0.015874199381887322
2003-05-05,1163.6260330986556,0.013619325853251407
2003-05-06,1171.7340351065643,0.00696787608499763
2003-05-07,1141.8236702359277,-0.025526581949901574
2003-05-08,1142.735821916203,0.0007988551157701274
2003-05-09,1154.5275094070028,0.010318821957490596
2003-05-12,1174.4710772121653,0.017274224860528337
2003-05-13,1176.2610400506098,0.0015240586789870725
2003-05-14,1151.2666293511834,-0.021249033886518078
2003-05-15,1159.6064162438925,0.007244009927925378
2003-05-16,1156.8247736085207,-0.002398781686963936
2003-05-19,1122.4731025741462,-0.029694792001402483
2003-05-20,1113.313750889082,-0.008159974313913817
2003-05-21,1114.2259931007745,0.0008193936443917741
2003-05-22,1148.0974602668314,0.030399099801824044
2003-05-23,1145.8811160221596,-0.0019304495666740674
2003-05-27,1184.8798784024902,0.03403386427704804
2003-05-28,1192.714324670641,0.006612017311588986
2003-05-29,1209.3583407688648,0.013954738158125165
2003-05-30,1212.1974293927385,0.002347599159128117
2003-06-02,1191.0567601356652,-0.01743995552577942
2003-06-03,1209.849701264828,0.015778375773646804
2003-06-04,1239.681893976002,0.02465776755574364
2003-06-05,1242.9748112506786,0.0026562598765682496
2003-06-06,1221.3131408762674,-0.017427280246021328
2003-06-09,1198.800793867089,-0.018432903287216217
2003-06-10,1223.9702122736435,0.020995496946046317
2003-06-11,1241.6320093814068,0.01442992397254062
2003-06-12,1229.0323026456233,-0.010147698062375816
2003-06-13,1211.9727727714708,-0.013880456874428886
2003-06-16,1253.7067407476782,0.03443474054352933
2003-06-17,1240.8146919833932,-0.010283145448030634
2003-06-18,1266.699190272404,0.020860889588303722
2003-06-19,1233.8792927899353,-0.02590978010762813
2003-06-20,1228.1413957235045,-0.0046502904295093375
2003-06-23,1200.4645917322816,-0.022535519189888026
2003-06-24,1198.8638249562991,-0.0013334560527708322
2003-06-25,1197.1722679689929,-0.0014109667437565893
2003-06-26,1228.120884291201,0.025851431034827173
2003-06-27,1210.346301514808,-0.014472991220771883
2003-06-30,1210.5584658058099,0.00017529222069458458
2003-07-01,1230.1253007139126,0.016163477816891716
2003-07-02,1256.905816794301,0.02177055952336408
2003-07-03,1239.3637122685896,-0.013956578361974588
2003-07-07,1293.7277055147158,0.04386443842753453
2003-07-08,1310.488601299679,0.01295550502127858
2003-07-09,1296.851201049132,-0.010406347859128301
2003-07-10,1271.9647943835532,-0.019189870546016365
2003-07-11,1283.055585380203,0.008719416642364445
2003-07-14,1301.9207623438033,0.014703320088825259
2003-07-15,1296.950010226023,-0.00381801432280062
2003-07-16,1288.7711379743196,-0.006306235542785612
2003-07-17,1260.6473041706467,-0.021822209525794965
2003-07-18,1278.9005588118102,0.014479271546272768
2003-07-21,1243.0353334566648,-0.02804379520208095
2003-07-22,1276.5619063485133,0.026971536519896904
2003-07-23,1281.6393685837395,0.003977450846664949
2003-07-24,1263.1508487576136,-0.014425680327342224
2003-07-25,1289.5646544132264,0.02091104612057407
2003-07-28,1297.1599287304387,0.00588979722049539
2003-07-29,1268.1703464333668,-0.022348502798297615
2003-07-30,1272.753356490007,0.0036138757458960575
2003-07-31,1310.2022604763713,0.029423535829157462
2003-08-01,1271.1354563017674,-0.02981738419562778
2003-08-04,1288.243400965991,0.013458789603743257
2003-08-05,1237.5466924323675,-0.039353361713794555
2003-08-06,1247.950144205306,0.008406512527208802
2003-08-07,1235.9897606797444,-0.009584023513357586
2003-08-08,1214.7996070769732,-0.0171442792463892
2003-08-11,1240.9762729607087,0.021548134960893823
2003-08-12,1252.4284252315954,0.009228341041174199
2003-08-13,1244.533488734577,-0.006303702740983724
2003-08-14,1264.9024000201327,0.016366704046081083
2003-08-15,1268.3855506302705,0.0027536912018527307
2003-08-18,1296.022941512839,0.021789424255767662
2003-08-19,1312.5883268869036,0.012781706899977952
2003-08-20,1318.7743494034232,0.004712842853929252
2003-08-21,1310.2641076278805,-0.006453144754743283
2003-08-22,1315.7944486531549,0.004220783423035665
2003-08-25,1307.0076477432708,-0.006677943442365374
2003-08-26,1321.1314434010521,0.010806207356298211
2003-08-27,1331.4021254352192,0.007774156073166077
2003-08-28,1343.9521825921818,0.00942619582559255
2003-08-29,1356.3205517182157,0.00920298302740064
2003-09-02,1372.7816260992013,0.012136566359724
2003-09-03,1366.3493863492731,-0.004685552040935685
2003-09-04,1387.8650894648576,0.01574685313327643
2003-09-05,1366.6369845412623,-0.015295510410007183
2003-09-08,1399.3225511931319,0.023916787721679534
2003-09-09,1376.6122633059065,-0.016229487524417757
2003-09-10,1343.6654287399858,-0.02393327114985842
2003-09-11,1369.618035667404,0.019314783555721356
2003-09-12,1369.2172001545678,-0.0002926622623225908
2003-09-15,1357.4049198046869,-0.00862703181682749
2003-09-16,1395.257253348225,0.027885808421104455
2003-09-17,1381.4128128360385,-0.009922500298037408
2003-09-18,1413.5564527671488,0.023268670764041533
2003-09-19,1394.9922742660403,-0.013132958690661061
2003-09-22,1370.1199966860252,-0.01782968840677028
2003-09-23,1400.4374621663492,0.022127598716648402
2003-09-24,1350.9540585977866,-0.03533424726586237
2003-09-25,1336.9087790443193,-0.010396563424255543
2003-09-26,1320.2719053068188,-0.012444284904309853
2003-09-29,1346.8331287452638,0.020117994885509846
2003-09-30,1313.2446718458725,-0.024938840738706055
2003-10-01,1347.3931722629884,0.026003151696871007
2003-10-02,1337.099806368062,-0.0076394671628314745
2003-10-03,1397.4567482010057,0.04514019188806113
2003-10-06,1395.7396326533053,-0.0012287432508454417
2003-10-07,1404.3437399453912,0.006164550386614236
2003-10-08,1387.9495976530138,-0.011673881419526879
2003-10-09,1398.257834053917,0.00742695298037765
2003-10-10,1405.6517232509204,0.005287929748669203
2003-10-13,1416.8014690713487,0.007932082774132486
2003-10-14,1432.877107385313,0.011346429732671762
2003-10-15,1421.5453925866352,-0.00790836474410266
2003-10-16,1439.5266155496947,0.012649067034251425
2003-10-17,1403.6921499904663,-0.024893228907438253
2003-10-20,1421.0428010632545,0.01236072387589126
2003-10-21,1441.0906029451999,0.014107810030032256
2003-10-22,1396.666221070134,-0.03082691801908527
2003-10-23,1398.5340322572952,0.0013373354055417834
2003-10-24,1382.050607464135,-0.011786216433042616
2003-10-27,1380.7271780157007,-0.000957583927308396
2003-10-28,1431.7792337449607,0.03697475978029844
2003-10-29,1435.471779773674,0.0025789911892038307
2003-10-30,1425.260165879037,-0.007113768475648497
2003-10-31,1423.4273876085851,-0.0012859254151128287
2003-11-03,1457.6446487466712,0.024038641827436254
2003-11-04,1437.0079026168223,-0.014157597427873096
2003-11-05,1449.6938034167026,0.008827996545307033
2003-11-06,1454.9387755031596,0.0036179861389317738
2003-11-07,1447.9437578502325,-0.004807774574918595
2003-11-10,1423.7326117480784,-0.016721054233557103
2003-11-11,1412.9470535799935,-0.007575550408192327
2003-11-12,1455.3544404093952,0.03001342953506564
2003-11-13,1454.0862179631974,-0.0008714182682817952
2003-11-14,1418.9225677141815,-0.02418264461530432
2003-11-17,1389.1577226046854,-0.02097707499109404
2003-11-18,1375.8422641029922,-0.009585274792790728
2003-11-19,1394.223648006156,0.013360095399560953
2003-11-20,1405.7493493743768,0.008266752170430675
2003-11-21,1387.1512925005607,-0.013229995007355395
2003-11-24,1430.8518729777516,0.03150383142304102
2003-11-25,1422.8293830467348,-0.00560679276627089
2003-11-26,1411.3692699549592,-0.008054453491279302
2003-11-28,1438.3311183687485,0.01910332681017612
2003-12-01,1458.7922711192443,0.014225620574559731
2003-12-02,1442.896720592315,-0.010896376983635627
2003-12-03,1431.2453962592533,-0.008074953783441176
2003-12-04,1445.8648319692163,0.010214485753577099
2003-12-05,1416.8948541592895,-0.02003643575068548
2003-12-08,1430.5410118654133,0.009631030606163493
2003-12-09,1394.1323051781358,-0.02545100516887724
2003-12-10,1383.9131257850413,-0.007330135995800354
2003-12-11,1433.9246772871486,0.03613778247369209
2003-12-12,1415.681403809715,-0.0127226163036319
2003-12-15,1408.0172429577128,-0.00541376105624994
2003-12-16,1418.6541792785608,0.007554549757149092
2003-12-17,1401.9638278015723,-0.011764918977982533
2003-12-18,1444.100841881839,0.03005570703371282
2003-12-19,1427.5314921900665,-0.011473817624938465
2003-12-22,1431.1468850477677,0.0025326186339711893
2003-12-23,1459.7353702369442,0.019975926641675478
2003-12-24,1459.1024288759115,-0.0004336000715868437
2003-12-26,1453.7643742701978,-0.00365845090795049
2003-12-29,1482.0438718117387,0.019452600464045094
2003-12-30,1482.0458304175106,1.3215572151295652e-06
2003-12-31,1470.6278980048935,-0.007704169586577954
2004-01-02,1470.0606574617316,-0.0003857131664179071
2004-01-05,1508.4176928878692,0.026092144723039223
2004-01-06,1516.3651558121876,0.005268741517545317
2004-01-07,1526.4190914160897,0.00663028662018879
2004-01-08,1542.7421195679403,0.01069367400057049
2004-01-09,1554.0154622842385,0.007307340982856736
2004-01-12,1552.2464366120475,-0.001138357831775198
2004-01-13,1525.1392716476928,-0.017463183889485485
2004-01-14,1548.9505564317346,0.015612531410536267
2004-01-15,1557.8249021799122,0.005729263410848262
2004-01-16,1565.8727308419632,0.005166067541216949
2004-01-20,1553.4553495978919,-0.007930006698178187
2004-01-21,1567.1067629692723,0.00878777325329239
2004-01-22,1542.4393642464456,-0.015740726353632748
2004-01-23,1531.6704302173036,-0.00698175518517261
2004-01-26,1565.8416471239,0.022309771235675173
2004-01-27,1531.1063256855537,-0.0221831636054305
2004-01-28,1500.2715646809265,-0.020138876371515735
2004-01-29,1485.6732114421407,-0.009730473857171712
2004-01-30,1499.4252270451982,0.009256420252545642
2004-02-02,1493.1518713735002,-0.004183840286627983
2004-02-03,1508.768143883046,0.010458596214449957
2004-02-04,1472.4214233251867,-0.02409032872626494
2004-02-05,1486.929068931725,0.009852916683170395
2004-02-06,1510.6479791989382,0.01595160842759904
2004-02-09,1502.3187364119935,-0.005513688762461591
2004-02-10,1515.5461479399298,0.008804663888788002
2004-02-11,1526.284229638067,0.007085288503245812
2004-02-12,1511.1019442976262,-0.009947220213394312
2004-02-13,1490.04437679447,-0.013935239500299798
2004-02-17,1523.916507007518,0.022732296259469154
2004-02-18,1527.206911856048,0.002159176590974396
2004-02-19,1496.3239947199986,-0.02022182907653078
2004-02-20,1505.0362240806958,0.005822421742509955
2004-02-23,1465.6281592054124,-0.02618413048453667
2004-02-24,1485.4558315021332,0.013528446606450563
2004-02-25,1472.5719853291173,-0.008673328347963936
2004-02-26,1492.339040634563,0.013423489990560663
2004-02-27,1471.201881984365,-0.014163777851184648
2004-03-01,1501.6915387757385,0.020724318779587903
2004-03-02,1484.5956003546646,-0.011384454116996342
2004-03-03,1484.6511961234871,3.7448426230806466e-05
2004-03-04,1492.7886921640215,0.005481082736323319
2004-03-05,1505.8135527228073,0.008725187045665658
2004-03-08,1452.0977836462196,-0.035672257683867385
2004-03-09,1440.363377838761,-0.008081002491439303
2004-03-10,1428.084892293629,-0.008524574932997528
2004-03-11,1412.9849422016825,-0.010573566160828756
2004-03-12,1442.4048996169906,0.020821140081978936
2004-03-15,1410.6183028585226,-0.022037221841737106
2004-03-16,1404.809452184905,-0.0041179464791051374
2004-03-17,1443.2174078989806,0.027340331213133184
2004-03-18,1417.8798135552404,-0.01755632533606032
2004-03-19,1409.2999085924923,-0.006051221606177328
2004-03-22,1379.8420796531966,-0.020902455722654544
2004-03-23,1379.1422738178198,-0.0005071637151062249
2004-03-24,1402.5152650653451,0.016947483730465975
2004-03-25,1436.76062811625,0.024417105399069806
2004-03-26,1426.2058748013012,-0.007346215582749689
2004-03-29,1456.8543810921876,0.021489538665065724
2004-03-30,1456.3256359225795,-0.00036293618392511153
2004-03-31,1458.9910769117278,0.0018302506825403036
2004-04-01,1468.6998013847244,0.006654409767568419
2004-04-02,1501.6543027266796,0.02243787417339134
2004-04-05,1519.8472041341652,0.012115239422582934
2004-04-06,1496.9997247460203,-0.015032747585413184
2004-04-07,1503.534177264748,0.004365032545237279
2004-04-08,1489.674715086717,-0.009217922936241034
2004-04-12,1508.8600159476389,0.012878852454581022
2004-04-13,1481.0255438970225,-0.018447352144284116
2004-04-14,1496.5374604488318,0.01047376705670622
2004-04-15,1460.380606606547,-0.024160339983364542
2004-04-16,1471.4490783510194,0.007579169220955201
2004-04-19,1484.6741102064193,0.008987760466859259
2004-04-20,1447.752139005512,-0.02486873782406976
2004-04-21,1463.8985707169138,0.011152759699939363
2004-04-22,1499.9844345430402,0.024650521933670667
2004-04-23,1495.5664344762367,-0.0029453639418261126
2004-04-26,1485.909473604103,-0.006457059111196084
2004-04-27,1487.5468914801454,0.001101963413740891
2004-04-28,1460.1470995650502,-0.018419447529369373
2004-04-29,1431.3570934023066,-0.019717195734128074
2004-04-30,1411.9070779002045,-0.013588513720129746
2004-05-03,1414.6135113422445,0.001916863711785399
2004-05-04,1449.297663769491,0.02451846539648607
2004-05-05,1446.2401469763945,-0.0021096541238769194
2004-05-06,1413.8943377302264,-0.0223654483066262
2004-05-07,1416.7409454381304,0.0020133100698839115
2004-05-10,1414.1075019231455,-0.0018588038437546252
2004-05-11,1433.1646384846701,0.013476441172688494
2004-05-12,1427.6388942355745,-0.0038556241904894395
2004-05-13,1436.3590483704745,0.006108095100315507
2004-05-14,1404.7999580336689,-0.021971588769958958
2004-05-17,1402.1666921978301,-0.0018744774448345902
2004-05-18,1414.7554714594946,0.008978090359522142
2004-05-19,1406.761620807703,-0.005650340863177657
2004-05-20,1400.7827497614633,-0.004250095366410947
2004-05-21,1408.1225419577127,0.0052397791145694355
2004-05-24,1418.928778930304,0.007674216306179831
2004-05-25,1460.854074575549,0.029547145894702163
2004-05-26,1465.826057663877,0.0034034768940030672
2004-05-27,1461.459033924442,-0.0029792237057066706
2004-05-28,1480.1522781076278,0.012790809560353476
2004-06-01,1480.173163635079,1.4110391045669626e-05
2004-06-02,1485.0341530881549,0.003284068089126847
2004-06-03,1455.924992228517,-0.019601677711657266
2004-06-04,1465.8230997202797,0.006798500983633732
2004-06-07,1502.4885112504448,0.025013530989627518
2004-06-08,1507.0672604927054,0.003047443762781156
2004-06-09,1479.9028718668592,-0.018024669062856165
2004-06-10,1492.2184549240656,0.008321886044906779
2004-06-14,1462.4909165243855,-0.01992170670559944
2004-06-15,1498.8020905175817,0.024828307364458613
2004-06-16,1494.535982026658,-0.0028463454367418047
2004-06-17,1469.427390433823,-0.01680025900666954
2004-06-18,1492.2696763321917,0.015545025257508697
2004-06-21,1461.4598613648798,-0.020646278253833167
2004-06-22,1485.9640051194242,0.0167668948031592
2004-06-23,1506.0356439135696,0.013507486537355382
2004-06-24,1496.7933248304994,-0.006136852816480073
2004-06-25,1514.950842033919,0.012130944801932223
2004-06-28,1496.138949893028,-0.012417493438687907
2004-06-29,1518.0938688639214,0.014674385004456359
2004-06-30,1534.6392927978634,0.010898814805387399
2004-07-01,1488.438342659932,-0.030105413275129028
2004-07-02,1484.514982036562,-0.002635890591449478
2004-07-06,1452.3116979902513,-0.021692798278217462
2004-07-07,1469.7232337076143,0.011988842162090596
2004-07-08,1441.2520777660975,-0.019371780542445233
2004-07-09,1444.460633028277,0.0022262276750037993
2004-07-12,1445.755908358895,0.0008967190250817068
2004-07-13,1436.4942206400087,-0.006406121299825401
2004-07-14,1421.7932737309861,-0.010233906059484698
2004-07-15,1438.1065183668422,0.01147371065629521
2004-07-16,1402.293180614846,-0.024903118993346234
2004-07-19,1416.3610433024558,0.010032041004036993
2004-07-20,1431.3847441005798,0.010607253615994731
2004-07-21,1396.6296350313767,-0.024280759741533944
2004-07-22,1421.665416467146,0.017925855794408207
2004-07-23,1380.6353892128561,-0.028860536930166058
2004-07-26,1369.0384525311126,-0.008399709852689842
2004-07-27,1406.0499756009594,0.02703468481942126
2004-07-28,1402.5502594616107,-0.0024890410725641526
2004-07-29,1398.0936959910214,-0.003177471495602661
2004-07-30,1422.2021641658084,0.017243814376616727
2004-08-02,1418.4715138290512,-0.002623150513165877
2004-08-03,1388.965524164579,-0.020801256406498592
2004-08-04,1396.2733294673244,0.005261329511501509
2004-08-05,1362.013582338856,-0.02453656200791172
2004-08-06,1324.440357063651,-0.02758652759591731
2004-08-09,1324.0244489987515,-0.0003140255147627945
2004-08-10,1356.3912603200379,0.024445780699716507
2004-08-11,1338.3782769737297,-0.013280079187518515
2004-08-12,1312.0964197617084,-0.019637091892621368
2004-08-13,1311.276300298514,-0.0006250451192781907
2004-08-16,1344.34922621041,0.025221935227813668
2004-08-17,1341.3938129244898,-0.0021983969851727746
2004-08-18,1373.5079332842993,0.02394085916483735
2004-08-19,1354.6090594775883,-0.013759566543980903
2004-08-20,1382.8352921517533,0.02083717990565523
2004-08-23,1387.5150375637586,0.0033841668914331574
2004-08-24,1370.5400756932556,-0.012234074162041569
2004-08-25,1401.1527234759742,0.022336193100543834
2004-08-26,1389.535810200178,-0.008290968629727256
2004-08-27,1403.1678791449165,0.009810520063368924
2004-08-30,1377.4721865508761,-0.01831262885642668
2004-08-31,1363.7405852956822,-0.009968695839570564
2004-09-01,1370.2622487117117,0.0047821876728962945
2004-09-02,1412.0430099102255,0.030491069310123055
2004-09-03,1379.7503355145152,-0.02286946939226973
2004-09-07,1382.2701568269306,0.001826287877999202
2004-09-08,1384.5416628798125,0.0016433155571385217
2004-09-09,1406.4514714697575,0.015824593204637267
2004-09-10,1424.5744792766222,0.012885626112592448
2004-09-13,1446.1121222639351,0.015118650025409292
2004-09-14,1446.0670978353858,-3.1134811648629034e-05
2004-09-15,1422.527045869682,-0.01627867199311897
2004-09-16,1423.2071896333985,0.0004781236080475874
2004-09-17,1437.674075803176,0.010164989521661998
2004-09-20,1447.4385233302837,0.006791836683604942
2004-09-21,1450.9685367040884,0.0024388002094090293
2004-09-22,1413.0483253405473,-0.02613441325866213
2004-09-23,1423.6378287606951,0.007494084406204437
2004-09-24,1407.3391906997317,-0.011448584556896544
2004-09-27,1392.9649495509184,-0.010213771664858201
2004-09-28,1404.2290544008122,0.008086423749230286
2004-09-29,1421.7366548245798,0.012467766828281468
2004-09-30,1413.7462928979899,-0.005620142028043676
2004-10-01,1463.1360230822215,0.034935356104799635
2004-10-04,1468.2977015891938,0.0035278186207862118
2004-10-05,1477.5070074160285,0.006272097148192252
2004-10-06,1484.682104218983,0.0048562184591617865
2004-10-07,1465.0709254880373,-0.013209008632364495
2004-10-08,1438.0987228025938,-0.018410168556487253
2004-10-11,1451.1654343724463,0.00908610192239635
2004-10-12,1449.1164978173804,-0.0014119248615868155
2004-10-13,1435.3563828320648,-0.009495520205615388
2004-10-14,1431.505021128991,-0.0026832093751341713
2004-10-15,1451.8714238210034,0.014227265983286564
2004-10-18,1467.4551292436404,0.010733529957924315
2004-10-19,1453.4434828234464,-0.009548262254135102
2004-10-20,1466.3177129631142,0.008857743897037251
2004-10-21,1488.7377918607958,0.01529005528575073
2004-10-22,1448.1225491975101,-0.02728166295323241
2004-10-25,1449.4676855652567,0.0009288829653899873
2004-10-26,1452.1413893516312,0.001844610827133899
2004-10-27,1493.4108981017685,0.02841975929669183
2004-10-28,1502.1965170963456,0.0058829214422797165
2004-10-29,1485.7786555081368,-0.010929236888355644
2004-11-01,1505.217837562027,0.013083497990649062
2004-11-02,1519.994421911709,0.009816907547159769
2004-11-03,1505.1777594591877,-0.009747840017653633
2004-11-04,1529.7011250959747,0.016292670737839344
2004-11-05,1523.1814301586373,-0.004262071087205501
2004-11-08,1532.6111918983504,0.00619083291918229
2004-11-09,1544.9405999060402,0.008044707015624887
2004-11-10,1524.7474058304801,-0.013070531046169719
2004-11-11,1553.0056929400657,0.018533094072846958
2004-11-12,1569.1308607806584,0.010383199439575294
2004-11-15,1572.7703987772754,0.002319461102693811
2004-11-16,1552.4264787056657,-0.01293508581254193
2004-11-17,1591.1051856176518,0.02491500076978501
2004-11-18,1592.6404691349892,0.0009649164186096616
2004-11-19,1562.409321744873,-0.018981777730748894
2004-11-22,1579.60112708232,0.011003393987849042
2004-11-23,1563.4763363412442,-0.010208140817713932
2004-11-24,1593.8980092260815,0.019457712392391163
2004-11-26,1589.0446576118586,-0.0030449574477977547
2004-11-29,1577.9639301600955,-0.006973200783681059
2004-11-30,1581.8249579229469,0.002446841584306459
2004-12-01,1618.1156323299058,0.022942282093343123
2004-12-02,1634.6623946523425,0.010225945533083605
2004-12-03,1623.7029042499616,-0.0067044366091946325
2004-12-06,1636.6647165480733,0.007982871906051726
2004-12-07,1599.8507296475916,-0.022493297819804508
2004-12-08,1618.4108204140246,0.011601139045341591
2004-12-09,1626.5706111347488,0.005041853785083271
2004-12-10,1622.1656039577365,-0.0027081561334366296
2004-12-13,1619.300440693882,-0.0017662581778730246
2004-12-14,1643.2262254410407,0.014775383335847445
2004-12-15,1626.3875774984344,-0.010247309641182725
2004-12-16,1612.4586075817392,-0.00856436073996546
2004-12-17,1607.2785370239558,-0.003212529322257856
2004-12-20,1597.9300257586576,-0.0058163604191516305
2004-12-21,1622.2177608070087,0.015199498511719789
2004-12-22,1630.487933262502,0.005098065534296185
2004-12-23,1630.10002336165,-0.00023791031686801789
2004-12-27,1611.0209778838534,-0.01170421765803743
2004-12-28,1635.1168314270133,0.014956883786088785
2004-12-29,1640.8598847408828,0.0035123198559806933
2004-12-30,1632.4785589609753,-0.0051078863331654656
2004-12-31,1631.1946709650838,-0.0007864654569849695
2005-01-03,1609.5363784865754,-0.013277564513924301
2005-01-04,1575.5451236717347,-0.02111866203782363
2005-01-05,1573.154729148499,-0.0015171856948564654
2005-01-06,1567.3213049875783,-0.0037081057907623594
2005-01-07,1588.3877295111477,0.013441037556581995
2005-01-10,1569.0552361586758,-0.01217114246936529
2005-01-11,1555.7113613388237,-0.008504400936528052
2005-01-12,1577.2714297228213,0.013858655866241965
2005-01-13,1553.910286980956,-0.014811111329120129
2005-01-14,1574.3630691874298,0.013162138366566033
2005-01-18,1585.0571670013392,0.006792650325206665
2005-01-19,1556.1079510844795,-0.018263830806573744
2005-01-20,1524.8328673377198,-0.02009827385366389
2005-01-21,1512.6763627449711,-0.007972352152910585
2005-01-24,1490.724447320971,-0.014511970944112084
2005-01-25,1498.723727082475,0.005366035135386565
2005-01-26,1523.7379978124397,0.016690381474549137
2005-01-27,1507.5540106390388,-0.010621240132250753
2005-01-28,1496.8872153244595,-0.007075564284464798
2005-01-31,1523.382354557899,0.01770015734131069
2005-02-01,1538.3390895475743,0.009818109645897752
2005-02-02,1525.7995200621172,-0.008151368947625946
2005-02-03,1512.2228266488214,-0.008898084731828383
2005-02-04,1545.4637685267003,0.021981510457385903
2005-02-07,1533.146535006195,-0.007969927067424725
2005-02-08,1552.9768190506604,0.012934369671575486
2005-02-09,1514.9133195746786,-0.02451002423799877
2005-02-10,1524.6046556949188,0.006397287551053561
2005-02-11,1546.0763002535568,0.014083417939486139
2005-02-14,1550.593491438429,0.0029217129737591045
2005-02-15,1571.9044330772233,0.013743732162208927
2005-02-16,1545.9326336808426,-0.016522505344384875
2005-02-17,1529.6770352306971,-0.010515075557620622
2005-02-18,1523.1478116832548,-0.0042683673723700735
2005-02-22,1503.8876298284417,-0.012644985409215314
2005-02-23,1500.2782105067793,-0.00240005918665215
2005-02-24,1528.3661312230213,0.018721808075019785
2005-02-25,1538.5614877870426,0.006670755361388974
2005-02-28,1508.5417431923843,-0.019511566377393624
2005-03-01,1539.9631118540294,0.020828968640371266
2005-03-02,1551.8201210246607,0.007699541034042179
2005-03-03,1512.736624930673,-0.02518558405350542
2005-03-04,1541.2080282469879,0.018821123814345215
2005-03-07,1563.316698393846,0.014345026590605665
2005-03-08,1538.1183624460523,-0.01611851007136472
2005-03-09,1531.0248328491623,-0.004611822971548969
2005-03-10,1515.00963068549,-0.010460445722404696
2005-03-11,1512.4472819452228,-0.001691308549047228
2005-03-14,1513.077689334484,0.0004168128018654402
2005-03-15,1511.3510847501611,-0.0011411209064104903
2005-03-16,1492.9690743767937,-0.012162634187943219
2005-03-17,1507.2533719000855,0.009567711594598498
2005-03-18,1485.5683088590877,-0.014387138516506423
2005-03-21,1501.0011599492113,0.010388516635748777
2005-03-22,1475.2474945478648,-0.017157658560515692
2005-03-23,1490.4987553574363,0.010338103176542391
2005-03-24,1480.2426799715383,-0.006880968769033559
2005-03-28,1483.0531830463917,0.0018986772323760736
2005-03-29,1468.5069794605631,-0.00980828182840267
2005-03-30,1502.2274688163109,0.022962430432666152
2005-03-31,1489.0608621103108,-0.008764722373486388
2005-04-01,1476.810562100838,-0.00822686320028005
2005-04-04,1492.5059170684208,0.010627872910967968
2005-04-05,1487.9694452729304,-0.0030395000405766142
2005-04-06,1488.3977066626715,0.00028781598379032033
2005-04-07,1510.2963927472686,0.014712926515923689
2005-04-08,1495.9209699377752,-0.009518279245402952
2005-04-11,1487.5783343272212,-0.005576922697260548
2005-04-12,1500.6453745756373,0.008784102286839143
2005-04-13,1470.3074906063673,-0.020216557811234437
2005-04-14,1450.5538055828072,-0.013435070656828177
2005-04-15,1417.7985211486657,-0.02258122677564574
2005-04-18,1428.8312121171828,0.007781564731481316
2005-04-19,1434.1437107359066,0.003718072907192338
2005-04-20,1414.8426699439274,-0.013458233402617108
2005-04-21,1458.666882955579,0.030974619258117463
2005-04-22,1422.677992168128,-0.02467245346280135
2005-04-25,1436.89348623565,0.00999206717597278
2005-04-26,1430.5537251153755,-0.004412130182929051
2005-04-27,1439.3006845567843,0.006114387238901784
2005-04-28,1418.8912697020253,-0.014180091119072756
2005-04-29,1432.5732088404156,0.009642697386716394
2005-05-02,1425.71983474747,-0.004783960813069411
2005-05-03,1446.8750373568228,0.014838260711368819
2005-05-04,1463.5989192892914,0.011558622203490451
2005-05-05,1452.2635569413835,-0.007744855642153917
2005-05-06,1460.0842870397196,0.0053852002695759325
2005-05-09,1473.8778785912855,0.009447120056015413
2005-05-10,1460.7697261830092,-0.008893648923481287
2005-05-11,1470.0308886749217,0.0063399195136059185
2005-05-12,1465.2419432975462,-0.0032577175175497355
2005-05-13,1481.2009644969414,0.010891731070350883
2005-05-16,1491.3390309475533,0.0068444908514186924
2005-05-17,1500.872442650281,0.006392518069261797
2005-05-18,1520.1354962933938,0.012834570810759454
2005-05-19,1532.3986056297827,0.008067115968471579
2005-05-20,1539.6257549244165,0.004716233275129758
2005-05-23,1546.309955620455,0.004341445104213979
2005-05-24,1551.6033874060004,0.003423266962942976
2005-05-25,1543.79283007569,-0.005033861999597875
2005-05-26,1560.004673249038,0.010501307466593944
2005-05-27,1561.01746385236,0.0006492228008604099
2005-05-31,1553.8178064922865,-0.004612156831548647
2005-06-01,1570.8156890270295,0.010939430906069521
2005-06-02,1580.3499252123693,0.0060696084537106
2005-06-03,1555.6978403583357,-0.015599130585411795
2005-06-06,1556.5102007975086,0.0005221839473568207
2005-06-07,1542.26281828574,-0.009153414159745694
2005-06-08,1538.8032764688103,-0.002243159710467003
2005-06-09,1550.6745291562395,0.00771460060487456
2005-06-10,1532.2870331893394,-0.011857740371156647
2005-06-13,1540.2912021616557,0.005223674676445097
2005-06-14,1535.5523095868475,-0.003076621205235447
2005-06-15,1540.6648031256489,0.0033294167231444267
2005-06-16,1548.6582288153827,0.005188296424710329
2005-06-17,1549.3789345406153,0.0004653742909977688
2005-06-20,1548.5694925739506,-0.0005224299547512458
2005-06-21,1547.738928980528,-0.0005363424743968332
2005-06-22,1545.6089066623692,-0.0013762155091374898
2005-06-23,1527.069441699552,-0.011994926325089444
2005-06-24,1511.1892081632805,-0.010399156123900775
2005-06-27,1504.7281679732607,-0.004275467396880454
2005-06-28,1519.7027393802077,0.009951678798647265
2005-06-29,1515.1750637287532,-0.002979316634844758
2005-06-30,1504.5125543548866,-0.007037146814987154
2005-07-01,1501.505905997952,-0.0019984202512846423
2005-07-05,1517.4637920067144,0.010627920905949658
2005-07-06,1509.5612796760572,-0.005207710636842784
2005-07-07,1514.8856308748225,0.003527085167359122
2005-07-08,1544.598814235439,0.019614142978871332
2005-07-11,1559.1116410183847,0.00939585518853927
2005-07-12,1567.1058706746533,0.005127426058500231
2005-07-13,1569.1564800260876,0.0013085327480468628
2005-07-14,1585.0992393024653,0.010160082489741654
2005-07-15,1589.51734079753,0.002787271222847134
2005-07-18,1582.5630225060904,-0.004375113195022061
2005-07-19,1602.3041034337919,0.012474119922529305
2005-07-20,1614.6608771164526,0.007711877948873681
2005-07-21,1613.8002368516854,-0.0005330161131445114
2005-07-22,1612.667582953059,-0.0007018550826562831
2005-07-25,1605.4413298998713,-0.004480931550664154
2005-07-26,1610.846977331615,0.0033670787783199054
2005-07-27,1623.9697538928885,0.008146507238702172
2005-07-28,1630.7154229119938,0.004153814443240099
2005-07-29,1617.1205178660139,-0.008336773452294468
2005-08-01,1622.1448920029075,0.0031069880577137845
2005-08-02,1639.2676625772447,0.010555635725730648
2005-08-03,1639.3641740963583,5.887477763203062e-05
2005-08-04,1620.7819752602256,-0.011335003612833884
2005-08-05,1613.5842276856292,-0.004440910427474906
2005-08-08,1601.8944471217317,-0.007244605124000422
2005-08-09,1613.1539251957747,0.007028851429177524
2005-08-10,1597.6138938753716,-0.009633322076513674
2005-08-11,1612.6717382940858,0.009425208729368313
2005-08-12,1603.7106382924596,-0.005556679508196427
2005-08-15,1612.755100558665,0.005639709589901721
2005-08-16,1585.950608394085,-0.01662031151245136
2005-08-17,1594.207915382312,0.0052065347713370815
2005-08-18,1587.6344089811028,-0.004123368312114286
2005-08-19,1585.584690800509,-0.001291051749066833
2005-08-22,1587.4857310883156,0.0011989522217490086
2005-08-23,1583.1689955746895,-0.002719227914361607
2005-08-24,1573.5121950889486,-0.006099664983797501
2005-08-25,1577.719313010504,0.0026737116716897464
2005-08-26,1570.6317042190212,-0.004492312880393692
2005-08-29,1583.4244030245911,0.008144938607317109
2005-08-30,1577.5961828561426,-0.003680769449628013
2005-08-31,1593.7029091638028,0.010209663589892738
2005-09-01,1589.214768563326,-0.002816171429863125
2005-09-02,1585.0590992547645,-0.002614919890480509
2005-09-06,1609.4149658854637,0.01536590442725465
2005-09-07,1612.0303913135165,0.001625078356726936
2005-09-08,1609.8395491823921,-0.001359057585346835
2005-09-09,1620.072532008894,0.006356523438437704
2005-09-12,1624.4931169510178,0.0027286339684075905
2005-09-13,1619.6421500420074,-0.0029861418668950222
2005-09-14,1601.762509975878,-0.011039253371904282
2005-09-15,1600.6799720151237,-0.000675841739341698
2005-09-16,1611.6588277649132,0.0068588699438577126
2005-09-19,1598.6371938605225,-0.008079646684558807
2005-09-20,1590.279390183919,-0.00522808033536385
2005-09-21,1573.7998363347608,-0.010362678376440728
2005-09-22,1579.367711213714,0.0035378545291503624
2005-09-23,1583.7969686146453,0.002804449761434701
2005-09-26,1584.9323991771016,0.0007169041139467411
2005-09-27,1580.8871888560946,-0.0025522920240051206
2005-09-28,1580.8625890419341,-1.556076507795838e-05
2005-09-29,1602.150476687611,0.013465994953159319
2005-09-30,1613.976341783686,0.007381244938068707
2005-10-03,1617.953807670922,0.002464389213314372
2005-10-04,1607.8321804597606,-0.006255819642794192
2005-10-05,1583.632854793197,-0.015050902675454393
2005-10-06,1564.9152854711904,-0.011819386839161691
2005-10-07,1567.9238390065236,0.0019225024915180884
2005-10-10,1558.941697696273,-0.005728684701893366
2005-10-11,1551.207916134252,-0.004960917764563961
2005-10-12,1532.953384569248,-0.011767946369494962
2005-10-13,1545.6663577180716,0.008293124420346045
2005-10-14,1556.2430194959215,0.006842784489056643
2005-10-17,1561.8929152238704,0.0036304713705825062
2005-10-18,1550.3597306920756,-0.007384107078904237
2005-10-19,1581.787037329778,0.02027097712585289
2005-10-20,1567.6639039054808,-0.008928593477500246
2005-10-21,1577.2734556379467,0.006129854561635277
2005-10-24,1603.018554021387,0.016322533224289643
2005-10-25,1598.1567063560958,-0.0030329328709854655
2005-10-26,1587.3993145755699,-0.006731124512222345
2005-10-27,1555.3977802474492,-0.020159725429059486
2005-10-28,1569.2402309060817,0.008899620942258421
2005-10-31,1591.4989283063037,0.014184378504857586
2005-11-01,1588.823846427965,-0.001680856851839406
2005-11-02,1609.7616033486254,0.013178148709017144
2005-11-03,1632.3220792681025,0.014014793167228432
2005-11-04,1641.0253064071726,0.005331807521082143
2005-11-07,1642.0204212847086,0.0006063982521480255
2005-11-08,1641.1494610878383,-0.0005304198325310329
2005-11-09,1642.979477565202,0.001115082154766558
2005-11-10,1663.8676295748246,0.012713580598448841
2005-11-11,1666.3225985453778,0.001475459301519368
2005-11-14,1664.8689564620224,-0.0008723653418757226
2005-11-15,1657.2252975497086,-0.0045911474789927294
2005-11-16,1664.4272814067206,0.0043458085437511436
2005-11-17,1689.569190852571,0.015105441809750451
2005-11-18,1693.0624098040448,0.0020675205078229996
2005-11-21,1699.5106802394405,0.003808643082532304
2005-11-22,1707.4890321357573,0.004694499416262914
2005-11-23,1710.1458367754867,0.0015559717162026473
2005-11-25,1714.471758377868,0.002529562981913807
2005-11-28,1697.6986253500402,-0.00978326586359021
2005-11-29,1690.0950182326558,-0.00447877320735691
2005-11-30,1685.7872053751487,-0.0025488583843125507
2005-12-01,1717.7640627046972,0.018968501616093727
2005-12-02,1722.628316040994,0.0028317354180980247
2005-12-05,1708.2032936366327,-0.008373844938015079
2005-12-06,1714.8415328506203,0.003886094376890797
2005-12-07,1710.5034626427646,-0.002529720749557833
2005-12-08,1698.968716300197,-0.006743480264428211
2005-12-09,1706.060565317695,0.004174208123703184
2005-12-12,1711.8542945934346,0.003395969283576433
2005-12-13,1719.3393911470375,0.004372507974097385
2005-12-14,1712.5015004082147,-0.0039770453547632355
2005-12-15,1715.2492471177138,0.0016045222201814399
2005-12-16,1702.1316885996155,-0.007647610713219083
2005-12-19,1677.6361474831601,-0.014391096341440163
2005-12-20,1678.3577861026833,0.00043015204495078165
2005-12-21,1683.9479747704465,0.0033307490894084538
2005-12-22,1696.7956872152472,0.0076295186296072865
2005-12-23,1696.3682959902605,-0.00025188137157997525
2005-12-27,1681.7261936677148,-0.008631440682518976
2005-12-28,1680.4520163485745,-0.0007576603872486046
2005-12-29,1668.6239743640408,-0.007038607392215016
2005-12-30,1658.3885079387685,-0.006134076090554398
2006-01-03,1693.431446791749,0.02113071737124854
2006-01-04,1709.4708325117213,0.009471529391023957
2006-01-05,1719.0186350907702,0.005585238658339951
2006-01-06,1748.9695124885118,0.017423241834815893
2006-01-09,1755.9711268684002,0.004003279834150131
2006-01-10,1758.1202794993023,0.0012239111441056886
2006-01-11,1772.4672891226523,0.008160425535524696
2006-01-12,1761.5013098386466,-0.006186844378625257
2006-01-13,1760.9387586419773,-0.00031935894315106013
2006-01-17,1750.5127860064765,-0.005920690077570446
2006-01-18,1730.5939781425134,-0.011378841687528968
2006-01-19,1744.0140988822975,0.007754632749958092
2006-01-20,1690.0498401667264,-0.030942558750044324
2006-01-23,1690.0039148678068,-2.717393169603132e-05
2006-01-24,1700.0165871979464,0.005924644459135828
2006-01-25,1690.7327934617206,-0.00546100185500423
2006-01-26,1704.3448421499734,0.008050975731287938
2006-01-27,1725.1455122162981,0.012204496151192866
2006-01-30,1727.5401544428728,0.0013880813007467047
2006-01-31,1724.8297840925632,-0.0015689188719226915
2006-02-01,1727.1302805086473,0.0013337527200078367
2006-02-02,1699.66764977426,-0.015900729113671394
2006-02-03,1678.264186733705,-0.012592734258016809
2006-02-06,1671.250996495591,-0.004178835664582273
2006-02-07,1665.5152936199029,-0.0034319817236998294
2006-02-08,1684.3109357611154,0.011285181356912807
2006-02-09,1667.7966702749627,-0.009804760591125632
2006-02-10,1677.5582832534806,0.005852999440818199
2006-02-13,1659.5240266954884,-0.010750301040519583
2006-02-14,1675.7895187611448,0.0098012995316766
2006-02-15,1687.0942622790083,0.0067459208876188385
2006-02-16,1702.6946634860276,0.009246905496522522
2006-02-17,1689.1945566363381,-0.00792867161634839
2006-02-21,1669.547800623623,-0.011630842602191015
2006-02-22,1691.5821654133706,0.01319780408893779
2006-02-23,1686.319910013879,-0.003110848238462921
2006-02-24,1690.576780531976,0.002524355250043908
2006-02-27,1709.932395902822,0.011449119373776956
2006-02-28,1684.6429248585289,-0.01478974905960576
2006-03-01,1708.8667243692757,0.014379189294835873
2006-03-02,1708.0716842678835,-0.000465244065002058
2006-03-03,1698.5435623182825,-0.005578291612324696
2006-03-06,1684.0770292385644,-0.008517022112740684
2006-03-07,1675.0930509399273,-0.005334659960713913
2006-03-08,1674.4288475812075,-0.0003965172909928865
2006-03-09,1659.05091993136,-0.009183983942979503
2006-03-10,1662.2289306435657,0.0019155594768226222
2006-03-13,1667.8703088439179,0.003393863562564674
2006-03-14,1695.4746746734966,0.016550666849338338
2006-03-15,1708.9096988214128,0.007924048851100344
2006-03-16,1693.3799931687852,-0.009087493425391642
2006-03-17,1700.0580052617495,0.003943599262955767
2006-03-20,1703.4412956230467,0.001990102896975075
2006-03-21,1686.8016019765123,-0.009768281237099082
2006-03-22,1690.6961465376091,0.0023088338050742388
2006-03-23,1685.0697867207743,-0.0033278361865063362
2006-03-24,1694.2392614516739,0.0054415993943751
2006-03-27,1695.1011182375903,0.0005086983907916848
2006-03-28,1687.4472884767345,-0.004515264416091926
2006-03-29,1718.5343506342406,0.018422538214849096
2006-03-30,1723.4278628116504,0.0028474916289008634
2006-03-31,1718.3763387701356,-0.0029310910833677158
2006-04-03,1721.5485122787811,0.0018460295553858557
2006-04-04,1731.424986382461,0.005736971124099571
2006-04-05,1747.767141999921,0.00943855826616229
2006-04-06,1754.2951371875506,0.0037350485832795557
2006-04-07,1737.9968077096905,-0.009290528789807352
2006-04-10,1733.8262979754804,-0.002399607246520766
2006-04-11,1719.2522687305343,-0.008405703190661938
2006-04-12,1719.6170943571115,0.00021220017167487018
2006-04-13,1727.012710145884,0.004300734048900396
2006-04-17,1709.1551060177865,-0.010340169486412787
2006-04-18,1741.7697996142942,0.019082348630428143
2006-04-19,1749.2465725442119,0.004292629790442552
2006-04-20,1744.0734787255587,-0.0029573268285036695
2006-04-21,1724.0309500534597,-0.011491791439168366
2006-04-24,1721.4637142598176,-0.0014890891567593467
2006-04-25,1716.4617485966207,-0.0029056468758318767
2006-04-26,1717.2099372553107,0.0004358900856962551
2006-04-27,1732.293439340018,0.00878372629779676
2006-04-28,1715.7303126865095,-0.009561386239400019
2006-05-01,1701.541039187294,-0.008270107134143815
2006-05-02,1704.9020845160694,0.001975294895256067
2006-05-03,1701.2516016210893,-0.0021411686501727352
2006-05-04,1716.1238577723536,0.008741949830990938
2006-05-05,1729.0592798337295,0.007537580695467397
2006-05-08,1730.4971519577796,0.0008315921500321261
2006-05-09,1726.412866879016,-0.0023601801795182066
2006-05-10,1709.9290480746686,-0.009548016653830059
2006-05-11,1672.2678798150882,-0.0220249888742377
2006-05-12,1650.415996013969,-0.01306721492703402
2006-05-15,1649.4107118967995,-0.0006091095333525272
2006-05-16,1638.232757591118,-0.00677693810586883
2006-05-17,1613.2420335752577,-0.015254684598424828
2006-05-18,1601.3473123742494,-0.007373178328763981
2006-05-19,1615.2316261127826,0.008670395005033273
2006-05-22,1598.8285732907202,-0.01015523257276609
2006-05-23,1583.139509277474,-0.009812849404457905
2006-05-24,1594.4209426367756,0.007125988135088808
2006-05-25,1614.107601776579,0.012347215602453474
2006-05-26,1620.8689947855219,0.004188935732351842
2006-05-30,1585.5167722772712,-0.021810659974360592
2006-05-31,1593.8926912905345,0.0052827691007222965
2006-06-01,1631.2287774915285,0.023424466656387078
2006-06-02,1627.5366713653807,-0.0022633895239547756
2006-06-05,1591.8488675941037,-0.021927495950882368
2006-06-06,1589.7305782053866,-0.001330710114408464
2006-06-07,1579.4788905325045,-0.006448695026332729
2006-06-08,1575.7862757992957,-0.002337868999289918
2006-06-09,1565.1206135404552,-0.006768470079123129
2006-06-12,1534.213040346649,-0.019747726102648498
2006-06-13,1530.7319073980327,-0.002269002320453234
2006-06-14,1544.275117497333,0.008847538902041551
2006-06-15,1587.4978681660873,0.027989022279139915
2006-06-16,1577.1748879987592,-0.0065026734046914735
2006-06-19,1563.1798002813039,-0.008873516706326261
2006-06-20,1562.564807174212,-0.0003934244205185007
2006-06-21,1588.0477219630363,0.016308389048456946
2006-06-22,1568.8130220570622,-0.012112167436755356
2006-06-23,1565.352071299732,-0.002206095123300396
2006-06-26,1570.5514470576857,0.0033215375973766658
2006-06-27,1541.1226277923643,-0.018737889370293692
2006-06-28,1552.487230291676,0.007374236348467315
2006-06-29,1600.245740161175,0.030762578227793956
2006-06-30,1589.8310224418035,-0.006508198995938298
2006-07-03,1600.9858360906367,0.007016351732588898
2006-07-05,1568.4077090862163,-0.020348791519587177
2006-07-06,1565.9961223780867,-0.0015376019221013584
2006-07-07,1548.000744274497,-0.011491329925046178
2006-07-10,1535.1031919817788,-0.008331748121195566
2006-07-11,1547.3872646845919,0.008002115276012575
2006-07-12,1515.5025443462873,-0.02060552071611092
2006-07-13,1491.9950090828618,-0.01551137960877893
2006-07-14,1475.8655679766953,-0.010810653526301865
2006-07-17,1482.2851845874602,0.0043497299144702895
2006-07-18,1486.171384286532,0.002621762491779367
2006-07-19,1504.6131007398883,0.012408876020856554
2006-07-20,1480.6905090740368,-0.015899497122607485
2006-07-21,1465.5494366284624,-0.010225683458350093
2006-07-24,1496.3263312732554,0.021000243236827244
2006-07-25,1503.5843255797445,0.0048505423949287575
2006-07-26,1501.939138916724,-0.0010941765187570834
2006-07-27,1492.511077010636,-0.006277259618447741
2006-07-28,1524.5917189006432,0.021494407903666614
2006-07-31,1523.7448134617546,-0.0005554965492657455
2006-08-01,1499.0329969800396,-0.016217818274683937
2006-08-02,1514.7307485193144,0.01047191861079759
2006-08-03,1524.9572376808912,0.006751357739039417
2006-08-04,1518.1434333370748,-0.0044681937141913975
2006-08-07,1508.372273600784,-0.006436255970104533
2006-08-08,1498.9636699437312,-0.006237587246676572
2006-08-09,1499.8219496702525,0.0005725820736892809
2006-08-10,1510.5737920798383,0.007168745871434687
2006-08-11,1500.9530039444091,-0.006368962698725692
2006-08-14,1508.6464046679846,0.005125677288601041
2006-08-15,1549.1409152712663,0.026841618074311856
2006-08-16,1585.123118411076,0.02322719823942469
2006-08-17,1588.6978421550334,0.0022551710352575133
2006-08-18,1591.606278160658,0.001830704321772983
2006-08-21,1576.1515990803048,-0.00971011442491501
2006-08-22,1578.4946369997358,0.0014865561921824709
2006-08-23,1565.35999267102,-0.008320993952618568
2006-08-24,1570.1968059711853,0.003089904764917225
2006-08-25,1572.741780988936,0.0016208000220560579
2006-08-28,1585.4856717310986,0.008102977167777166
2006-08-29,1588.8890458893657,0.002146581466454624
2006-08-30,1597.2803049379163,0.0052812114667540365
2006-08-31,1595.0497317167353,-0.001396482016515961
2006-09-01,1604.8951122148383,0.006172459894091497
2006-09-05,1619.2970808339442,0.008973775612806595
2006-09-06,1587.5117118237508,-0.01962911524167253
2006-09-07,1580.0909058893737,-0.004674488937062359
2006-09-08,1590.067921293714,0.00631420342155869
2006-09-11,1599.259052334344,0.0057803386368248475
2006-09-12,1631.5524645245607,0.02019273371820531
2006-09-13,1639.88422893193,0.005106648170089387
2006-09-14,1641.9049374383123,0.0012322263186214763
2006-09-15,1648.4394529574022,0.0039798379127142436
2006-09-18,1648.200678746087,-0.00014484863904875458
2006-09-19,1637.0029469581675,-0.0067939128604402686
2006-09-20,1661.5327991882743,0.014984610916973392
2006-09-21,1650.9611037693837,-0.0063626161482068086
2006-09-22,1638.3493812688916,-0.007639018552101373
2006-09-25,1666.658829358087,0.017279249721002615
2006-09-26,1675.5873952038203,0.005357164698891609
2006-09-27,1672.034007132931,-0.0021206820253365046
2006-09-28,1678.0239704296241,0.0035824410694639012
2006-09-29,1670.5016805492346,-0.004482826236661963
2006-10-02,1649.0049921429686,-0.012868402741862746
2006-10-03,1656.570476922677,0.004587908960710068
2006-10-04,1697.8372744552305,0.02491098212085292
2006-10-05,1706.2212407043223,0.00493802696832757
2006-10-06,1701.6377047121264,-0.002686366740050662
2006-10-09,1707.9343346591602,0.003700335229759761
2006-10-10,1710.1780590473998,0.0013137064714419566
2006-10-11,1708.1597258236754,-0.001180188935910365
2006-10-12,1735.703492459249,0.016124819136742012
2006-10-13,1744.4719703162284,0.005051829356266297
2006-10-16,1744.91181328478,0.0002521353028515466
2006-10-17,1726.7434968283742,-0.010412168866118234
2006-10-18,1717.806530030741,-0.005175619201142748
2006-10-19,1723.4946578449274,0.0033112738336631667
2006-10-20,1726.7486772759255,0.0018880356931693955
2006-10-23,1743.29835539336,0.009584300445819744
2006-10-24,1731.1390343963062,-0.006974893861074197
2006-10-25,1744.1605950879239,0.007521961224887081
2006-10-26,1761.6569746098978,0.010031403972345676
2006-10-27,1734.942221561567,-0.01516456008937057
2006-10-30,1745.2706972757644,0.0059532101910005405
2006-10-31,1750.070579825168,0.002750222390655951
2006-11-01,1724.9407189574695,-0.014359341364511703
2006-11-02,1727.4980497454649,0.0014825615511824403
2006-11-03,1721.2571626457316,-0.0036126738902269185
2006-11-06,1749.8592703182474,0.016616986870544963
2006-11-07,1759.235436226675,0.005358239983905725
2006-11-08,1767.5510552238486,0.004726836912181393
2006-11-09,1757.8553945479264,-0.005485363858241922
2006-11-10,1768.9491141034073,0.006310939790547363
2006-11-13,1786.047526170813,0.009665858633854451
2006-11-14,1805.486056843785,0.01088354614764769
2006-11-15,1812.1557382018316,0.0036941195600844775
2006-11-16,1820.401456393241,0.0045502260195316455
2006-11-17,1819.1006278418595,-0.0007145833391932063
2006-11-20,1822.310145865289,0.0017643433102639704
2006-11-21,1827.4446261219448,0.002817566630085132
2006-11-22,1838.4488048513904,0.006021620886427501
2006-11-24,1834.200547284587,-0.002310783719183813
2006-11-27,1793.4631821718056,-0.022209875126845052
2006-11-28,1798.698743177323,0.002919246437597516
2006-11-29,1811.2692403336448,0.006988661777856536
2006-11-30,1809.745961706888,-0.0008410006601095731
2006-12-01,1793.4618032216845,-0.008998035541875043
2006-12-04,1818.5650097542245,0.01399706784245196
2006-12-05,1823.5484033531866,0.0027402889488319423
2006-12-06,1817.7816337120544,-0.003162389125799058
2006-12-07,1795.899430742795,-0.012037861183894934
2006-12-08,1804.7525042226523,0.004929604257514456
2006-12-11,1810.3769946692532,0.0031164885121040932
2006-12-12,1800.5177707058185,-0.005445950756370433
2006-12-13,1802.0154036264746,0.0008317790276899331
2006-12-14,1822.2057435570048,0.011204310401508199
2006-12-15,1827.4218994446387,0.0028625504590123903
2006-12-18,1809.7062075294407,-0.009694363365450478
2006-12-19,1803.7872600908797,-0.003270667588990222
2006-12-20,1796.52432334846,-0.004026492981247619
2006-12-21,1784.7748262466196,-0.00654012692683221
2006-12-22,1766.9320270776227,-0.009997227048814963
2006-12-26,1771.9721977527452,0.0028524983405606315
2006-12-27,1781.9479203430612,0.005629728617055963
2006-12-28,1777.443134406473,-0.0025280121181773356
2006-12-29,1775.393848935021,-0.0011529401035586138
2007-01-03,1777.9438405959831,0.0014362963251741306
2007-01-04,1811.8466935877395,0.01906857360600992
2007-01-05,1804.1652519947856,-0.004239564870548394
2007-01-08,1806.0513870211714,0.001045433628821146
2007-01-09,1814.6401341456994,0.004755538622128481
2007-01-10,1835.3863260028097,0.01143267552983845
2007-01-11,1854.3035500939625,0.010306944005816806
2007-01-12,1864.3681322529615,0.005427688556433504
2007-01-16,1862.0097827878726,-0.001264959116330219
2007-01-17,1847.1021895078418,-0.008006184187555925
2007-01-18,1812.749991031386,-0.018597887367351858
2007-01-19,1815.922208056675,0.00174994734021975
2007-01-22,1797.9698460786421,-0.009886085372150763
2007-01-23,1792.2988494078677,-0.003154111112120618
2007-01-24,1821.8491877292613,0.016487394572147623
2007-01-25,1796.7129078879052,-0.013797124378163198
2007-01-26,1791.8907810746564,-0.0026838605055258626
2007-01-29,1794.0498087374326,0.001204887979546067
2007-01-30,1796.7672965549048,0.0015147226148557508
2007-01-31,1811.451400972183,0.008172513182666064
2007-02-01,1810.6214559334553,-0.00045816577705717687
2007-02-02,1817.3818719917874,0.0037337545273076387
2007-02-05,1814.639423180918,-0.0015090107660553642
2007-02-06,1812.2933907989107,-0.0012928366660825575
2007-02-07,1830.3842265452647,0.009982288650503237
2007-02-08,1829.978853178852,-0.00022146900117138226
2007-02-09,1804.7093579987595,-0.0138086268790466
2007-02-12,1797.5496853949987,-0.003967216422981371
2007-02-13,1803.0166354596079,0.003041334606229587
2007-02-14,1834.5208563759616,0.017473061699357573
2007-02-15,1843.050664338857,0.004649610787061804
2007-02-16,1841.1190722827157,-0.001048040671651446
2007-02-20,1853.507077637584,0.006728519377896042
2007-02-21,1858.9947335586246,0.002960687869633001
2007-02-22,1866.2917775524625,0.00392526340290876
2007-02-23,1859.659984953568,-0.0035534596887050987
2007-02-26,1850.4082515963814,-0.004974959633503955
2007-02-27,1775.2927770368426,-0.04059400107772721
2007-02-28,1780.7398045743744,0.003068241817906333
2007-03-01,1772.4597284741849,-0.00464979559558309
2007-03-02,1744.7512001281202,-0.01563281122890025
2007-03-05,1731.5450335980593,-0.007569082932335214
2007-03-06,1762.0411544336628,0.01761208645681829
2007-03-07,1754.9737794223772,-0.004010902352367024
2007-03-08,1765.4247353037842,0.005955049587605121
2007-03-09,1763.7250605235138,-0.0009627568631397795
2007-03-12,1775.5582477158266,0.006709201710157894
2007-03-13,1741.257187945436,-0.019318464947301772
2007-03-14,1762.1611038388307,0.012005070840832917
2007-03-15,1763.9085525742064,0.0009916509515326755
2007-03-16,1761.2484458437189,-0.0015080751927901267
2007-03-19,1777.4491610868397,0.009198426991576455
2007-03-20,1786.576523947692,0.005135090814789676
2007-03-21,1826.1129293616773,0.022129701629921835
2007-03-22,1819.4497255142603,-0.003648845446675699
2007-03-23,1813.6861975553584,-0.003167731362993739
2007-03-26,1822.7206019218763,0.004981238969947113
2007-03-27,1809.5668173167878,-0.0072165665934862365
2007-03-28,1789.973018985412,-0.010827894357849359
2007-03-29,1791.1747976443326,0.0006713948457177189
2007-03-30,1791.8306585090663,0.0003661624011214758
2007-04-02,1792.8378239372366,0.0005620873955846349
2007-04-03,1816.079460801085,0.012963602481794768
2007-04-04,1821.578177191585,0.003027795043766698
2007-04-05,1832.9104786560845,0.006221144722962653
2007-04-09,1828.1443109736156,-0.002600327587173547
2007-04-10,1836.9897768959186,0.004838494351461888
2007-04-11,1817.9508334055874,-0.010364207645457127
2007-04-12,1833.5298996021734,0.00856957510088526
2007-04-13,1836.9360712146931,0.001857712608482023
2007-04-16,1854.2624063349344,0.009432192764761902
2007-04-17,1855.232067385706,0.0005229362615877202
2007-04-18,1852.6933068722599,-0.001368432854345502
2007-04-19,1852.7833298605767,4.859033493718241e-05
2007-04-20,1866.361230502983,0.007328380185408895
2007-04-23,1870.7264192439595,0.0023388766706218737
2007-04-24,1879.5221479941874,0.004701771814278769
2007-04-25,1902.2409487065147,0.01208754083402122
2007-04-26,1910.5819170708,0.004384811697990694
2007-04-27,1912.0979078387081,0.0007934706983055772
2007-04-30,1888.5568743203871,-0.012311625582463036
2007-05-01,1894.3094633752344,0.003046023730112634
2007-05-02,1910.8004694238005,0.008705550158200022
2007-05-03,1916.7857889866164,0.0031323624096767466
2007-05-04,1916.855910926483,3.6583086263099025e-05
2007-05-07,1917.147171476782,0.00015194702358112077
2007-05-08,1921.0698727806673,0.0020461138102733805
2007-05-09,1926.9644134556702,0.003068363498132832
2007-05-10,1896.1833375466088,-0.015973868377704533
2007-05-11,1920.0466587950232,0.012584922974426064
2007-05-14,1909.245168180136,-0.00562563965068744
2007-05-15,1892.781974535693,-0.008622880873981987
2007-05-16,1912.7931399145295,0.01057235627137951
2007-05-17,1905.83526807045,-0.003637545377431929
2007-05-18,1918.2321712381452,0.0065047086573470116
2007-05-21,1932.650350817892,0.0075163892024813946
2007-05-22,1938.0093659654833,0.0027728839545773775
2007-05-23,1925.8434776478884,-0.00627751781350862
2007-05-24,1895.7074736907712,-0.01564821041112012
2007-05-25,1910.5317773033153,0.0078199320402965
2007-05-29,1921.2281941245406,0.005598659466592689
2007-05-30,1939.7340623130665,0.00963231137515053
2007-05-31,1949.9677644330563,0.0052758274027452775
2007-06-01,1950.0481713209979,4.1234983166449964e-05
2007-06-04,1955.6088290391565,0.002851548900144072
2007-06-05,1954.2228593837233,-0.0007087151759865043
2007-06-06,1936.534408806316,-0.009051398868082762
2007-06-07,1903.4938794699854,-0.017061679454844728
2007-06-08,1927.8661920992697,0.012803987915143953
2007-06-11,1923.5459763087574,-0.002240931351054016
2007-06-12,1912.1373283257788,-0.005931050322421524
2007-06-13,1935.6101789568856,0.01227571382211312
2007-06-14,1946.4109279144593,0.005580022813991427
2007-06-15,1964.4936055614012,0.009290267223436198
2007-06-18,1966.5049528918219,0.001023850281175109
2007-06-19,1963.8648243145872,-0.0013425486538196374
2007-06-20,1944.0209406962128,-0.010104505856354036
2007-06-21,1963.4492954995908,0.009993902018575975
2007-06-22,1943.8580637582734,-0.009977966727341792
2007-06-25,1934.743728823417,-0.004688786236395541
2007-06-26,1930.4446243644402,-0.0022220536988592898
2007-06-27,1955.153122552403,0.012799382005633709
2007-06-28,1953.756877964121,-0.000714135671613781
2007-06-29,1956.2242977548287,0.0012629103541678716
2007-07-02,1976.502249258832,0.010365862200605844
2007-07-03,1987.7189053454708,0.005675002945655609
2007-07-05,2003.7802473899883,0.008080288415693287
2007-07-06,2011.1232773572992,0.0036645884581784018
2007-07-09,2012.0532425571485,0.00046241083792305273
2007-07-10,1994.5542963061544,-0.008697059243200928
2007-07-11,2006.8942405697355,0.006186817920391564
2007-07-12,2044.2790126827533,0.01862817250519618
2007-07-13,2055.5471285318013,0.00551202442481694
2007-07-16,2051.389894145123,-0.0020224466415653232
2007-07-17,2065.318573986942,0.0067898744561298895
2007-07-18,2061.4849509810747,-0.0018561896717301375
2007-07-19,2076.6782343704326,0.007370067572953871
2007-07-20,2059.38105337807,-0.008329254241741605
2007-07-23,2059.8667154802197,0.00023582915913166234
2007-07-24,2023.6833141959764,-0.017565894439829255
2007-07-25,2034.4057512270329,0.0052984757821736735
2007-07-26,2009.5918944099053,-0.012197103160056117
2007-07-27,1978.839854907812,-0.015302629149548478
2007-07-30,1996.814534473124,0.009083443271436157
2007-07-31,1954.4689666624556,-0.021206560288705805
2007-08-01,1967.6496173989767,0.00674385265836634
2007-08-02,1989.4290268867967,0.011068743792205179
2007-08-03,1940.841171517436,-0.024423015203208637
2007-08-06,1977.0957642996077,0.018679834967549838
2007-08-07,1984.4600512226407,0.0037248003136771983
2007-08-08,2010.468809540996,0.013106214107122463
2007-08-09,1959.3100704100343,-0.02544617399095173
2007-08-10,1947.5644388587946,-0.00599477935045871
2007-08-13,1956.9712310661876,0.004830028737280225
2007-08-14,1923.504949668237,-0.01710105946714283
2007-08-15,1886.689713585509,-0.019139662775017947
2007-08-16,1867.6492101457898,-0.01009201635150394
2007-08-17,1910.8469674976886,0.023129481230860637
2007-08-20,1915.1951247653774,0.0022755130796178113
2007-08-21,1933.3544338237273,0.009481701798178152
2007-08-22,1959.4456731042526,0.013495321304807427
2007-08-23,1954.5080840798958,-0.0025198907487617656
2007-08-24,1984.363255847378,0.015275031098956485
2007-08-27,1970.33985191123,-0.007066954044238124
2007-08-28,1921.5334526013394,-0.02477054872668205
2007-08-29,1977.8056839162787,0.02928506461272319
2007-08-30,1986.8199496338896,0.00455771049244928
2007-08-31,2012.1032103321188,0.012725491659618261
2007-09-04,2044.296406148097,0.015999773595443183
2007-09-05,2017.8688728033417,-0.012927446952054566
2007-09-06,2022.2193495466338,0.002155975941711259
2007-09-07,1981.4342513262586,-0.020168483814339357
2007-09-10,1983.3353727606013,0.0009594673318432379
2007-09-11,2012.4648311908063,0.014687106795085196
2007-09-12,2012.4545195254098,-5.123898433785723e-06
2007-09-13,2022.2486704910207,0.004866768848977901
2007-09-14,2024.4745233962958,0.0011006820960027988
2007-09-17,2006.5547448928555,-0.008851570269887981
2007-09-18,2059.473624039565,0.026373005412087615
2007-09-19,2065.5447162012783,0.002947885367818087
2007-09-20,2056.701238094665,-0.004281426607349063
2007-09-21,2073.7813301489746,0.008304605325240506
2007-09-24,2081.674142087794,0.0038060000946447806
2007-09-25,2101.496866112172,0.009522491356162684
2007-09-26,2113.19441098933,0.005566291849294379
2007-09-27,2121.3100081153293,0.0038404403701786725
2007-09-28,2115.977705455602,-0.002513683827129451
2007-10-01,2142.176540237888,0.01238143233491432
2007-10-02,2141.0942449491963,-0.0005052316036340301
2007-10-03,2128.0713786511756,-0.006082341461026924
2007-10-04,2130.6622613675295,0.0012174792360563692
2007-10-05,2175.3086434504694,0.020954227656092332
2007-10-08,2189.0929110535567,0.006336695091333295
2007-10-09,2197.1486427612253,0.0036799405210222844
2007-10-10,2202.998410070541,0.002662435847746779
2007-10-11,2166.518299212876,-0.01655929967579818
2007-10-12,2204.0422176072693,0.01731991758759951
2007-10-15,2184.7767178846025,-0.008740984890743984
2007-10-16,2176.914313469427,-0.0035987221718419746
2007-10-17,2205.2605365285717,0.013021285626060525
2007-10-18,2213.751859713226,0.003850485257411514
2007-10-19,2156.645971073754,-0.025795975456287045
2007-10-22,2183.3642311358617,0.012388802066017796
2007-10-23,2231.6783077591845,0.022128271561080014
2007-10-24,2214.8999613493897,-0.00751826387856126
2007-10-25,2187.5154642826546,-0.012363762492483662
2007-10-26,2220.993967528423,0.015304350434270836
2007-10-29,2229.9630632403905,0.004038325111683385
2007-10-30,2234.214534324818,0.0019065208543182744
2007-10-31,2265.9736011375703,0.014214868950510056
2007-11-01,2223.5695002640814,-0.018713413453802345
2007-11-02,2240.572974885492,0.0076469274377936915
2007-11-05,2227.0646767440285,-0.0060289480828687615
2007-11-06,2250.849449454896,0.01067987515550769
2007-11-07,2195.661365654523,-0.02451878059358368
2007-11-08,2131.6371730359515,-0.02915941120068215
2007-11-09,2058.9184304359856,-0.03411403381392399
2007-11-12,2006.1779099923476,-0.025615643467949263
2007-11-13,2091.124665383981,0.04234258336139175
2007-11-14,2062.7652029544574,-0.013561822926667282
2007-11-15,2048.585356533225,-0.006874193146618452
2007-11-16,2073.483782894677,0.012153960918468668
2007-11-19,2045.70093859934,-0.013399113378427849
2007-11-20,2054.6179647848494,0.004358909954655975
2007-11-21,2030.7816784107379,-0.011601322865201063
2007-11-23,2053.595597230632,0.011234057832227513
2007-11-26,2013.6047016954801,-0.019473598204574134
2007-11-27,2058.55574288949,0.022323667180633895
2007-11-28,2120.9472919031014,0.030308408809972535
2007-11-29,2128.073495675547,0.0033599155432340456
2007-11-30,2114.601461121793,-0.006330624661756465
2007-12-03,2092.7184659786753,-0.010348519825342673
2007-12-04,2084.236243280456,-0.004053207746820604
2007-12-05,2124.9886607362155,0.019552686307583632
2007-12-06,2153.6857936734023,0.013504605209161098
2007-12-07,2156.075171253162,0.0011094364771216385
2007-12-10,2161.046809650044,0.0023058743327545694
2007-12-11,2109.2704086804524,-0.02395894468291325
2007-12-12,2127.1371108369685,0.008470560286148036
2007-12-13,2120.3856581337586,-0.0031739621620128933
2007-12-14,2097.5491385358864,-0.01076998399337015
2007-12-17,2045.6402417609881,-0.024747404397463243
2007-12-18,2054.4471497731015,0.004305208624822422
2007-12-19,2055.985850143672,0.0007489607949955937
2007-12-20,2095.151839908575,0.0190497370213741
2007-12-21,2137.7701796541505,0.020341408643411562
2007-12-24,2154.859264676904,0.007993883152359132
2007-12-26,2163.303077808483,0.003918498655569967
2007-12-27,2132.0831547692396,-0.014431599233367962
2007-12-28,2133.0655173771047,0.0004607524831608859
2007-12-31,2110.7039618225094,-0.010483295225780022
2008-01-02,2075.0930051771484,-0.016871601744951656
2008-01-03,2077.201842726416,0.0010162617020086867
2008-01-04,1987.9011508687872,-0.04299085915522678
2008-01-07,1981.8417913310288,-0.0030481191356573037
2008-01-08,1934.176457507791,-0.024051028710634494
2008-01-09,1973.562847160778,0.02036339006200949
2008-01-10,1978.0901565213928,0.002293977801177252
2008-01-11,1936.7810489621218,-0.020883329014647026
2008-01-14,1973.6701204109772,0.019046588393986746
2008-01-15,1917.9492868755274,-0.028232090539956622
2008-01-16,1895.9055965384396,-0.011493364547192167
2008-01-17,1865.3653659865658,-0.016108518592716052
2008-01-18,1867.4105693983179,0.001096409019404385
2008-01-22,1818.4378981358466,-0.02622490847219002
2008-01-23,1812.3099156686415,-0.0033699157246377927
2008-01-24,1850.2050884598843,0.02090987444454924
2008-01-25,1812.003769900539,-0.020647072477324252
2008-01-28,1828.20444641115,0.008940752099815045
2008-01-29,1830.8570973344756,0.0014509596716783472
2008-01-30,1831.7373858841597,0.00048080680407322344
2008-01-31,1865.0995896128977,0.018213420758803
2008-02-01,1879.1577583661517,0.007537489596559223
2008-02-04,1852.4378179084665,-0.01421910445715693
2008-02-05,1796.442780382804,-0.030227755546950043
2008-02-06,1763.5106017477021,-0.01833188287137332
2008-02-07,1776.0490709543021,0.007109948300948004
2008-02-08,1796.7829102938038,0.011674136530676454
2008-02-11,1816.4711825139843,0.010957513068154354
2008-02-12,1803.786817403445,-0.006982970736141362
2008-02-13,1846.8302546797722,0.023862818411262376
2008-02-14,1810.9871464928005,-0.019407906111645713
2008-02-15,1803.7119708081677,-0.0040172431365524276
2008-02-19,1788.0542300880397,-0.008680843157631386
2008-02-20,1811.0212442957038,0.012844696665902232
2008-02-21,1789.6215316339071,-0.011816378592576372
2008-02-22,1796.8846544805356,0.004058468630513844
2008-02-25,1809.1504558938773,0.006826148457975153
2008-02-26,1815.1072407814056,0.003292586787418587
2008-02-27,1823.8811487510093,0.004833823463690416
2008-02-28,1818.357660186817,-0.0030284257107295294
2008-02-29,1768.5418863531447,-0.027396026053837008
2008-03-03,1756.4674030619465,-0.00682736630914452
2008-03-04,1767.0653087127382,0.0060336477820864005
2008-03-05,1777.09605065617,0.005676497577069738
2008-03-06,1735.5036990701624,-0.023404672792250066
2008-03-07,1730.46451168426,-0.002903587810617845
2008-03-10,1695.6146041045877,-0.020139047836209602
2008-03-11,1764.47880497018,0.0406131208700918
2008-03-12,1758.6592676492357,-0.0032981622134262687
2008-03-13,1774.113564239613,0.00878754450885461
2008-03-14,1737.0767308401994,-0.0208762472402874
2008-03-17,1710.1593867537697,-0.015495771492725022
2008-03-18,1785.0524841530096,0.04379305109180626
2008-03-19,1739.0016559836556,-0.025798024751750987
2008-03-20,1775.926418637434,0.02123331080607397
2008-03-24,1839.3036033947383,0.03568683031695079
2008-03-25,1849.61243025491,0.005604744557203503
2008-03-26,1842.2824810769398,-0.00396296492068874
2008-03-27,1802.380244022143,-0.021659130705879225
2008-03-28,1791.9471418927446,-0.005788513363925961
2008-03-31,1806.591845136261,0.00817250849712454
2008-04-01,1881.1888970648763,0.04129159119667599
2008-04-02,1874.446666442913,-0.0035840263742161946
2008-04-03,1880.9555254029099,0.003472416194347355
2008-04-04,1891.8141743799558,0.005772942969887638
2008-04-07,1886.795584574344,-0.0026527921576951514
2008-04-08,1871.931019323342,-0.0078782065065917
2008-04-09,1851.7324889676788,-0.010790210828903645
2008-04-10,1878.9169048462086,0.014680530822076116
2008-04-11,1823.937537500168,-0.029261202134184164
2008-04-14,1816.1265307541255,-0.004282496842927993
2008-04-15,1820.0092691762127,0.0021379228574316496
2008-04-16,1872.9332961713615,0.029078987613674924
2008-04-17,1866.8687402783287,-0.0032379988681016125
2008-04-18,1927.1374178818141,0.03228329678630763
2008-04-21,1940.2520883706193,0.0068052596390453845
2008-04-22,1908.367054490749,-0.016433449071376335
2008-04-23,1933.7629282106536,0.013307646272840116
2008-04-24,1951.9688314013897,0.009414754479538108
2008-04-25,1945.9149111496622,-0.003101443093935703
2008-04-28,1950.7556950307585,0.002487664724371832
2008-04-29,1961.2749664190792,0.005392408395944707
2008-04-30,1945.1790112483166,-0.008206883505045023
2008-05-01,2008.84937883975,0.03273239492265182
2008-05-02,2010.33227525703,0.0007381819826315851
2008-05-05,2004.2926102398308,-0.003004311820257166
2008-05-06,2019.3280515899642,0.00750161990984664
2008-05-07,1979.6052188974575,-0.019671312276987363
2008-05-08,1995.3001372894812,0.007928307241362554
2008-05-09,1988.6673019628129,-0.003324229374172632
2008-05-12,2026.025181394265,0.018785384259388194
2008-05-13,2029.6999833552072,0.0018137987596053228
2008-05-14,2026.3745733195556,-0.0016383751603301704
2008-05-15,2060.942757108053,0.01705912827946141
2008-05-16,2060.904959844423,-1.8339793038680465e-05
2008-05-19,2046.1206004278074,-0.007173722080678465
2008-05-20,2029.990388283976,-0.007883314473476621
2008-05-21,1985.5101848363975,-0.021911534017251818
2008-05-22,1993.7813283977937,0.004165752270909631
2008-05-23,1987.7659263389216,-0.0030170821509829028
2008-05-27,2024.9105268143699,0.01868660690037159
2008-05-28,2029.6415489910428,0.002336410480376073
2008-05-29,2048.9044478768187,0.009490788605185726
2008-05-30,2062.688036474933,0.006727296928071937
2008-06-02,2036.676529696325,-0.012610489961953209
2008-06-03,2026.5099438134685,-0.004991752855507366
2008-06-04,2051.5696475967156,0.012365941682028111
2008-06-05,2085.764254057161,0.016667533807834513
2008-06-06,2020.112506165793,-0.03147611134080203
2008-06-09,2009.3707156252785,-0.005317421929584802
2008-06-10,2002.1256836437335,-0.003605622359879263
2008-06-11,1953.224867404499,-0.024424448793962987
2008-06-12,1953.1853027280117,-2.0256078625473334e-05
2008-06-13,1995.5943707356525,0.021712772438133767
2008-06-16,2014.7230275789575,0.009585443376578393
2008-06-17,2002.6352525535488,-0.005999720487601892
2008-06-18,1980.6192808484955,-0.010993500527358068
2008-06-19,2012.719151605245,0.016206986909164108
2008-06-20,1957.6291876582986,-0.027370914567494208
2008-06-23,1942.4152095906095,-0.007771634262302813
2008-06-24,1932.7309432191187,-0.004985682939298964
2008-06-25,1963.3407791312507,0.015837608447013735
2008-06-26,1883.7061906552537,-0.04056075711483673
2008-06-27,1884.0715927335625,0.00019398039891863918
2008-06-30,1865.2480795093302,-0.009990869400520842
2008-07-01,1891.2908394170977,0.01396208911504055
2008-07-02,1844.0469253669737,-0.024979719176710394
2008-07-03,1844.2797239013373,0.00012624328110150354
2008-07-07,1855.1413316409244,0.005889349429386257
2008-07-08,1900.2060866771528,0.024291817700146625
2008-07-09,1847.3313610571495,-0.02782578478761968
2008-07-10,1868.0666706549664,0.011224466836286043
2008-07-11,1838.9623491957436,-0.015579915811579895
2008-07-14,1826.0020103404083,-0.007047636870327046
2008-07-15,1826.3564241421977,0.00019409277743528093
2008-07-16,1872.614766581342,0.02532821185813771
2008-07-17,1882.3946114662424,0.005222561019720387
2008-07-18,1851.7130411027385,-0.016299223434137027
2008-07-21,1848.2783817880202,-0.0018548550658114289
2008-07-22,1850.197325442764,0.0010382330246634988
2008-07-23,1874.5427184741293,0.013158268416337304
2008-07-24,1845.5441155074857,-0.015469694385118249
2008-07-25,1875.6087258468858,0.016290377502643966
2008-07-28,1831.453937973907,-0.023541577336734714
2008-07-29,1874.7153593147268,0.023621353747328672
2008-07-30,1882.1101524072485,0.003944488455690124
2008-07-31,1878.4327516871635,-0.0019538711458421077
2008-08-01,1855.5153019301713,-0.012200303543689995
2008-08-04,1833.54072242638,-0.011842844670120756
2008-08-05,1899.5226429817585,0.035986067693147654
2008-08-06,1925.4083741246263,0.013627492801156701
2008-08-07,1910.0784892667493,-0.007961887495605537
2008-08-08,1956.9852390103886,0.02455749855685033
2008-08-11,1972.3193782828764,0.007835592710061436
2008-08-12,1972.1886100545714,-6.630175099679768e-05
2008-08-13,1973.1856322605558,0.0005055410019616198
2008-08-14,1995.9362748215153,0.011529904834597673
2008-08-15,1989.0388916231452,-0.003455713133419952
2008-08-18,1963.8753171982642,-0.012651122374156602
2008-08-19,1939.4995219323464,-0.012412089022379
2008-08-20,1943.9408652185837,0.002289942965189415
2008-08-21,1937.590695956931,-0.0032666473426590024
2008-08-22,1962.7520571091025,0.012985901101132713
2008-08-25,1920.4207947559557,-0.02156729995509239
2008-08-26,1916.9965152327059,-0.0017830881297475495
2008-08-27,1931.2347691363282,0.007427375997026168
2008-08-28,1946.327154169602,0.007814888834060967
2008-08-29,1903.0846822018718,-0.022217473498785698
2008-09-02,1880.4420082422553,-0.011897880410355144
2008-09-03,1863.1430726510434,-0.00919939860702325
2008-09-04,1803.9071284040433,-0.03179355633849104
2008-09-05,1797.278711251513,-0.003674478052755778
2008-09-08,1791.998888305293,-0.0029376762286042486
2008-09-09,1749.9456100445777,-0.02346724573054019
2008-09-10,1766.7663039265651,0.009612123819984934
2008-09-11,1802.9622261119152,0.020487102399964426
2008-09-12,1796.3635374793441,-0.003659915075870054
2008-09-15,1733.7602072722707,-0.034850033916251945
2008-09-16,1752.7171340062246,0.010933995747761913
2008-09-17,1659.5934051092866,-0.05313106552686175
2008-09-18,1725.6704405336998,0.03981519522853361
2008-09-19,1774.1311390821404,0.02808224410070615
2008-09-22,1693.7788687803584,-0.04529105460792079
2008-09-23,1675.9730688175384,-0.010512470246863677
2008-09-24,1689.1463681918776,0.007860090128795101
2008-09-25,1715.8326104240007,0.015798655897824195
2008-09-26,1700.0903291077598,-0.00917471857138254
2008-09-29,1521.3317963775185,-0.10514649114206609
2008-09-30,1621.4938437596109,0.06583839739666969
2008-10-01,1590.1706067501755,-0.019317518305718033
2008-10-02,1516.2804576803744,-0.04646680598681791
2008-10-03,1495.692735771984,-0.01357777962784389
2008-10-06,1435.1986850653502,-0.04044550679415484
2008-10-07,1352.5439304299698,-0.05759115828037204
2008-10-08,1353.2064220720652,0.0004898115522834123
2008-10-09,1296.7755651080467,-0.04170158820086749
2008-10-10,1291.4063741308246,-0.004140416523637026
2008-10-13,1453.9268949624782,0.12584769913423827
2008-10-14,1387.8923336256464,-0.04541807539679358
2008-10-15,1265.499386931957,-0.08818619696093981
2008-10-16,1335.4348573091243,0.05526314046403225
2008-10-17,1334.1849973674648,-0.0009359198128000044
2008-10-20,1375.9923855069094,0.031335525599475667
2008-10-21,1305.493889014932,-0.05123465597231932
2008-10-22,1258.3782868947026,-0.036090250989823366
2008-10-23,1260.5041935276256,0.001689401871490635
2008-10-24,1222.9990929273542,-0.02975404666866704
2008-10-27,1190.0080574492565,-0.026975519171588944
2008-10-28,1320.0270095372007,0.10925888381515293
2008-10-29,1324.6770353903144,0.003522674778256135
2008-10-30,1357.0696173682745,0.02445319207063601
2008-10-31,1357.9460586589862,0.0006458336989456069
2008-11-03,1357.9812091494482,2.5885041778870718e-05
2008-11-04,1402.4128246056125,0.03271887354317192
2008-11-05,1322.6492930187435,-0.056875928533597256
2008-11-06,1263.6490252453732,-0.04460764322393526
2008-11-07,1293.8369467717757,0.023889482699154342
2008-11-10,1272.9192578728002,-0.01616717543208719
2008-11-11,1247.084559110232,-0.020295630380941215
2008-11-12,1185.8386914624978,-0.049111238849298126
2008-11-13,1262.7341165766145,0.06484475980395049
2008-11-14,1200.3773828901647,-0.04938231482610496
2008-11-17,1172.2787727841492,-0.023408146893239577
2008-11-18,1176.1545198468052,0.0033061650118011905
2008-11-19,1106.8203059941684,-0.05894991914979636
2008-11-20,1054.8452744820752,-0.04695887058686388
2008-11-21,1104.7901224148536,0.04734803211523237
2008-11-24,1174.8311303270762,0.06339756890578145
2008-11-25,1162.8813126090733,-0.010171519471633347
2008-11-26,1214.307518031347,0.04422309040885037
2008-11-28,1206.87613570375,-0.006119852028623591
2008-12-01,1110.6592206740504,-0.07972393535944249
2008-12-02,1150.2112023590016,0.03561126666822907
2008-12-03,1187.0772179312755,0.03205151844866777
2008-12-04,1147.958025090164,-0.032954210770959474
2008-12-05,1198.9946250531505,0.044458594171139544
2008-12-08,1247.0889429033466,0.04011220471323137
2008-12-09,1234.2722941150955,-0.010277253167214033
2008-12-10,1244.4009160640142,0.008206148673360928
2008-12-11,1201.745796182674,-0.034277634587618566
2008-12-12,1228.4274209316072,0.022202386589316114
2008-12-15,1203.2596031188878,-0.020487834595578087
2008-12-16,1266.0142049358662,0.052153834180351785
2008-12-17,1248.085268828832,-0.014161717962668793
2008-12-18,1226.5515687615932,-0.017253388534459322
2008-12-19,1239.2981791566117,0.010392233575542436
2008-12-22,1210.8088136808215,-0.022988305764459604
2008-12-23,1204.7597785700184,-0.004995863130872084
2008-12-24,1205.9094350719442,0.0009542620216707925
2008-12-26,1207.1091152304941,0.0009948343745055106
2008-12-29,1194.6528381660473,-0.010319097840685533
2008-12-30,1223.378794869548,0.024045442982079064
2008-12-31,1233.8976547774164,0.00859820355884941
2009-01-02,1286.9381334993916,0.042986124916124545
2009-01-05,1285.7829758464386,-0.000897601541895398
2009-01-06,1297.9890328522392,0.009493092718672266
2009-01-07,1261.4529404110242,-0.0281482289268112
2009-01-08,1275.644979625279,0.01125054986960538
2009-01-09,1245.6055211340326,-0.023548447233391175
2009-01-12,1223.3663273300872,-0.017854122695039415
2009-01-13,1224.92921427636,0.0012775298055518116
2009-01-14,1184.9872407832659,-0.03260757685225949
2009-01-15,1205.4741352287901,0.01728870467160699
2009-01-16,1220.3798659857866,0.012365035732738843
2009-01-20,1157.76659228636,-0.05130638045134358
2009-01-21,1207.8454155112265,0.043254679793420875
2009-01-22,1189.85067636388,-0.014898213725247418
2009-01-23,1197.8205825581456,0.006698240672200308
2009-01-26,1206.6955982268742,0.007409303027482286
2009-01-27,1216.7442093618606,0.008327378627842741
2009-01-28,1259.0348832664151,0.034757242795290806
2009-01-29,1226.3901919469272,-0.025928345396432007
2009-01-30,1202.3631030621962,-0.019591716439437096
2009-02-02,1218.196992982351,0.013168975228721567
2009-02-03,1238.4954348438316,0.016662692469619926
2009-02-04,1238.2760442414897,-0.00017714284297679355
2009-02-05,1268.5288567565208,0.024431396097598333
2009-02-06,1301.5331731807694,0.026017789227622934
2009-02-09,1305.8185361678313,0.003292549952137587
2009-02-10,1252.4869061427949,-0.04084153237826463
2009-02-11,1250.2197354436478,-0.0018101352501393852
2009-02-12,1266.2923943209576,0.012855867190103443
2009-02-13,1260.2350474163827,-0.004783529405799723
2009-02-17,1209.5440602864235,-0.040223438662399635
2009-02-18,1211.3214386588404,0.0014694614530998866
2009-02-19,1190.0599390037337,-0.017552318465235237
2009-02-20,1194.9857825094466,0.004139155805745866
2009-02-23,1150.4581513128958,-0.03726205938872648
2009-02-24,1193.7605591975678,0.03763927252395536
2009-02-25,1182.9526891709786,-0.009053633028263283
2009-02-26,1148.5941349659033,-0.029044740774167393
2009-02-27,1138.30518030066,-0.008957868016232625
2009-03-02,1097.256932114078,-0.03606084633273835
2009-03-03,1101.3466430424578,0.0037272135711187626
2009-03-04,1131.5568353830279,0.027430230555853682
2009-03-05,1095.1054633959118,-0.0322134698384615
2009-03-06,1085.1105348506376,-0.009126909580269998
2009-03-09,1063.9204614899984,-0.019528032103711908
2009-03-10,1133.820366683841,0.06570031099500544
2009-03-11,1147.603687988507,0.012156530002172187
2009-03-12,1187.1229343860698,0.03443631874940308
2009-03-13,1191.0205621125479,0.0032832553508821702
2009-03-16,1167.5494077791345,-0.019706758287851713
2009-03-17,1215.1848611342264,0.04079951823683582
2009-03-18,1230.2750311272707,0.012418003610545077
2009-03-19,1227.4867396689003,-0.002266396852592861
2009-03-20,1210.1423559150198,-0.014129996840991508
2009-03-23,1284.2209245547756,0.06121475566710743
2009-03-24,1258.2728817503807,-0.020205279565422642
2009-03-25,1260.6530329466639,0.0018916017588903034
2009-03-26,1306.1743118798452,0.03610928442918155
2009-03-27,1275.7809576259986,-0.023268987896496333
2009-03-30,1244.5714967133638,-0.02446302457022876
2009-03-31,1261.101811934155,0.013281932990144803
2009-04-01,1276.9188898161576,0.012542268778239354
2009-04-02,1319.5386854947385,0.03337705786834828
2009-04-03,1341.8408594840525,0.016901493100941106
2009-04-06,1338.769679738134,-0.002288780911843301
2009-04-07,1300.3692152300696,-0.028683398712447572
2009-04-08,1326.210385434606,0.019872179302525696
2009-04-09,1366.530117803177,0.03040221431787244
2009-04-13,1362.915306935269,-0.0026452478586563256
2009-04-14,1348.2897802393406,-0.010731060559306595
2009-04-15,1342.3920794355363,-0.004374208638411181
2009-04-16,1379.5952478467345,0.027714085162690957
2009-04-17,1380.5703698646796,0.0007068174665482605
2009-04-20,1335.1933814394858,-0.0328682908279724
2009-04-21,1355.2878028953191,0.015049821048520606
2009-04-22,1362.0955697170452,0.005023115243258816
2009-04-23,1370.9735851187274,0.006517909314929058
2009-04-24,1400.430541109907,0.021486158676520747
2009-04-27,1397.075153082361,-0.002395968903167878
2009-04-28,1388.9131379967628,-0.005842216195449802
2009-04-29,1409.7953965105328,0.01503496362910704
2009-04-30,1421.9993840185862,0.00865656643386705
2009-05-01,1424.3519691808551,0.0016544206619980917
2009-05-04,1456.3657823461424,0.02247605497656486
2009-05-05,1452.1507844055118,-0.0028941890778568934
2009-05-06,1452.2090859805141,4.014843060960732e-05
2009-05-07,1417.5290093783349,-0.023880911458947152
2009-05-08,1421.962393356767,0.0031275437392117365
2009-05-11,1423.6763232740498,0.001205327176928174
2009-05-12,1404.9360737653121,-0.013163279603920388
2009-05-13,1366.6319352812986,-0.027263972503287034
2009-05-14,1386.8852887525022,0.014819903551452506
2009-05-15,1382.2507339601693,-0.0033417001607260726
2009-05-18,1420.6741919696601,0.027797748314017566
2009-05-19,1426.1180601317435,0.00383189065646072
2009-05-20,1421.7183201083787,-0.003085116265169683
2009-05-21,1394.876517545976,-0.018879831667609526
2009-05-22,1390.5885043896442,-0.0030741166708258614
2009-05-26,1441.08998281301,0.03631662297217964
2009-05-27,1430.1610246483126,-0.00758381384579758
2009-05-28,1448.9800651597857,0.01315868646056888
2009-05-29,1464.5655673191916,0.010756188117527491
2009-06-01,1507.007757143726,0.028979371611352667
2009-06-02,1510.28046964859,0.0021716626801358365
2009-06-03,1505.3300773762885,-0.003277796655513493
2009-06-04,1522.9986944187158,0.011737370632507828
2009-06-05,1523.4965810241151,0.0003269120369070501
2009-06-08,1518.7359422028212,-0.003124810964848846
2009-06-09,1532.079627920621,0.008786047229807277
2009-06-10,1525.6904113917788,-0.004170290115738832
2009-06-11,1527.4842025792068,0.0011757242321472033
2009-06-12,1520.3193048295232,-0.004690652602223604
2009-06-15,1486.6919032038154,-0.02211864410251525
2009-06-16,1472.7200476294722,-0.009397949598187582
2009-06-17,1485.6358999810889,0.008770066227051364
2009-06-18,1483.521107348914,-0.001423493220782906
2009-06-19,1501.325325256893,0.012001324295139658
2009-06-22,1455.8468777616006,-0.030292200318082635
2009-06-23,1453.6703656984107,-0.0014950144114992219
2009-06-24,1476.7513311667349,0.015877716167953224
2009-06-25,1506.1192417929421,0.01988683538412982
2009-06-26,1510.6073211013702,0.0029798964012206263
2009-06-29,1514.366521325556,0.002488535684737081
2009-06-30,1507.6693634072587,-0.004422415461506036
2009-07-01,1511.8617588648638,0.002780712773874021
2009-07-02,1476.0976023758442,-0.02365570547658531
2009-07-06,1470.790128283028,-0.0035956118919733865
2009-07-07,1433.8291237545943,-0.025130033046646426
2009-07-08,1440.735989973488,0.00481707764507366
2009-07-09,1444.274741755394,0.00245621113551227
2009-07-10,1449.2527701816553,0.0034467323164642503
2009-07-13,1477.7423168097196,0.019658093615024436
2009-07-14,1483.006794714295,0.003562514143833163
2009-07-15,1532.164251843341,0.033147155700332685
2009-07-16,1550.4444031137411,0.011930934459805809
2009-07-17,1559.0275054601661,0.005535898178088662
2009-07-20,1576.172084181421,0.010996970009322817
2009-07-21,1585.3888245592236,0.005847547022499817
2009-07-22,1597.6479165250116,0.0077325459697222595
2009-07-23,1634.9490300989069,0.02334751805330648
2009-07-24,1632.4573907206743,-0.001523985966756262
2009-07-27,1632.771648945779,0.00019250623439901078
2009-07-28,1639.0802146017104,0.003863715823339277
2009-07-29,1633.1172953713526,-0.003637966694513895
2009-07-30,1643.6119001825875,0.006426118222481109
2009-07-31,1636.985267929096,-0.004031749984747338
2009-08-03,1662.3237290662075,0.015478734985297993
2009-08-04,1662.7215410390274,0.0002393107707385898
2009-08-05,1648.3962479280751,-0.008615569569153748
2009-08-06,1633.9685044102462,-0.008752594247871916
2009-08-07,1653.59227038027,0.012009880188667887
2009-08-10,1644.401291360249,-0.005558189394479558
2009-08-11,1628.349086109803,-0.009761732330657205
2009-08-12,1653.7942792656972,0.01562637481910204
2009-08-13,1663.0655544400784,0.005606063154661185
2009-08-14,1645.6548904054994,-0.010469018487031759
2009-08-17,1598.0372014863333,-0.02893540389105074
2009-08-18,1620.1242043944512,0.013821332123917437
2009-08-19,1630.4680055106628,0.006384572916171919
2009-08-20,1648.4711013685026,0.011041673799788038
2009-08-21,1672.550877914725,0.014607339204328346
2009-08-24,1669.5476732052052,-0.0017955834702404541
2009-08-25,1674.7966888266358,0.003143974685882149
2009-08-26,1671.855166834187,-0.0017563457177058627
2009-08-27,1675.9298503395917,0.0024372227847465878
2009-08-28,1678.2684142747842,0.0013953829479907405
2009-08-31,1659.8943418199813,-0.010948232296168616
2009-09-01,1629.9376109810642,-0.01804737210325764
2009-09-02,1628.3639277105724,-0.0009654868136606892
2009-09-03,1640.3336902497936,0.007350790775653126
2009-09-04,1673.1299047635991,0.019993623680807995
2009-09-08,1690.3088709221372,0.010267562673781405
2009-09-09,1705.0585841018474,0.008726046128873175
2009-09-10,1722.3725260994916,0.010154455781802147
2009-09-11,1721.6782555164166,-0.00040308967575513493
2009-09-14,1730.2188747219968,0.004960636041150643
2009-09-15,1736.1339337580357,0.003418676748044059
2009-09-16,1760.8760743585262,0.014251285640695693
2009-09-17,1758.200409828185,-0.0015195075731356976
2009-09-18,1762.461087517257,0.002423317424598052
2009-09-21,1769.001607788033,0.0037110154187798847
2009-09-22,1771.5871769757155,0.0014615979862875994
2009-09-23,1761.576189861539,-0.005650857741737626
2009-09-24,1746.773487915507,-0.008403100604575877
2009-09-25,1730.8466141216502,-0.00911788157081722
2009-09-28,1762.0085633318945,0.01800387680572015
2009-09-29,1754.9596602049787,-0.004000493115417376
2009-09-30,1756.329472348793,0.0007805376812216816
2009-10-01,1702.6285148844302,-0.03057567404625219
2009-10-02,1698.6438406536572,-0.002340307469268119
2009-10-05,1712.141241505737,0.0079459863975287
2009-10-06,1742.4168893483263,0.01768291488379981
2009-10-07,1747.751230770398,0.003061461039939135
2009-10-08,1755.2723691444855,0.00430332317418667
2009-10-09,1765.4810751027808,0.005816023847780858
2009-10-12,1767.4557491472767,0.0011184906325777792
2009-10-13,1768.1310517973175,0.0003820761285630152
2009-10-14,1792.667305501821,0.013876942933365935
2009-10-15,1791.7692113753367,-0.0005009820415243319
2009-10-16,1777.4432496864831,-0.007995427981406794
2009-10-19,1795.248034629271,0.010017076464144934
2009-10-20,1794.768917990511,-0.00026688046972792593
2009-10-21,1792.1027793143273,-0.0014855052644708534
2009-10-22,1801.9251683775335,0.005480929540751157
2009-10-23,1792.217526517846,-0.005387372367093597
2009-10-26,1785.2509508819237,-0.0038871261623346447
2009-10-27,1760.4470842260116,-0.013893770309243565
2009-10-28,1719.1773255941087,-0.02344277144237325
2009-10-29,1749.0526149691143,0.017377666009340494
2009-10-30,1703.959145672062,-0.025781653971483576
2009-11-02,1709.9284562841117,0.00350320054750805
2009-11-03,1716.378255382575,0.0037719701515929326
2009-11-04,1717.9014924415428,0.0008874716596944565
2009-11-05,1759.2376162699204,0.024061987261929284
2009-11-06,1769.1431571374817,0.005630587236170941
2009-11-09,1807.6818814034066,0.021783835926698823
2009-11-10,1812.5796297589038,0.002709408334443632
2009-11-11,1822.5988456440946,0.005527600399284882
2009-11-12,1812.5926641000192,-0.005490062483025061
2009-11-13,1828.428724641673,0.008736690187100828
2009-11-16,1847.8667208373274,0.010630983824356477
2009-11-17,1852.642686687619,0.0025845835072604243
2009-11-18,1841.961421032709,-0.005765421325796648
2009-11-19,1812.7962851667623,-0.015833738716196845
2009-11-20,1803.8215796985073,-0.004950752349665892
2009-11-23,1833.0748652454247,0.016217394157024403
2009-11-24,1826.2572072969133,-0.0037192468664385774
2009-11-25,1833.8654105436217,0.004166008608376432
2009-11-27,1805.0674497314935,-0.015703421116161107
2009-11-30,1807.1469251129615,0.0011520208742213174
2009-12-01,1827.9044333161603,0.011486342319344712
2009-12-02,1831.1063928059743,0.0017517105552423092
2009-12-03,1823.0405225887064,-0.004404916202006101
2009-12-04,1832.265074926742,0.005059982059497468
2009-12-07,1823.8853166476345,-0.004573442125693838
2009-12-08,1812.7409714424682,-0.00611022255809912
2009-12-09,1830.115840921303,0.00958486057994756
2009-12-10,1840.026275046153,0.005415194985613941
2009-12-11,1832.5732887258741,-0.004050478203139714
2009-12-14,1850.0545616086686,0.00953919441603822
2009-12-15,1838.9504997570161,-0.006002018579385604
2009-12-16,1841.6418004560865,0.0014634981743259655
2009-12-17,1818.6028274929315,-0.012510018483208462
2009-12-18,1848.3745387952833,0.01637065050833224
2009-12-21,1870.357696513943,0.011893237683844966
2009-12-22,1881.3439047873044,0.005873854126319185
2009-12-23,1894.1304025900065,0.006796470209495198
2009-12-24,1912.4093969837563,0.009650335778759074
2009-12-28,1921.0314829963709,0.004508493853990369
2009-12-29,1914.7540975916986,-0.003267716047464822
2009-12-30,1921.5585278709038,0.003553683623272436
2009-12-31,1902.8228046838792,-0.009750274537712782
2010-01-04,1929.907635709364,0.014234026919802712
2010-01-05,1931.70051937187,0.0009289997248221423
2010-01-06,1921.484441603317,-0.005288644728363536
2010-01-07,1919.7686306982998,-0.0008929611231123805
2010-01-08,1936.0258027883463,0.008468297601119236
2010-01-11,1929.600082574922,-0.003319026122570117
2010-01-12,1904.6112973102506,-0.012950240565560909
2010-01-13,1929.5340786724644,0.01308549487100616
2010-01-14,1929.9563135834078,0.00021882739237958878
2010-01-15,1907.4730382493622,-0.011649629152641422
2010-01-19,1939.2382420626739,0.016653028995086052
2010-01-20,1911.0960733543013,-0.01451197078211438
2010-01-21,1893.3376664565003,-0.009292262772866218
2010-01-22,1836.3220778152652,-0.03011379832100602
2010-01-25,1844.133530300092,0.004253857522706607
2010-01-26,1845.6598062959604,0.0008276385472043732
2010-01-27,1861.0705685821238,0.008349730667371097
2010-01-28,1812.184776906859,-0.026267564755757193
2010-01-29,1781.4493109241403,-0.016960448169738924
2010-02-01,1801.6505061690225,0.011339753043213384
2010-02-02,1818.2488173395554,0.009212836292998468
2010-02-03,1826.2316885019218,0.0043904173544557015
2010-02-04,1773.3403618287264,-0.028962002470005722
2010-02-05,1786.7974536282522,0.007588555524472759
2010-02-08,1775.360226033082,-0.006400964794272516
2010-02-09,1794.7840242774112,0.010940764561190178
2010-02-10,1790.6304109656642,-0.0023142691574932774
2010-02-11,1817.2388303141695,0.01485980534316723
2010-02-12,1820.70949324971,0.001909855148175864
2010-02-16,1844.283907692564,0.012947927459189063
2010-02-17,1853.3123321739631,0.004895355017598556
2010-02-18,1866.1584166241553,0.006931419074476039
2010-02-19,1866.109270899538,-2.633523723358239e-05
2010-02-22,1860.3532259281778,-0.003084516572057681
2010-02-23,1836.00600024457,-0.013087420896351726
2010-02-24,1855.1576733108575,0.010431160390399763
2010-02-25,1855.589448703802,0.00023274323210163218
2010-02-26,1861.5176545434247,0.003194783115286599
2010-03-01,1889.9578991618887,0.015277988123856818
2010-03-02,1894.904153562944,0.0026171241186106397
2010-03-03,1895.2954933316946,0.00020652219692216634
2010-03-04,1903.6608059187772,0.004413724728684577
2010-03-05,1933.205175470815,0.015519765632711199
2010-03-08,1935.6601693718476,0.001269908611968554
2010-03-09,1946.4218726844401,0.005559706958316438
2010-03-10,1962.7936504177583,0.00841121750791808
2010-03-11,1969.4304217647764,0.003381288372114642
2010-03-12,1970.088865263248,0.0003343319424718104
2010-03-15,1965.7171418355233,-0.0022190488484084177
2010-03-16,1978.1795588748978,0.006339883177565141
2010-03-17,1982.2780310618086,0.002071840328408687
2010-03-18,1990.2055673048608,0.003999205015053353
2010-03-19,1978.4456220360212,-0.005908909844305748
2010-03-22,1996.0857905403777,0.008916175561198015
2010-03-23,2010.044437964486,0.006993009764539951
2010-03-24,1998.4376046522011,-0.005774416273124178
2010-03-25,1995.7074752061976,-0.001366131942097119
2010-03-26,1999.2946564695417,0.0017974484276426874
2010-03-29,2008.1622466485933,0.004435359315525158
2010-03-30,2015.087778064404,0.0034486911739170507
2010-03-31,2005.2616943099379,-0.004876255943502642
2010-04-01,2006.535098445334,0.000635031397153404
2010-04-05,2025.3398252639151,0.009371740784973525
2010-04-06,2029.5832076118238,0.0020951458589700297
2010-04-07,2024.8459180165269,-0.0023341194278362677
2010-04-08,2028.382804485524,0.0017467435114578178
2010-04-09,2042.4368536049378,0.006928696638689135
2010-04-12,2043.7600830396234,0.0006478679780723698
2010-04-13,2052.1414371457467,0.004100948137541546
2010-04-14,2077.7794107470586,0.01249327806419182
2010-04-15,2087.86143383519,0.004852306763645539
2010-04-16,2061.46368092557,-0.012643441026222781
2010-04-19,2062.244900649155,0.0003789636125118111
2010-04-20,2072.583391946311,0.005013221899058318
2010-04-21,2083.802948797263,0.005413319866669226
2010-04-22,2094.715509617557,0.005236848727271655
2010-04-23,2105.1571864616917,0.004984770865634713
2010-04-26,2098.8420423962616,-0.002999844432540774
2010-04-27,2054.9871854374733,-0.020894786779056086
2010-04-28,2056.3845100743893,0.0006799675671061769
2010-04-29,2092.567266484715,0.017595326279236143
2010-04-30,2049.3048491130176,-0.020674325774183586
2010-05-03,2081.1024536479335,0.015516288144576824
2010-05-04,2016.9714832848865,-0.030815864087149016
2010-05-05,2006.0246985693666,-0.005427337374989417
2010-05-06,1939.965391715681,-0.03293045539309498
2010-05-07,1894.5974289493356,-0.02338596500745962
2010-05-10,1990.1108602797556,0.050413575924352284
2010-05-11,1987.9527677212016,-0.001084408211435296
2010-05-12,2023.9354341297412,0.018100362842013905
2010-05-13,1993.1640663792027,-0.015203729937051925
2010-05-14,1953.8272216977286,-0.019735878919859194
2010-05-17,1962.4524699795088,0.004414539927581432
2010-05-18,1933.389475959184,-0.014809527601261174
2010-05-19,1919.437905010079,-0.007216120250258035
2010-05-20,1844.3605329095515,-0.039114248970785775
2010-05-21,1867.5894225588256,0.012594549294887241
2010-05-24,1859.9827939179286,-0.00407296622534678
2010-05-25,1860.4150659641189,0.00023240647580392626
2010-05-26,1840.754193285769,-0.01056800336550767
2010-05-27,1908.649243733184,0.03688436549272314
2010-05-28,1898.0977342302747,-0.005528260122992073
2010-06-01,1880.4111475900945,-0.009318058981484712
2010-06-02,1926.0853090562232,0.024289454742205587
2010-06-03,1942.5760502788658,0.008561791705229886
2010-06-04,1877.4049241405696,-0.03354881582573842
2010-06-07,1842.7538837032764,-0.018456881619800664
2010-06-08,1840.255090385246,-0.0013560103387267918
2010-06-09,1823.0809272216566,-0.009332490508146921
2010-06-10,1875.5431774253457,0.028776698510932664
2010-06-11,1893.0494987745985,0.009334000709748855
2010-06-14,1891.406462212549,-0.0008679311149090125
2010-06-15,1944.723330415832,0.028189006048394877
2010-06-16,1952.7717244734613,0.004138580502301356
2010-06-17,1958.2682854032096,0.0028147483194588233
2010-06-18,1961.1924227640877,0.0014932261236493404
2010-06-21,1943.1834965324138,-0.00918264114354086
2010-06-22,1927.5248449289825,-0.008058246496727636
2010-06-23,1921.275174099537,-0.003242329584434375
2010-06-24,1890.7226694347223,-0.015902201348713174
2010-06-25,1884.523652740439,-0.003278649372801153
2010-06-28,1882.0087496552492,-0.001334503327423269
2010-06-29,1808.2886757455597,-0.03917095174142719
2010-06-30,1782.765677745348,-0.01411444883914262
2010-07-01,1777.9385183348004,-0.002707680246936734
2010-07-02,1771.7376121213397,-0.0034876943997300407
2010-07-06,1778.3222375651505,0.003716478895498988
2010-07-07,1834.7684079406945,0.031741249804551196
2010-07-08,1843.5967415430166,0.004811688256738056
2010-07-09,1860.5139806539494,0.009176214477778728
2010-07-12,1866.9784829869354,0.0034745787455539457
2010-07-13,1891.606560376833,0.013191409335631897
2010-07-14,1900.2209108551135,0.004553986362028995
2010-07-15,1903.1452939215526,0.0015389700480262088
2010-07-16,1849.0750444915438,-0.028410993949176382
2010-07-19,1865.3413660472684,0.008797004537042666
2010-07-20,1887.29541419166,0.011769453325807705
2010-07-21,1863.3561872672094,-0.01268440899312206
2010-07-22,1910.3393679488045,0.025214277872713447
2010-07-23,1922.9537591783821,0.006603220056718069
2010-07-26,1938.4243219224434,0.008045207884078863
2010-07-27,1936.8172963644113,-0.0008290370378959488
2010-07-28,1920.23914810391,-0.008559479663683324
2010-07-29,1907.6290089772244,-0.0065669628385283015
2010-07-30,1911.446138973938,0.0020009813117489767
2010-08-02,1947.3958985085155,0.018807623611029462
2010-08-03,1940.0563533332222,-0.003768902451173249
2010-08-04,1957.9132330983248,0.00920430983070288
2010-08-05,1953.5783966009503,-0.0022140084780543526
2010-08-06,1951.479104895212,-0.0010745878995133827
2010-08-09,1964.1535626257214,0.0064947955111156475
2010-08-10,1947.839804642359,-0.008305744669756808
2010-08-11,1892.6250575924314,-0.028346657111294356
2010-08-12,1879.0996729639933,-0.007146362442037795
2010-08-13,1865.4098625104145,-0.00728530298341497
2010-08-16,1868.2567722958022,0.0015261577858049012
2010-08-17,1892.7516307572448,0.013111077034310557
2010-08-18,1898.3438679062822,0.0029545541306970676
2010-08-19,1869.8526178783197,-0.015008476867463436
2010-08-20,1872.695835857135,0.0015205572629791327
2010-08-23,1854.875122912584,-0.009516074422408535
2010-08-24,1821.0066822143415,-0.018259148704879425
2010-08-25,1837.0407980335174,0.008805083460582683
2010-08-26,1814.6394911118075,-0.012194234850793559
2010-08-27,1837.8646908208605,0.012798795475801776
2010-08-30,1817.8562459266311,-0.010886788888301097
2010-08-31,1813.1182727960306,-0.002606351927561465
2010-09-01,1867.1203627358766,0.02978409668585423
2010-09-02,1888.2038199384665,0.011291964687105902
2010-09-03,1918.725826415421,0.01616457193585644
2010-09-07,1904.6508528886475,-0.0073355835070341505
2010-09-08,1928.7833175302571,0.012670282642621813
2010-09-09,1935.1058928559928,0.003278012241329112
2010-09-10,1941.4901777429634,0.0032991914863884993
2010-09-13,1971.6521853074494,0.015535493256808607
2010-09-14,1978.7759407439291,0.0036130893113729967
2010-09-15,1990.096297681869,0.005720888709453215
2010-09-16,1998.8518405200646,0.0043995573723716475
2010-09-17,2006.7970168072707,0.003974870035959701
2010-09-20,2041.3451745202358,0.017215571591754658
2010-09-21,2041.0414319562237,-0.0001487952982196659
2010-09-22,2034.550251295531,-0.003180327728316253
2010-09-23,2033.9488440084378,-0.00029559716537369036
2010-09-24,2076.752833270734,0.02104477179373848
2010-09-27,2063.641977449853,-0.006313151767912736
2010-09-28,2065.144556479756,0.0007281200161278432
2010-09-29,2061.7316998665488,-0.0016525993797862038
2010-09-30,2050.427229765576,-0.0054829976673027555
2010-10-01,2048.974191438389,-0.0007086514976458024
2010-10-04,2027.220343289345,-0.010616945903927078
2010-10-05,2077.8398526851774,0.024969909937711903
2010-10-06,2059.278946773178,-0.008932789448625177
2010-10-07,2064.5481320495883,0.0025587525598057817
2010-10-08,2080.3781336326697,0.007667538158757442
2010-10-11,2080.4020533067483,1.1497753072724313e-05
2010-10-12,2095.381131631038,0.007200088223562737
2010-10-13,2111.5203650919807,0.007702290154908511
2010-10-14,2108.7335376894794,-0.0013198202814302513
2010-10-15,2153.1196394174735,0.021048701002131995
2010-10-18,2159.7870229425807,0.003096615442563552
2010-10-19,2124.482939999471,-0.016346094576959656
2010-10-20,2140.952345626783,0.007752194812783791
2010-10-21,2145.4432833154765,0.00209763552087793
2010-10-22,2159.9527616795526,0.006762927958484056
2010-10-25,2169.618301577018,0.004474884853476788
2010-10-26,2175.290360002598,0.002614311660930143
2010-10-27,2182.327853372408,0.0032351972404278777
2010-10-28,2186.3063887803446,0.001823069527242954
2010-10-29,2180.9124807786116,-0.002467132708120726
2010-11-01,2185.066864642585,0.001904883346116778
2010-11-02,2209.0133233591137,0.010959142305444015
2010-11-03,2215.856754220471,0.0030979581648476946
2010-11-04,2246.107720836069,0.013652040709752507
2010-11-05,2245.0157472827786,-0.00048616259280925616
2010-11-08,2247.3863969115846,0.001055961247343315
2010-11-09,2235.031477332627,-0.0054974612269327325
2010-11-10,2246.2085257618946,0.005000846092157383
2010-11-11,2231.2146087415213,-0.006675211516832563
2010-11-12,2195.1413975993323,-0.01616752194112574
2010-11-15,2188.5777072970714,-0.0029900990931332277
2010-11-16,2149.7401710807476,-0.01774555963301333
2010-11-17,2156.3068044557813,0.0030546172339200074
2010-11-18,2192.0350780964354,0.016569197651663398
2010-11-19,2192.5749150991023,0.00024627206382824853
2010-11-22,2208.662601971115,0.007337348777104449
2010-11-23,2173.518786229368,-0.015911808218413814
2010-11-24,2218.635585207092,0.020757492073943708
2010-11-26,2211.9012739505047,-0.003035339062209588
2010-11-29,2202.3795291963215,-0.004304778367063921
2010-11-30,2174.4419298017706,-0.012685188462837614
2010-12-01,2221.1954392755597,0.021501383335654902
2010-12-02,2244.2985835701716,0.010401220840858103
2010-12-03,2250.3541159967212,0.0026981848453144393
2010-12-06,2249.038764684844,-0.0005845085902378
2010-12-07,2248.5934345604996,-0.0001980090923006997
2010-12-08,2260.174963957975,0.0051505662248537525
2010-12-09,2261.1984698841325,0.0004528436702818197
2010-12-10,2275.368682027395,0.006266682174072405
2010-12-13,2267.3471753777376,-0.0035253656750299615
2010-12-14,2272.6539770707896,0.0023405333557565116
2010-12-15,2262.266108383706,-0.004570809631333463
2010-12-16,2278.286243532587,0.0070814547808994285
2010-12-17,2278.5910440264956,0.0001337849863132197
2010-12-20,2283.552569829912,0.0021774533944664397
2010-12-21,2295.42395155722,0.005198646128909583
2010-12-22,2296.8281145853725,0.0006117227395836656
2010-12-23,2291.062138692983,-0.002510408095309487
2010-12-27,2290.751436149371,-0.00013561506620206727
2010-12-28,2288.2724208969285,-0.0010821843056920458
2010-12-29,2292.63529463688,0.0019066233985556198
2010-12-30,2286.581126152048,-0.0026407028187145944
2010-12-31,2278.5337629103756,-0.0035193867165408945
2011-01-03,2316.0048566680102,0.016445265972171816
2011-01-04,2313.1989225428533,-0.0012115406913237431
2011-01-05,2332.6982165084028,0.008429579391345355
2011-01-06,2340.0435730350005,0.0031488670393003543
2011-01-07,2339.2517226649484,-0.0003383912928703091
2011-01-10,2347.263856984662,0.003425084287460168
2011-01-11,2351.77411714382,0.0019214968720867118
2011-01-12,2368.4095685635516,0.00707357534827149
2011-01-13,2369.1183639570227,0.00029927061724430924
2011-01-14,2387.5529519256183,0.0077812017538057155
2011-01-18,2393.225718625177,0.0023759752406677997
2011-01-19,2367.092292244459,-0.01091974993304469
2011-01-20,2349.41582299452,-0.007467587684626391
2011-01-21,2331.204333937132,-0.007751496724907473
2011-01-24,2364.2841179620195,0.014189997651994565
2011-01-25,2368.0660283969087,0.0015996006597334205
2011-01-26,2378.5492792859995,0.004426925078684284
2011-01-27,2394.9119678574966,0.006879272468304144
2011-01-28,2333.7358490788806,-0.02554420354471093
2011-01-31,2345.5741424030343,0.005072679210385437
2011-02-01,2389.85542202894,0.018878652703998314
2011-02-02,2385.9289123121525,-0.0016429904841080754
2011-02-03,2388.0054047703006,0.0008703077645912424
2011-02-04,2403.599542358996,0.006530193590661146
2011-02-07,2415.0316731345433,0.004756254348562236
2011-02-08,2429.8871689276475,0.006151263338845883
2011-02-09,2427.1945213076983,-0.001108136893919016
2011-02-10,2430.7318139703566,0.001457358539501348
2011-02-11,2445.9892958916043,0.0062769088031667504
2011-02-14,2452.74715605237,0.002762833088483522
2011-02-15,2449.0059106849235,-0.0015253285925598571
2011-02-16,2465.519378672701,0.006742926963030162
2011-02-17,2465.181506774899,-0.00013703883276063112
2011-02-18,2459.98023641338,-0.0021098934691925033
2011-02-22,2388.5758351901363,-0.029026412556610842
2011-02-23,2366.0769258031337,-0.009419382485384428
2011-02-24,2378.837945201173,0.005393323969679528
2011-02-25,2412.7932121308195,0.0142738882226695
2011-02-28,2417.751365283103,0.002054943261343377
2011-03-01,2381.048466930468,-0.015180592545477743
2011-03-02,2392.926622889363,0.00498862418126585
2011-03-03,2439.237117842674,0.01935307773766701
2011-03-04,2427.143507027931,-0.004957948010170894
2011-03-07,2394.4713397538953,-0.01346116007538548
2011-03-08,2404.2630580632595,0.004089302781285535
2011-03-09,2389.020455836976,-0.0063398229969735265
2011-03-10,2349.565079080209,-0.01651529465156636
2011-03-11,2365.0034107471147,0.006570718897877735
2011-03-14,2356.3416858606292,-0.00366245767220657
2011-03-15,2324.3914430020354,-0.013559257152862589
2011-03-16,2266.1577045324425,-0.025053326815892105
2011-03-17,2289.105588596352,0.010126340288680013
2011-03-18,2284.8554179361,-0.001856694894907886
2011-03-21,2327.799273644082,0.018794999180636648
2011-03-22,2322.9630793757387,-0.002077582170894053
2011-03-23,2335.9041810226045,0.005570945901707356
2011-03-24,2378.73254380333,0.01833481147414884
2011-03-25,2383.1666777564105,0.0018640741955759925
2011-03-28,2369.6476453402674,-0.0056727179606549435
2011-03-29,2392.7769457263744,0.009760649618768772
2011-03-30,2404.1157038783213,0.004738744316388566
2011-03-31,2406.6986568646093,0.001074387968150183
2011-04-01,2410.783962067605,0.0016974726733416856
2011-04-04,2402.2860631491444,-0.0035249524852374124
2011-04-05,2395.463970400788,-0.002839833628894803
2011-04-06,2400.1051114048114,0.0019374705949957935
2011-04-07,2400.7022273387506,0.0002487874098104152
2011-04-08,2388.703518005735,-0.004997999833705577
2011-04-11,2381.9528847096585,-0.0028260657905809367
2011-04-12,2365.3218713914857,-0.006982091637887332
2011-04-13,2384.2272277576503,0.007992720396671957
2011-04-14,2378.731396500266,-0.00230507864074408
2011-04-15,2374.9953013354198,-0.0015706250694563092
2011-04-18,2359.433048226182,-0.006552540588390733
2011-04-19,2374.326115221675,0.006312137997172406
2011-04-20,2426.8503909640817,0.022121761372911917
2011-04-21,2447.004867557253,0.00830478741838084
2011-04-25,2453.782052421482,0.002769583728288349
2011-04-26,2466.496219622521,0.005181457411220435
2011-04-27,2484.615224128036,0.007346049980278427
2011-04-28,2480.8595228559793,-0.0015115826529536998
2011-04-29,2474.910973229116,-0.002397777694407896
2011-05-02,2475.203840204478,0.00011833434759077021
2011-05-03,2463.4688984697523,-0.004741000132642211
2011-05-04,2458.0651838832823,-0.002193538789885623
2011-05-05,2445.444123797654,-0.005134550608494981
2011-05-06,2453.692002928351,0.003372753051453246
2011-05-09,2461.839542645916,0.0033205225871222677
2011-05-10,2482.8661080298803,0.008540997501959618
2011-05-11,2464.097109123955,-0.007559408397103758
2011-05-12,2479.389142090067,0.006205937627007164
2011-05-13,2449.9312127732246,-0.011881123788422312
2011-05-16,2407.4383058724966,-0.017344530605260564
2011-05-17,2413.3083341449965,0.0024382881414578175
2011-05-18,2433.3689830998023,0.008312509707514426
2011-05-19,2440.3312484547246,0.002861163022655501
2011-05-20,2421.5894702286364,-0.007680014030044512
2011-05-23,2386.031012233207,-0.014683933190406452
2011-05-24,2372.4467370455573,-0.0056932517297567185
2011-05-25,2380.1090122767896,0.003229693257845163
2011-05-26,2395.5783949600473,0.0064994429261286514
2011-05-27,2406.0839776026464,0.004385405489005003
2011-05-31,2443.7922119421646,0.0156720358435242
2011-06-01,2392.270988632326,-0.02108248936143921
2011-06-02,2396.659091729254,0.001834283456088186
2011-06-03,2361.2764220326794,-0.01476333026197955
2011-06-06,2343.032257615918,-0.007726399267162608
2011-06-07,2337.386327576951,-0.002409668078881668
2011-06-08,2320.872039301973,-0.00706527974436186
2011-06-09,2324.78555799764,0.0016862276891594155
2011-06-10,2288.1920130875446,-0.015740610906759874
2011-06-13,2289.536448995958,0.0005875537982492736
2011-06-14,2318.4851921239574,0.012643931980508208
2011-06-15,2275.9436474761137,-0.018348853291088645
2011-06-16,2266.6278042379354,-0.004093178338799807
2011-06-17,2259.4856093603926,-0.0031510223532018075
2011-06-20,2271.348437651358,0.005250234054078947
2011-06-21,2320.2899067365797,0.02154731888508877
2011-06-22,2303.7713235356464,-0.007119189353439962
2011-06-23,2323.6982779315545,0.00864971023483593
2011-06-24,2284.5918932483537,-0.016829372838375344
2011-06-27,2320.961777992247,0.01591964186311644
2011-06-28,2355.5343168412487,0.01489578121312661
2011-06-29,2364.519975811461,0.0038147009389621405
2011-06-30,2396.1367751640378,0.01337133950062163
2011-07-01,2433.6082697280904,0.015638295339583403
2011-07-05,2443.8966132683026,0.004227608719197092
2011-07-06,2451.5347141496677,0.003125378070371863
2011-07-07,2486.939368884475,0.014441832918155244
2011-07-08,2479.7674705948752,-0.0028838251464153968
2011-07-11,2434.658148295101,-0.018190948479920543
2011-07-12,2415.9300082149225,-0.007692307888601502
2011-07-13,2424.8776402164667,0.003703597360486272
2011-07-14,2396.706582083307,-0.011617517381472996
2011-07-15,2429.332010117498,0.01361260835101153
2011-07-18,2416.407463570549,-0.005320205922089564
2011-07-19,2472.2819657509276,0.023122963747933826
2011-07-20,2461.6341682047487,-0.00430687020885384
2011-07-21,2478.625004840237,0.006902259017585803
2011-07-22,2504.7093080748778,0.01052369889906836
2011-07-25,2499.323385624569,-0.0021503183754478677
2011-07-26,2504.8308787112715,0.0022035936279316097
2011-07-27,2440.6513811170366,-0.025622287771881382
2011-07-28,2445.4466305241335,0.00196474164405326
2011-07-29,2436.250506286706,-0.0037605090712843304
2011-08-01,2427.3443803332507,-0.003655669205803322
2011-08-02,2364.2807880914434,-0.025980488287018145
2011-08-03,2384.8724897016887,0.00870949919060487
2011-08-04,2276.0425814433975,-0.04563342850749402
2011-08-05,2262.862010683844,-0.005791003589746004
2011-08-08,2124.7045150616264,-0.06105431748375402
2011-08-09,2228.3832985056374,0.04879680101823676
2011-08-10,2137.978351296483,-0.04056974725568082
2011-08-11,2234.9368561433234,0.04535055501756791
2011-08-12,2250.424565437055,0.006929819628308189
2011-08-15,2283.6160081423363,0.014748969245647654
2011-08-16,2263.1823792665273,-0.008947926798092105
2011-08-17,2250.1741614974544,-0.005747754970277234
2011-08-18,2138.2107209893184,-0.04975767761621895
2011-08-19,2102.343122479294,-0.016774585478380316
2011-08-22,2109.1667904378687,0.003245744182104633
2011-08-23,2196.407354445579,0.04136257236896801
2011-08-24,2212.7125040354904,0.007423554449910827
2011-08-25,2174.7587697907325,-0.017152582712638337
2011-08-26,2230.2533207129663,0.025517566220723525
2011-08-29,2294.316687480884,0.028724704127976747
2011-08-30,2308.520647140255,0.006190932462321322
2011-08-31,2311.9855823503804,0.0015009331687883115
2011-09-01,2289.3699872599464,-0.009781892786477835
2011-09-02,2236.5663800195794,-0.02306468920891433
2011-09-06,2236.483502298005,-3.7055784400026124e-05
2011-09-07,2294.456478418367,0.025921486145904737
2011-09-08,2284.735290680772,-0.0042368150492427025
2011-09-09,2232.5339860218455,-0.0228478567612848
2011-09-12,2261.726618927069,0.01307600828834058
2011-09-13,2291.4220292326195,0.013129531242656348
2011-09-14,2324.657882878789,0.01450446631924009
2011-09-15,2359.587223854778,0.015025583434554091
2011-09-16,2379.7816921783037,0.00855847502451499
2011-09-19,2382.6602397590473,0.0012095847237603525
2011-09-20,2369.4194140864474,-0.005557160627290562
2011-09-21,2330.6664332570026,-0.01635547535360524
2011-09-22,2254.6346500413915,-0.032622335882428244
2011-09-23,2277.657610099221,0.010211392811428134
2011-09-26,2306.0752018327976,0.012476674109212913
2011-09-27,2326.004217569623,0.008641962638940279
2011-09-28,2292.2827010177134,-0.014497616254171895
2011-09-29,2268.4172272007386,-0.010411226244642113
2011-09-30,2208.073427866371,-0.026601719741316247
2011-10-03,2152.304156273417,-0.025256982349016792
2011-10-04,2197.9362460572775,0.021201506139759387
2011-10-05,2253.262982799922,0.02517212992046118
2011-10-06,2289.6593115043947,0.016152721179152625
2011-10-07,2273.976708777006,-0.006849317122679124
2011-10-10,2352.438031779616,0.0345040134754978
2011-10-11,2369.2754962673043,0.00715745293190602
2011-10-12,2381.973615083031,0.0053594944259255095
2011-10-13,2402.3533585368277,0.00855582250145389
2011-10-14,2448.916364390055,0.019382246865459894
2011-10-17,2410.264239849388,-0.01578335834686384
2011-10-18,2441.786987273633,0.013078544212320164
2011-10-19,2392.205990007587,-0.02030520988294932
2011-10-20,2381.3849275868565,-0.004523465983251762
2011-10-21,2412.0311366556375,0.012869069890282726
2011-10-24,2462.2257659296033,0.02081010834029389
2011-10-25,2412.134034520553,-0.02034408546209746
2011-10-26,2411.060407595492,-0.0004450942234951191
2011-10-27,2478.266679898703,0.02787415532663257
2011-10-28,2479.8171744876113,0.0006256367006361734
2011-10-31,2437.3879287971536,-0.017109828146594962
2011-11-01,2373.6985959950525,-0.026130158457595833
2011-11-02,2394.343423760164,0.008697324841470557
2011-11-03,2445.3943705511956,0.021321480571429324
2011-11-04,2433.6728737638905,-0.004793295072754771
2011-11-07,2449.002117011783,0.006298810087891784
2011-11-08,2478.966949427799,0.012235527363519913
2011-11-09,2390.273419050614,-0.03577842391067676
2011-11-10,2388.2178541485923,-0.0008599706149257791
2011-11-11,2433.4086610545846,0.01892239722916861
2011-11-14,2418.598172906262,-0.006086313567201735
2011-11-15,2444.3824341068253,0.010660828859214952
2011-11-16,2401.1719148149427,-0.017677479059315607
2011-11-17,2347.2059221120026,-0.02247485586932633
2011-11-18,2328.5067221257204,-0.00796657839439015
2011-11-21,2284.4012142249107,-0.018941542011330467
2011-11-22,2289.8026027417154,0.002364465787870436
2011-11-23,2238.401558483173,-0.022447805848852052
2011-11-25,2222.2994057317233,-0.00719359432646277
2011-11-28,2298.1897136676257,0.03414945247259087
2011-11-29,2284.9727004956844,-0.005751054011484739
2011-11-30,2371.610868165016,0.03791650011859519
2011-12-01,2386.1178851442155,0.006116946575819938
2011-12-02,2378.7605754509013,-0.003083380640629794
2011-12-05,2404.623930483226,0.010872617992427381
2011-12-06,2399.023179354497,-0.0023291588583680307
2011-12-07,2398.0828590287865,-0.0003919596666688897
2011-12-08,2358.906118393894,-0.01633669182338397
2011-12-09,2396.243466888296,0.01582824691633925
2011-12-12,2369.0430870553937,-0.011351258838578704
2011-12-13,2344.414196523991,-0.010396134483993357
2011-12-14,2307.9299335561554,-0.015562208683913321
2011-12-15,2301.4377846343345,-0.002812974877368921
2011-12-16,2313.332438175093,0.005168357632856248
2011-12-19,2289.772964424843,-0.010184214495706268
2011-12-20,2358.724701991797,0.030112914528307323
2011-12-21,2324.7480299206786,-0.014404678953176162
2011-12-22,2343.1254077909534,0.007905105256031438
2011-12-23,2364.666491990294,0.009193312542178103
2011-12-27,2370.5667992162867,0.0024951963610843624
2011-12-28,2343.688252649406,-0.011338447233702514
2011-12-29,2362.326616172234,0.007952577951337424
2011-12-30,2354.882611247943,-0.0031511328168299705
2012-01-03,2400.702511326212,0.01945740303971571
2012-01-04,2408.774363674767,0.0033622876264230135
2012-01-05,2428.757570054657,0.008296005919543483
2012-01-06,2436.2514850073885,0.003085493194185878
2012-01-09,2430.7235947666813,-0.002269014621325223
2012-01-10,2448.0832648739333,0.007141770518304502
2012-01-11,2453.1794804629967,0.0020817166075133577
2012-01-12,2463.312085353602,0.004130396887509
2012-01-13,2453.020913222995,-0.004177778443826213
2012-01-17,2475.2485617352004,0.009061336734793922
2012-01-18,2509.1506366309955,0.013696432519903845
2012-01-19,2525.492090647053,0.006512743307432168
2012-01-20,2520.7135888307203,-0.0018921072190363878
2012-01-23,2521.106411630696,0.00015583793482788172
2012-01-24,2517.7962004631754,-0.0013129993848136406
2012-01-25,2550.6499997746105,0.013048633287075239
2012-01-26,2539.302522393629,-0.004448857107789877
2012-01-27,2546.7512587350416,0.0029333788612125795
2012-01-30,2550.611681209868,0.0015158223488005538
2012-01-31,2553.3953902179583,0.001091388794538021
2012-02-01,2574.3885818967265,0.00822167681479851
2012-02-02,2582.366937957722,0.003099126572072138
2012-02-03,2616.926423571295,0.013382871777666188
2012-02-06,2616.2192885072436,-0.00027021587526571654
2012-02-07,2620.1743722825313,0.0015117554528636527
2012-02-08,2634.3741637018275,0.005419407032413
2012-02-09,2653.2831028152923,0.007177772760606503
2012-02-10,2636.159488059789,-0.006453745828077708
2012-02-13,2659.2971524138748,0.008777035099312196
2012-02-14,2665.313515247434,0.0022623883262156575
2012-02-15,2645.4764529190393,-0.007442675022999438
2012-02-16,2683.0913922435197,0.014218587839999753
2012-02-17,2674.8253986677187,-0.003080772276224731
2012-02-21,2681.298814326734,0.0024201264360057917
2012-02-22,2670.5370309366513,-0.004013645675215453
2012-02-23,2686.285679056046,0.0058971839510013994
2012-02-24,2695.958441839727,0.0036007945316823813
2012-02-27,2698.7971625991986,0.0010529541981864742
2012-02-28,2726.5062263063387,0.010267190173141186
2012-02-29,2715.8472288050366,-0.003909397821453667
2012-03-01,2737.0767267964766,0.007816896976484482
2012-03-02,2735.114681021665,-0.0007168398881926595
2012-03-05,2707.71245818358,-0.010018674181460395
2012-03-06,2680.887475745544,-0.009906880014885674
2012-03-07,2700.524566396147,0.0073248470248240116
2012-03-08,2730.9632662104973,0.011271402672322533
2012-03-09,2741.044305112081,0.003691385756195885
2012-03-12,2741.2465132985235,7.377049180327869e-05
2012-03-13,2793.6977918811476,0.019134097691750483
2012-03-14,2805.1383513827345,0.004095131382798315
2012-03-15,2811.8151859778704,0.0023802157893013797
2012-03-16,2809.802492617175,-0.0007157985954170387
2012-03-19,2831.2222396941465,0.0076232216083700535
2012-03-20,2835.818484232636,0.001623413547000761
2012-03-21,2835.111317796895,-0.00024936942885203504
2012-03-22,2829.6079362206056,-0.0019411518488685134
2012-03-23,2826.621560890854,-0.0010554025140812493
2012-03-26,2878.078169458987,0.018204279370145182
2012-03-27,2882.3966148540276,0.0015004614679566828
2012-03-28,2870.915611349401,-0.0039831449445440325
2012-03-29,2861.7444737824358,-0.0031944991802301146
2012-03-30,2854.790124672641,-0.002430108338989199
2012-04-02,2885.2036195348405,0.010653495890766026
2012-04-03,2883.575206459175,-0.000564401439343769
2012-04-04,2844.497682873066,-0.013551761541913754
2012-04-05,2862.701949920014,0.0063998178506375234
2012-04-09,2839.6466772380218,-0.00805367554335731
2012-04-10,2793.2247236749963,-0.01634779211622825
2012-04-11,2806.776984900274,0.0048518334777758205
2012-04-12,2840.1463789976333,0.011888865512606796
2012-04-13,2797.441868396207,-0.015036024522263394
2012-04-16,2767.7044078566073,-0.010630233598615684
2012-04-17,2823.2074055767857,0.020053802552983533
2012-04-18,2815.564676653412,-0.002707108556132564
2012-04-19,2785.240649235242,-0.010770140593684738
2012-04-20,2774.1342575992376,-0.0039875878010949386
2012-04-23,2750.9726693601606,-0.008349123037441415
2012-04-24,2735.727760613308,-0.005541643112869788
2012-04-25,2809.290896507812,0.026889786678924544
2012-04-26,2825.5441770220245,0.005785545574656273
2012-04-27,2842.316657617211,0.005936017823251301
2012-04-30,2824.2158344884306,-0.006368334464167272
2012-05-01,2827.6448765354753,0.0012141572202700591
2012-05-02,2835.854366057306,0.0029032958098646
2012-05-03,2804.6285671864734,-0.011011072798581559
2012-05-04,2735.561514112529,-0.024626096261734554
2012-05-07,2737.173657666409,0.000589328203940162
2012-05-08,2727.481938466163,-0.003540776148090182
2012-05-09,2718.712773919967,-0.0032151136997546465
2012-05-10,2713.4798307383076,-0.0019247870653558736
2012-05-11,2713.276892029578,-7.478909790690466e-05
2012-05-14,2686.8211843528593,-0.009750463638427007
2012-05-15,2677.002065296082,-0.003654548770852623
2012-05-16,2657.162179902524,-0.007411232755759482
2012-05-17,2602.7577491654065,-0.020474636869591927
2012-05-18,2571.1618934889852,-0.012139376277547402
2012-05-21,2640.7518714302632,0.027065576118525423
2012-05-22,2634.353505421663,-0.0024229334371860204
2012-05-23,2642.5935782509623,0.0031279297984650304
2012-05-24,2626.3386969284074,-0.006151109068127393
2012-05-25,2621.9419218873336,-0.0016741081590946796
2012-05-29,2655.318428900776,0.012729689675741115
2012-05-30,2633.001586072077,-0.008404582511008896
2012-05-31,2620.0642393692706,-0.004913535476484979
2012-06-01,2551.598785494251,-0.026131211916964776
2012-06-04,2571.815184660976,0.007923032132502384
2012-06-05,2581.6026569018572,0.003805667024308939
2012-06-06,2642.7113121118787,0.023670821319713386
2012-06-07,2631.453297187343,-0.004260024495652864
2012-06-08,2656.219567513868,0.009411632101924802
2012-06-11,2612.792326440807,-0.01634926630470822
2012-06-12,2642.978868360762,0.011553364427197276
2012-06-13,2623.5708082067986,-0.007343252110827872
2012-06-14,2636.641898947886,0.004982175705035202
2012-06-15,2669.1564978902506,0.012331822139115321
2012-06-18,2691.454242491558,0.008353854342722863
2012-06-19,2720.9107755700147,0.010944467349067016
2012-06-20,2723.57314989203,0.0009784864486991763
2012-06-21,2654.733980824837,-0.02527531491853705
2012-06-22,2684.4617313801937,0.011198014855756026
2012-06-25,2630.680439959965,-0.02003429245853968
2012-06-26,2647.6700998800834,0.006458275836945384
2012-06-27,2664.0271871430673,0.006177917431527708
2012-06-28,2634.1039197458404,-0.011232343101316851
2012-06-29,2716.276432108405,0.03119562282512131
2012-07-02,2726.144718583453,0.00363301995275491
2012-07-03,2747.8233447370026,0.00795211861122834
2012-07-05,2749.651311596221,0.0006652417677139127
2012-07-06,2713.1811245464855,-0.013263567964391803
2012-07-09,2711.3248062531557,-0.000684185171618477
2012-07-10,2685.6421449739605,-0.009472366136275116
2012-07-11,2670.615523001751,-0.005595169110795686
2012-07-12,2643.995709767623,-0.009967669627040881
2012-07-13,2685.2689568364112,0.015610179288988295
2012-07-16,2677.2501359582284,-0.0029862263360128484
2012-07-17,2692.473195453364,0.005686080389229975
2012-07-18,2728.101056611111,0.013232392143368382
2012-07-19,2759.26326522146,0.011422673853973511
2012-07-20,2720.1002293749557,-0.014193294398590668
2012-07-23,2691.0847895101165,-0.010667048056352924
2012-07-24,2667.8033538602353,-0.008651319995799545
2012-07-25,2648.9056957034363,-0.007083602368763259
2012-07-26,2686.0046585002033,0.014005392059423565
2012-07-27,2750.684039193635,0.024080144644852194
2012-07-30,2745.7846896888186,-0.001781138594984672
2012-07-31,2746.278295506946,0.00017976858126608005
2012-08-01,2738.6552957499725,-0.002775756473568304
2012-08-02,2728.7350955158013,-0.003622288737675789
2012-08-03,2781.26667787945,0.019251257643138554
2012-08-06,2800.273465473536,0.006833860177901988
2012-08-07,2824.3215936676042,0.008587778476128786
2012-08-08,2821.127206292799,-0.0011310282023008608
2012-08-09,2827.0071843422043,0.0020842654795180057
2012-08-10,2830.5589921480196,0.0012563844285532167
2012-08-13,2836.7138322560236,0.0021744256611777096
2012-08-14,2835.8583506558202,-0.0003015748682422573
2012-08-15,2843.9123476444997,0.002840056163883043
2012-08-16,2877.8954358922556,0.011949414782738633
2012-08-17,2890.660553805854,0.0044355739108501826
2012-08-20,2895.0637650990207,0.0015232543604504552
2012-08-21,2882.5225409049895,-0.004331933667651668
2012-08-22,2894.259934008934,0.004071917196616143
2012-08-23,2872.078924431396,-0.007663793191793451
2012-08-24,2888.8183008738874,0.005828313525821813
2012-08-27,2893.710837484237,0.0016936117473602338
2012-08-28,2893.9275872057206,7.490372523606418e-05
2012-08-29,2895.361116399756,0.000495357658696669
2012-08-30,2863.961901669826,-0.010844662709628873
2012-08-31,2883.2728126949455,0.006742726226162524
2012-09-04,2883.338002450966,2.26096385099102e-05
2012-09-05,2878.1249220503673,-0.0018080018354307977
2012-09-06,2943.4773668071725,0.022706604656426238
2012-09-07,2938.7648062249255,-0.0016010181139456071
2012-09-10,2900.7427373404535,-0.012938112231347401
2012-09-11,2897.2146014922914,-0.0012162870573613352
2012-09-12,2904.349709526104,0.002462747505876106
2012-09-13,2945.692173703539,0.014234671548620376
2012-09-14,2970.6089865654717,0.008458729355486198
2012-09-17,2972.087025587872,0.0004975542150059756
2012-09-18,2973.1381669285565,0.0003536711178491083
2012-09-19,2980.130681656411,0.002351896997467275
2012-09-20,2977.7795111301066,-0.0007889488003921981
2012-09-21,2977.7903014286035,3.623605594996719e-06
2012-09-24,2959.6331777086207,-0.0060975159034106045
2012-09-25,2918.6516834407184,-0.013846815401505494
2012-09-26,2894.8916088161945,-0.008140770876953028
2012-09-27,2936.5602816181135,0.014393862856564214
2012-09-28,2913.309442814651,-0.007917712075929432
2012-10-01,2908.4141845830345,-0.0016803083667236004
2012-10-02,2913.7003396741725,0.0018175386157716663
2012-10-03,2934.121019990793,0.0070085039420710905
2012-10-04,2944.352321490035,0.0034870073284417285
2012-10-05,2927.0829610013698,-0.005865249332636264
2012-10-08,2901.2543775774097,-0.008824001153395404
2012-10-09,2854.4795790003386,-0.016122267298784274
2012-10-10,2840.6205037584737,-0.0048552020984219185
2012-10-11,2830.977105762163,-0.0033948209497014106
2012-10-12,2832.0149455439405,0.00036660126274615327
2012-10-15,2852.765327572936,0.0073270736306123175
2012-10-16,2892.9322678128433,0.01408000155206606
2012-10-17,2890.1296110289004,-0.0009687944702769552
2012-10-18,2857.453194086864,-0.01130621160287797
2012-10-19,2788.955078787823,-0.02397173659424743
2012-10-22,2806.071657451767,0.0061372729859039766
2012-10-23,2776.419559997758,-0.010567120542080644
2012-10-24,2765.5842711988057,-0.003902612182634542
2012-10-25,2767.8497064565017,0.0008191524956546621
2012-10-26,2776.426506134605,0.0030987230477495394
2012-10-31,2758.1148431402744,-0.006595407065114166
2012-11-01,2799.4306443473884,0.014979724760145755
2012-11-02,2766.9586223361994,-0.0115995093776503
2012-11-05,2784.485660710576,0.006334405665805888
2012-11-06,2793.0339208423643,0.0030699601913578446
2012-11-07,2721.887295005682,-0.02547288284104501
2012-11-08,2680.157412543369,-0.0153312308481259
2012-11-09,2692.235514015771,0.004506489587467992
2012-11-12,2691.0484657223988,-0.00044091547236216664
2012-11-13,2669.328021027363,-0.00807136882583232
2012-11-14,2638.1456032235888,-0.011681748199598413
2012-11-15,2630.385242338706,-0.002941596883583718
2012-11-16,2640.66153218231,0.003906762278846613
2012-11-19,2705.1181009887514,0.024409250493066054
2012-11-20,2703.965361637577,-0.0004261327262394576
2012-11-21,2710.097031997852,0.002267658619917162
2012-11-23,2750.988904227222,0.015088711491346414
2012-11-26,2763.781659587171,0.0046502388069582555
2012-11-27,2753.1662550957917,-0.003840898377249054
2012-11-28,2778.0929390220135,0.009053824439437717
2012-11-29,2793.546054990453,0.005562490639308485
2012-11-30,2791.3736827808843,-0.0007776396618511399
2012-12-03,2785.283617023127,-0.0021817450652791754
2012-12-04,2781.234394609367,-0.0014537917751039416
2012-12-05,2750.028245874823,-0.011220251265060025
2012-12-06,2769.2884893817527,0.007003652975499848
2012-12-07,2752.9262186117335,-0.005908474625434326
2012-12-10,2760.4585130083906,0.00273610471131906
2012-12-11,2796.497422683152,0.013055407101730214
2012-12-12,2788.7462101647448,-0.0027717574332572948
2012-12-13,2767.377088586242,-0.007662626846650432
2012-12-14,2740.4179557738203,-0.009741763391628694
2012-12-17,2778.336070198844,0.01383661727406723
2012-12-18,2821.2954600918174,0.015462272672398183
2012-12-19,2806.34790533269,-0.005298117467867307
2012-12-20,2809.086656487174,0.0009759129113249406
2012-12-21,2779.036958785196,-0.010697319583425048
2012-12-24,2772.3378409918246,-0.0024105896728699792
2012-12-26,2750.706840714987,-0.007802440221029905
2012-12-27,2746.351955089624,-0.0015831878413590243
2012-12-28,2718.694574372735,-0.010070588609603873
2012-12-31,2775.817110405612,0.02101101630588871
2013-01-02,2865.186288869785,0.03219562921820676
2013-01-03,2850.43192442927,-0.005149530589976092
2013-01-04,2842.39537083585,-0.002819416076750913
2013-01-07,2842.3216094502204,-2.5950431240687522e-05
2013-01-08,2836.6524769032094,-0.001994542956772445
2013-01-09,2846.039009610642,0.003309017507030007
2013-01-10,2863.355862717369,0.006084545239278336
2013-01-11,2867.682870170744,0.0015111664986233275
2013-01-14,2854.7868609876687,-0.004497013709994882
2013-01-15,2841.582760703807,-0.004625249073513455
2013-01-16,2853.9138343903987,0.004339508902263305
2013-01-17,2866.9447061076057,0.004565965363137977
2013-01-18,2862.9341094362435,-0.0013989096695231225
2013-01-22,2866.292059099384,0.0011729049760777822
2013-01-23,2883.040819908727,0.005843354572389639
2013-01-24,2842.7802566432288,-0.013964617839428465
2013-01-25,2856.627538152824,0.004871034782669423
2013-01-28,2862.7862223231677,0.002155928306399397
2013-01-29,2864.0564969607294,0.00044371969784424585
2013-01-30,2859.0424806875512,-0.0017506694712547462
2013-01-31,2851.616722001072,-0.002597288685508961
2013-02-01,2885.541980226767,0.011896850640533627
2013-02-04,2835.349303102779,-0.01739454059858931
2013-02-05,2876.460675622847,0.014499579461013403
2013-02-06,2867.5098664484276,-0.003111743974209243
2013-02-07,2867.73640405524,7.900150910140328e-05
2013-02-08,2898.1491004460877,0.010605122684163385
2013-02-11,2897.4004680856037,-0.0002583139564381889
2013-02-12,2884.91930719864,-0.00430770997121087
2013-02-13,2896.633254717867,0.0040604073361767395
2013-02-14,2894.260235402046,-0.0008192336092103251
2013-02-15,2887.2712034582505,-0.002414790438781852
2013-02-19,2906.5494594116694,0.00667698134152702
2013-02-20,2861.8448934639114,-0.015380631422940494
2013-02-21,2832.1680914821145,-0.010369814957328704
2013-02-22,2859.1538758278143,0.009528313106436212
2013-02-25,2821.4363687841546,-0.013191842300806306
2013-02-26,2834.0926093122603,0.004485743739654026
2013-02-27,2863.6619671760413,0.010433447999060527
2013-02-28,2860.9321268511844,-0.0009532690506586423
2013-03-01,2870.581576625588,0.0033728342185536477
2013-03-04,2883.0981582941185,0.004360294711862705
2013-03-05,2924.667068348712,0.014418139020000801
2013-03-06,2917.748644651898,-0.0023655423113578804
2013-03-07,2925.0604571389676,0.0025059775112813857
2013-03-08,2929.959009530498,0.001674684152108651
2013-03-11,2938.271159566503,0.0028369509638078707
2013-03-12,2926.796036639777,-0.003905399571229131
2013-03-13,2924.6415906904276,-0.0007361107239378744
2013-03-14,2933.7208685207593,0.0031044070012654955
2013-03-15,2925.5470934799323,-0.002786146128806179
2013-03-18,2918.330733628491,-0.002466670205898944
2013-03-19,2913.1448633838227,-0.0017769988113104315
2013-03-20,2932.6976903356135,0.00671193087496471
2013-03-21,2900.305724549741,-0.011045109045032768
2013-03-22,2927.510140428198,0.009379844217174778
2013-03-25,2915.850397891965,-0.003982818838170784
2013-03-26,2933.744095890391,0.006136699609610346
2013-03-27,2937.4534109789606,0.0012643621827020998
2013-03-28,2946.6301615773928,0.003124049751438794
2013-04-01,2924.3162284917776,-0.007572695541020984
2013-04-02,2949.008886502724,0.008443908278579673
2013-04-03,2922.336444261137,-0.009044544546360762
2013-04-04,2922.2822359887846,-1.854963430323164e-05
2013-04-05,2898.127653543047,-0.008265656940409916
2013-04-08,2913.375308173282,0.005261208770978267
2013-04-09,2932.8330867464197,0.006678775137054877
2013-04-10,2989.936876740352,0.019470521609970363
2013-04-11,2989.8633810646506,-2.4581012486736346e-05
2013-04-12,2987.2278003004226,-0.0008815054162406322
2013-04-15,2925.735291728447,-0.020585142038980514
2013-04-16,2968.6237494866004,0.01465903558650918
2013-04-17,2909.677375243515,-0.01985646522341535
2013-04-18,2867.880881887732,-0.014364648710335187
2013-04-19,2908.2294786874845,0.014069132736501224
2013-04-22,2939.412875349746,0.010722467704417536
2013-04-23,2965.9490658685418,0.009027717998152437
2013-04-24,2964.7138192395455,-0.00041647600871206155
2013-04-25,2979.996100253137,0.0051547238436361175
2013-04-26,2971.584855519358,-0.0028225690406322073
2013-04-29,2999.420063626539,0.00936712544334084
2013-04-30,3020.929959480523,0.007171351593873291
2013-05-01,3006.2622222048863,-0.004855371515517991
2013-05-02,3045.873573291477,0.013176279432317427
2013-05-03,3080.9459776414906,0.011514727550596711
2013-05-06,3092.440080443469,0.003730705726550198
2013-05-07,3089.9204539494167,-0.0008147697056400208
2013-05-08,3106.0686407350513,0.005226084951473315
2013-05-09,3098.693764350004,-0.002374344304027367
2013-05-10,3119.593876408366,0.006744813669170749
2013-05-13,3120.9418162041147,0.00043208822979875485
2013-05-14,3135.627920191747,0.004705664140030147
2013-05-15,3142.5804566172046,0.00221727086325753
2013-05-16,3139.224194012775,-0.001067995760414815
2013-05-17,3170.302166668958,0.009899889506284952
2013-05-20,3162.1712343093996,-0.0025647184186552807
2013-05-21,3167.984476495673,0.0018383704598917555
2013-05-22,3139.464080491393,-0.00900269436794354
2013-05-23,3131.5012723470263,-0.002536359053714715
2013-05-24,3131.1274981111733,-0.00011935943924196769
2013-05-28,3153.332839875272,0.0070918037599855075
2013-05-29,3135.486046213661,-0.0056596606092227456
2013-05-30,3153.3714565436994,0.005704190695294527
2013-05-31,3121.965202272169,-0.009959579676653051
2013-06-03,3131.6481753871567,0.0031015634344484853
2013-06-04,3113.8191720560944,-0.005693169325720342
2013-06-05,3075.6227526759412,-0.012266742951207263
2013-06-06,3089.478226086567,0.004504932667236457
2013-06-07,3132.0374183911654,0.013775527513106298
2013-06-10,3131.868593282632,-5.39026473765203e-05
2013-06-11,3099.8459480662586,-0.010224772931104725
2013-06-12,3064.6274605464646,-0.011361367019468748
2013-06-13,3103.201953135948,0.012587008726536909
2013-06-14,3083.3360207422243,-0.006401752993757954
2013-06-17,3112.259743039151,0.009380658514787577
2013-06-18,3138.3439269648534,0.00838110764502931
2013-06-19,3100.0931629728884,-0.012188200172489701
2013-06-20,3027.7127839923924,-0.0233478076868779
2013-06-21,3014.8076905693697,-0.004262324184530432
2013-06-24,2983.873865156978,-0.010260629727446874
2013-06-25,3003.1183422179497,0.0064494941578099
2013-06-26,3031.845079024523,0.009565635960039058
2013-06-27,3045.5284426233143,0.004513213321306651
2013-06-28,3048.4943860031444,0.0009738682254023374
2013-07-01,3067.314709950801,0.006173645598321663
2013-07-02,3069.7785151219146,0.0008032449892149153
2013-07-03,3082.1969024146647,0.004045369146854168
2013-07-05,3105.201120600847,0.007463578387273293
2013-07-08,3108.4776993020905,0.0010551904929782632
2013-07-09,3127.616452297001,0.0061569536108325275
2013-07-10,3144.8173035198392,0.005499667713477315
2013-07-11,3206.518847045838,0.01962007251007524
2013-07-12,3227.1496258763655,0.006434011404465813
2013-07-15,3228.2032060930287,0.00032647392863812774
2013-07-16,3225.7872790333367,-0.0007483813457380529
2013-07-17,3234.052334644813,0.002562182467888381
2013-07-18,3226.3114708375806,-0.002393549332615368
2013-07-19,3191.9133398997324,-0.010661751430006205
2013-07-22,3202.94402700154,0.0034558228645875854
2013-07-23,3178.0399951623035,-0.007775356556121415
2013-07-24,3188.349614282809,0.0032440180539575402
2013-07-25,3209.930024541412,0.0067685206672220425
2013-07-26,3225.273355670798,0.004779958133691099
2013-07-29,3217.876570597054,-0.002293382376640677
2013-07-30,3235.12990419503,0.005361713918932195
2013-07-31,3240.304752419869,0.0015995797319076736
2013-08-01,3278.2479083582425,0.011709749186411286
2013-08-02,3296.3847893030534,0.005532492188455018
2013-08-05,3296.2798746898584,-3.1827174283617356e-05
2013-08-06,3274.347926402704,-0.006653545548591383
2013-08-07,3270.7467208592316,-0.0010998237280876882
2013-08-08,3282.81376125154,0.0036893839303883524
2013-08-09,3270.7803749303157,-0.00366557081710194
2013-08-12,3278.7283716939637,0.0024300001383668664
2013-08-13,3294.688426880683,0.004867757672305616
2013-08-14,3282.5909210414948,-0.003671820904364495
2013-08-15,3226.846619741667,-0.016981799633486238
2013-08-16,3224.491711237585,-0.0007297863151209589
2013-08-19,3220.3742888540214,-0.001276921373131233
2013-08-20,3233.4716956081284,0.004067044877186371
2013-08-21,3222.325283210779,-0.003447196526411097
2013-08-22,3254.244495565511,0.00990564562834166
2013-08-23,3277.8770463142605,0.007262069823257926
2013-08-26,3276.43816008142,-0.0004389689462142997
2013-08-27,3210.3213403192995,-0.020179480439355357
2013-08-28,3223.609911543587,0.00413932744283019
2013-08-29,3245.923057002226,0.006921788327656151
2013-08-30,3225.488007382971,-0.0062956050591439746
2013-09-03,3244.638350656446,0.005937192520834413
2013-09-04,3279.1183401516305,0.010626758907724949
2013-09-05,3284.8654474321793,0.0017526379606914045
2013-09-06,3288.5558169166543,0.0011234461634828659
2013-09-09,3327.1564594646898,0.011737870572082035
2013-09-10,3343.1285215097228,0.004800514264845587
2013-09-11,3337.741493584335,-0.0016113732663065817
2013-09-12,3333.3198791608834,-0.001324732437173711
2013-09-13,3336.2352827959635,0.0008746246207292338
2013-09-16,3326.423188825762,-0.0029410677420743567
2013-09-17,3349.7463987291308,0.007011498110558331
2013-09-18,3392.3241472207187,0.012710737895782608
2013-09-19,3399.020789207686,0.001974057223409554
2013-09-20,3385.5815380643985,-0.003953859648625501
2013-09-23,3380.1703391204164,-0.0015983070805247865
2013-09-24,3379.5387885782247,-0.00018683985682090901
2013-09-25,3369.005864051862,-0.0031166751398032486
2013-09-26,3395.8527377493588,0.007968782121741007
2013-09-27,3392.0084126714432,-0.0011320647197626348
2013-09-30,3379.550815928396,-0.003672631440567785
2013-10-01,3416.2304950251023,0.010853418425853755
2013-10-02,3416.5238273535047,8.586432584967877e-05
2013-10-03,3375.208726849833,-0.012092730093931381
2013-10-04,3405.4741720555344,0.008966984757102288
2013-10-07,3377.492854718958,-0.008216570122946229
2013-10-08,3312.6446326741498,-0.019200106361203256
2013-10-09,3300.8250228749116,-0.0035680283006079144
2013-10-10,3372.6456772276297,0.021758394902788317
2013-10-11,3396.876462422112,0.007184503654828106
2013-10-14,3420.4337437872373,0.006934983248795426
2013-10-15,3408.583519406904,-0.003464538496574519
2013-10-16,3447.546415611234,0.01143081751774408
2013-10-17,3468.231692847124,0.005999999635167416
2013-10-18,3523.576337702093,0.015957597345388295
2013-10-21,3531.5034479798865,0.002249734223996628
2013-10-22,3537.630932422854,0.0017350923008366192
2013-10-23,3515.778591463563,-0.006177111568934957
2013-10-24,3533.012151668481,0.004901776308315197
2013-10-25,3555.647406049768,0.006406786450082656
2013-10-28,3554.6991116745535,-0.00026670090335752987
2013-10-29,3564.317023766558,0.0027056895084079887
2013-10-30,3557.709838706963,-0.0018537029718565376
2013-10-31,3549.7571717155324,-0.0022353332205194932
2013-11-01,3551.977114967425,0.0006253789046701284
2013-11-04,3557.481212108467,0.001549586881584459
2013-11-05,3561.8456571926235,0.0012268357368414614
2013-11-06,3558.3168688809274,-0.0009907190404418622
2013-11-07,3491.165825421476,-0.018871574942276037
2013-11-08,3539.0028600867727,0.013702309502735207
2013-11-11,3535.2043600469988,-0.0010733249420659529
2013-11-12,3537.6557875379312,0.0006934330356222714
2013-11-13,3580.1384543487507,0.012008705584209878
2013-11-14,3590.2968482552187,0.0028374304614194753
2013-11-15,3598.205977700554,0.0022029179701893286
2013-11-18,3563.0293968724723,-0.00977614429137293
2013-11-19,3551.82433060851,-0.003144814430607204
2013-11-20,3540.387403105444,-0.0032200149665359665
2013-11-21,3577.863044250952,0.010585180907783157
2013-11-22,3598.2331105922626,0.0056933611179001255
2013-11-25,3604.247995369777,0.001671621763417255
2013-11-26,3623.548076125212,0.005354814868518674
2013-11-27,3649.631888867185,0.007198417736978101
2013-11-29,3668.0449902513933,0.0050451941305028536
2013-12-02,3661.2986535107557,-0.0018392186460546313
2013-12-03,3659.4842619587957,-0.0004955595606002348
2013-12-04,3663.4335089808915,0.0010791813106422296
2013-12-05,3657.9693270940093,-0.0014915466251773908
2013-12-06,3685.963484205777,0.007652922867455443
2013-12-09,3698.76067430045,0.0034718710995125753
2013-12-10,3696.7785634193688,-0.000535885139812651
2013-12-11,3649.30984033664,-0.012840564363915336
2013-12-12,3640.24659314394,-0.002483551024503665
2013-12-13,3636.2430511364273,-0.001099799671553345
2013-12-16,3656.9079433021834,0.005683033800311635
2013-12-17,3650.189970231259,-0.0018370637640000612
2013-12-18,3692.690501531466,0.01164337517959777
2013-12-19,3681.2067881172693,-0.0031098499615480673
2013-12-20,3715.555699923567,0.009330883534490334
2013-12-23,3756.0324640311946,0.010893865514776413
2013-12-24,3759.701824562322,0.0009769246049564626
2013-12-26,3772.2814147465697,0.003345901023869776
2013-12-27,3761.2604370772824,-0.0029215682653484327
2013-12-30,3757.3891619781853,-0.0010292494135570453
2013-12-31,3780.550843484774,0.006164301994844233
2014-01-02,3750.804579703317,-0.007868235347957364
2014-01-03,3724.742690989008,-0.006948346190931168
2014-01-06,3712.6019791260505,-0.0032594766592410683
2014-01-07,3745.20026737493,0.008780442512330037
2014-01-08,3755.483638787604,0.0027457467367644267
2014-01-09,3739.8188632420897,-0.004171173955792118
2014-01-10,3753.0606694553085,0.0035407613837583752
2014-01-13,3698.2738943260024,-0.01459789221506444
2014-01-14,3769.788408028843,0.019337268073238198
2014-01-15,3800.6039512366556,0.008174342926563629
2014-01-16,3802.2149194423937,0.00042387163366853093
2014-01-17,3781.1998046644503,-0.005527071778737121
2014-01-21,3809.384454676039,0.007453890687506207
2014-01-22,3820.0199031186344,0.0027919073459599843
2014-01-23,3805.404677859019,-0.003825955264705185
2014-01-24,3729.3759784551103,-0.01997913647562018
2014-01-27,3695.442072367831,-0.009099084212296672
2014-01-28,3692.0487632442305,-0.0009182417305288815
2014-01-29,3652.2163141353085,-0.010788711542888942
2014-01-30,3720.321843174045,0.018647725978098505
2014-01-31,3709.3563724719857,-0.0029474521733056556
2014-02-03,3623.8501565959414,-0.02305149661828295
2014-02-04,3655.2133403159996,0.008654657992128362
2014-02-05,3639.168205003531,-0.004389657680304226
2014-02-06,3684.2370464573046,0.012384379867852197
2014-02-07,3752.060481803772,0.018409085650904246
2014-02-10,3773.5886416992707,0.005737689997243745
2014-02-11,3815.3997031934846,0.011079920326288047
2014-02-12,3821.4259855178598,0.0015794629116659166
2014-02-13,3855.4335095216334,0.008899171181818736
2014-02-14,3860.07029121638,0.001202661564074594
2014-02-18,3876.795596561474,0.004332901756517942
2014-02-19,3848.865334939943,-0.00720447104466999
2014-02-20,3869.065190370115,0.005248262454598949
2014-02-21,3859.3201513840213,-0.002518706329980828
2014-02-24,3884.033708119257,0.0064036036829888884
2014-02-25,3877.0911876124765,-0.0017874511470555563
2014-02-26,3874.50056588087,-0.0006681869489899306
2014-02-27,3899.035335721828,0.006332369662560555
2014-02-28,3895.2226161536328,-0.0009778622761542088
2014-03-03,3866.2580239803224,-0.007435927295449892
2014-03-04,3920.6851964702205,0.014077480642087262
2014-03-05,3928.424007261246,0.001973841408637554
2014-03-06,3921.9132035149596,-0.0016573576921054668
2014-03-07,3903.523368137886,-0.004688996013627251
2014-03-10,3906.882117499989,0.000860440439403717
2014-03-11,3891.3258575626,-0.003981758207576379
2014-03-12,3907.814496730779,0.0042372804981454845
2014-03-13,3849.321844794168,-0.014968123995022056
2014-03-14,3824.5075745582144,-0.006446400492469229
2014-03-17,3861.279747494167,0.009614877789907456
2014-03-18,3907.8693500582076,0.012065844903953233
2014-03-19,3882.7689752900765,-0.0064230332489895745
2014-03-20,3894.7056765328975,0.003074275425292129
2014-03-21,3851.6695417880837,-0.011049906801462084
2014-03-24,3814.3062209856207,-0.009700552032591469
2014-03-25,3827.4026074014423,0.003433491087780843
2014-03-26,3778.096669992864,-0.01288234932829643
2014-03-27,3757.3439281972937,-0.005492909157247564
2014-03-28,3766.232440053725,0.002365637010156775
2014-03-31,3792.066073593331,0.006859277527554221
2014-04-01,3858.231439108597,0.017448368311939383
2014-04-02,3866.3216459164973,0.002096869235446806
2014-04-03,3836.444953957116,-0.007727420193024125
2014-04-04,3732.961539201802,-0.026973778067263848
2014-04-07,3699.8501028862543,-0.008870018072200121
2014-04-08,3732.0814304832775,0.008711522548407983
2014-04-09,3797.782593896475,0.017604429227228748
2014-04-10,3679.010805119245,-0.03127398313113324
2014-04-11,3635.9391551053227,-0.011707399704830852
2014-04-14,3665.485189212801,0.008126107959202834
2014-04-15,3679.5126837278667,0.0038269134346382377
2014-04-16,3727.320345751999,0.012992933068434699
2014-04-17,3728.9222251076917,0.0004297670194940304
2014-04-21,3756.0712810034174,0.007280670997352855
2014-04-22,3786.5940108763257,0.008126238185968162
2014-04-23,3753.1676136449587,-0.008827563011866506
2014-04-24,3789.115039362713,0.00957788977690862
2014-04-25,3728.0736460758576,-0.016109670108385436
2014-04-28,3740.899647444846,0.0034403830467481323
2014-04-29,3771.5533984842286,0.008194219019032084
2014-04-30,3780.1109791627323,0.0022689803840357493
2014-05-01,3793.217286723024,0.003467175337586019
2014-05-02,3786.2096822415033,-0.0018474039191080432
2014-05-05,3804.8775778315176,0.004930497029145652
2014-05-06,3753.6897989651548,-0.013453199956971014
2014-05-07,3743.176462991373,-0.0028008004222086985
2014-05-08,3736.873964926558,-0.0016837298821273607
2014-05-09,3753.084763006241,0.004338063908987431
2014-05-12,3813.5304872124075,0.016105611256631798
2014-05-13,3811.926186051201,-0.0004206865964716826
2014-05-14,3793.136565535693,-0.004929166935147906
2014-05-15,3763.5786979472227,-0.007792460692565663
2014-05-16,3786.9182311378268,0.006201420260810178
2014-05-19,3817.172636917643,0.007989189080199941
2014-05-20,3801.0938912495267,-0.004212213383437586
2014-05-21,3838.446872371602,0.009826903041796719
2014-05-22,3854.632877809962,0.004216811115679067
2014-05-23,3882.665842948076,0.007272538274524717
2014-05-27,3931.2939813255784,0.012524420165032638
2014-05-28,3919.977170354218,-0.002878647851093691
2014-05-29,3944.836851153526,0.006341792239841378
2014-05-30,3946.085969530518,0.0003166463973350301
2014-06-02,3942.27251737232,-0.0009663885145035755
2014-06-03,3939.3079569005267,-0.0007519927804913222
2014-06-04,3953.6737804003337,0.0036467886382535427
2014-06-05,3988.99362482485,0.008933424047175785
2014-06-06,4007.6913608636264,0.004687331642350492
2014-06-09,4009.193887133989,0.00037491067426872923
2014-06-10,4014.690782090619,0.0013710723680065895
2014-06-11,4011.600537064504,-0.0007697342569695868
2014-06-12,3975.723160032139,-0.008943407176482801
2014-06-13,3988.2335427111434,0.0031466936140754818
2014-06-16,3993.1152184822495,0.0012240195361747372
2014-06-17,3994.6722277780013,0.0003899234583927531
2014-06-18,4019.3649610054736,0.0061814166017839
2014-06-19,4015.4290986668643,-0.000979224921547036
2014-06-20,4017.462111983673,0.0005063003895357914
2014-06-23,4020.5504119080256,0.0007687191162650278
2014-06-24,4014.5326999354447,-0.0014967383457642855
2014-06-25,4043.994898622977,0.007338886214080696
2014-06-26,4043.6408658991404,-8.75452943715128e-05
2014-06-27,4062.253384723178,0.004602910951118633
2014-06-30,4067.8493805338258,0.0013775595170139225
2014-07-01,4115.333858473514,0.01167311606150396
2014-07-02,4120.645530860907,0.0012907026671618157
2014-07-03,4145.8247801952175,0.00611051087644757
2014-07-07,4133.194191347615,-0.0030465804797008963
2014-07-08,4083.9925181815215,-0.011904031334673701
2014-07-09,4114.564570191657,0.00748582468602283
2014-07-10,4101.053087446394,-0.0032838183761043638
2014-07-11,4127.081933522928,0.006346868846006804
2014-07-14,4153.654478661879,0.00643857950168393
2014-07-15,4137.880263393019,-0.003797671508281475
2014-07-16,4156.872650840281,0.00458988328282095
2014-07-17,4099.543135968374,-0.013791501373109647
2014-07-18,4165.049036087921,0.01597882933461875
2014-07-21,4159.24772143968,-0.0013928562660309306
2014-07-22,4188.392401824486,0.007007199940165515
2014-07-23,4214.461794022038,0.006224200050166318
2014-07-24,4211.383523459882,-0.0007304065649669182
2014-07-25,4192.414058393389,-0.004504330930874034
2014-07-28,4194.8923802283225,0.0005911443384205011
2014-07-29,4186.304357418805,-0.0020472570047316615
2014-07-30,4204.415467026203,0.0043262763671978646
2014-07-31,4116.139350291533,-0.020996049849732915
2014-08-01,4102.663561070015,-0.0032738904285550706
2014-08-04,4133.709291266343,0.007567213283321524
2014-08-05,4098.024199340271,-0.008632704772313704
2014-08-06,4097.40656922016,-0.0001507141222372451
2014-08-07,4080.2269800968347,-0.004192795816841623
2014-08-08,4112.204711809368,0.0078372433368337
2014-08-11,4136.137919988596,0.0058200429833896745
2014-08-12,4130.687300788447,-0.001317804025298139
2014-08-13,4177.29814690984,0.01128404130530454
2014-08-14,4198.450811651813,0.005063719178776013
2014-08-15,4218.007160878698,0.004657991746053441
2014-08-18,4253.184956028976,0.008339908826268875
2014-08-19,4274.045420794067,0.004904669084639878
2014-08-20,4274.743271329607,0.00016327634988274234
2014-08-21,4281.534778380873,0.0015887520302837392
2014-08-22,4287.681238132282,0.0014355739400843397
2014-08-25,4303.55056580247,0.0037011444621992723
2014-08-26,4308.079250700056,0.0010523136253054934
2014-08-27,4309.7725282509555,0.00039304698274146517
2014-08-28,4302.556799259384,-0.0016742714248306327
2014-08-29,4319.888875929649,0.004028320247451031
2014-09-02,4334.292593899896,0.0033342797428205133
2014-09-03,4308.091863708749,-0.006044984186813277
2014-09-04,4303.0761222856145,-0.0011642605547451052
2014-09-05,4328.347932971643,0.005872963890911847
2014-09-08,4334.499056707973,0.0014211250647097004
2014-09-09,4299.055288488886,-0.0081771313721328
2014-09-10,4334.172834513735,0.008168665827322478
2014-09-11,4331.813497468306,-0.0005443569362626296
2014-09-12,4307.121026090917,-0.005700261886117613
2014-09-15,4265.76792062158,-0.00960110134329547
2014-09-16,4305.4305154706235,0.009297879206533318
2014-09-17,4312.194959496333,0.0015711423053752869
2014-09-18,4343.529316018619,0.0072664517297119
2014-09-19,4340.460486236033,-0.0007065290825294626
2014-09-22,4299.611260694547,-0.009411265387859708
2014-09-23,4289.479665504941,-0.0023563979567698596
2014-09-24,4334.824565058396,0.010571188836284315
2014-09-25,4243.350027385069,-0.02110224676926339
2014-09-26,4292.041628460419,0.011474801927984125
2014-09-29,4285.402880468527,-0.001546757596168381
2014-09-30,4287.891008065453,0.0005806052934406346
2014-10-01,4219.476308758257,-0.015955326098193518
2014-10-02,4220.7665134118615,0.0003057736456362116
2014-10-03,4264.742334527973,0.010418918216957581
2014-10-06,4253.335391777174,-0.0026747085418143152
2014-10-07,4192.345146265751,-0.014339392475216603
2014-10-08,4279.8415868507545,0.02087052414158667
2014-10-09,4203.895113783078,-0.01774515984447001
2014-10-10,4099.699118908782,-0.02478558385833044
2014-10-13,4033.406293253576,-0.0161701685251602
2014-10-14,4036.090824153323,0.0006655741337630466
2014-10-15,4010.2507766980284,-0.006402246277675115
2014-10-16,3988.424096174846,-0.005442722098580085
2014-10-17,4041.6770471369277,0.013351877753710946
2014-10-20,4099.793775895868,0.014379359874908713
2014-10-21,4207.2081482059675,0.02619994521227552
2014-10-22,4184.207046059925,-0.005467070165247274
2014-10-23,4250.703273984575,0.01589219347720049
2014-10-24,4282.315529027234,0.007436947019128413
2014-10-27,4286.838423116766,0.001056179550262845
2014-10-28,4351.151052599862,0.015002345116692756
2014-10-29,4334.210161018829,-0.0038934275956497696
2014-10-30,4344.997371868051,0.002488852743284214
2014-10-31,4406.094394686353,0.014061463699351637
2014-11-03,4418.11765056027,0.0027287785500958897
2014-11-04,4404.386825445161,-0.0031078450600715173
2014-11-05,4401.347833341905,-0.0006899920973559326
2014-11-06,4412.901196238922,0.002624960201849082
2014-11-07,4409.20520640173,-0.0008375419418731138
2014-11-10,4425.872316531044,0.003780071316507291
2014-11-11,4437.851430763003,0.002706610895035459
2014-11-12,4446.683255514743,0.001990112758286305
2014-11-13,4465.955434904048,0.004334057157186543
2014-11-14,4478.2436036143445,0.002751520674446918
2014-11-17,4466.670395796027,-0.002584318505803667
2014-11-18,4496.87387634624,0.006761967612080627
2014-11-19,4476.271168022069,-0.004581562412177393
2014-11-20,4496.967462007026,0.00462355679718608
2014-11-21,4506.851823744849,0.0021980060610468925
2014-11-24,4542.135382347491,0.007828870347311308
2014-11-25,4546.381470535239,0.000934822023194069
2014-11-26,4578.033915006639,0.006962118044105422
2014-11-28,4599.218924974989,0.004627534518454751
2014-12-01,4546.543417001456,-0.011453142116695233
2014-12-02,4565.8895133644355,0.0042551218780043105
2014-12-03,4573.381583018963,0.0016408784383849825
2014-12-04,4572.422685952044,-0.00020966915826125764
2014-12-05,4572.142407803158,-6.129751515472886e-05
2014-12-08,4537.208524084214,-0.007640593971728279
2014-12-09,4554.627288336196,0.0038390927283856757
2014-12-10,4480.7033547841465,-0.016230512152192768
2014-12-11,4503.721364461248,0.00513714206331574
2014-12-12,4453.762049588198,-0.011092896480514487
2014-12-15,4409.651181672176,-0.009904181549191838
2014-12-16,4337.824825659817,-0.016288443927467606
2014-12-17,4418.003683207742,0.018483655004609197
2014-12-18,4527.005819673341,0.024672260206550008
2014-12-19,4541.967287046938,0.003304936633520003
2014-12-22,4554.882179601651,0.002843457853944701
2014-12-23,4539.739038957127,-0.003324595466451368
2014-12-24,4543.871052597635,0.0009101874810533066
2014-12-26,4576.94951219965,0.0072797971639411855
2014-12-29,4575.715875005801,-0.00026953262004773566
2014-12-30,4543.6796943307445,-0.007001348324542769
2014-12-31,4494.899112610447,-0.01073592000359566
2015-01-02,4488.703424756578,-0.0013783819611183723
2015-01-05,4415.5299059498475,-0.016301704942936562
2015-01-06,4362.444219507162,-0.012022495051194746
2015-01-07,4414.733756864637,0.011986293629533686
2015-01-08,4500.327437181076,0.019388186248682868
2015-01-09,4471.500301247702,-0.0064055641141149205
2015-01-12,4425.87406982355,-0.010203785832558538
2015-01-13,4421.984267520181,-0.0008788777633531539
2015-01-14,4400.485721508488,-0.004861741858649734
2015-01-15,4340.9553365343945,-0.01352813956039513
2015-01-16,4396.780215971202,0.012860044646618007
2015-01-20,4428.080601190167,0.0071189333288179165
2015-01-21,4450.358040974725,0.005030947218659649
2015-01-22,4533.562305408381,0.018696083251637175
2015-01-23,4541.936093891026,0.0018470659314984057
2015-01-26,4539.710318338159,-0.0004900499493730994
2015-01-27,4422.799571243619,-0.025752909083709294
2015-01-28,4396.239407912426,-0.00600528305733822
2015-01-29,4439.852004157953,0.009920432487601126
2015-01-30,4405.008712168834,-0.007847849873484214
2015-02-02,4447.985682942633,0.009756387235983183
2015-02-03,4491.169641566687,0.009708655041237642
2015-02-04,4482.840296413071,-0.0018546048843325871
2015-02-05,4520.101434474662,0.008311948585677884
2015-02-06,4491.010118499726,-0.006435987421224138
2015-02-09,4477.978680265226,-0.002901671982616845
2015-02-10,4547.192848209526,0.01545656486694129
2015-02-11,4564.439826502923,0.003792884724514739
2015-02-12,4618.396248266864,0.011821039123059292
2015-02-13,4656.815444140228,0.008318730963758406
2015-02-17,4658.676464720262,0.00039963374163250876
2015-02-18,4664.711064736517,0.0012953464491373492
2015-02-19,4687.08500628052,0.004796426023712771
2015-02-20,4720.338871878736,0.007094786109843888
2015-02-23,4727.537724769085,0.0015250712047890427
2015-02-24,4729.293118910724,0.00037131256138727965
2015-02-25,4718.319650043105,-0.002320319039591762
2015-02-26,4741.4745187249855,0.0049074395969905555
2015-02-27,4718.64251648482,-0.004815380141767719
2015-03-02,4764.03218329798,0.009619221344823006
2015-03-03,4738.361102734313,-0.005388519551497954
2015-03-04,4724.219054454799,-0.002984586436722341
2015-03-05,4731.458424105245,0.0015323949984113131
2015-03-06,4675.432224603191,-0.011841211415199147
2015-03-09,4690.409675004407,0.0032034365341457047
2015-03-10,4601.342952806776,-0.018989113610326045
2015-03-11,4576.268399928792,-0.00544939882446467
2015-03-12,4609.174785189348,0.0071906589353605815
2015-03-13,4586.61834092429,-0.004893814037501596
2015-03-16,4646.034524607344,0.012954246302316076
2015-03-17,4651.636975680755,0.0012058565307119546
2015-03-18,4701.580698848395,0.010736805866139204
2015-03-19,4706.291816907409,0.0010020285433298862
2015-03-20,4740.132972644614,0.007190619930457575
2015-03-23,4726.670349149769,-0.002840136251986414
2015-03-24,4711.3193634720865,-0.0032477377400443805
2015-03-25,4603.304000203232,-0.022926775906197613
2015-03-26,4588.502027093167,-0.0032155106656894684
2015-03-27,4607.332113523753,0.004103754628286529
2015-03-30,4660.805301598359,0.011606106691906946
2015-03-31,4608.676653770078,-0.01118447230790862
2015-04-01,4584.939561594147,-0.005150522364486802
2015-04-02,4590.106658049901,0.0011269715524794297
2015-04-06,4627.760279664594,0.008203212783445542
2015-04-07,4620.537992678607,-0.0015606441452301171
2015-04-08,4654.563304195545,0.007363928523226596
2015-04-09,4684.452658005543,0.006421516231835482
2015-04-10,4703.791672066311,0.004128340165359165
2015-04-13,4690.521101223837,-0.0028212496997437084
2015-04-14,4678.331152864429,-0.002598847355409453
2015-04-15,4707.055398723841,0.00613984878813567
2015-04-16,4701.110072630961,-0.001263066947223732
2015-04-17,4629.916610899062,-0.015143968261108172
2015-04-20,4700.059100282406,0.015149838599300934
2015-04-21,4719.946458294542,0.004231299561944003
2015-04-22,4746.484903577397,0.005622615747307374
2015-04-23,4763.905848286105,0.0036702833913109566
2015-04-24,4827.561410793654,0.013362053015898892
2015-04-27,4815.433987559125,-0.002512122001682758
2015-04-28,4805.158374112733,-0.002133891456707521
2015-04-29,4776.4183381421835,-0.0059810798589664226
2015-04-30,4697.892224215811,-0.016440376107616034
2015-05-01,4766.985070788937,0.014707201288479726
2015-05-04,4771.123736014527,0.0008681934522830313
2015-05-05,4693.311343642715,-0.016309028370916225
2015-05-06,4661.881116355125,-0.006696812758898448
2015-05-07,4685.202915689688,0.005002658530425325
2015-05-08,4746.100753448502,0.012997908277329951
2015-05-11,4725.159584856995,-0.004412289093587207
2015-05-12,4706.127408493396,-0.004027837795064619
2015-05-13,4712.537685570553,0.0013621129478109532
2015-05-14,4785.560614288937,0.015495457774687985
2015-05-15,4784.882763107683,-0.00014164509362404686
2015-05-18,4805.111101167232,0.004227551449225479
2015-05-19,4795.404680989347,-0.0020200199274324807
2015-05-20,4797.207880603845,0.00037602657845464086
2015-05-21,4823.064821759723,0.005389998057082861
2015-05-22,4820.726657987004,-0.0004847879634894815
2015-05-26,4763.498058362995,-0.011871363735007193
2015-05-27,4841.466285132473,0.01636785106537287
2015-05-28,4830.5125170475585,-0.0022624897995369036
2015-05-29,4801.442413233049,-0.006018016455172643
2015-06-01,4816.289952303627,0.0030923080592734527
2015-06-02,4802.60745969082,-0.0028408780925372936
2015-06-03,4814.413117866487,0.0024581767872460672
2015-06-04,4779.564981088454,-0.0072382938324735205
2015-06-05,4769.203926804311,-0.0021677818640691935
2015-06-08,4720.905189117215,-0.010127211674812895
2015-06-09,4716.869496319095,-0.000854855718649844
2015-06-10,4778.61777657705,0.013090945235212018
2015-06-11,4781.9449495510125,0.0006962626285516384
2015-06-12,4745.117957255845,-0.00770125810390715
2015-06-15,4723.241633452901,-0.004610280292293437
2015-06-16,4747.8456955208285,0.0052091474409581414
2015-06-17,4761.902354545107,0.0029606393985256267
2015-06-18,4829.013237781667,0.014093292604478528
2015-06-19,4809.496460285893,-0.004041566368689496
2015-06-22,4842.488782876291,0.0068598288537750456
2015-06-23,4847.619532234283,0.0010595273604213724
2015-06-24,4822.015575853133,-0.005281758646877306
2015-06-25,4810.85100449454,-0.0023153329106819116
2015-06-26,4779.28722143112,-0.0065609562703004875
2015-06-29,4668.359138058609,-0.023210173030633302
2015-06-30,4686.490000645194,0.0038837763013505966
2015-07-01,4721.217777143304,0.007410188967292952
2015-07-02,4725.771017050234,0.0009644206477771958
2015-07-06,4710.5460383473965,-0.0032216920049462578
2015-07-07,4721.7517688729395,0.002378860207356113
2015-07-08,4639.270563644446,-0.017468348457500813
2015-07-09,4639.86724897025,0.00012861619464051924
2015-07-10,4712.609561695677,0.015677671110433434
2015-07-13,4792.20330091147,0.016889525468592837
2015-07-14,4823.245177212165,0.006477579174236979
2015-07-15,4828.580814930265,0.0011062339819068998
2015-07-16,4899.6539847207905,0.014719266905663745
2015-07-17,4970.901320316443,0.014541299409679204
2015-07-20,4990.556826305478,0.0039541130918656735
2015-07-21,4985.062523182114,-0.0011009398980097451
2015-07-22,4930.617511826702,-0.010921630591838241
2015-07-23,4908.974825372685,-0.004389447447932173
2015-07-24,4860.614909125062,-0.00985132700165197
2015-07-27,4820.155321233337,-0.008323964899125704
2015-07-28,4864.157594635458,0.009128808195928031
2015-07-29,4887.074453568225,0.00471137262453044
2015-07-30,4905.320429054174,0.003733516986349161
2015-07-31,4895.1184045853915,-0.0020797875727661883
2015-08-03,4886.474705107697,-0.0017657794486845093
2015-08-04,4872.740025672004,-0.0028107542276515508
2015-08-05,4909.95672248878,0.007637734954193985
2015-08-06,4831.420716980482,-0.01599525412282848
2015-08-07,4822.548615007586,-0.0018363339672976026
2015-08-10,4879.491868950274,0.011807709675643943
2015-08-11,4816.534032203676,-0.012902539534335039
2015-08-12,4831.807170914453,0.0031709811679227467
2015-08-13,4822.4642214516,-0.0019336345868878938
2015-08-14,4834.771797847276,0.0025521343094530445
2015-08-17,4873.158309619211,0.00793967396538268
2015-08-18,4847.348561752762,-0.005296308107927019
2015-08-19,4814.205764367998,-0.00683730434536352
2015-08-20,4680.100533329654,-0.027856148574062663
2015-08-21,4479.721890521757,-0.04281502958769525
2015-08-24,4310.7130617946605,-0.037727527033472076
2015-08-25,4287.04053204915,-0.005491557755332214
2015-08-26,4504.13070177963,0.05063870241196744
2015-08-27,4616.559291801291,0.024961218371669168
2015-08-28,4621.265719401243,0.001019466512281209
2015-08-31,4563.394593439612,-0.012522786932305763
2015-09-01,4422.644334111604,-0.03084332429423327
2015-09-02,4544.03441613666,0.02744739862728313
2015-09-03,4521.109720515434,-0.005045009241086997
2015-09-04,4467.916081975276,-0.011765615485680692
2015-09-08,4595.2168750646915,0.0284922077213983
2015-09-09,4541.858351650007,-0.011611753017409807
2015-09-10,4587.728307596825,0.010099380560856647
2015-09-11,4616.600669816552,0.006293389731017211
2015-09-14,4601.497838960736,-0.0032714180705640983
2015-09-15,4656.6340989052815,0.01198224184258194
2015-09-16,4681.731214087878,0.005389539879995214
2015-09-17,4683.22693102633,0.0003194794553672043
2015-09-18,4618.088924809776,-0.013908787076922545
2015-09-21,4631.543074083432,0.0029133586409252664
2015-09-22,4565.403817205665,-0.014280177431115605
2015-09-23,4564.910041710138,-0.00010815592996761681
2015-09-24,4551.747593741479,-0.0028833970107608096
2015-09-25,4513.022224505867,-0.008507802429304037
2015-09-28,4383.818421188815,-0.028629108586142274
2015-09-29,4362.455688613978,-0.00487308791613762
2015-09-30,4466.932455243086,0.023949072285546165
2015-10-01,4479.758687507692,0.0028713736760336956
2015-10-02,4559.456721943965,0.017790698114726368
2015-10-05,4628.159420109497,0.015068176398051176
2015-10-06,4601.851918985949,-0.005684225355168491
2015-10-07,4630.561859218337,0.006238779677794224
2015-10-08,4648.5128405401365,0.0038766313608492755
2015-10-09,4669.852142257567,0.004590565294630976
2015-10-12,4683.616360593488,0.0029474634135347524
2015-10-13,4652.079691810992,-0.0067334013622114474
2015-10-14,4645.763247489344,-0.00135776786729739
2015-10-15,4722.0820981201,0.01642762374341831
2015-10-16,4744.004125927508,0.004642449527960195
2015-10-19,4769.426247974711,0.005358790037357614
2015-10-20,4744.010872979279,-0.005328811826417064
2015-10-21,4717.7711502889415,-0.0055311261700078255
2015-10-22,4813.7736381223685,0.0203491192716179
2015-10-23,4943.100477797087,0.026865999400246483
2015-10-26,4950.7006218218685,0.001537525700502926
2015-10-27,4959.784209245836,0.0018348084681040731
2015-10-28,5001.978167321224,0.008507216502833169
2015-10-29,4993.743701579245,-0.0016462418400337098
2015-10-30,4970.423108743011,-0.004669961902301726
2015-11-02,5029.689235394389,0.011923758874194845
2015-11-03,5046.004563842793,0.0032438044747560312
2015-11-04,5044.52782483777,-0.00029265510689477353
2015-11-05,5028.989569309698,-0.003080220006234487
2015-11-06,5033.746560840854,0.0009459139784632878
2015-11-09,4978.830335599955,-0.010909612666658703
2015-11-10,4964.208159901961,-0.0029368696485682034
2015-11-11,4959.210506123253,-0.001006737352207685
2015-11-12,4907.9887775167845,-0.010328605438955194
2015-11-13,4815.288157179741,-0.018887700143427343
2015-11-16,4883.387215723153,0.014142260301052555
2015-11-17,4883.884676143879,0.00010186790413110301
2015-11-18,4977.73157128115,0.019215624725063992
2015-11-19,4979.900142557446,0.0004356545236002041
2015-11-20,5013.197541580217,0.0066863587761965115
2015-11-23,5001.1997032712225,-0.0023932506567879794
2015-11-24,4995.570111048741,-0.0011256483556935045
2015-11-25,4999.408407642924,0.0007683400510575156
2015-11-27,5007.7808015978635,0.0016746769362029372
2015-11-30,4991.083370473987,-0.0033342975232759013
2015-12-01,5046.475311707009,0.011098179918353383
2015-12-02,5014.565541724761,-0.006323179647430749
2015-12-03,4929.6537767985565,-0.01693302524808533
2015-12-04,5046.814170135505,0.023766454733264372
2015-12-07,5023.118093031781,-0.004695254531848157
2015-12-08,5024.475434594155,0.00027021892323330374
2015-12-09,4946.871401830802,-0.015445200951533936
2015-12-10,4969.375135519449,0.004549084029214687
2015-12-11,4856.596290670434,-0.022694773844483672
2015-12-14,4891.855638396436,0.007260094439748862
2015-12-15,4921.061448605192,0.0059702927411671965
2015-12-16,4993.149639683464,0.014648910978078534
2015-12-17,4922.176612833042,-0.014214079683564407
2015-12-18,4833.119719915739,-0.01809299013877627
2015-12-21,4882.428384530451,0.01020224357603361
2015-12-22,4913.287767326252,0.0063204988103003155
2015-12-23,4951.236107345939,0.007723614373260627
2015-12-24,4949.412354572651,-0.0003683429215953265
2015-12-28,4948.391027408817,-0.00020635321744620025
2015-12-29,5023.18036633963,0.015113870047164857
2015-12-30,4981.47105602254,-0.008303367045424883
2015-12-31,4918.69657751735,-0.01260159454892273
2016-01-04,4817.009717204279,-0.020673537940491763
2016-01-05,4802.476175389003,-0.003017129436830526
2016-01-06,4759.5501893419605,-0.008938302758694205
2016-01-07,4611.577608954228,-0.031089614459594784
2016-01-08,4574.267779109173,-0.008090469901799067
2016-01-11,4588.278930288994,0.003063036939772075
2016-01-12,4642.129564001926,0.011736564958473444
2016-01-13,4480.924984175198,-0.034726428378219446
2016-01-14,4577.280554312748,0.021503499942051866
2016-01-15,4436.10897402233,-0.030841801942292014
2016-01-19,4442.9572186690575,0.0015437503196678822
2016-01-20,4431.505407491278,-0.0025775200196976166
2016-01-21,4438.384255731554,0.001552259922474244
2016-01-22,4564.028195638507,0.028308486302127
2016-01-25,4496.604167021087,-0.014772921140551233
2016-01-26,4536.702088740786,0.008917378588443353
2016-01-27,4424.312353767152,-0.024773443963306305
2016-01-28,4485.713048652394,0.013878019899061216
2016-01-29,4585.597272104171,0.02226718971285614
2016-02-01,4593.850986017792,0.0017999212368325448
2016-02-02,4493.802819562305,-0.021778713928684565
2016-02-03,4471.266784089804,-0.005014914177898063
2016-02-04,4466.874203961448,-0.0009824017086134298
2016-02-05,4313.398756111677,-0.03435857846940506
2016-02-08,4245.333028981348,-0.01578006833564515
2016-02-09,4231.641264147485,-0.0032251332793903427
2016-02-10,4251.552850706309,0.00470540514091407
2016-02-11,4247.304221843153,-0.0009993122542157067
2016-02-12,4308.476530627468,0.014402620012410727
2016-02-16,4400.163670902104,0.02128064052870286
2016-02-17,4501.871542420353,0.023114565531012876
2016-02-18,4450.938146846898,-0.011313826948085422
2016-02-19,4464.555221602838,0.0030593718237999492
2016-02-22,4536.908373095028,0.016206127576178425
2016-02-23,4463.324105723433,-0.016219033165396936
2016-02-24,4504.307181831991,0.009182186894293525
2016-02-25,4547.737050590189,0.009641853231806873
2016-02-26,4542.014263539944,-0.0012583812534855939
2016-02-29,4505.349962624332,-0.0080722557852641
2016-03-01,4647.54396703576,0.03156114521425559
2016-03-02,4648.493485589518,0.000204305448316862
2016-03-03,4639.458372829184,-0.0019436647138138833
2016-03-04,4642.938821040651,0.0007501841662920104
2016-03-07,4615.745940368905,-0.005856825110103815
2016-03-08,4575.292500313989,-0.00876422588624619
2016-03-09,4605.136921364589,0.006522953679694237
2016-03-10,4598.534109717085,-0.0014337926885240983
2016-03-11,4678.946532057929,0.01748653384367116
2016-03-14,4685.187729532164,0.001333889462397776
2016-03-15,4685.0334637629485,-3.292627278156306e-05
2016-03-16,4724.96998077682,0.00852427572241814
2016-03-17,4720.857916567834,-0.0008702836686192573
2016-03-18,4732.312831510434,0.002426447723071638
2016-03-21,4749.985148481973,0.003734393223936099
2016-03-22,4761.516978479448,0.0024277612744032515
2016-03-23,4724.013773356733,-0.007876314479653887
2016-03-24,4727.315502042461,0.0006989244409808363
2016-03-28,4719.770429562971,-0.0015960585825571842
2016-03-29,4794.629806188879,0.015860808855662982
2016-03-30,4819.601049020641,0.005208169106096259
2016-03-31,4811.969761244371,-0.0015833857820702984
2016-04-01,4864.052260712361,0.010823530082724929
2016-04-04,4842.534274000267,-0.004423880657265635
2016-04-05,4798.699244961823,-0.00905208441658242
2016-04-06,4877.203007473999,0.016359383763130602
2016-04-07,4803.805803428636,-0.01504903608336301
2016-04-08,4803.5361909111725,-5.61247745009095e-05
2016-04-11,4786.475534424335,-0.0035516868841579292
2016-04-12,4826.666103406545,0.008396693703573464
2016-04-13,4889.7786348867985,0.013075802246960998
2016-04-14,4889.7901830450455,2.3616934649446304e-06
2016-04-15,4877.6057572052805,-0.0024918095426698624
2016-04-18,4901.860257508614,0.0049726241747818384
2016-04-19,4871.561728334798,-0.006181026708667347
2016-04-20,4875.277149928314,0.0007626756676213603
2016-04-21,4875.782250140179,0.0001036044098276729
2016-04-22,4804.376885491028,-0.014644904342702793
2016-04-25,4804.662940834633,5.9540571113287944e-05
2016-04-26,4782.056549381529,-0.0047050941411462405
2016-04-27,4743.147209891319,-0.00813652851830913
2016-04-28,4686.730924123349,-0.011894272572927961
2016-04-29,4662.476841501701,-0.005175053361141052
2016-05-02,4705.776241813282,0.00928678077844024
2016-05-03,4663.024963126596,-0.009084851571738224
2016-05-04,4631.581715447008,-0.0067431008686913586
2016-05-05,4628.976837963387,-0.0005624163932881679
2016-05-06,4651.31331866222,0.004825360221214794
2016-05-09,4663.532891130328,0.0026271230577134762
2016-05-10,4728.970968117672,0.014031867795293536
2016-05-11,4685.030229105232,-0.009291818306495106
2016-05-12,4665.570510226525,-0.004153595158856454
2016-05-13,4648.1940222614885,-0.003724407964031094
2016-05-16,4706.4941261951235,0.01254252805593302
2016-05-17,4644.377918689978,-0.013197978333686425
2016-05-18,4661.3274993084615,0.0036494835078502443
2016-05-19,4637.1039489503655,-0.005196706380680038
2016-05-20,4688.062194292423,0.010989239383687305
2016-05-23,4680.022866751191,-0.0017148508718631487
2016-05-24,4775.991654332389,0.020506050998810095
2016-05-25,4810.635751660143,0.007253801898151878
2016-05-26,4823.143549778573,0.0026000301756611225
2016-05-27,4849.676592578893,0.005501192847875614
2016-05-31,4862.346280150551,0.0026124809211083046
2016-06-01,4858.358723008552,-0.0008200890912021363
2016-06-02,4870.601075306275,0.0025198535134394956
2016-06-03,4847.545369029418,-0.004733647022284005
2016-06-06,4862.775531809713,0.003141829858385718
2016-06-07,4851.563574881784,-0.0023056702606539764
2016-06-08,4859.787036403475,0.0016950126273243674
2016-06-09,4851.36951872472,-0.0017320754213510877
2016-06-10,4795.971882763153,-0.011418968550581585
2016-06-13,4755.157057672482,-0.008510230269981642
2016-06-14,4757.584273992893,0.0005104387280952785
2016-06-15,4741.142158681007,-0.0034559798345068786
2016-06-16,4757.084516287052,0.0033625563361046537
2016-06-17,4703.599756630103,-0.0112431804551361
2016-06-20,4731.663113977124,0.005966357428151446
2016-06-21,4746.015660279008,0.0030332984314727857
2016-06-22,4736.807654759785,-0.00194015489588218
2016-06-23,4804.4036340126595,0.014270366073435787
2016-06-24,4609.031172563364,-0.04066528883338634
2016-06-27,4518.331054334047,-0.019678781686102806
2016-06-28,4614.614302707592,0.02130947184164148
2016-06-29,4694.60760228862,0.017334774768520095
2016-06-30,4751.684241618493,0.012157914817427526
2016-07-01,4773.032159392345,0.004492705467857703
2016-07-05,4744.78792557198,-0.0059174614536771355
2016-07-06,4781.424428836656,0.007721420607067453
2016-07-07,4797.547987015737,0.003372124440959424
2016-07-08,4871.657121209696,0.015447293991541258
2016-07-11,4900.360118598179,0.005891834477331938
2016-07-12,4925.117127054685,0.005052079409949097
2016-07-13,4912.498062756835,-0.002562185623673952
2016-07-14,4945.670419951786,0.006752645348899342
2016-07-15,4938.624744947917,-0.0014246147449383342
2016-07-18,4971.103411379817,0.0065764596642263655
2016-07-19,4953.576729946615,-0.0035257124993779278
2016-07-20,5011.720346928579,0.011737703916133754
2016-07-21,5000.887283810483,-0.0021615458102594615
2016-07-22,5021.509534102254,0.004123718276661215
2016-07-25,5021.7251927891975,4.2946983467483996e-05
2016-07-26,5028.498554659882,0.0013488117351403992
2016-07-27,5061.737967982398,0.006610206398829057
2016-07-28,5081.805004166717,0.003964455748450517
2016-07-29,5091.421826981304,0.0018924029565678701
2016-08-01,5119.574055402087,0.005529345117623902
2016-08-02,5080.053399194969,-0.007719520370140309
2016-08-03,5096.453046125901,0.0032282430207389652
2016-08-04,5106.782089743106,0.0020267122101824886
2016-08-05,5157.9330767364245,0.010016285420921704
2016-08-08,5151.344133165177,-0.001277438747890187
2016-08-09,5163.322978203041,0.0023253824105328395
2016-08-10,5150.141195208742,-0.0025529650285187502
2016-08-11,5171.713733445976,0.004188727535723388
2016-08-12,5175.898644736538,0.000809192369542248
2016-08-15,5197.853780740802,0.00424180176452846
2016-08-16,5165.751484653139,-0.006176067554383369
2016-08-17,5174.771704317647,0.0017461582678348232
2016-08-18,5178.375779803501,0.0006964704322796589
2016-08-19,5175.766424499506,-0.0005038945443419612
2016-08-22,5178.750116152532,0.0005764733970419274
2016-08-23,5189.559745153728,0.0020873046118754968
2016-08-24,5152.001297013557,-0.007237309133061712
2016-08-25,5143.4456503008905,-0.0016606452947955732
2016-08-26,5152.467275108112,0.0017540041094229427
2016-08-29,5160.813621861287,0.0016198738017216675
2016-08-30,5144.6738651633195,-0.0031273667062107742
2016-08-31,5139.477623226113,-0.0010100235842727826
2016-09-01,5153.48798469078,0.00272602830321732
2016-09-02,5169.556566541247,0.0031180012252287758
2016-09-06,5203.207110574463,0.006509367602438354
2016-09-07,5205.865474601482,0.0005109087473410426
2016-09-08,5175.975588823217,-0.005741578595161976
2016-09-09,5044.148552967942,-0.025469021944372457
2016-09-12,5134.074776372397,0.017827830100590955
2016-09-13,5089.147903731314,-0.008750724248863867
2016-09-14,5114.292621231605,0.00494085021224384
2016-09-15,5193.986010253761,0.015582485188922376
2016-09-16,5192.118728390375,-0.0003595084506774455
2016-09-19,5168.810991828506,-0.004489060782532178
2016-09-20,5178.797801239666,0.0019321289609830934
2016-09-21,5231.226657927417,0.010123750472590513
2016-09-22,5271.888799084221,0.007772964892504601
2016-09-23,5237.042511395196,-0.006609829800484118
2016-09-26,5192.436246892831,-0.008517453200982662
2016-09-27,5245.961766564171,0.010308363382096395
2016-09-28,5255.316393852308,0.0017832053881443354
2016-09-29,5215.592230746699,-0.007558852812758938
2016-09-30,5256.0355223323,0.007754304745524845
2016-10-03,5246.641436908744,-0.0017872948886363598
2016-10-04,5239.049929641368,-0.0014469270215363664
2016-10-05,5258.885203412271,0.0037860440418174116
2016-10-06,5254.883816772614,-0.0007608811534924945
2016-10-07,5244.876860308375,-0.0019043154545678848
2016-10-10,5276.796536124,0.0060858770693329395
2016-10-11,5199.440499300608,-0.014659658808867522
2016-10-12,5197.108421629129,-0.000448524734881267
2016-10-13,5179.410152653504,-0.0034054069185797
2016-10-14,5185.348392270718,0.001146508857610395
2016-10-17,5172.441105650576,-0.0024891840709067633
2016-10-18,5219.5334861397905,0.009104478819056832
2016-10-19,5216.3063413952,-0.0006182822187384214
2016-10-20,5212.227017895244,-0.0007820329622100662
2016-10-21,5233.007629851751,0.0039868969415874055
2016-10-24,5296.064330082202,0.012049800934885798
2016-10-25,5276.216798338871,-0.003747600200132637
2016-10-26,5243.0576184872725,-0.006284650748626943
2016-10-27,5217.1455976379975,-0.004942158323400439
2016-10-28,5183.983353256899,-0.006356396186472567
2016-10-31,5179.701371215948,-0.0008260022745368439
2016-11-01,5142.7914689245645,-0.007125874571938625
2016-11-02,5099.730343020116,-0.00837310362760117
2016-11-03,5048.273487618827,-0.010090112994252207
2016-11-04,5028.285580068803,-0.003959355133798744
2016-11-07,5150.862202589961,0.024377418618987977
2016-11-08,5184.641515012022,0.006557991864949419
2016-11-09,5206.628689728441,0.004240828349029721
2016-11-10,5122.4272465591375,-0.016171970038004527
2016-11-11,5127.86088410578,0.0010607544597715775
2016-11-14,5074.37675245312,-0.010430105820233562
2016-11-15,5141.873741197587,0.013301532786629634
2016-11-16,5172.000872603858,0.005859173702552702
2016-11-17,5209.166095033279,0.007185849992076773
2016-11-18,5189.272413949277,-0.0038189761510907445
2016-11-21,5244.651624999104,0.01067186430624879
2016-11-22,5260.796987672433,0.00307844330334001
2016-11-23,5239.358608366115,-0.0040751200543480155
2016-11-25,5257.056862706382,0.0033779429245418308
2016-11-28,5243.407215606781,-0.002596442735179799
2016-11-29,5261.012671306734,0.0033576365473865825
2016-11-30,5193.774905540641,-0.01278038468388492
2016-12-01,5111.084696715499,-0.015921022826177796
2016-12-02,5116.8986420096735,0.0011375169145426034
2016-12-05,5159.130263855325,0.00825336298415822
2016-12-06,5170.625339281899,0.002228103350502318
2016-12-07,5239.067633869608,0.013236753796053179
2016-12-08,5247.023496524056,0.0015185646016507488
2016-12-09,5286.791075928318,0.007579074008455644
2016-12-12,5263.85219699437,-0.004338903997623863
2016-12-13,5330.438451101143,0.012649719561805644
2016-12-14,5314.77926708907,-0.0029376915530912114
2016-12-15,5328.073363602539,0.002501344993909755
2016-12-16,5308.168961523833,-0.003735759761620046
2016-12-19,5330.145885528365,0.004140208076237057
2016-12-20,5350.743448664015,0.0038643526046018605
2016-12-21,5345.580929866798,-0.0009648227104788131
2016-12-22,5330.037863561741,-0.0029076477391287298
2016-12-23,5336.248896839951,0.0011652887722752824
2016-12-27,5364.626504947863,0.005317894396701954
2016-12-28,5322.063007128935,-0.007934102733838336
2016-12-29,5313.5389083587925,-0.0016016531105935727
2016-12-30,5254.6153516154445,-0.011089324414403851
2017-01-03,5306.615066191371,0.009896007813386213
2017-01-04,5334.667512439657,0.00528631639913177
2017-01-05,5364.752363360469,0.0056394987786322235
2017-01-06,5410.376295479669,0.008504387347083902
2017-01-09,5429.938446109106,0.0036156728406821935
2017-01-10,5441.138920653425,0.002062725877186493
2017-01-11,5457.49440544958,0.003005893625335275
2017-01-12,5448.1094936540085,-0.0017196374560091707
2017-01-13,5467.750953494628,0.003605188159947754
2017-01-17,5452.105383986009,-0.0028614268721621626
2017-01-18,5464.313072971245,0.0022390779571306403
2017-01-19,5459.358272863666,-0.0009067562640376074
2017-01-20,5472.463629151876,0.00240053054465255
2017-01-23,5475.476062862668,0.0005504712164271013
2017-01-24,5513.799923162689,0.006999183241792011
2017-01-25,5568.392959777024,0.009901163875206355
2017-01-26,5574.3893091203045,0.0010768545586841184
2017-01-27,5586.536506921952,0.002179108262455544
2017-01-30,5544.987224261701,-0.0074373957117742934
2017-01-31,5531.514242889596,-0.0024297587762068602
2017-02-01,5570.450338084063,0.007038957776257498
2017-02-02,5565.161072430708,-0.000949522091094443
2017-02-03,5580.293519867977,0.0027191391660221173
2017-02-06,5587.485895444302,0.0012888883982028936
2017-02-07,5606.966235944741,0.0034864232080340897
2017-02-08,5618.641055751824,0.00208219905663753
2017-02-09,5635.592663252232,0.0030170297999469165
2017-02-10,5651.409607350632,0.0028066159219662028
2017-02-13,5684.308468705603,0.005821354961102332
2017-02-14,5699.824745976477,0.0027296684119619587
2017-02-15,5733.8001000174845,0.005960771700040434
2017-02-16,5732.016109878258,-0.00031113574036541343
2017-02-17,5758.164144488637,0.004561751765721117
2017-02-21,5786.726828659642,0.004960380332044341
2017-02-22,5788.350298640178,0.0002805506512759783
2017-02-23,5767.089202118983,-0.0036730839400286285
2017-02-24,5779.0301026642355,0.0020705246835553094
2017-02-27,5783.943595631065,0.0008502279585920411
2017-02-28,5765.4060438834,-0.003205002165247058
2017-03-01,5831.148146786314,0.011402857388103682
2017-03-02,5801.264308210606,-0.0051248635471863495
2017-03-03,5812.428618315461,0.0019244615503991723
2017-03-06,5798.512424247414,-0.00239421332834878
2017-03-07,5788.853842377835,-0.0016656999524895801
2017-03-08,5798.17995539065,0.0016110465502762108
2017-03-09,5802.811448512159,0.000798783955851846
2017-03-10,5826.634438041799,0.00410542195641175
2017-03-13,5836.344356196227,0.0016664711434499198
2017-03-14,5823.039221164201,-0.002279703564423834
2017-03-15,5860.02089259944,0.0063509226077041
2017-03-16,5855.62000948007,-0.0007510012677476905
2017-03-17,5852.138618460784,-0.0005945384115857585
2017-03-20,5857.393489349268,0.0008979402627113511
2017-03-21,5770.097392007035,-0.01490357400454088
2017-03-22,5808.100080285703,0.006586143299992178
2017-03-23,5794.781307042523,-0.0022931376971942873
2017-03-24,5804.478232269556,0.0016733893331312216
2017-03-27,5815.920764400147,0.0019713282870073238
2017-03-28,5851.677677067058,0.006148108634110436
2017-03-29,5876.74380856402,0.004283580347427113
2017-03-30,5887.1035213572,0.0017628321279010853
2017-03-31,5883.416149856582,-0.0006263473178689291
2017-04-03,5879.388302901231,-0.0006846102422057283
2017-04-04,5888.385309209403,0.0015302623070044597
2017-04-05,5864.804153209412,-0.004004689700436199
2017-04-06,5867.469398175922,0.0004544473944711994
2017-04-07,5864.863535648364,-0.0004441203440052496
2017-04-10,5868.778901841999,0.000667597152062764
2017-04-11,5843.690060421123,-0.004274967900562914
2017-04-12,5820.667813708514,-0.003939676210505782
2017-04-13,5795.403905097494,-0.00434037973297825
2017-04-17,5845.216173891097,0.008595133248571304
2017-04-18,5837.163809490527,-0.0013775990760680867
2017-04-19,5845.913529870956,0.0014989677634545432
2017-04-20,5893.541495570128,0.008147223775344428
2017-04-21,5892.050557519057,-0.0002529782902506886
2017-04-24,5963.820564626276,0.012180819972026476
2017-04-25,6007.416553233768,0.007310077178726257
2017-04-26,5999.842447425833,-0.0012607925121920181
2017-04-27,6032.645329750406,0.00546729061838056
2017-04-28,6046.023810821985,0.0022176806923491967
2017-05-01,6096.285240649075,0.008313137923328336
2017-05-02,6112.037456106867,0.002583903940838981
2017-05-03,6091.675111623805,-0.0033315150028599286
2017-05-04,6093.046472364272,0.0002251204661015411
2017-05-05,6114.571659103321,0.0035327461946464923
2017-05-08,6128.975440089462,0.002355648406654575
2017-05-09,6149.928911825148,0.003418756028720752
2017-05-10,6153.695070185348,0.0006123905518579364
2017-05-11,6145.731648332414,-0.0012940878223747505
2017-05-12,6159.484021341382,0.0022377112760366136
2017-05-15,6178.972028086102,0.0031639024757914064
2017-05-16,6200.709085692961,0.0035179084009530283
2017-05-17,6044.964765222917,-0.02511717907059966
2017-05-18,6094.647198531801,0.008218812720747478
2017-05-19,6122.114236565599,0.004506747829540483
2017-05-22,6174.284639616424,0.00852163174924558
2017-05-23,6178.680480338185,0.000711959518930503
2017-05-24,6207.993358596567,0.004744197139124282
2017-05-25,6260.1879608332665,0.008407644664184736
2017-05-26,6271.129300516135,0.0017477653628490057
2017-05-30,6278.3964407253625,0.0011588248082572135
2017-05-31,6272.198408903832,-0.000987199817667734
2017-06-01,6302.340925110018,0.0048057338497769966
2017-06-02,6372.83509135783,0.011185393980662902
2017-06-05,6369.577464540785,-0.0005111738763588396
2017-06-06,6346.562846356523,-0.003613209559407076
2017-06-07,6369.243967691132,0.0035737645531440563
2017-06-08,6377.719305634846,0.001330666243388785
2017-06-09,6222.485030772863,-0.024340092033343447
2017-06-12,6186.252535806242,-0.005822833608668537
2017-06-13,6233.664426667092,0.0076640729725189795
2017-06-14,6206.958898798715,-0.004284081727937168
2017-06-15,6178.702532702429,-0.004552368810071341
2017-06-16,6157.78251217101,-0.003385827432328232
2017-06-19,6256.4788525649665,0.016027902934032074
2017-06-20,6206.835518559878,-0.007934708192090356
2017-06-21,6267.7388281502035,0.009812296363937814
2017-06-22,6265.125796262001,-0.00041690184607988417
2017-06-23,6290.435374470299,0.004039755789644091
2017-06-26,6263.129037197299,-0.004340929625288465
2017-06-27,6148.350213071532,-0.01832611518046092
2017-06-28,6236.741383594103,0.014376404638540197
2017-06-29,6128.440501573465,-0.017364978818189766
2017-06-30,6121.943342644591,-0.0010601651312769674
2017-07-03,6068.127857894732,-0.008790588500711608
2017-07-05,6124.5830038781205,0.009303552480348374
2017-07-06,6069.490126538469,-0.008995367897662044
2017-07-07,6133.10904261009,0.010481756250570592
2017-07-10,6174.311948044802,0.006718110692057192
2017-07-11,6191.398361720763,0.0027673389067054757
2017-07-12,6266.497925297428,0.012129661053790175
2017-07-13,6282.242104488282,0.002512436671732658
2017-07-14,6330.854634603042,0.007738086069626093
2017-07-17,6333.013787680149,0.0003410523857721411
2017-07-18,6376.902654319029,0.006930170707074646
2017-07-19,6416.129870490423,0.0061514528757664
2017-07-20,6421.738778197766,0.0008741886184597276
2017-07-21,6422.185534352665,6.956934411844245e-05
2017-07-24,6444.078072363794,0.0034088921744823203
2017-07-25,6432.572856922246,-0.001785393552398052
2017-07-26,6454.473869836065,0.0034047049914485215
2017-07-27,6418.043098374824,-0.005644266627446553
2017-07-28,6409.367727163101,-0.0013517159481087689
2017-07-31,6378.71982721085,-0.0047817353063337315
2017-08-01,6394.9381816328305,0.002542571998976226
2017-08-02,6415.734900379236,0.003252059387553797
2017-08-03,6390.873325038144,-0.003875093925658108
2017-08-04,6400.442894012406,0.0014973804811262554
2017-08-07,6438.579915531165,0.005958497271249247
2017-08-08,6429.610181381716,-0.0013931230592963506
2017-08-09,6422.180690650236,-0.001155511846269124
2017-08-10,6279.958019146266,-0.022145541889069725
2017-08-11,6327.098927994558,0.007506564328068419
2017-08-14,6410.610692104975,0.013199060906241702
2017-08-15,6410.254460653607,-5.5569035225767774e-05
2017-08-16,6420.889893442163,0.0016591280196188681
2017-08-17,6289.607763304599,-0.020446095839713248
2017-08-18,6283.856252202779,-0.0009144467061008889
2017-08-21,6279.470631818616,-0.0006979186359689701
2017-08-22,6373.772609092471,0.015017504309362993
2017-08-23,6350.506911561143,-0.0036502239659660838
2017-08-24,6331.80913418632,-0.0029442968309794947
2017-08-25,6319.003538349144,-0.002022422907228315
2017-08-28,6336.2378159483305,0.002727372677447196
2017-08-29,6362.4706138077645,0.00414012204425256
2017-08-30,6439.390220012679,0.012089581370793875
2017-08-31,6499.9670463099665,0.009407230223294098
2017-09-01,6499.3301493417885,-9.798464571282036e-05
2017-09-05,6439.9395025752065,-0.009137964282764775
2017-09-06,6460.0343232128,0.0031203430761357316
2017-09-07,6474.463517583925,0.002233609552084885
2017-09-08,6419.288790579587,-0.008521899436839717
2017-09-11,6492.558721968609,0.01141402634767679
2017-09-12,6509.085114925049,0.002545436039033519
2017-09-13,6518.696625650041,0.0014766300571108705
2017-09-14,6480.2138961546225,-0.0059034392464278
2017-09-15,6501.159694308496,0.003232269565407828
2017-09-18,6494.058787893665,-0.0010922522670912783
2017-09-19,6504.995718456768,0.0016841440646476315
2017-09-20,6486.1392526526615,-0.002898766827871244
2017-09-21,6444.252237018969,-0.006457927281866782
2017-09-22,6441.561782464448,-0.0004174967793882384
2017-09-25,6371.379948414017,-0.01089515810303685
2017-09-26,6386.692193295029,0.0024032854742595962
2017-09-27,6448.11337559419,0.0096170569115015
2017-09-28,6443.109611024921,-0.0007760044338253023
2017-09-29,6493.435599536955,0.007810822964414701
2017-10-02,6496.649140496681,0.0004948907108519644
2017-10-03,6511.042617748855,0.002215523255281449
2017-10-04,6515.271040121945,0.0006494232370039035
2017-10-05,6578.713164124871,0.00973744969506893
2017-10-06,6586.9073173550905,0.0012455556315943738
2017-10-09,6580.7206550885785,-0.0009392362710511596
2017-10-10,6586.265150757244,0.0008425362447770638
2017-10-11,6605.6481881195505,0.002942948229176271
2017-10-12,6593.542089996541,-0.0018326889017162363
2017-10-13,6618.063967215668,0.0037190749500681914
2017-10-16,6642.424200977979,0.0036808700978091225
2017-10-17,6651.327351942132,0.0013403466407402378
2017-10-18,6642.4797979194545,-0.0013301937424706701
2017-10-19,6618.998429325238,-0.0035350304868930825
2017-10-20,6636.723171945066,0.0026778587136838013
2017-10-23,6592.567341432875,-0.006653257845505451
2017-10-24,6606.153437694085,0.0020608202476483355
2017-10-25,6578.920274302036,-0.004122393409250785
2017-10-26,6560.38909959777,-0.002816750155287834
2017-10-27,6751.309595128454,0.02910200791937633
2017-10-30,6767.03470852635,0.002329194532752962
2017-10-31,6789.949091269846,0.0033861778061554907
2017-11-01,6790.175247011098,3.3307428113506896e-05
2017-11-02,6776.981123806709,-0.0019431196875510305
2017-11-03,6841.430023581183,0.009509971858719483
2017-11-06,6861.411284560353,0.002920626376400502
2017-11-07,6869.333099517951,0.0011545460006783027
2017-11-08,6896.66520335406,0.003978858419025639
2017-11-09,6860.278892724485,-0.005275928228599521
2017-11-10,6856.995944087474,-0.00047854448606926683
2017-11-13,6865.112304879507,0.00118366130856931
2017-11-14,6840.743156934434,-0.00354970856452727
2017-11-15,6802.525601331828,-0.00558675493668635
2017-11-16,6890.458033501695,0.012926438990931863
2017-11-17,6863.816208611692,-0.0038664809741920567
2017-11-20,6857.792224087839,-0.0008776436228428267
2017-11-21,6934.037302259757,0.01111802103074924
2017-11-22,6942.310561831576,0.001193137448095865
2017-11-24,6967.760998325235,0.0036659893369773208
2017-11-27,6964.546869365396,-0.00046128576462539113
2017-11-28,6982.715114507162,0.0026086758381485167
2017-11-29,6861.959480812584,-0.01729350714075358
2017-11-30,6921.006611680726,0.008604995560415172
2017-12-01,6891.031270617373,-0.0043310666706723195
2017-12-04,6810.7786133386535,-0.011645957495637618
2017-12-05,6812.44051603215,0.00024401067599545497
2017-12-06,6842.950184408914,0.004478522536081235
2017-12-07,6868.339431431883,0.00371027792673646
2017-12-08,6899.2318914412635,0.004497806248189604
2017-12-11,6953.2548695710275,0.00783028878863763
2017-12-12,6942.250475625437,-0.0015826248500897602
2017-12-13,6954.3660163777695,0.0017451892286040932
2017-12-14,6949.320861595808,-0.0007254658109854715
2017-12-15,7032.551619796161,0.01197681900979888
2017-12-18,7084.011689254812,0.0073174108404400265
2017-12-19,7048.688949075835,-0.004986262266133194
2017-12-20,7039.914359646739,-0.0012448541129404982
2017-12-21,7040.275853400965,5.134916928795656e-05
2017-12-22,7032.229519780984,-0.0011429003333859086
2017-12-26,6997.943677509142,-0.004875529471186851
2017-12-27,7000.240674626246,0.0003282388688674955
2017-12-28,7007.193596279031,0.0009932403721470912
2017-12-29,6958.37354562154,-0.006967133130646807
2018-01-02,7083.961692664826,0.018048491679827937
2018-01-03,7154.270943607444,0.009925131443810721
2018-01-04,7164.00560419701,0.0013606782111411028
2018-01-05,7238.944437191962,0.010460465434456107
2018-01-08,7264.892268741027,0.0035844772361771507
2018-01-09,7266.502795254336,0.00022168622103847202
2018-01-10,7250.061233121505,-0.002262651318811632
2018-01-11,7300.116478837578,0.006904113511124285
2018-01-12,7354.766426711898,0.007486174779915488
2018-01-16,7332.2281382940655,-0.0030644465249059696
2018-01-17,7412.015378326641,0.010881718152749662
2018-01-18,7413.401425031233,0.00018699997690845162
2018-01-19,7438.568742113509,0.003394840726862516
2018-01-22,7517.448598095288,0.010604171140504593
2018-01-23,7579.880260721773,0.008304900500723585
2018-01-24,7532.058681083987,-0.0063090151813601555
2018-01-25,7528.930516206859,-0.0004153133969845201
2018-01-26,7645.240941276397,0.015448465730845488
2018-01-29,7608.105164299598,-0.004857371698556132
2018-01-30,7545.601431195107,-0.00821541392432181
2018-01-31,7566.762372451936,0.0028044075014810772
2018-02-01,7514.161955688378,-0.006951509004043672
2018-02-02,7360.607877423418,-0.020435289945902175
2018-02-05,7073.32429285985,-0.03902987217193425
2018-02-06,7258.680678514969,0.026204989051926635
2018-02-07,7167.440384456231,-0.012569817863568583
2018-02-08,6867.162031270292,-0.04189478210898575
2018-02-09,6983.399565916298,0.016926575216473363
2018-02-12,7104.99734027187,0.017412403974283498
2018-02-13,7137.861675309524,0.004625523904333634
2018-02-14,7270.010766361087,0.018513820673869127
2018-02-15,7400.772432736658,0.01798644741774189
2018-02-16,7374.537916762602,-0.003544834841564588
2018-02-20,7385.124902873188,0.0014356134892901144
2018-02-21,7363.058646936296,-0.002987932665608311
2018-02-22,7366.067616018275,0.0004086574922544828
2018-02-23,7513.046134919356,0.019953457742019818
2018-02-26,7614.38844572412,0.013488844469321592
2018-02-27,7517.892328033064,-0.012672865113053731
2018-02-28,7468.04340438118,-0.0066307046545485354
2018-03-01,7355.054110104898,-0.015129705085805464
2018-03-02,7421.159317008583,0.008987725435339095
2018-03-05,7498.258536698954,0.010389107199688982
2018-03-06,7533.0354103257605,0.004637993402947752
2018-03-07,7551.065541619358,0.002393474915687171
2018-03-08,7591.621010657114,0.005370827310957232
2018-03-09,7738.657362150537,0.019368241813838376
2018-03-12,7771.876624890957,0.004292639043937346
2018-03-13,7679.862137078287,-0.01183941694570596
2018-03-14,7674.03077008258,-0.000759306207796771
2018-03-15,7663.316306401168,-0.0013961976440311635
2018-03-16,7651.50045469347,-0.0015418718522460966
2018-03-19,7483.064435836962,-0.02201346256905584
2018-03-20,7506.1897583232085,0.0030903545846135525
2018-03-21,7470.986179941634,-0.004689939838323289
2018-03-22,7284.561310063,-0.024953180930672097
2018-03-23,7094.878213085329,-0.02603905560045739
2018-03-26,7363.317162890839,0.03783559657309128
2018-03-27,7119.301204083412,-0.03313940624983581
2018-03-28,7044.22112923389,-0.010545989374133863
2018-03-29,7175.585507872048,0.018648531360406798
2018-04-02,6968.838451569273,-0.02881256952146432
2018-04-03,7043.155145124094,0.010664143540030676
2018-04-04,7153.722797379731,0.015698596719423728
2018-04-05,7191.832540323569,0.005327260228450093
2018-04-06,7015.754359663315,-0.02448307572138385
2018-04-09,7058.963958477319,0.006158938383366995
2018-04-10,7215.682734459805,0.0222013849205561
2018-04-11,7180.496394263587,-0.004876370191302813
2018-04-12,7260.10344186232,0.011086566057233944
2018-04-13,7229.8355752063335,-0.004169068236887655
2018-04-16,7281.478756243568,0.007143064389228491
2018-04-17,7435.678406137984,0.021176968999902134
2018-04-18,7454.237878914324,0.002496002619077733
2018-04-19,7390.807467405055,-0.008509308736805157
2018-04-20,7274.115490518534,-0.01578879945136656
2018-04-23,7253.998198080884,-0.0027655998126331596
2018-04-24,7101.7124676566,-0.02099335101359314
2018-04-25,7107.228660014782,0.0007767411569117887
2018-04-26,7255.480194373196,0.02085926054306884
2018-04-27,7262.9754774687935,0.0010330512791435478
2018-04-30,7208.122819549712,-0.007552367220465549
2018-05-01,7291.664690228054,0.011589962153774757
2018-05-02,7250.950563364293,-0.005583653197646861
2018-05-03,7250.0440392659975,-0.00012502141483019874
2018-05-04,7387.339969142584,0.018937254606040406
2018-05-07,7445.472273461981,0.00786917951011054
2018-05-08,7438.6878559372935,-0.0009112138593100258
2018-05-09,7523.715024987669,0.011430398841444901
2018-05-10,7600.6805525363525,0.010229723918711135
2018-05-11,7588.878682801494,-0.0015527385545653606
2018-05-14,7602.349650051431,0.0017750932401207234
2018-05-15,7519.766853660305,-0.010862799028267176
2018-05-16,7565.184864129231,0.0060398163071794355
2018-05-17,7534.439920002423,-0.004064004340804358
2018-05-18,7496.007903944158,-0.0051008457783618035
2018-05-21,7539.4635648519925,0.005797173837686284
2018-05-22,7526.652318057938,-0.0016992252411403483
2018-05-23,7592.364734672535,0.008730630011557671
2018-05-24,7588.267188700385,-0.0005396929830618698
2018-05-25,7600.711473610431,0.0016399376301056824
2018-05-29,7563.946189894946,-0.004837084507566682
2018-05-30,7618.554458594612,0.007219547486022682
2018-05-31,7609.313251298271,-0.0012129869710277438
2018-06-01,7736.406739590989,0.016702359870785246
2018-06-04,7802.13133570369,0.008495493880428376
2018-06-05,7827.647079714001,0.003270355613413932
2018-06-06,7875.172291893401,0.006071455661633743
2018-06-07,7812.841932928045,-0.007914793055323764
2018-06-08,7812.811622563239,-3.879556896912202e-06
2018-06-11,7830.732709676442,0.002293807655805588
2018-06-12,7875.392260422484,0.005703112646260642
2018-06-13,7871.310667411443,-0.0005182717096584756
2018-06-14,7952.712252496881,0.010341554097522123
2018-06-15,7926.881393315024,-0.0032480565575281526
2018-06-18,7922.7349579249085,-0.0005230853326015574
2018-06-19,7897.403264367461,-0.003197342040592827
2018-06-20,7955.14114254869,0.007310995304208332
2018-06-21,7886.278433285036,-0.008656378061645816
2018-06-22,7864.647980772152,-0.002742795945624948
2018-06-25,7691.139899692776,-0.02206177333093298
2018-06-26,7724.1519146659,0.004292213560494878
2018-06-27,7616.674817838531,-0.013914420381000261
2018-06-28,7684.547940421223,0.008911122531282404
2018-06-29,7694.798042071855,0.0013338587682843607
2018-07-02,7757.702630471343,0.008174949888944683
2018-07-03,7666.888700468086,-0.011706291711485494
2018-07-05,7761.823718529631,0.012382469834960464
2018-07-06,7878.191154087652,0.014992280136460586
2018-07-09,7953.855181087051,0.009604238526268996
2018-07-10,7961.272717841028,0.0009325712607409358
2018-07-11,7919.256530599138,-0.005277571656066041
2018-07-12,8053.126195353836,0.01690432229811462
2018-07-13,8063.793752516464,0.0013246479570606943
2018-07-16,8044.81866188768,-0.002353122018139772
2018-07-17,8095.307172839543,0.006275904165628055
2018-07-18,8080.468450114313,-0.001833003048360557
2018-07-19,8039.37610536095,-0.005085391398661016
2018-07-20,8037.251913702201,-0.00026422344606228754
2018-07-23,8061.430534551595,0.003008319399342649
2018-07-24,8099.330699813879,0.004701419320037868
2018-07-25,8211.454096373624,0.013843538523784771
2018-07-26,8093.728632952098,-0.01433673768858015
2018-07-27,7980.229493621975,-0.014023096705767082
2018-07-30,7867.448350429061,-0.014132568904572458
2018-07-31,7910.173782894683,0.005430659416186976
2018-08-01,7955.121749089576,0.005682298193257172
2018-08-02,8063.895502367291,0.013673424079293665
2018-08-03,8089.6310109760725,0.00319144867405925
2018-08-06,8137.832280952262,0.005958401552653056
2018-08-07,8163.9223237943215,0.0032060187456954443
2018-08-08,8171.667795919969,0.000948743976051006
2018-08-09,8169.053488634001,-0.00031992334383356373
2018-08-10,8105.08602635511,-0.007830461921676931
2018-08-13,8097.904955226443,-0.0008859956705354139
2018-08-14,8148.441655867898,0.006240712989454962
2018-08-15,8047.427959078308,-0.012396688968969597
2018-08-16,8069.112039667369,0.0026945355335052097
2018-08-17,8072.873858464331,0.0004661998468317832
2018-08-20,8066.794125079743,-0.0007531064514544014
2018-08-21,8095.24441817977,0.0035268401125516176
2018-08-22,8125.403357415098,0.0037255131133037763
2018-08-23,8113.834758559876,-0.0014237568704407227
2018-08-24,8192.357996641776,0.009677697465931475
2018-08-27,8273.677630897619,0.009926279380024229
2018-08-28,8286.059588367876,0.001496548212613204
2018-08-29,8384.704098416565,0.011904875773180291
2018-08-30,8365.751584795944,-0.002260367616813067
2018-08-31,8378.968719693297,0.0015799100371775474
2018-09-04,8344.542471851435,-0.004108649762702753
2018-09-05,8236.309051777474,-0.012970563747390976
2018-09-06,8159.785829748506,-0.009290960495521142
2018-09-07,8134.911698593622,-0.0030483803954999846
2018-09-10,8154.6055505848635,0.002420905440761702
2018-09-11,8220.716493713,0.008107190803777694
2018-09-12,8199.235061541536,-0.0026130851474920128
2018-09-13,8280.066949012604,0.00985846690140739
2018-09-14,8262.549835470241,-0.002115576317224242
2018-09-17,8141.884923850623,-0.014603834654239225
2018-09-18,8207.43789132137,0.008051325716814925
2018-09-19,8203.178829885836,-0.0005189270381245297
2018-09-20,8289.588726421896,0.010533708739989094
2018-09-21,8248.226213444485,-0.004989694222775406
2018-09-24,8268.220295944251,0.0024240463321890775
2018-09-25,8284.247240026645,0.00193837893872472
2018-09-26,8284.348784335676,1.2257517923898123e-05
2018-09-27,8357.379771573615,0.00881553748389093
2018-09-28,8355.489557917032,-0.00022617300018039997
2018-10-01,8375.626735261185,0.0024100535587497384
2018-10-02,8357.03032520844,-0.002220300717850191
2018-10-03,8367.267382135404,0.0012249634772872908
2018-10-04,8205.962076480202,-0.01927813445995491
2018-10-05,8106.4835111206,-0.012122718144740904
2018-10-08,8056.496593357023,-0.006166288711375801
2018-10-09,8077.301058440249,0.0025823215888132332
2018-10-10,7719.07184905733,-0.04435011234459234
2018-10-11,7631.092827765903,-0.011397616580310917
2018-10-12,7842.971376687924,0.027765164663060535
2018-10-15,7746.5475033047205,-0.01229430387439752
2018-10-16,7974.428831435619,0.029417147191530567
2018-10-17,7977.043052714887,0.0003278255201128694
2018-10-18,7799.109953869688,-0.022305646048211048
2018-10-19,7789.598266160258,-0.0012195863073721635
2018-10-22,7827.436124934417,0.004857485261920983
2018-10-23,7802.929609088894,-0.003130848397147226
2018-10-24,7441.934357041875,-0.04626406620745751
2018-10-25,7691.213353314124,0.033496532529391526
2018-10-26,7511.647067719548,-0.02334693855777657
2018-10-29,7360.396612132082,-0.020135458205624186
2018-10-30,7466.069392372477,0.014356941046657077
2018-10-31,7638.359905841312,0.02307646827457194
2018-11-01,7750.458675935886,0.014675764362562712
2018-11-02,7636.764756330044,-0.01466931498633049
2018-11-05,7606.42993386124,-0.003972208577416245
2018-11-06,7663.377915594791,0.007486821311537693
2018-11-07,7898.53437957824,0.030685745447175557
2018-11-08,7849.895650443671,-0.00615794358765155
2018-11-09,7719.1213304366365,-0.016659370497446504
2018-11-12,7489.370852482187,-0.029763812242274246
2018-11-13,7491.546677217245,0.0002905216977386314
2018-11-14,7424.794206224189,-0.008910372432979551
2018-11-15,7557.228419478043,0.01783675204665409
2018-11-16,7531.723687872837,-0.00337487901509893
2018-11-19,7286.507298716201,-0.0325578047361814
2018-11-20,7159.498379899438,-0.017430699457220047
2018-11-21,7213.1003967294755,0.007486839717783376
2018-11-23,7160.4748270228,-0.007295832140439474
2018-11-26,7326.65754141007,0.023208337212514935
2018-11-27,7351.74788324488,0.0034245277185401516
2018-11-28,7584.839729726465,0.03170563656199593
2018-11-29,7562.070001931862,-0.0030020051320747477
2018-11-30,7624.372943218129,0.008238873915521886
2018-12-03,7749.069685975077,0.016355016167967775
2018-12-04,7456.383581476973,-0.0377704829558873
2018-12-06,7504.6497203553645,0.006473129815678228
2018-12-07,7257.299479076033,-0.03295959844846941
2018-12-10,7334.089510942017,0.010581075245328041
2018-12-11,7357.871929326292,0.003242722678635509
2018-12-12,7423.60182353701,0.008933275115694559
2018-12-13,7428.192040164131,0.0006183274286839021
2018-12-14,7238.494013063065,-0.025537577121777566
2018-12-17,7078.175059579094,-0.022148108873841516
2018-12-18,7125.69771945259,0.006713970687851654
2018-12-19,6962.816945278462,-0.02285822112962718
2018-12-20,6853.463664976939,-0.01570532173414042
2018-12-21,6637.787646946774,-0.03146963762751498
2018-12-24,6476.690956206413,-0.024269636106009154
2018-12-26,6876.007165400342,0.06165435588852314
2018-12-27,6904.212205788243,0.004101950406600426
2018-12-28,6901.061345735606,-0.00045636778805775507
2018-12-31,6950.657297512788,0.007186713650622633
2019-01-02,6984.899119151805,0.00492641489478561
2019-01-03,6750.314680557477,-0.03358451347581015
2019-01-04,7053.012144290571,0.04484197819768837
2019-01-07,7125.405187844135,0.010264131419675214
2019-01-08,7195.377687213429,0.009820143209352686
2019-01-09,7249.142926000771,0.007472191332344475
2019-01-10,7271.511383825441,0.003085669306428052
2019-01-11,7250.180882529325,-0.002933434353628795
2019-01-14,7184.276083221152,-0.009090090354432862
2019-01-15,7325.65035390071,0.01967829034434478
2019-01-16,7324.594584387432,-0.0001441195610319332
2019-01-17,7379.523063301821,0.0074991835085958
2019-01-18,7452.324402717314,0.009865317689368358
2019-01-22,7301.493523853679,-0.02023944083924176
2019-01-23,7314.7505764390935,0.0018156631300300272
2019-01-24,7362.984829614657,0.006594107710374636
2019-01-25,7456.293678134604,0.012672693300229281
2019-01-28,7357.514556787849,-0.013247750908259241
2019-01-29,7287.004722676513,-0.009583376773109638
2019-01-30,7479.527174730117,0.026419970808375073
2019-01-31,7588.350061194225,0.014549433931033895
2019-02-01,7554.074796661433,-0.004516827011984028
2019-02-04,7647.251873590758,0.012334677566405081
2019-02-05,7717.224569388277,0.009150044611341314
2019-02-06,7688.903887763267,-0.0036698014124596926
2019-02-07,7587.249053370172,-0.0132209786826543
2019-02-08,7596.33945607647,0.001198115765326014
2019-02-11,7592.404918084962,-0.0005179518390743544
2019-02-12,7708.461666608807,0.01528590081482616
2019-02-13,7709.928616622136,0.00019030386045558155
2019-02-14,7717.252888726111,0.0009499792369263852
2019-02-15,7753.391755319598,0.004682866703290428
2019-02-19,7766.505214972173,0.0016913191112236212
2019-02-20,7761.950610825761,-0.0005864419092426919
2019-02-21,7732.216328004905,-0.0038307745451748505
2019-02-22,7793.320092547968,0.00790249030174625
2019-02-25,7820.994158292373,0.003550998215878171
2019-02-26,7829.695890611747,0.0011126120469158243
2019-02-27,7822.998428378508,-0.0008553923839199906
2019-02-28,7801.736339857141,-0.002717895026571567
2019-03-01,7861.277043081274,0.007631724609809748
2019-03-04,7860.88359304274,-5.004912514560999e-05
2019-03-05,7867.575389522486,0.0008512779003199967
2019-03-06,7818.9938017912455,-0.006174912260254696
2019-03-07,7725.040882141674,-0.012015985947967808
2019-03-08,7712.876660600651,-0.0015746481768327376
2019-03-11,7876.359064300511,0.021196035006623336
2019-03-12,7917.464196939055,0.005218798724508791
2019-03-13,7978.844688601112,0.0077525442661030486
2019-03-14,7963.6271569061555,-0.0019072349806101695
2019-03-15,8034.114434270182,0.008851152367536233
2019-03-18,8055.753217450798,0.0026933625799893156
2019-03-19,8081.186771998554,0.003157191371337159
2019-03-20,8115.934746488042,0.004299860338569404
2019-03-21,8239.807214735474,0.015262871390265092
2019-03-22,8056.08520422275,-0.02229688216299152
2019-03-25,8046.508803528277,-0.0011887164114715168
2019-03-26,8084.251064303681,0.004690513823691378
2019-03-27,8037.150799825694,-0.00582617537522552
2019-03-28,8050.798804822661,0.0016981148340855566
2019-03-29,8115.058491558303,0.007981777745724901
2019-04-01,8225.085583034763,0.013558385511443453
2019-04-02,8248.570719081079,0.0028553059794001953
2019-04-03,8298.574365986695,0.006062098345104116
2019-04-04,8293.882669375229,-0.000565361760291756
2019-04-05,8336.12359101907,0.005093021366194878
2019-04-08,8359.557289832472,0.002811102613527464
2019-04-09,8325.33180305043,-0.004094174559180125
2019-04-10,8372.780021494798,0.005699258548107631
2019-04-11,8354.668818240894,-0.0021631051105378413
2019-04-12,8391.404869203876,0.004397068484961959
2019-04-15,8392.92023306927,0.00018058524037546685
2019-04-16,8421.243677719453,0.003374682930809263
2019-04-17,8449.986178471436,0.003413094532346632
2019-04-18,8460.038056974066,0.0011895733661955493
2019-04-19,8460.183214310808,1.7158000444486022e-05
2019-04-22,8486.792324231175,0.003145216746057636
2019-04-23,8593.910078377945,0.012621700879958127
2019-04-24,8565.125951640211,-0.0033493632671528894
2019-04-25,8601.048982151782,0.004194104174812513
2019-04-26,8611.941194268813,0.0012663818261742159
2019-04-29,8626.001379485644,0.0016326383215654414
2019-04-30,8562.794535878507,-0.007327478958843707
2019-05-01,8530.363890988405,-0.0037873902911271396
2019-05-02,8499.934867668202,-0.0035671424700122354
2019-05-03,8633.977878247382,0.015769886789256404
2019-05-06,8577.610957788691,-0.00652849952287974
2019-05-07,8408.34849505171,-0.019733054293315424
2019-05-08,8383.62585774737,-0.002940248887030494
2019-05-09,8345.475415796365,-0.0045505897565490455
2019-05-10,8349.784252383475,0.0005163081037845568
2019-05-13,8061.431190388845,-0.034534193133471607
2019-05-14,8147.151641173286,0.010633403518551524
2019-05-15,8258.873348762098,0.013712977554536113
2019-05-16,8343.65371973247,0.010265367610108723
2019-05-17,8259.64083030652,-0.010069076719622524
2019-05-20,8120.309454882202,-0.01686893876947763
2019-05-21,8202.265902937404,0.010092773989780198
2019-05-22,8168.990936678509,-0.004056801700000846
2019-05-23,8045.0382388814605,-0.015173562898754765
2019-05-24,8037.508483473259,-0.0009359502322575848
2019-05-28,8013.223062444797,-0.003021511091204209
2019-05-29,7945.634553875014,-0.008434622129333597
2019-05-30,7977.198084073604,0.003972436686406207
2019-05-31,7848.038498170569,-0.016191096741210522
2019-06-03,7683.370586156356,-0.02098204692199196
2019-06-04,7891.314575038096,0.02706416234255399
2019-06-05,7951.079716765655,0.007573534315386215
2019-06-06,8011.815962530904,0.0076387418978054915
2019-06-07,8167.615758065353,0.019446252418063952
2019-06-10,8261.254209257519,0.011464600437367627
2019-06-11,8274.527836284811,0.001606732669286264
2019-06-12,8228.907791104919,-0.005513310980699531
2019-06-13,8271.331569607612,0.005155456784745041
2019-06-14,8236.711584217195,-0.004185539546936386
2019-06-17,8289.364056224706,0.0063924141897113065
2019-06-18,8409.427115165934,0.014483989136786645
2019-06-19,8445.195290625088,0.004253342703291573
2019-06-20,8522.784627524916,0.009187394042380278
2019-06-21,8512.726309707545,-0.001180168015144575
2019-06-24,8506.836850356061,-0.0006918417363855323
2019-06-25,8362.164308227304,-0.017006620048520365
2019-06-26,8401.427876712565,0.004695383520105196
2019-06-27,8434.623404909895,0.003951176952830019
2019-06-28,8450.21734149081,0.0018488005726300678
2019-07-01,8557.598150379421,0.012707461186988499
2019-07-02,8592.65011129053,0.004096004544166996
2019-07-03,8656.55545638946,0.00743721020537775
2019-07-05,8638.8074547575,-0.0020502383103039915
2019-07-08,8578.113278632976,-0.007025758641153498
2019-07-09,8623.51554054958,0.005292802792625312
2019-07-10,8707.99972016911,0.009796953368062817
2019-07-11,8700.86084999275,-0.0008198059721825842
2019-07-12,8752.206534711659,0.0059012189258205415
2019-07-15,8778.776788393328,0.0030358348579059475
2019-07-16,8735.0223246355,-0.00498411849537826
2019-07-17,8692.952236150462,-0.00481625426032253
2019-07-18,8710.043883410633,0.001966149910394432
2019-07-19,8633.910226004247,-0.008740903998358885
2019-07-22,8711.752589149877,0.0090158874841179
2019-07-23,8766.392550927154,0.006271982728863009
2019-07-24,8828.308037825316,0.007062823908292245
2019-07-25,8739.494477062919,-0.010060088567579522
2019-07-26,8835.620812432478,0.010999072729188956
2019-07-29,8805.376837998789,-0.0034229597529959292
2019-07-30,8765.182961640314,-0.0045646969003099785
2019-07-31,8651.052320221366,-0.013020908053879282
2019-08-01,8598.70782333729,-0.006050650827960468
2019-08-02,8479.43368802289,-0.013871169687925287
2019-08-05,8174.440584407638,-0.03596856993481192
2019-08-06,8291.023893237727,0.014261931153119512
2019-08-07,8324.880984984753,0.004083583907488104
2019-08-08,8515.659629798012,0.022916681350443103
2019-08-09,8429.208696918744,-0.010151994870339678
2019-08-12,8336.407443844148,-0.01100948575499371
2019-08-13,8520.081485625857,0.02203275727811728
2019-08-14,8257.822442711886,-0.030781283413360047
2019-08-15,8252.192431922547,-0.0006817791044063925
2019-08-16,8383.781050807023,0.01594589801074474
2019-08-19,8511.251760796007,0.015204441673332288
2019-08-20,8450.926221769378,-0.007087739937913405
2019-08-21,8526.881199662574,0.008987769612464246
2019-08-22,8498.59621776032,-0.003317154448378248
2019-08-23,8231.421142918576,-0.031437553684854846
2019-08-26,8353.187693007007,0.014792895172565166
2019-08-27,8343.422922451855,-0.001168987327236408
2019-08-28,8367.688598299224,0.002908359803033802
2019-08-29,8494.005227811213,0.015095761276018681
2019-08-30,8481.683973046545,-0.0014505824324576478
2019-09-03,8392.420454782236,-0.010524268358497629
2019-09-04,8513.600595539516,0.014439236142920845
2019-09-05,8671.787486852882,0.0185804924177725
2019-09-06,8660.91267159551,-0.0012540454057319342
2019-09-09,8639.162083692914,-0.002511350561694223
2019-09-10,8619.83689567864,-0.0022369285154115524
2019-09-11,8700.334585032115,0.009338655745775276
2019-09-12,8733.316062101434,0.0037908285879097105
2019-09-13,8706.567907294077,-0.003062771874641348
2019-09-16,8662.314124676963,-0.0050828045090004405
2019-09-17,8702.600648645168,0.004650780771553736
2019-09-18,8702.501899575367,-1.134707586711022e-05
2019-09-19,8717.25194750413,0.0016949203917418407
2019-09-20,8631.092845768671,-0.00988374573252144
2019-09-23,8626.104054664485,-0.0005780022522446273
2019-09-24,8506.47472705682,-0.01386829173976599
2019-09-25,8609.784611787893,0.012144852955651564
2019-09-26,8575.12826002108,-0.004025228658956736
2019-09-27,8475.528221578237,-0.01161499110248855
2019-09-30,8550.865891258904,0.00888884653688718
2019-10-01,8478.954078358427,-0.00840988664948995
2019-10-02,8331.961928414294,-0.017336118179872476
2019-10-03,8428.773021233586,0.011619243300805352
2019-10-04,8556.606224252166,0.015166288461742292
2019-10-07,8525.095124130941,-0.0036826633475211764
2019-10-08,8391.871451199082,-0.01562723594189101
2019-10-09,8487.215152314642,0.011361434892086766
2019-10-10,8542.35833419784,0.00649720560791461
2019-10-11,8656.745392056177,0.013390571243120151
2019-10-14,8655.50828254087,-0.0001429070001806268
2019-10-15,8766.605431340256,0.0128354274726398
2019-10-16,8741.77354756549,-0.0028325540563276025
2019-10-17,8766.13402233966,0.0027866741962166066
2019-10-18,8684.998971920302,-0.009255511062526917
2019-10-21,8764.757763146676,0.009183511878843564
2019-10-22,8692.381316780626,-0.00825766647771739
2019-10-23,8708.928251223959,0.0019036135024806877
2019-10-24,8794.35709362764,0.009809340476731505
2019-10-25,8863.50663082977,0.007862943983959574
2019-10-28,8953.89332967131,0.010197622973186306
2019-10-29,8884.326372454352,-0.007769464595521549
2019-10-30,8923.786434990257,0.004441536801062349
2019-10-31,8924.740234674005,0.00010688284515747064
2019-11-01,9010.28436449934,0.00958505542749396
2019-11-04,9065.404834563347,0.006117506155652749
2019-11-05,9065.036304395155,-4.065236742513405e-05
2019-11-06,9049.574417241613,-0.0017056619118056035
2019-11-07,9075.815389241616,0.002899691277195071
2019-11-08,9115.991801049804,0.004426755072146248
2019-11-11,9101.04237800361,-0.001639911857365972
2019-11-12,9125.365211091566,0.0026725326701853144
2019-11-13,9121.132766423993,-0.0004638109894418588
2019-11-14,9119.108725605427,-0.00022190673794557605
2019-11-15,9182.978097268513,0.007003905050912389
2019-11-18,9197.780655512746,0.001611956174504818
2019-11-19,9209.275358269719,0.001249725687911899
2019-11-20,9148.708594949378,-0.006576713255289257
2019-11-21,9128.848449485415,-0.0021708140835228927
2019-11-22,9136.112541623264,0.0007957292946689071
2019-11-25,9246.913667827028,0.012127819759111369
2019-11-26,9262.342722002259,0.0016685625852561202
2019-11-27,9327.630969490827,0.007048783385382552
2019-11-29,9282.643371040249,-0.004823046558952072
2019-12-02,9178.843652709902,-0.01118212929026006
2019-12-03,9118.781465008195,-0.006543546221530289
2019-12-04,9165.108103828345,0.005080354101907384
2019-12-05,9178.384008953304,0.0014485268449166717
2019-12-06,9276.83363088503,0.010726247870615324
2019-12-09,9239.072413485479,-0.004070485566738474
2019-12-10,9229.90146851386,-0.0009926261599845975
2019-12-11,9283.45024618407,0.005801662981222457
2019-12-12,9354.633999295873,0.007667812206034408
2019-12-13,9377.80354251165,0.0024767984741595112
2019-12-16,9469.588785154492,0.009787498983824944
2019-12-17,9475.69087951252,0.0006443885258874855
2019-12-18,9481.29596214924,0.0005915223183186857
2019-12-19,9548.503112772178,0.0070883928622458405
2019-12-20,9589.778627957332,0.004322721027335071
2019-12-23,9609.650653838484,0.0020722090313136064
2019-12-24,9613.689509834829,0.00042029165698461644
2019-12-26,9701.112536235238,0.009093597864896196
2019-12-27,9693.184743971373,-0.00081720444271241
2019-12-30,9626.012607099627,-0.006929831489441348
2019-12-31,9651.97944818716,0.0026975698191358476
2020-01-02,9806.04579682934,0.015962150506973593
2020-01-03,9719.586889954198,-0.00881689813269051
2020-01-06,9780.267153766416,0.00624309083289674
2020-01-07,9778.083399196288,-0.0002232816891189699
2020-01-08,9851.049729545162,0.007462232358835435
2020-01-09,9936.551973660271,0.00867950588643061
2020-01-10,9911.24620509808,-0.0025467353896273287
2020-01-13,10026.530153428377,0.011631629963041174
2020-01-14,9985.483634305474,-0.004093791021898811
2020-01-15,9988.07717234593,0.0002597308388294091
2020-01-16,10086.929454816434,0.00989702830332539
2020-01-17,10140.903905321988,0.0053509297103076095
2020-01-21,10133.487597204978,-0.0007313261407712472
2020-01-22,10157.849715958242,0.0024041198570159965
2020-01-23,10189.364856569964,0.003102540546766595
2020-01-24,10105.997180294304,-0.008181832474269093
2020-01-27,9897.058031799665,-0.020674768136889028
2020-01-28,10050.55817398662,0.015509673853962633
2020-01-29,10062.472638684161,0.0011854530356711647
2020-01-30,10100.699936836882,0.003798996481814978
2020-01-31,9940.96246974067,-0.015814494846407092
2020-02-03,10090.225922678217,0.015014990086914521
2020-02-04,10320.116347839074,0.022783476497208015
2020-02-05,10357.176827467674,0.0035910912609391885
2020-02-06,10444.014565782642,0.008384305854918995
2020-02-07,10394.56998983111,-0.004734249999375187
2020-02-10,10522.87320745645,0.012343292483561806
2020-02-11,10524.11316149615,0.00011783417088236313
2020-02-12,10629.644898932516,0.010027613331113535
2020-02-13,10610.407815524854,-0.0018097578602645405
2020-02-14,10641.349078410167,0.0029161238119464216
2020-02-18,10648.68045790218,0.0006889520715833946
2020-02-19,10747.133161193422,0.009245530812992078
2020-02-20,10646.72894904969,-0.009342418172157753
2020-02-21,10446.53262064115,-0.018803552656086766
2020-02-24,10040.956744398396,-0.03882397068682705
2020-02-25,9770.389209308292,-0.02694638986877887
2020-02-26,9813.501359333311,0.004412531486866979
2020-02-27,9330.22759722887,-0.049245803756353984
2020-02-28,9358.151802388216,0.0029928750256467073
2020-03-02,9818.681766135436,0.04921163638633138
2020-03-03,9505.258078248895,-0.031921157580189444
2020-03-04,9897.746871780093,0.04129175560517825
2020-03-05,9590.809483999254,-0.031010834259255816
2020-03-06,9434.612518557928,-0.016286108664958436
2020-03-09,8790.875401408648,-0.06823143143219133
2020-03-10,9260.197421858238,0.05338740444147185
2020-03-11,8855.313781139841,-0.043723003114673295
2020-03-12,8034.185773266772,-0.09272714984102738
2020-03-13,8843.491355988488,0.10073274449473488
2020-03-16,7765.467304369202,-0.12190027764196189
2020-03-17,8267.258363984412,0.06461826957057433
2020-03-18,7936.864078068067,-0.039964190227280066
2020-03-19,8062.320303852497,0.015806775138193847
2020-03-20,7736.938697372074,-0.04035830805741405
2020-03-23,7751.1570700847005,0.0018377259105665483
2020-03-24,8356.228418588522,0.07806206777038113
2020-03-25,8263.173272016335,-0.0111360223668832
2020-03-26,8736.188888219956,0.057243821548013905
2020-03-27,8394.716665646476,-0.03908709243156673
2020-03-30,8727.571284053069,0.03965048871377963
2020-03-31,8644.12795720946,-0.009560887459730529
2020-04-01,8282.225428146956,-0.04186686393977637
2020-04-02,8447.564561604777,0.019963128858569847
2020-04-03,8328.668717051756,-0.01407457068672993
2020-04-06,8941.350902209897,0.07356303942114575
2020-04-07,8905.654930358513,-0.003992234757564551
2020-04-08,9105.154022581379,0.022401394819688402
2020-04-09,9115.197570846245,0.0011030618746214142
2020-04-13,9219.821037527854,0.01147791541197465
2020-04-14,9617.60216582087,0.04314412684084747
2020-04-15,9506.836494059335,-0.011516973758300762
2020-04-16,9690.469722689475,0.01931591321097072
2020-04-17,9773.095162734953,0.008526463877392481
2020-04-20,9656.22882971523,-0.011957965319455591
2020-04-21,9298.355100002816,-0.037061438375520214
2020-04-22,9587.961338376457,0.03114596455598401
2020-04-23,9562.468696656451,-0.0026588177424089706
2020-04-24,9723.134638321071,0.016801722103497937
2020-04-27,9779.947776392117,0.005843088693550815
2020-04-28,9602.92609351095,-0.018100473226296807
2020-04-29,9940.728812357627,0.03517706119543514
2020-04-30,9960.477691593847,0.001986663111830465
2020-05-01,9648.141347720119,-0.03135756672968859
2020-05-04,9776.745933086722,0.013329467379433904
2020-05-05,9883.658126143315,0.01093535556598419
2020-05-06,9943.79170800428,0.006084142236962503
2020-05-07,10073.406919302623,0.013034787443707974
2020-05-08,10204.629645785915,0.013026648038196814
2020-05-11,10291.913268920123,0.008553335707803101
2020-05-12,10085.640575535954,-0.020042210616667347
2020-05-13,9961.37716481621,-0.012320824819115783
2020-05-14,10065.910819671755,0.010493895886681412
2020-05-15,10130.446159951043,0.006411276777176234
2020-05-18,10329.214133176543,0.019620850857615234
2020-05-19,10292.365878064129,-0.003567382245863263
2020-05-20,10498.886491558824,0.020065417022809843
2020-05-21,10380.52778488887,-0.011273453310035693
2020-05-22,10420.486914743587,0.003849431424179312
2020-05-26,10394.354037051364,-0.0025078365249180563
2020-05-27,10452.104324516846,0.005555928464590355
2020-05-28,10424.164976983493,-0.0026730834926529117
2020-05-29,10577.936763725547,0.014751472859608568
2020-06-01,10626.285392516236,0.004570705031673972
2020-06-02,10691.071475457047,0.006096776112039875
2020-06-03,10743.637162938043,0.004916783841700857
2020-06-04,10660.689218177786,-0.007720657678797892
2020-06-05,10876.382183125172,0.020232553499411932
2020-06-08,10962.11892368941,0.007882836325599196
2020-06-09,11034.917817049582,0.006640950884308635
2020-06-10,11175.740106319814,0.012761516814620446
2020-06-11,10615.890870377918,-0.050095047899807954
2020-06-12,10699.361355158968,0.007862786628106825
2020-06-15,10824.945577859877,0.011737543815206792
2020-06-16,11016.030304785658,0.017652257514957338
2020-06-17,11052.807373035996,0.0033385046366803065
2020-06-18,11085.665661632724,0.0029728454941581953
2020-06-19,11082.008125260774,-0.0003299338518396662
2020-06-22,11217.102927225087,0.012190462273382734
2020-06-23,11305.240071290555,0.00785738925971257
2020-06-24,11076.018460064373,-0.020275696029515167
2020-06-25,11185.903417134356,0.009920979950167472
2020-06-26,10906.45890483654,-0.024981845620959734
2020-06-29,11030.606674440072,0.011382958546561725
2020-06-30,11247.423816962744,0.019655958092049244
2020-07-01,11383.086150224159,0.012061636110556702
2020-07-02,11452.574035034046,0.006104485540462844
2020-07-06,11743.388349516476,0.02539292159062343
2020-07-07,11654.862699530238,-0.007538339647081596
2020-07-08,11813.00957962678,0.013569175731509609
2020-07-09,11910.470659156485,0.00825031748876189
2020-07-10,12001.122816874255,0.007611131441567155
2020-07-13,11742.220993315099,-0.02157313340674463
2020-07-14,11839.044191962552,0.008245731254979271
2020-07-15,11852.638001638155,0.0011482185094664054
2020-07-16,11769.454443237619,-0.007018147216597693
2020-07-17,11790.357702958063,0.0017760602091846224
2020-07-20,12130.60444281582,0.02885805065713945
2020-07-21,11998.917351142461,-0.01085577328764919
2020-07-22,12040.780303476904,0.003488894131807448
2020-07-23,11719.518379625519,-0.026681154854940468
2020-07-24,11611.692355179417,-0.009200550820719607
2020-07-27,11823.902585526475,0.018275564306730878
2020-07-28,11666.869539295156,-0.013280982746216322
2020-07-29,11811.5267933588,0.012398977598611595
2020-07-30,11869.840843538423,0.004937045921312189
2020-07-31,12080.84497862509,0.017776492361439952
2020-08-03,12246.50550514156,0.013712660563857724
2020-08-04,12292.564218148902,0.003760967811430386
2020-08-05,12324.710148417806,0.0026150711681003054
2020-08-06,12481.749603664643,0.012741837605568069
2020-08-07,12340.426735636509,-0.011322360447500167
2020-08-10,12280.755284128654,-0.0048354447367316335
2020-08-11,12049.244850694555,-0.0188514816945582
2020-08-12,12361.39276968145,0.025906015095120406
2020-08-13,12384.402170605972,0.001861392268107317
2020-08-14,12369.112309447726,-0.0012346063174963388
2020-08-17,12507.020465327778,0.011149397986686132
2020-08-18,12629.536419570913,0.00979577466773777
2020-08-19,12540.60302916871,-0.007041698717016338
2020-08-20,12716.248639300058,0.01400615343000716
2020-08-21,12802.927823679634,0.0068164115721746285
2020-08-24,12882.015013334707,0.0061772737255300055
2020-08-25,12988.123199408914,0.008236924577744192
2020-08-26,13265.413270765484,0.021349510402641565
2020-08-27,13214.82845721631,-0.0038132859125205804
2020-08-28,13292.189549340404,0.005854112474827387
2020-08-31,13419.87580562242,0.00960611160471688
2020-09-01,13621.870437710166,0.015051900257014276
2020-09-02,13763.499378361314,0.010397172789066463
2020-09-03,13044.285133885433,-0.0522551877763452
2020-09-04,12879.045834264802,-0.01266756268546941
2020-09-08,12265.824571893316,-0.04761387374987108
2020-09-09,12628.989885021832,0.029607900471746235
2020-09-10,12361.236959908329,-0.02120145217877341
2020-09-11,12287.428131378114,-0.005970990506014995
2020-09-14,12498.78425567492,0.017201005941761736
2020-09-15,12677.470550292652,0.014296294020484528
2020-09-16,12465.624927398007,-0.01671040149959216
2020-09-17,12281.060898573063,-0.014805838447721273
2020-09-18,12121.62923948738,-0.012981912589018076
2020-09-21,12169.940315319673,0.003985526605195546
2020-09-22,12398.556600562555,0.018785325097699663
2020-09-23,12007.392306300027,-0.03154918002671203
2020-09-24,12077.503052399497,0.005838965223338552
2020-09-25,12359.89351879022,0.023381527221772683
2020-09-28,12596.73215518481,0.019161867052862075
2020-09-29,12550.866410425873,-0.0036410827978159387
2020-09-30,12656.42434553701,0.008410410218648379
2020-10-01,12839.609737485549,0.014473708130142971
2020-10-02,12476.712107843758,-0.028263914329288674
2020-10-05,12757.966640483635,0.022542359734586022
2020-10-06,12516.679085358948,-0.018912696821061746
2020-10-07,12751.731528413367,0.01877913793678439
2020-10-08,12804.800131440898,0.004161678193215085
2020-10-09,12998.83314124623,0.015153146305572109
2020-10-12,13400.836391505789,0.03092610281948872
2020-10-13,13395.502720612245,-0.00039801029859029346
2020-10-14,13287.21248039031,-0.008084074370370984
2020-10-15,13191.136916254898,-0.0072306786902973175
2020-10-16,13139.836947056392,-0.0038889725369532667
2020-10-19,12898.772158811553,-0.01834610195059111
2020-10-20,12947.126101685493,0.0037487244738182188
2020-10-21,12933.438675423067,-0.0010571787248326184
2020-10-22,12930.849079694539,-0.00020022484302256388
2020-10-23,12963.871369129072,0.0025537603316698764
2020-10-26,12755.78962237176,-0.016050895664764045
2020-10-27,12860.626063650194,0.008218733953919092
2020-10-28,12354.951024948019,-0.03931962846905522
2020-10-29,12585.688263385757,0.0186756902533904
2020-10-30,12255.633142524723,-0.026224638172647977
2020-11-02,12291.296200598237,0.002909931919369599
2020-11-03,12507.818548029818,0.017615908354811617
2020-11-04,13059.176233081927,0.04408104282412676
2020-11-05,13393.140498917553,0.025573149475509496
2020-11-06,13408.009150365824,0.0011101691533417421
2020-11-09,13119.06114096127,-0.021550403655316065
2020-11-10,12890.650691923162,-0.017410578896148957
2020-11-11,13188.693936481948,0.023120884405434253
2020-11-12,13115.876489643137,-0.005521202265327208
2020-11-13,13238.778601284648,0.009370484064756152
2020-11-16,13322.973858658337,0.006359745102582116
2020-11-17,13283.313410149927,-0.002976846530599208
2020-11-18,13191.650019222956,-0.0069006420383734305
2020-11-19,13292.402243583156,0.007637575603763122
2020-11-20,13204.940280791729,-0.006579846230100975
2020-11-23,13204.807876606512,-1.0026867399656589e-05
2020-11-24,13397.78677573066,0.01461429056200262
2020-11-25,13478.239886664545,0.006004955316920142
2020-11-27,13596.082491849,0.008743174641152374
2020-11-30,13607.730535560988,0.0008567205824892861
2020-12-01,13815.302607275185,0.015253981637257606
2020-12-02,13816.647742559138,9.736560408340237e-05
2020-12-03,13828.685591214784,0.0008712568258193383
2020-12-04,13896.883079574014,0.004931595841802683
2020-12-07,13972.743422604855,0.005458802711116091
2020-12-08,14016.430714866612,0.003126608064031262
2020-12-09,13715.879038740979,-0.02144281110074987
2020-12-10,13757.179573104362,0.003011147462494347
2020-12-11,13728.118446910436,-0.0021124334417166736
2020-12-14,13824.845070594814,0.007045876247239625
2020-12-15,13973.322418627959,0.010739892365879291
2020-12-16,14053.610979873472,0.005745846180324416
2020-12-17,14146.836439478044,0.006633559142777134
2020-12-18,14131.58903782137,-0.00107779585364575
2020-12-21,14078.878893555218,-0.003729951679537106
2020-12-22,14109.316189344869,0.0021619118979411362
2020-12-23,14037.99668110858,-0.005054781342992957
2020-12-24,14102.350002935938,0.004584224037747501
2020-12-28,14244.79547577362,0.01010083232993277
2020-12-29,14250.084278538052,0.00037127965602782204
2020-12-30,14252.310922495366,0.00015625479216759136
2020-12-31,14300.083814443762,0.00335194006138289
2021-01-04,14085.78284453459,-0.014985993976673006
2021-01-05,14205.430650333332,0.008494224788164032
2021-01-06,14006.904764430066,-0.01397535145466415
2021-01-07,14357.906168596322,0.02505916975016559
2021-01-08,14541.817133169427,0.0128090379205399
2021-01-11,14317.268144294057,-0.015441604499562934
2021-01-12,14305.853289334767,-0.0007972788414834416
2021-01-13,14396.46049253818,0.0063335755911155455
2021-01-14,14313.4279661333,-0.005767565329541544
2021-01-15,14208.400106049921,-0.007337715348963403
2021-01-19,14422.635869799284,0.015078106060522624
2021-01-20,14755.581105343526,0.023084908927183158
2021-01-21,14876.161474924498,0.008171848246444532
2021-01-22,14833.466718925643,-0.002870011600157862
2021-01-25,14963.576449195669,0.008771363615493943
2021-01-26,14971.365165218984,0.0005205116604147104
2021-01-27,14552.503863877811,-0.02797749548680165
2021-01-28,14651.271046899952,0.006786954598740842
2021-01-29,14344.923769752597,-0.02090926283233122
2021-02-01,14704.351993094542,0.02505612641175737
2021-02-02,14934.464968525534,0.015649310866541918
2021-02-03,14874.940703627733,-0.003985697848784516
2021-02-04,15051.008325197276,0.011836525945048196
2021-02-05,15098.942962441848,0.003184812353357358
2021-02-08,15200.406961893535,0.0067199405749181085
2021-02-09,15191.727443331465,-0.0005710056700343179
2021-02-10,15156.553695635243,-0.0023153224560820327
2021-02-11,15244.460765212925,0.005799937858102869
2021-02-12,15326.009349159443,0.005349391179031144
2021-02-16,15288.885830395933,-0.0024222560431587862
2021-02-17,15206.813263864928,-0.005368119524304186
2021-02-18,15137.903970194957,-0.00453147496942808
2021-02-19,15075.065271765472,-0.0041510831719641424
2021-02-22,14679.136864482123,-0.02626379389712466
2021-02-23,14647.040533959133,-0.0021865270975606403
2021-02-24,14766.479178772273,0.00815445581216385
2021-02-25,14240.564494213426,-0.035615442123460496
2021-02-26,14330.750855185965,0.00633306081435072
2021-03-01,14745.760689626086,0.028959392193322452
2021-03-02,14498.331659035812,-0.016779672191774116
2021-03-03,14080.35902999303,-0.02882901556347612
2021-03-04,13836.993962461804,-0.01728401008900594
2021-03-05,14064.153433817733,0.016416822322260733
2021-03-08,13654.394587762054,-0.02913498121190866
2021-03-09,14204.516706054452,0.04028901572724828
2021-03-10,14157.546309762261,-0.003306722591425465
2021-03-11,14491.656572288972,0.023599446910961355
2021-03-12,14363.43050424644,-0.00884826847799624
2021-03-15,14525.069897269734,0.0112535367491426
2021-03-16,14602.627034152514,0.005339536224700683
2021-03-17,14658.379756050786,0.0038179925959812688
2021-03-18,14199.694868290015,-0.03129164992272977
2021-03-19,14286.255682513407,0.006095962978521125
2021-03-22,14530.36511248902,0.01708701253852021
2021-03-23,14454.19051692964,-0.00524244194620445
2021-03-24,14211.252413767055,-0.016807451297811582
2021-03-25,14190.979853096253,-0.001426514713873001
2021-03-26,14411.633065205046,0.015548835555611623
2021-03-29,14397.155352471364,-0.001004585161735509
2021-03-30,14320.430802616884,-0.005329146485962485
2021-03-31,14536.98628800371,0.015122134827623632
2021-04-01,14801.471233705051,0.0181939323915851
2021-04-05,15100.306984827406,0.020189597804430668
2021-04-06,15078.563172565247,-0.0014399582925039307
2021-04-07,15121.159996408964,0.002824992232762649
2021-04-08,15278.770640133205,0.010423184713452651
2021-04-09,15375.006916846665,0.006298692413162742
2021-04-12,15346.871304146525,-0.0018299577263481887
2021-04-13,15532.620665330214,0.01210340254391161
2021-04-14,15329.99361228015,-0.013045258582947411
2021-04-15,15576.982054313503,0.016111451072980235
2021-04-16,15594.576686145047,0.0011295276434288744
2021-04-19,15445.903424289228,-0.009533651656470282
2021-04-20,15336.788799275479,-0.0070643083810923435
2021-04-21,15476.693911208311,0.009122190685669572
2021-04-22,15284.925101041954,-0.012390812357378059
2021-04-23,15483.951184483147,0.01302107024571725
2021-04-26,15578.452038313106,0.006103148524819699
2021-04-27,15505.417597492311,-0.00468817059879729
2021-04-28,15440.400988583699,-0.004193154328144524
2021-04-29,15516.707529324292,0.00494200512001035
2021-04-30,15395.28850815942,-0.007825050574383121
2021-05-03,15327.895670340642,-0.004377497556025673
2021-05-04,15044.735913262797,-0.018473491937041037
2021-05-05,14998.993856494333,-0.0030404027715860518
2021-05-06,15121.708751260123,0.00818154177139394
2021-05-07,15239.471758300302,0.0077876785604911155
2021-05-10,14839.381343740417,-0.0262535618626002
2021-05-11,14830.836027031202,-0.0005758539733746356
2021-05-12,14442.579514650024,-0.02617900377790759
2021-05-13,14562.142401317553,0.00827849945684896
2021-05-14,14877.714745668327,0.021670736053386205
2021-05-17,14789.00496672249,-0.005962594421408994
2021-05-18,14683.345811014851,-0.0071444398014192155
2021-05-19,14705.947781027384,0.0015392929039087454
2021-05-20,14990.666173217116,0.019360764530733432
2021-05-21,14899.314485305114,-0.0060939044907300476
2021-05-24,15155.22811137093,0.01717620138283674
2021-05-25,15173.113873380451,0.0011801710853892756
2021-05-26,15223.250950988846,0.003304336738443354
2021-05-27,15173.51324078763,-0.0032672200150510415
2021-05-28,15205.486777382908,0.0021071940352833263
2021-06-01,15170.557417583947,-0.0022971549882189316
2021-06-02,15194.244097816912,0.0015613585961917077
2021-06-03,15032.044381696149,-0.010675076369483172
2021-06-04,15300.037314755948,0.017828109487630372
2021-06-07,15336.126707057578,0.002358778057804137
2021-06-08,15345.116475118766,0.0005861824326903517
2021-06-09,15349.784257221268,0.0003041868147478646
2021-06-10,15511.48392822918,0.010534328580666412
2021-06-11,15553.786542298103,0.0027271803435865113
2021-06-14,15698.530073933744,0.00930599961893622
2021-06-15,15590.008480357628,-0.006912850634105405
2021-06-16,15537.476249854391,-0.0033696088471935645
2021-06-17,15738.511681938859,0.012938744288433035
2021-06-18,15611.719819715985,-0.008056153261834663
2021-06-21,15709.526027080432,0.006264922026138833
2021-06-22,15857.666706321832,0.00942999037565044
2021-06-23,15862.050617091678,0.0002764537085458282
2021-06-24,15964.112255638442,0.006434328133891343
2021-06-25,15941.160527916281,-0.001437707738120744
2021-06-28,16141.38354561769,0.01256012806287065
2021-06-29,16194.611114449128,0.003297584044206009
2021-06-30,16174.80536548336,-0.0012229839188972788
2021-07-01,16180.78151724094,0.0003694728698455078
2021-07-02,16367.157308493724,0.011518342983260675
2021-07-06,16432.999293202596,0.004022811259637987
2021-07-07,16460.016097590476,0.0016440580265255397
2021-07-08,16361.91513985546,-0.005959955151524823
2021-07-09,16477.586701498916,0.007069561274138073
2021-07-12,16535.59015136443,0.0035201422948809564
2021-07-13,16532.01186265028,-0.00021639921414314355
2021-07-14,16560.94284109336,0.0017499974403260223
2021-07-15,16443.55326848146,-0.007088338733989026
2021-07-16,16317.759069413738,-0.0076500618214216335
2021-07-19,16171.153273419823,-0.008984431953571095
2021-07-20,16370.384954866184,0.0123201900370231
2021-07-21,16497.706147099383,0.007777531963006828
2021-07-22,16606.267302188004,0.00658037875815298
2021-07-23,16797.17160392566,0.011495918875911691
2021-07-26,16813.352623302377,0.000963318096538004
2021-07-27,16625.66915947833,-0.011162762598812518
2021-07-28,16693.764988584462,0.004095824862923508
2021-07-29,16727.54764564763,0.00202366914151902
2021-07-30,16629.363392643798,-0.005869614308310253
2021-08-02,16633.935904401184,0.0002749661336649886
2021-08-03,16742.79867307569,0.006544618742080401
2021-08-04,16767.3680759047,0.001467460925067274
2021-08-05,16876.734153137113,0.006522554806295272
2021-08-06,16796.531746616816,-0.004752246838313238
2021-08-09,16823.375538680397,0.0015981746987134746
2021-08-10,16735.110070793206,-0.005246596777457162
2021-08-11,16706.552618065172,-0.001706439492015779
2021-08-12,16774.75814193158,0.00408256122167621
2021-08-13,16827.934370207266,0.0031700146032366625
2021-08-16,16832.923952580666,0.00029650593255444574
2021-08-17,16679.71515864834,-0.009101733861800966
2021-08-18,16518.754619002688,-0.009650077241408846
2021-08-19,16603.41704006885,0.0051252302621389
2021-08-20,16779.925978243074,0.01063088024279928
2021-08-23,17025.241360360505,0.014619574748750773
2021-08-24,17075.267283445657,0.0029383385542847435
2021-08-25,17087.914054566798,0.0007406485012041133
2021-08-26,16987.55274198226,-0.005873233693946047
2021-08-27,17159.405986276543,0.010116421529604533
2021-08-30,17351.25429019391,0.011180358112093076
2021-08-31,17326.299774299154,-0.0014381966558382375
2021-09-01,17358.7636894743,0.0018736784886581725
2021-09-02,17350.776646451952,-0.0004601158910407858
2021-09-03,17404.979502410264,0.003123944078283944
2021-09-07,17431.053204627176,0.0014980599209153001
2021-09-08,17370.14747764452,-0.003494093344083598
2021-09-09,17303.80307392169,-0.0038194496510876724
2021-09-10,17170.181831954236,-0.007722073661877807
2021-09-13,17163.683403800664,-0.00037847171434597876
2021-09-14,17106.452943479224,-0.0033343926810467978
2021-09-15,17240.74871732501,0.007850591486704259
2021-09-16,17254.66708656831,0.0008072949424359038
2021-09-17,17051.933614106423,-0.011749486179290168
2021-09-20,16695.095381426585,-0.0209265553546748
2021-09-21,16712.56830773918,0.0010465903855831741
2021-09-22,16878.13041683371,0.009906443225596915
2021-09-23,17034.053315833007,0.009238161760131038
2021-09-24,17048.771580032,0.0008640494382692378
2021-09-27,16910.358012477318,-0.008118682739394359
2021-09-28,16427.24577766955,-0.02856901281754691
2021-09-29,16408.02672761798,-0.0011699496258643337
2021-09-30,16337.802274631053,-0.004279884117248835
2021-10-01,16451.668008260654,0.006969464540919986
2021-10-04,16096.47151297591,-0.021590302886393967
2021-10-05,16321.318490594012,0.013968712176258407
2021-10-06,16424.455901019443,0.006319183740263808
2021-10-07,16569.61627157727,0.008838062669023814
2021-10-08,16484.806431259138,-0.00511839495423996
2021-10-11,16366.203924141348,-0.0071946557341972025
2021-10-12,16308.930054499418,-0.003499520713990774
2021-10-13,16434.197697800042,0.007680923450037353
2021-10-14,16743.36867624869,0.0188126602912922
2021-10-15,16848.631345132533,0.006286827395323663
2021-10-18,17020.34255809963,0.010191404242262113
2021-10-19,17142.664031779783,0.007186780951241466
2021-10-20,17118.330715118682,-0.001419459461842694
2021-10-21,17230.699244858926,0.006564222388868804
2021-10-22,17081.209571588704,-0.008675775204817878
2021-10-25,17258.666299148976,0.01038900241909306
2021-10-26,17309.21131746318,0.0029286746402124525
2021-10-27,17352.637516124865,0.002508849066847495
2021-10-28,17552.77718897922,0.011533674501549174
2021-10-29,17633.37399988425,0.004591684269520153
2021-11-01,17694.812959731593,0.003484242995568833
2021-11-02,17769.74001581431,0.004234407916785122
2021-11-03,17961.260644493694,0.010777908315424916
2021-11-04,18185.86016594152,0.012504663558606188
2021-11-05,18200.638390727945,0.0008126217100305196
2021-11-08,18175.139035431737,-0.0014010143352553065
2021-11-09,18046.1389756002,-0.007097610619652329
2021-11-10,17785.53952882047,-0.01444073145685509
2021-11-11,17837.87638025242,0.002942663130749378
2021-11-12,18024.305828194374,0.010451325256875327
2021-11-15,18012.796985221732,-0.0006385179591570364
2021-11-16,18147.195924062515,0.007461303147481675
2021-11-17,18145.463504181578,-9.546487998403202e-05
2021-11-18,18340.228176640707,0.010733518733993381
2021-11-19,18440.941624170922,0.005491395557362294
2021-11-22,18227.390155615005,-0.01158029090423506
2021-11-23,18144.919614582188,-0.004524539186835424
2021-11-24,18213.05515574835,0.0037550753937430513
2021-11-26,17832.56278872923,-0.020891188423103713
2021-11-29,18248.82427458257,0.0233427741589915
2021-11-30,17955.965782443785,-0.0160480745352283
2021-12-01,17668.799620641174,-0.015992799567672664
2021-12-02,17794.74595551189,0.007128177214912973
2021-12-03,17484.738370222993,-0.01742129873974819
2021-12-06,17634.45022472706,0.008562430351204646
2021-12-07,18168.2179484505,0.030268464109813115
2021-12-08,18244.808641194948,0.00421564145486142
2021-12-09,17972.570816258685,-0.014921385600152274
2021-12-10,18175.7292467251,0.011303804700139555
2021-12-13,17898.61865150831,-0.015246188554812395
2021-12-14,17712.19425034762,-0.010415574787665482
2021-12-15,18129.353856048005,0.023552113295742447
2021-12-16,17655.789428444503,-0.026121417859882538
2021-12-17,17586.40703437596,-0.003929724827640117
2021-12-20,17393.414718527878,-0.010973947974184923
2021-12-21,17792.730118471667,0.02295784964630466
2021-12-22,18008.652295332497,0.012135415724463102
2021-12-23,18151.353327950208,0.007924026200155962
2021-12-27,18440.584656363524,0.015934422254231816
2021-12-28,18352.99285240898,-0.004749947227097127
2021-12-29,18355.769464168563,0.00015128931732882102
2021-12-30,18287.019773645472,-0.0037453995408523576
2021-12-31,18165.8313392489,-0.006627019377494394
2022-01-03,18368.906050781407,0.011178938510441123
2022-01-04,18122.08496780665,-0.013436896148981864
2022-01-05,17556.98857204284,-0.031182747281435188
2022-01-06,17550.168981021867,-0.0003884260101321642
2022-01-07,17357.721229243063,-0.010965578279440603
2022-01-10,17383.449633919863,0.0014822455284888843
2022-01-11,17639.48596531372,0.014728741232940525
2022-01-12,17707.7044996707,0.003867376548904386
2022-01-13,17252.145981058555,-0.025726571087778052
2022-01-14,17381.583319752568,0.007502680468628361
2022-01-18,16936.60375124373,-0.02560063489746426
2022-01-19,16755.514048094952,-0.01069220876915646
2022-01-20,16531.59299879089,-0.01336402145952197
2022-01-21,16077.524531317817,-0.027466709802635634
2022-01-24,16157.6838457652,0.004985799542164599
2022-01-25,15756.581191708052,-0.02482426676285498
2022-01-26,15783.200445404735,0.0016894054219509789
2022-01-27,15594.56728206515,-0.011951515409823187
2022-01-28,16097.670909498147,0.03226146762094522
2022-01-31,16628.054057054505,0.032947819006749354
2022-02-01,16728.18751673426,0.00602195899388906
2022-02-02,16862.21614137038,0.008012142648571068
2022-02-03,16151.242173869185,-0.042163732307811244
2022-02-04,16366.772531170329,0.013344506569893836
2022-02-07,16230.576775253923,-0.008321479122229046
2022-02-08,16426.676410430955,0.012082111307098724
2022-02-09,16772.212621562314,0.021035065310712704
2022-02-10,16381.183561864062,-0.023314101038496644
2022-02-11,15878.211177682486,-0.030704276176509695
2022-02-14,15895.529531126092,0.0010906992764996987
2022-02-15,16288.217793132697,0.024704320874473298
2022-02-16,16269.381991270606,-0.0011564065572620575
2022-02-17,15788.521075304368,-0.029556188195977235
2022-02-18,15608.11065216171,-0.011426682859159473
2022-02-22,15454.401921101999,-0.009848003674834429
2022-02-23,15052.355931247452,-0.026014982133056756
2022-02-24,15571.011898856706,0.034456796662146856
2022-02-25,15810.293417160152,0.015367114215680093
2022-02-28,15865.385398500548,0.0034845641308971975
2022-03-01,15607.360792728388,-0.016263368288333302
2022-03-02,15872.528920358167,0.016989940269294034
2022-03-03,15640.503871726149,-0.01461802651588956
2022-03-04,15420.839683706898,-0.014044572337362084
2022-03-07,14843.942307045942,-0.0374102440913439
2022-03-08,14786.512011566901,-0.003868938203281702
2022-03-09,15315.72102370229,0.035789982906138246
2022-03-10,15147.493527220358,-0.010983974977187609
2022-03-11,14825.488867908665,-0.02125794995277899
2022-03-14,14541.896717625008,-0.01912868795156719
2022-03-15,15001.297196168154,0.031591510204191355
2022-03-16,15556.918128091458,0.03703819240813577
2022-03-17,15737.569265214024,0.011612270221848185
2022-03-18,16073.91294360794,0.021372022116360998
2022-03-21,16025.776126508094,-0.0029947167978776478
2022-03-22,16336.24330565333,0.019372988658670556
2022-03-23,16106.035005620424,-0.014091875085702192
2022-03-24,16460.99547119574,0.022038972686415186
2022-03-25,16448.615560372593,-0.0007520754649869907
2022-03-28,16709.391681486744,0.01585398601827637
2022-03-29,16990.56756949146,0.01682741618393241
2022-03-30,16803.83458412369,-0.01099039126291871
2022-03-31,16544.300334309202,-0.015444941957456507
2022-04-01,16569.940413676435,0.0015497832394919704
2022-04-04,16903.542865925665,0.020132990458667056
2022-04-05,16525.926016711965,-0.022339509072675214
2022-04-06,16167.451688170222,-0.021691633387395926
2022-04-07,16204.472566570525,0.0022898400511314142
2022-04-08,15976.680031921485,-0.014057386546413721
2022-04-11,15601.7202297552,-0.02346919393873539
2022-04-12,15546.28492643436,-0.0035531532744134805
2022-04-13,15855.543285147261,0.019892749951279393
2022-04-14,15494.415052611741,-0.022776150021539106
2022-04-18,15515.142358328103,0.0013377275389862314
2022-04-19,15849.47391395491,0.021548726264013152
2022-04-20,15613.615236035279,-0.014881167614778942
2022-04-21,15303.742543733582,-0.01984631282488183
2022-04-22,14898.49177824845,-0.026480500722424277
2022-04-25,15096.028406319321,0.013258833914938395
2022-04-26,14512.345015845951,-0.03866469873818164
2022-04-27,14505.531951226987,-0.00046946683058626907
2022-04-28,15010.798923989569,0.034832708959690505
2022-04-29,14340.347846166025,-0.04466458322561763
2022-05-02,14587.744683028079,0.01725180166589878
2022-05-03,14603.690985451367,0.0010931300738928331
2022-05-04,15101.329075210057,0.034076185962470036
2022-05-05,14337.20081782057,-0.05060006662882797
2022-05-06,14162.282636193235,-0.012200302126613204
2022-05-09,13598.737523302492,-0.039791969089117224
2022-05-10,13775.439323657716,0.012993985658773908
2022-05-11,13353.591005650704,-0.030623220653481196
2022-05-12,13329.2248911523,-0.0018246862951017343
2022-05-13,13822.561365062966,0.03701164005703985
2022-05-16,13662.851425401721,-0.011554294131398628
2022-05-17,14020.780530242007,0.026197247828870576
2022-05-18,13311.538308630626,-0.05058507406785136
2022-05-19,13252.99743674433,-0.00439775407838036
2022-05-20,13208.593874731545,-0.003350454282113856
2022-05-23,13431.037372678435,0.0168408159154952
2022-05-24,13136.155395491165,-0.021955264437512587
2022-05-25,13330.699561479172,0.014809825259434877
2022-05-26,13702.455169893003,0.02788717926612559
2022-05-27,14154.328863046061,0.03297757135859221
2022-05-31,14111.496751428398,-0.0030260785963146415
2022-06-01,14007.12420979807,-0.007396277196447209
2022-06-02,14391.96725357458,0.027474807677318174
2022-06-03,14007.2779457712,-0.026729445740493362
2022-06-06,14065.66153665192,0.004168089696424316
2022-06-07,14191.01117372544,0.00891174842696792
2022-06-08,14083.489476456785,-0.007576746713280626
2022-06-09,13698.20425415119,-0.027357227265989218
2022-06-10,13210.629408462573,-0.035594070335230876
2022-06-13,12603.466367043533,-0.04596019028662629
2022-06-14,12629.793894534703,0.002088911631486883
2022-06-15,12944.97879117681,0.024955664302526548
2022-06-16,12424.686161525831,-0.040192621250612445
2022-06-17,12579.472947609713,0.012458003692937878
2022-06-21,12893.914881934516,0.024996431538457396
2022-06-22,12872.882543085996,-0.0016311833171775585
2022-06-23,13062.926225860716,0.014763102369546036
2022-06-24,13518.97745935605,0.034911873925498216
2022-06-27,13410.728931820542,-0.008007153489304239
2022-06-28,12997.24014711485,-0.030832685293084996
2022-06-29,13020.365833950284,0.0017792767213405016
2022-06-30,12848.01255156757,-0.013237207355058041
2022-07-01,12939.789528218225,0.00714328198873521
2022-07-05,13157.673827117114,0.016838318615904905
2022-07-06,13239.110758562338,0.006189310703035292
2022-07-07,13525.818199244268,0.021656095028625946
2022-07-08,13544.657079937706,0.00139280895365658
2022-07-11,13248.94540589832,-0.02183234852637166
2022-07-12,13120.403461958278,-0.009702050993644752
2022-07-13,13102.26032557711,-0.0013828184806795396
2022-07-14,13147.044285463844,0.003418033131223344
2022-07-15,13387.72180491214,0.01830658771830587
2022-07-18,13269.916137600168,-0.008799530572016255
2022-07-19,13685.684066008334,0.03133161687662007
2022-07-20,13898.507321157347,0.015550794108831516
2022-07-21,14099.5735656909,0.014466750988969596
2022-07-22,13850.747027672172,-0.017647805932528873
2022-07-25,13775.47677424826,-0.00543438222310543
2022-07-26,13505.875792070015,-0.019571081756112663
2022-07-27,14081.106808093713,0.04259116734669265
2022-07-28,14211.436572259787,0.00925564772302995
2022-07-29,14468.823913959666,0.018111282444330107
2022-08-01,14461.598053205138,-0.0004994089911866592
2022-08-02,14418.082987909005,-0.0030090080733843477
2022-08-03,14811.34650355158,0.027275714529619764
2022-08-04,14876.195202759987,0.004378312207661792
2022-08-05,14760.97012052419,-0.007745601658575906
2022-08-08,14707.557784266537,-0.0036184841390192266
2022-08-09,14539.075260322175,-0.011455506510033705
2022-08-10,14953.058331353981,0.02847382406510991
2022-08-11,14856.845157616883,-0.006434347516411131
2022-08-12,15163.2456120277,0.02062352075155952
2022-08-15,15277.332302881427,0.007523896517459961
2022-08-16,15241.88048491753,-0.0023205502937976028
2022-08-17,15058.448676653987,-0.012034722910014702
2022-08-18,15097.99941283783,0.002626481454571014
2022-08-19,14804.179135286446,-0.019460874882638333
2022-08-22,14411.10486678837,-0.026551574721300552
2022-08-23,14401.591199839755,-0.0006601622177172254
2022-08-24,14442.185063381006,0.002818706834401778
2022-08-25,14694.809390510016,0.01749211258686572
2022-08-26,14093.129022260095,-0.04094509511899417
2022-08-29,13958.801129947213,-0.009531445578956372
2022-08-30,13800.71492149048,-0.011325199562989267
2022-08-31,13721.953945232313,-0.00570702146274472
2022-09-01,13725.105592152982,0.00022967916473477863
2022-09-02,13528.362191904382,-0.014334563688973304
2022-09-06,13431.942383662648,-0.0071272343890550205
2022-09-07,13709.614174987699,0.020672497200612164
2022-09-08,13778.980216137517,0.005059663989404823
2022-09-09,14077.939043819617,0.02169673103470806
2022-09-12,14248.075500032877,0.012085324114821659
2022-09-13,13458.640219394501,-0.05540644984907293
2022-09-14,13571.605314419654,0.008393499876931457
2022-09-15,13340.441615893102,-0.01703289280605166
2022-09-16,13266.748642317909,-0.005524028041725279
2022-09-19,13370.26750408866,0.007802881064660349
2022-09-20,13256.727035733062,-0.00849201172084838
2022-09-21,13017.880575774685,-0.01801700067554945
2022-09-22,12865.838666808408,-0.011679467182178353
2022-09-23,12653.084193912662,-0.016536385882454374
2022-09-26,12589.884089540938,-0.004994837891154675
2022-09-27,12609.852369669621,0.0015860575035216754
2022-09-28,12858.53105848937,0.019720983365189546
2022-09-29,12490.651402481371,-0.028609773101968796
2022-09-30,12274.337922706112,-0.017318030325647202
2022-10-03,12564.23873123105,0.023618447719991102
2022-10-04,12959.209727759353,0.03143612637242574
2022-10-05,12948.978655044439,-0.0007894827639836569
2022-10-06,12851.116656863396,-0.007557507104463351
2022-10-07,12352.2934688185,-0.03881555209278172
2022-10-10,12227.105244763401,-0.010134816208108858
2022-10-11,12075.576419307718,-0.012392861795360817
2022-10-12,12069.389489338164,-0.0005123506948836281
2022-10-13,12347.088037188838,0.023008499982206058
2022-10-14,11965.141336773759,-0.03093415218751766
2022-10-17,12380.39116548749,0.03470496645430333
2022-10-18,12475.98274226708,0.00772120811869565
2022-10-19,12426.569719232439,-0.003960651762304549
2022-10-20,12363.377864413242,-0.00508522112272021
2022-10-21,12658.649314198103,0.023882748956073688
2022-10-24,12793.583824337646,0.010659471385165696
2022-10-25,13062.145537672588,0.020991906335427944
2022-10-26,12766.794630936243,-0.02261120930589241
2022-10-27,12527.196859172669,-0.018767261375301235
2022-10-28,12924.324480700016,0.03170123579853873
2022-10-31,12767.620537277013,-0.01212472989648392
2022-11-01,12637.311666309619,-0.010206198608968438
2022-11-02,12209.237841514112,-0.03387380450042467
2022-11-03,11967.952477377077,-0.019762524677552743
2022-11-04,12154.49111469393,0.015586512201603842
2022-11-07,12289.477357824675,0.011105873693679809
2022-11-08,12382.070517811648,0.007534344813127323
2022-11-09,12089.025428039842,-0.023666889099868957
2022-11-10,12994.3531063233,0.07488839225894915
2022-11-11,13230.892597260301,0.018203252520658235
2022-11-14,13101.674524252127,-0.009766391198348332
2022-11-15,13292.504667497891,0.014565324676057445
2022-11-16,13100.091247781864,-0.014475332116038847
2022-11-17,13075.443194852603,-0.0018815176522861603
2022-11-18,13075.8659559763,3.2332450793254127e-05
2022-11-21,12938.223731443484,-0.010526432818769202
2022-11-22,13130.39723971094,0.014853160082586915
2022-11-23,13258.173634178389,0.009731342634555495
2022-11-25,13166.063168481121,-0.006947447532276611
2022-11-28,12978.335308244958,-0.014258465710963262
2022-11-29,12884.160694046328,-0.007256293812874481
2022-11-30,13474.217509915721,0.04579707051791539
2022-12-01,13487.71867759197,0.0010020001284909096
2022-12-02,13434.621183924683,-0.003936729030054687
2022-12-05,13202.998689264556,-0.017240716465997317
2022-12-06,12937.645601343465,-0.020097940942526267
2022-12-07,12879.301607530555,-0.004509629928868375
2022-12-08,13036.491862731229,0.012204874145409134
2022-12-09,12953.648452817271,-0.0063547318393832
2022-12-12,13114.689286599027,0.012432083082101265
2022-12-13,13258.073959187954,0.01093313531533246
2022-12-14,13153.806528330286,-0.00786444782090012
2022-12-15,12710.7335795261,-0.0336840098605608
2022-12-16,12597.253816286118,-0.008927868917240941
2022-12-19,12419.671603079567,-0.014096898879418231
2022-12-20,12406.26716963245,-0.0010792904897576803
2022-12-21,12589.649628484378,0.014781437183684234
2022-12-22,12276.43933732062,-0.024878396175149444
2022-12-23,12309.51013003519,0.0026938423923975425
2022-12-27,12127.848522942966,-0.014757825873912842
2022-12-28,11967.636261881045,-0.01321027886841079
2022-12-29,12272.34680583887,0.025461213667429112
2022-12-30,12259.923248588904,-0.0010123212329735704
2023-01-03,12174.23569251099,-0.006989240824796911
2023-01-04,12232.833772665534,0.004813286158948809
2023-01-05,12038.433609217342,-0.015891670487878463
2023-01-06,12373.827965447552,0.027860298699775354
2023-01-09,12450.58038584544,0.006202803256373866
2023-01-10,12559.813128733202,0.008773305300044013
2023-01-11,12780.470426816732,0.017568517606263694
2023-01-12,12844.60659538874,0.005018294822499956
2023-01-13,12936.51911974506,0.00715572903488674
2023-01-17,12954.723449561523,0.0014072046466252553
2023-01-18,12790.208886163651,-0.012699195319637733
2023-01-19,12661.87433611902,-0.010033811893679263
2023-01-20,13024.4902274312,0.028638405475071713
2023-01-23,13309.11489740273,0.02185303723995824
2023-01-24,13280.234148710906,-0.002169997698153414
2023-01-25,13244.57060590767,-0.002685460392029221
2023-01-26,13510.17067423446,0.02005350541212112
2023-01-27,13639.380063044038,0.00956386058512186
2023-01-30,13354.86850701448,-0.02085956654294304
2023-01-31,13567.513692664863,0.0159226716113822
2023-02-01,13860.468361580059,0.021592362134381173
2023-02-02,14353.963706001414,0.035604521546276115
2023-02-03,14096.515993967692,-0.017935652988037242
2023-02-06,13974.966358521224,-0.008622672119726789
2023-02-07,14270.849752056509,0.02117238681972708
2023-02-08,14009.899280586791,-0.01828555944484755
2023-02-09,13882.007514259893,-0.009128671360551227
2023-02-10,13796.674276161984,-0.0061470387485565384
2023-02-13,14018.470597008496,0.016076071407276224
2023-02-14,14117.954040745319,0.007096597524558278
2023-02-15,14226.880969019903,0.0077154896495777985
2023-02-16,13951.867411400432,-0.0193305586950741
2023-02-17,13857.501587086519,-0.006763669803570793
2023-02-21,13524.119954845175,-0.024057845503118343
2023-02-22,13530.97018412159,0.0005065194111917354
2023-02-23,13658.818332642022,0.009448557404291793
2023-02-24,13422.931855256054,-0.017269903709184242
2023-02-27,13522.236643122622,0.007398144379886928
2023-02-28,13504.819083512093,-0.001288067948388331
2023-03-01,13388.846755075014,-0.008587477382697325
2023-03-02,13508.213957952124,0.00891542080215876
2023-03-03,13784.188904885259,0.020430158109145908
2023-03-06,13797.752690831423,0.0009840104513771251
2023-03-07,13629.332424455777,-0.012206354915142137
2023-03-08,13700.326696996897,0.005208932494282169
2023-03-09,13454.356184840375,-0.017953623851206385
2023-03-10,13268.777118105329,-0.01379323277795684
2023-03-13,13373.42007773993,0.007886405710426519
2023-03-14,13683.84006420363,0.02321171283480389
2023-03-15,13741.79591685744,0.00423535004661591
2023-03-16,14112.179827774367,0.026953093551809144
2023-03-17,14043.348233613,-0.0048774601090258
2023-03-20,14091.762572127414,0.0034474925572616994
2023-03-21,14292.522362525531,0.014246606084267036
2023-03-22,14097.179587994653,-0.013667480769038969
2023-03-23,14279.154772250153,0.012908623538460971
2023-03-24,14321.744084318289,0.002982621362918775
2023-03-27,14216.814163127492,-0.007326616128107569
2023-03-28,14146.864443894707,-0.0049202105640662195
2023-03-29,14411.172363691945,0.01868314500682904
2023-03-30,14542.716709809356,0.009127942043690199
2023-03-31,14787.683243852138,0.016844619814229505
2023-04-03,14751.172207757654,-0.0024690166466517062
2023-04-04,14697.176474481024,-0.0036604367785926656
2023-04-05,14548.276630589284,-0.010131187044686947
2023-04-06,14655.476053936702,0.007368530724939693
2023-04-10,14643.394129874843,-0.0008243965612166602
2023-04-11,14545.859442544794,-0.006660661214537912
2023-04-12,14416.098476901334,-0.008920818062075132
2023-04-13,14709.156315492943,0.020328512534869947
2023-04-14,14675.810472884217,-0.002267012593618507
2023-04-17,14685.506638737863,0.0006606903156430025
2023-04-18,14690.253724325874,0.00032324969814055026
2023-04-19,14686.96670517451,-0.00022375509729435206
2023-04-20,14571.86139011265,-0.007837242187068163
2023-04-21,14588.625259293996,0.001150427439058844
2023-04-24,14554.331445456606,-0.0023507227876418575
2023-04-25,14279.95897564413,-0.018851602414079138
2023-04-26,14371.435687281646,0.006405950590862212
2023-04-27,14768.354972997187,0.027618624496006515
2023-04-28,14864.990328128868,0.0065434068525824715
2023-05-01,14849.208758654917,-0.001061660258472468
2023-05-02,14717.165648234628,-0.008892265747380498
2023-05-03,14623.680938509733,-0.0063520865334629455
2023-05-04,14570.282285282028,-0.003651519302987893
2023-05-05,14880.935196852844,0.021320994712958966
2023-05-08,14917.935391609371,0.0024864159588809318
2023-05-09,14816.500273829613,-0.0067995412982422565
2023-05-10,14981.344562964172,0.011125723759862692
2023-05-11,15028.600814439338,0.003154339804184941
2023-05-12,14973.103033218376,-0.003692810921402625
2023-05-15,15055.925972185045,0.0055314478757623655
2023-05-16,15070.129779782537,0.0009434031240410724
2023-05-17,15253.544426955008,0.01217074105217951
2023-05-18,15529.129326407725,0.018066941803094785
2023-05-19,15494.365113947202,-0.0022386453052075
2023-05-22,15546.815437312423,0.0033851224609396727
2023-05-23,15348.081161567328,-0.012782957162283625
2023-05-24,15271.857159068166,-0.004966353884681782
2023-05-25,15647.024354896676,0.02456591833729558
2023-05-26,16051.196152684059,0.02583058533176617
2023-05-30,16115.450868349311,0.004003110737295979
2023-05-31,16002.362177165909,-0.007017407834707674
2023-06-01,16212.95348263262,0.013160013698928063
2023-06-02,16331.165636896118,0.007291216519564177
2023-06-05,16342.79898441728,0.0007123403056349939
2023-06-06,16344.772155183615,0.00012073640312265585
2023-06-07,16058.889192121931,-0.017490789124950737
2023-06-08,16262.570773858784,0.012683416598750339
2023-06-09,16311.95697162971,0.003036801404751396
2023-06-12,16599.880946071,0.017651099432278928
2023-06-13,16730.93484161125,0.007894869605752716
2023-06-14,16848.84354652366,0.007047347086616977
2023-06-15,17050.911084967247,0.0119929618840385
2023-06-16,16937.071344358115,-0.006676460867214109
2023-06-20,16922.389185390995,-0.0008668652725497248
2023-06-21,16694.970494979993,-0.013438923305660091
2023-06-22,16891.52778115794,0.011773443159845723
2023-06-23,16722.338832852645,-0.010016201642460145
2023-06-26,16495.564301353454,-0.013561173097011449
2023-06-27,16784.237995394247,0.017500079946771496
2023-06-28,16805.386285451834,0.001260008947882493
2023-06-29,16777.93111594268,-0.0016337124921026256
2023-06-30,17046.819038750815,0.016026286015242558
2023-07-03,17080.514643935792,0.001976650606097203
2023-07-05,17075.393426620183,-0.0002998280451360818
2023-07-06,16947.185676227,-0.007508333611412456
2023-07-07,16888.304842773035,-0.0034743723576805717
2023-07-10,16898.760130013074,0.0006190844692451489
2023-07-11,16981.417472326713,0.00489132585335877
2023-07-12,17192.96155175909,0.01245738642119322
2023-07-13,17490.524527196292,0.017307255328955082
2023-07-14,17483.55974064627,-0.00039820341232148644
2023-07-17,17650.04009455638,0.009522108562541515
2023-07-18,17794.098619877142,0.008161937567790123
2023-07-19,17777.454337708146,-0.0009353821468879066
2023-07-20,17372.985321026063,-0.022751796123259165
2023-07-21,17327.781635638134,-0.0026019526611365112
2023-07-24,17353.48573847434,0.0014834041296632355
2023-07-25,17481.07296352496,0.007352253430430294
2023-07-26,17411.446073207153,-0.0039829872264183705
2023-07-27,17373.081038152908,-0.002203437606097637
2023-07-28,17694.56925453576,0.018504962687783136
2023-07-31,17701.999108932167,0.00041989461792073766
2023-08-01,17658.39998884741,-0.002462948948108285
2023-08-02,17268.462663344464,-0.022082256928669577
2023-08-03,17249.33779975757,-0.0011075023851133917
2023-08-04,17161.208581200826,-0.005109136337858756
2023-08-07,17311.14642297671,0.00873702111750631
2023-08-08,17159.894084453103,-0.00873728029490045
2023-08-09,16967.584068297136,-0.01120694657027042
2023-08-10,16998.261327063145,0.0018079921479998546
2023-08-11,16885.235103849187,-0.006649281419977253
2023-08-14,17085.27586828593,0.01184708197466204
2023-08-15,16896.772045325033,-0.011033115555997747
2023-08-16,16715.859604293302,-0.010706923224532925
2023-08-17,16535.52726997804,-0.010788098164508765
2023-08-18,16512.15444830594,-0.0014134911630267154
2023-08-21,16784.484105436073,0.016492678649700675
2023-08-22,16753.516807877113,-0.0018449954949125605
2023-08-23,17022.391365254403,0.016048842786898936
2023-08-24,16649.93454160562,-0.021880405382350174
2023-08-25,16791.03280465288,0.008474403469555788
2023-08-28,16915.934023350157,0.007438566772537455
2023-08-29,17280.340572543908,0.021542206814636363
2023-08-30,17377.05232885823,0.0055966348526708945
2023-08-31,17420.67684932977,0.002510467232644171
2023-09-01,17409.402930107502,-0.0006471573590266219
2023-09-05,17429.736752521472,0.001167979309549146
2023-09-06,17276.18756614533,-0.008809610182662722
2023-09-07,17149.4739113128,-0.007334584343182191
2023-09-08,17174.071718977357,0.0014343184981512023
2023-09-11,17378.81715796799,0.011921776171715349
2023-09-12,17185.5466283817,-0.011121040507505354
2023-09-13,17251.823874118556,0.003856568962863165
2023-09-14,17392.92765024942,0.008179064263608083
2023-09-15,17087.968198068942,-0.017533531922448192
2023-09-18,17114.37707514251,0.0015454661881073616
2023-09-19,17076.198268172113,-0.0022308031897842265
2023-09-20,16827.6240273291,-0.014556767082420511
2023-09-21,16517.926933268307,-0.01840408922601468
2023-09-22,16525.828390071616,0.00047835644480286385
2023-09-25,16602.614335201524,0.0046464203377568035
2023-09-26,16352.038891312648,-0.015092529334828618
2023-09-27,16390.819933372197,0.002371633428547737
2023-09-28,16528.845054346366,0.008420879585965461
2023-09-29,16543.05401565976,0.0008596463495588556
2023-10-02,16681.149983355554,0.00834767072422503
2023-10-03,16375.601925027022,-0.018316966074485724
2023-10-04,16612.594078901282,0.014472271306990005
2023-10-05,16553.164842356648,-0.0035773604207974875
2023-10-06,16834.45023209348,0.016992846529086236
2023-10-09,16918.1285597094,0.004970659953978893
2023-10-10,17013.18388917837,0.005618548714385916
2023-10-11,17136.608847400075,0.007254665500924448
2023-10-12,17072.694642618477,-0.0037296880235027055
2023-10-13,16860.40580938445,-0.012434406968428463
2023-10-16,17060.69125506297,0.011879040631812408
2023-10-17,17003.85641855375,-0.003331332573781457
2023-10-18,16764.82657607463,-0.0140573900764243
2023-10-19,16623.19168435459,-0.008448336228074487
2023-10-20,16373.469424830693,-0.015022521803615671
2023-10-23,16423.478185822412,0.003054255618902535
2023-10-24,16582.224799796626,0.00966583400775901
2023-10-25,16172.848707468866,-0.024687645793631995
2023-10-26,15867.078952021373,-0.018906363435297793
2023-10-27,15946.936713119889,0.005032921392777439
2023-10-30,16121.897447245727,0.01097143214858892
2023-10-31,16205.607949072624,0.005192347991346321
2023-11-01,16492.720162223333,0.017716843086231882
2023-11-02,16779.28785051236,0.017375404752541165
2023-11-03,16981.850640532924,0.012072192325753737
2023-11-06,17044.78822747493,0.003706167736029075
2023-11-07,17203.66864030837,0.009321348597181945
2023-11-08,17223.23419882965,0.001137289896146816
2023-11-09,17082.45894045507,-0.008173566982218959
2023-11-10,17466.439744482803,0.022478075631042704
2023-11-13,17414.9328430079,-0.002948906716445818
2023-11-14,17785.95496961289,0.021304826722541952
2023-11-15,17791.457464341434,0.00030937302708495173
2023-11-16,17809.648036567633,0.0010224329435998766
2023-11-17,17815.27465723522,0.0003159310423225148
2023-11-20,18028.563984549353,0.011972272750087
2023-11-21,17923.66238852614,-0.005818632926788515
2023-11-22,18000.102822504832,0.004264777606368306
2023-11-24,17978.716340841216,-0.0011881310831668942
2023-11-27,17956.804535548752,-0.001218763613433786
2023-11-28,18011.51612795277,0.0030468445705752584
2023-11-29,17986.039944071963,-0.0014144386124870147
2023-11-30,17941.550681712866,-0.0024735440651436095
2023-12-01,17997.68149627523,0.0031285375248848546
2023-12-04,17820.650048308333,-0.009836347420835063
2023-12-05,17863.65256055759,0.002413072033438163
2023-12-06,17762.98367593315,-0.005635403189979002
2023-12-07,18026.954268050813,0.014860712419350667
2023-12-08,18097.143118584838,0.0038935501521975
2023-12-11,18251.953747420957,0.00855442363591265
2023-12-12,18401.269254373463,0.008180795821576377
2023-12-13,18635.650838148907,0.012737250921956675
2023-12-14,18608.253353594282,-0.0014701651577707071
2023-12-15,18704.806515130305,0.005188727802729088
2023-12-18,18825.117878738758,0.006432109496087652
2023-12-19,18917.660819738256,0.004915928898592363
2023-12-20,18627.910889290295,-0.015316371998045496
2023-12-21,18856.836503677663,0.012289387454552665
2023-12-22,18879.54790305575,0.0012044119581595498
2023-12-26,18994.13933418328,0.006069606736132665
2023-12-27,19026.250256062795,0.0016905699865918191
2023-12-28,19017.094932654276,-0.0004811943123475826
2023-12-29,18935.679146046034,-0.004281189471712863
2024-01-02,18619.24368273777,-0.016711070190177892
2024-01-03,18422.039258227243,-0.010591430450709403
2024-01-04,18324.961363873143,-0.005269660594754522
2024-01-05,18352.18929080562,0.0014858381631383617
2024-01-08,18739.985592356537,0.021130792376100785
2024-01-09,18772.690732398853,0.0017452062532883983
2024-01-10,18901.653694940884,0.0068697111341348375
2024-01-11,18933.258873585295,0.0016720853717084332
2024-01-12,18947.04698929671,0.0007282484121446409
2024-01-16,18945.594782578082,-7.664554373276034e-05
2024-01-17,18839.55787755895,-0.005596916129370648
2024-01-18,19116.741759923076,0.014712865565401636
2024-01-19,19490.404526519633,0.019546362622312238
2024-01-22,19509.6423124436,0.0009870388219900337
2024-01-23,19593.0228196438,0.004273810142947513
2024-01-24,19700.339326665366,0.0054772817859411104
2024-01-25,19720.523482310124,0.0010245587809462186
2024-01-26,19612.73917344202,-0.005465590655582191
2024-01-29,19810.852353393406,0.01010124991717898
2024-01-30,19676.515743883978,-0.006780960612551156
2024-01-31,19294.58522177808,-0.019410475262858117
2024-02-01,19528.43645765856,0.01212004472718734
2024-02-02,19864.24442954893,0.01719584528021307
2024-02-05,19831.63007095449,-0.0016418625289329179
2024-02-06,19786.513429277053,-0.0022749840288476524
2024-02-07,19992.094628127328,0.010389965851491855
2024-02-08,20024.008163448787,0.0015963077363869273
2024-02-09,20226.107555478713,0.010092854057003107
2024-02-12,20137.136067891923,-0.004398843788541611
2024-02-13,19819.589024612556,-0.01576922568376974
2024-02-14,20053.19609314706,0.011786675709794291
2024-02-15,20096.363244142023,0.0021526319692109466
2024-02-16,19916.75190360445,-0.008937504679605562
2024-02-20,19760.316875901262,-0.007854444763901434
2024-02-21,19684.917834134736,-0.003815679790969307
2024-02-22,20277.336547329032,0.03009505643792995
2024-02-23,20202.055149877164,-0.003712588054952629
2024-02-26,20198.062795455608,-0.0001976212019984359
2024-02-27,20240.822242204005,0.002117007318049245
2024-02-28,20132.35433736856,-0.005358868505315955
2024-02-29,20323.371164101183,0.009488052094238636
2024-03-01,20615.436452753336,0.014370907576989469
2024-03-04,20530.194610221184,-0.004134855098872541
2024-03-05,20160.330800963646,-0.01801560171638107
2024-03-06,20295.437432490246,0.006701607868465117
2024-03-07,20611.58673107015,0.015577358193511586
2024-03-08,20296.983289703396,-0.015263426609098444
2024-03-11,20222.612959707607,-0.0036641075638819244
2024-03-12,20524.138364000555,0.01491030881586461
2024-03-13,20354.720217403028,-0.008254580221242652
2024-03-14,20294.54854883637,-0.00295615306543066
2024-03-15,20062.126037611,-0.011452460283414184
2024-03-18,20262.079635920607,0.009966720273551517
2024-03-19,20315.52113344108,0.0026375129542839195
2024-03-20,20550.035200244558,0.011543590994446296
2024-03-21,20640.75132097594,0.00441440220648897
2024-03-22,20662.507346490096,0.0010540326355292966
2024-03-25,20593.072460309126,-0.003360428868414453
2024-03-26,20518.404577971043,-0.0036258738214996595
2024-03-27,20597.89416843868,0.0038740629255833016
2024-03-28,20568.711108446183,-0.0014167982296565877
2024-04-01,20613.226728742404,0.0021642396580669344
2024-04-02,20420.34806705124,-0.009357033919498872
2024-04-03,20463.90896111694,0.002133210164815284
2024-04-04,20147.080132287803,-0.015482322044685517
2024-04-05,20406.175115336508,0.0128601753379378
2024-04-08,20397.692084458013,-0.00041570901114730004
2024-04-09,20476.529204939867,0.003865001989216358
2024-04-10,20298.469446340503,-0.00869579784822175
2024-04-11,20632.69979772472,0.016465790796087412
2024-04-12,20289.82798242029,-0.01661788416764736
2024-04-15,19956.325447008243,-0.016436932619685415
2024-04-16,19964.29576522849,0.00039938806577448143
2024-04-17,19716.570987716077,-0.012408390479962384
2024-04-18,19604.910809767807,-0.005663265585980275
2024-04-19,19203.191579190203,-0.02049074512379091
2024-04-22,19399.237971336694,0.010209052559728616
2024-04-23,19693.215482522606,0.01515407520750462
2024-04-24,19755.850510634635,0.003180538402558635
2024-04-25,19647.573008782347,-0.005480781593989167
2024-04-26,19972.24814851717,0.01652494888756483
2024-04-29,20045.68156313194,0.0036767725930855373
2024-04-30,19660.399969495138,-0.01922017929015747
2024-05-01,19522.983562816302,-0.006989502090092175
2024-05-02,19774.62409222322,0.012889450457059994
2024-05-03,20168.61595224188,0.01992411376222319
2024-05-06,20398.028749936322,0.011374741739228943
2024-05-07,20395.917401104918,-0.00010350749365471792
2024-05-08,20388.9357143096,-0.00034230805400994256
2024-05-09,20421.288617197173,0.0015867872330810326
2024-05-10,20475.367582461597,0.0026481661504398073
2024-05-13,20518.406253015124,0.0021019730356583656
2024-05-14,20658.67336691572,0.0068361602831595505
2024-05-15,20967.751555217743,0.014961182783256833
2024-05-16,20924.414965242435,-0.0020668210352065507
2024-05-17,20911.475043761417,-0.0006184125817861294
2024-05-20,21056.611116095504,0.0069404990336818725
2024-05-21,21101.562150548256,0.0021347706050568456
2024-05-22,21092.153117817816,-0.0004458927099003978
2024-05-23,21000.191564224577,-0.004359988905805638
2024-05-24,21209.04388682943,0.009945257973772444
2024-05-28,21279.090365885662,0.0033026702867888324
2024-05-29,21129.74638996407,-0.0070183439871573305
2024-05-30,20906.64564119368,-0.01055860986937145
2024-05-31,20904.6645091881,-9.476087362758356e-05
2024-06-03,20978.057990165307,0.0035108662444665846
2024-06-04,21039.09882578104,0.0029097467289082688
2024-06-05,21468.190553565913,0.02039496707240495
2024-06-06,21452.852191070382,-0.0007144692729114931
2024-06-07,21430.317788391938,-0.0010504152304663165
2024-06-10,21514.341555849747,0.003920789616256761
2024-06-11,21667.477347674874,0.007117847015099046
2024-06-12,21955.392037163605,0.013287873104416797
2024-06-13,22081.727053582334,0.005754168097061563
2024-06-14,22175.512959097756,0.004247217859719307
2024-06-17,22450.460229088465,0.012398688161028976
2024-06-18,22457.65905794,0.0003206539544436754
2024-06-20,22281.669318671986,-0.007836513093994536
2024-06-21,22223.46153030011,-0.0026123620963667293
2024-06-24,21969.642870315467,-0.011421202751811518
2024-06-25,22225.47270206619,0.011644696878363404
2024-06-26,22282.092671880484,0.0025475260109555564
2024-06-27,22325.244104473542,0.0019365969448424897
2024-06-28,22205.783349482965,-0.005350927158133024
2024-07-01,22352.62326289697,0.006612687834650241
2024-07-02,22578.20112442998,0.010091784703741814
2024-07-03,22775.658108218588,0.008745470141771289
2024-07-05,23007.956193037233,0.010199401646919752
2024-07-08,23062.57166492729,0.002373764598290874
2024-07-09,23078.09663259697,0.0006731672380358928
2024-07-10,23329.311068596227,0.01088540532603648
2024-07-11,22806.047286001158,-0.022429457134696063
2024-07-12,22941.910853412344,0.005957348316759033
2024-07-15,23005.35278354315,0.002765328944749483
2024-07-16,23018.914939505215,0.0005895217556396784
2024-07-17,22342.74348994365,-0.029374601337142828
2024-07-18,22236.916077301023,-0.004736545119906949
2024-07-19,22031.305039485862,-0.009246382776299014
2024-07-22,22371.040523134765,0.015420579173136044
2024-07-23,22294.006812348387,-0.003443456763073468
2024-07-24,21479.5456975547,-0.036532738221940794
2024-07-25,21252.080711764585,-0.010589841563362712
2024-07-26,21470.279981609223,0.010267195612703051
2024-07-29,21511.59798306187,0.0019244276967062626
2024-07-30,21214.807159854023,-0.0137967817844839
2024-07-31,21854.10542234281,0.030134530927934566
2024-08-01,21321.61899346128,-0.02436551021379871
2024-08-02,20814.502335436537,-0.02378415345383768
2024-08-05,20199.436719466103,-0.029549859326844806
2024-08-06,20406.005825246808,0.010226478522623185
2024-08-07,20168.619835353176,-0.01163314329744687
2024-08-08,20785.72606097479,0.030597345314620963
2024-08-09,20898.07839389371,0.005405263813702514
2024-08-12,20931.591823968913,0.0016036608459176298
2024-08-13,21456.12626543282,0.025059462551876282
2024-08-14,21474.763808077805,0.0008686350189414902
2024-08-15,22002.785545379473,0.02458801139889841
2024-08-16,22023.824357676967,0.0009561885814003689
2024-08-19,22315.957982729367,0.013264436743955865
2024-08-20,22263.57338175619,-0.002347405431293489
2024-08-21,22382.444558275183,0.005339267622528393
2024-08-22,22006.78996662344,-0.01678344787914853
2024-08-23,22265.671381481152,0.011763706349283184
2024-08-26,22035.774051190503,-0.010325191922209879
2024-08-27,22109.55611953801,0.0033482857546145014
2024-08-28,21849.32889939893,-0.011769897990359096
2024-08-29,21821.02680907123,-0.001295329959927472
2024-08-30,22102.693865486268,0.012908056934238535
2024-09-03,21408.447229131907,-0.03141004624049196
2024-09-04,21366.586167357007,-0.001955352545042957
2024-09-05,21376.96207207252,0.00048561359471490176
2024-09-06,20802.446312707198,-0.02687546328745598
2024-09-09,21073.722735350544,0.013040601983317635
2024-09-10,21264.140512968785,0.009035792109897077
2024-09-11,21725.37460750258,0.021690700089782352
2024-09-12,21935.468142987957,0.009670421766298242
2024-09-13,22039.114739608416,0.004725068822093564
2024-09-16,21936.65835137197,-0.004648843179363736
2024-09-17,21947.506750824683,0.0004945329082918407
2024-09-18,21848.51851905469,-0.004510226737543724
2024-09-19,22408.27579614653,0.02561991910818384
2024-09-20,22353.983869041364,-0.002422851610676018
2024-09-23,22423.47041464764,0.003108463619431553
2024-09-24,22528.41554187126,0.004680146528749066
2024-09-25,22560.090522871862,0.0014060012761096963
2024-09-26,22721.8455091281,0.007169961755793973
2024-09-27,22601.382637993807,-0.005301632346980767
2024-09-30,22661.126273587914,0.002643361981477772
2024-10-01,22336.791929808704,-0.014312366466852484
2024-10-02,22370.173056853604,0.0014944458966982144
2024-10-03,22360.04060632753,-0.0004529446643225919
2024-10-04,22633.365916105722,0.012223828864641966
2024-10-07,22369.62969108054,-0.011652541031800799
2024-10-08,22716.809752429977,0.015520152373727725
2024-10-09,22899.10058423102,0.008024490841260905
2024-10-10,22868.796712493615,-0.0013233651525279006
2024-10-11,22903.23987273805,0.0015061203559354054
2024-10-14,23092.94525174261,0.008282905827239338
2024-10-15,22777.78558850197,-0.013647443399055338
2024-10-16,22794.163369681875,0.0007190242930450667
2024-10-17,22812.970826105735,0.0008250996590151836
2024-10-18,22964.2584941588,0.006631651318290491
2024-10-21,23007.492040787252,0.0018826450085227485
2024-10-22,23032.868695179674,0.0011029735160806285
2024-10-23,22675.333840748823,-0.015522810430716181
2024-10-24,22863.119176757755,0.00828148054303263
2024-10-25,22998.070873569075,0.005902593419908808
2024-10-28,22997.93990400118,-5.6948066910733496e-06
2024-10-29,23223.79155382489,0.009820516566547555
2024-10-30,23039.96297256185,-0.007915528385491519
2024-10-31,22478.30591045198,-0.02437751583102553
2024-11-01,22639.90188395457,0.007188974745087409
2024-11-04,22562.24103144001,-0.0034302645352716557
2024-11-05,22860.7556403187,0.013230716242358937
2024-11-06,23487.04306699458,0.02739574476581675
2024-11-07,23849.29892815322,0.015423646992315583
2024-11-08,23867.267385513853,0.0007534165853160799
2024-11-11,23856.276417997335,-0.00046050380795536306
2024-11-12,23816.138435320856,-0.0016824915159936611
2024-11-13,23777.32179184162,-0.0016298462315649602
2024-11-14,23619.980076043783,-0.006617301863316733
2024-11-15,23052.27039283251,-0.02403514657436412
2024-11-18,23217.18206139034,0.007153814602535027
2024-11-19,23381.857142611905,0.007092810866802628
2024-11-20,23362.40587375911,-0.0008318958042620802
2024-11-21,23446.014030997,0.0035787477406938706
2024-11-22,23486.40809932723,0.0017228543954987115
2024-11-25,23519.76924215617,0.0014204446541102708
2024-11-26,23653.499954146602,0.00568588537640647
2024-11-27,23452.129207242688,-0.008513359430709258
2024-11-29,23662.91164604823,0.008987774071296023
2024-12-02,23928.691079902164,0.011231899008435107
2024-12-03,24002.190389219675,0.003071597567626253
2024-12-04,24299.91529176105,0.012404072199806106
2024-12-05,24224.336733673077,-0.0031102395699955506
2024-12-06,24447.438825087094,0.00920983281675959
2024-12-09,24243.304910357994,-0.008349910033096234
2024-12-10,24161.50147999311,-0.0033742689236209355
2024-12-11,24609.37188314143,0.01853653025327013
2024-12-12,24441.555942222196,-0.006819188304200407
2024-12-13,24628.441660532717,0.007646228364196702
2024-12-16,24987.237789613828,0.014568365064529616
2024-12-17,24879.49583372894,-0.0043118793998779634
2024-12-18,23984.477925285624,-0.035974117579583124
2024-12-19,23873.077929513693,-0.0046446704455671475
2024-12-20,24075.421289116723,0.008475796887207284
2024-12-23,24318.438394890134,0.010093991829055541
2024-12-24,24651.80494049214,0.013708386212498376
2024-12-26,24619.296746981487,-0.0013186942533874005
2024-12-27,24285.65775473532,-0.013551930247035708
2024-12-30,23974.591616192312,-0.012808635519964627
2024-12-31,23765.76866106995,-0.008710177777598787
2025-01-02,23725.144203104246,-0.0017093685689303134
2025-01-03,24122.023656034748,0.016728220892270627
2025-01-06,24387.144153925205,0.01099080664503577
2025-01-07,23950.39873501365,-0.01790883820405265
2025-01-08,23959.751340667102,0.00039049895398114736
2025-01-10,23583.421973082688,-0.015706730935294257
2025-01-13,23513.475830989737,-0.00296590300477965
2025-01-14,23482.96691603229,-0.0012975076580230248
2025-01-15,24026.877231869697,0.02316190785356308
2025-01-16,23861.42017992146,-0.006886331933671854
2025-01-17,24257.669041704354,0.01660625640867438
2025-01-21,24401.091412116028,0.005912454744316085
2025-01-22,24725.637168666988,0.013300460666682015
2025-01-23,24780.27414829358,0.0022097298950835387
2025-01-24,24637.07515549394,-0.0057787493367784225
2025-01-27,23906.52158959795,-0.02965260938180331
2025-01-28,24286.842973617273,0.015908687618729277
2025-01-29,24228.87604315575,-0.002386762681526537
2025-01-30,24338.653282848045,0.004530843258959423
2025-01-31,24305.026067856506,-0.001381638277218716
2025-02-03,24102.00091532724,-0.00835321681871251
2025-02-04,24407.20324205643,0.012662945611918159
2025-02-05,24510.860425396164,0.004246991443948899
2025-02-06,24642.44040725567,0.005368231860321702
2025-02-07,24322.836576511763,-0.012969650142678433
2025-02-10,24624.425717946044,0.012399423088897596
2025-02-11,24553.28896394251,-0.002888869564649044
2025-02-12,24582.825779700725,0.0012029677898384927
2025-02-13,24935.74286200967,0.014356245513498508
2025-02-14,25031.20660926764,0.0038283899455593493
2025-02-18,25089.35601706182,0.002323076498144067
2025-02-19,25102.208637672145,0.0005122738344334784
2025-02-20,24980.888763645533,-0.0048330358407005156
2025-02-21,24467.397240239818,-0.02055537448103107
2025-02-24,24172.01671595905,-0.012072412990253738
2025-02-25,23872.60836904828,-0.012386568751339979
2025-02-26,23924.703223457414,0.002182202028525562
2025-02-27,23266.244840935757,-0.027522112871020386
2025-02-28,23644.145711539353,0.016242452238734245
2025-03-03,23125.85039506837,-0.021920661579159242
2025-03-04,23043.523304850907,-0.003559959474399199
2025-03-05,23356.315320187972,0.01357396658484162
2025-03-06,22704.722958390183,-0.027897909103607125
2025-03-07,22873.50803557405,0.0074339192551785265
2025-03-10,22002.308669324982,-0.03808770237141307
2025-03-11,21941.535684764243,-0.002762118533745868
2025-03-12,22189.94935454907,0.011321617290321306
2025-03-13,21770.725661865272,-0.018892503357510172
2025-03-14,22313.679139525477,0.024939613226180626
2025-03-17,22436.626570860903,0.0055099578409570065
2025-03-18,22064.550996805152,-0.016583400935102077
2025-03-19,22351.771346814814,0.013017275994025577
2025-03-20,22285.264636534263,-0.0029754559157133945
2025-03-21,22372.1101105455,0.0038969909232698698
2025-03-24,22856.20662386346,0.021638393112045788
2025-03-25,22978.211406379483,0.005337927877701232
2025-03-26,22558.571813718572,-0.01826250029819146
2025-03-27,22424.873277389433,-0.005926728758947017
2025-03-28,21839.41355192517,-0.02610760463269027
2025-03-31,21837.149195217462,-0.00010368212050768575
2025-04-01,22016.44445923348,0.008210561846382608
2025-04-02,22181.46171457805,0.007495181869630371
2025-04-03,20980.760664172227,-0.0541308352829021
2025-04-04,19708.11013298035,-0.060657978591077355
2025-04-07,19746.441775389336,0.0019449679421488387
2025-04-08,19361.278303552055,-0.01950546210899239
2025-04-09,21689.268485149423,0.12023948755337449
2025-04-10,20781.624116493695,-0.041847624749409666
2025-04-11,21174.49658221887,0.01890480087229399
2025-04-14,21295.597272667666,0.005719176839863541
2025-04-15,21334.70673329601,0.001836504519107343
2025-04-16,20686.311263597516,-0.030391581089163695
2025-04-17,20687.16117253546,4.108557234351337e-05
2025-04-21,20178.89099608483,-0.02456935353340877
2025-04-22,20709.64619540998,0.026302495980979813
2025-04-23,21182.334097532912,0.022824528128718102
2025-04-24,21773.213946000735,0.027894935739713488
2025-04-25,22020.78459575742,0.011370422867780663
2025-04-28,22015.898640434803,-0.0002218792569071278
2025-04-29,22149.59826971808,0.006072867225039037
2025-04-30,22179.506578592405,0.0013502867415529215
2025-05-01,22424.30900905881,0.011037325361542677
2025-05-02,22782.687585832162,0.015981699887768246
2025-05-05,22631.18692717061,-0.006649815044462425
2025-05-06,22431.404718887672,-0.008827738859912917
2025-05-07,22518.625508974466,0.0038883338417657135
2025-05-08,22740.691359680233,0.009861430068956305
2025-05-09,22738.662303520654,-8.922579034588263e-05
2025-05-12,23654.13825174575,0.04026076538738838
2025-05-13,24028.07343675662,0.015808446751733672
2025-05-14,24166.202758044234,0.005748664022156373
2025-05-15,24185.428129924265,0.0007955479010302854
2025-05-16,24290.249228581666,0.004334060083381757
2025-05-19,24313.109786475183,0.0009411413476408701
2025-05-20,24223.181479426723,-0.003698757906258667
2025-05-21,23898.20994298418,-0.013415724797279321
2025-05-22,23935.004992191054,0.0015396571247243407
2025-05-23,23712.265495764193,-0.009306014203862923
2025-05-27,24279.93102627373,0.023939742518948176
2025-05-28,24170.557371416537,-0.0045046938040655925
2025-05-29,24222.8600944908,0.0021639022332233656
2025-05-30,24197.22578600995,-0.001058269270468291
2025-06-02,24369.356493325235,0.0071136546328712975
2025-06-03,24563.460118964955,0.007965069807767986
2025-06-04,24631.150241884967,0.002755724258397474
2025-06-05,24433.695583391083,-0.008016461129700492
2025-06-06,24677.17062918537,0.00996472453228843
2025-06-09,24719.30114625414,0.0017072669189612468
2025-06-10,24883.063604629602,0.006624882208705907
2025-06-11,24791.47913663897,-0.0036805945379487564
2025-06-12,24851.44754774578,0.002418912190607791
2025-06-13,24531.728096233426,-0.012865224486344138
2025-06-16,24880.573066064633,0.014220154750727515
2025-06-17,24633.18085093181,-0.009943187983489369
2025-06-18,24634.277625089402,4.4524260355396445e-05
2025-06-20,24529.267495822893,-0.004262764707967714
2025-06-23,24791.281655427272,0.010681695229953402
2025-06-24,25170.75549577828,0.015306745557785089
2025-06-25,25224.731011166932,0.002144374069252728
2025-06-26,25462.84258777032,0.00943960815669264
2025-06-27,25561.846581139624,0.003888175211704623
2025-06-30,25727.373525084004,0.006475547195659754
2025-07-01,25499.92681511155,-0.00884065020281588
2025-07-02,25686.109272047437,0.007301293775696428
2025-07-03,25941.873686060775,0.009957304600104343
2025-07-07,25737.786736062946,-0.007867085950213794
2025-07-08,25757.134023804123,0.0007517075162516237
2025-07-09,25942.10545461719,0.0071813669425379745
2025-07-10,25902.08406726428,-0.0015427193225669763
2025-07-11,25847.30020685942,-0.002115036777063757
2025-07-14,25933.705327249376,0.0033429069844217248
2025-07-15,25966.991814316967,0.0012835222212776675
2025-07-16,25993.94779921779,0.0010380865482447754
2025-07-17,26190.77104499782,0.007571887398571812
2025-07-18,26173.52247727485,-0.0006585742624122457
2025-07-21,26304.844131429134,0.005017347369590858
2025-07-22,26173.094472806624,-0.005008570207230169
2025-07-23,26285.67933007939,0.004301549340668875
2025-07-24,26351.30810536871,0.002496750206269823
2025-07-25,26411.196633086027,0.002272696576498159
2025-07-28,26507.851668499163,0.003659623483021202
2025-07-29,26453.844575122184,-0.00203739986372266
2025-07-30,26496.397569821736,0.0016085750628311323
2025-07-31,26352.362481777636,-0.00543602531870793
2025-08-01,25836.590311848573,-0.019572141597768048
2025-08-04,26320.58430697129,0.01873288964530115
2025-08-05,26127.999136413524,-0.007316903314595497
2025-08-06,26464.95834179776,0.01289647950556728
2025-08-07,26549.94716152386,0.003211371755377851
2025-08-08,26802.085334086772,0.009496748563338346
2025-08-11,26707.328873079572,-0.0035354137495670138
2025-08-12,27062.59601311672,0.013302234069362564
2025-08-13,27074.21138446939,0.00042920388520898843
2025-08-14,27055.811576265183,-0.0006796064322213201
2025-08-15,26919.606114774426,-0.005034240466482353
2025-08-18,26922.852263607798,0.00012058678791700063
2025-08-19,26549.783875116078,-0.013856941487436884
2025-08-20,26396.72165331883,-0.0057651023645696985
2025-08-21,26275.682992121354,-0.004585367182604633
2025-08-22,26679.788855999836,0.015379461839284986
2025-08-25,26598.76529137278,-0.003036889274662831
2025-08-26,26712.39625581815,0.004272039066498477
2025-08-27,26758.890260034048,0.001740540375735563
2025-08-28,26915.57415903733,0.0058553960003827
2025-08-29,26588.954815192636,-0.01213495732674264
2025-09-02,26381.413257715394,-0.0078055553112095855
2025-09-03,26590.49201569048,0.007925229627868558
2025-09-04,26838.68855953957,0.009334033522306806
2025-09-05,26861.195308478495,0.0008385934688648095
2025-09-08,26987.283881059102,0.004694078991369631
2025-09-09,27075.745691943037,0.003277907153376775
2025-09-10,27086.946203180247,0.0004136732322959436
2025-09-11,27250.133913476548,0.006024588710451993
2025-09-12,27363.739058022773,0.0041689756427231075
2025-09-15,27594.052999345316,0.00841675696563908
2025-09-16,27572.32347947217,-0.0007874711218995009
2025-09-17,27515.347279388647,-0.0020664272318558973
2025-09-18,27778.41640046189,0.009560814130458091
2025-09-19,27973.52160467858,0.007023625875715712
2025-09-22,28128.046247770235,0.005523961025551156
2025-09-23,27923.010093382003,-0.007289384857452856
2025-09-24,27836.451698179044,-0.003099894850644135
2025-09-25,27716.196205655393,-0.0043200726093805715
2025-09-26,27837.684975136905,0.004383313228844906
2025-09-29,27961.183545567037,0.004436380774494453
2025-09-30,28039.6257236038,0.002805395483668688
2025-10-01,28177.410430743,0.004913928184968972
2025-10-02,28282.285484937835,0.0037219550196993505
2025-10-03,28160.908052472987,-0.004291641583544913
2025-10-06,28381.625743994508,0.007837733467623
2025-10-07,28224.916285557843,-0.005521510989194265
2025-10-08,28562.15583969478,0.011948292449302789
2025-10-09,28518.946877905542,-0.0015128046367280058
2025-10-10,27523.532291277697,-0.034903623576613224
2025-10-13,28125.431972343486,0.0218685477828924
2025-10-14,27931.65465055018,-0.006889754510574348
2025-10-15,28120.799734504308,0.00677171067451985
2025-10-16,28021.121811476376,-0.0035446332952482036
2025-10-17,28204.21741071287,0.0065341994681136165
2025-10-20,28572.759358362022,0.01306690918887778
2025-10-21,28557.44306801087,-0.0005360451946223155
2025-10-22,28275.90821968641,-0.009858545376558017
2025-10-23,28524.615477520532,0.008795730128341651
2025-10-24,28821.429905630997,0.01040555405012821
2025-10-27,29349.528345642128,0.01832311726865276
2025-10-28,29566.663700078167,0.007398257030876033
2025-10-29,29689.55532595679,0.004156425193089832
2025-10-30,29252.381350776603,-0.014724840785943908
2025-10-31,29393.03824842917,0.004808391356788818
2025-11-03,29524.992747459015,0.004489311309520544
2025-11-04,28914.765282412747,-0.020668166467163202
2025-11-05,29124.7830353291,0.007263339365375772
2025-11-06,28568.24244959231,-0.01910883198895223
2025-11-07,28488.873446403377,-0.0027782249233210274
2025-11-10,29117.731814396346,0.022073823634200563
2025-11-11,29029.248817325126,-0.0030388011550910015
2025-11-12,29011.35356466506,-0.0006164559328654299
2025-11-13,28416.228267319566,-0.02051353088434795
2025-11-14,28433.499453497054,0.0006077930545535812
2025-11-17,28198.04905584018,-0.008280739345572106
2025-11-18,27861.021782187137,-0.011952148639277526
2025-11-19,28017.73190349239,0.00562470833016775
2025-11-20,27351.7165432003,-0.023771208982446952
2025-11-21,27562.741714126325,0.007715244145380265
2025-11-24,28285.338841710913,0.026216445921061857
2025-11-25,28450.13358689913,0.005826154182222756
2025-11-26,28699.163923884815,0.008753222062210587
2025-11-28,28925.21396852676,0.00787653763160031
2025-12-01,28821.97015176181,-0.003569336319423246
2025-12-02,29064.69640175973,0.00842157037564925
2025-12-03,29122.812574954307,0.0019995451661093547
2025-12-04,29095.04029429396,-0.0009536263226247127
2025-12-05,29221.023820592247,0.004330068802929006
2025-12-08,29149.5602963655,-0.002445620135198207
2025-12-09,29196.377667757533,0.0016061090087135714
2025-12-10,29319.415856946536,0.004214159392960574
2025-12-11,29217.80029339479,-0.003465811326103548
2025-12-12,28660.977686065544,-0.01905764984830582
2025-12-15,28515.120534469494,-0.005089050108258006
2025-12-16,28590.303190529892,0.0026365891025961954
2025-12-17,28038.679706410163,-0.019294076052416474
2025-12-18,28462.048134129287,0.015099442347220651
2025-12-19,28834.29522689992,0.013078717702127185
2025-12-22,28967.134935749196,0.004607003840529032
2025-12-23,29111.106032735035,0.004970153151327355
2025-12-24,29189.311786478527,0.0026864576583091808
2025-12-26,29176.891941022026,-0.00042549291834465957
2025-12-29,29043.132028172844,-0.004584446935594219
2025-12-30,28971.927679649216,-0.0024516759574882844
2025-12-31,28730.377255399315,-0.00833739566523813
2026-01-02,28680.912392172828,-0.0017216920887174246
2026-01-05,28902.257175426323,0.007717494486469046
2026-01-06,29173.265726690315,0.009376726171214593
2026-01-07,29189.171551840893,0.0005452192188420453
2026-01-08,29021.901661625798,-0.005730545997786132
2026-01-09,29316.53459396542,0.010152089128232516
2026-01-12,29340.16037802967,0.0008058859749783357
2026-01-13,29287.912230010646,-0.0017807724070296469
2026-01-14,28973.64103754581,-0.010730406114192395
2026-01-15,29065.71919319906,0.003177997391971891
2026-01-16,29045.2059204698,-0.0007057548651354027
2026-01-20,28427.958269610324,-0.021251274738750162
2026-01-21,28813.410863680783,0.013558926406702644
2026-01-22,29031.34593015805,0.007563667748616825
2026-01-23,29130.220733071128,0.003405794659019448
2026-01-26,29252.073528577715,0.00418303714974079
2026-01-27,29509.540023065707,0.00880164936808542
2026-01-28,29603.776733470208,0.003193432033533625
2026-01-29,29445.985855874584,-0.005330092812692531
2026-01-30,29068.162938880832,-0.01283105000603581
2026-02-02,29279.288342289135,0.007263114764156869
2026-02-03,28824.03389832738,-0.015548685427036645
2026-02-04,28314.878338374056,-0.017664271480851538
2026-02-05,27924.979948847376,-0.013770088815754035
2026-02-06,28524.32207287534,0.02146258028209274
2026-02-09,28742.444469871316,0.007646891534834811
2026-02-10,28582.389840802654,-0.0055685809617354405
2026-02-11,28665.89678616677,0.0029216222236570478
2026-02-12,28081.395235217744,-0.02039013659014801
2026-02-13,28132.487038141953,0.0018194182481408804
2026-02-17,28096.153009727943,-0.0012915327523211587
2026-02-18,28320.301398124066,0.007977903178364372
2026-02-19,28204.58707450315,-0.004085914270269059
2026-02-20,28449.215531532955,0.008673357152282228
2026-02-23,28103.11009303652,-0.012165728721511256
2026-02-24,28407.806953145413,0.010842104631842564
2026-02-25,28807.9230672968,0.014084723780731181
2026-02-26,28472.54407007704,-0.01164190130736944
2026-02-27,28387.771704454037,-0.0029773372345780454
2026-03-02,28424.103156898484,0.001279827554719535
2026-03-03,28113.932329027382,-0.010912246770249346
2026-03-04,28538.593291483216,0.015105000520235877
2026-03-05,28455.03006763905,-0.0029280778835411134
2026-03-06,28025.589461152496,-0.015091904857093904
2026-03-09,28393.644653016047,0.013132826068608824
2026-03-10,28381.151881206664,-0.0004399847910351136
2026-03-11,28390.630523328728,0.00033397665329929903
2026-03-12,27899.767701601486,-0.017289606207368247
2026-03-13,27725.716243725143,-0.00623845545016324
2026-03-16,28037.31852574526,0.01123874598156286
2026-03-17,28179.325333726123,0.005064921163928833
2026-03-18,27775.026331286223,-0.014347362743848959
2026-03-19,27695.413501184514,-0.0028663458011571243
2026-03-20,27175.364113442145,-0.018777455253380745
2026-03-23,27504.962812135876,0.012128584453103854
2026-03-24,27293.07604864324,-0.007703582983909626
2026-03-25,27475.389650330962,0.006679848081718322
2026-03-26,26820.213579640917,-0.023845924626665023
2026-03-27,26303.510221948698,-0.019265445301466358
2026-03-30,26098.883186628802,-0.0077794573269216166
2026-03-31,26993.302157565206,0.034270392512222136
2026-04-01,27311.221217171336,0.011777701659114265
2026-04-02,27340.03624513911,0.0010550618640829896
2026-04-06,27505.868712885218,0.006065554056300554
2026-04-07,27517.239772228753,0.00041340484324374667
2026-04-08,28313.79844827089,0.02894762274979509
2026-04-09,28516.98982705836,0.007176408321147902
2026-04-10,28555.69585216904,0.0013572970129529251
2026-04-13,28858.985949939284,0.010621001825357612
2026-04-14,29379.771521763658,0.018045872184413093
2026-04-15,29791.747270346965,0.014022428604597235
2026-04-16,29937.501929825037,0.004892450857461147
2026-04-17,30323.147573631504,0.012881690820778564
2026-04-20,30229.07403021896,-0.00310236736420958
2026-04-21,30102.7836546833,-0.004177778499249164
2026-04-22,30622.979217621276,0.017280646497854647
2026-04-23,30446.91743661816,-0.005749335482741181
2026-04-24,31039.005291212445,0.01944656157152331
2026-04-27,31040.524928101797,4.895894295235204e-05
2026-04-28,30725.757141160713,-0.010140543295262277
2026-04-29,30905.091463589873,0.0058366119866553705
2026-04-30,31206.226712891803,0.009743871803670381
2026-05-01,31499.52481900725,0.009398704585911322
2026-05-04,31432.203252760013,-0.002137224819550731
2026-05-05,31844.844798532355,0.013127986684678437
2026-05-06,32508.54352617664,0.020841638005875185
2026-05-07,32468.24192247407,-0.0012397234490102477
2026-05-08,33230.73683019298,0.02348432999666433
2026-05-11,33327.29654932877,0.0029057351219506132
2026-05-12,33036.19963343975,-0.008734489323433646
2026-05-13,33379.35236045822,0.01038717318656506
2026-05-14,33621.589439804295,0.007257093448973967
2026-05-15,33104.03689205059,-0.015393458678695727
2026-05-18,32954.51774723415,-0.00451664385537061
2026-05-19,32754.74241541336,-0.006062153096977441
2026-05-20,33298.7329934394,0.016607994382213803
2026-05-21,33366.1644672125,0.0020250462318305218
2026-05-22,33507.24362291074,0.004228210162929387
2026-05-26,34096.782303770975,0.017594365191445933
2026-05-27,34064.96392029218,-0.000933178479872913
2026-05-28,34349.17262777724,0.008343138367915823
2026-05-29,34473.097384266905,0.0036077945117506155
2026-06-01,34677.586836998846,0.0059318560920860516
2026-06-02,34844.06502080075,0.00480074304433077
2026-06-03,34742.225965906924,-0.002922708783634495
2026-06-04,34556.212847534625,-0.005354093274128027
2026-06-05,32907.873096288735,-0.047700243036426566
2026-06-08,33426.01729157525,0.015745295776801296
2026-06-09,33051.007192024554,-0.01121910804627056
2026-06-10,32395.647293044225,-0.019828742137046627
2026-06-11,33461.46579402175,0.032900052631650065
2026-06-12,33676.83783569584,0.006436419820932297
2026-06-15,34707.77995561713,0.030612794614241916
2026-06-16,34053.21086732988,-0.018859434084354774
2026-06-17,33715.241131893956,-0.009924753843408332
2026-06-18,34550.42071752393,0.024771573851800503
2026-06-22,34482.11837879487,-0.001976888770399737
2026-06-23,33345.79265704453,-0.032954057789243506
2026-06-24,33200.97640540794,-0.004342864274542582
2026-06-25,33450.97155786998,0.007529753023206868
2026-06-26,33084.739695376935,-0.010948317655272592
2026-06-29,33829.86399353735,0.022521691420909998
2026-06-30,34399.50037337091,0.01683826987724148
2026-07-01,33868.369812156634,-0.015440066147746552
2026-07-02,33322.81863328551,-0.016107984585526217
2026-07-06,33740.58163665742,0.01253684473601573
2026-07-07,33144.0075361975,-0.01768120380627265
2026-07-08,33234.101984678244,0.0027182726283883373
2026-07-09,33772.958078442374,0.016213950779008647
2026-07-10,33884.02965272212,0.0032887724558142207
2026-07-13,33245.835920859376,-0.01883464683520815
2026-07-14,33611.59052664513,0.011001516299858436
2026-07-15,33516.23799987543,-0.002836894216419284
2026-07-16,32974.26288508499,-0.016170523517360702
2026-07-17,32481.96415877372,-0.014929787150266929
2026-07-20,32494.30703785526,0.00037999177085479367
2026-07-21,33119.91726910362,0.01925291807329639
2026-07-22,32941.204149035686,-0.005395941016877279
2026-07-23,32323.7679022893,-0.018743584598575162
2026-07-24,31952.64259050021,-0.011481499091038952
2026-07-27,31850.606686341944,-0.003193347901328352
2026-07-28,31536.737081555595,-0.009854430965076124
2026-07-29,30888.07114826982,-0.02056858106811403
2026-07-30,31926.08627521928,0.03360569593247654
2026-07-31,32116.485181556025,0.005963740894997458
2026-08-03,32686.593433470607,0.017751265391954645
2026-08-04,33772.62174131664,0.033225496870957334
2026-08-05,33493.63889448369,-0.008260621546347085
2026-08-06,33363.354474832064,-0.0038898257684709297
2026-08-07,33759.45376202789,0.011872286028511597
2026-08-10,33644.470510889485,-0.00340595709720099
2026-08-11,33534.79362721459,-0.003259878429039247
2026-08-12,33781.1210816819,0.007345429263873671
2026-08-13,34169.16742511598,0.011487077130915726
2026-08-14,34125.31832449021,-0.0012832943829219126
2026-08-17,34066.825507488196,-0.0017140592344316375
2026-08-18,33493.65767737411,-0.016824808932904497
2026-08-19,33419.62832377261,-0.0022102499020734993
2026-08-20,33177.60494176602,-0.00724195313190947
2026-08-21,33286.019456974434,0.003267701674026951
2026-08-24,32960.752444902,-0.009771880728871009
2026-08-25,33171.77292281466,0.006402174169579894
2026-08-26,33188.86452933691,0.0005152454938725593
2026-08-27,33662.20376800139,0.014261989537065256
2026-08-28,33425.56589981775,-0.00702977944684001
2026-08-31,33451.47450179472,0.0007751133385331474
2026-09-01,33019.95366145708,-0.012899904914938358
2026-09-02,33094.75646825186,0.00226538194334553
2026-09-03,33479.43674221242,0.01162360189384054
2026-09-04,33549.38563417042,0.002089309103274233
2026-09-08,33506.87985242967,-0.0012669615534614692
2026-09-09,33408.778540205145,-0.0029277961020715724
2026-09-10,33047.36294959931,-0.01081798276973528
2026-09-11,33347.922322264385,0.009094806539434366
2026-09-14,33073.126122452064,-0.008240279473988654
2026-09-15,32857.88639474123,-0.006507994645377998
2026-09-16,32865.81438270539,0.00024128113016476667
2026-09-17,33435.451848526944,0.017332218188432103
2026-09-18,33659.07560785697,0.006688223037723935
2026-09-21,34609.94590780968,0.028250042010385654
2026-09-22,34893.57055627481,0.008194888521947594
2026-09-23,34595.68403513263,-0.008537003132475619
2026-09-24,34605.12998538384,0.000273038401021903
2026-09-25,34751.61631004724,0.0042330811855140985
