NASDAQ COMPOSITE 2x, 19271-2026
Date,Close,Daily Return
1971-02-05,100.0,0.0
1971-02-08,101.63668493150686,0.01636684931506856
1971-02-09,101.46074618730454,-0.001731055517216987
1971-02-10,101.30512327844242,-0.0015338238157130571
1971-02-11,102.81978228573062,0.014951455151237386
1971-02-12,104.02113925123331,0.011684103377735056
1971-02-16,104.24647180030458,0.002166218815649069
1971-02-17,103.31330872130084,-0.00895150754637821
1971-02-18,102.64849500925915,-0.006434928086904169
1971-02-19,101.17623161134405,-0.014342766523584259
1971-02-22,99.0827594655935,-0.02069134333637135
1971-02-23,99.14797421761274,0.0006581846566545601
1971-02-24,100.96310405205135,0.01830728109940714
1971-02-25,102.13231502166202,0.011580576692728252
1971-02-26,102.33952976733904,0.0020288852321919725
1971-03-01,103.18388088582822,0.008250488549329353
1971-03-02,103.29063802420082,0.0010346299970121337
1971-03-03,103.74227692527818,0.004372505676376388
1971-03-04,105.17056299781578,0.013767637600304005
1971-03-05,106.64933627965023,0.014060714706501795
1971-03-08,108.08681454908277,0.013478548667788016
1971-03-09,108.44452964171352,0.0033095164671385225
1971-03-10,107.86800577619931,-0.005316301960264581
1971-03-11,108.10102293407664,0.00216020641338986
1971-03-12,108.58309851255237,0.004459491366420521
1971-03-15,109.84529728748852,0.011624265583010988
1971-03-16,110.72801020563348,0.008035964578753899
1971-03-17,110.58614793691098,-0.0012811778018863946
1971-03-18,111.36682066412233,0.007059407907550391
1971-03-19,111.11934047851162,-0.0022222075132871948
1971-03-22,110.23074888816528,-0.007996732040703305
1971-03-23,109.67084562809882,-0.005079374545795019
1971-03-24,108.79943020335357,-0.0079457345272988
1971-03-25,108.57589054188416,-0.002054603236906654
1971-03-26,109.53594376837987,0.008842232117132434
1971-03-29,109.75954935929848,0.002041390097404263
1971-03-30,110.24450591213245,0.004418354080941619
1971-03-31,111.33688864786572,0.009908727212256035
1971-04-01,112.09829099668362,0.006838724865269528
1971-04-02,113.17842165054387,0.009635567538600589
1971-04-05,113.78605772040272,0.005368833219242221
1971-04-06,114.5977815856438,0.0071337726387854
1971-04-07,115.64666676571396,0.00915275292031972
1971-04-08,116.3149023505399,0.005778252011185947
1971-04-12,117.29947595101154,0.008464724472745733
1971-04-13,117.2394427554602,-0.0005117942349240823
1971-04-14,117.71796908452727,0.004081615519660786
1971-04-15,119.01758349357154,0.011040068216867338
1971-04-16,119.58631867541857,0.004778581157108941
1971-04-19,119.96953730840607,0.003204535746498156
1971-04-20,118.5800150891919,-0.01158229205837578
1971-04-21,118.54124156622566,-0.0003269819365183926
1971-04-22,119.54155463904303,0.008438523669912025
1971-04-23,121.04587109687064,0.012584046295615967
1971-04-26,121.95577052669965,0.007516980311545099
1971-04-27,123.16726733720988,0.009933903129618692
1971-04-28,124.64923764423892,0.012032176560121888
1971-04-29,124.83090985279334,0.0014574674662103818
1971-04-30,124.45768543975302,-0.0029898397238347766
1971-05-03,122.2980810286695,-0.017352117737469405
1971-05-04,123.20301312038801,0.007399397309483273
1971-05-05,122.98681233421071,-0.0017548335929579485
1971-05-06,121.60351380578355,-0.011247535424108099
1971-05-07,120.71000802176185,-0.007347697085865079
1971-05-10,119.54508722666928,-0.00965057342124076
1971-05-11,119.91853256800374,0.003123886978528522
1971-05-12,119.98817092353464,0.0005807138733241016
1971-05-13,120.36221872993337,0.003117372350288621
1971-05-14,120.7585685191431,0.0032929750995953815
1971-05-17,117.23856953909974,-0.029149061828149664
1971-05-18,115.61048459608296,-0.013886939677081305
1971-05-19,115.44447990857341,-0.001435896476773123
1971-05-20,116.25903745491325,0.007055837983634491
1971-05-21,116.52028090003245,0.002247080750350194
1971-05-24,115.54920885178758,-0.008333931576065962
1971-05-25,113.57153536718684,-0.017115422115416234
1971-05-26,113.61852626833505,0.00041375597323990644
1971-05-27,113.75004865216115,0.001157578681450988
1971-05-28,115.10792857678221,0.011937400824973372
1971-06-01,116.36000714025124,0.010877431111392409
1971-06-02,117.81814751352383,0.01253128466651815
1971-06-03,119.22063226293452,0.01190380920944044
1971-06-04,120.15528009885956,0.007839648374483869
1971-06-07,120.32039593554953,0.0013741871065018662
1971-06-08,118.695275490205,-0.013506608191474263
1971-06-09,118.18186601368039,-0.004325441551100112
1971-06-10,118.74607772627057,0.004774097174306543
1971-06-11,119.03103070723358,0.002399683310971112
1971-06-14,117.6185004773035,-0.011866907490739303
1971-06-15,117.15066706080744,-0.00397754957423841
1971-06-16,117.30515062638695,0.0013186742291388693
1971-06-17,117.28821369094034,-0.00014438356164383562
1971-06-18,114.5276952549219,-0.023536196427140936
1971-06-21,110.96262940388863,-0.031128416957120795
1971-06-22,108.84196492475432,-0.019111519711878674
1971-06-23,109.85802512545021,0.009335187961723309
1971-06-24,110.62989905940947,0.007026104220222562
1971-06-25,111.00914413662154,0.0034280522755282565
1971-06-28,110.731874904478,-0.0024977152494960607
1971-06-29,112.31783243750984,0.014322502300263088
1971-06-30,113.51676841131764,0.010674493513528675
1971-07-01,114.91144032677815,0.012286043154497198
1971-07-02,115.53047972372862,0.00538709979781034
1971-07-06,116.44093850334022,0.007880680334651245
1971-07-07,118.08711146049465,0.01413740715519222
1971-07-08,118.95026734403403,0.007309484268553357
1971-07-09,119.98880074164538,0.008730820205789507
1971-07-12,120.65085337363783,0.005517620210388993
1971-07-13,119.59221781061736,-0.008774372774157137
1971-07-14,118.66796742659832,-0.0077283488920880695
1971-07-15,119.46819510801953,0.006743417779664764
1971-07-16,117.85400828538937,-0.013511435584765131
1971-07-19,116.49561394985137,-0.011526076671474504
1971-07-20,117.37352111514389,0.0075359675401208475
1971-07-21,117.24966701136046,-0.0010552133275607927
1971-07-22,116.80536550797176,-0.003789362603014141
1971-07-23,116.9804394386981,0.0014988517861741159
1971-07-26,116.33222256878368,-0.00554124153597595
1971-07-27,114.65581689729744,-0.01441050153146553
1971-07-28,112.27370081818766,-0.020776233980728122
1971-07-29,108.83024288969865,-0.030670209527209225
1971-07-30,107.70370204865304,-0.010351358327734116
1971-08-02,108.3118460630603,0.0056464541407549645
1971-08-03,105.87537271657693,-0.022494984944350663
1971-08-04,103.52780602972652,-0.02217292488910273
1971-08-05,103.21208026281911,-0.00304967118511867
1971-08-06,104.53850475277706,0.012851446134796893
1971-08-09,103.28445329687875,-0.011996072249780117
1971-08-10,102.98925726429822,-0.002858087767885366
1971-08-11,105.05336299864115,0.020041951842082715
1971-08-12,107.31933068842345,0.02156968254135377
1971-08-13,107.77305797366223,0.004227824403378577
1971-08-16,112.67347008734568,0.045469732471365945
1971-08-17,114.89270370748085,0.019696150463945027
1971-08-18,113.73699712400918,-0.010059007632147943
1971-08-19,112.92308374091812,-0.00715610050970169
1971-08-20,112.65586255085607,-0.0023664000415994793
1971-08-23,113.3797538645916,0.006425687020138556
1971-08-24,114.07554176163063,0.006136791387552344
1971-08-25,114.58428080523356,0.004459668003733697
1971-08-26,114.82038005713983,0.0020604855242542727
1971-08-27,115.49923595382684,0.005912329295105698
1971-08-30,114.20228058811618,-0.011229125067365238
1971-08-31,113.5764887148671,-0.0054796793026058825
1971-09-01,114.04196787910298,0.00409837607679933
1971-09-02,114.6762708012433,0.00556201312496432
1971-09-03,116.80673612404172,0.018578083398708777
1971-09-07,117.90755600944449,0.009424284265881416
1971-09-08,117.9972068057004,0.0007603481853931164
1971-09-09,117.91614541979443,-0.000686977159039407
1971-09-10,117.62179599890852,-0.0024962605403864037
1971-09-13,117.14475929986511,-0.004055682834904389
1971-09-14,116.17130148881209,-0.008309870769047262
1971-09-15,116.19686088584155,0.00022001472568440039
1971-09-16,116.15891685729483,-0.0003265495148272788
1971-09-17,116.81933349338952,0.0056854579395402265
1971-09-20,116.53530665796059,-0.0024313341545046116
1971-09-21,116.15824808813188,-0.0032355736698355207
1971-09-22,114.38567004626451,-0.015260027342375913
1971-09-23,113.97034231709956,-0.0036309419614969918
1971-09-24,114.12149031773801,0.001326204673650251
1971-09-27,112.60466242452024,-0.013291343190441951
1971-09-28,113.00476453362546,0.0035531575735010825
1971-09-29,113.44722407432992,0.003915406067439
1971-09-30,114.3292291757494,0.007774585130805646
1971-10-01,115.46618565922066,0.00994458277789569
1971-10-04,116.21699546734804,0.006502421499773648
1971-10-05,116.26362979174588,0.0004012694030706267
1971-10-06,117.70555592787366,0.012402211583369566
1971-10-07,118.32664695530032,0.0052766500487644976
1971-10-08,117.79778752321758,-0.004469487183918283
1971-10-11,117.6829393535216,-0.0009749603291431943
1971-10-12,118.09114140191016,0.003468659523895011
1971-10-13,117.60560209748286,-0.0041115641585241685
1971-10-14,115.84615916149302,-0.01496053678235019
1971-10-15,115.26006065919444,-0.005059282988239088
1971-10-18,114.07436136461035,-0.010287165283471508
1971-10-19,111.81949796859068,-0.019766609859094918
1971-10-20,108.88335136483786,-0.02625791259210956
1971-10-21,108.92892708746639,0.00041857384124603376
1971-10-22,109.30146510984001,0.0034200100224476703
1971-10-25,108.21023070824724,-0.009983712482684145
1971-10-26,106.97292777976516,-0.011434250905702702
1971-10-27,104.10325181824538,-0.02682618884123503
1971-10-28,104.52747524705038,0.004075025721056565
1971-10-29,105.71269870311384,0.011338870026872802
1971-11-01,102.83046949550459,-0.027264739647823926
1971-11-02,102.51810929364926,-0.0030376230254299573
1971-11-03,105.41429095790194,0.028250439695068522
1971-11-04,106.50330589287228,0.01033080927713337
1971-11-05,106.28614132506426,-0.0020390406287148573
1971-11-08,106.17963338853573,-0.0010020867744438703
1971-11-09,106.74842673841339,0.005356896908810344
1971-11-10,104.99628214379962,-0.016413774405382
1971-11-11,102.73821117257786,-0.021506199315983042
1971-11-12,103.06009417665527,0.003133040768412106
1971-11-15,102.0831421208741,-0.009479440743636134
1971-11-16,102.60131962843268,0.005076034071766761
1971-11-17,102.44800231211032,-0.0014943016023340908
1971-11-18,102.0378110360615,-0.00400389726291753
1971-11-19,101.05636291969078,-0.009618474822277921
1971-11-22,98.73526379854438,-0.022968361952537073
1971-11-23,95.84983818169405,-0.029223860916983337
1971-11-24,96.00799556019093,0.0016500536828981526
1971-11-26,98.35178384842942,0.02441242809583573
1971-11-29,101.09601011127766,0.027902150377642237
1971-11-30,102.82715369163375,0.017123757687871114
1971-12-01,104.96834441177589,0.020823203242241965
1971-12-02,107.13128685053216,0.0206056640302085
1971-12-03,109.35634129190962,0.020769417663038206
1971-12-06,108.61568326905004,-0.0067728859077546165
1971-12-07,109.29078531781555,0.006215511687140366
1971-12-08,110.19204549128297,0.008246442468562926
1971-12-09,110.70811833663657,0.004683394731922317
1971-12-10,112.41473869077443,0.015415494182173955
1971-12-13,113.08923629087525,0.0060000815547522415
1971-12-14,112.88642892772911,-0.0017933392230583356
1971-12-15,113.65672286822546,0.0068236186387780895
1971-12-16,114.80336002977859,0.010088599535660912
1971-12-17,115.85122779172856,0.009127500812503804
1971-12-20,117.85559259518662,0.017301196039643304
1971-12-21,118.32479656697514,0.003981176976472828
1971-12-22,118.816044124941,0.004151687323525679
1971-12-23,118.73522053503584,-0.0006802413807025324
1971-12-27,118.15750889554667,-0.00486554568127241
1971-12-28,118.62704203674615,0.003973790117854893
1971-12-29,119.96649973111744,0.011291335191147844
1971-12-30,120.80174316515212,0.006962305609538641
1971-12-31,123.24375087271369,0.020215003886351307
1972-01-03,122.17686213871977,-0.008656736965883243
1972-01-04,122.76205311871288,0.004789703792921918
1972-01-05,124.68468733248166,0.015661470013942837
1972-01-06,126.6002768771587,0.015363470732929516
1972-01-07,127.30489820749486,0.005565717135199123
1972-01-10,127.36200499392153,0.0004485827900635896
1972-01-11,128.52922945661612,0.00916462066336267
1972-01-12,129.08453445898348,0.004320456947536574
1972-01-13,128.00669769400636,-0.008349852052335677
1972-01-14,128.69276652676726,0.005359632309247632
1972-01-17,129.05850905819753,0.002841982042201313
1972-01-18,130.65217487765568,0.012348397878511979
1972-01-19,130.16780646777605,-0.003707312261224929
1972-01-20,129.8617282112338,-0.002351412878867349
1972-01-21,129.6003271996519,-0.0020129180104296405
1972-01-24,127.95456427855828,-0.012698755910996219
1972-01-25,127.51954595032684,-0.0033997875002286446
1972-01-26,127.69935061318361,0.0014100164921134455
1972-01-27,129.83221451042596,0.016702229784261294
1972-01-28,132.18155876758766,0.01809523365230023
1972-01-31,133.0867309043648,0.006847945698451569
1972-02-01,134.65823476040728,0.011808118250134014
1972-02-02,136.64413770265855,0.01474772742851347
1972-02-03,137.05633941400058,0.00301660735888259
1972-02-04,138.35509705930926,0.009476085899139406
1972-02-07,138.0697071109473,-0.002062735341363196
1972-02-08,138.52939059272006,0.003329357984394054
1972-02-09,140.3596560934551,0.013212109667875782
1972-02-10,141.60420821334736,0.008866879233899061
1972-02-11,141.9309009609062,0.002307083607759825
1972-02-14,140.48599762714525,-0.010180329470035106
1972-02-15,141.27100501892946,0.005587798108304434
1972-02-16,142.95680444621334,0.011933088655085147
1972-02-17,143.1457300609788,0.0013215573438237743
1972-02-18,143.0332471400117,-0.0007857930580196963
1972-02-22,142.72264111592236,-0.0021715652150810427
1972-02-23,143.42065204397304,0.004890681132251111
1972-02-24,144.30591087882505,0.006172464162138729
1972-02-25,146.2178764392188,0.013249391856160735
1972-02-28,146.4151656034216,0.001349282105630862
1972-02-29,147.4262612846209,0.0069056759047621185
1972-03-01,149.54598066476674,0.01437816683184775
1972-03-02,150.21219296510264,0.004454899405349778
1972-03-03,151.6392791830617,0.009500468569089973
1972-03-06,153.22190722806263,0.010436794829988402
1972-03-07,153.08099087448062,-0.0009196880271975846
1972-03-08,154.4251015880793,0.008780389426018022
1972-03-09,155.4862554284879,0.00687164087635956
1972-03-10,154.7408104209645,-0.004794282333632056
1972-03-13,151.76383327995677,-0.019238474536284404
1972-03-14,152.67253878408144,0.005987628834126795
1972-03-15,153.63164092930796,0.006282086830185837
1972-03-16,152.7232725613746,-0.005912638584335118
1972-03-17,153.27598503259296,0.0036190454928617093
1972-03-20,152.06318437711423,-0.007912528862370993
1972-03-21,147.74970580253202,-0.028366356999895835
1972-03-22,149.2100298635493,0.009883769670370864
1972-03-23,151.5983817763099,0.016006644559649962
1972-03-24,151.98214912562833,0.002531473916949184
1972-03-27,151.9431940490958,-0.0002563134996882452
1972-03-28,152.30343897499915,0.002370918474880299
1972-03-29,151.82932395965594,-0.0031129632957339727
1972-03-30,153.2608727976827,0.009428671620820585
1972-04-03,152.98508691040024,-0.0017994539783584632
1972-04-04,154.68429595998506,0.011107024115232853
1972-04-05,157.59380494139202,0.018809336548033354
1972-04-06,159.80266196933974,0.014016141235813176
1972-04-07,161.92893534454404,0.013305619249398073
1972-04-10,161.76375244283284,-0.0010200950272397941
1972-04-11,163.48483233767575,0.010639465695203522
1972-04-12,165.19009777500003,0.010430725670024716
1972-04-13,164.89445232479474,-0.0017897286471006736
1972-04-14,166.90411366599065,0.012187561878900825
1972-04-17,166.4860956520116,-0.0025045399109550437
1972-04-18,167.35946092613085,0.005245875162720693
1972-04-19,163.79203835158918,-0.021315930123103444
1972-04-20,164.21389952502184,0.0025755902281837766
1972-04-21,164.56208406887842,0.0021203110386129645
1972-04-24,161.7474817925529,-0.017103589154519164
1972-04-25,159.1254762884651,-0.016210487328950182
1972-04-26,159.29815332099483,0.001085162706546609
1972-04-27,159.4952338912729,0.0012371805081817474
1972-04-28,160.25242449218337,0.004747418355000137
1972-05-01,157.33089044705986,-0.018230825863517625
1972-05-02,155.3268753300527,-0.012737581992402687
1972-05-03,153.9364382907947,-0.008951683578926449
1972-05-04,154.27387162298922,0.002192030268733964
1972-05-05,155.47322422660335,0.007774178420472014
1972-05-08,153.463028059646,-0.012929532895178515
1972-05-09,146.66480013122984,-0.044298799615591536
1972-05-10,148.9533674152388,0.015604066428763127
1972-05-11,151.70583006524848,0.018478686972793226
1972-05-12,155.21822097066405,0.023152642874073422
1972-05-15,157.31257144005215,0.013492942106223111
1972-05-16,157.3391863289301,0.0001691847551298682
1972-05-17,155.8691690470966,-0.00934298261057686
1972-05-18,158.3942729009726,0.01620014958258377
1972-05-19,161.6173523128151,0.02034845927704447
1972-05-22,162.08865809891861,0.0029161830667248667
1972-05-23,162.89894297762677,0.004999022684324116
1972-05-24,164.71759307813073,0.01116428423205763
1972-05-25,165.5094278610784,0.004807226527236
1972-05-26,165.85773377076688,0.0021044475483345862
1972-05-30,164.52816976908366,-0.008016291863247236
1972-05-31,162.23700962896493,-0.01392564047442076
1972-06-01,163.68365250838679,0.008916848767925025
1972-06-02,164.6201243246958,0.005721229957652856
1972-06-05,162.6287545757623,-0.01209675765403846
1972-06-06,160.79311166647432,-0.011287320708299608
1972-06-07,158.3347103965382,-0.015289220069547938
1972-06-08,158.48211959582065,0.0009309973720434447
1972-06-09,157.2511547619583,-0.007767215866380998
1972-06-12,156.72854139007572,-0.0033234310595283635
1972-06-13,157.6686313886843,0.005998205497675231
1972-06-14,159.26242634145964,0.010108510099553809
1972-06-15,158.85278894918272,-0.0025720906160167593
1972-06-16,158.8067153744943,-0.0002900394446531069
1972-06-19,157.48304337167514,-0.008335113535329473
1972-06-20,158.2080647906189,0.0046038062474612835
1972-06-21,158.93464986273574,0.004592591869943139
1972-06-22,157.48527948357892,-0.009119285067218407
1972-06-23,156.09090991694805,-0.008853967629249136
1972-06-26,153.8448456262682,-0.014389462473342664
1972-06-27,154.96580761406668,0.007286314879353181
1972-06-28,154.44299923214052,-0.003373701527940785
1972-06-29,153.87346975118004,-0.0036876354628702333
1972-06-30,155.58908205433733,0.011149500339022
1972-07-03,156.7448309988735,0.007428213659185632
1972-07-05,158.3580511394736,0.0102920149284646
1972-07-06,159.7355081630072,0.008698370645648087
1972-07-07,158.84130213711623,-0.00559804163879744
1972-07-10,157.20538820998348,-0.010299046313033808
1972-07-11,156.27066348729238,-0.005945882220287207
1972-07-12,155.38676302886537,-0.00565621492033194
1972-07-13,152.78573743774763,-0.01673904224798456
1972-07-14,153.59357522124674,0.00528739002112856
1972-07-17,151.20330780972577,-0.015562287732920278
1972-07-18,149.15702149964613,-0.013533343547316265
1972-07-19,149.67444820685654,0.0034690067018510106
1972-07-20,148.06068358896363,-0.01078183108223397
1972-07-21,149.29850198843414,0.00836020994544966
1972-07-24,151.90391369565782,0.017451023771326925
1972-07-25,151.17520399418464,-0.004797175291567171
1972-07-26,151.57801118916316,0.0026645057147998874
1972-07-27,150.87377051463713,-0.00464606092269648
1972-07-28,150.35932833090635,-0.003409752284813839
1972-07-31,149.35856684746628,-0.006655799108370786
1972-08-01,150.97480565028806,0.010821199191556077
1972-08-02,153.16368974962816,0.014498340235723505
1972-08-03,155.3206738577874,0.014082868542049385
1972-08-04,156.8011199015622,0.00953154533137241
1972-08-07,156.80819326079242,4.51103871877419e-05
1972-08-08,155.92455602836236,-0.005635147080359812
1972-08-09,156.2373534623896,0.0020060819283034257
1972-08-10,156.43092656281394,0.0012389681221202289
1972-08-11,158.41797556844875,0.012702405140053477
1972-08-14,158.40065287222177,-0.0001093480469297427
1972-08-15,157.84963540861847,-0.0034786312657928303
1972-08-16,157.77987633550254,-0.0004419336980751023
1972-08-17,156.38990753146155,-0.008809544260798973
1972-08-18,157.6587767932494,0.008113498382448847
1972-08-21,157.2577675354279,-0.002543526380059173
1972-08-22,157.2361123674394,-0.00013770491803278688
1972-08-23,156.75936289531649,-0.0030320609238214643
1972-08-24,155.06376333146775,-0.010816576008803017
1972-08-25,154.82836521656503,-0.0015180730161923485
1972-08-28,153.48119686969662,-0.00870104353930275
1972-08-29,152.67946847415146,-0.00522362616331309
1972-08-30,153.46052996690636,0.005115694340310901
1972-08-31,153.84143637950484,0.002482113235765757
1972-09-01,155.59602814476153,0.011405196197780989
1972-09-05,154.62936593748265,-0.006212640636170569
1972-09-06,152.94704983054257,-0.010879667628076782
1972-09-07,151.9348942183777,-0.006617686403799778
1972-09-08,151.725831930388,-0.0013759991677040585
1972-09-11,149.61867759623038,-0.013887907598518783
1972-09-12,147.07837731869188,-0.01697849705899621
1972-09-13,147.82138643645453,0.0050517902856155586
1972-09-14,147.96333165428987,0.0009602481836846184
1972-09-15,148.15171479954924,0.001273174530156638
1972-09-18,147.95125990059358,-0.0013530379937004954
1972-09-19,147.49031361178413,-0.003115527972652295
1972-09-20,147.67835582034058,0.001274946157151696
1972-09-21,147.17158805796865,-0.0034315642231854486
1972-09-22,147.52127395244142,0.0023760421361698307
1972-09-25,145.97886807750646,-0.010455480986641914
1972-09-26,146.53430174235578,0.0038048908870452766
1972-09-27,149.927529505978,0.02315654234725435
1972-09-28,151.25978872041028,0.008886021258551952
1972-09-29,152.3634805070227,0.007296663547854586
1972-10-02,151.5716937765121,-0.00519669626787048
1972-10-03,151.97283096506675,0.0026465178197859042
1972-10-04,151.50589123440915,-0.003072521105860988
1972-10-05,148.48514351549818,-0.01993815352194649
1972-10-06,148.74308427601855,0.001737148609035482
1972-10-09,149.56390232480496,0.005518361090746648
1972-10-10,150.73041410523825,0.007799420597491599
1972-10-11,149.65821326030485,-0.007113367605988406
1972-10-12,148.0079748258165,-0.011026714795920142
1972-10-13,146.41340988712054,-0.010773506904425321
1972-10-16,143.3139165471411,-0.02116946352365561
1972-10-17,144.56939869669486,0.008760364518687676
1972-10-18,145.96739835193975,0.009670093863901727
1972-10-19,145.6256066872769,-0.0023415616673440904
1972-10-20,148.1070411713787,0.01703982246357628
1972-10-23,149.57320982956477,0.009899385245901586
1972-10-24,150.13388602412482,0.0037485068027817633
1972-10-25,150.0666262050902,-0.00044799892160132674
1972-10-26,151.16368928670855,0.007310506735315313
1972-10-27,151.51678055047725,0.0023358206288481994
1972-10-30,151.29042274562218,-0.0014939454496900103
1972-10-31,153.09264708483104,0.011912349152722677
1972-11-01,156.24532274659526,0.020593253312925355
1972-11-02,157.48241359432583,0.007917618434805592
1972-11-03,160.36912205073568,0.01833035442196114
1972-11-06,160.88017117469866,0.003186705254901326
1972-11-08,159.58331507199065,-0.008061006482270247
1972-11-09,158.9856595862493,-0.0037451000781110835
1972-11-10,159.6819670192456,0.0043796870410096975
1972-11-13,158.77632623776756,-0.005671528215636736
1972-11-14,159.06538946164918,0.001820568788376725
1972-11-15,157.96629312154084,-0.006909713947378416
1972-11-16,158.35004087428882,0.0024293014994834976
1972-11-17,157.63570759388622,-0.004511102595607693
1972-11-20,157.0702685901982,-0.003586998227233824
1972-11-21,157.2150776129342,0.0009219378309831558
1972-11-22,157.9070151801112,0.0044012163316837025
1972-11-24,159.1268775036684,0.0077251939830906054
1972-11-27,157.98450332382865,-0.007179014618780619
1972-11-28,158.29642584291648,0.001974386807093785
1972-11-29,158.32233962783613,0.00016370416945092663
1972-11-30,158.84923277924688,0.00332797729397683
1972-12-01,161.1689987734036,0.01460357065356754
1972-12-04,161.58373448605923,0.0025732970720923013
1972-12-05,161.89876887770447,0.0019496664849792127
1972-12-06,162.8410189693992,0.005819995409640816
1972-12-07,163.73750774918673,0.005505300724972789
1972-12-08,163.93317997957305,0.0011950360859654865
1972-12-11,163.08915461709017,-0.005148593851397556
1972-12-12,161.71195451769816,-0.008444461574563265
1972-12-13,160.22034373175725,-0.009223874576184473
1972-12-14,159.40712822431078,-0.005075607057790143
1972-12-15,159.86341041929123,0.0028623700838420895
1972-12-18,157.42689329199092,-0.015241243264545588
1972-12-19,157.04888415711625,-0.002401172550445729
1972-12-20,155.93589909016987,-0.007086870262847041
1972-12-21,153.90509502862045,-0.013023326080770515
1972-12-22,154.35355395095357,0.002913866641320106
1972-12-26,154.03338131038208,-0.0020742809762139373
1972-12-27,155.77349102805616,0.011296965001162214
1972-12-29,159.9812115313139,0.02701178792032013
1973-01-02,162.04216281977511,0.012882458313286528
1973-01-03,163.8209424066693,0.010977263916629952
1973-01-04,163.93922281324544,0.0007220102926921414
1973-01-05,165.05006826969696,0.006775959025479597
1973-01-08,165.23584327636277,0.0011255675845117078
1973-01-09,165.1357937725247,-0.0006054951628789648
1973-01-10,165.27865339185746,0.0008651039006694693
1973-01-11,167.14649164263912,0.011301146351629736
1973-01-12,165.09136879461224,-0.012295339422503417
1973-01-15,161.58698747347952,-0.021226920260697946
1973-01-16,160.19185787591903,-0.008633922937572413
1973-01-17,160.2611404913897,0.00043249773358845626
1973-01-18,160.8802874739926,0.0038633631378416603
1973-01-19,159.72813446003943,-0.007161554917904054
1973-01-22,157.9312161158878,-0.011249854950263528
1973-01-23,156.2209714788595,-0.010829047474524166
1973-01-24,151.5950059917138,-0.02961168045080102
1973-01-26,149.84903113460913,-0.01151736395063104
1973-01-29,146.77260923881948,-0.020530142053611884
1973-01-30,146.20005585720907,-0.0039009552571133838
1973-01-31,146.58650511223345,0.0026432907481363363
1973-02-01,143.22882151252355,-0.022905816583450814
1973-02-02,142.16722351325149,-0.007411902074326894
1973-02-05,141.0180455394436,-0.008083283512256047
1973-02-06,141.59922754317367,0.004121330724070387
1973-02-07,138.705165953385,-0.020438399559109602
1973-02-08,136.41851568787465,-0.01648568926610013
1973-02-09,140.55566150400054,0.030326864320908403
1973-02-12,142.76454080140724,0.015715334934010113
1973-02-13,143.43869257651016,0.0047221233740434645
1973-02-14,139.4228738797134,-0.027996760320822954
1973-02-15,137.1988922997205,-0.015951339390060274
1973-02-16,137.4409676366888,0.0017644117449540963
1973-02-20,138.36581580852507,0.0067290574836536094
1973-02-21,135.99657422652143,-0.01712302687017919
1973-02-22,135.3817365754012,-0.004520978963015292
1973-02-23,132.4259191874261,-0.02183320633007856
1973-02-26,130.04418798852367,-0.017985385440530775
1973-02-27,126.87009450413017,-0.02440780732679596
1973-02-28,128.14123843907637,0.010019255837354486
1973-03-01,126.24716873056927,-0.014781109747176524
1973-03-02,127.45160372186099,0.009540293088569471
1973-03-05,128.32253999678971,0.006833466582573243
1973-03-06,131.19681965740952,0.0223988682011102
1973-03-07,131.97162453215768,0.005905668115823224
1973-03-08,131.58298296801098,-0.0029448873235018943
1973-03-09,131.3027342995409,-0.002129824557467348
1973-03-12,130.9581338284643,-0.0026244729244592627
1973-03-13,131.43095031400014,0.003610440006385115
1973-03-14,131.43087540079017,-5.699814981905367e-07
1973-03-15,130.3328503794294,-0.008354391751652026
1973-03-16,129.4968454864134,-0.006414383561643761
1973-03-19,126.69818841340724,-0.021611777974157725
1973-03-20,125.24073019636462,-0.011503386396394422
1973-03-21,122.34273532758758,-0.023139396139205543
1973-03-22,117.75643507229567,-0.03748731171500719
1973-03-23,117.28921864504568,-0.0039676509140511105
1973-03-26,117.37358307295051,0.0007192854456653128
1973-03-27,120.0971369270649,0.023204146817445558
1973-03-28,120.59111354315671,0.004113142317387733
1973-03-29,122.73315937868433,0.017762882957051692
1973-03-30,121.1968624581392,-0.012517374508424512
1973-04-02,117.69083566624276,-0.02892836267199072
1973-04-03,114.98815037130755,-0.0229642799257514
1973-04-04,111.7949444167021,-0.027769869715221163
1973-04-05,110.05344551364675,-0.015577617683355317
1973-04-06,112.49146606802955,0.022153059752050147
1973-04-09,113.90581840267124,0.01257297450267349
1973-04-10,115.48563208894473,0.013869473117594776
1973-04-11,116.43229754238021,0.008197257410396995
1973-04-12,117.0191028085942,0.005039883937705582
1973-04-13,116.25071776428382,-0.0065663214455439056
1973-04-16,114.84140147252855,-0.01212307604511206
1973-04-17,112.99789357203593,-0.016052641964088125
1973-04-18,113.11852752602665,0.001067577015617572
1973-04-19,113.97535530289865,0.0075746015759871905
1973-04-23,111.64387030843113,-0.02045604497806916
1973-04-24,108.08910791347711,-0.031840193152866486
1973-04-25,104.45638451020407,-0.03360859825192522
1973-04-26,105.10776502089792,0.006235909023159937
1973-04-27,102.56146315630555,-0.02422563037170569
1973-04-30,101.47013204559525,-0.010640752160946478
1973-05-01,101.66043792143229,0.0018754866284349673
1973-05-02,103.69652167648627,0.020028280387967196
1973-05-03,105.12485589253107,0.013774176731799632
1973-05-04,107.17541671826963,0.019505956115981122
1973-05-07,106.33003137461652,-0.007887866168744234
1973-05-08,106.67827849650762,0.0032751530060606848
1973-05-09,106.41012019955443,-0.0025137103891489493
1973-05-10,105.96906694454327,-0.00414484312379352
1973-05-11,103.60787903120699,-0.022281859993841063
1973-05-14,98.54258123987925,-0.04888911768768129
1973-05-15,97.93397919062896,-0.006176031128805082
1973-05-16,97.84406550863633,-0.0009181050615497383
1973-05-17,96.14960078710418,-0.017318012213858664
1973-05-18,91.92913558032362,-0.043894776184516676
1973-05-21,88.07761816271658,-0.04189659125252788
1973-05-22,89.51420005258441,0.016310408022318017
1973-05-23,90.38061739126091,0.009679104970692024
1973-05-24,94.22568284070141,0.042543031464313506
1973-05-25,95.83679989348857,0.01709849166613032
1973-05-29,95.19058003669127,-0.0067429198128015925
1973-05-30,92.16079087076021,-0.0318286658697029
1973-05-31,91.16321194386495,-0.010824331230991587
1973-06-01,90.54426104942601,-0.006789480989547254
1973-06-04,87.7912470243569,-0.030405174145342086
1973-06-05,89.4146794785787,0.01849196257311845
1973-06-06,89.38239889617671,-0.0003610210604146724
1973-06-07,90.89696228139233,0.016944760981128834
1973-06-08,92.9202674949373,0.02225932707499467
1973-06-11,91.65605232631923,-0.013605375906682232
1973-06-12,94.75430257277148,0.03380300774270399
1973-06-13,93.90683456419247,-0.008943847250927317
1973-06-14,92.50525265768827,-0.014925238541036072
1973-06-15,90.16758921831992,-0.02527060217887051
1973-06-18,87.49551284104922,-0.02963455494857338
1973-06-19,87.81107240939525,0.003606580018786803
1973-06-20,88.19672778098716,0.004391876343269081
1973-06-21,86.8051091245239,-0.015778574687248977
1973-06-22,87.81105920154636,0.011588604486164713
1973-06-25,85.0549072642164,-0.03138729862037042
1973-06-26,85.94767613044615,0.010496382806655206
1973-06-27,86.38065450391058,0.005037697270689201
1973-06-28,87.98684638776392,0.018594347230613154
1973-06-29,87.65926234679839,-0.0037231024228536543
1973-07-02,86.17501137964511,-0.01693204947677144
1973-07-03,84.95620242982658,-0.014143415014464662
1973-07-05,84.82576036873098,-0.0015354036240418647
1973-07-06,84.96543987996438,0.0016466638274295804
1973-07-09,85.82888055329836,0.010162257437304138
1973-07-10,87.82296668166975,0.023233276672332798
1973-07-11,90.4298520238667,0.029683412445472013
1973-07-12,91.26037254670385,0.00918414112430424
1973-07-13,90.99769318035912,-0.0028783508001821814
1973-07-16,92.61326274956973,0.017753961806575777
1973-07-17,93.7916692381414,0.012723949611386879
1973-07-18,95.80195070776976,0.021433475765573202
1973-07-19,97.14483840731225,0.014017331480428585
1973-07-20,99.24467886616452,0.021615563866069474
1973-07-23,99.3247691139409,0.0008069979034784704
1973-07-24,100.30399396477888,0.009858818294504771
1973-07-25,101.95476197772413,0.016457649867112123
1973-07-26,101.9006528038825,-0.0005307174750057923
1973-07-27,102.23859879707152,0.003316426184623412
1973-07-30,101.29069389111571,-0.009271497429627996
1973-07-31,100.8275009977261,-0.004572906706390252
1973-08-01,98.0081002791962,-0.027962616256783843
1973-08-02,97.71753374314677,-0.0029647196019685156
1973-08-03,97.40917659927426,-0.0031555968725432712
1973-08-06,98.07242133292768,0.006808852685223906
1973-08-07,98.2209583208673,0.0015145642976977076
1973-08-08,96.06280828623076,-0.021972398473107054
1973-08-09,96.08322285276456,0.00021251269766098363
1973-08-10,94.56485510557712,-0.015802631324244164
1973-08-13,92.77633072333154,-0.018913203856218988
1973-08-14,91.40966608990053,-0.014730746762410313
1973-08-15,90.9710792707474,-0.004798035458545256
1973-08-16,90.88570725578923,-0.0009384522602406822
1973-08-17,91.57455734187657,0.007579300496046446
1973-08-20,89.69278481612976,-0.02054907586090281
1973-08-21,88.71707787377287,-0.010878321420804197
1973-08-22,87.34723923588581,-0.015440529272572178
1973-08-23,89.38425664292637,0.023320913458289017
1973-08-24,89.14289888394292,-0.0027002267294970583
1973-08-27,89.98688484665328,0.009467786815068314
1973-08-28,90.11200018365797,0.0013903730217785393
1973-08-29,91.49712122914642,0.015371105320772155
1973-08-30,91.83470464050556,0.003689552270324343
1973-08-31,93.373883745054,0.01676032073684659
1973-09-04,94.43436281252691,0.011357341313641982
1973-09-05,95.3676585459701,0.009883009803285095
1973-09-06,95.94561229060908,0.0060602698383372695
1973-09-07,97.12059076851614,0.012246297145388819
1973-09-10,95.6751465349889,-0.014882984360879856
1973-09-11,94.79496602494807,-0.00919967767929097
1973-09-12,93.99069490939492,-0.008484323052992947
1973-09-13,94.45711066400185,0.004962360955587647
1973-09-14,95.28239486947226,0.008737131589871295
1973-09-17,95.59472521215518,0.0032779438752646435
1973-09-18,95.63298375482431,0.0004002160431364624
1973-09-19,98.51414198203487,0.030127243907782306
1973-09-20,100.04992676047596,0.01558948540323446
1973-09-21,101.32136082851403,0.012707995989661582
1973-09-24,101.69719191899748,0.003709297698039514
1973-09-25,101.88444377852687,0.001841268731181389
1973-09-26,103.38946694219217,0.014771864161489267
1973-09-27,104.5874985967539,0.011587560029026774
1973-09-28,104.43871405966159,-0.0014225843345384735
1973-10-01,103.95517938460404,-0.004629841332413592
1973-10-02,105.41821326827055,0.014073698802959323
1973-10-03,106.09889317513722,0.0064569478628370225
1973-10-04,104.90814781512651,-0.011222976266539767
1973-10-05,106.8665739737614,0.018668008152103756
1973-10-08,107.97216351890623,0.010345513138806932
1973-10-09,107.7636005612124,-0.001931636367157815
1973-10-10,106.03036038419408,-0.01608372556217433
1973-10-11,108.6407670724372,0.024619426726311955
1973-10-12,109.65612448772981,0.009346007421096425
1973-10-15,107.73760506270033,-0.01749577995749941
1973-10-16,107.73894146200125,1.2404204642827767e-05
1973-10-17,106.80705927170953,-0.008649446315753859
1973-10-18,107.09287722620671,0.002676021196034073
1973-10-19,107.89161642422093,0.0074583783600013845
1973-10-22,106.0092537185836,-0.017446793069037354
1973-10-23,105.08552347390169,-0.008713675573399183
1973-10-24,105.66975826410292,0.005559612503108748
1973-10-25,105.9916469045204,0.003046175610745477
1973-10-26,106.88021579379857,0.008383386004735007
1973-10-29,105.50086263080514,-0.012905598596980497
1973-10-30,102.73517031424812,-0.026214878699479645
1973-10-31,101.86393581036597,-0.00848039187765204
1973-11-01,100.83012352732257,-0.010148952863631622
1973-11-02,99.54420397186759,-0.012753327185070176
1973-11-05,96.3515163081289,-0.0320730643909815
1973-11-06,94.68203727731004,-0.017326961679356503
1973-11-07,95.43255224931902,0.00792668803493143
1973-11-08,96.47205971823574,0.010892587952599106
1973-11-09,93.68727068584737,-0.0288662752772343
1973-11-12,92.41871426227799,-0.013540328523638092
1973-11-13,91.8054566167117,-0.006635643554030653
1973-11-14,86.95204069044124,-0.05286631214671145
1973-11-15,86.34090048451891,-0.00702847455987895
1973-11-16,85.9019268807966,-0.005084190705203808
1973-11-19,81.82629172849596,-0.047445212235533114
1973-11-20,77.81244434672126,-0.04905327245053276
1973-11-21,78.992057667032,0.015159700099569559
1973-11-23,78.93362073849242,-0.0007397823308502693
1973-11-26,73.7514350063391,-0.0656524518154557
1973-11-27,72.07827841984813,-0.022686427543371284
1973-11-28,74.9628816526066,0.040020423572771226
1973-11-29,74.44522673246685,-0.006905483203522774
1973-11-30,72.68633514122739,-0.02362665369480806
1973-12-03,70.25637248771005,-0.03343080441180577
1973-12-04,69.61842113072399,-0.00908033441518296
1973-12-05,66.82406502179151,-0.040138171241853496
1973-12-06,69.10682949469984,0.034160814254025215
1973-12-07,70.68552470995034,0.022844272075476735
1973-12-10,72.51887103753226,0.025936658673820945
1973-12-11,70.42922322557209,-0.028815228120121564
1973-12-12,68.29407488010892,-0.030316227379431265
1973-12-13,65.74090403337694,-0.0373849539834035
1973-12-14,66.48251788970052,0.011280858808194379
1973-12-17,65.70798795510295,-0.011650129375102208
1973-12-18,67.8056220234976,0.0319235778430461
1973-12-19,67.31528421877218,-0.0072315213708312774
1973-12-20,67.34897619540426,0.0005005100553774662
1973-12-21,66.21877957091385,-0.016781199779656465
1973-12-24,64.9286178667796,-0.019483320479390717
1973-12-26,67.13331182728358,0.03395565827425368
1973-12-27,68.70030727185737,0.02334154835985527
1973-12-28,69.33649093919676,0.009260273972602888
1973-12-31,70.07371144018255,0.010632503765330072
1974-01-02,70.56817573264416,0.0070563451299951565
1974-01-03,73.07396460508181,0.035508766471888546
1974-01-04,72.93846962047431,-0.001854216961400324
1974-01-07,73.47806456013257,0.007397947097957677
1974-01-08,72.76663697890612,-0.009682176381282223
1974-01-09,69.93816072846361,-0.038870509451500994
1974-01-10,68.74396088776133,-0.017075082162065814
1974-01-11,69.95145329190706,0.017565068822804928
1974-01-14,70.17672555971767,0.0032204086864435467
1974-01-15,71.18353855242098,0.014346822036410805
1974-01-16,73.34462265670645,0.03035932391439059
1974-01-17,75.59977900213494,0.030747398565043656
1974-01-18,74.59527098198251,-0.013287181965493073
1974-01-21,73.24577762960135,-0.018090870032593662
1974-01-22,74.49030715269211,0.016991143563035785
1974-01-23,75.21355450002521,0.009709281314286429
1974-01-24,74.9662392046075,-0.0032881745459540446
1974-01-25,74.62527862488776,-0.004548188402370802
1974-01-28,73.99600212552126,-0.008432484420321271
1974-01-29,73.26806537130757,-0.009837514640032392
1974-01-30,74.20197814300332,0.012746518786361622
1974-01-31,73.81620586934194,-0.005198948644170886
1974-02-01,72.59170546202242,-0.01658850374248367
1974-02-04,70.61490072237939,-0.02723182665376596
1974-02-05,69.95015994503872,-0.009413604926728918
1974-02-06,70.3629589707072,0.005901330690205934
1974-02-07,70.45824830737669,0.0013542542562652814
1974-02-08,69.52111994781119,-0.013300477688250987
1974-02-11,67.87510735428242,-0.023676439544765858
1974-02-12,66.92609495829035,-0.013981744309273571
1974-02-13,66.29450601008551,-0.009437110421554568
1974-02-14,66.47555503330713,0.0027309808024525133
1974-02-15,67.60005124541658,0.016915935663057356
1974-02-19,67.32027988849404,-0.0041386264029128145
1974-02-20,68.40687145508521,0.016140627584896414
1974-02-21,69.30773888146989,0.013169253427649795
1974-02-22,70.4399448137791,0.016335923672903516
1974-02-25,70.08876236740917,-0.004985558226917176
1974-02-26,70.66749102822781,0.008257082038129245
1974-02-27,72.09855216899058,0.02025062896588663
1974-02-28,72.53193183488585,0.006010934378813703
1974-03-01,72.05941219703725,-0.006514642942700901
1974-03-04,71.64273956278868,-0.005782348503055064
1974-03-05,73.02169340941383,0.019247642608873367
1974-03-06,73.6425724932673,0.008502666192255462
1974-03-07,72.71756838155697,-0.012560725140269896
1974-03-08,73.6909172094642,0.013385332452262031
1974-03-11,74.74060678866384,0.01424449062312436
1974-03-12,74.61985188041164,-0.001615653303346152
1974-03-13,75.43390787903596,0.010909375697085848
1974-03-14,75.70409788525284,0.003581811068971102
1974-03-15,75.72371450949696,0.0002591223565447003
1974-03-18,73.8684830139968,-0.02450000647112325
1974-03-19,72.89657065872022,-0.013157334706500086
1974-03-20,73.19298950419561,0.004066293418151648
1974-03-21,73.81372327821558,0.008480781810181205
1974-03-22,73.94158646754919,0.0017322414268640966
1974-03-25,73.75219505592608,-0.0025613652704925115
1974-03-26,73.61697993636669,-0.0018333707824812336
1974-03-27,71.96737890513653,-0.02240788786304538
1974-03-28,69.90893707679113,-0.028602428762324685
1974-03-29,68.99476375285003,-0.013076630287439836
1974-04-01,68.40927633521832,-0.008485968873362806
1974-04-02,68.59219040368863,0.0026738196669994687
1974-04-03,68.73059997299617,0.0020178619241193194
1974-04-04,68.34691440034575,-0.005582456326602226
1974-04-05,66.58076045695533,-0.025841019435714083
1974-04-08,65.404572281662,-0.017665586382927333
1974-04-09,65.77264146223793,0.0056275756837128816
1974-04-10,65.3102281510258,-0.007030481077419032
1974-04-11,65.1838076740634,-0.0019356918593218743
1974-04-15,64.60609518020435,-0.008862822140550274
1974-04-16,65.91101206498546,0.02019804603793695
1974-04-17,66.46991520338324,0.008479662515980231
1974-04-18,66.72335910763246,0.0038129115025006943
1974-04-19,65.84683831970658,-0.01313664059556648
1974-04-22,65.75782227917637,-0.0013518650675073396
1974-04-23,63.125161742417404,-0.04003570138898367
1974-04-24,60.9462532973644,-0.03451727306369614
1974-04-25,59.66108499702799,-0.021086912333493427
1974-04-26,59.92918150886264,0.0044936579991463575
1974-04-29,60.20701399853138,0.00463601341906623
1974-04-30,60.754746779437994,0.009097491214561304
1974-05-01,61.822471202790126,0.017574337478985142
1974-05-02,62.292603715857766,0.0076045571120168225
1974-05-03,61.57481513064363,-0.011522854117452868
1974-05-06,61.320854450718045,-0.004124424562002393
1974-05-07,60.39829343238329,-0.015044816752776805
1974-05-08,59.10651013653776,-0.021387744958252887
1974-05-09,59.19384006523018,0.0014775010145359946
1974-05-10,57.10137476800325,-0.03534937579520232
1974-05-13,55.557479508843734,-0.027037794894294448
1974-05-14,55.522132324003394,-0.0006362272938373446
1974-05-15,55.98086539525962,0.008262165951755197
1974-05-16,55.9587622047072,-0.0003948347421276341
1974-05-17,53.845751907782095,-0.037760132884914935
1974-05-20,53.16344176257853,-0.012671568713017625
1974-05-21,52.97237880523582,-0.0035938786317856134
1974-05-22,52.22127244698109,-0.014179207639821757
1974-05-23,51.99319950470417,-0.004367433645138997
1974-05-24,53.146981959699744,0.022191026249330517
1974-05-28,52.60499982018763,-0.010197797118998979
1974-05-29,50.93548088522429,-0.03173688700066586
1974-05-30,51.323406974855,0.007616028805241868
1974-05-31,51.45641503608395,0.0025915672608041837
1974-06-03,52.56165302249223,0.021479109759846845
1974-06-04,53.44809922830062,0.016864884470605673
1974-06-05,54.01499919986269,0.010606550649080811
1974-06-06,55.30754133395183,0.023929318767673388
1974-06-07,55.976998908729215,0.012104272918861741
1974-06-10,56.231766705276655,0.004551294308629297
1974-06-11,55.44575734168889,-0.013978030740300572
1974-06-12,55.11780224610092,-0.005914881702614694
1974-06-13,55.29495593063557,0.0032140919506124135
1974-06-14,54.648654145931175,-0.011688259332644097
1974-06-17,53.011988742767116,-0.029948869349894366
1974-06-18,52.626675565988116,-0.007268415803992479
1974-06-19,51.85419915099063,-0.014678419388830431
1974-06-20,50.804688467106295,-0.020239646953727694
1974-06-21,49.85514400675883,-0.01869009512699312
1974-06-24,49.542018015794866,-0.006280715805805439
1974-06-25,50.12470612548851,0.011761493234043708
1974-06-26,48.75246638201539,-0.027376514488437694
1974-06-27,46.95101157699017,-0.03695104963325049
1974-06-28,45.88039959382898,-0.0228027458238168
1974-07-01,45.170449672293415,-0.015473926291414912
1974-07-02,43.27009651897712,-0.04207071585744989
1974-07-03,43.08750396493508,-0.004219832372270311
1974-07-05,42.96882611420419,-0.0027543449912408543
1974-07-08,39.90004147602065,-0.07141886143287261
1974-07-09,39.477749298820726,-0.010583752837793739
1974-07-10,38.61036536198378,-0.02197146372938879
1974-07-11,38.74814718020597,0.003568518892023994
1974-07-12,40.65876253280504,0.04930856032195219
1974-07-15,40.98015005940555,0.007904508317025362
1974-07-16,40.575255273818584,-0.00988026605563974
1974-07-17,41.79249753528893,0.029999620538574325
1974-07-18,41.90096205610308,0.0025953108144008467
1974-07-19,42.573523723817004,0.016051222566522454
1974-07-22,42.57688412573099,7.893173080501272e-05
1974-07-23,43.75328352468599,0.027630002127000484
1974-07-24,43.96983777232659,0.004949439909313682
1974-07-25,42.64326416794942,-0.030170081846699167
1974-07-26,41.84770176443865,-0.018656226699191238
1974-07-29,40.28828690554972,-0.03726405019006553
1974-07-30,40.06787890596858,-0.005470771197044451
1974-07-31,38.58931465257236,-0.036901485523257
1974-08-01,38.18634471751665,-0.010442526349165326
1974-08-02,37.92814048068247,-0.006761690304328458
1974-08-05,38.20558302405054,0.007314952429828948
1974-08-06,39.142860401280586,0.024532471514438894
1974-08-07,40.41323779870962,0.03245489431292248
1974-08-08,39.25680637559921,-0.028615163894325137
1974-08-09,39.28404252194978,0.0006937942452570803
1974-08-12,38.89895805449364,-0.009802567219017191
1974-08-13,37.19011848130402,-0.043930214552166336
1974-08-14,35.487494836154376,-0.04578161389847628
1974-08-15,35.09148775423279,-0.011159059937872518
1974-08-16,34.01566222856635,-0.030657734810250914
1974-08-19,33.24574278191122,-0.022634263048642113
1974-08-20,33.842911739119096,0.01796226846622887
1974-08-21,33.01372481452039,-0.02450105153452997
1974-08-22,31.655908334175095,-0.04112884831911135
1974-08-23,30.635452959702548,-0.032235858270125275
1974-08-26,30.98349396621577,0.011360726638219906
1974-08-27,30.38795652938084,-0.01922111939616316
1974-08-28,30.47097792344041,0.0027320492570568513
1974-08-29,29.431510012822137,-0.03411337546271009
1974-08-30,30.38608779733736,0.03243387050475334
1974-09-03,28.91537832873183,-0.048400750975727984
1974-09-04,27.077552765479542,-0.06355875902291504
1974-09-05,28.24004679438594,0.04293201970557808
1974-09-06,28.68584996773729,0.015786205192831894
1974-09-09,27.41540808456595,-0.04428810317979752
1974-09-10,27.041731647584736,-0.013630161397873977
1974-09-11,27.028359566218896,-0.0004944979685513901
1974-09-12,25.878114460407105,-0.04255697068827717
1974-09-13,24.932419904145373,-0.036544183221255216
1974-09-16,25.4312420668812,0.020006969425895582
1974-09-17,25.853811298123702,0.016616146003848142
1974-09-18,26.2081292862537,0.013704671394260386
1974-09-19,27.466665793455096,0.0480208447331456
1974-09-20,27.81311588859297,0.012613474738547497
1974-09-23,27.577277826830706,-0.008479382989914765
1974-09-24,26.81491922068604,-0.027644447393678107
1974-09-25,26.7378375612609,-0.0028745810789419153
1974-09-26,25.92372231638034,-0.030448058599177544
1974-09-27,25.247748078531657,-0.026075508354815116
1974-09-30,23.95414598684271,-0.05123633552050943
1974-10-01,23.786915361819663,-0.006981281032306499
1974-10-02,23.946144321555376,0.006693972602739901
1974-10-03,23.254193268262767,-0.028896136430186844
1974-10-04,23.496387941093076,0.01041509675422103
1974-10-07,24.686667385831175,0.05065797550339251
1974-10-08,24.29880797445743,-0.015711290848288255
1974-10-09,25.541792057940516,0.0511541177159675
1974-10-10,26.92205902502302,0.05403955070777453
1974-10-11,28.092558304637272,0.043477331303906616
1974-10-14,29.297647514330016,0.04289709739585443
1974-10-15,28.979854042601026,-0.010847064480980974
1974-10-16,28.777118711335238,-0.00699573334523228
1974-10-17,29.57214344785082,0.02762697490636625
1974-10-18,30.24441043275332,0.022733116592918427
1974-10-21,31.26175855072775,0.03363755826011025
1974-10-22,31.570401574365672,0.009872861858909699
1974-10-23,30.837025346441603,-0.023229866943458508
1974-10-24,30.054013587040682,-0.025391935525690246
1974-10-25,30.318198718131104,0.008790344435205077
1974-10-28,29.937628273785688,-0.012552541392171296
1974-10-29,31.05384249136137,0.03728465753424663
1974-10-30,32.22932790039182,0.03785313876559552
1974-10-31,32.57204834441157,0.010633806732767185
1974-11-01,32.39721240012182,-0.005367668082800848
1974-11-04,31.943910493440494,-0.013992003419393616
1974-11-05,33.29342541803068,0.04224639074377893
1974-11-06,33.409338883017796,0.00348157221828975
1974-11-07,33.93983042210168,0.015878540456648667
1974-11-08,33.80213981918808,-0.004056903090002987
1974-11-11,33.999842196293,0.0058488124764427395
1974-11-12,32.60847588311733,-0.040922728556880505
1974-11-13,32.224242077846895,-0.011783249442497472
1974-11-14,32.27874550360581,0.001691379602575362
1974-11-15,31.64840499315674,-0.01952803619269099
1974-11-18,29.35375224060873,-0.07250453073525107
1974-11-19,28.252386023642558,-0.03752045762117309
1974-11-20,28.081070279893208,-0.006063761963537758
1974-11-21,28.760823060392337,0.024206797451942114
1974-11-22,29.298924070829674,0.018709513608404917
1974-11-25,28.917086293406925,-0.013032484622973198
1974-11-26,29.822113493041773,0.03129731641881204
1974-11-27,29.960284268964624,0.004633165116050201
1974-11-29,30.094098437179643,0.004466385132187599
1974-12-02,28.84666988722948,-0.04145093605492529
1974-12-03,27.756812936930878,-0.0377810317294575
1974-12-04,27.66991887180172,-0.0031305490773237852
1974-12-05,26.300675048726774,-0.049484923660919625
1974-12-06,25.662730669715828,-0.024255817686391606
1974-12-09,25.386252350389658,-0.010773534698411424
1974-12-10,26.127544998640868,0.029200554615925092
1974-12-11,26.577027736424583,0.017203404981489773
1974-12-12,26.65361228790498,0.0028816070871399884
1974-12-13,26.523747263787236,-0.004872323597828915
1974-12-16,26.17995160132668,-0.01296180585048545
1974-12-17,26.46949167693828,0.011059610805274555
1974-12-18,26.867923648019556,0.015052498020897568
1974-12-19,26.71055364079236,-0.0058571704047103825
1974-12-20,25.996638552744237,-0.02672782817042881
1974-12-23,25.266702468550204,-0.028078094893425342
1974-12-24,25.655795662337045,0.015399444952151961
1974-12-26,26.149412978008243,0.01923999248231583
1974-12-27,26.020999035697816,-0.00491077724836214
1974-12-30,26.044311419143945,0.000895906548943306
1974-12-31,26.961874473913493,0.035230843311721875
1975-01-02,27.75181922955388,0.029298584429086432
1975-01-03,28.237344556355605,0.017495261221818312
1975-01-06,28.710475017009266,0.016755487036303886
1975-01-07,28.850909872596667,0.0048914152588627954
1975-01-08,28.48823441598467,-0.012570676564917447
1975-01-09,29.295163988957494,0.028325011693952473
1975-01-10,30.536118006823468,0.042360371095165626
1975-01-13,30.203465168905815,-0.010893750077967376
1975-01-14,29.985092162623108,-0.0072300646651471245
1975-01-15,30.70825042163104,0.024117259839853376
1975-01-16,31.603518205528882,0.029153982125507495
1975-01-17,31.21437301688295,-0.012313350245222128
1975-01-20,31.25617600212594,0.0013392223262143365
1975-01-21,31.00496407475076,-0.008037193268878912
1975-01-22,30.947995163552324,-0.001837412585323028
1975-01-23,31.306162180959067,0.011573189652962038
1975-01-24,32.17126124038117,0.027633507244406608
1975-01-27,33.80803982924268,0.05087704136408051
1975-01-28,34.6966947063142,0.026285312060679234
1975-01-29,35.88298030223927,0.034190161511528365
1975-01-30,35.790640985117896,-0.0025733458130736847
1975-01-31,36.61147065361113,0.022934198603331617
1975-02-03,37.61189441174042,0.02732541851690448
1975-02-04,36.974989711880454,-0.016933597996626422
1975-02-05,37.96738684524446,0.02683968653127551
1975-02-06,38.385309960698905,0.011007423743906758
1975-02-07,38.021283477290325,-0.009483484275137816
1975-02-10,37.70420653716895,-0.008339459142949916
1975-02-11,37.716073365602355,0.0003147348670951916
1975-02-12,38.526673330831045,0.021492162171048323
1975-02-13,39.91636440443931,0.03607088163763571
1975-02-14,40.33390673036888,0.01046042975504891
1975-02-18,39.4692402759442,-0.021437706498528584
1975-02-19,39.90621921001502,0.011071379408768263
1975-02-20,40.68515213495125,0.019519086006041735
1975-02-21,40.9187012478921,0.005740401613005538
1975-02-24,40.20178198972477,-0.01752057705409851
1975-02-25,39.02681951641127,-0.02922662666082332
1975-02-26,39.212195519726194,0.004749964399147757
1975-02-27,39.52828979913644,0.008061121679637304
1975-02-28,40.04186043972244,0.012992483185984418
1975-03-03,40.95628488769302,0.022836712328767078
1975-03-04,41.37920961100231,0.010326247228453248
1975-03-05,41.03483774251892,-0.008322340414927328
1975-03-06,41.18053590185949,0.0035505966967578056
1975-03-07,41.59350569636899,0.010028276355938757
1975-03-10,42.13423009272966,0.0130002121078212
1975-03-11,42.31565305280435,0.00430583304062785
1975-03-12,41.29070858493924,-0.02422140257616058
1975-03-13,41.90474789328266,0.01487112547560869
1975-03-14,43.46602762403784,0.03725782421436448
1975-03-17,43.698801285738966,0.00535530101150534
1975-03-18,43.59708323881846,-0.002327707944558611
1975-03-19,43.01475646318042,-0.013357012267269073
1975-03-20,43.141206498685264,0.0029396896763343203
1975-03-21,43.30200391671878,0.0037272350748562134
1975-03-24,41.59511284144327,-0.03941829293993677
1975-03-25,41.49585126734253,-0.00238637588216463
1975-03-26,42.87052513434873,0.03312798328077871
1975-03-27,43.575450672213236,0.016443128131866658
1975-03-31,42.986198936004755,-0.01352256206461292
1975-04-01,42.71487681755082,-0.006311842525501477
1975-04-02,42.94280176664958,0.005335961755720552
1975-04-03,42.183235884065525,-0.017687851079478185
1975-04-04,41.936959538836916,-0.005838251619801297
1975-04-07,41.50330667761082,-0.010340588969605664
1975-04-08,41.71679877187014,0.005143977946569017
1975-04-09,42.69208046980044,0.023378632269068934
1975-04-10,43.101130386057086,0.009581400385160407
1975-04-11,43.72833217980124,0.014551864141991217
1975-04-14,44.90156546654597,0.026830048809560036
1975-04-15,45.11205061776174,0.004687701843549173
1975-04-16,45.68388459409303,0.012675858634237076
1975-04-17,45.98992072838666,0.0066989954337900864
1975-04-18,45.77985153985125,-0.004567722344555904
1975-04-21,46.956931198182104,0.02571174039973052
1975-04-22,46.31715581207346,-0.013624727378551776
1975-04-23,45.96481700976286,-0.007607090637002287
1975-04-24,45.76655813643408,-0.004313274504860395
1975-04-25,46.436333809613096,0.014634608772247086
1975-04-28,46.015682864830126,-0.009058659680318833
1975-04-29,45.47636277622354,-0.01172035391044462
1975-04-30,46.31933852734883,0.01853656932225084
1975-05-01,47.181877918052095,0.018621582650494555
1975-05-02,48.3500044953519,0.024757950061433973
1975-05-05,49.42713002024075,0.02227767165962533
1975-05-06,49.02668325252374,-0.00810176046137063
1975-05-07,49.634959021093,0.012407034867853396
1975-05-08,50.62547810424626,0.01995607738352969
1975-05-09,51.49018915888598,0.017080550881102552
1975-05-12,50.84860250532763,-0.012460366994935284
1975-05-13,50.9120308281453,0.0012473955957987958
1975-05-14,51.60610510018038,0.013632814498756618
1975-05-15,51.458389006210716,-0.0028623763347942217
1975-05-16,51.02496535605171,-0.008422798663726054
1975-05-19,50.472872972212,-0.010820044266315797
1975-05-20,50.26520140719446,-0.0041145184093616905
1975-05-21,49.197876890359474,-0.021233865317452378
1975-05-22,49.94093014945773,0.015103360268049771
1975-05-23,51.240665962082566,0.026025462656284696
1975-05-27,51.08604096434035,-0.003017622718967746
1975-05-28,50.45600671134505,-0.012332806400775631
1975-05-29,50.211450984242205,-0.004846910071617937
1975-05-30,51.83398683617576,0.032314060241811306
1975-06-02,52.812070815436726,0.018869549478265198
1975-06-03,53.141177745214755,0.006231661146713301
1975-06-04,53.01657964710711,-0.0023446619626127313
1975-06-05,53.27063334906406,0.004791967034614688
1975-06-06,53.942665011924326,0.012615424683552565
1975-06-09,52.98065770219266,-0.01783388546930351
1975-06-10,52.21298111459939,-0.014489751937554711
1975-06-11,52.4650910676793,0.00482849183666738
1975-06-12,51.70114831060383,-0.014560972668283398
1975-06-13,52.251042549100504,0.010636015958351435
1975-06-16,52.98260196627663,0.014000857810419324
1975-06-17,52.252737417682276,-0.013775551247160685
1975-06-18,52.30453119095501,0.000991216457402373
1975-06-19,53.65973581798785,0.025909889567410773
1975-06-20,54.53728884937395,0.01635403190136333
1975-06-23,55.220775382379124,0.012532462603575427
1975-06-24,55.81487858438247,0.010758689965677748
1975-06-25,55.90730208750266,0.0016558936517340537
1975-06-26,56.10345701759963,0.003508574421816351
1975-06-27,56.170167773795086,0.001189066765966484
1975-06-30,56.85095625610319,0.012120107688653008
1975-07-01,55.951227645212896,-0.015826094583830465
1975-07-02,55.05864641628729,-0.01595284440558603
1975-07-03,55.78048342371026,0.013110329701266266
1975-07-07,55.011170229370606,-0.013791798620602175
1975-07-08,54.743034052397846,-0.004874213288951332
1975-07-09,56.16803295937117,0.026030689230877813
1975-07-10,56.598414140815585,0.007662386570591456
1975-07-11,57.082598227654216,0.008554728859257447
1975-07-14,57.58564334136441,0.008812582631644986
1975-07-15,58.1398222145687,0.009623559641752238
1975-07-16,57.33567244991242,-0.013831307596513062
1975-07-17,56.99635943579395,-0.0059180088001042006
1975-07-18,56.85428837624721,-0.002492633932291367
1975-07-21,56.53312877702147,-0.005648819260569921
1975-07-22,55.166746553239946,-0.024169584336483887
1975-07-23,53.75267792141605,-0.025632626902498606
1975-07-24,53.14460037782174,-0.011312506969109374
1975-07-25,52.46416767608969,-0.012803421173452092
1975-07-28,51.82914293107361,-0.012103970636428964
1975-07-29,51.306850756800436,-0.010077191030686355
1975-07-30,51.755357545456484,0.008741655003968563
1975-07-31,51.95649736387121,0.0038863574314613966
1975-08-01,49.99708315119261,-0.03771259249745162
1975-08-04,49.217856387807714,-0.01558544447540055
1975-08-05,48.234847301498924,-0.01997261072410917
1975-08-06,48.32063866444385,0.0017786179027099956
1975-08-07,47.53933901820003,-0.016169067045438815
1975-08-08,47.49309167320692,-0.0009728226338066346
1975-08-11,47.37829347369509,-0.0024171557476557644
1975-08-12,47.55872368341719,0.0038082884902193603
1975-08-13,46.950840367200676,-0.012781741584635279
1975-08-14,46.19250141281462,-0.016151765302923508
1975-08-15,46.347086542320675,0.0033465416415654915
1975-08-18,45.70279314015134,-0.013901486592496189
1975-08-19,44.087716649381434,-0.035338682382434455
1975-08-20,42.78923014884985,-0.029452341813437956
1975-08-21,43.221225427853845,0.010095888089157443
1975-08-22,43.849017288203655,0.014525082390311618
1975-08-25,44.30065046712476,0.010299733194764252
1975-08-26,43.57565345435157,-0.016365380759165354
1975-08-27,43.98874663251251,0.009479907824989696
1975-08-28,45.702150776575294,0.038950965308850054
1975-08-29,46.816030095969666,0.02437257985602933
1975-09-02,45.49481025744474,-0.028221526597118907
1975-09-03,45.71823544448599,0.0049110038216873585
1975-09-04,45.77826652660904,0.0013130664720412478
1975-09-05,45.36959946285767,-0.008927097829574378
1975-09-08,45.000683368819075,-0.008131350031877947
1975-09-09,44.002897604559784,-0.022172680269798982
1975-09-10,42.44181518377506,-0.035476809614077745
1975-09-11,42.00320035556643,-0.010334497389176567
1975-09-12,41.85865536688246,-0.003441285127332169
1975-09-15,41.58261166115921,-0.006594662520899944
1975-09-16,40.81339059245419,-0.018498623294109364
1975-09-17,40.91428187839602,0.002472014318763391
1975-09-18,41.923645645556256,0.024670206119228242
1975-09-19,43.73021814204219,0.04309197038252846
1975-09-22,43.12765179161351,-0.013779175499913057
1975-09-23,43.220008674547685,0.002141477198444097
1975-09-24,43.77915689202649,0.01293725370786622
1975-09-25,43.402523761453196,-0.008603023843108622
1975-09-26,43.44955374334875,0.0010835771245478938
1975-09-29,42.574961440641886,-0.020128913357153805
1975-09-30,41.40138865532965,-0.027564858442642035
1975-10-01,40.8123131198643,-0.01422840041355749
1975-10-02,41.2118014401174,0.009788426328098883
1975-10-03,42.70244913712282,0.0361704085945236
1975-10-06,43.30612176370221,0.014136721400707642
1975-10-07,43.13664403148905,-0.0039134820970094415
1975-10-08,43.9680267289443,0.019273235461904625
1975-10-09,44.26788666644596,0.006819954403463326
1975-10-10,44.37297617172607,0.0023739444819662484
1975-10-13,45.23060620740664,0.01932775553213933
1975-10-14,45.80254457146921,0.012644941379735769
1975-10-15,45.81574101521094,0.000288115952185447
1975-10-16,45.14932007476143,-0.014545676347966415
1975-10-17,45.837063320063265,0.015232637925953725
1975-10-20,45.73602855749195,-0.0022042154373159823
1975-10-21,46.08873736749577,0.007711837278578847
1975-10-22,46.654363377311576,0.012272542970871592
1975-10-23,45.65077195010856,-0.021511201837362694
1975-10-24,46.30724220531983,0.014380266251110023
1975-10-27,45.922992851266095,-0.008297824179423784
1975-10-28,46.44066389079522,0.011272589336800072
1975-10-29,45.0854584527749,-0.02918143980902318
1975-10-30,44.93581754141375,-0.0033190504543254224
1975-10-31,44.40349424888219,-0.011846302607957614
1975-11-03,43.98101047245024,-0.009514651573678593
1975-11-04,44.25795940634701,0.006297011617553852
1975-11-05,44.76611678300716,0.011481717265692056
1975-11-06,44.871805944197554,0.0023609186765671014
1975-11-07,44.66452355210994,-0.004619435026648693
1975-11-10,44.958095934941554,0.006572831399155125
1975-11-11,45.586385723964455,0.013975008860074651
1975-11-12,47.07233921585443,0.03259643133122575
1975-11-13,47.01447871915462,-0.0012291825234026909
1975-11-14,46.731134340056116,-0.006026747223787969
1975-11-17,46.877670573360916,0.003135730287188813
1975-11-18,46.31025353272411,-0.012104207263217794
1975-11-19,45.42819204584252,-0.019046785961953284
1975-11-20,45.19630667251815,-0.005104437638424492
1975-11-21,45.2792340543358,0.0018348265140009287
1975-11-24,45.49330553340515,0.00472780698570243
1975-11-25,45.79837636414735,0.006705840060757916
1975-11-26,46.24507014438654,0.009753485073083774
1975-11-28,46.53061667332054,0.006174637167647667
1975-12-01,46.36979228912644,-0.0034563131910159382
1975-12-02,44.80323075853187,-0.033784096353649616
1975-12-03,42.88114723625176,-0.04290055627102482
1975-12-04,42.34984847203932,-0.012390031481323886
1975-12-05,41.810581226955435,-0.012733628679685327
1975-12-08,42.03846166188739,0.005450305359185785
1975-12-09,41.590931640786955,-0.01064572782657681
1975-12-10,42.40712807880638,0.019624384591063276
1975-12-11,42.21689209154192,-0.004485943658125926
1975-12-12,42.0270775920742,-0.004496174163084536
1975-12-15,41.6159882788753,-0.009781534590366632
1975-12-16,42.34312901406459,0.017472629276916455
1975-12-17,43.03153897649531,0.016257890676951707
1975-12-18,43.33948727092511,0.007156339321212893
1975-12-19,43.169968885531524,-0.00391140726547804
1975-12-22,42.79886363856692,-0.008596375131717553
1975-12-23,43.12864178173267,0.007705301382548399
1975-12-24,43.68704805628005,0.012947457918415041
1975-12-26,44.559380583982104,0.019967760847065506
1975-12-29,44.344169436634964,-0.004829760749064409
1975-12-30,44.03437542958865,-0.006986127172569876
1975-12-31,45.127038256901486,0.024813860004895633
1976-01-02,45.641705759616926,0.011404858873864351
1976-01-05,46.46511223495936,0.01804065955990145
1976-01-06,48.24842387256341,0.038379583128657906
1976-01-07,49.115674828881346,0.017974700243236424
1976-01-08,49.91790837238825,0.016333554334779503
1976-01-09,50.72666886472653,0.01620181050666069
1976-01-12,51.22506302111163,0.009825091367899238
1976-01-13,50.86765514012561,-0.006977207247919163
1976-01-14,52.35067068497749,0.02915439174002815
1976-01-15,52.49024780418973,0.0026661954352437314
1976-01-16,53.2067626558828,0.013650437589206362
1976-01-19,53.755185958300075,0.01030739844038676
1976-01-20,53.972786535664156,0.004047992272464358
1976-01-21,54.03826104192182,0.0012131022031704904
1976-01-22,53.620327502143276,-0.00773403014309281
1976-01-23,54.433302475778696,0.015161693549949451
1976-01-26,54.17091378108226,-0.00482037066946639
1976-01-27,53.80340356593247,-0.0067842720289895105
1976-01-28,53.640258800169484,-0.003032238760937571
1976-01-29,55.56896479296229,0.03595631408077229
1976-01-30,56.73196964664841,0.020929035802974026
1976-02-02,57.03775820026135,0.005390057061609681
1976-02-03,57.17046918496574,0.002326721611996684
1976-02-04,58.57263074272548,0.02452597604583727
1976-02-05,58.00519306875822,-0.009687761447145431
1976-02-06,56.99237728543639,-0.017460777729353522
1976-02-09,57.75612453320558,0.013400866644746075
1976-02-10,57.915981785771415,0.0027677974216212308
1976-02-11,58.89261834592672,0.01686298893745503
1976-02-12,59.14702460235664,0.004319832664521242
1976-02-13,59.25558458438145,0.0018354259196411064
1976-02-17,59.07743276367341,-0.0030064984078311255
1976-02-18,59.62492701261156,0.009267400821702639
1976-02-19,60.84318193886594,0.020431973459635454
1976-02-20,62.033300676287055,0.019560428950230323
1976-02-23,62.43515013939458,0.006477963589339177
1976-02-24,63.011718547734205,0.009234676413083913
1976-02-25,63.50852614562799,0.007884368326146038
1976-02-26,62.628031218876146,-0.013864200292301376
1976-02-27,61.00033467137133,-0.025989904453746063
1976-03-01,60.99326812473536,-0.00011584439124871033
1976-03-02,61.38739678510809,0.006461838699423417
1976-03-03,60.88783000385857,-0.008137937221842088
1976-03-04,60.18770985088029,-0.011498523644772898
1976-03-05,59.94814047311413,-0.003980370383915743
1976-03-08,60.624515470445665,0.01128266851971629
1976-03-09,60.640128842906115,0.0002575422226353454
1976-03-10,60.93879490632079,0.004925221451761569
1976-03-11,62.305647468723635,0.022429924393878607
1976-03-12,62.00727902207764,-0.004788786550942585
1976-03-15,60.28289269269751,-0.027809417806676562
1976-03-16,60.473149494665364,0.0031560662315546486
1976-03-17,60.81176628865757,0.00559945689652027
1976-03-18,60.058064817399035,-0.012394007233417857
1976-03-19,60.04676831490245,-0.00018809301516670612
1976-03-22,60.25430169139649,0.0034561956008302835
1976-03-23,61.15664577057266,0.014975595996410263
1976-03-24,61.93036587976904,0.012651447760869258
1976-03-25,61.57838843537532,-0.005683438800879188
1976-03-26,61.8793841317913,0.004888008667714096
1976-03-29,61.613600637110714,-0.004295186489162787
1976-03-30,61.34401749221507,-0.004375383715738599
1976-03-31,61.522436049601865,0.002908491564143702
1976-04-01,61.28019840531054,-0.00393738707121448
1976-04-02,61.539838106388366,0.004236926573908202
1976-04-05,62.63278169839125,0.01775993609397268
1976-04-06,62.79939773033011,0.002660204886654992
1976-04-07,61.772675088421366,-0.01634924344844258
1976-04-08,60.74077229854493,-0.01670484220408733
1976-04-09,59.191338569575706,-0.02550895667499339
1976-04-12,58.81137866943379,-0.0064191807336016265
1976-04-13,58.89310576697718,0.0013896477075084701
1976-04-14,59.0147479303069,0.002065473738318871
1976-04-15,59.57539007956359,0.00950003463403375
1976-04-19,60.145001834319025,0.009561192196890486
1976-04-20,61.516647357604235,0.022805644383612687
1976-04-21,61.736068929566784,0.0035668649282367747
1976-04-22,61.99669707297146,0.004221651101595227
1976-04-23,61.508143175495626,-0.007880321380682544
1976-04-26,61.473913035736125,-0.0005565139507111315
1976-04-27,60.675160920831914,-0.012993350763922964
1976-04-28,61.108863185625815,0.007147937610907919
1976-04-29,61.44938282097697,0.005572344461993719
1976-04-30,60.81364231143442,-0.010345759067990668
1976-05-03,59.42935210061023,-0.022762823573945226
1976-05-04,59.68504757043689,0.004302511482773488
1976-05-05,59.6871512237529,3.524590163934425e-05
1976-05-06,59.93003682526776,0.004069311343145548
1976-05-07,60.73639921622797,0.013455062497479076
1976-05-10,61.4580022275919,0.011880898780234656
1976-05-11,61.5144658874464,0.0009187356862888474
1976-05-12,61.584538276676675,0.0011391205014847391
1976-05-13,61.01597838331079,-0.009232185695889376
1976-05-14,60.42298306998904,-0.009718688924341539
1976-05-17,60.03902531906472,-0.0063544984278510975
1976-05-18,60.09481361341852,0.0009292005334419201
1976-05-19,59.721045463094455,-0.0062196407285405085
1976-05-20,60.09787067044728,0.006309755705560939
1976-05-21,59.91203619020624,-0.0030921974134505825
1976-05-24,58.256195854937076,-0.027637857775560656
1976-05-25,57.80885364871558,-0.007678877751225168
1976-05-26,58.19272849442103,0.006640416155596571
1976-05-27,57.77204009175745,-0.007229226289052896
1976-05-28,58.11631214587205,0.005959146562382227
1976-06-01,57.82085380320929,-0.005083914167181922
1976-06-02,58.283825559127486,0.008007003104691261
1976-06-03,58.41810265986334,0.0023038484424743834
1976-06-04,57.74503742660057,-0.011521518204411075
1976-06-07,57.05359636347722,-0.011974034374854073
1976-06-08,56.92478040269151,-0.0022578061506421123
1976-06-09,56.70462853400762,-0.0038674170919327793
1976-06-10,57.17617668024454,0.008315866948217827
1976-06-11,57.70208311384287,0.009197999309038075
1976-06-14,58.61604980496027,0.015839405473701797
1976-06-15,58.68442352913432,0.0011664676210962936
1976-06-16,59.323428563371984,0.010888835500282737
1976-06-17,60.37950594506975,0.017802028764565058
1976-06-18,60.82579896511871,0.007391465250725352
1976-06-21,60.96732393576233,0.002326726044729438
1976-06-22,60.14440195542793,-0.01349775465299181
1976-06-23,59.67632879744158,-0.007782489188823209
1976-06-24,60.494724565621375,0.013713909428940602
1976-06-25,60.83368707168647,0.005603174632151594
1976-06-28,60.59691984876205,-0.0038920413067419918
1976-06-29,60.92270671035327,0.005376294082344694
1976-06-30,61.20881288984751,0.004696215827285638
1976-07-01,61.15675518065597,-0.0008504936909202671
1976-07-02,61.97180510324981,0.013327226406734479
1976-07-06,61.625949917145256,-0.005580847379357916
1976-07-07,61.60092005924509,-0.0004061577620112899
1976-07-08,61.86146154409866,0.004229506387290823
1976-07-09,62.80393067160844,0.01523515778620808
1976-07-12,63.44218068726495,0.010162580730715885
1976-07-13,63.485819100880036,0.0006878454230663866
1976-07-14,64.13692776023034,0.010255970050818401
1976-07-15,64.25019988229525,0.0017660983464683857
1976-07-16,64.08579725335254,-0.002558787820798839
1976-07-19,63.64868922849201,-0.006820669221489053
1976-07-20,63.09794657847164,-0.008652851405050304
1976-07-21,62.893698184210045,-0.003237005407261303
1976-07-22,63.07457068728981,0.002875844612444445
1976-07-23,62.99421745476973,-0.0012739402209878056
1976-07-26,62.83582796733664,-0.002514349631326298
1976-07-27,62.590765693428075,-0.003900040499760018
1976-07-28,62.195352439359944,-0.006317437559477677
1976-07-29,61.978859670287264,-0.0034808512305441698
1976-07-30,62.58138975731838,0.009721541994099709
1976-08-02,62.56058605199444,-0.00033242638753481487
1976-08-03,63.57724999519583,0.016250869874467416
1976-08-04,63.3860158843351,-0.003007901582329802
1976-08-05,62.85008635486345,-0.008455012071583699
1976-08-06,63.072153198522074,0.00353327825843857
1976-08-09,62.65210105724941,-0.006659866834584418
1976-08-10,63.4226258663041,0.012298467187087771
1976-08-11,63.31442899647047,-0.0017059664174377761
1976-08-12,63.427000496970756,0.001777975451797242
1976-08-13,63.31879616416411,-0.0017059664174377761
1976-08-16,63.27031757977082,-0.0007656270701610709
1976-08-17,63.60348093727023,0.005265713374669945
1976-08-18,63.38451724446218,-0.003442636937182758
1976-08-19,61.85475751338944,-0.024134596232274638
1976-08-20,61.10710037686708,-0.012087302037527442
1976-08-23,60.314067539704254,-0.01297775270421831
1976-08-24,59.68343417268951,-0.010455825526932057
1976-08-25,60.24802048769769,0.009459682118401418
1976-08-26,59.77919351626125,-0.007781616186579401
1976-08-27,59.70088004812803,-0.0013100455781813345
1976-08-30,59.89472068770186,0.003246864023069268
1976-08-31,60.460357329004104,0.009443848052177019
1976-09-01,61.66225905625449,0.019879170093389634
1976-09-02,61.78695372094638,0.002022220181361243
1976-09-03,62.25246547339168,0.007534143122636018
1976-09-07,62.521140280329575,0.004315890220488332
1976-09-08,62.59189026012773,0.0011316169135900376
1976-09-09,62.0454056795027,-0.008730916710677236
1976-09-10,62.49828554523215,0.007299168419799113
1976-09-13,62.18962682113968,-0.004938675059639572
1976-09-14,61.60383415225672,-0.009419459463356095
1976-09-15,61.74210139020428,0.002244458317412995
1976-09-16,62.302906291023035,0.009083022576029963
1976-09-17,63.085257234788244,0.012557214267192798
1976-09-20,63.477559687240635,0.006218607478960193
1976-09-21,64.2120444076102,0.01157077751552554
1976-09-22,64.242099025377,0.000468052653424586
1976-09-23,64.00807690849243,-0.0036428155436224845
1976-09-24,64.06582925852976,0.0009022666017586952
1976-09-27,64.25305100683472,0.0029223339566783065
1976-09-28,63.14319015932147,-0.01727327854665138
1976-09-29,62.635529614207755,-0.008039830484218457
1976-09-30,62.62401193295661,-0.0001838841520473196
1976-10-01,61.500826015039564,-0.017935387453609557
1976-10-04,61.53452969039042,0.000548019880946251
1976-10-05,60.570757427559535,-0.015662299974991075
1976-10-06,59.65505129460181,-0.01511795744097919
1976-10-07,60.40727915675438,0.01260962560299788
1976-10-08,60.07242690263229,-0.005543243443446006
1976-10-11,59.594865784807524,-0.007949755694052643
1976-10-12,59.24884976657127,-0.005806138057021426
1976-10-13,59.97185690270888,0.012202888984108748
1976-10-14,59.20837249165234,-0.012730711545169013
1976-10-15,59.65086874167404,0.007473541855657112
1976-10-18,60.193002440576784,0.009088445991466236
1976-10-19,60.18166703266831,-0.00018831770220574642
1976-10-20,60.42599501071024,0.00405984064730715
1976-10-21,60.23935674856013,-0.0030887081316084654
1976-10-22,59.93183524010541,-0.005104993231224434
1976-10-25,60.08588687864698,0.0025704475413509125
1976-10-26,60.15523738551693,0.001154189618770309
1976-10-27,60.426448362094526,0.004508518100252694
1976-10-28,60.73873398525206,0.00516802876260765
1976-10-29,61.41687626790618,0.011164906446992714
1976-11-01,61.47775164353269,0.0009911831946802078
1976-11-03,60.108204821938,-0.022277113020263847
1976-11-04,61.024925745572965,0.015251177877473019
1976-11-05,60.22750508979536,-0.013067130292009408
1976-11-08,59.25106176795312,-0.016212581284687513
1976-11-09,58.37179558894615,-0.01483966958179533
1976-11-10,58.029241991544545,-0.005868477985735886
1976-11-11,58.46739864540206,0.007550618254178915
1976-11-12,58.40313221352323,-0.001099184047311566
1976-11-15,58.449082745103624,0.0007867819727954709
1976-11-16,58.968450047130624,0.008885807571899202
1976-11-17,59.62336487628724,0.011106190320979814
1976-11-18,60.69722664991316,0.018010754271485362
1976-11-19,60.9156349075547,0.0035983235099234234
1976-11-22,61.59914206353734,0.01122055375471241
1976-11-23,61.260873576199714,-0.005491448030050718
1976-11-24,61.901308332458456,0.010454221738482592
1976-11-26,62.9022085324905,0.016169289906708045
1976-11-29,62.44098062803463,-0.007332459626081823
1976-11-30,62.49802637113445,0.0009135946060751424
1976-12-01,63.47418875610292,0.015619091380129109
1976-12-02,63.490250242670655,0.0002530396509588501
1976-12-03,64.14232289214063,0.010270437539269983
1976-12-06,64.59381414181216,0.00703889770925111
1976-12-07,65.12606272685312,0.008239931208775472
1976-12-08,65.63250572018822,0.007776349008832108
1976-12-09,66.6610957277936,0.015671960049652402
1976-12-10,67.40018850536775,0.01108731816518898
1976-12-13,67.40731524661135,0.00010573770491803275
1976-12-14,67.45243509549181,0.000669361310643807
1976-12-15,67.83964415976766,0.005740475695617073
1976-12-16,67.85632929665184,0.0002459496521662114
1976-12-17,67.4441347222831,-0.006074519188427151
1976-12-20,67.20896892300405,-0.0034868235799509805
1976-12-21,67.51013914984158,0.004481101728886258
1976-12-22,68.22555345083231,0.010597138592809602
1976-12-23,68.28530256698866,0.0008757586143939574
1976-12-27,68.95469105267826,0.009802819355349815
1976-12-28,69.73545614635735,0.01132287131969938
1976-12-29,69.83937905160342,0.001490244862354526
1976-12-30,70.9443004244293,0.01582089342474643
1976-12-31,72.16027375596256,0.01713983116696646
1977-01-03,71.88203629013191,-0.003855826084745951
1977-01-04,71.19005250297896,-0.009626658103562126
1977-01-05,70.70645063395109,-0.006793110161108931
1977-01-06,71.28994872282496,0.008252402484387864
1977-01-07,71.64135967856555,0.0049293197994414745
1977-01-10,71.31721239583096,-0.004524583064712063
1977-01-11,69.99770357150418,-0.018501968599152943
1977-01-12,69.4310840179545,-0.008094830610705149
1977-01-13,70.61664695880438,0.017075391485221556
1977-01-14,71.14136823878682,0.007430560676274369
1977-01-17,71.05260383139,-0.0012477185861661216
1977-01-18,71.03766346039976,-0.00021027197012654338
1977-01-19,71.65170022783771,0.008643819877046615
1977-01-20,70.96094433179444,-0.009640467621100502
1977-01-21,71.31149084407267,0.004939992210914774
1977-01-24,71.3838283171518,0.0010143873339754264
1977-01-25,70.92898142252017,-0.006371847873033427
1977-01-26,70.1248184551637,-0.011337579522904852
1977-01-27,69.44150070383598,-0.009744306885651687
1977-01-28,68.9784457774303,-0.006668273607458233
1977-01-31,68.71811283328564,-0.003774120179289898
1977-02-01,69.81108700101016,0.01590518311200052
1977-02-02,70.04275966973753,0.0033185655556977342
1977-02-03,69.85365813252531,-0.002699801351401154
1977-02-04,70.44797457257212,0.008508021711894971
1977-02-07,70.25771100931895,-0.0027007669760209315
1977-02-08,70.22831382173739,-0.0004184193757416727
1977-02-09,69.3555142376047,-0.012428029901844861
1977-02-10,69.78872733545128,0.006246267547846974
1977-02-11,69.4985108199462,-0.004158501330882651
1977-02-14,69.55545804775346,0.0008194021301375335
1977-02-15,69.9603446222714,0.0058210611486443405
1977-02-16,70.26481281185768,0.004352011003235492
1977-02-17,70.17723738775304,-0.0012463624480028145
1977-02-18,69.91529134539684,-0.003732635425769909
1977-02-22,69.56586726114402,-0.004997820613041308
1977-02-23,69.01563451044066,-0.00790952190156469
1977-02-24,67.68921702733023,-0.01921908698687361
1977-02-25,67.77456672294588,0.001260905345990122
1977-02-28,67.30232439737775,-0.006967839831401738
1977-03-01,68.11332946668033,0.012050179196101907
1977-03-02,68.18462362416041,0.001046699053449651
1977-03-03,68.67140892285214,0.007139223960154745
1977-03-04,69.44746214890253,0.011300965543349193
1977-03-07,69.59112565944108,0.0020686646580477487
1977-03-08,69.67765573897194,0.001243406809573847
1977-03-09,68.98223911583487,-0.009980482491291636
1977-03-10,69.25570436098195,0.003964284845666822
1977-03-11,69.4430856099993,0.0027056435386270724
1977-03-14,69.61565360316382,0.0024850277266434814
1977-03-15,69.90484070855057,0.004154052866259333
1977-03-16,70.18012136496273,0.003937934106163982
1977-03-17,69.94728485015007,-0.00331769894785209
1977-03-18,69.97599598128252,0.00041046812887672064
1977-03-21,69.7138629892258,-0.0037460416015634565
1977-03-22,69.40938304914995,-0.0043675666075613075
1977-03-23,68.98994872982449,-0.006042905164975267
1977-03-24,68.67264988539623,-0.00459920394593788
1977-03-25,68.29858103023119,-0.0054471300552591815
1977-03-28,67.68121791498234,-0.009039179232370777
1977-03-29,67.78081970681878,0.0014716311985039218
1977-03-30,66.795087153523,-0.014542942347990185
1977-03-31,66.65302403126145,-0.0021268498674914113
1977-04-01,67.23337011672221,0.008706973072798123
1977-04-04,66.32219703976052,-0.01355239333354586
1977-04-05,65.98287910700637,-0.005116204647906009
1977-04-06,66.3066569648874,0.004906998031352193
1977-04-07,66.50410689509064,0.002977829666601996
1977-04-11,66.98388084341856,0.007214200306227029
1977-04-12,67.96311201743902,0.01461890773855745
1977-04-13,68.02001006750756,0.0008371901812552183
1977-04-14,69.30715688310529,0.018923061233308967
1977-04-15,69.6822668373609,0.005412283105022939
1977-04-18,69.55104911699618,-0.001883086276038995
1977-04-19,69.44949491805599,-0.0014601389947312305
1977-04-20,69.82498379468589,0.005406646615255336
1977-04-21,69.04208138111785,-0.011212353673723667
1977-04-22,68.03302362827273,-0.014615112010819137
1977-04-25,66.80192709038474,-0.018095572888463876
1977-04-26,66.60319866076938,-0.002974890669642999
1977-04-27,67.5511460364917,0.014232760509754415
1977-04-28,67.93567552436555,0.005692419898636701
1977-04-29,68.53569297178207,0.008832140738798027
1977-05-02,69.03725277264572,0.007318227614188609
1977-05-03,69.58446461825812,0.007926327071769405
1977-05-04,70.19169467288498,0.008726517592082424
1977-05-05,70.56911316798872,0.005376967985494841
1977-05-06,70.58337067565316,0.00020203608950705953
1977-05-09,70.37848637972824,-0.0029027275683164515
1977-05-10,70.96005870122227,0.008263495727318368
1977-05-11,70.60918333531434,-0.004944688213763944
1977-05-12,70.66715626161177,0.0008210394676585176
1977-05-13,71.32279162634303,0.009277794656178005
1977-05-16,71.87831936018694,0.00778892302413347
1977-05-17,72.03971028245293,0.0022453352235080083
1977-05-18,72.87826343700844,0.011640151678396882
1977-05-19,72.71512059341508,-0.0022385665615422706
1977-05-20,72.18252361093619,-0.007324432361969159
1977-05-23,70.9294285435699,-0.017360089460441597
1977-05-24,70.21361746592811,-0.010091877128293533
1977-05-25,69.51596773144618,-0.009936102990569757
1977-05-26,69.50120761449418,-0.00021232700102842943
1977-05-27,69.11064973224414,-0.005619440232123111
1977-05-31,68.66263289430546,-0.0064826020255117816
1977-06-01,69.05021580493096,0.005644742916021109
1977-06-02,68.96347429267549,-0.0012562091406132132
1977-06-03,69.52467000319642,0.008137578860068075
1977-06-06,69.40811013801455,-0.0016765252560927148
1977-06-07,69.4944667220799,0.0012441857859787277
1977-06-08,70.10116377380214,0.008730149036879648
1977-06-09,70.15891728548024,0.0008238595277027228
1977-06-10,70.79754016706109,0.009102519056590621
1977-06-13,71.10293412185251,0.004313623807702839
1977-06-14,71.7165869182507,0.008630484859408831
1977-06-15,71.6722296044055,-0.0006185084337011772
1977-06-16,72.47911776494341,0.011258030690429414
1977-06-17,73.05438253509496,0.007936972577635345
1977-06-20,73.21640695488043,0.0022178603687141563
1977-06-21,73.3792506084562,0.0022241415599120683
1977-06-22,73.3046809943451,-0.0010162220722174905
1977-06-23,73.88319799825496,0.007891951728900821
1977-06-24,74.612989424053,0.009877637210767072
1977-06-27,74.56708768870317,-0.0006151976445943835
1977-06-28,74.0428527455841,-0.007030379747531506
1977-06-29,74.13202396717914,0.0012043190975020604
1977-06-30,74.71377046345286,0.007847438463723601
1977-07-01,74.96815749989204,0.0034048212914595775
1977-07-05,75.29703307281575,0.004386870157829039
1977-07-06,75.05604129185079,-0.003200548164121079
1977-07-07,75.53626316368876,0.006398177462766077
1977-07-08,76.33438077890531,0.010566019310314702
1977-07-11,76.39395376179588,0.0007804213813316029
1977-07-12,76.24211872799444,-0.001987526843745855
1977-07-13,76.51421293028058,0.003568817430912131
1977-07-15,77.24131032061443,0.009502775530036213
1977-07-18,78.1543027525917,0.01182000186412694
1977-07-19,78.72090637970848,0.00724980720396719
1977-07-20,78.79745220465362,0.0009723697104798481
1977-07-21,79.21251852786774,0.005267509438453714
1977-07-22,79.84463736299989,0.007980037081004589
1977-07-25,79.68871461859261,-0.0019528267590270226
1977-07-26,78.74457118272862,-0.011847893900445883
1977-07-27,76.97554910924715,-0.022465321061643947
1977-07-28,76.10852401813771,-0.011263642820902961
1977-07-29,76.06283370280488,-0.0006003311182588761
1977-08-01,76.22809098444999,0.002172641664795258
1977-08-02,75.68305431794748,-0.007150076296856209
1977-08-03,75.1098229422545,-0.007574104677181876
1977-08-04,75.66519524317837,0.007394136734297068
1977-08-05,76.37335328548771,0.009359098856923728
1977-08-08,75.9028716378686,-0.00616028532700968
1977-08-09,75.85724629934396,-0.0006011016123648926
1977-08-10,76.29460978371657,0.0057656124590486895
1977-08-11,76.49104747276662,0.0025747256537116936
1977-08-12,76.21790875077927,-0.003570858695386507
1977-08-15,76.4135782897167,0.002567238358339542
1977-08-16,76.04969374159715,-0.004762040415643138
1977-08-17,76.15514236139083,0.0013865752063639773
1977-08-18,76.36651861662254,0.002775600552732665
1977-08-19,76.35104078598765,-0.0002026782275174251
1977-08-22,76.65286682473855,0.003953135879272813
1977-08-23,76.48564678741715,-0.0021815235913320978
1977-08-24,76.19737267510538,-0.003768996202816765
1977-08-25,75.27435087100056,-0.012113564703083031
1977-08-26,74.8981753306871,-0.004997393347943016
1977-08-29,75.61700464726275,0.009597420943860242
1977-08-30,75.22491425928563,-0.005185214487219308
1977-08-31,75.20955605468166,-0.00020416380337803035
1977-09-01,75.66003289875479,0.005989622432362386
1977-09-02,76.30778518547731,0.008561353490148846
1977-09-06,76.23076754181713,-0.001009302569495052
1977-09-07,76.80530322804796,0.007536795243674591
1977-09-08,76.9871855347591,0.002368095679162897
1977-09-09,76.42434294910534,-0.0073108606548508755
1977-09-12,75.9537799677011,-0.006157239476924418
1977-09-13,75.74204484874026,-0.0027876837604510043
1977-09-14,75.96789850923395,0.002981879627685364
1977-09-15,76.51121808774465,0.007151962726001517
1977-09-16,76.16231222645568,-0.00456019221768036
1977-09-19,75.57160840108469,-0.007755854675402037
1977-09-20,75.39053785557263,-0.0023960128591025373
1977-09-21,74.68316252382137,-0.00938281317353646
1977-09-22,74.24863071229665,-0.005818337050016053
1977-09-23,74.39759372927078,0.0020062729176965545
1977-09-26,74.65065955873325,0.0034015324525597398
1977-09-27,74.65033232296533,-4.383561643835628e-06
1977-09-28,74.97932277684225,0.004407086259892136
1977-09-29,75.44405192470501,0.00619809743075317
1977-09-30,76.31651566834462,0.011564380774648142
1977-10-03,76.78468646851147,0.0061345934895851465
1977-10-04,76.25302049368473,-0.006924114680663098
1977-10-05,76.26781430062685,0.00019400945492180078
1977-10-06,77.00882552262493,0.009715910030897508
1977-10-07,77.47976888764423,0.006115446662420962
1977-10-10,77.5854924243876,0.0013645308738166368
1977-10-11,76.8832283091389,-0.009051487505000975
1977-10-12,74.75631774863142,-0.027664168210463465
1977-10-13,73.55785213126485,-0.01603162988038564
1977-10-14,73.58724102674448,0.00039953444300114103
1977-10-17,73.72000074869433,0.001804113323145291
1977-10-18,73.88326847576968,0.0022147005618179238
1977-10-19,72.69187931865618,-0.016125290362651337
1977-10-20,72.91306969721039,0.003042848535867418
1977-10-21,72.82401206241607,-0.001221422101197346
1977-10-24,71.86231543136353,-0.013205762822134787
1977-10-25,70.30568099141817,-0.021661345457649604
1977-10-26,70.34893720220893,0.0006152591110815829
1977-10-27,70.65367273849225,0.004331771714011621
1977-10-28,71.2647680417941,0.008649165423624563
1977-10-31,71.30769060158966,0.0006022970532980785
1977-11-01,70.16668895780671,-0.016001102183465024
1977-11-02,69.83273782890029,-0.004759396999725079
1977-11-03,69.8034884995144,-0.0004188483839422551
1977-11-04,70.84491764934684,0.014919442741600002
1977-11-07,71.77682720598922,0.013154218927248322
1977-11-08,72.3046609131498,0.007353817766920283
1977-11-09,73.02584449776472,0.009974233687109023
1977-11-10,74.91960910498317,0.02593279982234808
1977-11-11,76.35802493392272,0.01919945720650967
1977-11-14,76.41753832852562,0.0007793993447892432
1977-11-15,77.23450322270706,0.010690803604131407
1977-11-16,77.29502715319045,0.0007836385029740969
1977-11-17,77.75133480353861,0.00590345416974642
1977-11-18,78.30058126281602,0.007064141865412899
1977-11-21,78.4987117123659,0.0025303828701456884
1977-11-22,79.38804523994683,0.011329275451546444
1977-11-23,80.63717390411374,0.01573446808510615
1977-11-25,81.55368176594838,0.01136582319867114
1977-11-28,81.13049686516497,-0.00518903489848458
1977-11-29,79.78914127644622,-0.016533309181478537
1977-11-30,79.71147645645053,-0.0009733758097057961
1977-12-01,80.5302658151827,0.010271913093712464
1977-12-02,81.18235708902314,0.008097468290207775
1977-12-05,81.25927445861139,0.000947464108536531
1977-12-06,79.4176135226814,-0.02266400910173038
1977-12-07,79.23216072674137,-0.00233515951580533
1977-12-08,79.55536719966152,0.004079233356197837
1977-12-09,80.34238965091625,0.00989276373119511
1977-12-12,80.8378005007877,0.0061662448929386765
1977-12-13,81.16425215168347,0.004038353949184806
1977-12-14,80.94558713549144,-0.002694104983353741
1977-12-15,80.83622516624602,-0.0013510553584886447
1977-12-16,81.08486101735633,0.0030757973989875356
1977-12-19,79.91486349430066,-0.014429296768545156
1977-12-20,78.67672246049011,-0.015493250938216869
1977-12-21,79.49001002313575,0.010337079852990332
1977-12-22,80.07601901935166,0.007372108722156911
1977-12-23,80.89648397798247,0.010246075774977404
1977-12-27,80.92619751214977,0.00036730315962046314
1977-12-28,81.05039251324926,0.0015346699204649083
1977-12-29,81.64210083698765,0.007300499175764766
1977-12-30,82.62688992808864,0.01206227033607682
1978-01-03,80.95902077482933,-0.020185549216615646
1978-01-04,80.42213194306503,-0.006631612223393111
1978-01-05,79.71639709013428,-0.008775381053444005
1978-01-06,77.31462176823646,-0.03012899992434624
1978-01-09,75.07229308373131,-0.029002647018398567
1978-01-10,74.13626169068795,-0.0124684001859296
1978-01-11,73.39975616389486,-0.009934484286056127
1978-01-12,74.05958337832254,0.008989501449491804
1978-01-13,74.39493310370638,0.004528107100883035
1978-01-16,73.76269851235267,-0.00849835553279385
1978-01-17,74.67637644145698,0.012386720490591936
1978-01-18,75.32670385524196,0.008708609667138862
1978-01-19,75.55972441687905,0.0030934655269784033
1978-01-20,75.62780998198318,0.0009010827610815604
1978-01-23,75.17078047668652,-0.006043140815601279
1978-01-24,75.46344253040942,0.003893295398385273
1978-01-25,75.95179670804654,0.006471400737387934
1978-01-26,75.43270408222295,-0.006834500937732208
1978-01-27,75.56074050744313,0.0016973596105027597
1978-01-30,76.06529095726371,0.006677415367189067
1978-01-31,75.8623356040693,-0.0026681729687781037
1978-02-01,76.90849457893579,0.013790228926333921
1978-02-02,77.50726703399646,0.007785517820090976
1978-02-03,77.92582773165367,0.005400276821444816
1978-02-06,77.98028464421967,0.0006988300817736101
1978-02-07,78.7050151856732,0.009293766299521491
1978-02-08,79.35643133195809,0.008276678998766924
1978-02-09,79.37980349481121,0.0002945213445314902
1978-02-10,79.95698915996354,0.007271190400339723
1978-02-13,79.56411639179233,-0.004913551301753295
1978-02-14,78.6943882148805,-0.010931161135870199
1978-02-15,78.35016800624723,-0.004374139204098637
1978-02-16,77.74699277167093,-0.007698454897100004
1978-02-17,77.86150373122706,0.0014728667370122789
1978-02-21,77.43652183809449,-0.005458177311853267
1978-02-22,77.64190025963022,0.00265221650793055
1978-02-23,77.68028143453319,0.000494335851835381
1978-02-24,78.49425438978864,0.010478501625170418
1978-02-27,77.73858498560257,-0.009627066465700149
1978-02-28,76.590589547963,-0.0147673827334543
1978-03-01,76.5834550820873,-9.315068493150684e-05
1978-03-02,76.93859642063036,0.004637311520646396
1978-03-03,77.29452585349465,0.004626149285573047
1978-03-06,76.95449807038209,-0.004399118557982514
1978-03-07,77.37090469064273,0.0054110757746714255
1978-03-08,77.95524140828186,0.007552409009246117
1978-03-09,78.57216982468569,0.007913879878489969
1978-03-10,79.48185722909147,0.0115777304665956
1978-03-13,79.62872349169623,0.0018477960596900945
1978-03-14,79.82128156592516,0.0024181986824015457
1978-03-15,80.02945448261106,0.0026079876519390427
1978-03-16,80.91635582283799,0.011082186501966343
1978-03-17,81.77705292239439,0.010636874224054934
1978-03-20,82.4087906319994,0.007725121987515403
1978-03-21,81.86924273097341,-0.00654721294764987
1978-03-22,82.07989295909618,0.0025730081419586205
1978-03-23,82.43128815325176,0.004281136116133613
1978-03-27,82.25978617606796,-0.002080544669700473
1978-03-28,82.84583147908413,0.007124323199209228
1978-03-29,83.46525915886924,0.007476872025136461
1978-03-30,83.614847169445,0.00179221884749701
1978-03-31,83.6385576723287,0.0002835680944995729
1978-04-03,83.12689934058508,-0.006117493486056334
1978-04-04,83.60587503829554,0.005761981999930185
1978-04-05,84.77896103499029,0.014031143100379229
1978-04-06,85.59546886089461,0.009631019488046446
1978-04-07,86.79811354906413,0.014050331216994708
1978-04-10,87.25504462974452,0.005264297367731529
1978-04-11,87.10220186315996,-0.0017516782809879597
1978-04-12,87.7848655628175,0.007837502210679095
1978-04-13,89.5828617498368,0.020481847018751605
1978-04-14,91.69212265041241,0.023545361907122524
1978-04-17,92.68813834791602,0.010862609226542353
1978-04-18,91.88439570045507,-0.00867147255071633
1978-04-19,92.22216565743133,0.003676031761447273
1978-04-20,94.22917958004444,0.021762814918794737
1978-04-21,94.9885293509068,0.008058541677287062
1978-04-24,95.43139492214473,0.00466230579907066
1978-04-25,96.56499395310185,0.011878680300984108
1978-04-26,97.26578705273975,0.007257216833444442
1978-04-27,97.07016631927942,-0.0020111977642688988
1978-04-28,98.06071223082645,0.010204432001166816
1978-05-01,99.3614450206013,0.013264566003895997
1978-05-02,99.62638452196008,0.0026664215813674034
1978-05-03,99.77153716346199,0.0014569698800011351
1978-05-04,100.22585778198257,0.004553609490612943
1978-05-05,101.57604138017282,0.013471409754628797
1978-05-08,101.3224509137515,-0.002496557878960896
1978-05-09,101.15731826531922,-0.001629773529391186
1978-05-10,102.0121185295159,0.008450206854581524
1978-05-11,103.21756257220147,0.011816674921193596
1978-05-12,105.21556211042248,0.019357166439804317
1978-05-15,105.89112129558143,0.006420715449392941
1978-05-16,107.61369985024096,0.01626745031673801
1978-05-17,109.49257309046733,0.01745942424469264
1978-05-18,109.15885665890944,-0.0030478453664811917
1978-05-19,108.98718429232012,-0.0015726838100343084
1978-05-22,109.60220570032773,0.005643061723275952
1978-05-23,107.86611875057808,-0.015839890617679934
1978-05-24,105.76954769505844,-0.01943678960367172
1978-05-25,105.79501056410218,0.00024073913142902775
1978-05-26,105.85579164739002,0.0005745174839886443
1978-05-30,106.06363483615479,0.0019634559954650383
1978-05-31,106.4780094752681,0.003906849315068408
1978-06-01,106.64520010661906,0.0015701893017619152
1978-06-02,107.85822079591618,0.011374358040346835
1978-06-05,109.73518190386001,0.01740211449895237
1978-06-06,111.07305805429155,0.01219186160008078
1978-06-07,111.51477932120513,0.003976853385072564
1978-06-08,113.11687179903508,0.014366638104670454
1978-06-09,113.87267226950644,0.006681589213447423
1978-06-12,113.62117793284392,-0.0022085574321756046
1978-06-13,113.51917785601236,-0.000897720642289482
1978-06-14,114.00200620382104,0.004253275586800789
1978-06-15,113.40539949671481,-0.0052333000705231435
1978-06-16,112.4816752302195,-0.008145328799111392
1978-06-19,111.04979103000072,-0.012729933096107416
1978-06-20,109.43133872550938,-0.014574113913047363
1978-06-21,106.91022363949371,-0.02303832810032126
1978-06-22,106.98889144250967,0.0007358304971958474
1978-06-23,107.08531139122326,0.0009012145785750899
1978-06-26,104.9268061963305,-0.020156874615668938
1978-06-27,104.28504875209958,-0.006116239190870931
1978-06-28,104.87034907068116,0.005612504626362153
1978-06-29,105.66781527517547,0.007604305807705841
1978-06-30,106.22162786987897,0.0052410716854634455
1978-07-03,105.92705217763262,-0.0027732176408292912
1978-07-05,104.26749828837097,-0.015666950558377482
1978-07-06,103.5581212251503,-0.006803434194409878
1978-07-07,104.14113186413473,0.005629791580680401
1978-07-10,104.49657202598783,0.0034130622117378535
1978-07-11,105.27463266082972,0.007445800563183803
1978-07-12,106.0555061314703,0.007417489388505911
1978-07-13,106.31014853681584,0.002401029561161039
1978-07-14,108.3305814839665,0.0190050806527749
1978-07-17,109.69030422637624,0.012551605684965328
1978-07-18,109.19600048860104,-0.004506357615300843
1978-07-19,110.45586173857615,0.011537613505419772
1978-07-20,112.15458033216349,0.015379162018651603
1978-07-21,111.872243164473,-0.002517393109174023
1978-07-24,111.82287793152706,-0.0004412643525290012
1978-07-25,112.17437717140355,0.003143357123143626
1978-07-26,113.41443811270459,0.011054761101157802
1978-07-27,114.58831089613602,0.010350294045145477
1978-07-28,115.47507593733495,0.0077387041860028675
1978-07-31,116.7297438298914,0.010865270123202434
1978-08-01,117.62446845024617,0.007664924045910943
1978-08-02,120.11793610289911,0.0211985455535354
1978-08-03,121.71881671416219,0.013327573409950106
1978-08-04,123.00938494888462,0.010602865436600004
1978-08-07,123.92335129276296,0.007430053765882373
1978-08-08,124.44477047502802,0.004207594265533144
1978-08-09,126.6266259193314,0.017532721029375753
1978-08-10,126.4994006390425,-0.0010047277131899975
1978-08-11,127.29518284638345,0.006290798243476875
1978-08-14,127.47176858404892,0.001387214611872353
1978-08-15,127.15112933650533,-0.002515374589254041
1978-08-16,128.7196401964573,0.012335799675053665
1978-08-17,131.36406182032005,0.020544041451846018
1978-08-18,132.46823362538262,0.008405432884473917
1978-08-21,130.5825009844806,-0.014235357332799087
1978-08-22,130.76557149402495,0.0014019528509882704
1978-08-23,132.4335040072492,0.012755134965325985
1978-08-24,133.50241804669463,0.008071326417421518
1978-08-25,134.59526538221863,0.008185974093306257
1978-08-28,133.36864834759163,-0.009113374316278535
1978-08-29,132.15310642935253,-0.009114150389161225
1978-08-30,132.37638080897196,0.0016895129115923667
1978-08-31,132.8748900663764,0.003765847459780788
1978-09-01,133.53175884812282,0.004943513265887002
1978-09-05,133.6990491514224,0.0012528128494873254
1978-09-06,135.7000754324337,0.014966645564883668
1978-09-07,136.90046310157953,0.0088458880020558
1978-09-08,139.42419899488695,0.0184348236385058
1978-09-11,140.57431261204323,0.008249024383482077
1978-09-12,141.14799816474323,0.004081012683186816
1978-09-13,141.15512419095225,5.0486201020675106e-05
1978-09-14,139.29707548707322,-0.013163168638252822
1978-09-15,137.31054003133028,-0.014261142588935984
1978-09-18,133.85339977693351,-0.02517753009789306
1978-09-19,130.7030483712471,-0.023535834061267715
1978-09-20,127.9609871564156,-0.02097932105640705
1978-09-21,126.8687395545649,-0.00853578599323849
1978-09-22,127.24108134042933,0.002934858399096004
1978-09-25,126.8400540885801,-0.003151712069911644
1978-09-26,128.38361609404924,0.01216935783069901
1978-09-27,126.61377126659472,-0.013785597269343131
1978-09-28,126.7938016222929,0.001421886054709774
1978-09-29,128.27921520672248,0.011715190848638589
1978-10-02,129.0349163906386,0.005891064914127521
1978-10-03,128.6550552277154,-0.0029438633631010147
1978-10-04,128.62374028409968,-0.0002434023564816432
1978-10-05,129.4621637890341,0.006518419563002344
1978-10-06,130.34201077491238,0.006796170866663641
1978-10-09,131.55064444554756,0.009272786751175426
1978-10-10,132.10508213735295,0.004214633034617223
1978-10-11,132.75853986062856,0.004946499504055426
1978-10-12,133.3350335461772,0.004342422612916987
1978-10-13,133.34228358246156,5.4374578770187183e-05
1978-10-16,130.07915644568843,-0.02447181080977335
1978-10-17,124.27883750903028,-0.04459068689517475
1978-10-18,120.39540946781105,-0.031247701692873175
1978-10-19,117.20901310562053,-0.026466095146612998
1978-10-20,110.93318941609641,-0.05354386598126865
1978-10-23,107.53351832038241,-0.030646113337301314
1978-10-24,106.11253192993397,-0.013214357835989357
1978-10-25,106.13768545804172,0.00023704578196623167
1978-10-26,100.59139908834618,-0.05225558052976473
1978-10-27,95.89344676972539,-0.04670332017645693
1978-10-30,91.12397976427768,-0.049737152705553636
1978-10-31,89.04006989997679,-0.0228689513966753
1978-11-01,94.68892922564625,0.06344176652169198
1978-11-02,94.64707306349199,-0.00044203860468746374
1978-11-03,96.05841684076134,0.01491164736095525
1978-11-06,95.34954089254651,-0.007379633888719477
1978-11-07,91.61218374798362,-0.03919638321882098
1978-11-08,91.86347362814583,0.002742974459090413
1978-11-09,93.3020974991905,0.015660455828919288
1978-11-10,94.86646594446778,0.016766701791359466
1978-11-13,91.79999890082841,-0.03232403582351628
1978-11-14,88.34691673584601,-0.037615274578736896
1978-11-15,89.23108025838236,0.010007859416078636
1978-11-16,90.45586113978007,0.013725944792455359
1978-11-17,92.83358027943993,0.02628595991127211
1978-11-20,94.14677990017239,0.01414573925490743
1978-11-21,94.22022714453101,0.0007801354909482793
1978-11-22,95.54382448795874,0.0140479107675825
1978-11-24,96.85106674748701,0.013682121963759196
1978-11-27,96.49052104357914,-0.003722681804299605
1978-11-28,95.86583067305263,-0.006474111278188462
1978-11-29,93.35244734339005,-0.026217718158979796
1978-11-30,94.32563366930225,0.010424861410782305
1978-12-01,96.78416691215745,0.026064317272170245
1978-12-04,97.39018662152279,0.006261558359182507
1978-12-05,99.21913825477581,0.018779629618748832
1978-12-06,100.5252851964393,0.013164264119181712
1978-12-07,100.68565574382401,0.0015953254653427744
1978-12-08,101.04997303991553,0.0036183634441279426
1978-12-11,101.66834534187552,0.006119470231978396
1978-12-12,100.54961050209063,-0.011003767554423838
1978-12-13,99.9123394963146,-0.006337876423328208
1978-12-14,99.93686391132633,0.0002454593209943415
1978-12-15,98.67570065215573,-0.012619600113623999
1978-12-18,93.47103399927929,-0.05274517047741607
1978-12-19,94.11637090446501,0.006904137865755202
1978-12-20,95.04277920582284,0.00984322166754811
1978-12-21,95.94066534319158,0.009447178890090127
1978-12-22,97.72052285544119,0.018551648624520585
1978-12-26,98.93768914045789,0.012455585064943432
1978-12-27,98.33995856061375,-0.006041485151281074
1978-12-28,98.28050921864615,-0.0006045288490839169
1978-12-29,99.4108384867509,0.011501052213619335
1979-01-02,99.1316033779777,-0.002808900045747257
1979-01-03,101.25286960401034,0.02139848598982593
1979-01-04,103.8723013687523,0.02587019780265273
1979-01-05,106.24929252882244,0.022883782574833856
1979-01-08,105.9731753068626,-0.0025987676283579417
1979-01-09,107.24304585025422,0.011982943227986828
1979-01-10,106.56182158308319,-0.006352153296002463
1979-01-11,107.3817796099954,0.007694669767566978
1979-01-12,109.07948000008474,0.01580994835674448
1979-01-15,110.31539851397721,0.011330440096446216
1979-01-16,109.00420088910371,-0.01188589845602897
1979-01-17,108.72290435157844,-0.0025806027220130986
1979-01-18,109.97270281010307,0.01149526372550865
1979-01-19,110.55710117249023,0.005314031095482736
1979-01-22,110.52304473267249,-0.0003080438927628953
1979-01-23,111.92433840745183,0.012678746574243541
1979-01-24,111.69275299548188,-0.0020691246896351392
1979-01-25,113.6001258397781,0.017076961513996968
1979-01-26,114.69664085418519,0.009652410209066176
1979-01-29,114.15537331280431,-0.004719122873607007
1979-01-30,113.66929045915745,-0.004258081240862123
1979-01-31,112.41160875952181,-0.011064392982091593
1979-02-01,112.2868422351617,-0.0011099078265752833
1979-02-02,112.37645096309245,0.0007980340897206091
1979-02-05,109.68007188522269,-0.02399416474502589
1979-02-06,109.6100178812397,-0.0006387122362237178
1979-02-07,106.93002358668683,-0.02445026783461152
1979-02-08,107.97565903602096,0.009778689036633786
1979-02-09,108.57125119062867,0.005515985361191756
1979-02-12,109.02920438397146,0.004217996829922567
1979-02-13,110.48875237839336,0.013386761855858
1979-02-14,109.97607238531754,-0.004640110255929346
1979-02-15,110.52373783052697,0.004979860012554357
1979-02-16,111.6388751769663,0.010089573229501452
1979-02-20,112.0314487014825,0.0035164589744737427
1979-02-21,111.88930581662738,-0.001268776638190797
1979-02-22,111.32021556742528,-0.005086189828854301
1979-02-23,110.57519020844305,-0.006692633096196105
1979-02-26,110.27577729806896,-0.0027077765799875635
1979-02-27,106.26779143041215,-0.036345115544490464
1979-02-28,106.11255588433957,-0.0014607958251793588
1979-03-01,107.42931823805803,0.012409109767874321
1979-03-02,108.00487061154409,0.00535749814785818
1979-03-05,109.7882666082288,0.016512181224668788
1979-03-06,109.26056037706968,-0.0048065813174935235
1979-03-07,111.3157867868512,0.018810322797986095
1979-03-08,113.85066392100258,0.02277194643564061
1979-03-09,114.19132815096167,0.002992202401168822
1979-03-12,114.03014495693104,-0.0014115186909600163
1979-03-13,114.90887139560958,0.0077060889382403845
1979-03-14,114.71094571949494,-0.0017224577503091466
1979-03-15,115.16054266760445,0.003919390126979792
1979-03-16,116.40360491641881,0.010794168037244254
1979-03-19,117.41757512733926,0.008710814511702854
1979-03-20,116.76277978221746,-0.0055766382878514745
1979-03-21,117.92314341840972,0.009937787010180195
1979-03-22,119.07084069009407,0.009732587161556013
1979-03-23,119.96761230712504,0.007531412492207113
1979-03-26,119.04780319012018,-0.007667145317938704
1979-03-27,120.25528284408888,0.010142813404463678
1979-03-28,120.40201748130472,0.0012201928576067828
1979-03-29,121.1560253564037,0.006262418943403856
1979-03-30,122.00454865157367,0.00700355836759989
1979-04-02,121.20662199763782,-0.006540138566592298
1979-04-03,122.97774291662626,0.014612410525086326
1979-04-04,123.739172224825,0.0061916025627088535
1979-04-05,124.87567963586179,0.009184701906457256
1979-04-06,125.5677741874406,0.005542268547382279
1979-04-09,125.49017005568894,-0.0006180258609651693
1979-04-10,126.37135480042872,0.007021942390776471
1979-04-11,125.12763886160901,-0.009841755204601814
1979-04-12,125.05189071214419,-0.0006053670488308081
1979-04-16,122.98852817840442,-0.01650005067487863
1979-04-17,122.5608453588194,-0.00347742042220897
1979-04-18,123.74637152190938,0.009672960068275732
1979-04-19,124.22981584262796,0.003906735323006865
1979-04-20,125.1245559779293,0.007202297848004367
1979-04-23,125.44036421710746,0.0025239509280166033
1979-04-24,126.20788109210011,0.006118579771215191
1979-04-25,127.10919152647162,0.007141475053477736
1979-04-26,126.84413912132644,-0.0020852339784569614
1979-04-27,126.29679461789313,-0.00431509494427462
1979-04-30,125.20371552858329,-0.008654844270726776
1979-05-01,125.12802639476088,-0.0006045278568840342
1979-05-02,125.48258863082516,0.002833595688192853
1979-05-03,125.8563257089391,0.0029783978972052717
1979-05-04,124.93635792611057,-0.0073096666190309405
1979-05-07,119.04771187844582,-0.047133165600580305
1979-05-08,117.2060318631732,-0.015470100065031783
1979-05-09,118.52619239957407,0.011263588702858249
1979-05-10,117.36188719973103,-0.009823189088180265
1979-05-11,117.30736736686315,-0.0004645446163888774
1979-05-14,115.98607984905225,-0.011263465777718452
1979-05-15,116.00393441848854,0.0001539371746984043
1979-05-16,116.59726494443582,0.005114744848280902
1979-05-17,118.5441284063548,0.016697333876971844
1979-05-18,119.56165027651926,0.008583486030421692
1979-05-21,119.7794208686839,0.0018214083835491834
1979-05-22,121.11229795343908,0.011127763643275945
1979-05-23,121.49739825694046,0.0031796961168174135
1979-05-24,121.44164073718379,-0.0004589194547092404
1979-05-25,122.48908241308034,0.008625061960117576
1979-05-29,122.00636431149528,-0.003940907157400009
1979-05-30,120.0161983258855,-0.016311985008656337
1979-05-31,120.05226215823548,0.0003004913741063848
1979-06-01,120.65469474757015,0.0050180861110358825
1979-06-04,120.94614079851203,0.002415538421871197
1979-06-05,122.88878982000425,0.016062100110565247
1979-06-06,123.97820329644749,0.008865035436014274
1979-06-07,125.68462781392118,0.013763907461970563
1979-06-08,126.43097132739597,0.005938224319522661
1979-06-11,126.52162780887541,0.0007170433045608314
1979-06-12,128.1508481983515,0.012877010971888526
1979-06-13,128.30054684701804,0.0011681440331541217
1979-06-14,128.2993772114557,-9.116372385710815e-06
1979-06-15,128.71323138681606,0.003225691225907401
1979-06-18,127.89718270586144,-0.006340052783712538
1979-06-19,128.2537932550799,0.002788259613494183
1979-06-20,128.98792139495308,0.005724026722648974
1979-06-21,129.45934069298337,0.0036547553672631175
1979-06-22,130.44290475941628,0.007597474706482992
1979-06-25,129.7164621017654,-0.005569046925095056
1979-06-26,129.01393565025643,-0.005415861950951303
1979-06-27,130.63800014892794,0.012588287385280434
1979-06-28,131.91066814327226,0.009741943331140056
1979-06-29,131.98560045487574,0.0005680534611658031
1979-07-02,129.8216281118735,-0.016395518416738565
1979-07-03,129.80135459734643,-0.00015616438356164385
1979-07-05,131.20063042943346,0.010780132737656555
1979-07-06,132.79884445761115,0.012181450827992088
1979-07-09,133.71365465203453,0.006888690923175705
1979-07-10,133.3468379073403,-0.002743300567535871
1979-07-11,133.09572503338148,-0.0018831558205625006
1979-07-12,132.74903063196018,-0.0026048500155384175
1979-07-13,132.42198549789396,-0.0024636348190966396
1979-07-16,133.06736995958585,0.004873695702909872
1979-07-17,131.07295013365894,-0.014988045728510493
1979-07-18,129.91155896608265,-0.008860647192208427
1979-07-19,130.47807868250436,0.004360810700220992
1979-07-20,131.23543053427326,0.00580443749184719
1979-07-23,130.39402987022063,-0.006411383424637629
1979-07-24,131.2267208804477,0.00638595962603372
1979-07-25,133.0127108391331,0.013609956468488617
1979-07-26,134.04478479903318,0.00775921303602548
1979-07-27,134.98460854962744,0.007011266809098906
1979-07-30,135.92396876293157,0.006959017204978284
1979-07-31,137.43084723705775,0.011086186548557617
1979-08-01,138.51793397841328,0.007910063593513188
1979-08-02,139.74579469740922,0.008864272543851835
1979-08-03,139.9004428495026,0.0011066390400387971
1979-08-06,139.40332087474832,-0.0035533981496332434
1979-08-07,141.12397019111648,0.012342957869089361
1979-08-08,142.5988502484942,0.010450953550841578
1979-08-09,142.99232147513658,0.002759287511482198
1979-08-10,144.555821307832,0.010934152383610781
1979-08-13,146.48100919789562,0.013317954771008046
1979-08-14,146.91942842130337,0.002993010669495359
1979-08-15,148.58359789297245,0.011327089204954758
1979-08-16,149.1662810569837,0.0039215846989449675
1979-08-17,149.95235328714253,0.005269771590393941
1979-08-20,150.10524501956615,0.0010196020874101066
1979-08-21,150.1629693175294,0.00038455883374177583
1979-08-22,151.66154403583369,0.009979655604275372
1979-08-23,152.43318062735935,0.005087885636607596
1979-08-24,152.96133681670446,0.0034648374269393985
1979-08-27,153.11491974916834,0.001004063743558512
1979-08-28,153.1524553458776,0.000245146565538766
1979-08-29,154.15269550456364,0.0065310096167058435
1979-08-30,154.16971877031665,0.00011043119095195564
1979-08-31,154.92645720062418,0.004908476426780825
1979-09-04,150.8133745010446,-0.026548613928822334
1979-09-05,145.79284119131907,-0.03328970872998238
1979-09-06,147.4473451520996,0.011348320996154898
1979-09-07,149.8337535149708,0.016184817437095926
1979-09-10,151.46356894864468,0.010877491856406355
1979-09-11,150.38208139284643,-0.007140248729811193
1979-09-12,150.90584636999813,0.0034828948522360546
1979-09-13,152.24252398982475,0.008857692740076402
1979-09-14,154.72672883268615,0.016317417616036424
1979-09-17,154.4487054454615,-0.001796867220823007
1979-09-18,151.81725047549537,-0.01703772758972953
1979-09-19,152.3023470770096,0.00319526667750143
1979-09-20,153.82767668346247,0.010015141826288342
1979-09-21,154.7253913564895,0.005835846268901966
1979-09-24,153.56422839723314,-0.0075046697188893945
1979-09-25,151.80124374837504,-0.01148043829776354
1979-09-26,153.01822593211406,0.008016944747542866
1979-09-27,153.99484942687087,0.006382399801119556
1979-09-28,153.1719980794492,-0.0053433692781551766
1979-10-01,152.30363744404534,-0.005669186576474855
1979-10-02,153.13509106066508,0.00545918423599832
1979-10-03,154.1320093651356,0.0065100578682882335
1979-10-04,155.97173756821633,0.011936055402499039
1979-10-05,157.73968533974048,0.011335052100390338
1979-10-08,154.95202888935356,-0.017672511799315862
1979-10-09,143.06370681887927,-0.07672259702364644
1979-10-10,131.43468171090822,-0.08128564096758349
1979-10-11,132.88596810642446,0.011041883136357976
1979-10-12,134.04144990402546,0.00869528825402854
1979-10-15,129.55855200091383,-0.03344411677373974
1979-10-16,129.44470113464683,-0.000878759946824639
1979-10-17,130.73446610961165,0.009963829833584353
1979-10-18,131.50387276620873,0.005885262543941463
1979-10-19,126.07080083812694,-0.041314919582184965
1979-10-22,119.68004638457332,-0.05069178914599947
1979-10-23,118.67271100192377,-0.008416903344210231
1979-10-24,119.38799668721445,0.00602738135205402
1979-10-25,118.83084104722,-0.004666764293349816
1979-10-26,120.65670473217729,0.015365234049229213
1979-10-29,120.88885187757967,0.0019240302138009988
1979-10-30,123.70464584768764,0.023292420486873622
1979-10-31,123.77663600676755,0.0005819519435716801
1979-11-01,125.38294224654967,0.012977459168419265
1979-11-02,126.20892931248945,0.006587714813037213
1979-11-05,124.72985863471703,-0.011719223717604595
1979-11-06,123.88562916918893,-0.006768463259471085
1979-11-07,121.0901340934666,-0.02256512796899597
1979-11-08,122.20864450124157,0.009237006929991716
1979-11-09,124.1663710605553,0.016019542376103018
1979-11-12,126.28335058536517,0.01704954011885721
1979-11-13,126.4294888219089,0.0011572248904255869
1979-11-14,127.55290214926093,0.00888569065508506
1979-11-15,129.6810863913693,0.01668471831097954
1979-11-16,129.94088324021362,0.0020033518847943264
1979-11-19,131.58053467209064,0.01261844148654807
1979-11-20,130.65759104190525,-0.007014286972502775
1979-11-21,129.47578617048114,-0.0090450532724506
1979-11-23,131.24398069158963,0.013656565242093287
1979-11-26,135.1240362875668,0.02956368418217162
1979-11-27,136.24523020685632,0.008297516489985701
1979-11-28,138.0972657340921,0.01359339717378651
1979-11-29,139.28800777321928,0.00862248816294425
1979-11-30,139.4594968016392,0.001231183008225181
1979-12-03,138.62078237839373,-0.006014035920683231
1979-12-04,140.41066728704988,0.0129120964255583
1979-12-05,142.56083886221012,0.015313448876106535
1979-12-06,144.72700986659154,0.015194712809420875
1979-12-07,145.59025135055867,0.005964619076721505
1979-12-10,146.46967801088255,0.006040422708017214
1979-12-11,146.1696436863895,-0.0020484398448036034
1979-12-12,147.4915423203374,0.009043592093472493
1979-12-13,148.38220018260986,0.006038704648826855
1979-12-14,150.4706631572957,0.014074888848632788
1979-12-17,151.463282079193,0.006596760465258561
1979-12-18,149.7495497785819,-0.011314506572722158
1979-12-19,149.5861366010802,-0.001091243197347286
1979-12-20,150.8022474021024,0.008129836284664276
1979-12-21,150.57798907399288,-0.0014871020291332513
1979-12-24,150.10635757824164,-0.003132141016436928
1979-12-26,150.1395477832313,0.0002211112542142071
1979-12-27,150.55648131480223,0.0027769734072522864
1979-12-28,151.73557760651883,0.007831587729864739
1979-12-31,152.28821298420914,0.0036420949286092917
1980-01-02,146.24381240725458,-0.03969053453651937
1980-01-03,141.86692814295472,-0.0299286800053548
1980-01-04,145.81861768952075,0.02785490317083659
1980-01-07,146.89881754654184,0.007407832238000548
1980-01-08,150.93686717749418,0.027488646255937162
1980-01-09,152.74482649914188,0.011978248624450592
1980-01-10,155.77218471617527,0.01981971033925933
1980-01-11,157.26186186712917,0.009563178135224488
1980-01-14,158.23527377347466,0.00618975188763776
1980-01-15,159.34621608204688,0.007020825901073107
1980-01-16,161.42738810970536,0.01306069311734953
1980-01-17,161.01721720187655,-0.0025409003554593313
1980-01-18,161.6617479107345,0.004002868265012213
1980-01-21,164.05429827754872,0.01479973090563964
1980-01-22,163.11942127030477,-0.005698582829340546
1980-01-23,166.36624641439897,0.01990458964854893
1980-01-24,167.8809244649052,0.009104479322887153
1980-01-25,168.8117205655996,0.005544382744264509
1980-01-28,170.80780119565677,0.011824301199995894
1980-01-29,169.89641587835698,-0.0053357359026934325
1980-01-30,171.99788137746162,0.012369098478270672
1980-01-31,172.91748612908063,0.005346605110797036
1980-02-01,174.0531317707076,0.006567558128732162
1980-02-04,173.33088423331463,-0.004149580820783223
1980-02-05,173.67561991404796,0.001988887798375836
1980-02-06,175.3269277620208,0.009508000309946148
1980-02-07,176.96414450363528,0.00933807922441185
1980-02-08,180.12137388201376,0.017841068241446042
1980-02-11,178.27324732788577,-0.010260451129684189
1980-02-12,178.47017708238687,0.0011046511882901614
1980-02-13,179.31784296752096,0.004749622032048375
1980-02-14,176.14576026135737,-0.01768972152279426
1980-02-15,173.99362974795557,-0.012217895623536772
1980-02-19,170.62042136449836,-0.019386964846607284
1980-02-20,172.7841240559625,0.012681381713633418
1980-02-21,171.05971606716219,-0.00998012981934504
1980-02-22,168.41116434109685,-0.015483199592272566
1980-02-25,163.8537899208232,-0.027060999418323795
1980-02-26,164.91508316235056,0.006477074726438701
1980-02-27,163.27431852040786,-0.009949148437365456
1980-02-28,162.67728441665014,-0.0036566320359995882
1980-02-29,163.81714362554766,0.007006873842190038
1980-03-03,161.29764625311762,-0.015379937146194445
1980-03-04,158.21650838525156,-0.019102187412152093
1980-03-05,153.19050455472907,-0.031766620827482404
1980-03-06,144.540715786832,-0.05646426188776498
1980-03-07,139.7421642883783,-0.033198614468815835
1980-03-10,134.97969591420994,-0.03408039655332884
1980-03-11,136.4694000176571,0.011036505108101719
1980-03-12,136.56975905424196,0.0007353958951375156
1980-03-13,137.19891903781033,0.004606876280117758
1980-03-14,136.14490707524024,-0.007682363461476016
1980-03-17,127.11414731566119,-0.06633196902905979
1980-03-18,125.66506560177069,-0.011399846079225211
1980-03-19,127.53540836256492,0.014883553769201766
1980-03-20,126.9043177282405,-0.004948356244175842
1980-03-21,125.34796358125246,-0.012263996803646178
1980-03-24,117.69248460392546,-0.06107382009732126
1980-03-25,114.01038921488973,-0.03128573078754537
1980-03-26,113.46762239683198,-0.004760678581973156
1980-03-27,99.48728607465509,-0.12320991686318458
1980-03-28,107.73800391896906,0.08293238432620069
1980-03-31,110.58014575153037,0.026380123347179502
1980-04-01,114.16722144072624,0.03243869561590102
1980-04-02,118.70250048706859,0.03972487890227754
1980-04-03,119.0419568048591,0.00285972339586472
1980-04-07,114.36220661741342,-0.03931177135400261
1980-04-08,115.99869188605543,0.014309668526392524
1980-04-09,118.85500641002658,0.024623678746109465
1980-04-10,120.99402477827029,0.017996872263542036
1980-04-11,121.79431062440635,0.006614259238029714
1980-04-14,119.79934891424277,-0.016379761090119488
1980-04-15,119.28055530039374,-0.004330521146825303
1980-04-16,118.15081647175963,-0.00947127405459346
1980-04-17,116.0171740431896,-0.018058634652601047
1980-04-18,116.17983241679048,0.001402019786659624
1980-04-21,113.37226676839266,-0.024165688570850944
1980-04-22,117.82689413436813,0.03929203757631296
1980-04-23,119.9005393011372,0.01759908195835432
1980-04-24,122.97256539050292,0.025621453475285466
1980-04-25,121.5784302254865,-0.011336960895215211
1980-04-28,122.58650251270952,0.008291538929671816
1980-04-29,123.99138228022017,0.011460313645582655
1980-04-30,125.10140818867568,0.008952444017011276
1980-05-01,124.51819194311125,-0.0046619478869880555
1980-05-02,125.50542844087362,0.007928451918201693
1980-05-05,126.83157111096276,0.010566416820081121
1980-05-06,128.94224953065677,0.0166415853813513
1980-05-07,131.35995239276724,0.018750276739476785
1980-05-08,130.74380782200453,-0.004690505435937083
1980-05-09,130.3482834440204,-0.0030251863133938846
1980-05-12,130.07491765658455,-0.002097195146825854
1980-05-13,132.11910442638683,0.01571545695842144
1980-05-14,134.94890680571373,0.021418570702646567
1980-05-15,136.696268595223,0.012948321189625774
1980-05-16,137.82048280552993,0.008224176284108344
1980-05-19,137.7241214351749,-0.0006991803278688524
1980-05-20,137.11209301469023,-0.004443872388561585
1980-05-21,136.7441929640578,-0.0026832064374731988
1980-05-22,138.96732128258108,0.016257570214390216
1980-05-23,141.79016912540283,0.020313033429504402
1980-05-27,142.83419618750594,0.007363183699849887
1980-05-28,143.94281952876912,0.007761610110563738
1980-05-29,142.74397531945795,-0.008328614190244962
1980-05-30,143.3954676183677,0.004564061617674008
1980-06-02,142.76146647475542,-0.004421347160703697
1980-06-03,142.25286162741756,-0.003562619941479802
1980-06-04,144.66776300918445,0.016976118119099128
1980-06-05,146.54751492119618,0.012993578340548356
1980-06-06,147.41839085490565,0.005942618229847087
1980-06-09,147.9332633415132,0.00349259331635427
1980-06-10,150.1226193694846,0.014799619629272549
1980-06-11,152.17172133395889,0.01364952179145632
1980-06-12,152.3127212567433,0.0009265842664352042
1980-06-13,154.78781860407813,0.016250102597554772
1980-06-16,155.07499043930466,0.0018552612073503645
1980-06-17,155.4146921068294,0.0021905638463197673
1980-06-18,155.7942831603339,0.0024424399544128667
1980-06-19,154.8461425647022,-0.006085849726949874
1980-06-20,154.37534280145772,-0.003040435851011035
1980-06-23,155.21431305249595,0.0054346130399673025
1980-06-24,156.5029822777023,0.008302515405074195
1980-06-25,158.6106561071091,0.013467307770959178
1980-06-26,159.0932665859388,0.003042736791302431
1980-06-27,159.4163994614696,0.002031090834106695
1980-06-30,156.50078034915364,-0.018289329844139814
1980-07-01,157.2379823197096,0.004710532234480016
1980-07-02,159.20943355616566,0.012538008993574636
1980-07-03,162.55295317511315,0.021000763235351636
1980-07-07,167.97916261942524,0.033381180337379864
1980-07-08,167.8373554524623,-0.0008441949867568661
1980-07-09,168.84478591956074,0.006002421000870438
1980-07-10,168.29094658768855,-0.0032801684035183945
1980-07-11,170.2649708684906,0.011729830515710258
1980-07-14,173.6582468830661,0.019929384166731522
1980-07-15,174.72321330977312,0.006132541620232376
1980-07-16,174.78708566183406,0.00036556305742673016
1980-07-17,178.03079889068826,0.01855808291883717
1980-07-18,180.77582096991125,0.015418804478367007
1980-07-21,181.69160681541675,0.005065864674778135
1980-07-22,180.17850613373636,-0.008327851287140366
1980-07-23,180.20018477782858,0.00012031759257740812
1980-07-24,180.37041222920126,0.0009446574740338345
1980-07-25,179.712703947193,-0.0036464311074062847
1980-07-28,180.4134150851435,0.0038990629074081014
1980-07-29,182.57851944635624,0.012000794731317276
1980-07-30,185.24700146242975,0.014615531028323036
1980-07-31,184.08587453792822,-0.006267993086716764
1980-08-01,185.50014385997605,0.007682660745142684
1980-08-04,184.07993521299008,-0.0076561053670018185
1980-08-05,185.38638903174294,0.007097209249021209
1980-08-06,187.34190001476122,0.010548298573761371
1980-08-07,191.16496626664062,0.02040689376790866
1980-08-08,192.51673356709006,0.007071208322575098
1980-08-11,195.0748244721103,0.013287628860214137
1980-08-12,193.9499558292074,-0.005766344508815437
1980-08-13,194.78324983777875,0.004296438248767293
1980-08-14,198.56705773032616,0.019425735507024703
1980-08-15,201.03119335593303,0.012409589252983771
1980-08-18,194.96776496339783,-0.03016162960242528
1980-08-19,192.81028496980824,-0.011065829235897696
1980-08-20,195.82791267445998,0.015650761084266152
1980-08-21,200.6978093039179,0.024868245608855245
1980-08-22,204.64468790666442,0.019665778198753203
1980-08-25,204.23129767929368,-0.0020200388859313305
1980-08-26,206.00578730807314,0.008688627301217859
1980-08-27,205.41562536070506,-0.002864783339729671
1980-08-28,202.7514225926645,-0.012969815530645605
1980-08-29,203.8916189507216,0.0056236170551946215
1980-09-02,205.54366642418967,0.008102576662885526
1980-09-03,210.4331390479932,0.02378799944977584
1980-09-04,211.5700840139436,0.005402879846273276
1980-09-05,212.8012861079251,0.005819358156044101
1980-09-08,209.99262687069427,-0.013198506872775108
1980-09-09,210.83170032751988,0.003995728180219896
1980-09-10,214.13597870806066,0.015672588018821168
1980-09-11,218.33867867602908,0.019626314052054315
1980-09-12,221.58329565544562,0.014860477305676538
1980-09-15,221.45174520535065,-0.0005936839674933813
1980-09-16,225.41824642556625,0.017911356790335876
1980-09-17,231.5870702128612,0.027366124460257046
1980-09-18,230.7211387439736,-0.0037391183717281327
1980-09-19,234.76674558720742,0.017534617180106578
1980-09-22,236.06891691481158,0.005546660044833602
1980-09-23,233.86935098882196,-0.009317473705288253
1980-09-24,234.12659123880186,0.0010999314313409434
1980-09-25,231.36106093884422,-0.011812115340358328
1980-09-26,223.48581261915757,-0.0340387802845022
1980-09-29,211.6614805994579,-0.05290864722517993
1980-09-30,216.10080048286892,0.02097367868181861
1980-10-01,220.33193887096584,0.01957946652045062
1980-10-02,223.04606668682055,0.012318358517437497
1980-10-03,229.1193463176892,0.027228812958159723
1980-10-06,235.07121089439943,0.02597713668603782
1980-10-07,235.4001953242602,0.001399509657558978
1980-10-08,237.76929375153762,0.010064131102414714
1980-10-09,238.5579734711064,0.003316995677301257
1980-10-10,239.13038173642892,0.002399451407948178
1980-10-13,241.57465128661474,0.010221493113660166
1980-10-14,241.8827708273118,0.0012754630465408817
1980-10-15,242.82300031599652,0.0038871288164464553
1980-10-16,239.16235600826272,-0.01507536066587607
1980-10-17,237.39097878609718,-0.007406588778145182
1980-10-20,237.00835814963864,-0.0016117741222310853
1980-10-21,235.29412255737589,-0.0072328064952901
1980-10-22,238.68857264160286,0.01442641255690195
1980-10-23,233.59141665292688,-0.021354838785388693
1980-10-24,234.39589936011978,0.0034439737500636864
1980-10-27,229.88272000309672,-0.019254514986583166
1980-10-28,228.43340587500688,-0.006304580562081007
1980-10-29,230.1014345664216,0.007302034853551199
1980-10-30,225.36272467570356,-0.020594004116693786
1980-10-31,225.94235511986258,0.0025719889790695354
1980-11-03,226.651676773202,0.0031393921381546413
1980-11-05,233.30509615634634,0.02935526212674818
1980-11-06,228.32350122134977,-0.021352276555751826
1980-11-07,227.21083694003437,-0.004873192095266282
1980-11-10,226.08916805657003,-0.004936687433444757
1980-11-11,230.53250057558006,0.019653009284806868
1980-11-12,237.0039464904181,0.028071729143094658
1980-11-13,242.86841654207262,0.024744187337368273
1980-11-14,246.47454827381628,0.014848088455004923
1980-11-17,245.88686648068875,-0.002384350827472218
1980-11-18,251.12322046314543,0.021295785567579148
1980-11-19,254.17045786861414,0.012134431056788311
1980-11-20,257.78083630310806,0.014204555733067125
1980-11-21,256.64719119419175,-0.004397709019701305
1980-11-24,251.85963183151844,-0.018654244141136134
1980-11-25,254.73613036107645,0.011421038411912984
1980-11-26,258.76920703087245,0.015832370006089433
1980-11-28,261.3730020636638,0.01006222905216358
1980-12-01,253.05334886862295,-0.03183057595602171
1980-12-02,250.0304952215516,-0.01194551923768734
1980-12-03,252.89339818213148,0.011450215134930084
1980-12-04,256.01876807879967,0.012358447943418943
1980-12-05,248.08694846834078,-0.03098139902000292
1980-12-08,230.4391368853269,-0.07113559053375995
1980-12-09,228.5030463833711,-0.008401743419648645
1980-12-10,224.95904925241095,-0.015509627495355961
1980-12-11,213.68074768280817,-0.05013490947389352
1980-12-12,219.2234393756747,0.025939125321173945
1980-12-15,225.49026129194047,0.028586459249581322
1980-12-16,220.4634877136307,-0.022292641595734467
1980-12-17,225.32967853191212,0.022072547562171866
1980-12-18,229.8994295395705,0.020280289029974172
1980-12-19,234.30285559312074,0.019153705872037925
1980-12-22,238.59044657508903,0.01829935435961531
1980-12-23,238.70202952044136,0.000467675663271788
1980-12-24,239.3152314657173,0.002568901263671182
1980-12-26,241.929967036759,0.01092590536351345
1980-12-29,238.29917731486424,-0.015007606401000788
1980-12-30,239.72227709215545,0.00597190386188737
1980-12-31,244.16284439627998,0.01852379911449563
1981-01-02,246.9510219237659,0.01141933587143462
1981-01-05,248.22747610153516,0.005168855620947128
1981-01-06,247.90794600860747,-0.0012872470765363517
1981-01-07,231.5045155249648,-0.06616742523885505
1981-01-08,228.00793640673177,-0.01510371886398903
1981-01-09,232.0581999265366,0.01776369535040993
1981-01-12,233.67548933148962,0.00696932668384483
1981-01-13,232.68509540735488,-0.004238330374178732
1981-01-14,235.03375885597285,0.010093742551521179
1981-01-15,236.77956904003688,0.007427912452073878
1981-01-16,231.51735419269446,-0.022224108560872688
1981-01-19,240.4865809569655,0.03874105591585956
1981-01-20,233.58858359059468,-0.028683502168485538
1981-01-21,232.03562806945945,-0.006648250943021594
1981-01-22,229.69178991613006,-0.010101199427131837
1981-01-23,230.55331106577336,0.003750770325564904
1981-01-26,227.09557906873584,-0.014997537797455721
1981-01-27,229.45726244502683,0.010399512777728616
1981-01-28,229.82886891945634,0.0016195019084154852
1981-01-29,230.94590328061224,0.004860287423453945
1981-01-30,230.71145375996113,-0.0010151707275198613
1981-02-02,219.4883622589669,-0.04864557575312686
1981-02-03,220.48934441020177,0.004560524945071384
1981-02-04,222.7225419107883,0.010128369271359607
1981-02-05,226.5917538799705,0.017372341102015604
1981-02-06,230.1698548269927,0.015790958345808015
1981-02-09,227.77051791624652,-0.01042420134708617
1981-02-10,227.16840049048696,-0.002643526612961191
1981-02-11,225.04278919540377,-0.009356984908524768
1981-02-12,222.21525015075255,-0.012564450764054779
1981-02-13,220.50261823045454,-0.007707085445918459
1981-02-17,220.43595510947782,-0.0003023234894520406
1981-02-18,222.07271075179636,0.0074250847213453725
1981-02-19,217.46553984358601,-0.020746227182139598
1981-02-20,216.38317597141236,-0.004977174190228762
1981-02-23,217.91640724096,0.007085723105155918
1981-02-24,219.83596001356588,0.008808665657209225
1981-02-25,219.88167537537313,0.00020795215580031535
1981-02-26,224.6652719601775,0.021755321704903442
1981-02-27,228.90319742032145,0.018863286805159238
1981-03-02,231.11955521019433,0.009682511274856167
1981-03-03,229.39974865041847,-0.007441198812501025
1981-03-04,230.25440110685062,0.0037256032818700053
1981-03-05,230.8786660773698,0.0027111966916517037
1981-03-06,232.75626817347742,0.008132419196663352
1981-03-09,233.12364183593252,0.0015783620580360298
1981-03-10,230.46605407688187,-0.011399906668071927
1981-03-11,228.38031972250891,-0.009050071875995885
1981-03-12,234.09562696736444,0.025025392957676282
1981-03-13,237.5233128519594,0.014642246542575524
1981-03-16,240.28824343247845,0.011640670329662987
1981-03-17,239.6237507261261,-0.0027653983268601965
1981-03-18,241.46050561266475,0.007665162075849134
1981-03-19,242.45148209773828,0.00410409347300553
1981-03-20,246.74089484191137,0.017691839649979765
1981-03-23,249.6947424235585,0.011971455252846062
1981-03-24,249.81034295772122,0.0004629674339182409
1981-03-25,253.6063256022589,0.015195458280845134
1981-03-26,254.06141553713817,0.0017944739106902348
1981-03-27,252.26145551676723,-0.007084743728462145
1981-03-30,253.06752313604355,0.0031953657669383613
1981-03-31,255.23915063374187,0.008581217656012243
1981-04-01,257.9779909032443,0.010730486536654133
1981-04-02,259.412258643979,0.005559651564511426
1981-04-03,261.0213905901713,0.006202991156253291
1981-04-06,257.39264843265346,-0.013902087293739429
1981-04-07,258.50740128632776,0.00433094286283002
1981-04-08,260.9670395630691,0.009514769265801231
1981-04-09,263.6092420039489,0.010124659594190817
1981-04-10,266.58433318152004,0.011285989652542475
1981-04-13,264.3062094134036,-0.008545602590101141
1981-04-14,261.90652264809466,-0.009079191785296122
1981-04-15,260.3776557928789,-0.005837452384758009
1981-04-16,269.69463340787456,0.03578255433103283
1981-04-20,271.62843806413775,0.007170349041905495
1981-04-21,269.4971956701587,-0.007846168130141907
1981-04-22,270.5582712919254,0.0039372417925466995
1981-04-23,272.5429261280105,0.0073354062568789175
1981-04-24,276.30932575491397,0.013819473065811409
1981-04-27,276.859708249408,0.001991907051961894
1981-04-28,271.10839637829736,-0.020773379801186702
1981-04-29,267.5120232369748,-0.013265443598818876
1981-04-30,268.71642779731553,0.00450224459359642
1981-05-01,268.48497427803164,-0.0008613299945266364
1981-05-04,259.910506637586,-0.03193648979240911
1981-05-05,255.51738010958246,-0.01690245840707493
1981-05-06,256.4775023982153,0.0037575615726064206
1981-05-07,260.4639016217598,0.015542880705985508
1981-05-08,263.2607409133898,0.01073791521287829
1981-05-11,257.99368770212,-0.020006983164279096
1981-05-12,258.7145164621248,0.002793978280728368
1981-05-13,260.23731591696026,0.00588602246081695
1981-05-14,263.5657266511638,0.012789905715387913
1981-05-15,266.7427670085948,0.01205407242359679
1981-05-18,267.55608950040534,0.0030490892065475166
1981-05-19,265.4511280442025,-0.007867365157464092
1981-05-20,269.0787956553087,0.01366604707176877
1981-05-21,270.7764308884336,0.0063090635922852505
1981-05-22,272.87570157323916,0.007752782167627025
1981-05-26,275.05417267010864,0.00798338248627374
1981-05-27,279.79023796158225,0.017218663674496863
1981-05-28,282.57547715641914,0.009954740433865105
1981-05-29,282.89346338251926,0.001125314302925505
1981-06-01,281.49302760261617,-0.004950399924969141
1981-06-02,272.74781492694876,-0.031067244365331263
1981-06-03,270.92498966398216,-0.006683189243715248
1981-06-04,272.7972347505844,0.006910566237999258
1981-06-05,276.73671439938516,0.014441054185914298
1981-06-08,275.3308181961035,-0.005080266296913083
1981-06-09,273.17651273667315,-0.00782442544407045
1981-06-10,274.0609550686872,0.0032376221628781605
1981-06-11,278.80130093789444,0.01729668448400167
1981-06-12,279.7688324608011,0.0034703264283627183
1981-06-15,280.0129701634542,0.0008726408174411244
1981-06-16,273.9487874689205,-0.021656792151427084
1981-06-17,273.93901815988886,-3.5661077830913646e-05
1981-06-18,269.1361444192086,-0.01753263836945262
1981-06-19,271.1452938210741,0.007465178659675017
1981-06-22,268.5239218704048,-0.00966777595040649
1981-06-23,269.98906389481255,0.005456281191642917
1981-06-24,268.7729853128752,-0.0045041771855289904
1981-06-25,270.0171409098133,0.004629020269614416
1981-06-26,271.0421553557905,0.00379610880451318
1981-06-29,266.993245484784,-0.014938303105255474
1981-06-30,260.86698499726856,-0.02294537630115642
1981-07-01,258.07830173086944,-0.010690058254892977
1981-07-02,253.59799185797712,-0.017360273385418148
1981-07-06,244.4671654702623,-0.03600512102173257
1981-07-07,241.8432248449921,-0.010733304900978131
1981-07-08,242.7686972887653,0.003826745381709191
1981-07-09,246.39772943253718,0.014948517598441687
1981-07-10,247.51853796544177,0.0045487778458262445
1981-07-13,248.04248241316557,0.0021167887142132333
1981-07-14,245.66054577497547,-0.009602938234679028
1981-07-15,247.8322865524792,0.008840413386906098
1981-07-16,250.53010226038836,0.010885650717417414
1981-07-17,252.2018401048134,0.006672802307355159
1981-07-20,238.95356175733536,-0.052530458707090194
1981-07-21,238.64947036028653,-0.0012725962099599632
1981-07-22,236.2491058921326,-0.010058117726094754
1981-07-23,236.7493939691614,0.0021176295044147116
1981-07-24,240.32396868244257,0.015098559085421853
1981-07-27,243.38349286271134,0.012730832455215897
1981-07-28,242.12318834567546,-0.005178266209478669
1981-07-29,242.1414126648855,7.526878914226282e-05
1981-07-30,244.57002567009155,0.01002973005929857
1981-07-31,248.2210275310243,0.01492824744540729
1981-08-03,245.1065797913403,-0.012547074559566582
1981-08-04,244.30889530691968,-0.003254439293713236
1981-08-05,246.41993784187474,0.008640874628420806
1981-08-06,247.8387787703905,0.005757817086319482
1981-08-07,248.3947975595692,0.002243469694037921
1981-08-10,245.5871141581538,-0.011303310008906577
1981-08-11,247.4451274387766,0.007565597596567265
1981-08-12,248.02364335689228,0.00233795639503467
1981-08-13,248.90689666253618,0.0035611657569796225
1981-08-14,248.26770775695223,-0.002567983909463726
1981-08-17,242.25671997721224,-0.024211718205513023
1981-08-18,236.08098979328628,-0.025492503095505045
1981-08-19,236.48733623170898,0.0017212162604811735
1981-08-20,238.1264328660048,0.006931012291879586
1981-08-21,235.2822591031656,-0.011943964929082972
1981-08-24,221.40970677382157,-0.05896131898011592
1981-08-25,214.76855363512445,-0.029994859915881196
1981-08-26,214.7676293024149,-4.3038549820704485e-06
1981-08-27,212.55181230707564,-0.010317276409561501
1981-08-28,214.06311395258064,0.007110274097882543
1981-08-31,209.96460841609783,-0.019146248322776036
1981-09-01,208.6557736296261,-0.006233597158802766
1981-09-02,209.06197918331924,0.0019467736100806977
1981-09-03,201.721842002512,-0.035109861723689725
1981-09-04,196.70052441766603,-0.024892285014844664
1981-09-08,186.41752057504914,-0.05227746023077388
1981-09-09,186.31981297041963,-0.0005241331626346193
1981-09-10,191.8691238667098,0.0297837938317983
1981-09-11,196.4341831783198,0.02379256870314025
1981-09-14,195.85961010838238,-0.0029250157006321153
1981-09-15,195.67540103687776,-0.0009405158695184407
1981-09-16,192.02292895710758,-0.018665974672421017
1981-09-17,187.6494162699901,-0.022775991965492893
1981-09-18,184.6816053778916,-0.015815721418650203
1981-09-21,184.79176716448998,0.0005964957169012717
1981-09-22,182.43015057392384,-0.012779879898350447
1981-09-23,175.86363690277201,-0.03599467330643321
1981-09-24,176.591188310333,0.00413702013886591
1981-09-25,166.21881689598555,-0.05873663070956591
1981-09-28,165.8945438798848,-0.0019508803043862288
1981-09-29,172.44023503498448,0.03945694054796074
1981-09-30,175.32381289817974,0.01672218703836871
1981-10-01,177.33445161517838,0.011468143909044104
1981-10-02,183.70384585968432,0.0359174102183354
1981-10-05,186.60315623030826,0.01578252407866543
1981-10-06,186.46544553113313,-0.0007379869770539168
1981-10-07,192.24672019161773,0.031004536223947915
1981-10-08,196.7294740021031,0.02331771281204319
1981-10-09,197.20451652991582,0.0024146993236388555
1981-10-12,197.04311459786987,-0.0008184494700528283
1981-10-13,198.3010554840481,0.006384089536675634
1981-10-14,193.09446633653525,-0.026255983029458422
1981-10-15,193.8913062711978,0.004126684465798129
1981-10-16,194.62825522790925,0.003800835482951729
1981-10-19,193.48692775581497,-0.005864140696106996
1981-10-20,196.4045899380598,0.01507937624564971
1981-10-21,198.70639876681565,0.011719730325456246
1981-10-22,198.74855101501277,0.00021213332061129447
1981-10-23,197.61325279816757,-0.005712233931000811
1981-10-26,195.57735998894466,-0.010302410290782767
1981-10-27,198.79370366981206,0.01644537834567962
1981-10-28,201.08573948791974,0.01152972038749592
1981-10-29,199.6331362696921,-0.007223800265134647
1981-10-30,204.03833572046642,0.022066474199068556
1981-11-02,208.05116365257444,0.019667029325340268
1981-11-03,211.21471407288854,0.015205636751914175
1981-11-04,213.168584179368,0.009250634431676952
1981-11-05,213.7220229155625,0.0025962490595182255
1981-11-06,213.54941647085397,-0.000807621237876326
1981-11-09,213.24551670727243,-0.0014230887098819383
1981-11-10,213.13724102643232,-0.0005077512648893355
1981-11-11,213.39153062315066,0.0011930791423109383
1981-11-12,215.33125523093526,0.009089979354476427
1981-11-13,213.48655788799002,-0.00856678860190017
1981-11-16,206.89002971567024,-0.030899032883282416
1981-11-17,207.91770057424017,0.0049672323986916615
1981-11-18,207.68544399764485,-0.001117060144248753
1981-11-19,207.0329629310867,-0.003141679330042716
1981-11-20,209.65527936422265,0.012666178351554681
1981-11-23,208.21607871948115,-0.006864604836595931
1981-11-24,210.31819571462063,0.010095843741114514
1981-11-25,212.30341299997133,0.009439113333039676
1981-11-27,214.31693095776464,0.009484152559495508
1981-11-30,214.8654166071208,0.0025592268744471123
1981-12-01,214.2871400548494,-0.002691343080719083
1981-12-02,212.5591609513506,-0.008063848829456051
1981-12-03,211.53891736713933,-0.004799809990051542
1981-12-04,213.54795137705423,0.0094972312183488
1981-12-07,210.86327795077142,-0.012571759218343276
1981-12-08,207.4619237018115,-0.016130614500615058
1981-12-09,207.73316563710466,0.0013074299633075766
1981-12-10,208.989257104069,0.006046658284496786
1981-12-11,208.33661012802065,-0.0031228733241697062
1981-12-14,201.91435152696343,-0.03082635642919799
1981-12-15,200.7996773692836,-0.00552052961689052
1981-12-16,200.5938514053812,-0.0010250313476542607
1981-12-17,201.7865529147479,0.00594585278168052
1981-12-18,204.42595478485163,0.013080167295483046
1981-12-21,202.90908439015746,-0.007420145823902827
1981-12-22,201.33803737419336,-0.0077426154707951125
1981-12-23,200.88502390855112,-0.0022500143120016127
1981-12-24,201.33712123845808,0.002250527795007657
1981-12-28,199.93707717598554,-0.006953730409278973
1981-12-29,197.3550887322608,-0.012914005146989552
1981-12-30,198.82101789604678,0.0074278761860289665
1981-12-31,201.17029333294295,0.011816031633659884
1982-01-04,200.34916848290334,-0.004081740084161541
1982-01-05,193.7508108925163,-0.03293428987178497
1982-01-06,191.33409573728898,-0.012473316339140346
1982-01-07,191.03505431026537,-0.0015629280597966408
1982-01-08,193.0564862645524,0.010581471351346712
1982-01-11,186.40500072446847,-0.03445357195079762
1982-01-12,183.4447577431468,-0.015880705827722507
1982-01-13,180.29335346767087,-0.017179036971382976
1982-01-14,180.56743387499506,0.0015201914105687005
1982-01-15,183.3089356451709,0.015182703277899732
1982-01-18,182.98215447291176,-0.0017826799937984551
1982-01-19,180.89248194195773,-0.011420089226588385
1982-01-20,180.00070802103843,-0.004929856184987406
1982-01-21,181.2823332003644,0.00712011187853869
1982-01-22,180.13687910494576,-0.006318619554353503
1982-01-25,175.54885554119582,-0.025469651670144852
1982-01-26,175.30282045828656,-0.001401519150613422
1982-01-27,175.57313481421056,0.0015419852071823145
1982-01-28,180.60665511263892,0.0286690802881362
1982-01-29,184.7792156587394,0.023103027645898146
1982-02-01,181.587012329509,-0.01727577053431122
1982-02-02,182.7943435357648,0.006648775101079068
1982-02-03,182.6987771892823,-0.0005228080072607393
1982-02-04,182.09637760434416,-0.0032972283351083392
1982-02-05,184.14178415449115,0.011232549362355864
1982-02-08,177.02455114672733,-0.03865083115406659
1982-02-09,172.923319219301,-0.02316758834217867
1982-02-10,173.75993606378285,0.004838079955086055
1982-02-11,172.35719253891065,-0.008072882372362849
1982-02-12,172.83293686680955,0.0027602232369356777
1982-02-16,169.26490427135525,-0.020644401814475598
1982-02-17,170.2421867797078,0.0057736865923832285
1982-02-18,170.45188140712713,0.0012317430325932425
1982-02-19,169.0452888268283,-0.008252138777741917
1982-02-22,165.98546635759334,-0.018100607774816344
1982-02-23,163.02271374628677,-0.01784947005494887
1982-02-24,164.9919698281601,0.012079642380006785
1982-02-25,166.5476457767192,0.0094287979601635
1982-02-26,166.49531690697108,-0.00031419759495284204
1982-03-01,167.69312858295964,0.007194266470917291
1982-03-02,167.6777496467124,-9.170880391569009e-05
1982-03-03,163.6784654112783,-0.023851013291032345
1982-03-04,160.48223470792604,-0.019527496762148953
1982-03-05,156.22576319849793,-0.026523007466681927
1982-03-08,150.85047992585268,-0.034407150028228736
1982-03-09,148.49138536153131,-0.01563862816665177
1982-03-10,149.70373955527134,0.008164474934275232
1982-03-11,149.09361828044035,-0.00407552461043045
1982-03-12,145.80259820673805,-0.02207351402198852
1982-03-15,145.17657290449662,-0.004293649838487616
1982-03-16,145.76962157820077,0.0040850163482938715
1982-03-17,145.60147106939147,-0.0011535360179220076
1982-03-18,148.91334115555048,0.022746130666362697
1982-03-19,151.73660076223177,0.0189590777076997
1982-03-22,155.30167964857833,0.023495180915071297
1982-03-23,157.27143505515411,0.012683413412095782
1982-03-24,157.04178072081072,-0.001460241869496791
1982-03-25,158.78838369309818,0.011121899944528644
1982-03-26,157.6183114173117,-0.007368752351859437
1982-03-29,158.06223367522128,0.0028164383561645138
1982-03-30,157.8860858599713,-0.0011144206377084514
1982-03-31,158.26809728155297,0.0024195382354367254
1982-04-01,161.22747081360822,0.018698484299022378
1982-04-02,163.46802637872435,0.013896859845344776
1982-04-05,162.72776631318965,-0.0045284700741394755
1982-04-06,163.55311116484134,0.0050719362180834705
1982-04-07,165.77169105422948,0.0135648895553694
1982-04-08,168.0231906222313,0.0135819303868069
1982-04-12,167.4046118727572,-0.0036815081726717675
1982-04-13,167.1300553631308,-0.0016400773345186953
1982-04-14,166.44895394238628,-0.004075277898189317
1982-04-15,167.72532128375505,0.007668220863740444
1982-04-16,169.78417903299328,0.012275175468318843
1982-04-19,169.90449714324686,0.0007086532499013974
1982-04-20,169.06883417287543,-0.00491842761328963
1982-04-21,169.74079175344977,0.003974461549118206
1982-04-22,172.20147136611246,0.014496689848347366
1982-04-23,174.54808894651973,0.013627163355754267
1982-04-26,176.08424240783245,0.008800746376452007
1982-04-27,174.00149274063912,-0.011828143385876832
1982-04-28,174.28648698775464,0.0016378839205727273
1982-04-29,172.85603076557084,-0.008207499312808517
1982-04-30,173.853522684168,0.0057706515310997596
1982-05-03,174.2560702257426,0.002315440811089549
1982-05-04,176.0672134453625,0.01039357318958043
1982-05-05,175.89895828346923,-0.0009556302880063506
1982-05-06,178.49402125960015,0.01475314579151096
1982-05-07,180.0972295782616,0.008981860049697334
1982-05-10,178.91551272360456,-0.0065615493221315435
1982-05-11,180.0620257921475,0.006408125550935919
1982-05-12,179.77674953283545,-0.0015843221693027621
1982-05-13,178.9755382724849,-0.004456701227675867
1982-05-14,180.00742186525304,0.005765500708801574
1982-05-17,177.37312866666716,-0.014634358801926556
1982-05-18,175.2682894328317,-0.01186673116529977
1982-05-19,171.64834409307244,-0.020653738057656544
1982-05-20,169.39222362335414,-0.013143852226707052
1982-05-21,168.7645633193356,-0.0037053666962549936
1982-05-24,167.38508031865177,-0.008174008651766377
1982-05-25,166.2641687913853,-0.006696603575017583
1982-05-26,161.89760445053489,-0.02626281039740564
1982-05-27,161.1583586207522,-0.004566131983803033
1982-05-28,161.43287744669922,0.0017034104113273988
1982-06-01,159.16808954742754,-0.014029285329560227
1982-06-02,159.96145495846716,0.004984450170228574
1982-06-03,158.63364428453178,-0.008300816432809523
1982-06-04,154.51695771461954,-0.025950904604627074
1982-06-07,152.74363753269196,-0.011476540880404451
1982-06-08,151.67604818482604,-0.006989419429253984
1982-06-09,147.54878365760743,-0.027211049975334918
1982-06-10,148.26118833053314,0.004828265304977714
1982-06-11,152.00319490991623,0.025239286299531413
1982-06-14,149.45837288962687,-0.016741898233109627
1982-06-15,147.7611529137516,-0.011355803914235447
1982-06-16,148.16276648988674,0.0027179916251029255
1982-06-17,145.38449190855388,-0.01875150314179972
1982-06-18,143.04392968941244,-0.01609911888410799
1982-06-21,142.10800222931687,-0.006542937278972399
1982-06-22,143.8555413197451,0.01229726027397274
1982-06-23,146.90686741813587,0.021211043178438763
1982-06-24,147.3241839408485,0.002840687641407823
1982-06-25,146.19231129520838,-0.007682870628318359
1982-06-28,147.11528385928008,0.00631341385805112
1982-06-29,146.1566887835408,-0.006515944846738124
1982-06-30,147.44694970826458,0.008827929364455336
1982-07-01,146.21200247438318,-0.00837553598989216
1982-07-02,145.239609184022,-0.006650570910083469
1982-07-06,143.7040207650645,-0.010572793658593711
1982-07-07,141.73867795824853,-0.013676324408688859
1982-07-08,139.55114242361176,-0.015433582182000754
1982-07-09,141.64790922627537,0.01502507801977574
1982-07-12,142.87651045134268,0.008673627671444806
1982-07-13,143.6937178876958,0.005719676619841718
1982-07-14,143.42700506111362,-0.001856120298805506
1982-07-15,144.07602850036585,0.004525113237745497
1982-07-16,145.0151970369627,0.006518562084007308
1982-07-19,144.77361291589867,-0.001665922786026761
1982-07-20,146.00397668712415,0.008498536069139974
1982-07-21,147.18801310442214,0.008109617588261422
1982-07-22,148.05053282542835,0.005859986168807747
1982-07-23,148.10656297613974,0.000378452881202771
1982-07-26,146.88057641283393,-0.00827773286119212
1982-07-27,145.5828873974601,-0.008834994027572813
1982-07-28,141.56222959839357,-0.027617653907973428
1982-07-29,140.23872718696487,-0.009349262265672348
1982-07-30,139.79192193470598,-0.0031860332821133162
1982-08-02,141.41096425887184,0.0115818017361695
1982-08-03,140.7103888870601,-0.004954180006362441
1982-08-04,138.3195150689365,-0.01699145199607558
1982-08-05,135.9496072197881,-0.017133575460897676
1982-08-06,133.3536962140741,-0.019094656165627787
1982-08-09,129.66953556821457,-0.027626985606348076
1982-08-10,129.54682587744833,-0.000946326291896802
1982-08-11,128.6372147727923,-0.007021485076882628
1982-08-12,127.12288945856127,-0.011772062360847409
1982-08-13,125.98367787729671,-0.008961498484786369
1982-08-16,126.76203756033294,0.006178258137489261
1982-08-17,130.8643601248086,0.03236239053449357
1982-08-18,135.20857577400264,0.033196323621273664
1982-08-19,135.06643424316835,-0.001051276000953412
1982-08-20,138.38049556150133,0.02453652779762068
1982-08-23,143.1366634676071,0.03437021877112705
1982-08-24,147.06774710127323,0.027463848453864223
1982-08-25,151.64900787407626,0.03115068302262286
1982-08-26,157.2358557531677,0.036840649058057444
1982-08-27,156.19792248337322,-0.006601123292284266
1982-08-30,158.53032005804332,0.014932321362458298
1982-08-31,156.2483919062727,-0.014394269505890867
1982-09-01,155.495743572405,-0.0048169989123421405
1982-09-02,159.48097252843758,0.02562918356782474
1982-09-03,163.81773781748936,0.027192995003077872
1982-09-07,161.57923878186173,-0.013664570549262194
1982-09-08,163.1722775455041,0.009859179778616528
1982-09-09,164.89846588142484,0.010578931433002453
1982-09-10,164.32370334236856,-0.003485554192296603
1982-09-13,164.99823313986005,0.0041048843457848205
1982-09-14,168.03199846173382,0.01838665338496209
1982-09-15,171.11098389292152,0.01832380415262924
1982-09-16,171.9763453073593,0.005057310727517868
1982-09-17,171.5916340564341,-0.0022370009679973943
1982-09-20,170.36545428897716,-0.007145918122404721
1982-09-21,173.82981785949252,0.020334894682574715
1982-09-22,175.10817440116398,0.007354069384717193
1982-09-23,174.20001007683064,-0.005186304565386943
1982-09-24,175.01648133043548,0.004686975926377684
1982-09-27,174.96570862404525,-0.00029010242923565416
1982-09-28,175.6722450666406,0.004038142377450187
1982-09-29,174.1869430018418,-0.008454961478037565
1982-09-30,173.0228274195366,-0.006683139173599746
1982-10-01,174.92405544071045,0.010988307436242606
1982-10-04,173.55694936239732,-0.007815426385289169
1982-10-05,174.90637806835105,0.007775134968154074
1982-10-06,180.81942078730026,0.03380690163647702
1982-10-07,187.58303350499165,0.037405344449407685
1982-10-08,192.53212794904118,0.026383486563660154
1982-10-11,200.41979302756693,0.040968046021978406
1982-10-12,200.08196291017964,-0.001685612544968682
1982-10-13,205.99951774197586,0.029575653625773066
1982-10-14,205.31516588804914,-0.003322104155524821
1982-10-15,204.49176915209458,-0.004010403870523236
1982-10-18,208.66806147364437,0.020422789332139913
1982-10-19,210.38308847026244,0.008218924278618808
1982-10-20,216.87054481927126,0.03083639657626679
1982-10-21,224.19626378176383,0.03377922515294757
1982-10-22,226.2642900987126,0.00922417832512055
1982-10-25,214.83920618733504,-0.050494419187372026
1982-10-26,214.79564974553267,-0.00020273972602739726
1982-10-27,219.41801373324444,0.02151982124958237
1982-10-28,218.69107898966593,-0.0033130130530772007
1982-10-29,220.21567747742375,0.006971470874812655
1982-11-01,223.99659139640136,0.01716914055478725
1982-11-02,230.48771886124095,0.0289786885790257
1982-11-03,241.28497900640332,0.04684527313866366
1982-11-04,246.08840510430818,0.01990768806945656
1982-11-05,250.45697086201156,0.01775201784030308
1982-11-08,249.6647885800908,-0.0031629476280667047
1982-11-09,257.2118034395572,0.030228591313930162
1982-11-10,257.65130760544156,0.0017087247163897264
1982-11-11,260.08154140732506,0.00943225875494143
1982-11-12,262.47774896821244,0.009213293446052798
1982-11-15,254.93835139603246,-0.028723949370249423
1982-11-16,245.17112854522935,-0.03831209701215284
1982-11-17,251.1806815177026,0.024511666639265763
1982-11-18,254.5045668109515,0.01323304512578381
1982-11-19,254.74157289630932,0.0009312449215650265
1982-11-22,246.54718957713794,-0.03216743630026522
1982-11-23,245.14320973821893,-0.0056945684164034505
1982-11-24,248.81687305102184,0.014985784500112925
1982-11-26,252.57632933008304,0.015109330138918329
1982-11-29,251.8703625457504,-0.002795063124898147
1982-11-30,260.46531462813994,0.03412450752647942
1982-12-01,267.7675613986605,0.028035390358773095
1982-12-02,269.05444207852696,0.00480596183176371
1982-12-03,271.23271100136327,0.008096015460694508
1982-12-06,275.93977507571225,0.017354337745513655
1982-12-07,279.0204276702955,0.011164220865723313
1982-12-08,279.0798036404217,0.000212801516440776
1982-12-09,270.9998236541777,-0.028952220407373302
1982-12-10,263.20007088706933,-0.028781394253088725
1982-12-13,261.86945912471367,-0.005055514452830806
1982-12-14,257.3271129222513,-0.017345841770342315
1982-12-15,244.72728402431935,-0.04896424925786516
1982-12-16,244.48248481659866,-0.0010002938932479513
1982-12-17,251.6503535616942,0.029318536869717395
1982-12-20,249.18887869520196,-0.009781328862265227
1982-12-21,250.5380499985592,0.005414251672954654
1982-12-22,256.01286324704563,0.02185222264050491
1982-12-23,258.81982867362575,0.010964157780897989
1982-12-27,260.54832794922015,0.006678388145345721
1982-12-28,258.26095618544883,-0.008779069057073709
1982-12-29,258.36430932342785,0.00040018878387804293
1982-12-30,256.1094860582339,-0.008727301658261513
1982-12-31,258.56018891151746,0.00956896556625897
1983-01-03,254.36767335544556,-0.016214853391473324
1983-01-04,256.63968660099124,0.008932004667003555
1983-01-05,259.0100330093509,0.009236086747740384
1983-01-06,267.60095309509103,0.03316829076435822
1983-01-07,272.0554012197216,0.016645860461669316
1983-01-10,277.2487244372668,0.019089211955585692
1983-01-11,276.993061618292,-0.0009221424534727851
1983-01-12,281.6598337664847,0.016847974894850237
1983-01-13,282.95562654464237,0.004600559337232058
1983-01-14,287.90325271139506,0.01748551964550551
1983-01-17,291.2917903992926,0.011769709636779601
1983-01-18,290.2035815676502,-0.003735803299333397
1983-01-19,286.6237499402743,-0.0123355873419549
1983-01-20,288.4204941739091,0.006268650919573789
1983-01-21,283.63314650330807,-0.01659850033997381
1983-01-24,266.6501112162823,-0.05987676509743794
1983-01-25,272.14526396190814,0.02060810220764776
1983-01-26,277.19486804038894,0.018554811518555564
1983-01-27,286.35440374611153,0.03304366985750988
1983-01-28,289.7810327182498,0.011966391741529964
1983-01-31,292.9616779365032,0.010976029688409182
1983-02-01,292.43853666306563,-0.0017856986522003218
1983-02-02,292.69374335287426,0.0008726848818240919
1983-02-03,295.37751674068755,0.009169220213148628
1983-02-04,300.5598040968792,0.01754462361717651
1983-02-07,301.28577222402237,0.002415386612739517
1983-02-08,299.03333678780626,-0.007476076349670135
1983-02-09,299.6478857851604,0.00205511868327306
1983-02-10,307.67726579302115,0.02679605092764663
1983-02-11,312.1400749586275,0.014504838874278574
1983-02-14,316.9141387784559,0.015294619956957155
1983-02-15,317.81428793333157,0.0028403565658046354
1983-02-16,317.783184624691,-9.786630060848692e-05
1983-02-17,317.5558225200674,-0.0007154629811268549
1983-02-18,323.11569439702845,0.017508329190247154
1983-02-22,317.6709005248357,-0.01685091119561176
1983-02-23,319.6008826968372,0.0060754137971495105
1983-02-24,325.2487965533259,0.0176717717699363
1983-02-25,325.5142402705774,0.0008161251327118094
1983-02-28,320.95248275729284,-0.01401400291886664
1983-03-01,323.72819154762885,0.008648348087199775
1983-03-02,327.57870923064894,0.011894292136289269
1983-03-03,332.0233913754252,0.013568287619225948
1983-03-04,333.7930770341327,0.005330002959660433
1983-03-07,332.2371083432448,-0.004661476818852005
1983-03-08,326.59554794722834,-0.01698052461433055
1983-03-09,331.2543733411215,0.014264815987773294
1983-03-10,333.74583756818777,0.00752130213991339
1983-03-11,333.93827046028616,0.0005765851448530939
1983-03-14,329.14611050640605,-0.014350436526112446
1983-03-15,328.8643582413752,-0.0008560097052258532
1983-03-16,329.82729069311364,0.002928053550368899
1983-03-17,328.14944903705117,-0.005087031011098498
1983-03-18,330.5778869196352,0.007400402132961963
1983-03-21,333.79723889520346,0.009738558152109122
1983-03-22,336.62100915704445,0.008459537506023226
1983-03-23,340.9409691402167,0.012833304712591012
1983-03-24,343.6922777444014,0.008069750640772021
1983-03-25,344.9541481072104,0.003671512118603443
1983-03-28,340.3415080441435,-0.013371748356634742
1983-03-29,339.3209012050512,-0.002998772747284034
1983-03-30,344.28622868398196,0.014633131826825572
1983-03-31,344.3276794117931,0.0001203961249614474
1983-04-04,338.8224619304126,-0.015988309423119674
1983-04-05,339.0153105067907,0.0005691729387695762
1983-04-06,333.0036765078985,-0.017732632753091594
1983-04-07,333.62020818818957,0.0018514260465722244
1983-04-08,336.96379237716855,0.010022127278012348
1983-04-11,343.5989907937499,0.01969113170816435
1983-04-12,348.41096226409985,0.014004614679553544
1983-04-13,356.5259286367817,0.023291363509195872
1983-04-14,363.9059408715567,0.020699791072681193
1983-04-15,371.1253110269154,0.01983856086017251
1983-04-18,372.5909688801922,0.003949226338729731
1983-04-19,371.54881574068986,-0.0027970434780920767
1983-04-20,379.26116942277037,0.020757309283050182
1983-04-21,384.6011852544304,0.01408004895356799
1983-04-22,389.11946259293893,0.011747954795093888
1983-04-25,383.6018712745385,-0.014179684772469052
1983-04-26,387.63067993955724,0.01050257823725639
1983-04-27,389.7693166325127,0.005517201820271224
1983-04-28,394.8542966193387,0.013046126952112654
1983-04-29,400.81306539990845,0.015091057211704407
1983-05-02,393.70943583225494,-0.017723048924480254
1983-05-03,391.22843979036946,-0.006301591519240333
1983-05-04,400.7768873965594,0.024406322841218395
1983-05-05,411.9423094564995,0.027859446018632772
1983-05-06,423.841069696139,0.028884530592010037
1983-05-09,426.45681295011786,0.006171519092885771
1983-05-10,431.1448302490719,0.010992947366753481
1983-05-11,426.9610504202241,-0.009703884948430889
1983-05-12,424.800059291407,-0.005061330832613916
1983-05-13,429.22464828453263,0.010415697682589993
1983-05-16,417.27060947404846,-0.02785030836011034
1983-05-17,421.1529942211446,0.009304237247837027
1983-05-18,428.04671397386386,0.016368682752613776
1983-05-19,426.02553264919857,-0.004721870904932819
1983-05-20,428.0331027172916,0.0047123233567932365
1983-05-23,428.65432407508604,0.001451339519889172
1983-05-24,438.4541576801049,0.02286185640647414
1983-05-25,443.51285811299834,0.011537581168483954
1983-05-26,449.83341245212625,0.01425111859444125
1983-05-27,451.66153032922483,0.004063988637778536
1983-05-31,441.7344998477931,-0.021978915215993176
1983-06-01,439.42509978380167,-0.0052280273892737015
1983-06-02,446.48285286856026,0.016061333520163163
1983-06-03,456.1843089817399,0.021728619701405823
1983-06-06,460.6831631135164,0.009861922129278201
1983-06-07,456.7766279967023,-0.008479873869085781
1983-06-08,451.81150477033833,-0.010869915232177368
1983-06-09,452.4553283521319,0.0014249827084877674
1983-06-10,459.609847428766,0.015812652936791117
1983-06-13,467.56223824784064,0.017302481362319308
1983-06-14,473.3313424547491,0.012338687205638871
1983-06-15,479.16437934276235,0.012323369202137405
1983-06-16,492.35259020981636,0.027523354063053382
1983-06-17,491.0901772634933,-0.0025640424594599426
1983-06-20,486.3747797705892,-0.00960189739322359
1983-06-21,490.2749585182323,0.008018875381414107
1983-06-22,496.89739260413376,0.013507591955984291
1983-06-23,495.41747181736287,-0.0029783227056494176
1983-06-24,498.8982656364129,0.0070259811513738125
1983-06-27,484.7724789605159,-0.02831396228222515
1983-06-28,459.3683598066512,-0.0524042107512747
1983-06-29,460.36411764432745,0.0021676674425190816
1983-06-30,467.44577719466423,0.015382735706191456
1983-07-01,475.8122875594827,0.017898354788932747
1983-07-05,462.3697631811062,-0.028251738615926374
1983-07-06,459.6354572921482,-0.005913677983927719
1983-07-07,470.57205501845436,0.023794068870876404
1983-07-08,469.1369048416701,-0.003049798987166743
1983-07-11,472.73673834425506,0.007673311277440034
1983-07-12,461.01529518303755,-0.024794864055354558
1983-07-13,454.12692625291146,-0.014941736211574512
1983-07-14,456.64581597878157,0.005546664556215374
1983-07-15,448.9814028394459,-0.01678415277474443
1983-07-18,441.3407817221489,-0.01701767839152406
1983-07-19,443.76685172336425,0.0054970446912896475
1983-07-20,459.63322293938546,0.03575384496251647
1983-07-21,466.89504667809643,0.015799170678462076
1983-07-22,470.9662158692718,0.008719666700560106
1983-07-25,470.04334669595676,-0.0019595230872594903
1983-07-26,469.66771982947927,-0.0007991323972946111
1983-07-27,453.9289278346485,-0.033510482688793204
1983-07-28,434.91654237149345,-0.0418840578278383
1983-07-29,422.1229670654254,-0.029416161630246983
1983-08-01,416.679584114093,-0.01289525417006921
1983-08-02,419.6412469658031,0.007107770489900313
1983-08-03,421.45020100593496,0.00431071552954215
1983-08-04,409.8366774460944,-0.027556099230990644
1983-08-05,411.1324177044376,0.0031616015101859855
1983-08-08,396.48165964990034,-0.03563513219497491
1983-08-09,394.6108532147765,-0.004718519481520914
1983-08-10,400.9518823790334,0.016069069344135975
1983-08-11,403.34159875660947,0.00596010764034013
1983-08-12,408.7471930282567,0.01340202520223836
1983-08-15,414.5085922867136,0.014095263176666498
1983-08-16,409.1614349912092,-0.012899991447718463
1983-08-17,411.79162009446134,0.006428233157674409
1983-08-18,408.81765947357604,-0.007222003741123044
1983-08-19,406.89142157001646,-0.00471172871064318
1983-08-22,405.75265755641203,-0.0027986926075030867
1983-08-23,391.8287742514429,-0.03431618510849388
1983-08-24,384.2881310124688,-0.019244740903421143
1983-08-25,380.70642661082417,-0.00932036176138998
1983-08-26,382.69103938927424,0.0052129741967262165
1983-08-29,379.98543917873286,-0.007069933528778559
1983-08-30,381.23210839877197,0.003280834188629796
1983-08-31,387.89933615328863,0.017488631223954137
1983-09-01,393.4823784766211,0.014393018505002625
1983-09-02,402.23027601022125,0.02223199312626884
1983-09-06,411.07761809966166,0.021995713940776446
1983-09-07,409.72286757065234,-0.003295607616080189
1983-09-08,412.45745901637537,0.006674246575342662
1983-09-09,413.58794981897097,0.0027408664284835488
1983-09-12,409.34747545402354,-0.01025289631093819
1983-09-13,401.5723047886979,-0.01899406038036963
1983-09-14,402.6072593717954,0.0025772558783457617
1983-09-15,399.43294534337383,-0.007884393424436984
1983-09-16,402.2661268865378,0.007093009167604953
1983-09-19,411.6573449521415,0.023345783892593425
1983-09-20,415.7587236135342,0.009963088747680444
1983-09-21,415.41183482624893,-0.0008343511935727758
1983-09-22,418.9006432024019,0.008398432792874585
1983-09-23,416.2139918793518,-0.006413576504708267
1983-09-26,416.43407678546754,0.0005287782496739172
1983-09-27,408.1632732993222,-0.019861015097489557
1983-09-28,405.32350412454934,-0.006957434341943703
1983-09-29,403.9815142788104,-0.003310910500089372
1983-09-30,396.7838480970703,-0.017816820639898277
1983-10-03,391.1985089162769,-0.014076528587491772
1983-10-04,391.58144613052946,0.0009788820906126599
1983-10-05,390.87533245320844,-0.0018032357873402247
1983-10-06,394.0180859330476,0.008040296275834477
1983-10-07,398.15864378692146,0.010508547708080239
1983-10-10,398.1102061043136,-0.00012165422844316132
1983-10-11,392.6595565931931,-0.013691308154235957
1983-10-12,382.4357111573389,-0.026037429279854248
1983-10-13,379.35218703540636,-0.008062856140189178
1983-10-14,378.24087099853483,-0.002929510030128906
1983-10-17,377.129347527681,-0.0029386656918367103
1983-10-18,361.25901504459966,-0.042081934453314956
1983-10-19,361.1957699731987,-0.0001750684931506849
1983-10-20,355.09605071319993,-0.01688757113753405
1983-10-21,350.5896602324184,-0.012690624048706176
1983-10-24,343.68199440290573,-0.01970299359351701
1983-10-25,348.0666859481558,0.012757990283627759
1983-10-26,346.13173741236653,-0.005559131666158581
1983-10-27,345.19911539895236,-0.002694413463458568
1983-10-28,341.75510859868467,-0.009976870294952584
1983-10-31,337.6400000626536,-0.012041103212485842
1983-11-01,333.8669114256365,-0.011174886376960487
1983-11-02,339.04194551723987,0.015500290428618916
1983-11-03,336.7155749836072,-0.0068616009446371
1983-11-04,333.98018844885047,-0.008123730346865954
1983-11-07,328.7920820042774,-0.015534174253475638
1983-11-08,324.9750953232507,-0.0116091198357297
1983-11-09,328.366022182709,0.010434420693331543
1983-11-10,333.3491358309189,0.015175485012384254
1983-11-11,343.17845816642296,0.02948656912220021
1983-11-14,348.89267088078367,0.016650849079780042
1983-11-15,347.3586797736718,-0.004396742136311752
1983-11-16,349.838423593554,0.0071388566466742236
1983-11-17,353.0763614410999,0.00925552377662136
1983-11-18,353.0647624139039,-3.285132753892488e-05
1983-11-21,357.3227653759847,0.012060118752630133
1983-11-22,361.0474141383481,0.010423765635095209
1983-11-23,361.3394803198531,0.00080894134694762
1983-11-25,363.2437434444403,0.005270011245108314
1983-11-28,360.45736796748344,-0.007670814782755019
1983-11-29,363.3086371497468,0.007910142601164901
1983-11-30,363.3722332530945,0.00017504704497697682
1983-12-01,364.32621820487174,0.0026253655741295843
1983-12-02,358.76067343816993,-0.015276267500386452
1983-12-05,354.9835063542545,-0.010528375498120052
1983-12-06,353.81553145280463,-0.003290223011894695
1983-12-07,354.0044780181105,0.0005340256390951289
1983-12-08,349.9777532071846,-0.01137478495602493
1983-12-09,349.7667973810502,-0.0006027692451911901
1983-12-12,348.1616365008241,-0.004589231717375787
1983-12-13,345.56353448398227,-0.007462344337974445
1983-12-14,339.30836606369957,-0.018101355600565
1983-12-15,336.6220920578188,-0.007916910617454231
1983-12-16,338.1768923362955,0.004618830181263465
1983-12-19,336.9455785649415,-0.003641034616077589
1983-12-20,334.2700592818411,-0.00794050865571686
1983-12-21,336.9391808616815,0.007984925678282084
1983-12-22,338.29821559367565,0.004033471941489841
1983-12-23,339.04734917293337,0.002214417767303614
1983-12-27,339.1532125644746,0.000312237779765716
1983-12-28,338.82416242225605,-0.0009702108959265533
1983-12-29,339.9654368049492,0.0033683382393221726
1983-12-30,343.6852220491084,0.010941657125848958
1984-01-03,341.02762415947154,-0.00773265103978522
1984-01-04,349.1615550188106,0.023851237504254132
1984-01-05,357.7375791005543,0.024561765058245446
1984-01-06,366.3403722274492,0.024047775882322917
1984-01-09,364.5067624109002,-0.005005208149459879
1984-01-10,365.3439579221175,0.0022967900668837277
1984-01-11,365.394414128883,0.0001381060386285614
1984-01-12,365.19082684984267,-0.0005571712953677311
1984-01-13,363.1336348437525,-0.005633197372003042
1984-01-16,361.48748899146113,-0.004533168217809632
1984-01-17,362.8511692664065,0.003772413476189692
1984-01-18,363.6605639155923,0.00223065189736673
1984-01-19,361.7610499300507,-0.0052233158445589905
1984-01-20,356.43225920760864,-0.014730139475967444
1984-01-23,345.6559447294468,-0.030233836022920294
1984-01-24,342.17876002376136,-0.010059669907911179
1984-01-25,338.49896959983806,-0.010754000112887708
1984-01-26,334.18077692873453,-0.012756885718761055
1984-01-27,328.21793065883963,-0.01784317555514717
1984-01-30,318.5199605155246,-0.02954735021285423
1984-01-31,316.56028653666823,-0.006152436964027631
1984-02-01,311.7767355280567,-0.015111026910374819
1984-02-02,311.0794900010135,-0.0022363616254506475
1984-02-03,305.98859368220855,-0.016365258663592227
1984-02-06,293.34852133463454,-0.041308965786815116
1984-02-07,291.40428058918457,-0.006627750283534261
1984-02-08,282.6398541703057,-0.030076519127166718
1984-02-09,277.5279184533147,-0.018086393838537537
1984-02-10,282.6522501403527,0.018464202504729188
1984-02-13,274.7529052284658,-0.027947221039154792
1984-02-14,278.7743502861566,0.014636587934700249
1984-02-15,279.3785473368774,0.002167333723854273
1984-02-16,277.3523118716806,-0.007252652304593294
1984-02-17,276.17085940744425,-0.004259753438734556
1984-02-21,272.9285437243986,-0.011740252718923342
1984-02-22,271.1243258398523,-0.006610587005396363
1984-02-23,266.56255276937935,-0.016825392027595178
1984-02-24,275.8923166807724,0.03500027972595544
1984-02-27,282.0390212314447,0.02227936110951734
1984-02-28,275.8360968233661,-0.02199314258358716
1984-02-29,278.0152452658776,0.007900156896096513
1984-03-01,280.00436989477015,0.0071547322053876865
1984-03-02,284.45227059114796,0.0158851117146829
1984-03-05,280.53328206735256,-0.013777314962721013
1984-03-06,276.89406321156844,-0.012972503044791731
1984-03-07,270.0739550372955,-0.02463074901342993
1984-03-08,271.1012954231843,0.0038039224691137088
1984-03-09,269.6328360898296,-0.005416644472548284
1984-03-12,271.04423721080775,0.005234529820054777
1984-03-13,273.0061049504076,0.007238182813951474
1984-03-14,272.0340442972302,-0.003560582109890748
1984-03-15,273.7163146748117,0.006184043552076431
1984-03-16,278.717881211816,0.018272811187547765
1984-03-19,274.75850674428006,-0.014205670803470844
1984-03-20,277.08111252895895,0.008453262511142335
1984-03-21,276.4748921714219,-0.002187880480210121
1984-03-22,272.6501758941639,-0.013833864794082622
1984-03-23,270.8751804398834,-0.006510157011486751
1984-03-26,269.23120544644155,-0.006069123759408776
1984-03-27,268.74280511876583,-0.0018140554207520124
1984-03-28,272.80771309041825,0.015125643902749323
1984-03-29,274.0982243540426,0.004730479387863234
1984-03-30,272.1889893240428,-0.006965514039717824
1984-04-02,269.8905428058377,-0.008444303804915468
1984-04-03,267.8459989939079,-0.007575455555701518
1984-04-04,266.993476432115,-0.0031828833172613674
1984-04-05,260.98547486685237,-0.02250242831978028
1984-04-06,257.10744144789487,-0.01485919253144632
1984-04-09,254.62704891582308,-0.0096472996584755
1984-04-10,255.85290531483548,0.0048143211973431565
1984-04-11,252.3101459472323,-0.013846860027810578
1984-04-12,253.8642756438262,0.006159600482015256
1984-04-13,256.84622683728963,0.011746241907810222
1984-04-16,256.41107317581145,-0.0016942186258154866
1984-04-17,259.95306581766073,0.01381372730116314
1984-04-18,259.6657228522087,-0.0011053647878634856
1984-04-19,259.6747738270537,3.485625574875536e-05
1984-04-23,256.1147839358268,-0.013709417510065347
1984-04-24,256.33409930603403,0.0008563167140801242
1984-04-25,255.94428798173436,-0.00152071583669515
1984-04-26,260.1511427921277,0.016436603620134573
1984-04-27,262.14880717691506,0.007678860693622215
1984-04-30,263.130699181307,0.0037455520586418497
1984-05-01,269.073201217019,0.02258384162015757
1984-05-02,274.9302739003217,0.02176758092894865
1984-05-03,273.8729517944621,-0.0038457827537863257
1984-05-04,270.2152485589785,-0.013355474542183587
1984-05-07,271.036231969631,0.003038257148812586
1984-05-08,273.28704190345536,0.008304461427417574
1984-05-09,273.61953155349767,0.001216631596311692
1984-05-10,274.2337829496401,0.0022449106343211114
1984-05-11,269.10172552878936,-0.018714169223246896
1984-05-14,265.2810862193757,-0.01419775106200477
1984-05-15,265.5026381863254,0.0008351593025612016
1984-05-16,264.7645822795986,-0.002779843966027992
1984-05-17,259.25793668742676,-0.02079827122177778
1984-05-18,256.0223976306603,-0.012480000026642934
1984-05-21,252.80520527765933,-0.012566058215118008
1984-05-22,247.8655951364121,-0.019539194755986103
1984-05-23,245.30205681709387,-0.010342453206978549
1984-05-24,236.67050521604511,-0.03518744079461483
1984-05-25,236.2991670947388,-0.0015690088672745347
1984-05-29,230.83727215381953,-0.023114321595257455
1984-05-30,229.43926184027433,-0.006056259028280467
1984-05-31,231.15206415511216,0.00746516660269869
1984-06-01,237.2194926781113,0.026248645216197054
1984-06-04,242.80223811765575,0.023534092314748487
1984-06-05,242.1004932466419,-0.0028901911137813067
1984-06-06,244.20239416473274,0.008681935711504397
1984-06-07,244.96695984819326,0.0031308689092735464
1984-06-08,245.85509447945117,0.0036255282418832433
1984-06-11,241.1383741717255,-0.01918496062777294
1984-06-12,238.90046068584988,-0.009280619451642708
1984-06-13,240.3420121326717,0.006034109112570597
1984-06-14,235.92509860160342,-0.01837761734569354
1984-06-15,235.91570926257836,-3.9797965882980455e-05
1984-06-18,238.13015306818008,0.009386589017423133
1984-06-19,240.19186761151266,0.008657931457937992
1984-06-20,241.11090295605374,0.0038262550421878567
1984-06-21,243.89280858500862,0.011537867408102887
1984-06-22,246.60869850479895,0.011135588357635855
1984-06-25,245.92179944709432,-0.0027853804909127497
1984-06-26,239.7847581872819,-0.024955255181160443
1984-06-27,240.7022358273358,0.0038262550421878567
1984-06-28,243.4794263091455,0.011537867408102887
1984-06-29,246.19071297407748,0.011135588357635855
1984-07-02,239.5010737551468,-0.027172589648558617
1984-07-03,240.2159658913184,0.002984922468040753
1984-07-05,239.1878493608533,-0.0042799675144418676
1984-07-06,236.90504976841748,-0.009543961361481395
1984-07-09,237.29653241331468,0.001652487548407557
1984-07-10,235.76488958607402,-0.006454552081582453
1984-07-11,232.86135468528178,-0.012315382947350217
1984-07-12,231.6225648578749,-0.005319860090486653
1984-07-13,232.46404462347132,0.003632978359050499
1984-07-16,230.37632162545435,-0.008980842613310409
1984-07-17,229.95343163435717,-0.0018356486817457055
1984-07-18,227.40382131303227,-0.01108750716701194
1984-07-19,224.73186139155916,-0.011749846181322533
1984-07-20,221.72584672443045,-0.01337600573641491
1984-07-23,217.12041974607192,-0.020770816963357242
1984-07-24,214.53136121080698,-0.011924528048964324
1984-07-25,213.66906867012415,-0.004019424180297417
1984-07-26,216.96257440347844,0.015414050118966979
1984-07-27,221.1978801801159,0.01952090487625387
1984-07-30,220.3835495138167,-0.0036814578224534235
1984-07-31,221.78124093563517,0.006342085990092571
1984-08-01,228.78310104595772,0.03157102052808254
1984-08-02,239.5590924804207,0.04710134352230119
1984-08-03,254.29141176707108,0.06149764191419486
1984-08-06,260.3896880168121,0.02398144792765156
1984-08-07,259.95906077015024,-0.0016537799555029098
1984-08-08,257.671203950723,-0.00880083507245055
1984-08-09,262.41698373253666,0.018417967196370132
1984-08-10,266.7647845228629,0.016568290392201375
1984-08-13,264.3144122837161,-0.00918551615997433
1984-08-14,262.74474786891807,-0.005938625901008859
1984-08-15,260.7397791748512,-0.007630861169743012
1984-08-16,262.00084514167173,0.004836492424789721
1984-08-17,262.0296692472596,0.00011001531530286223
1984-08-20,261.5509632749757,-0.001826915149185808
1984-08-21,267.9978184116685,0.024648562008601937
1984-08-22,269.06303007506773,0.003974702740911829
1984-08-23,269.55778594006824,0.0018388102775118652
1984-08-24,270.9014866234012,0.00498483350665188
1984-08-27,267.5626111676482,-0.012325054016387081
1984-08-28,269.7882535959536,0.00831821164621137
1984-08-29,270.66505587461904,0.003249964618469141
1984-08-30,270.07722301041787,-0.002171809221185484
1984-08-31,270.19037798584486,0.0004189726707262627
1984-09-04,263.0669479589173,-0.026364484479535235
1984-09-05,261.37935763119134,-0.006415060275795321
1984-09-06,264.68295392963216,0.012639086454188273
1984-09-07,263.4941201474301,-0.004491538894182437
1984-09-10,260.9205000331052,-0.00976727720863344
1984-09-11,263.5111649424416,0.009928943524973042
1984-09-12,262.7233859414405,-0.0029895469559067245
1984-09-13,266.6177995477205,0.014823246862188498
1984-09-14,271.31882402708925,0.0176320729048976
1984-09-17,270.70241994235244,-0.0022718810128531373
1984-09-18,267.67781115524673,-0.011173187102464134
1984-09-19,265.5560891942167,-0.00792640208716979
1984-09-20,265.75233946367064,0.0007390162660151378
1984-09-21,264.75176910555496,-0.0037650481652766565
1984-09-24,260.6456889727313,-0.015509169765685586
1984-09-25,258.94904105127466,-0.006509403351897043
1984-09-26,259.3505070373874,0.0015503667612858237
1984-09-27,259.42053062764444,0.00026999596436853683
1984-09-28,258.6406298599399,-0.0030063186048445646
1984-10-01,254.17321222790818,-0.017272683083284123
1984-10-02,250.51028947097524,-0.014411128241352692
1984-10-03,247.83155636235654,-0.010693106116621416
1984-10-04,248.56924719193722,0.0029765815153180017
1984-10-05,249.04430153660866,0.0019111549398730392
1984-10-08,247.0614459482783,-0.0079618588985819
1984-10-09,246.06005639804889,-0.0040532003946867345
1984-10-10,244.39557771406052,-0.006764522077877396
1984-10-11,247.2374490067588,0.01162816168475543
1984-10-12,249.97391556894982,0.011068171804815093
1984-10-15,252.9857436918703,0.012048569612015204
1984-10-16,252.11555687253897,-0.0034396674161654753
1984-10-17,251.6956681814974,-0.0016654612521743448
1984-10-18,257.0824577895993,0.021401995699892
1984-10-19,259.95184591225814,0.01116135323790633
1984-10-22,258.5051132087583,-0.005565387306340339
1984-10-23,258.55411108505683,0.00018954316102431449
1984-10-24,258.95387535420605,0.0015461532113010283
1984-10-25,255.1210682618177,-0.014801118875497383
1984-10-26,251.74795673060453,-0.013221611034301176
1984-10-29,249.7986095862826,-0.007743249119626104
1984-10-30,251.67168646813926,0.007498347908976953
1984-10-31,250.76461439121704,-0.0036041880183333487
1984-11-01,252.62048539909392,0.007400848849357674
1984-11-02,252.4656701097539,-0.0006128374311982513
1984-11-05,253.30491636506085,0.0033241995038061664
1984-11-06,257.59577632096966,0.016939505231413833
1984-11-07,255.91729742398053,-0.006515941064568228
1984-11-08,255.35131972614593,-0.0022115648435320563
1984-11-09,255.29780757799566,-0.00020956284153005465
1984-11-12,254.6461506772711,-0.0025525362199810184
1984-11-13,251.6914179844238,-0.011603288268794658
1984-11-14,249.8919441240537,-0.007149524106862637
1984-11-15,247.8767030660198,-0.008064449876917526
1984-11-16,246.03125083037528,-0.007445041074122114
1984-11-19,241.37991909137216,-0.018905450926679012
1984-11-20,241.6473584384551,0.0011079602151234087
1984-11-21,241.53706193689294,-0.0004564357842555413
1984-11-23,246.28624877732545,0.019662352445411955
1984-11-26,245.02766373614344,-0.005110252998006199
1984-11-27,245.9968467577075,0.003955402450425772
1984-11-28,245.2035254040528,-0.003224924888716433
1984-11-29,241.66981750748684,-0.014411325819002964
1984-11-30,240.089490952669,-0.006539197037995407
1984-12-03,236.71135387931182,-0.014070324610847498
1984-12-04,236.7796614766802,0.0002885691634512842
1984-12-05,232.44568151348963,-0.01830385235016225
1984-12-06,232.96158338670242,0.0022194513137592663
1984-12-07,232.65940648902725,-0.0012971104217366506
1984-12-10,231.65626719484112,-0.00431162147846978
1984-12-11,232.17107760928408,0.0022223029865621217
1984-12-12,231.88907564042523,-0.0012146300554000205
1984-12-13,230.69400563779138,-0.005153627868554607
1984-12-14,232.50609627578297,0.007854953287502032
1984-12-17,231.2316297252807,-0.005481432835165666
1984-12-18,240.84125751581877,0.04155844856499506
1984-12-19,243.64004189519937,0.011620867654690762
1984-12-20,242.81293355190724,-0.0033947964253260884
1984-12-21,242.34492995176313,-0.0019274245127641168
1984-12-24,245.2481721793029,0.011979793545165787
1984-12-26,245.6242657930089,0.0015335225961686685
1984-12-27,244.75424416710814,-0.0035420833649795922
1984-12-28,245.55981680635264,0.0032913530957791805
1984-12-31,247.94006691632123,0.009693158029375877
1985-01-02,244.96088779572278,-0.012015722822257251
1985-01-03,245.91716333621753,0.0039037886786735094
1985-01-04,245.43802287418632,-0.0019483815425121085
1985-01-07,245.01911166192357,-0.0017067902004633258
1985-01-08,244.89956926105341,-0.0004878901080790315
1985-01-09,247.52772593980708,0.010731569217062063
1985-01-10,251.73066141773108,0.016979655357663107
1985-01-11,257.13884729478707,0.02148401726908195
1985-01-14,263.7436228195482,0.025685638689938204
1985-01-15,268.491159290653,0.018000573512835554
1985-01-16,273.57189875291374,0.018923302635676667
1985-01-17,275.4616395481031,0.00690765683099701
1985-01-18,279.4038112930736,0.014311146014514694
1985-01-21,286.4051832098595,0.025058254876280203
1985-01-22,290.68029149907284,0.014926783940501568
1985-01-23,295.6144680536913,0.016974582381118205
1985-01-24,299.10429894849517,0.011805345380355195
1985-01-25,302.70189683850293,0.012027904321854114
1985-01-28,304.82989995075485,0.0070300289971000915
1985-01-29,307.3073333278007,0.00812726500073
1985-01-30,312.6207626577461,0.017290278342553318
1985-01-31,312.8392133644159,0.0006987722274509899
1985-02-01,312.18215497387723,-0.002100307002668817
1985-02-04,317.2770658884724,0.01632031438511125
1985-02-05,321.6325290644835,0.013727633177060865
1985-02-06,325.53916092901125,0.012146258576179396
1985-02-07,331.75755520674363,0.01910183174272047
1985-02-08,334.3603978620138,0.007845616819933844
1985-02-11,332.06355818746437,-0.006869353216577186
1985-02-12,330.02242811100723,-0.006146805411585715
1985-02-13,333.99942314097876,0.012050681078662558
1985-02-14,334.01457415064647,4.5362382740843275e-05
1985-02-15,332.5006766949974,-0.0045324293393445144
1985-02-19,330.4120959798219,-0.006281432976124063
1985-02-20,331.18749321791057,0.002346758025880565
1985-02-21,330.48798372733415,-0.002112125321460076
1985-02-22,328.56866295946725,-0.005807535711950268
1985-02-25,323.2876392027779,-0.01607281628479837
1985-02-26,325.62595559028506,0.007232928525425403
1985-02-27,323.5392292730614,-0.006408353761115021
1985-02-28,323.62323037484083,0.00025963189059998137
1985-03-01,330.3808075972796,0.020881001696360674
1985-03-04,329.9894071029968,-0.0011846950103709696
1985-03-05,330.0276686013877,0.00011594765640150583
1985-03-06,326.1805385108411,-0.011656992599590852
1985-03-07,320.96250227795304,-0.015997386774547213
1985-03-08,319.05152213729355,-0.0059539046682922595
1985-03-11,316.25177531612013,-0.008775218505206291
1985-03-12,316.69515489446513,0.0014019828913269933
1985-03-13,309.41888822257374,-0.02297561727559769
1985-03-14,307.7002673032419,-0.005554350379850049
1985-03-15,308.78136168541863,0.003513465853155532
1985-03-18,306.78660733432434,-0.0064600866457948285
1985-03-19,328.36694114960545,0.07034314177790592
1985-03-20,309.7040208646565,-0.05683556395662272
1985-03-21,310.20908284374707,0.0016307892215298165
1985-03-22,309.8917816698072,-0.0010228622934928863
1985-03-25,303.8517538391714,-0.019490764802118858
1985-03-26,303.6263249221612,-0.0007419042811565082
1985-03-27,306.6111972253406,0.009830742785378176
1985-03-28,307.9089923726091,0.004232706303659976
1985-03-29,310.13911674542635,0.007242803646730072
1985-04-01,312.4759230208357,0.007534703458020992
1985-04-02,311.1320054540134,-0.004300867579908562
1985-04-03,306.8994303262567,-0.013603792131832755
1985-04-04,305.92169634535935,-0.0031858448868998935
1985-04-08,303.5392891917364,-0.007787637104801696
1985-04-09,303.885167630671,0.001139484907721974
1985-04-10,308.51543297363673,0.015236891550406797
1985-04-11,311.4755638191202,0.009594757762852025
1985-04-12,312.55904927872365,0.003478556861149462
1985-04-15,313.3865751200551,0.002647582411199052
1985-04-16,316.03381892625555,0.00844721508949884
1985-04-17,318.33349656721083,0.007276682124617434
1985-04-18,317.78733205053675,-0.001715699172608913
1985-04-19,317.0621231477507,-0.0022820573057668013
1985-04-22,314.6875225090806,-0.00748938603922578
1985-04-23,316.31124925840635,0.005159806580125466
1985-04-24,317.3791813148972,0.0033762063758234714
1985-04-25,319.3456980915454,0.006196111441528572
1985-04-26,319.67608352217553,0.0010345698489274155
1985-04-29,314.9522459924782,-0.01477695008538122
1985-04-30,311.44009974115545,-0.011151361185741773
1985-05-01,309.32469341880363,-0.006792337672990662
1985-05-02,307.902674927596,-0.00459717093870132
1985-05-03,310.72180801450946,0.00915592268750625
1985-05-06,309.550293665102,-0.0037702997317547652
1985-05-07,311.80066654645884,0.007269813427447418
1985-05-08,312.1495405535329,0.0011189007738124463
1985-05-09,316.98527494982955,0.015491723574929579
1985-05-10,326.311090639592,0.029420343551411075
1985-05-13,327.6955874309288,0.004242873843555649
1985-05-14,326.68694393308465,-0.0030779892575048674
1985-05-15,328.01900793274365,0.004077493834378252
1985-05-16,331.19655598600633,0.009687085127439229
1985-05-17,335.6005227863091,0.013297139480184777
1985-05-20,341.83344993799545,0.018572459601486062
1985-05-21,340.5241521466975,-0.003830221388619223
1985-05-22,338.36029839007017,-0.006354479536873318
1985-05-23,333.9635802385898,-0.01299419043073337
1985-05-24,336.1803899116442,0.006637878511994304
1985-05-28,333.06165783579604,-0.009276960136395418
1985-05-29,332.4578487767509,-0.0018129047425291098
1985-05-30,330.8023099531672,-0.004979695410035027
1985-05-31,332.7108811982031,0.005769522121251444
1985-06-03,332.06791383119025,-0.0019325107874359495
1985-06-04,332.92806270453065,0.0025902799924765714
1985-06-05,334.65871241313664,0.005198269243352806
1985-06-06,334.78776933569105,0.0003856374203553079
1985-06-07,332.8520047853436,-0.005782064721744718
1985-06-10,331.9346557994305,-0.0027560266206137804
1985-06-11,331.5152460985087,-0.0012635309196976287
1985-06-12,329.4530802363022,-0.006220425414744926
1985-06-13,323.1893780712823,-0.01901242556459688
1985-06-14,325.4345773619673,0.006947008296138161
1985-06-17,323.98729174375666,-0.0044472398413917475
1985-06-18,325.15213964989454,0.0035953506073292765
1985-06-19,325.6187090040793,0.0014349262923107615
1985-06-20,323.8028680484479,-0.005576586680738296
1985-06-21,326.7699437858666,0.009163216358462808
1985-06-24,329.46261396170706,0.008240262689536166
1985-06-25,334.7036684137429,0.015907888269972078
1985-06-26,337.1683506282903,0.007363774129600148
1985-06-27,341.5722843074208,0.013061527485969863
1985-06-28,343.5059443338628,0.005661056576539229
1985-07-01,343.98767544596797,0.0014023952716141594
1985-07-02,344.9295005744262,0.00273796183900233
1985-07-03,345.8492207387487,0.0026664004174501484
1985-07-05,348.64461158657656,0.008082686558774924
1985-07-08,346.6528225032193,-0.005712949568597113
1985-07-09,345.0831488509203,-0.004528085595738842
1985-07-10,348.18575223690397,0.008990886388729552
1985-07-11,352.81806625204246,0.013304145805445526
1985-07-12,357.1515031482317,0.012282355442347452
1985-07-15,358.51255923496586,0.0038108647863348472
1985-07-16,363.49402328315864,0.013894810432367503
1985-07-17,369.6286912217472,0.01687694307372334
1985-07-18,367.43077575604207,-0.005946279382264109
1985-07-19,369.4782473950542,0.005572401045609695
1985-07-22,367.0648562843324,-0.006531889570595883
1985-07-23,365.56954410854064,-0.004073700192735124
1985-07-24,359.4934282871464,-0.016620957405549575
1985-07-25,361.16308749284497,0.0046444776853190725
1985-07-26,361.5313869059996,0.0010197592885568022
1985-07-29,352.6198300978802,-0.0246494692601517
1985-07-30,351.7422352298986,-0.0024887847848432594
1985-07-31,353.32323468359687,0.004494767177063494
1985-08-01,359.645231112646,0.01789295412375169
1985-08-02,360.81702733939005,0.003258200374627067
1985-08-05,354.97737041481736,-0.01618453809575852
1985-08-06,350.38457584510735,-0.01293827424644844
1985-08-07,345.6356853472113,-0.013553366287434351
1985-08-08,346.78487301763937,0.003324852493959448
1985-08-09,347.7035956623618,0.0026492581314977704
1985-08-12,345.6043489948419,-0.006037460336068313
1985-08-13,342.5590698023373,-0.008811460855054385
1985-08-14,343.9334384803814,0.004012063317538723
1985-08-15,343.80813474661375,-0.0003643255343863054
1985-08-16,341.095153465924,-0.007890974664369752
1985-08-19,339.01869390968255,-0.006087625506085863
1985-08-20,340.6378017509218,0.004775865963517089
1985-08-21,343.5478325319284,0.008542888563890025
1985-08-22,341.6452025630865,-0.0055381806801678615
1985-08-23,341.1982967007197,-0.0013080993352577552
1985-08-26,340.13467430316183,-0.003117314499640681
1985-08-27,339.36757394885166,-0.002255284192597327
1985-08-28,341.62845624660935,0.006662045732449465
1985-08-29,342.3090535768741,0.0019922149862524312
1985-08-30,343.17442948407614,0.002528054394587296
1985-09-03,340.29979526197326,-0.008376597948817375
1985-09-04,337.99533350336935,-0.0067718576111097965
1985-09-05,337.2542290402478,-0.0021926470269274
1985-09-06,339.2780584706249,0.006000901563596181
1985-09-09,338.81459307534567,-0.0013660340941833125
1985-09-10,335.1888892904714,-0.01070114410351846
1985-09-11,328.1460223036035,-0.021011636160662324
1985-09-12,324.71466270944285,-0.010456806911972562
1985-09-13,318.5691488996178,-0.018925889451823465
1985-09-16,314.35399863803633,-0.013231508060781154
1985-09-17,304.80767126721275,-0.030368079974117678
1985-09-18,304.6929996707038,-0.000376209680131163
1985-09-19,310.17264223317954,0.017984143279950075
1985-09-20,311.7846438103174,0.005197110762354054
1985-09-23,315.448181770028,0.011750219365965299
1985-09-24,311.0525281704506,-0.013934629690723616
1985-09-25,305.965860722297,-0.01635308183499552
1985-09-26,302.3984702044692,-0.011659439747317615
1985-09-30,302.4822193799245,0.00027694973257845826
1985-10-01,305.5405766827216,0.010110866381060662
1985-10-02,304.1462446709123,-0.004563492112725801
1985-10-03,304.6592806183514,0.0016868067793970934
1985-10-04,302.55272794356284,-0.006914454306177679
1985-10-07,297.7447157328299,-0.015891485240978633
1985-10-08,294.8076128606423,-0.009864500415930542
1985-10-09,297.5911515677875,0.009441882046855681
1985-10-10,299.95955364225455,0.007958576933452642
1985-10-11,304.93493468850056,0.01658683974500066
1985-10-14,310.197504763943,0.01725800974827096
1985-10-15,311.71847240765453,0.00490322333465881
1985-10-16,315.4087588888501,0.011838523564845183
1985-10-17,318.8120948446714,0.010790239205185058
1985-10-18,319.04777830221246,0.0007392550701564394
1985-10-21,317.40951072465464,-0.005134865963573667
1985-10-22,319.18921281492004,0.005606958928868442
1985-10-23,321.94707119865876,0.008640199207915778
1985-10-24,323.6054484346366,0.005151086573962125
1985-10-25,321.12502023455045,-0.007664976631526572
1985-10-28,320.2804881983747,-0.002629916646043104
1985-10-29,324.52564882657373,0.013254509046363485
1985-10-30,327.01446270443057,0.00766908220307391
1985-10-31,327.58783755936565,0.0017533623748418943
1985-11-01,331.05071459380855,0.01057083516971331
1985-11-04,331.15923369288913,0.00032780203846946945
1985-11-05,333.40138428625824,0.006770611733714857
1985-11-06,336.7121939527425,0.009930401679561149
1985-11-07,338.3140659772099,0.004757392376149715
1985-11-08,344.05926344089164,0.01698184628264544
1985-11-11,349.14357504608495,0.014777429778654164
1985-11-12,353.9374154852225,0.013730283991348957
1985-11-13,352.5775921439012,-0.003841988108143637
1985-11-14,355.676412712079,0.008789045694410035
1985-11-15,357.8560016477183,0.006128010904686121
1985-11-18,357.51765542445924,-0.0009454814833373975
1985-11-19,359.2114380881779,0.00473761963365898
1985-11-20,359.52758549499094,0.0008801150890286115
1985-11-21,364.76227397148676,0.014559907744738969
1985-11-22,368.3119680421249,0.009731527419185716
1985-11-25,365.73836029252413,-0.0069875756774386314
1985-11-26,367.35529344426584,0.004421010556421872
1985-11-27,373.23471649901387,0.016004732093618277
1985-11-29,375.35495783286416,0.005680718432996786
1985-12-02,372.78052567348215,-0.00685866033113204
1985-12-03,373.17250877708653,0.001051511751844453
1985-12-04,381.54909551942933,0.022446955617908354
1985-12-05,385.1256225984691,0.009373700844895876
1985-12-06,381.18978355138313,-0.010219623977575356
1985-12-09,381.7020276448574,0.001343803311573328
1985-12-10,382.62765149110857,0.002424990645091165
1985-12-11,386.35198438459815,0.009733569643949553
1985-12-12,390.45724237376237,0.010625694069368516
1985-12-13,398.70026379935535,0.02111120125594294
1985-12-16,401.38520146573836,0.0067342259591134995
1985-12-17,396.60438171771176,-0.011910802218339027
1985-12-18,394.6503697584614,-0.004926854188517618
1985-12-19,395.05118769447324,0.0010156279246796092
1985-12-20,396.08878476322593,0.00262648765798716
1985-12-23,392.11986361327297,-0.010020281569763426
1985-12-24,389.1052134217903,-0.007688083341923781
1985-12-26,388.7842397550751,-0.0008249019947397157
1985-12-27,394.69311454385235,0.015198339296108664
1985-12-30,395.4298268339954,0.0018665445709495384
1985-12-31,399.77096900296976,0.010978287105278959
1986-01-02,399.7950628862909,6.0269217100093235e-05
1986-01-03,401.5326300205908,0.004346144551550065
1986-01-06,402.0220828544001,0.0012189615418906454
1986-01-07,411.2125244913319,0.022860539330771975
1986-01-08,407.03699587990025,-0.010154186370166489
1986-01-09,394.37268529246074,-0.031113414052358575
1986-01-10,397.07429043002827,0.006850386039195502
1986-01-13,397.02251375301825,-0.00013039544049536946
1986-01-14,398.4340207722781,0.003555231681742666
1986-01-15,406.7175851168294,0.020790303821183367
1986-01-16,411.1690419214849,0.010944834862197642
1986-01-17,412.87810656175867,0.0041565985422610825
1986-01-20,409.6757115504605,-0.00775627227601403
1986-01-21,407.15406589768514,-0.006155223709094048
1986-01-22,402.7319566571188,-0.010861021934820952
1986-01-23,402.5004863102078,-0.0005747503844302386
1986-01-24,407.76408333436615,0.013077243887108582
1986-01-27,410.6850386134739,0.007163346156489718
1986-01-28,416.9451002285805,0.015242974607113439
1986-01-29,422.0984212270387,0.01235971113614974
1986-01-30,421.02782821091694,-0.0025363587312398905
1986-01-31,424.61836305822,0.008528022631094086
1986-02-03,428.8075496274871,0.009865768731939496
1986-02-04,429.71042557028574,0.0021055504819888107
1986-02-05,432.1148195799733,0.005595382068044098
1986-02-06,436.92301452174553,0.01112712344937835
1986-02-07,440.55183267142536,0.008305394838612147
1986-02-10,445.0961428668123,0.010315040951778764
1986-02-11,447.28212133302554,0.004911250077643117
1986-02-12,450.74400168994987,0.007739813848599524
1986-02-13,454.8695716081613,0.009152800487069518
1986-02-14,460.8961942108965,0.01324912233946195
1986-02-18,466.28551876391515,0.011693141797896016
1986-02-19,465.5027070126995,-0.0016788249253178815
1986-02-20,468.13171350623287,0.005647671762006899
1986-02-21,474.79797953417807,0.01424015044401914
1986-02-24,474.1623840444051,-0.0013386651105729759
1986-02-25,472.4657437299771,-0.0035781841232457455
1986-02-26,473.43506611482735,0.002051624689649984
1986-02-27,480.8017454771256,0.01556006280386413
1986-02-28,484.6792254850991,0.0080646130020298
1986-03-03,485.1405433761239,0.0009518004213263207
1986-03-04,488.386720846242,0.006691210442911562
1986-03-05,485.1496368718237,-0.006628116278037391
1986-03-06,489.5548059763614,0.009080021440274965
1986-03-07,491.487446543696,0.003947751188919886
1986-03-10,495.85771668546744,0.008891926279103523
1986-03-11,505.1319802998464,0.018703477433753102
1986-03-12,511.46573077052267,0.012538803159753625
1986-03-13,513.217121261559,0.0034242577472352303
1986-03-14,517.2438937289295,0.007846138214313908
1986-03-17,511.9533555938597,-0.010228324005778125
1986-03-18,516.056989491116,0.008015640199283717
1986-03-19,516.4537640233137,0.0007688579755289755
1986-03-20,519.2127340394658,0.005342143301771854
1986-03-21,518.8024346657002,-0.0007902336496516137
1986-03-24,513.2278304721863,-0.01074513884482058
1986-03-25,509.3035704238699,-0.007646233924426604
1986-03-26,512.8700936710306,0.0070027454238980906
1986-03-27,520.2957505964225,0.014478631171960944
1986-03-31,523.9216074343979,0.006968838076841777
1986-04-01,522.2510451781125,-0.003188572932630147
1986-04-02,522.1188058010817,-0.0002532103635820131
1986-04-03,523.1030405260165,0.0018850780971671384
1986-04-04,516.657254368002,-0.012322211225407446
1986-04-07,507.6582971743607,-0.017417653807356683
1986-04-08,518.6431007964873,0.02163818395812345
1986-04-09,521.5420979272477,0.005589580052850274
1986-04-10,529.8570812290723,0.01594307216017756
1986-04-11,534.6683463629347,0.00908030732117821
1986-04-14,539.8804065200244,0.009748211564317426
1986-04-15,542.2680526900353,0.0044225464402409915
1986-04-16,559.0373705240199,0.03092440675934506
1986-04-17,565.6471866545529,0.011823567580709649
1986-04-18,565.854536931005,0.0003665717453284046
1986-04-21,568.4495253870715,0.004585963859441458
1986-04-22,566.7382316876091,-0.003010458489339294
1986-04-23,562.5043456302229,-0.007470620156996832
1986-04-24,569.5645038023014,0.01255129534007129
1986-04-25,571.8669690183629,0.004042501245584439
1986-04-28,568.9631785079225,-0.005077737774267474
1986-04-29,562.3389622427907,-0.011642609777496562
1986-04-30,545.0908891561647,-0.030672022116047287
1986-05-01,540.5450488455763,-0.008339600607938334
1986-05-02,544.7430802259443,0.007766293279965324
1986-05-05,552.5220260875442,0.014280026941092063
1986-05-06,553.2427777173388,0.001304475832209384
1986-05-07,550.4405957536244,-0.005065013185126494
1986-05-08,556.27401998577,0.010597736208316694
1986-05-09,561.0747521527778,0.008630157071025194
1986-05-12,557.8580135691766,-0.005733172935083923
1986-05-13,553.7225944868635,-0.007413031598945232
1986-05-14,555.58919371423,0.0033710006525853897
1986-05-15,550.9466110440832,-0.008356142852797774
1986-05-16,547.7809914278907,-0.0057457828993509414
1986-05-19,544.8918753394249,-0.005274217495088335
1986-05-20,549.185605017242,0.007879966415616549
1986-05-21,551.3004043612059,0.0038507916533930004
1986-05-22,561.416056832788,0.018348712229411656
1986-05-23,567.9333909944362,0.011608742005733827
1986-05-27,576.237921859768,0.014622367687856566
1986-05-28,582.7785514066792,0.011350571176922364
1986-05-29,585.0704208678861,0.003932659250541873
1986-05-30,591.4240243125976,0.010859553342803759
1986-06-02,588.770136303181,-0.004487284757329956
1986-06-03,589.0673219149726,0.0005047565993369134
1986-06-04,587.7129972303907,-0.0022991000080927466
1986-06-05,590.5136634927508,0.0047653638349983395
1986-06-06,591.0767868509773,0.0009536161363241587
1986-06-09,574.5138312090658,-0.028021664884104878
1986-06-10,568.899030033799,-0.009773134901644403
1986-06-11,576.3754381950532,0.013141889450593743
1986-06-12,579.4685829669365,0.00536654507966144
1986-06-13,588.3272597003996,0.015287587617098895
1986-06-16,584.9771531504265,-0.0056942908810295395
1986-06-17,578.257112590739,-0.011487697465612737
1986-06-18,575.137348772262,-0.005395115339783089
1986-06-19,578.4291760641756,0.005723549859769454
1986-06-20,579.7453886439482,0.0022754947956264825
1986-06-23,579.3448602724403,-0.0006908694391597496
1986-06-24,585.362617556737,0.010387176441794533
1986-06-25,594.9616098991852,0.016398369240785794
1986-06-26,596.7975190445297,0.00308576068572834
1986-06-27,598.6656085548594,0.0031301898059503657
1986-06-30,604.2777949103773,0.00937449266388514
1986-07-01,610.4480914510476,0.010211026439562268
1986-07-02,615.9599102502672,0.009029135935404298
1986-07-03,620.9240713555695,0.008059227593700563
1986-07-07,589.7531074681029,-0.05020092685312675
1986-07-08,559.3378426501317,-0.05157287758694204
1986-07-09,567.102347318966,0.013881600844395322
1986-07-10,563.098287461513,-0.007060559485219345
1986-07-11,561.6369947253775,-0.002595093554134429
1986-07-14,542.0261701119398,-0.03491725936434577
1986-07-15,524.7620495390728,-0.03185108307464484
1986-07-16,527.5398043131245,0.005293360631721511
1986-07-17,532.6306335552148,0.009650132938724439
1986-07-18,531.1010570367022,-0.0028717396675122285
1986-07-21,526.3802085071651,-0.008888795205713184
1986-07-22,527.4406878755744,0.002014664212807228
1986-07-23,527.3079835077998,-0.00025160055116178336
1986-07-24,524.1490323796453,-0.005990713637863611
1986-07-25,527.0893125135783,0.005609626179379079
1986-07-28,512.842221548806,-0.027029747381579202
1986-07-29,505.2410908004998,-0.014821577531878063
1986-07-30,501.9078162475344,-0.006597394023681193
1986-07-31,503.2961356079409,0.0027660843594470227
1986-08-01,501.29805938243146,-0.003969981257845239
1986-08-04,490.2584604307285,-0.022022026108186134
1986-08-05,490.42741165744127,0.00034461664682806237
1986-08-06,484.95327088107507,-0.011161979624804972
1986-08-07,485.73328005229035,0.0016084213017022162
1986-08-08,487.8443905000612,0.004346233899278163
1986-08-11,498.48400125142797,0.02180943546457661
1986-08-12,507.43913855474773,0.017964743664467
1986-08-13,517.2339239876766,0.019302384638334343
1986-08-14,524.2940271994404,0.013649729618144871
1986-08-15,526.0408575620128,0.003331776201806595
1986-08-18,523.2917100865375,-0.005226110169876405
1986-08-19,521.9733912022276,-0.002519281041337102
1986-08-20,527.7117338495242,0.010993553970404205
1986-08-21,528.2440717632085,0.00100876649037362
1986-08-22,529.192371020579,0.00179519148072077
1986-08-25,522.6905804255897,-0.012286251561885075
1986-08-26,526.0044460683961,0.006340014086552207
1986-08-27,529.2453459541882,0.006161354547506635
1986-08-28,531.1368662833692,0.003573995205892073
1986-08-29,532.3369999733056,0.0022595563707229504
1986-09-02,524.4615772943567,-0.014794054667144828
1986-09-03,520.9081203920579,-0.006775438003734697
1986-09-04,526.743822026357,0.011202938495001731
1986-09-05,519.2846312668344,-0.014160945886042628
1986-09-08,503.7400418738033,-0.029934622473052622
1986-09-09,494.9369039423761,-0.01747555723122876
1986-09-10,487.4983649960559,-0.015029267139041744
1986-09-11,451.64880998676983,-0.07353779537204423
1986-09-12,434.8123918695739,-0.03727767624958228
1986-09-15,432.3144547792371,-0.005744861777274369
1986-09-16,426.77634012785006,-0.012810385103165492
1986-09-17,434.7360605061717,0.018650800501117643
1986-09-18,438.9333476350255,0.009654794046683806
1986-09-19,440.95928988324994,0.004615603392041657
1986-09-22,448.64024941861015,0.017418749783894658
1986-09-23,450.6616075137221,0.004505521066670773
1986-09-24,453.5289226830198,0.006362457155195578
1986-09-25,445.71015830304,-0.017239836290318687
1986-09-26,445.94928452486755,0.0005365061068788824
1986-09-29,436.16515763589456,-0.021939999072758627
1986-09-30,443.22384297195003,0.016183514919703913
1986-10-01,447.3805392975303,0.009378322920780379
1986-10-02,447.9499574051929,0.0012727824696102225
1986-10-03,448.2909675205873,0.000761268328653819
1986-10-06,449.23797227730995,0.0021124778889934598
1986-10-07,447.0863187169711,-0.004789562978016995
1986-10-08,448.34042175326147,0.0028050579581350666
1986-10-09,448.68137168110405,0.0007604710869237531
1986-10-10,449.8103148577941,0.0025161356096870366
1986-10-13,450.93612472868176,0.0025028547227592102
1986-10-14,450.15690761461093,-0.001727998870216238
1986-10-15,454.8754851806299,0.010482072997663886
1986-10-16,456.65069277244254,0.0039026231345656516
1986-10-17,454.9180708087778,-0.0037941954125713076
1986-10-20,449.0658194512322,-0.012864407314357042
1986-10-21,447.9584697133581,-0.0024658962893842054
1986-10-22,449.97351020502214,0.004498275237330377
1986-10-23,455.7052575964654,0.012737966261239906
1986-10-24,456.81559132724425,0.002436517271349992
1986-10-27,456.4101626360021,-0.0008875106255989157
1986-10-28,457.9305466487943,0.003331179139419641
1986-10-29,461.0685518088948,0.00685257880930832
1986-10-30,467.6897744026526,0.014360603358830097
1986-10-31,466.89594907601446,-0.0016973330829223104
1986-11-03,467.648708711417,0.0016122642248068593
1986-11-04,469.52267646391795,0.0040072125028733216
1986-11-05,469.94700357343885,0.0009037414608313836
1986-11-06,467.6718038531955,-0.0048413963764911945
1986-11-07,466.9819436729531,-0.0014750946594569514
1986-11-10,464.1638818351845,-0.006034626982798774
1986-11-11,467.52581991954077,0.007242998035659427
1986-11-12,467.1468664424993,-0.0008105509062722166
1986-11-13,458.8269177754037,-0.017810134809326996
1986-11-14,460.2721253022527,0.0031497880156117065
1986-11-17,456.1680846509682,-0.008916552677591394
1986-11-18,444.73131848005016,-0.025071386087145275
1986-11-19,437.5529741252305,-0.016140856414954007
1986-11-20,443.4680996524253,0.013518650030937366
1986-11-21,449.59835027409645,0.013823430876935473
1986-11-24,453.07741958585245,0.007738171880824299
1986-11-25,455.17409811191135,0.004627638534657997
1986-11-26,458.1679280853299,0.006577329390747653
1986-11-28,461.6669728995175,0.0076370356799306295
1986-12-01,457.09894305993157,-0.009894642908710151
1986-12-02,464.2869994102205,0.015725383878970222
1986-12-03,470.2171812551048,0.01277266400398324
1986-12-04,472.81654394518097,0.005528004491749882
1986-12-05,469.8642633412958,-0.006244029828675954
1986-12-08,464.6093532071438,-0.011183889782941416
1986-12-09,459.44497558338793,-0.011115526599081141
1986-12-10,459.4289455173215,-3.489006718614183e-05
1986-12-11,455.98367050797447,-0.007499037757552712
1986-12-12,451.32818801390124,-0.010209757048727024
1986-12-15,444.51100698758086,-0.01510470918362053
1986-12-16,445.5782621639774,0.00240096456470049
1986-12-17,441.7849120608311,-0.008513319488979735
1986-12-18,439.4379298602376,-0.005312499672397998
1986-12-19,441.52468177770464,0.004748684115935915
1986-12-22,438.9743583230229,-0.005776174152741424
1986-12-23,432.56231413833456,-0.014606876376979555
1986-12-24,434.632322431599,0.004785456859291785
1986-12-26,435.47480977481985,0.0019383909105227359
1986-12-29,430.35673244189627,-0.011752866567804627
1986-12-30,428.53786869974186,-0.004226409406526402
1986-12-31,432.201374690926,0.008548850075489924
1987-01-02,443.0512927895601,0.02510384911753934
1987-01-05,462.7444740431514,0.044448987225831606
1987-01-06,475.0515730429403,0.026595885397091033
1987-01-07,491.7753923188021,0.03520421828884281
1987-01-08,505.0364997403428,0.026965780778522384
1987-01-09,513.2817430047226,0.016326034392799296
1987-01-12,526.0241864798238,0.02482543680690385
1987-01-13,528.511359485509,0.004728248376428365
1987-01-14,538.1438490255449,0.018225700104937806
1987-01-15,545.2950161368648,0.013288579111828552
1987-01-16,537.7129345014895,-0.013904549667610046
1987-01-19,544.9754175561404,0.013506245784070479
1987-01-20,543.4227504781943,-0.0028490589261966986
1987-01-21,536.3836848829615,-0.012953203724059522
1987-01-22,546.2727260849514,0.01843650633062739
1987-01-23,543.4680733934156,-0.005134162035941881
1987-01-26,531.5572590884083,-0.021916309141466486
1987-01-27,539.0681873212428,0.014130045454962631
1987-01-28,542.5471425959161,0.006453646044224857
1987-01-29,539.532396624861,-0.005556652564107951
1987-01-30,542.4326736149682,0.005375538166475869
1987-02-02,556.3576406808677,0.02567132796978938
1987-02-03,562.4381064466065,0.010929059513405065
1987-02-04,572.8882002216614,0.0185799889006042
1987-02-05,580.135876251996,0.012651117665768569
1987-02-06,583.5099219520961,0.005815957671672006
1987-02-09,580.0081756235892,-0.006001177009624747
1987-02-10,573.4038211583506,-0.011386657538297493
1987-02-11,586.8185743055092,0.0233949489908506
1987-02-12,589.4046783328425,0.004406990747342935
1987-02-13,598.8238245458979,0.015980779520953087
1987-02-17,615.0169425087814,0.027041539262675694
1987-02-18,611.7191557088438,-0.0053621072396564055
1987-02-19,611.4519881109011,-0.0004367487848784101
1987-02-20,611.9766632571514,0.0008580806939090585
1987-02-23,605.7774620998207,-0.010129799924618706
1987-02-24,612.0189382856306,0.01030324925621189
1987-02-25,622.5437339877454,0.017196846443341504
1987-02-26,628.1291231564546,0.008971882397613382
1987-02-27,634.095059274265,0.009497945403057501
1987-03-02,630.6483019647352,-0.005435710717372163
1987-03-03,629.5129237523678,-0.0018003350026160024
1987-03-04,638.8716035139062,0.014866541112061269
1987-03-05,645.5432683816964,0.010442888416224651
1987-03-06,646.8013424825566,0.0019488610020116342
1987-03-09,638.4996075718367,-0.012835061347980781
1987-03-10,646.1839101062163,0.012034936972948905
1987-03-11,652.2275456801723,0.00935281036781401
1987-03-12,655.305076433618,0.004718492455323048
1987-03-13,653.6618782062385,-0.0025075316619281047
1987-03-16,650.0102817084856,-0.005586369068628307
1987-03-17,661.7712710175562,0.018093543502354988
1987-03-18,662.7989554580023,0.0015529299706014794
1987-03-19,668.3052363377612,0.00830761852355979
1987-03-20,676.2803491226125,0.011933338766809756
1987-03-23,671.0555384477395,-0.007725805846127997
1987-03-24,671.2312746608173,0.00026188028115266726
1987-03-25,669.1395858013357,-0.0031161969628704274
1987-03-26,672.8025048105352,0.005474073103615675
1987-03-27,666.9972643081139,-0.008628446625739089
1987-03-30,636.8341688071463,-0.04522221771367572
1987-03-31,645.6266302926759,0.013806516541031022
1987-04-01,640.3960185171442,-0.008101604751279488
1987-04-02,651.4537559404127,0.017267030249302744
1987-04-03,667.3086627851725,0.024337731880710697
1987-04-06,668.2919363002065,0.0014734913089995143
1987-04-07,656.6821656741994,-0.017372303921967355
1987-04-08,659.3077968767768,0.0039983287803798786
1987-04-09,650.3563045884534,-0.013577106672676486
1987-04-10,647.0677375450155,-0.005056562103321149
1987-04-13,625.0958757805572,-0.03395604585050059
1987-04-14,593.9920778050678,-0.04975844375336836
1987-04-15,602.8738064778029,0.014952604596268373
1987-04-16,611.8780337910331,0.014935509249997302
1987-04-20,606.4660551281702,-0.00884486509399869
1987-04-21,608.7856771797399,0.003824817616675045
1987-04-22,607.5313619079806,-0.0020603560805997827
1987-04-23,605.3196272120888,-0.003640527608230272
1987-04-24,591.2793466738973,-0.023194821226690795
1987-04-27,582.5603450232688,-0.014745993919245023
1987-04-28,588.929506034761,0.01093304936716513
1987-04-29,595.3037436853377,0.01082343062329195
1987-04-30,605.5918732107174,0.017282151564660113
1987-05-01,607.3279135958823,0.002866683755118399
1987-05-04,607.0853913383118,-0.00039932670990624434
1987-05-05,618.5432431195151,0.018873542247400392
1987-05-06,618.3046297293348,-0.00038576670723435605
1987-05-07,618.9444062702834,0.0010347270749510114
1987-05-08,620.4338251994559,0.0024063856367126718
1987-05-11,617.1947768481447,-0.005220618573253817
1987-05-12,612.3366937342431,-0.007871231734511087
1987-05-13,616.2642858340879,0.006414105409709914
1987-05-14,618.3342041960865,0.003358816030036693
1987-05-15,607.2110759733147,-0.017988861278074166
1987-05-18,591.45778275643,-0.02594368554893926
1987-05-19,575.951739626168,-0.026216652451503137
1987-05-20,571.4067358567214,-0.007891292719068087
1987-05-21,576.662216684956,0.009197442904404909
1987-05-22,573.5551007230926,-0.005388103940163185
1987-05-26,584.5885363134398,0.019236923490763447
1987-05-27,587.7693301254413,0.005441081400706795
1987-05-28,592.6962658765024,0.008382430825387603
1987-05-29,598.8731877567757,0.010421732404773268
1987-06-01,594.2059554807952,-0.007793356542580867
1987-06-02,590.0797548124149,-0.006944058083432726
1987-06-03,596.5545912519601,0.010972815770647086
1987-06-04,600.7974782879782,0.007112319808173295
1987-06-05,601.8881986199743,0.0018154542444223183
1987-06-08,606.2000111054437,0.007163809649957564
1987-06-09,612.642706549197,0.01062800284679093
1987-06-10,615.8640007604164,0.005258030784964221
1987-06-11,617.4036009460425,0.002499902874214375
1987-06-12,623.1739781563415,0.00934619947382398
1987-06-15,622.9246421953808,-0.00040010650267903344
1987-06-16,629.0992670752468,0.009912314366156118
1987-06-17,631.6835880593577,0.00410797010800183
1987-06-18,633.1522845915638,0.002325050959006562
1987-06-19,633.382635067906,0.0003638152810122013
1987-06-22,633.6013229251743,0.00034526973927020423
1987-06-23,629.7576826944704,-0.006066338708004479
1987-06-24,627.5449130097676,-0.003513684303517063
1987-06-25,627.2751311217356,-0.000429900525745779
1987-06-26,625.6545670595209,-0.0025834980247292773
1987-06-29,624.7882895050833,-0.0013845939917116784
1987-06-30,619.3919120544316,-0.008637129634626118
1987-07-01,618.6870166058718,-0.0011380443219249148
1987-07-02,622.7343514767344,0.006541813165995354
1987-07-06,620.0820212254262,-0.004259168046565179
1987-07-07,618.3850628878299,-0.002736667536727914
1987-07-08,619.3998882023528,0.0016410896307613167
1987-07-09,621.2025192252967,0.0029102863227431393
1987-07-10,622.3360497429923,0.0018247358673128221
1987-07-13,623.6063245130229,0.002041139623126761
1987-07-14,636.9934422937462,0.021467257874873726
1987-07-15,637.1053489274733,0.0001756794125290963
1987-07-16,642.9203251621688,0.009127181626217147
1987-07-17,645.4068109593094,0.0038674866850934284
1987-07-20,637.475885188388,-0.012288258562274963
1987-07-21,631.0579699632184,-0.010067698832675127
1987-07-22,630.7581541918493,-0.00047510020574900925
1987-07-23,625.7567792792158,-0.007929148247066819
1987-07-24,630.053456494411,0.006866369422548427
1987-07-27,629.0082751166337,-0.0016588773016063619
1987-07-28,632.1411882722557,0.0049807185049211295
1987-07-29,635.6636612190972,0.0055722882991834834
1987-07-30,642.5565041282651,0.010843537753831317
1987-07-31,646.4918129639586,0.006124455686636119
1987-08-03,640.8516132435935,-0.008724317318894701
1987-08-04,639.6908005420173,-0.0018113595684044997
1987-08-05,649.9128154729593,0.015979618469236602
1987-08-06,663.3427668752657,0.02066423539060856
1987-08-07,671.6109291825992,0.012464389031151208
1987-08-10,679.4563299678545,0.01168146682008835
1987-08-11,688.7642550638401,0.013699077755925897
1987-08-12,688.263081420514,-0.0007276417724081048
1987-08-13,695.2694231969574,0.010179743713672588
1987-08-14,695.3505682339967,0.00011671020518367727
1987-08-17,695.16283798007,-0.000269979291745706
1987-08-18,680.0062188448895,-0.021802976665468567
1987-08-19,683.5274297383565,0.00517820395738203
1987-08-20,698.0742073068056,0.021281922181261105
1987-08-21,705.5252480926996,0.01067370876606426
1987-08-24,700.8700050881663,-0.00659826564267992
1987-08-25,704.7811086052347,0.005580355113893685
1987-08-26,705.1716285720983,0.0005541010706662497
1987-08-27,703.6105229334657,-0.00221379530227784
1987-08-28,698.8643236355258,-0.006745492205193606
1987-08-31,703.7321582266159,0.006965349963448389
1987-09-01,695.9862488357033,-0.011006899855808766
1987-09-02,684.9005474168457,-0.01592804662075226
1987-09-03,683.0592522306978,-0.002688412490094377
1987-09-04,677.2292326375763,-0.008535159393686804
1987-09-08,649.886791803432,-0.040373981978974634
1987-09-09,654.5126010632624,0.0071178693245847946
1987-09-10,667.2015863563879,0.019386922837714725
1987-09-11,675.1961851688333,0.011982283879305755
1987-09-14,672.8361795150519,-0.0034952887851273902
1987-09-15,662.012567942705,-0.01608654811063827
1987-09-16,658.6483277136239,-0.005081837403081319
1987-09-17,658.2513536849717,-0.000602710144319685
1987-09-18,658.4818128036525,0.00035010808164793794
1987-09-21,643.6991772483367,-0.0224495730449639
1987-09-22,649.1838063247184,0.008520484832413923
1987-09-23,657.3890136141638,0.01263926673694819
1987-09-24,658.902063850949,0.002301605602543991
1987-09-25,660.7152796421453,0.0027518745055962464
1987-09-28,661.6459527088871,0.001408584144210839
1987-09-29,660.2608189403619,-0.002093466699001523
1987-09-30,667.4245945856909,0.010849917850382194
1987-10-01,679.8236525430822,0.01857746636545226
1987-10-02,689.3030767479311,0.013943945859177156
1987-10-05,695.161221311713,0.008498648506575935
1987-10-06,676.300535598647,-0.0271313835335599
1987-10-07,667.5251505822024,-0.012975570112001804
1987-10-08,653.5839430097101,-0.020884917310356108
1987-10-09,648.7335184443601,-0.007421272534655795
1987-10-12,632.4925677143834,-0.025034856791309155
1987-10-13,637.5687780901461,0.00802572336004891
1987-10-14,618.3236696398056,-0.03018514882110386
1987-10-15,601.570789365213,-0.027094030355253363
1987-10-16,555.4068820715505,-0.0767389442934479
1987-10-19,429.07696081174896,-0.2274547279439851
1987-10-20,351.776537156879,-0.18015514864426474
1987-10-21,403.3868265012061,0.14671327929216288
1987-10-22,367.2596628215363,-0.08955960211447744
1987-10-23,350.42240611823115,-0.045845646575913064
1987-10-26,287.21209584118077,-0.18038318661542288
1987-10-27,282.249497094724,-0.017278515836606386
1987-10-28,273.71156235085135,-0.03024960126326559
1987-10-29,302.1222166260462,0.1037977863674508
1987-10-30,334.0556020702857,0.10569691233189007
1987-11-02,344.30091590572675,0.030669486672118267
1987-11-03,328.1634191820373,-0.04687032760641311
1987-11-04,327.02970542845145,-0.0034547231267020467
1987-11-05,339.3417537286804,0.03764810381399002
1987-11-06,339.72812536493825,0.001138591499608881
1987-11-09,327.1691069769613,-0.03696785002562264
1987-11-10,316.41993575659103,-0.03285509233953182
1987-11-11,321.6131456887733,0.01641239803606183
1987-11-12,334.1139943866578,0.03886920937610448
1987-11-13,331.9398926447435,-0.006507065787248268
1987-11-16,330.5581468146197,-0.004162638660616229
1987-11-17,318.9833858508317,-0.03501580909539411
1987-11-18,321.8965739866569,0.009132726859910865
1987-11-19,313.1694686203778,-0.027111519884150233
1987-11-20,310.2497706294236,-0.009323060781807639
1987-11-23,311.3818744588379,0.003649007788523117
1987-11-24,318.3958282599392,0.022525247538223287
1987-11-25,320.5602941859431,0.006798034816702527
1987-11-27,317.8218181860814,-0.008542779781307826
1987-11-30,294.96309013469147,-0.0719230925738595
1987-12-01,295.07378211853836,0.00037527401749262794
1987-12-02,294.99113622485004,-0.00028008551995004804
1987-12-03,282.4408297413187,-0.04254469013592728
1987-12-04,271.37526976506115,-0.039178329798819175
1987-12-07,274.6817906982975,0.01218431191647984
1987-12-08,280.5860627491843,0.021494952526255655
1987-12-09,288.05893305028553,0.026633077309264706
1987-12-10,285.84089075294935,-0.007699960122219183
1987-12-11,289.14312410927346,0.01155269754311754
1987-12-14,301.9912140778157,0.04443505273771146
1987-12-15,308.42804380964293,0.021314625829374604
1987-12-16,321.34339202369745,0.041874753198595925
1987-12-17,321.81890840604166,0.0014797764452215134
1987-12-18,336.67789494541927,0.04617188782652225
1987-12-21,340.15253412463267,0.010320366235439048
1987-12-22,337.2661117860793,-0.008485670541839262
1987-12-23,345.83040285088737,0.025393274822227564
1987-12-24,349.3469182462614,0.010168323450990122
1987-12-28,333.22254747505144,-0.0461557550075298
1987-12-29,333.02960611327217,-0.0005790165258661482
1987-12-30,341.5121091136373,0.025470717451708987
1987-12-31,343.0563831080747,0.004521871855277552
1988-01-04,359.4635869214228,0.04782655161434289
1988-01-05,371.2766663326864,0.03286307665384159
1988-01-06,376.9337726426888,0.015236902350694182
1988-01-07,383.2632405968971,0.01679198950476722
1988-01-08,358.66848213459355,-0.06417197335178686
1988-01-11,353.67792558172425,-0.013914120703241961
1988-01-12,344.7190752199219,-0.02533053299005578
1988-01-13,346.1360619601049,0.004110555063652841
1988-01-14,349.303665178764,0.00915132390633189
1988-01-15,361.5984306499904,0.035197928613014406
1988-01-18,362.246542944864,0.0017923537270573419
1988-01-19,361.82438680320035,-0.0011653834933295884
1988-01-20,347.5614518321003,-0.03941949600776295
1988-01-21,348.6908552043294,0.0032495070045185383
1988-01-22,355.60124587638,0.019818101246163067
1988-01-25,361.5747319514771,0.016798270940742554
1988-01-26,358.77476596988924,-0.007743809879844114
1988-01-27,359.9417418169201,0.003252669802114239
1988-01-28,365.30514264068614,0.014900746983921768
1988-01-29,370.152452997345,0.013269209192126465
1988-02-01,373.274882672691,0.008435523390597126
1988-02-02,375.3474158871028,0.005552297544298337
1988-02-03,367.76029327845464,-0.020213600220789118
1988-02-04,369.73184741572095,0.005360976084967052
1988-02-05,372.0087057113902,0.006158134095246647
1988-02-08,369.17556659663404,-0.007615787134170298
1988-02-09,370.078344949076,0.0024453903078269766
1988-02-10,379.34978613298574,0.025052644420968696
1988-02-11,383.02218196949735,0.0096807642201337
1988-02-12,387.8245772629577,0.012538164940647648
1988-02-16,390.7931754004116,0.007654486877558318
1988-02-17,391.91769972024457,0.002877543392821013
1988-02-18,392.62445943808234,0.0018033370739373475
1988-02-19,395.84890966171514,0.008212555652410329
1988-02-22,401.9909826583097,0.015516205417474662
1988-02-23,404.38062237429034,0.005944510745435881
1988-02-24,408.92718447648093,0.011243273912324969
1988-02-25,409.93996160824287,0.002476668634927213
1988-02-26,409.3754766000727,-0.001376994343160893
1988-02-29,417.1461780585946,0.018981844059294394
1988-03-01,417.94052591875703,0.0019042434090116179
1988-03-02,424.8341547841627,0.016494281932223312
1988-03-03,428.502526025585,0.00863483126323959
1988-03-04,431.5640443883134,0.007144691517047548
1988-03-07,434.0526247615555,0.005766421938067937
1988-03-08,439.51968333107703,0.01259538189067471
1988-03-09,447.25885308343294,0.017608243830404765
1988-03-10,438.90423000900404,-0.018679614761857862
1988-03-11,435.84870323017174,-0.006961716406263905
1988-03-14,438.3930718697095,0.005837733646287931
1988-03-15,438.0871135557329,-0.0006979086431994192
1988-03-16,442.5976244199024,0.010295922259753157
1988-03-17,447.5747800102385,0.011245328297591874
1988-03-18,449.56922823170413,0.004456122888380742
1988-03-21,442.2514425013257,-0.016277327874867093
1988-03-22,444.9579666167187,0.006119876285954424
1988-03-23,445.656995520296,0.0015709998607114843
1988-03-24,435.05351284768165,-0.023792923210450193
1988-03-25,427.8921537022947,-0.016460869603170458
1988-03-28,422.8078758674407,-0.01188214785165552
1988-03-29,428.53574819916815,0.013547222411540919
1988-03-30,425.7525386958612,-0.006494696218466747
1988-03-31,432.2318550314641,0.015218503113216746
1988-04-04,425.59773586391617,-0.015348519759296795
1988-04-05,429.00571837311065,0.008007520299130908
1988-04-06,438.88345753675276,0.02302472610645083
1988-04-07,441.4592460354866,0.005868957816707346
1988-04-08,448.2600462156964,0.015405272947127397
1988-04-11,449.65563850200897,0.0031133541748688143
1988-04-12,451.60244823028404,0.004329557024483666
1988-04-13,451.59773476336846,-1.0437204080774525e-05
1988-04-14,430.5802524860298,-0.04654027391955701
1988-04-15,429.0827613165263,-0.003477844515296544
1988-04-18,431.64502865229196,0.005971499129687716
1988-04-19,435.6004754108483,0.009163656467691154
1988-04-20,429.47100714788485,-0.014071307560402068
1988-04-21,427.01234119248016,-0.005724870630342813
1988-04-22,428.86329784929376,0.0043346678263315895
1988-04-25,431.4690785504933,0.006076017029825655
1988-04-26,437.30679696791145,0.013529865076379944
1988-04-27,439.15505408975446,0.004226454138508552
1988-04-28,439.31368764318995,0.00036122447403974766
1988-04-29,440.30740411375234,0.0022619747540610427
1988-05-02,441.2711669930993,0.0021888409559836686
1988-05-03,446.9844354814718,0.012947296165538679
1988-05-04,445.48313303186603,-0.003358735406499377
1988-05-05,440.48255789658145,-0.011225060534282592
1988-05-06,440.2001047582295,-0.0006412356931923988
1988-05-09,432.6704333542889,-0.017105110431711736
1988-05-10,430.66638229215397,-0.004631818834022233
1988-05-11,416.3930383869106,-0.03314246129283593
1988-05-12,418.5563776256434,0.005195426050141146
1988-05-13,423.573891977951,0.011987666705189463
1988-05-16,425.34043742584015,0.004170572080446197
1988-05-17,422.8086427512193,-0.005952395897138885
1988-05-18,410.74445429962134,-0.02853344807025734
1988-05-19,409.01943137676477,-0.004199747324155484
1988-05-20,408.4597680116379,-0.0013683050784238423
1988-05-23,402.073013026523,-0.01563619108977441
1988-05-24,406.21190721457833,0.010293887065189161
1988-05-25,407.41225497881805,0.0029549792680145224
1988-05-26,410.81982808018023,0.008363943547891878
1988-05-27,409.3419154064431,-0.003597471623128883
1988-05-31,417.28533145280824,0.01940533267519889
1988-06-01,427.28892922305414,0.02397303958760699
1988-06-02,426.8527929352457,-0.0010207057987705998
1988-06-03,431.81740590965796,0.011630737941933615
1988-06-06,437.3073754965867,0.01271363662463693
1988-06-07,437.16520460643324,-0.00032510517343098123
1988-06-08,446.519650672895,0.02139796572987399
1988-06-09,449.2168589949019,0.00604051427063125
1988-06-10,452.99630160912534,0.008413403323018048
1988-06-13,454.0829748237984,0.002398856703273395
1988-06-14,458.04544598714193,0.00872631519576603
1988-06-15,459.2657909632795,0.002664244316429408
1988-06-16,454.5147803469879,-0.010344795344601414
1988-06-17,454.01620847596797,-0.0010969321407750005
1988-06-20,451.6062836502129,-0.005308014957978386
1988-06-21,455.6492741586613,0.008952467347819066
1988-06-22,462.10682504789503,0.014172196150553179
1988-06-23,463.2129622311467,0.002393682852740825
1988-06-24,464.53345796177246,0.002850731387708316
1988-06-27,458.0852052388186,-0.013881137327000689
1988-06-28,464.29710014362826,0.013560566536024918
1988-06-29,464.1958818501559,-0.00021800328591548324
1988-06-30,471.2295959318104,0.015152469801369483
1988-07-01,471.2225697592321,-1.4910295616009087e-05
1988-07-05,474.29859805935547,0.006527760972262049
1988-07-06,472.63886241977883,-0.0034993475552481373
1988-07-07,472.51215244092504,-0.00026809047864808294
1988-07-08,469.80441984740816,-0.005730503606159502
1988-07-11,469.14022886425954,-0.0014137606099244014
1988-07-12,467.5621854437234,-0.0033636923961017084
1988-07-13,467.57918294767614,3.635346159710104e-05
1988-07-14,470.13865400703673,0.00547387726550475
1988-07-15,469.86957396964976,-0.000572341872112774
1988-07-18,470.06293456428386,0.0004115197181220613
1988-07-19,461.67319427162045,-0.01784812133813551
1988-07-20,462.4220560379692,0.0016220603137468998
1988-07-21,455.8034345606186,-0.014312945048639968
1988-07-22,452.18744057765866,-0.007933231100914522
1988-07-25,451.42397808964523,-0.0016883761456048443
1988-07-26,448.2467684282458,-0.007038194282113482
1988-07-27,442.4321858715149,-0.012971833744879889
1988-07-28,444.11272711128646,0.0037984154259962377
1988-07-29,451.5545542958422,0.016756617701457917
1988-08-01,452.890597021245,0.0029587625962189204
1988-08-02,452.3480939917722,-0.0011978677257618703
1988-08-03,453.95226253505035,0.003546314364059965
1988-08-04,454.67100141066425,0.0015832917575961747
1988-08-05,451.90584470188355,-0.006081664984574672
1988-08-08,451.56296366850864,-0.0007587444096924925
1988-08-09,443.4967581210975,-0.017862858995080225
1988-08-10,430.21812223943385,-0.02994077327175833
1988-08-11,431.5102332645957,0.00300338586026065
1988-08-12,431.07396688963235,-0.0010110220832140096
1988-08-15,419.7556041645936,-0.026256196370904046
1988-08-16,423.2539073084294,0.008334142794348735
1988-08-17,424.44514674447623,0.0028144794778675987
1988-08-18,426.630656654255,0.005149098597408272
1988-08-19,427.0118295039035,0.0008934492721123129
1988-08-22,418.448264232471,-0.020054632400656382
1988-08-23,417.93054695192995,-0.0012372312775406904
1988-08-24,423.45511476619856,0.013218865800934199
1988-08-25,418.9024633805805,-0.010751201784707948
1988-08-26,419.70608526971375,0.001918398575763718
1988-08-29,423.48636349763507,0.009006965494655555
1988-08-30,424.04603903192566,0.0013215904513859441
1988-08-31,424.1104065383857,0.00015179367459016875
1988-09-01,415.9527307589301,-0.019234792765494776
1988-09-02,423.801739715331,0.018869954146183716
1988-09-06,425.3647351271219,0.0036880344399737638
1988-09-07,426.714124875524,0.0031723122228241654
1988-09-08,430.6395238361056,0.009199130592938887
1988-09-09,434.80904608079805,0.009682163419536396
1988-09-12,435.6623556582522,0.0019624926968414436
1988-09-13,436.29659265330787,0.0014557993979016637
1988-09-14,439.578305133787,0.007521746756080912
1988-09-15,436.87100221453676,-0.006158863819328509
1988-09-16,439.56062086133045,0.006156551094395635
1988-09-19,438.26422023705027,-0.002949310203766308
1988-09-20,439.69978994943114,0.003275580451455406
1988-09-21,441.4808870605503,0.004050711762504938
1988-09-22,441.2924891169121,-0.00042674088315023274
1988-09-23,441.471078664143,0.0004046965485143415
1988-09-26,436.15833363028975,-0.012034185908461394
1988-09-27,434.8776106711935,-0.0029363716346684373
1988-09-28,437.2170799983494,0.005379603984544421
1988-09-29,443.46370755568233,0.014287245039367048
1988-09-30,447.2034291961604,0.008432982399148279
1988-10-03,439.5281850899356,-0.017162757718608986
1988-10-04,438.8146319224717,-0.001623452583178285
1988-10-05,439.47235325845827,0.001498859172277609
1988-10-06,440.83905635811414,0.003109872758826679
1988-10-07,441.95583692249556,0.0025333067664363843
1988-10-10,441.3219572650466,-0.0014342601782633686
1988-10-11,440.76745285620467,-0.00125646231671384
1988-10-12,434.44753010244165,-0.014338451518617158
1988-10-13,436.44190847149997,0.004590608142226322
1988-10-14,438.94130862938283,0.005726764798175007
1988-10-17,439.68018928008894,0.001683324481383067
1988-10-18,442.43894118979466,0.006274451241987517
1988-10-19,441.24251695414523,-0.0027041567191893943
1988-10-20,447.7115436502135,0.014660932361467208
1988-10-21,447.5676794449236,-0.0003213323563582111
1988-10-24,444.2107047208932,-0.0075004851292965755
1988-10-25,441.5898763224034,-0.005899966773958134
1988-10-26,439.3889503486318,-0.004984095179221761
1988-10-27,431.51316255204347,-0.01792441023002353
1988-10-28,433.7469299451492,0.0051765915549246274
1988-10-31,432.78184187896954,-0.00222500264451831
1988-11-01,432.46064701691637,-0.000742163443499991
1988-11-02,431.0990441130611,-0.003148501287336772
1988-11-03,433.2628565353714,0.005019293018294853
1988-11-04,429.2288274492666,-0.009310812190002385
1988-11-07,418.8525992706982,-0.024174117661737944
1988-11-08,423.96674318687275,0.012209889409972119
1988-11-09,421.43390616013596,-0.005974140819862351
1988-11-10,422.8362389471747,0.003327527203057649
1988-11-11,412.3958824837765,-0.02469125278711623
1988-11-14,409.0999081811596,-0.00799225802829541
1988-11-15,408.5262259409866,-0.0014023035173083963
1988-11-16,398.92907802110415,-0.02349212195074303
1988-11-17,398.0815217749078,-0.002124578760717798
1988-11-18,398.34009250653395,0.0006495421602924058
1988-11-21,392.700508720976,-0.014157710689052586
1988-11-22,393.25884893610936,0.0014217965160062496
1988-11-23,398.3597258126159,0.01297078728248853
1988-11-25,395.237073840592,-0.007838774277831443
1988-11-28,394.4134489794828,-0.0020838755157908478
1988-11-29,398.7863595265133,0.011087123317790274
1988-11-30,405.86901875129314,0.017760535323197057
1988-12-01,411.0897434382875,0.012863077608280147
1988-12-02,411.109080372201,4.7038230026881575e-05
1988-12-05,414.2016490245558,0.007522501447924481
1988-12-06,417.6410961675768,0.008303798768355571
1988-12-07,416.15338952402567,-0.003562165354901292
1988-12-08,413.5628473931806,-0.006224969436889499
1988-12-09,413.4497197509163,-0.0002735440162902485
1988-12-12,411.03876623369723,-0.005831310077248418
1988-12-13,408.28993744664723,-0.006687517122137269
1988-12-14,407.76201625824353,-0.0012930056315009686
1988-12-15,408.21900223588995,0.0011207173778466852
1988-12-16,414.2575592014136,0.014792444576194101
1988-12-19,415.35084637430674,0.00263914839599006
1988-12-20,414.5311196531911,-0.001973576623885945
1988-12-21,413.46982105729757,-0.002560238654172628
1988-12-22,415.38228121600844,0.004625392377660104
1988-12-23,417.16643596872547,0.004295211503711796
1988-12-27,415.3401057739643,-0.004377941361749616
1988-12-28,415.5354291624305,0.0004702733633253256
1988-12-29,420.5174246918845,0.011989339969147462
1988-12-30,425.6170196256159,0.012126952735592132
1989-01-03,418.99951206247687,-0.015548033227054718
1989-01-04,428.2076432749721,0.02197647240009721
1989-01-05,430.4210853554747,0.005169085875193595
1989-01-06,432.46031170204145,0.004737747326859271
1989-01-09,433.39808474770155,0.002168460365690642
1989-01-10,431.75347452078717,-0.0037946873435579917
1989-01-11,433.278155964253,0.0035313704079813152
1989-01-12,437.0091952006487,0.008611187028555137
1989-01-13,437.0968370876751,0.00020054929733498365
1989-01-16,437.42745463328026,0.0007563942759411248
1989-01-17,434.3756935699485,-0.006976610706546043
1989-01-18,440.65174323432154,0.01444843658905698
1989-01-19,445.54371242393233,0.011101667620113059
1989-01-20,446.7704138133867,0.0027532683219355313
1989-01-23,442.67512191529914,-0.009166434865577507
1989-01-24,447.121260771234,0.010043796535703232
1989-01-25,451.67990886887316,0.010195552074119681
1989-01-26,458.5991642984284,0.015318935586227192
1989-01-27,460.5110648799589,0.004169001451311742
1989-01-30,463.1330604123164,0.005693664565999163
1989-01-31,467.8604646866424,0.01020744291093652
1989-02-01,472.2610958331492,0.009405862385602988
1989-02-02,476.68137644543344,0.009359823731586649
1989-02-03,479.3800345620347,0.005661345817042335
1989-02-06,478.2480826251315,-0.0023612830224299963
1989-02-07,485.6616017583053,0.015501409001956935
1989-02-08,482.6622155463274,-0.0061758767856441976
1989-02-09,478.82092692875926,-0.007958544285925065
1989-02-10,469.24602716750854,-0.019996828089084994
1989-02-13,466.38070084958207,-0.006106234580657662
1989-02-14,468.0248116167426,0.0035252547203724065
1989-02-15,472.9311665266473,0.010483108562035862
1989-02-16,476.4110862083737,0.007358194866462201
1989-02-17,479.80906557907764,0.007132452348553704
1989-02-21,477.491590886689,-0.004829993550854901
1989-02-22,468.2485380298779,-0.01935751965735552
1989-02-23,469.49837881884656,0.0026691824692657274
1989-02-24,462.15333985100756,-0.015644439468177694
1989-02-27,459.5009770452543,-0.005739140187991311
1989-02-28,461.1769392646565,0.003647352896133567
1989-03-01,461.28644562483146,0.00023744977437425174
1989-03-02,467.4879583205427,0.013443951701878142
1989-03-03,470.7796536964893,0.007041240993184048
1989-03-06,475.7695751998226,0.01059927179127916
1989-03-07,475.48091953183626,-0.0006067131717389187
1989-03-08,475.89477187894283,0.000870386865395249
1989-03-09,474.08380362850846,-0.0038053963973679475
1989-03-10,474.52045845812063,0.0009210498782495914
1989-03-13,475.76057135519824,0.0026134023833390254
1989-03-14,474.3720620258086,-0.002918504417956529
1989-03-15,476.53772737375243,0.004565330720985819
1989-03-16,482.3610978317906,0.012220166680466812
1989-03-17,465.0139845264236,-0.0359629194463279
1989-03-20,456.18422159790913,-0.018988166425805007
1989-03-21,463.57379770034896,0.016198666574998622
1989-03-22,460.7059245100458,-0.006186443678503387
1989-03-23,461.4589441000868,0.001634490788981888
1989-03-27,460.1912922382818,-0.0027470523174648936
1989-03-28,464.7807170654073,0.009972863251721665
1989-03-29,467.2215614135598,0.005251604161988003
1989-03-30,469.1127401241852,0.00404771283436439
1989-03-31,474.04537964592834,0.01051482746010556
1989-04-03,475.88716705846645,0.003885255487383472
1989-04-04,474.68851370198144,-0.0025187763811621807
1989-04-05,477.19884495274755,0.005288375804985465
1989-04-06,476.8635113034379,-0.0007027126173007129
1989-04-07,482.62641469495554,0.012085016477284122
1989-04-10,483.3287832117517,0.0014553047562474004
1989-04-11,488.86868736627605,0.011461978568111151
1989-04-12,493.8242452019412,0.010136787165409715
1989-04-13,489.3948329988518,-0.008969612663060067
1989-04-14,498.3250516078093,0.018247472197930707
1989-04-17,498.19769878092666,-0.0002555617592809572
1989-04-18,505.1515119038635,0.013957939067066275
1989-04-19,507.9016033567103,0.005444092293185579
1989-04-20,506.8304309015229,-0.002109015699316675
1989-04-21,512.1334111755068,0.010463026587711564
1989-04-24,510.40443409935335,-0.0033760286644546047
1989-04-25,509.1620312523385,-0.002434153710296664
1989-04-26,510.6676973541752,0.0029571452885702697
1989-04-27,517.3135327230416,0.013014011662181182
1989-04-28,520.5293251853776,0.006216331603406389
1989-05-01,520.0021042611428,-0.0010128553738006345
1989-05-02,521.253848226834,0.0024071901929508797
1989-05-03,523.1157173119207,0.003571904728224476
1989-05-04,523.9558325061013,0.0016059834686247038
1989-05-05,527.5307717241475,0.006822978190636967
1989-05-08,523.7157036399495,-0.007231934682651975
1989-05-09,522.7503059443814,-0.0018433621311304343
1989-05-10,524.2719718934655,0.0029108848560790886
1989-05-11,526.5764789364443,0.004395632737443178
1989-05-12,536.7359443214134,0.019293428004017
1989-05-15,539.7999970020193,0.005708678006426046
1989-05-16,538.3238610628994,-0.002734597901663971
1989-05-17,545.2771900913856,0.012916627947267967
1989-05-18,548.3692113111421,0.0056705493571778485
1989-05-19,553.8382839356804,0.009973340063097025
1989-05-22,552.8080276427829,-0.0018602114060736834
1989-05-23,548.6110453872608,-0.0075921152473461765
1989-05-24,551.8346601021472,0.005875956639937651
1989-05-25,555.2170107888827,0.00612928279298269
1989-05-26,560.9156279022064,0.010263765343260626
1989-05-30,557.9182243986577,-0.005343768927884732
1989-05-31,562.7228924529073,0.008611778293186805
1989-06-01,568.0263899221655,0.009424705375216237
1989-06-02,576.2930834234937,0.014553361688813283
1989-06-05,566.2527436910395,-0.01742228047022378
1989-06-06,566.4356597306149,0.00032302896827146767
1989-06-07,577.0378540051728,0.018717384918174
1989-06-08,581.483338767113,0.007703974238578002
1989-06-09,580.4885911136215,-0.0017107070610150015
1989-06-12,579.4524838390865,-0.0017848882654994322
1989-06-13,572.5299364737516,-0.011946704101552033
1989-06-14,572.179417115197,-0.0006122288743771411
1989-06-15,563.0681090190308,-0.01592386552823487
1989-06-16,563.2253081921456,0.00027918322951850106
1989-06-19,560.0445142856651,-0.005647462676509142
1989-06-20,556.1338292737313,-0.006982811030515639
1989-06-21,554.2141171295758,-0.0034518888136377355
1989-06-22,557.767091539308,0.006410833466556335
1989-06-23,565.238387070676,0.013395009574245366
1989-06-26,562.1795540685685,-0.005411580444774655
1989-06-27,565.2271586975191,0.005421052058714588
1989-06-28,555.9079535837167,-0.016487539514692087
1989-06-29,538.3214339305152,-0.03163566835089902
1989-06-30,531.7653217370352,-0.01217880578451257
1989-07-03,533.1604414980143,0.0026235628837583953
1989-07-05,535.2323953068525,0.0038861731808470423
1989-07-06,541.5617268068273,0.011825389411166428
1989-07-07,548.4689898788295,0.01275434125068064
1989-07-10,548.7881601705751,0.0005819295122157322
1989-07-11,553.1589302945323,0.007964403099729341
1989-07-12,558.7905440494164,0.010180824075072818
1989-07-13,561.3729346954143,0.0046213928877248765
1989-07-14,563.7852435854569,0.004297159233997299
1989-07-17,565.8868085696311,0.0037275984217128217
1989-07-18,560.6845832952516,-0.009193049202770583
1989-07-19,569.0031627707414,0.01483646906536964
1989-07-20,563.8632364363925,-0.0090332122396652
1989-07-21,563.8687180066047,9.72145346239741e-06
1989-07-24,555.2003705246692,-0.01537298879175272
1989-07-25,556.3021830062033,0.0019845312431849733
1989-07-26,562.787565909813,0.011658021668301407
1989-07-27,571.0885231277282,0.014749716803880769
1989-07-28,571.8251999913999,0.0012899521419851253
1989-07-31,574.0361456744944,0.0038664712277943257
1989-08-01,572.5226199353013,-0.0026366383904530164
1989-08-02,574.3963436776438,0.00327275059028088
1989-08-03,581.4843815831807,0.012339977410292897
1989-08-04,582.6077349413353,0.0019318719362607722
1989-08-07,593.2148050815181,0.01820619518766064
1989-08-08,597.1226873433357,0.006587634408889232
1989-08-09,594.7014266596386,-0.0040548797341288375
1989-08-10,597.507116485808,0.004717812502869807
1989-08-11,594.621501915584,-0.004829422931722546
1989-08-14,587.8388546230174,-0.011406663349233355
1989-08-15,590.0651239562916,0.003787210246083442
1989-08-16,589.6322605930537,-0.0007335857444608734
1989-08-17,589.6091105493921,-3.926183353381227e-05
1989-08-18,592.400743326872,0.0047347178453174075
1989-08-21,582.6870125720119,-0.0163972291802144
1989-08-22,582.63925165832,-8.196666934650733e-05
1989-08-23,590.9555839946955,0.014273553168114522
1989-08-24,601.5818776326212,0.01798154366542201
1989-08-25,603.7006433721215,0.00352199063548614
1989-08-28,604.4533056243912,0.0012467474741545566
1989-08-29,602.7203119383146,-0.002867043111438357
1989-08-30,606.9841646109484,0.007074347069740328
1989-08-31,609.6029528190563,0.004314425912225453
1989-09-01,614.6946767411938,0.0083525250305813
1989-09-05,614.3799228648985,-0.0005120491330166811
1989-09-06,608.5930140431817,-0.009419104704352933
1989-09-07,609.5788343456826,0.0016198350617788806
1989-09-08,613.6800924573237,0.0067280192168144605
1989-09-11,610.9704876634247,-0.0044153376118966
1989-09-12,614.5809028795675,0.005909311970125201
1989-09-13,614.3719250470052,-0.00034003307226616186
1989-09-14,606.2983026539483,-0.013141261935820329
1989-09-15,603.039320142027,-0.00537521298947361
1989-09-18,600.9001674903893,-0.0035472855254843096
1989-09-19,601.1840985683974,0.0004725095670947589
1989-09-20,600.2065722349253,-0.0016260016454193744
1989-09-21,600.7989678151537,0.0009869861604856515
1989-09-22,603.4241975971735,0.004369564401161569
1989-09-25,599.5322763975734,-0.006449726767832173
1989-09-26,602.3078295238026,0.004629530778404218
1989-09-27,601.9993730371722,-0.0005121243183478898
1989-09-28,610.545304324315,0.014195913932646347
1989-09-29,615.0286995027161,0.007343263713022635
1989-10-02,620.5401575395827,0.008961302198292317
1989-10-03,625.8666289493426,0.008583604695108151
1989-10-04,631.0835805747341,0.008335564454282112
1989-10-05,634.4777863458618,0.00537837756456363
1989-10-06,642.210002468826,0.012186740480697325
1989-10-09,647.3503553810382,0.008004162022471277
1989-10-10,642.9744458246685,-0.006759723726101981
1989-10-11,637.5783927772922,-0.008392328936891751
1989-10-12,637.5220074530774,-8.84366924184771e-05
1989-10-13,597.9865638363002,-0.062014241319641145
1989-10-16,581.4549777527235,-0.027645413932916033
1989-10-17,578.6823743013923,-0.004768388882054183
1989-10-18,586.9891036958011,0.014354557462436808
1989-10-19,605.9202605772231,0.032251291825057
1989-10-20,605.4566538994133,-0.0007651281991596739
1989-10-23,596.1940250448846,-0.015298582970181485
1989-10-24,581.9795658013443,-0.023842002177848386
1989-10-25,584.8557005237662,0.004941985752475208
1989-10-26,572.753337445686,-0.020692904364686817
1989-10-27,559.1548624818662,-0.02374228847703459
1989-10-30,555.3644922842467,-0.0067787485220025855
1989-10-31,565.7292543018485,0.018662990093174438
1989-11-01,568.1169401584154,0.004220545143124083
1989-11-02,559.2871308883565,-0.01554223901085715
1989-11-03,558.7484273685616,-0.0009631967017358338
1989-11-06,546.1797267044658,-0.022494382173545213
1989-11-07,549.4281647946447,0.005947562553775406
1989-11-08,560.6812130840194,0.02048138229968741
1989-11-09,560.6112508966917,-0.00012478068766196031
1989-11-10,565.7267672259206,0.009124890592271865
1989-11-13,564.7454209820231,-0.001734664683995223
1989-11-14,559.8935958765088,-0.008591172102073143
1989-11-15,564.238462404309,0.007760164716651707
1989-11-16,562.7320138870002,-0.0026698791693312344
1989-11-17,566.171938882411,0.006112900831161195
1989-11-20,563.3062758826914,-0.00506147126502995
1989-11-21,559.3049854253145,-0.0071032236434910995
1989-11-22,561.6490614747373,0.004191051591718443
1989-11-24,565.0872987218611,0.006121682529114971
1989-11-27,563.5879014821589,-0.00265339044620812
1989-11-28,564.6786949725248,0.0019354451852094709
1989-11-29,562.456368768019,-0.003935558795278982
1989-11-30,563.0276587234677,0.0010157053723116433
1989-12-01,565.4014248357355,0.004216073714122363
1989-12-04,567.9595009731667,0.004524353892766268
1989-12-05,568.5078330542751,0.0009654422193289036
1989-12-06,563.725183122207,-0.008412636825729685
1989-12-07,562.7163926566116,-0.0017895075398410346
1989-12-08,562.3746294525006,-0.0006073453849415742
1989-12-11,552.6470894125765,-0.017297259745508557
1989-12-12,547.6677324402773,-0.00901001211748331
1989-12-13,549.2776928788865,0.0029396664131290376
1989-12-14,540.2484252379768,-0.01643843862215706
1989-12-15,531.3441802243286,-0.01648176023784965
1989-12-18,512.3053252530531,-0.03583149242970441
1989-12-19,508.2484979765668,-0.007918768508764563
1989-12-20,514.2016073092483,0.011712989524576837
1989-12-21,523.8597874072977,0.018782866410296663
1989-12-22,532.0143020064719,0.015566215989840943
1989-12-26,533.2127260609097,0.0022526162359133442
1989-12-27,541.6016887528675,0.015732862855564203
1989-12-28,544.3101905195396,0.005000910859249478
1989-12-29,555.9035569534215,0.02129919049065792
1990-01-02,566.4791086105281,0.01902407625355925
1990-01-03,570.2556711613602,0.0066667287344371745
1990-01-04,566.4225764588492,-0.006721712551678184
1990-01-05,563.4414795452901,-0.005263026294248866
1990-01-08,564.360320447467,0.0016307654575206448
1990-01-09,559.4911221682311,-0.008627818262232105
1990-01-10,544.5262773402998,-0.02674724269070999
1990-01-11,539.9879820996964,-0.008334391616085674
1990-01-12,517.9053310933145,-0.04089470828686853
1990-01-15,510.3869719244166,-0.014516859969420329
1990-01-16,518.5295871464507,0.015953806954225973
1990-01-17,514.9547703319719,-0.006894142404007592
1990-01-18,512.1441945093505,-0.0054579081203761865
1990-01-19,519.9236560110605,0.01518998279217614
1990-01-22,498.573927804917,-0.041063198335582876
1990-01-23,494.9805411734964,-0.007207329607549417
1990-01-24,483.9487878934206,-0.022287246391387024
1990-01-25,482.91182062721026,-0.002142721073285783
1990-01-26,473.9494937856191,-0.018558930344572656
1990-01-29,466.4644680781244,-0.015792876257149025
1990-01-30,449.8961799682465,-0.03551886423019694
1990-01-31,460.9710164593236,0.02461642704292083
1990-02-01,465.21654511050593,0.009209968739015032
1990-02-02,475.0487958292995,0.02113478297823219
1990-02-05,480.4782436923907,0.011429242449952862
1990-02-06,478.72263301399846,-0.003653881734375048
1990-02-07,484.9644789404099,0.013038543607419071
1990-02-08,486.08685260223183,0.002314341999385537
1990-02-09,489.4626244230049,0.0069447914558913
1990-02-12,483.5984923553997,-0.011980755577646135
1990-02-13,482.0875248780013,-0.0031244255333366965
1990-02-14,483.84026728978176,0.003635734843427001
1990-02-15,490.67747944659567,0.014131135044035036
1990-02-16,489.2238247745958,-0.0029625461385335257
1990-02-20,477.07841206484505,-0.024825881518232677
1990-02-21,471.7971960233515,-0.011069912005944498
1990-02-22,474.47073247166503,0.005666706947069661
1990-02-23,467.1400581443855,-0.01545021394489773
1990-02-26,470.0874175295236,0.006309369821217758
1990-02-27,473.71536764705354,0.00771760736885107
1990-02-28,480.8539365971957,0.015069321026251274
1990-03-01,483.88915620963644,0.006312144668960741
1990-03-02,492.4381933862766,0.017667346058353146
1990-03-05,490.2001204730619,-0.004544880846517012
1990-03-06,495.0857901713625,0.00996668400159871
1990-03-07,495.32260868857355,0.0004783383444092305
1990-03-08,504.47013540264567,0.018467815830759852
1990-03-09,504.9856934479176,0.0010219793186774836
1990-03-12,504.2667049229135,-0.0014237799888844737
1990-03-13,499.6071629969436,-0.009240233155354147
1990-03-14,503.13241709491047,0.007056051952538619
1990-03-15,507.4538916583982,0.008589139591600969
1990-03-16,516.866949175218,0.01854958188626201
1990-03-19,518.357847714528,0.002884491921352464
1990-03-20,511.64592482703006,-0.012948434979987768
1990-03-21,509.7456078537659,-0.0037141251030322017
1990-03-22,498.54306322045426,-0.021976735965374642
1990-03-23,504.74623144847266,0.01244259259761354
1990-03-26,508.1607297034861,0.006764782067247707
1990-03-27,509.6032023370383,0.0028386149287724814
1990-03-28,503.00049108363413,-0.012956573316502261
1990-03-29,499.9896316710435,-0.005985798157182985
1990-03-30,500.18056615367055,0.0003818768841043623
1990-04-02,494.5059841488607,-0.011345066939418991
1990-04-03,504.6279069065193,0.02046875686465229
1990-04-04,499.3999078981994,-0.010360106797043186
1990-04-05,494.7275984625646,-0.009355847611784684
1990-04-06,488.8909216779241,-0.011797758610554147
1990-04-09,487.0087953425947,-0.0038497878603876465
1990-04-10,490.82077754704227,0.007827337495549671
1990-04-11,494.44241078713776,0.00737872846010141
1990-04-12,500.69989277863533,0.012655633608645824
1990-04-16,501.2558997144863,0.0011104594665787778
1990-04-17,498.2325933037655,-0.006031462996132137
1990-04-18,489.2230266497032,-0.018083053527911796
1990-04-19,483.42624300762236,-0.011848959117436336
1990-04-20,476.1099010305516,-0.01513435003352802
1990-04-23,463.09844664757793,-0.027328678430778474
1990-04-24,461.05775554877334,-0.004406603204086306
1990-04-25,463.99335656828964,0.0063671003994331095
1990-04-26,465.0180705550044,0.0022084669364526356
1990-04-27,458.1362406704862,-0.014799059047973434
1990-04-30,462.48511418471765,0.009492533286314293
1990-05-01,466.32626716305197,0.00830546294469527
1990-05-02,470.07210399804717,0.008032652455508089
1990-05-03,474.12082058435686,0.008612969269766511
1990-05-04,481.10599702871656,0.01473290381078485
1990-05-07,486.7434148398063,0.011717621160214322
1990-05-08,488.038055774884,0.0026598016441657865
1990-05-09,486.8252872873456,-0.0024849875397788125
1990-05-10,490.9413814781705,0.008454972036806677
1990-05-11,501.96450317657565,0.022453030268533788
1990-05-14,509.7528808359835,0.015515793666924068
1990-05-15,511.721235898864,0.0038613907579147034
1990-05-16,512.6291254502681,0.0017741877563656374
1990-05-17,519.0466885090318,0.012518920092819031
1990-05-18,524.9441338057122,0.011362070941288306
1990-05-21,535.403301807601,0.019924344950885495
1990-05-22,537.6770355812669,0.004246768307160981
1990-05-23,544.6462008591329,0.012961619739500057
1990-05-24,547.9396193742513,0.006046895232030044
1990-05-25,536.8471624284625,-0.02024394030578841
1990-05-29,545.523918200067,0.01616243202693768
1990-05-30,548.4363401597062,0.0053387612577073295
1990-05-31,548.8216613997058,0.0007025815245711102
1990-06-01,556.2859916915093,0.013600648109927957
1990-06-04,564.3814837701896,0.014552752000934404
1990-06-05,561.8616584598395,-0.004464755458519138
1990-06-06,562.6130500511787,0.0013373249091223373
1990-06-07,560.4123483350354,-0.003911572466979062
1990-06-08,552.5408335740477,-0.014045933827785403
1990-06-11,556.8639806901215,0.007824122405777588
1990-06-12,565.8423943225832,0.01612317180460256
1990-06-13,571.3254531633227,0.009690081364977406
1990-06-14,566.9394524333914,-0.00767688662503451
1990-06-15,567.935829928326,0.0017574672051098833
1990-06-18,551.2245233805738,-0.02942463860725462
1990-06-19,550.509137700341,-0.0012978117806615906
1990-06-20,551.0614343299711,0.0010032469795820613
1990-06-21,552.0922583833515,0.0018706154870622765
1990-06-22,547.3548240244488,-0.008580874458871877
1990-06-25,538.282513479428,-0.016574825226379444
1990-06-26,537.5770582161109,-0.0013105669340009677
1990-06-27,541.0511547407175,0.006462508902695706
1990-06-28,549.225293437546,0.015107885132868268
1990-06-29,553.6894945530709,0.008128178306544971
1990-07-02,552.809395479025,-0.001589517378790577
1990-07-03,552.0457825337146,-0.0013813313441404086
1990-07-05,545.7138429300624,-0.011469953768309903
1990-07-06,548.8064299981838,0.005667048963824517
1990-07-09,551.2685405895846,0.004486300554840328
1990-07-10,549.479652944199,-0.0032450385133033204
1990-07-11,556.3717811455775,0.01254300894391525
1990-07-12,564.1212337912618,0.013928550850886194
1990-07-13,567.0928427412773,0.005267677889102507
1990-07-16,569.6133795738939,0.004444663453046826
1990-07-17,557.0960644769548,-0.02197510723203661
1990-07-18,548.2221513790537,-0.015928874145310343
1990-07-19,541.8240962571363,-0.011670551993973717
1990-07-20,534.8733753269652,-0.012828371750510891
1990-07-23,509.624405239887,-0.04720550928833137
1990-07-24,504.77013162983104,-0.009525198479792107
1990-07-25,511.27715415015604,0.012891060925722262
1990-07-26,511.1446761537047,-0.0002591119031546472
1990-07-27,504.54015630694806,-0.012921038122620765
1990-07-30,496.96525805587214,-0.015013469505621706
1990-07-31,494.302296951088,-0.0053584452064147055
1990-08-01,488.96246889246146,-0.010802757930851602
1990-08-02,473.1309406147638,-0.03237779847103055
1990-08-03,447.8327734685743,-0.05346969511932207
1990-08-06,410.23047543607277,-0.0839650428914851
1990-08-07,414.34494969122863,0.010029665033496468
1990-08-08,425.9194872758428,0.027934544859879486
1990-08-09,436.81579447858314,0.02558302103628207
1990-08-10,426.2704408099731,-0.024141420255185217
1990-08-13,426.6180587682228,0.0008154868951015771
1990-08-14,430.7879746131313,0.009774353802434955
1990-08-15,433.06671622640016,0.005289705719652997
1990-08-16,413.6687957834376,-0.04479199097078994
1990-08-17,395.5411720735609,-0.043821588417238884
1990-08-20,385.4891737054047,-0.025413279521472404
1990-08-21,367.74610258920495,-0.0460274174386003
1990-08-22,358.30809418274254,-0.0256644688822312
1990-08-23,330.2970252546521,-0.07817593122471952
1990-08-24,343.2798653549788,0.0393065607851516
1990-08-27,369.160115492749,0.07539111013985035
1990-08-28,372.17660807287785,0.008171231001221392
1990-08-29,370.013865980094,-0.005811064010665438
1990-08-30,363.9422957697029,-0.01640903427850921
1990-08-31,368.7437466216162,0.013192890487649095
1990-09-04,369.3839254742701,0.0017361076859446947
1990-09-05,370.8118101366341,0.003865584190028513
1990-09-06,363.65159265546566,-0.01930957236375528
1990-09-07,366.66221351750613,0.00827886065356199
1990-09-10,369.07859809232934,0.006590219787422503
1990-09-11,364.6845849311413,-0.011905358869085239
1990-09-12,366.21807512974596,0.0042049767442027515
1990-09-13,358.18308387319695,-0.021940455161046715
1990-09-14,354.7708392302415,-0.009526537674692262
1990-09-17,354.003172019678,-0.002163839655562259
1990-09-18,350.34746785369657,-0.010326755393531423
1990-09-19,349.29041006323143,-0.0030171697741699075
1990-09-20,335.6047338112803,-0.03918136844774412
1990-09-21,331.5327731524658,-0.012133203881159543
1990-09-24,312.89554903367457,-0.05621532960851589
1990-09-25,317.49833177062436,0.014710285113242126
1990-09-26,308.94287162740585,-0.026946472743672133
1990-09-27,293.285872002095,-0.050679271357953914
1990-09-28,298.943937811345,0.01929198215592722
1990-10-01,316.38978902216843,0.05835827057925821
1990-10-02,319.4407914802797,0.009643176120002601
1990-10-03,310.5310275164265,-0.027891753969696873
1990-10-04,307.72170841808236,-0.009046822537549928
1990-10-05,303.2194311705697,-0.014631003027565846
1990-10-08,304.42717622674104,0.003983072758592248
1990-10-09,288.58326467253414,-0.052044997265310367
1990-10-10,278.5606605511354,-0.034730371952690096
1990-10-11,265.7410822507049,-0.0460207779342095
1990-10-12,268.86268451325805,0.011746780874506129
1990-10-15,271.99301819043967,0.01164287146373141
1990-10-16,265.1789170329154,-0.025052485548556404
1990-10-17,267.3177679319122,0.008065689847927542
1990-10-18,279.1340274017494,0.04420304554109128
1990-10-19,284.6522318482373,0.019769013824121533
1990-10-22,290.852749588183,0.021782782800211745
1990-10-23,290.75234540105527,-0.000345206250482067
1990-10-24,290.51558398488015,-0.0008143061265714105
1990-10-25,288.3534307805414,-0.007442468919158932
1990-10-26,279.1720865207316,-0.03184059310463841
1990-10-29,273.0854766315572,-0.021802358412800912
1990-10-30,271.4377100502582,-0.00603388580609912
1990-10-31,271.4082108051027,-0.00010867777049120483
1990-11-01,272.6129863873519,0.004438979862382715
1990-11-02,282.21465691278314,0.03522088456853023
1990-11-05,289.3017734999719,0.025112503598206107
1990-11-06,288.8622550298871,-0.001519238768458042
1990-11-07,282.48523299599987,-0.022076342349496066
1990-11-08,281.7160937151496,-0.0027227592490157567
1990-11-09,291.0151012584274,0.03300843562270989
1990-11-12,307.05417208993083,0.05511422177799761
1990-11-13,309.4658853635318,0.007854357611186046
1990-11-14,316.42946308247815,0.022501923631311312
1990-11-15,312.10208959142983,-0.013675633896077564
1990-11-16,305.69203479093534,-0.020538327086774236
1990-11-19,308.8128097261844,0.010208885348888485
1990-11-20,300.98614109956776,-0.025344378147902313
1990-11-21,301.76479486056695,0.0025870086847008043
1990-11-23,302.12983012727994,0.0012096681684874416
1990-11-26,301.66474789719445,-0.001539345618039656
1990-11-27,310.5894213325161,0.029584740999843706
1990-11-28,312.3088734936247,0.00553609377206604
1990-11-29,313.46983550090926,0.0037173519736968886
1990-11-30,319.2499867882564,0.018439258367908832
1990-12-03,323.1066799093036,0.012080480127333953
1990-12-04,328.0418304744774,0.015274059225761364
1990-12-05,340.1670179058851,0.03696232097555942
1990-12-06,342.7143092050917,0.007488354734942101
1990-12-07,341.2754464294713,-0.004198432154635674
1990-12-10,340.97350119016687,-0.0008847552393923183
1990-12-11,334.52716297608583,-0.018905686780879172
1990-12-12,338.8885827927336,0.013037565553262912
1990-12-13,340.8073372620964,0.005661903548212124
1990-12-14,335.8508146531135,-0.014543473884105618
1990-12-17,330.0163863732139,-0.017372083155212156
1990-12-18,337.9916422924577,0.02416624218842465
1990-12-19,339.85186516661526,0.005503754061906456
1990-12-20,341.7718028639172,0.0056493369437905835
1990-12-21,344.1007385611529,0.00681430029546071
1990-12-24,341.7338778013568,-0.006878394884280295
1990-12-26,341.59980384966076,-0.0003923343876780001
1990-12-27,339.0652755482941,-0.007419583596956985
1990-12-28,339.28200651455325,0.000639201303963269
1990-12-31,343.93566390421984,0.013716192725554955
1991-01-02,340.80569236149375,-0.009100456484203802
1991-01-03,332.1995711483922,-0.025252281302781388
1991-01-04,331.6769603011329,-0.0015731833892879755
1991-01-07,318.92938228510343,-0.03843371575901989
1991-01-08,316.7006607150235,-0.006988134972423304
1991-01-09,313.9330348253085,-0.008738933109474632
1991-01-10,321.752056730236,0.024906655361320924
1991-01-11,321.5052839742401,-0.0007669655899131823
1991-01-14,310.65274499313887,-0.033755398502162005
1991-01-15,313.3275113909514,0.008610148923266555
1991-01-16,327.15048951401616,0.04411670734465863
1991-01-17,346.1256472083214,0.05800131224774573
1991-01-18,348.26329615897566,0.006175933415785411
1991-01-21,353.1618048102581,0.014065532329442881
1991-01-22,351.87879003221883,-0.003632937539008891
1991-01-23,360.90311043622563,0.02564610502150615
1991-01-24,374.81630698322823,0.03855105745745896
1991-01-25,380.4284142289384,0.014972953794033565
1991-01-28,385.1728462053909,0.012471287104220689
1991-01-29,392.52956799729714,0.01909979341581972
1991-01-30,408.00931157458314,0.0394358663380808
1991-01-31,419.29249237597014,0.02765422376720552
1991-02-01,426.3147723532711,0.01674792681716864
1991-02-04,440.695597469376,0.03373288013624846
1991-02-05,456.00363898877566,0.03473608905399468
1991-02-06,470.81175286681986,0.03247367479540811
1991-02-07,461.69477679977416,-0.019364376550779574
1991-02-08,465.44644403541474,0.008125860252622219
1991-02-11,480.85895904869136,0.03311340157559341
1991-02-12,480.5491635288164,-0.0006442544410274331
1991-02-13,489.1365516054264,0.01786994698638163
1991-02-14,481.0930847161738,-0.016444215552594905
1991-02-15,490.5716555754888,0.019702155695933535
1991-02-19,493.8883048962954,0.006760784654212762
1991-02-20,484.4049746618025,-0.019201366261313163
1991-02-21,485.136640169237,0.0015104417702259802
1991-02-22,490.67254271433916,0.011411017199547992
1991-02-25,495.1974506930589,0.009221848758213549
1991-02-26,487.72504070128855,-0.015089758602982043
1991-02-27,494.4503233006166,0.0137890861409493
1991-02-28,499.29062018738574,0.00978924809768266
1991-03-01,507.3499756067117,0.0161416119059102
1991-03-04,516.9672479764259,0.018955894022096825
1991-03-05,543.6403031059432,0.05159525140891248
1991-03-06,545.3076895308509,0.0030670765492946525
1991-03-07,549.7166514581801,0.008085273712392364
1991-03-08,548.2036437235726,-0.0027523411026282732
1991-03-11,529.6636505475419,-0.033819536568748615
1991-03-12,516.5697315185051,-0.02472119620725501
1991-03-13,531.6974663059505,0.02928498102855527
1991-03-14,530.7564354286051,-0.0017698615039174726
1991-03-15,527.2975118128371,-0.006516969715072357
1991-03-18,527.088021586849,-0.00039729037458920537
1991-03-19,519.2106794801077,-0.014945022053481185
1991-03-20,526.5162061218164,0.014070447566725243
1991-03-21,523.0951930911256,-0.006497450583504597
1991-03-22,522.0275632021489,-0.0020409858532013585
1991-03-25,531.6273077274079,0.018389344168674944
1991-03-26,554.4490221918502,0.042928032726535816
1991-03-27,563.1964584062008,0.01577680880339578
1991-03-28,562.9745199976901,-0.00039406925451698115
1991-04-01,559.3789539841057,-0.00638672956921599
1991-04-02,583.3776786784706,0.04290244479781933
1991-04-03,592.4620709804557,0.015572060149034051
1991-04-04,598.432284136605,0.01007695420277175
1991-04-05,594.0884988856365,-0.007258607809295532
1991-04-08,593.5679216568915,-0.000876262088428577
1991-04-09,585.8658900216518,-0.01297582189707993
1991-04-10,581.7601713591204,-0.007007949656157271
1991-04-11,601.9705662198488,0.034740079943102
1991-04-12,607.4779547212902,0.009148933204534596
1991-04-15,605.399510999832,-0.00342143069605176
1991-04-16,619.6242901712313,0.023496515793193565
1991-04-17,630.7113542118296,0.01789320434409446
1991-04-18,619.0754418515097,-0.018448870917918858
1991-04-19,605.7405441255196,-0.021540020528206572
1991-04-22,589.0906570187101,-0.027486829581213162
1991-04-23,593.080842110326,0.006773465245246942
1991-04-24,598.6860935601122,0.009451074881868386
1991-04-25,592.8106259967386,-0.00981393693051205
1991-04-26,589.4266641478982,-0.005708335344277343
1991-04-29,572.7985931572956,-0.028210584966733707
1991-04-30,565.6457806681725,-0.012487482641492614
1991-05-01,572.8921764349385,0.012810836771744492
1991-05-02,580.5362312337621,0.013342920558615337
1991-05-03,582.7691121542294,0.003846238701970323
1991-05-06,581.119106372537,-0.0028313198954439227
1991-05-07,581.1297086761867,1.824463097750091e-05
1991-05-08,583.4340376620472,0.00396525758614145
1991-05-09,595.9303604497604,0.02141857001999547
1991-05-10,585.3579082122587,-0.017741086776519456
1991-05-13,586.3856196638557,0.001755697560720969
1991-05-14,574.120484041652,-0.02091650137879329
1991-05-15,548.901474711087,-0.04392633607675889
1991-05-16,557.3177323745251,0.015332911371513441
1991-05-17,556.3575489121168,-0.0017228654439493526
1991-05-20,553.2255058240631,-0.005629550806272037
1991-05-21,561.2342528160075,0.014476460155275869
1991-05-22,569.740717790354,0.01515671028926883
1991-05-23,575.0832742609836,0.009377171586664528
1991-05-24,582.2355930267775,0.012437014056764228
1991-05-28,592.629932740877,0.017852463570741595
1991-05-29,597.0503415488498,0.007458969862572829
1991-05-30,606.8943214671556,0.016487688278962853
1991-05-31,613.8748918071111,0.01150211839695625
1991-06-03,616.0852626292282,0.0036006861522063756
1991-06-04,616.3857666402051,0.0004877636736424061
1991-06-05,611.3396413341083,-0.008186635025014054
1991-06-06,605.8065362608819,-0.009050787318734441
1991-06-07,595.1437641503102,-0.01760095256875862
1991-06-10,588.5358721874292,-0.011103018062056262
1991-06-11,590.3026229411136,0.003001942340605031
1991-06-12,576.9998738316597,-0.022535473488453146
1991-06-13,577.1514666044505,0.00026272583351572183
1991-06-14,586.3280294138659,0.015899747883174817
1991-06-17,584.3688838347499,-0.0033413814125081527
1991-06-18,577.8535726909255,-0.01114931223077732
1991-06-19,563.1471063435454,-0.025450160806128795
1991-06-20,564.2953091149587,0.0020389037934841
1991-06-21,564.0973485770905,-0.0003508101780585186
1991-06-24,539.3290182809286,-0.04390790057538635
1991-06-25,534.8923799533089,-0.008226218462639172
1991-06-26,534.3395801525826,-0.0010334785490393587
1991-06-27,541.4224794972841,0.013255427087544163
1991-06-28,540.6386644179264,-0.0014476958549735199
1991-07-01,552.716185546433,0.022339358842397766
1991-07-02,546.8481024766884,-0.010616810622152053
1991-07-03,536.6031647007013,-0.018734521944187968
1991-07-05,535.8808200259656,-0.0013461431505693326
1991-07-08,548.0581961032171,0.022724037924442886
1991-07-09,557.4420937562542,0.017122082508313978
1991-07-10,565.5215474105029,0.014493798987812861
1991-07-11,568.2488181138424,0.004822576108421503
1991-07-12,578.2895325926429,0.017669573888649898
1991-07-15,586.2782841923375,0.013814449595652634
1991-07-16,580.0969265351546,-0.010543384982608473
1991-07-17,579.6136065345215,-0.0008331711107657744
1991-07-18,587.4942999120818,0.013596460277526198
1991-07-19,589.2071325258909,0.002915488055059228
1991-07-22,582.9603997970889,-0.010601929922373063
1991-07-23,570.3218013799773,-0.02168002907489219
1991-07-24,565.0677787760699,-0.009212382537708494
1991-07-25,571.6403214189176,0.011631423503006708
1991-07-26,577.2008276256931,0.009727281296346276
1991-07-29,578.5674444426576,0.0023676626081532174
1991-07-30,590.0470536541229,0.01984143650274664
1991-07-31,598.9145889828532,0.015028522342098335
1991-08-01,603.8866995076309,0.0083018691082846
1991-08-02,607.4654020110904,0.005926115786913975
1991-08-05,599.9241675913033,-0.01241426161032522
1991-08-06,606.0448135279539,0.01020236601106597
1991-08-07,611.4041381672137,0.008843116085857727
1991-08-08,615.9913048572283,0.007502675241560332
1991-08-09,613.3153144793843,-0.00434420154431281
1991-08-12,617.2024938794543,0.0063379787008413235
1991-08-13,627.7881747998766,0.01715106634434587
1991-08-14,635.7289958556835,0.01264888600097989
1991-08-15,630.7262851088414,-0.007869250544579258
1991-08-16,622.8328253218922,-0.012514873683418914
1991-08-19,586.5913881007515,-0.05818806547713734
1991-08-20,596.927022795075,0.017619820038251882
1991-08-21,634.7221392165866,0.0633161424733934
1991-08-22,635.4649986196927,0.0011703694533530496
1991-08-23,642.166845691051,0.010546366968936875
1991-08-26,642.7555576756107,0.0009167586095574225
1991-08-27,643.6010863342566,0.0013154746754792646
1991-08-28,654.7348285126602,0.017299135155003767
1991-08-29,654.9156551447327,0.00027618300447415504
1991-08-30,653.0809382429646,-0.0028014552520698706
1991-09-03,640.9576236177937,-0.018563265156363612
1991-09-04,633.5329334541138,-0.01158374577366325
1991-09-05,631.0451637483593,-0.003926819861109383
1991-09-06,631.0040538956763,-6.514565841655594e-05
1991-09-09,633.5661662447338,0.00406037383316257
1991-09-10,616.89291616156,-0.026316509579416628
1991-09-11,625.226558046291,0.013509057514527136
1991-09-12,640.6356180474331,0.02464556216116676
1991-09-13,629.7019069867011,-0.01706697341314919
1991-09-16,626.9952786433042,-0.004298269249888258
1991-09-17,625.6899958274377,-0.0020818064510644456
1991-09-18,633.8352572756492,0.013018046480733434
1991-09-19,643.841378807626,0.01578662817683136
1991-09-20,654.9102820516882,0.017191972446010593
1991-09-23,648.4949423538762,-0.009795753515602364
1991-09-24,652.8276169071543,0.006681123121101802
1991-09-25,656.1078548526203,0.0050246617338381
1991-09-26,653.8519554748511,-0.0034383057009368424
1991-09-27,647.6790947657756,-0.009440762021721828
1991-09-30,653.4048467854884,0.008840415054284602
1991-10-01,657.3798557701392,0.00608353152598495
1991-10-02,651.8884706134835,-0.00835344300324258
1991-10-03,637.4040052091568,-0.02221923850056067
1991-10-04,637.0684132718762,-0.0005264980052493824
1991-10-07,626.5867671101815,-0.01645293651879982
1991-10-08,629.0707794979145,0.0039643550073506974
1991-10-09,620.6381188730581,-0.013404947264577766
1991-10-10,625.7193867331852,0.008187166894217758
1991-10-11,633.1978783278406,0.011951829771009406
1991-10-14,649.1279345596863,0.025158101088263253
1991-10-15,669.9300333378819,0.032046223357042776
1991-10-16,686.9941028669813,0.025471420416963157
1991-10-17,675.0609631814464,-0.017370075864895012
1991-10-18,681.6121978609857,0.009704656374536321
1991-10-21,676.4923643538802,-0.007511358398767438
1991-10-22,676.8756685702676,0.0005666053847533525
1991-10-23,671.840403321481,-0.00743898101614803
1991-10-24,655.6515946197416,-0.024096211870712547
1991-10-25,646.6058927976412,-0.013796507011237429
1991-10-28,656.9446158207957,0.015989218685314346
1991-10-29,669.5335766937105,0.019162895272664696
1991-10-30,686.5246290858654,0.025377446305321984
1991-10-31,690.6639060183219,0.006029320372625296
1991-11-01,685.3770407495898,-0.007654758302357056
1991-11-04,676.4716835662382,-0.012993369567226628
1991-11-05,679.7240189112556,0.004807792290538575
1991-11-06,681.3186256910527,0.002345962089660037
1991-11-07,695.8977212463362,0.021398351675027332
1991-11-08,702.9722992034181,0.010166117435205086
1991-11-11,709.4998414588971,0.009285632254465385
1991-11-12,722.2322357736363,0.01794559148675539
1991-11-13,723.4309746920818,0.001659769336052319
1991-11-14,719.8958960006825,-0.004886545938821538
1991-11-15,658.6837098346483,-0.08502921951089462
1991-11-18,667.0331812687854,0.012675995032931753
1991-11-19,638.8720090784796,-0.042218547714132484
1991-11-20,645.2740872655451,0.010020908877037781
1991-11-21,655.5340213013626,0.01590011785425288
1991-11-22,645.8986401043443,-0.014698521943819438
1991-11-25,636.9130400791088,-0.013911780374369357
1991-11-26,635.2633934431769,-0.0025900657265973885
1991-11-27,636.5355185471016,0.002002515991090719
1991-11-29,639.1307463919921,0.004077113954008801
1991-12-02,656.0353234576519,0.02644932537057419
1991-12-03,661.9726125874143,0.009050258297784632
1991-12-04,666.7196668123123,0.0071710734471981275
1991-12-05,663.5365547986307,-0.004774288463546411
1991-12-06,669.1086424556927,0.008397559436273969
1991-12-09,666.5296969735449,-0.0038543000620688697
1991-12-10,663.6716081740644,-0.004288014191202545
1991-12-11,657.1676039267054,-0.009800033883102646
1991-12-12,667.9277244543752,0.016373479860199956
1991-12-13,680.0201819957846,0.01810444019416571
1991-12-16,686.9241103971335,0.010152534563145799
1991-12-17,676.6701404819615,-0.014927369355610271
1991-12-18,676.9509390534746,0.0004149711280492716
1991-12-19,663.5633330964524,-0.019776331170676866
1991-12-20,666.5482654229563,0.004498338255935574
1991-12-23,686.5948601326916,0.030075233482176594
1991-12-24,700.8134252249979,0.020708813767639483
1991-12-26,725.5092968805616,0.03523886781654468
1991-12-27,742.0637310746638,0.022817673412705512
1991-12-30,778.6661973793922,0.04932523282295505
1991-12-31,796.2874924026107,0.02263010142539013
1992-01-02,796.4644218925633,0.00022219297884322844
1992-01-03,813.2658326885272,0.021094992235861837
1992-01-06,827.5545007818317,0.017569492678757404
1992-01-07,839.6662156916851,0.01463554956007223
1992-01-08,862.0145326526987,0.02661571532040718
1992-01-09,888.7511979053285,0.03101649014008207
1992-01-10,876.9492445208517,-0.013279254545358074
1992-01-13,882.3177050566728,0.006121746006810691
1992-01-14,905.4740266616238,0.02624487922234731
1992-01-15,920.1022983967806,0.016155374206689836
1992-01-16,909.9053211446128,-0.011082438626591208
1992-01-17,908.4391619172708,-0.001611331633381044
1992-01-20,886.6538878597722,-0.023980993962788265
1992-01-21,845.0676169663957,-0.046902485245689865
1992-01-22,889.2025537732666,0.05222651527614506
1992-01-23,895.4050736028748,0.0069753733874113695
1992-01-24,900.593793393348,0.005794829561993834
1992-01-27,889.8500936457111,-0.0119295733841955
1992-01-28,890.6374304527837,0.0008847971278476165
1992-01-29,876.3156765970859,-0.016080341299395895
1992-01-30,890.6619523863615,0.01637112763403363
1992-01-31,887.2926979505978,-0.0037828655717653007
1992-02-03,896.3750604086108,0.010236038771637354
1992-02-04,918.0994482539087,0.02423582360200315
1992-02-05,935.4268907699699,0.01887316515549098
1992-02-06,937.4368662731503,0.0021487253819759814
1992-02-07,929.3934341828167,-0.0085802387122994
1992-02-10,926.8557983445756,-0.0027304215253816573
1992-02-11,924.5885559700425,-0.002446165173247531
1992-02-12,958.2642831369071,0.03642239237055373
1992-02-13,940.9216826821306,-0.018097930560455645
1992-02-14,933.0135367992397,-0.008404680249634063
1992-02-18,903.4511277983254,-0.03168486611923111
1992-02-19,891.8685513935542,-0.012820368527290958
1992-02-20,919.9673897165172,0.03150558260974479
1992-02-21,912.7047747576783,-0.00789442651991927
1992-02-24,898.598737409117,-0.015455202754150585
1992-02-25,888.4028356994825,-0.011346445621581663
1992-02-26,919.8120925584627,0.035354746289446896
1992-02-27,924.2757387048323,0.004852780456445089
1992-02-28,922.8306378973215,-0.0015634953369390258
1992-03-02,928.5216291492329,0.006166885903223127
1992-03-03,924.9107403401599,-0.0038888580467226997
1992-03-04,913.3157171545379,-0.012536369921877639
1992-03-05,889.1587665853195,-0.026449726108382383
1992-03-06,871.902838244327,-0.019407027169356324
1992-03-09,871.4061560303005,-0.000569653168037097
1992-03-10,892.9850174789487,0.02476326486715562
1992-03-11,874.8367621004774,-0.02032313535305106
1992-03-12,871.3348759819855,-0.0040029023358411995
1992-03-13,878.9313407777655,0.008718192058155454
1992-03-16,876.8693830785501,-0.002345982676406499
1992-03-17,891.9530143887391,0.017201685451980087
1992-03-18,896.6889753183823,0.005309652922568592
1992-03-19,899.571949675105,0.0032151330462150017
1992-03-20,894.6990264856938,-0.005416935455992258
1992-03-23,887.544491388715,-0.007996583080101503
1992-03-24,878.5087854774758,-0.01018056671964825
1992-03-25,880.7375366424737,0.002536970832666702
1992-03-26,869.092849080437,-0.013221518417879961
1992-03-27,838.7434240966809,-0.03492080853716367
1992-03-30,831.4067063313832,-0.00874727306887591
1992-03-31,836.0609240285813,0.005598003554403746
1992-04-01,831.3670996105545,-0.0056142133702523755
1992-04-02,808.4877469803562,-0.027520156427787407
1992-04-03,798.0733319720783,-0.01288135169292917
1992-04-06,814.9447887994106,0.021140233799871597
1992-04-07,774.7786316338185,-0.0492869673107126
1992-04-08,753.6129868067459,-0.0273183125642474
1992-04-09,787.9146553524142,0.04551629171229309
1992-04-10,781.1348205431607,-0.008604783225184544
1992-04-13,791.4749906570457,0.013237369327224498
1992-04-14,809.3608244359663,0.022598103528290184
1992-04-15,823.5267779584675,0.017502642943427956
1992-04-16,800.9227711007336,-0.02744781039636552
1992-04-20,761.2204880815839,-0.049570675790108425
1992-04-21,755.5121430064055,-0.0074989377776266165
1992-04-22,763.830881340699,0.011010727506232752
1992-04-23,758.0338384431699,-0.0075894324766679925
1992-04-24,749.6799642896423,-0.011020450182916048
1992-04-27,733.997096566902,-0.02091941691092221
1992-04-28,716.8455335439185,-0.0233673445074999
1992-04-29,741.3989518680772,0.034252035027368295
1992-04-30,764.101117688293,0.030620714748805514
1992-05-01,762.6374844637342,-0.0019154967721902864
1992-05-04,776.7714872223631,0.018533055411730136
1992-05-05,788.7933834955718,0.015476747629083838
1992-05-06,792.2152105926424,0.004338052484551314
1992-05-07,786.2617878636635,-0.0075149058606503285
1992-05-08,782.4736591278091,-0.004817897542937921
1992-05-11,786.0183764699839,0.004530142709373518
1992-05-12,777.4920654643745,-0.010847470314754071
1992-05-13,773.2465623662912,-0.0054605098709883835
1992-05-14,757.4881463018997,-0.020379548815797555
1992-05-15,752.1159139952894,-0.007092166831702895
1992-05-18,757.5041136636509,0.0071640548592290295
1992-05-19,761.4611224638365,0.00522374562568077
1992-05-20,767.325145450713,0.007701014291973753
1992-05-21,764.1403026560987,-0.004150577904942181
1992-05-22,767.2695959733445,0.004095181613073755
1992-05-26,754.822246796853,-0.01622291465974347
1992-05-27,759.2433813861645,0.005857186388017696
1992-05-28,767.4645475408163,0.010828103815198564
1992-05-29,780.1718261019835,0.01655747956291285
1992-06-01,788.2141935843287,0.010308456692838605
1992-06-02,790.3456738549056,0.0027041891505204113
1992-06-03,792.3189543510373,0.0024967309386371393
1992-06-04,787.794124594306,-0.005710869002796248
1992-06-05,780.1755439072608,-0.009670776220841488
1992-06-08,770.9450837002646,-0.011831260642660449
1992-06-09,749.1568234010822,-0.0282617539949881
1992-06-10,738.4401211087296,-0.014305018599043194
1992-06-11,733.1413605210741,-0.0071756130743542085
1992-06-12,737.8579118553271,0.006433345038534868
1992-06-15,736.4275574234881,-0.0019385228630839804
1992-06-16,723.6043864272905,-0.017412671303422677
1992-06-17,695.7827603417685,-0.03844866975294035
1992-06-18,685.5112635383446,-0.014762505467049136
1992-06-19,698.0351245936765,0.018269373125524766
1992-06-22,686.6466888247238,-0.01631498955812845
1992-06-23,695.706253912403,0.013193925253154163
1992-06-24,690.7185137668569,-0.007169319116361071
1992-06-25,682.6924075526751,-0.011619937867903822
1992-06-26,681.7621916307256,-0.001362569601856498
1992-06-29,708.9400559432,0.03986414125938381
1992-06-30,721.0845467622432,0.0171304903951092
1992-07-01,734.8412968846486,0.01907786012635395
1992-07-02,720.2372212819217,-0.019873781814713914
1992-07-06,719.6352789480011,-0.000835755659571846
1992-07-07,704.8792904024094,-0.020504815393657127
1992-07-08,705.2492839249356,0.0005249033807121986
1992-07-09,723.3780224533089,0.02570543344259925
1992-07-10,731.1558257447792,0.010752059158629437
1992-07-13,737.2804162982579,0.008376587230553614
1992-07-14,750.1480508125497,0.017452836437590123
1992-07-15,750.789305373346,0.0008548373352454566
1992-07-16,752.6310832392872,0.0024531221379417976
1992-07-17,737.781530224941,-0.019730188328702162
1992-07-20,721.5338678853423,-0.022022321885240184
1992-07-21,732.6229035081014,0.015368697321525146
1992-07-22,720.3470726812388,-0.016756001986944175
1992-07-23,723.7863993365219,0.004774541031285626
1992-07-24,724.6983688058367,0.001259998074225849
1992-07-27,722.3364132477893,-0.00325922571336733
1992-07-28,739.9522307454888,0.024387276031807372
1992-07-29,755.086912101725,0.020453592444728854
1992-07-30,758.4755116877084,0.004487694769535243
1992-07-31,763.7585457872613,0.006965332457204011
1992-08-03,767.6695867501599,0.005120781933598039
1992-08-04,764.8899670977203,-0.0036208542065691873
1992-08-05,753.1418962672763,-0.015359164501817952
1992-08-06,745.6631299279205,-0.009930089371500946
1992-08-07,744.8990070931115,-0.0010247560917794225
1992-08-10,743.231118098834,-0.0022390807054318536
1992-08-11,739.200512212552,-0.005423085481932305
1992-08-12,737.2243386902622,-0.0026733930640479983
1992-08-13,737.5496878076585,0.00044131629996678327
1992-08-14,743.1710754837576,0.007621707078215111
1992-08-17,741.2202902547359,-0.0026249477319226977
1992-08-18,737.0405543047552,-0.005638992894466307
1992-08-19,728.5864452247174,-0.011470344515862586
1992-08-20,729.1924150857722,0.0008317061963291003
1992-08-21,718.4727915085333,-0.014700678936680771
1992-08-24,697.18350225456,-0.02963130894528851
1992-08-25,694.2118022809847,-0.00426243587802265
1992-08-26,705.6514078009367,0.01647855234146797
1992-08-27,716.906115919919,0.01594938803290433
1992-08-28,717.6090575909489,0.0009805212362121872
1992-08-31,716.3826329515679,-0.0017090428645063409
1992-09-01,722.6827922535256,0.008794405408741494
1992-09-02,737.059764217102,0.019893889985597976
1992-09-03,746.3907869529849,0.012659791225741634
1992-09-04,742.6148545600034,-0.005058921491241872
1992-09-08,736.5893867886173,-0.008113853007904313
1992-09-09,746.1478965148419,0.012976713889264496
1992-09-10,762.594490190706,0.022042002333162034
1992-09-11,767.2015118929611,0.0060412470343222625
1992-09-14,796.5651948956009,0.03827375539209899
1992-09-15,779.501099117269,-0.021422095627173888
1992-09-16,774.2383314484243,-0.0067514563799901985
1992-09-17,779.301143329545,0.006539087094343726
1992-09-18,782.709761640209,0.004373942396774591
1992-09-21,781.1593828348708,-0.0019807837864309857
1992-09-22,766.3094888742655,-0.019010069246962403
1992-09-23,766.1666475616163,-0.00018640159716546865
1992-09-24,773.9357290820108,0.010140198017128791
1992-09-25,750.8353250416551,-0.029847961752270762
1992-09-28,745.8854826338475,-0.006592447428513049
1992-09-29,751.7864288135693,0.007911329979079954
1992-09-30,766.4303949224947,0.01947889127506031
1992-10-01,753.4101510014575,-0.01698816227448
1992-10-02,735.9164625177856,-0.023219342691917215
1992-10-05,719.277668667423,-0.022609623099660504
1992-10-06,732.8335002817315,0.01884645138423786
1992-10-07,729.3294889967577,-0.004781456202025049
1992-10-08,741.2868108059744,0.016394951787380443
1992-10-09,732.5700596456089,-0.011758945435556918
1992-10-12,740.9879960040706,0.011490964239698672
1992-10-13,747.6662088913554,0.009012579047566888
1992-10-14,747.0587404623261,-0.0008124861359322321
1992-10-15,753.2969717609309,0.008350389280960966
1992-10-16,763.5965377308669,0.013672650171232583
1992-10-19,784.6115191182383,0.027521053788196005
1992-10-20,789.9659984679415,0.0068243700471293245
1992-10-21,801.7892995056036,0.01496684801699341
1992-10-22,801.6693056474334,-0.0001496575948870982
1992-10-23,802.1132008148558,0.0005537135628062211
1992-10-26,806.3458469869863,0.005276868860692806
1992-10-27,801.0016380439797,-0.006627688308901089
1992-10-28,812.8776386841786,0.01482643739555837
1992-10-29,824.813410407388,0.01468335596305738
1992-10-30,823.0029183869211,-0.002195032231074725
1992-11-02,829.4092674068177,0.007784114584250709
1992-11-03,821.2050266182516,-0.009891667613284555
1992-11-04,823.7182559634194,0.003060416416978615
1992-11-05,846.9669124611451,0.02822403938411443
1992-11-06,854.4835222255774,0.008874738379791415
1992-11-09,868.8477359653147,0.016810404608300012
1992-11-10,884.7558797054253,0.018309472513542726
1992-11-11,904.8947683531478,0.02276208512389605
1992-11-12,903.2825335778499,-0.0017816820603704419
1992-11-13,911.1834990318099,0.008746948114522696
1992-11-16,902.0396201547924,-0.010035167325498634
1992-11-17,882.2474461157684,-0.02194157950138328
1992-11-18,904.1241219783317,0.02479653067728197
1992-11-19,914.6467125628984,0.011638435839475244
1992-11-20,926.146357000122,0.012572771846520713
1992-11-23,915.1715229059407,-0.01184999974488882
1992-11-24,935.4687529420935,0.022178607537637448
1992-11-25,942.3452787759405,0.007350887789912943
1992-11-27,945.6247005732503,0.003480063911997763
1992-11-30,954.9197355316152,0.00982951793954856
1992-12-01,958.4424015991909,0.0036889656130256287
1992-12-02,955.3467748432353,-0.0032298516330147415
1992-12-03,965.3959642387872,0.01051889184134297
1992-12-04,980.7628158499408,0.015917667133889965
1992-12-07,995.2346811023443,0.014755723828968864
1992-12-08,996.9476617149214,0.0017211825965307449
1992-12-09,987.3344376014392,-0.009642656763892494
1992-12-10,972.4443364791816,-0.01508111188588792
1992-12-11,963.1285307837994,-0.009579782971548718
1992-12-14,959.8728836183165,-0.0033802831724168334
1992-12-15,948.1558462088528,-0.012206863647710675
1992-12-16,944.8454905139299,-0.0034913624254485818
1992-12-17,970.4843687652581,0.02713552481198011
1992-12-18,978.7787436117706,0.008546634148332974
1992-12-21,982.0977797159397,0.0033909973278757662
1992-12-22,977.2461757671084,-0.004940041662892867
1992-12-23,983.468200711318,0.006366896180817076
1992-12-24,992.0831830851121,0.008759797589350764
1992-12-28,992.99053247916,0.0009145900359145237
1992-12-29,1001.1688004278474,0.008235997908528869
1992-12-30,1009.61964301504,0.008440976769932471
1992-12-31,1024.89799488692,0.015132779931117595
1993-01-04,1009.1203592287534,-0.015394347278342994
1993-01-05,1016.707417194375,0.007518486666367831
1993-01-06,1039.3091716481679,0.022230342841564797
1993-01-07,1028.1676497505473,-0.01072012275226239
1993-01-08,1025.0911389639568,-0.0029922267903847617
1993-01-11,1040.6701984321833,0.015197731085620461
1993-01-12,1031.6275620675815,-0.008689243122580861
1993-01-13,1053.841585215571,0.021532987257017702
1993-01-14,1081.1708669523089,0.025933007503350175
1993-01-15,1085.630886790923,0.00412517574690693
1993-01-18,1088.5420967620992,0.0026815835903321182
1993-01-19,1084.3786209955636,-0.0038248183317117278
1993-01-20,1086.2924980124071,0.001764952738635263
1993-01-21,1096.6187085324036,0.009505920862834359
1993-01-22,1099.2628265420728,0.0024111552986431557
1993-01-25,1115.7900506881547,0.015034824927239045
1993-01-26,1116.404643190596,0.0005508137503667348
1993-01-27,1087.1185005919633,-0.026232551769880964
1993-01-28,1077.0087028128314,-0.009299628121154122
1993-01-29,1082.1403807596755,0.0047647506779115315
1993-02-01,1098.8767277555787,0.015465966609761031
1993-02-02,1109.3204520680588,0.009503999901618692
1993-02-03,1120.4424106261558,0.010025920406824628
1993-02-04,1120.9630871346715,0.0004647061763973707
1993-02-05,1096.0236004379688,-0.02224826756824918
1993-02-08,1087.9383876986888,-0.007376860074955623
1993-02-09,1068.4827367235705,-0.017883044844361613
1993-02-10,1077.1114141392056,0.008075635776853527
1993-02-11,1079.730368812002,0.0024314612568555626
1993-02-12,1063.1124963577925,-0.015390761373595446
1993-02-16,985.4896617029787,-0.07301469498359625
1993-02-17,967.7926388936131,-0.017957593567023422
1993-02-18,976.615170041859,0.00911613789327009
1993-02-19,979.9931485431055,0.0034588634345108565
1993-02-22,946.8159798738911,-0.03385449043040439
1993-02-23,944.2788669428818,-0.0026796262261515294
1993-02-24,975.8318265656693,0.033414874278549465
1993-02-25,989.3710382090401,0.013874533782137932
1993-02-26,1000.3035890609867,0.011050000889187863
1993-03-01,996.415669650111,-0.0038867394392990326
1993-03-02,1020.8100291761239,0.024482111501296398
1993-03-03,1039.443236015325,0.0182533540096971
1993-03-04,1029.7017152542937,-0.009371864112921792
1993-03-05,1031.593325367283,0.0018370466757181504
1993-03-08,1049.20342484891,0.01707077687358732
1993-03-09,1054.4404365209055,0.004991416867276846
1993-03-10,1066.3631564707998,0.011307153573541761
1993-03-11,1070.6571235358024,0.004026739895265798
1993-03-12,1065.9844429926013,-0.0043643108895309694
1993-03-15,1073.3241200979073,0.0068853510513727165
1993-03-16,1074.0804784685517,0.0007046877606509882
1993-03-17,1049.1074466878881,-0.023250615090100832
1993-03-18,1049.0925571988503,-1.4192530121468786e-05
1993-03-19,1034.731833058526,-0.01368871034474633
1993-03-22,1016.1071146278227,-0.017999560693567455
1993-03-23,1011.317632270647,-0.004713560497930405
1993-03-24,1009.2363576780505,-0.002057983096688998
1993-03-25,1029.0972368230928,0.019679115792792207
1993-03-26,1030.6544914402004,0.0015132239805783236
1993-03-29,1028.1615475526494,-0.0024187968987236406
1993-03-30,1044.700291600583,0.01608574458683167
1993-03-31,1056.4683647870697,0.01126454475135363
1993-04-01,1045.737473144193,-0.010157324157112376
1993-04-02,994.5506112488741,-0.04894809950858568
1993-04-05,996.9752023470032,0.002437876032356497
1993-04-06,977.4001254696219,-0.01963446716758763
1993-04-07,991.3093220862149,0.01423081116335022
1993-04-08,983.7079882624388,-0.007667973713572173
1993-04-12,1003.5859146407299,0.020207141362552365
1993-04-13,1005.6596157874435,0.002066291601408068
1993-04-14,1005.9444227881485,0.00028320417389130485
1993-04-15,995.0942219801752,-0.010786083765840719
1993-04-16,984.5408424980735,-0.010605407255909083
1993-04-19,973.3387851933709,-0.011377950838768369
1993-04-20,970.1844572669063,-0.003240729717595622
1993-04-21,976.2100519039773,0.0062107721804218405
1993-04-22,974.6094803055387,-0.0016395770513906165
1993-04-23,959.5848247007126,-0.015416077832647243
1993-04-26,922.9079290167297,-0.03822162954215343
1993-04-27,941.8728485885875,0.020549091600137456
1993-04-28,958.1140695848877,0.017243538786193675
1993-04-29,958.9169279867494,0.0008379570109115177
1993-04-30,967.5259867859781,0.008977898447682495
1993-05-03,982.8767779147441,0.015866024621994507
1993-05-04,1016.5938544137991,0.034304479723886235
1993-05-05,1031.8401299523932,0.014997410689036154
1993-05-06,1022.0699562290639,-0.00946868942166471
1993-05-07,1026.233989004365,0.004074117187305125
1993-05-10,1030.2572198256485,0.003920383523047071
1993-05-11,1030.9368593271151,0.0006596794357642687
1993-05-12,1026.7567729295831,-0.004054648313050259
1993-05-13,1008.4873905349774,-0.0177932913385892
1993-05-14,1010.6229900824854,0.0021176264250314597
1993-05-17,1015.2432609206497,0.004571705654338189
1993-05-18,1023.6451981047107,0.008275787200440778
1993-05-19,1052.6210583433362,0.028306546342692262
1993-05-20,1073.9197200740898,0.02023393087373186
1993-05-21,1064.2031354593282,-0.0090477755768291
1993-05-24,1065.2911695596224,0.0010223932480942547
1993-05-25,1066.3184895183845,0.0009643560259555353
1993-05-26,1094.041041738722,0.02599837899543399
1993-05-27,1095.5475201765182,0.0013769853052332
1993-05-28,1082.8745328658385,-0.01156772032000751
1993-06-01,1094.280481639344,0.010533028921937578
1993-06-02,1099.1429871565792,0.004443564149065985
1993-06-03,1100.216569166656,0.0009767446297900277
1993-06-04,1087.0514679034056,-0.01196591801305281
1993-06-07,1063.9927323897025,-0.02121218377836004
1993-06-08,1042.899957553488,-0.01982417190843074
1993-06-09,1047.404060920265,0.004318825918204993
1993-06-10,1043.741952528629,-0.003496366424642588
1993-06-11,1059.2910846787538,0.014897486981772283
1993-06-14,1068.994740926957,0.009160519132610213
1993-06-15,1071.8035810323681,0.0026275527819486218
1993-06-16,1068.4065501574198,-0.003169452813057616
1993-06-17,1067.4089015972477,-0.0009337724109095602
1993-06-18,1047.8838715554534,-0.018291987271773214
1993-06-21,1045.1645123347448,-0.0025950959782138428
1993-06-22,1039.140310659472,-0.0057638788957879395
1993-06-23,1033.1035182927133,-0.005809410245020369
1993-06-24,1044.9167302306557,0.011434683677647987
1993-06-25,1063.350830566038,0.017641693162777805
1993-06-28,1087.791279127895,0.022984369654225227
1993-06-29,1082.2653039076786,-0.005079995883628248
1993-06-30,1091.110360608276,0.00817272499511997
1993-07-01,1089.947141397876,-0.0010660875859995892
1993-07-02,1092.688380730842,0.0025150204343399062
1993-07-06,1085.4574838062076,-0.0066175288876028915
1993-07-07,1074.8066429036764,-0.009812305927619946
1993-07-08,1086.8187957150474,0.011176105851857243
1993-07-09,1096.3607361184338,0.008779697628534904
1993-07-12,1101.9967727758549,0.005140677216675022
1993-07-13,1104.4406194043656,0.0022176531627718663
1993-07-14,1116.926443189339,0.011305110990672303
1993-07-15,1104.964044769262,-0.010710104047602944
1993-07-16,1076.9759917973781,-0.025329378909997455
1993-07-19,1064.8309122415799,-0.011277019774163316
1993-07-20,1083.362699677433,0.0174035024930312
1993-07-21,1077.6975668899186,-0.005229211592019132
1993-07-22,1063.6116606296448,-0.013070370290362288
1993-07-23,1078.0015724235868,0.013529291118737295
1993-07-26,1091.1010599586577,0.012151640470820832
1993-07-27,1080.0892340991752,-0.010092397728859028
1993-07-28,1094.186872089354,0.013052290074844246
1993-07-29,1099.2569503891364,0.004633649360187573
1993-07-30,1091.3135665172615,-0.007226139319895179
1993-08-02,1100.3396844905449,0.008270874888954761
1993-08-03,1104.490280106827,0.003772103900991137
1993-08-04,1119.3349631633655,0.013440302122987155
1993-08-05,1124.6496075529756,0.004748037508441921
1993-08-06,1132.7116046984409,0.00716845237069596
1993-08-09,1133.8579893018994,0.001012071032647092
1993-08-10,1129.3586302187582,-0.003968185721310033
1993-08-11,1134.6330432011396,0.004670272879890962
1993-08-12,1129.3746269090125,-0.00463446426457978
1993-08-13,1132.9164547600706,0.003136096532247674
1993-08-16,1159.9936479273954,0.02390043242249438
1993-08-17,1173.0930825370267,0.011292677880638808
1993-08-18,1185.3026420791705,0.010408005744726001
1993-08-19,1171.2179743709855,-0.011882760746638134
1993-08-20,1172.706494839366,0.001270916687544963
1993-08-23,1172.2333361518452,-0.0004034757968879229
1993-08-24,1185.9120586771458,0.011668941757111737
1993-08-25,1181.085714880662,-0.004069731613883305
1993-08-26,1173.7258498519623,-0.006231440221460453
1993-08-27,1182.2767053400435,0.007285223793239057
1993-08-30,1192.7851950947531,0.008888350508172431
1993-08-31,1210.3977439400114,0.014765901620584195
1993-09-01,1221.132103614406,0.00886845644593891
1993-09-02,1229.2621298224908,0.00665777779817676
1993-09-03,1232.6898979786129,0.0027884761703487943
1993-09-07,1198.4081708930662,-0.027810503794800687
1993-09-08,1170.4120775573099,-0.023361066801550055
1993-09-09,1192.7211802300176,0.019060895816512307
1993-09-10,1214.011160739293,0.01784992239776418
1993-09-13,1200.837680111725,-0.010851202240633365
1993-09-14,1175.8709769483037,-0.02079107241296635
1993-09-15,1198.0008702119299,0.018820001256480513
1993-09-16,1198.7589641302989,0.000632799138313469
1993-09-17,1199.7117097885198,0.0007947766704812599
1993-09-20,1199.8801098267413,0.000140367087232374
1993-09-21,1178.2688752045033,-0.01801116165294101
1993-09-22,1216.7032328267394,0.03261934387901528
1993-09-23,1238.5843192371751,0.017983914088565468
1993-09-24,1246.400899012753,0.0063108983814616345
1993-09-27,1263.7462920311923,0.01391638359068769
1993-09-28,1276.0305537592724,0.009720512578783367
1993-09-29,1274.3377955093874,-0.001326581283573471
1993-09-30,1272.9801919408803,-0.0010653404248788176
1993-10-01,1274.4270700422371,0.0011366069248499925
1993-10-04,1279.6382644175342,0.004089048716710325
1993-10-05,1270.9832422886323,-0.006763647485050275
1993-10-06,1279.2650554430277,0.006516067937672105
1993-10-07,1271.5819626619577,-0.006005864655162614
1993-10-08,1277.4638252742955,0.004625626019438406
1993-10-11,1288.5971507433187,0.008715178660055396
1993-10-12,1304.6897512634307,0.012488465080672442
1993-10-13,1326.624135377425,0.01681195402412997
1993-10-14,1348.501980951421,0.016491367065149632
1993-10-15,1355.3457069348117,0.005075058160880265
1993-10-18,1339.64403374602,-0.01158499496361098
1993-10-19,1290.9905594456748,-0.03631821071474984
1993-10-20,1289.3896047487967,-0.001240097911765812
1993-10-21,1299.5045691249945,0.007844769601790156
1993-10-22,1304.1659454667501,0.0035870411328330323
1993-10-25,1294.105796658068,-0.007713856387410775
1993-10-26,1279.6250584614527,-0.011189763799845969
1993-10-27,1301.0343880134521,0.01673093959080553
1993-10-28,1306.4055071168623,0.004128345225072285
1993-10-29,1325.8397308613842,0.014876103658971731
1993-11-01,1341.0142596452424,0.011445221040403956
1993-11-02,1347.423712080849,0.004779555764979244
1993-11-03,1303.7695412919406,-0.03239825037774695
1993-11-04,1250.783046306856,-0.04064099774303585
1993-11-05,1269.6576376163193,0.015090219974754017
1993-11-08,1280.2092728924063,0.008310614581027453
1993-11-09,1292.2841062260027,0.009431921475084698
1993-11-10,1314.5876491294468,0.017259008909874803
1993-11-11,1322.927852177875,0.006344349160705355
1993-11-12,1324.0254175939974,0.0008296487327827124
1993-11-15,1300.5099078889166,-0.017760618030893117
1993-11-16,1297.8945140897004,-0.0020110525751101268
1993-11-17,1266.4543407535364,-0.024223981991491114
1993-11-18,1239.7534099357913,-0.021083216313868853
1993-11-19,1230.5619161818308,-0.00741396932672002
1993-11-22,1186.423064030486,-0.03586885923489175
1993-11-23,1214.3072095707303,0.023502700162888635
1993-11-24,1234.9369884498458,0.016988928927143977
1993-11-26,1240.3720248441232,0.004401063734514662
1993-11-29,1229.267502244934,-0.008952574209003892
1993-11-30,1238.5375793140174,0.007541138972724925
1993-12-01,1269.4149803609025,0.02493053223624193
1993-12-02,1279.0658256127438,0.007602592848791928
1993-12-03,1297.3273917788576,0.014277268456739182
1993-12-06,1293.3621233966473,-0.0030564901406831568
1993-12-07,1287.4690746950348,-0.004556379528214575
1993-12-08,1282.526867953121,-0.0038386993824177378
1993-12-09,1261.0928405263483,-0.016712341832636143
1993-12-10,1258.5541219266568,-0.00201310999325943
1993-12-13,1255.0157441974045,-0.002811462508926913
1993-12-14,1227.7043230599286,-0.021761815549925023
1993-12-15,1232.5523895176595,0.003948887665107896
1993-12-16,1240.880070607253,0.006756452026231685
1993-12-17,1252.9800922783986,0.009751161258657519
1993-12-20,1255.8539838199092,0.002293645014171604
1993-12-21,1240.8645158939723,-0.01193567733116837
1993-12-22,1242.2559015747938,0.001121303464640645
1993-12-23,1250.8445360373394,0.006913740117199399
1993-12-27,1258.4096651833268,0.006048017102072315
1993-12-28,1269.92966355416,0.009154410276366523
1993-12-29,1282.8968851486532,0.01021097621910947
1993-12-30,1291.5222069885958,0.006723316534471951
1993-12-31,1310.6277541265235,0.014793045783142578
1994-01-03,1289.966130911619,-0.015764677002948427
1994-01-04,1301.638565453772,0.009048636442806448
1994-01-05,1314.203118218133,0.009652873768365227
1994-01-06,1322.0636860151199,0.005981242692259311
1994-01-07,1330.5229975964119,0.006398565871504716
1994-01-10,1342.9283438664906,0.009323661667245797
1994-01-11,1338.8193947091656,-0.0030596935242983674
1994-01-12,1343.3071281460373,0.0033520080860842084
1994-01-13,1346.402117814826,0.002304007478215516
1994-01-14,1361.6687948523877,0.011338868853191604
1994-01-17,1360.8738923402177,-0.0005837708223725101
1994-01-18,1363.643984704012,0.0020355246576380806
1994-01-19,1350.6654999855646,-0.009517502268940362
1994-01-20,1363.3506616015381,0.009391786209175579
1994-01-21,1367.5668510307305,0.0030925201768995905
1994-01-24,1354.71723397184,-0.009395969966079373
1994-01-25,1340.003447803061,-0.01086114932312496
1994-01-26,1348.102520832766,0.006044068799213667
1994-01-27,1361.933543257674,0.010259622106754946
1994-01-28,1374.3567419006727,0.00912173630240643
1994-01-31,1387.6018219669975,0.009637294060934647
1994-02-01,1376.285284980688,-0.008155464202452337
1994-02-02,1384.2126336423275,0.005759960342634246
1994-02-03,1377.9316322773664,-0.004537598640776482
1994-02-04,1306.9650596879221,-0.051502245051269185
1994-02-07,1313.087783498844,0.0046846882137642374
1994-02-08,1324.7721210456482,0.008898367415825153
1994-02-09,1337.6243057382706,0.00970143052412512
1994-02-10,1326.9321944358492,-0.007993359014600144
1994-02-11,1319.9424320372998,-0.0052676108303493325
1994-02-14,1333.3215287195871,0.010136121362230122
1994-02-15,1349.0628120728404,0.011806067039486029
1994-02-16,1357.4849399864804,0.006242947206215946
1994-02-17,1349.2170350261981,-0.006090605292729527
1994-02-18,1344.3556386294365,-0.003603124086457487
1994-02-22,1351.7367580013486,0.005490451454822711
1994-02-23,1344.6506087586108,-0.00524225534357381
1994-02-24,1311.5805014623895,-0.024593829118741785
1994-02-25,1326.074770855008,0.011050994869516226
1994-02-28,1355.2424822441305,0.02199552546370826
1994-03-01,1341.9251507921906,-0.009826530400587735
1994-03-02,1324.2165909111663,-0.013196384217532697
1994-03-03,1327.855991925275,0.0027483427100127964
1994-03-04,1347.950606479037,0.015133127896366635
1994-03-07,1362.9517637342046,0.011128862721722262
1994-03-08,1352.7898528430192,-0.007455811101739835
1994-03-09,1355.8511129159015,0.002262923591900644
1994-03-10,1342.19502734211,-0.010071965456754678
1994-03-11,1342.4548718501164,0.00019359668506660252
1994-03-14,1354.3591525255852,0.008867546258045023
1994-03-15,1356.7037400563554,0.0017311416446650677
1994-03-16,1375.292570988128,0.013701466564100793
1994-03-17,1391.906316058747,0.01208015328598935
1994-03-18,1392.0647659835915,0.00011383663039412855
1994-03-21,1368.7482521863442,-0.01674958979424535
1994-03-22,1365.3355071243086,-0.0024933329095283693
1994-03-23,1369.2311341380919,0.0028532378990042805
1994-03-24,1331.926788533253,-0.027244739529181942
1994-03-25,1320.8758842653947,-0.008296930704448
1994-03-28,1283.6154285444798,-0.028208899991869586
1994-03-29,1226.312474239564,-0.04464183978365927
1994-03-30,1192.5014001933744,-0.02757133663437267
1994-03-31,1187.7572799402337,-0.003978293235019658
1994-04-04,1136.0692651312033,-0.043517320989715426
1994-04-05,1209.5020309776194,0.06463757809514846
1994-04-06,1208.6580853248117,-0.0006977629067109088
1994-04-07,1222.884087818365,0.011770080113045632
1994-04-08,1201.8578971210477,-0.017193935963978516
1994-04-11,1199.6243966389247,-0.0018583731799517694
1994-04-12,1171.0112387936776,-0.02385176387327111
1994-04-13,1133.3995630087961,-0.03211897079965452
1994-04-14,1133.0848439164577,-0.0002776770898896528
1994-04-15,1135.0447424780461,0.001729701506565137
1994-04-18,1111.3043640290105,-0.02091580847923692
1994-04-19,1087.763458785591,-0.0211831303874957
1994-04-20,1065.3005540054792,-0.02065054180546746
1994-04-21,1105.1328861710397,0.037390698818087424
1994-04-22,1116.7859683209917,0.010544507629599721
1994-04-25,1141.9719243447094,0.02255217807005839
1994-04-26,1152.53177660049,0.00924703316313164
1994-04-28,1144.4237939141933,-0.007034932008739938
1994-04-29,1151.0518390698721,0.005791600271617325
1994-05-02,1172.2151349527114,0.018386049319847036
1994-05-03,1167.968790857664,-0.003622495537236646
1994-05-04,1170.807480302354,0.0024304497405323914
1994-05-05,1171.4984866443579,0.0005901963846570901
1994-05-06,1147.0685804782497,-0.020853553329023163
1994-05-09,1115.7845160321074,-0.027273054966860864
1994-05-10,1121.9863367801909,0.005558260272456665
1994-05-11,1097.1296596192087,-0.022154170996693433
1994-05-12,1105.0236493226212,0.007195129248581456
1994-05-13,1096.6680380282285,-0.0075614773489370655
1994-05-16,1081.0601803482705,-0.014232071272926246
1994-05-17,1079.7836108756278,-0.0011808495917695848
1994-05-18,1111.1964249152852,0.02909176776093471
1994-05-19,1127.7566075003374,0.014903020036547305
1994-05-20,1125.76880169919,-0.0017626195119826125
1994-05-23,1120.0590044791454,-0.005071909268960264
1994-05-24,1140.110571754006,0.017902241930714113
1994-05-25,1141.883816052952,0.0015553265997857069
1994-05-26,1140.4450920848706,-0.0012599565278492398
1994-05-27,1145.0241750070272,0.004015171755253539
1994-05-31,1151.0373399139678,0.005251561528736966
1994-06-01,1151.9725826596084,0.0008125216387076786
1994-06-02,1164.3413928227205,0.010737069917546038
1994-06-03,1173.311293984982,0.007703841173691949
1994-06-06,1176.3303689187808,0.0025731235600272907
1994-06-07,1163.1603291270897,-0.01119586821837837
1994-06-08,1133.1365502369765,-0.02581224457048409
1994-06-09,1130.2141076994342,-0.0025790735784941583
1994-06-10,1146.7714395725548,0.014649730312447859
1994-06-13,1138.5129884859005,-0.007201479563994447
1994-06-14,1151.7351980809924,0.011613578175051082
1994-06-15,1151.1988918946845,-0.00046565060024334354
1994-06-16,1148.3786273269236,-0.0024498499673842266
1994-06-17,1130.7184626574983,-0.015378346696100364
1994-06-20,1097.872926342571,-0.02904837711567158
1994-06-21,1067.050852266431,-0.028074354815196812
1994-06-22,1078.8530215309022,0.011060549962921697
1994-06-23,1042.7660292217254,-0.033449405608531345
1994-06-24,1021.6686097736027,-0.0202321698798232
1994-06-27,1047.5901147712038,0.025371734777429555
1994-06-28,1045.6223840045238,-0.0018783403345781307
1994-06-29,1051.3716784644034,0.005498442408875092
1994-06-30,1057.1063732558284,0.005454488558985029
1994-07-01,1059.681678713585,0.0024361838343900503
1994-07-05,1049.54598878022,-0.00956484398755425
1994-07-06,1041.7295499259344,-0.007447447694378451
1994-07-07,1058.0766359674215,0.015692255290875968
1994-07-08,1060.7719583016615,0.0025473791241742982
1994-07-11,1058.6115520921562,-0.002036635859948892
1994-07-12,1066.7885961501843,0.00772431024568692
1994-07-13,1096.04382006583,0.027423637655315882
1994-07-14,1102.6850021764646,0.006059230469668464
1994-07-15,1101.9797690295918,-0.0006395599336899056
1994-07-18,1105.5477425019983,0.0032377849146437
1994-07-19,1095.3560996143078,-0.009218636605078122
1994-07-20,1075.3145335709685,-0.01829684981020907
1994-07-21,1082.0419712952107,0.0062562510913912505
1994-07-22,1086.943605726433,0.004529985491556092
1994-07-25,1087.2724199851853,0.0003025127127295238
1994-07-26,1083.4790967066492,-0.0034888434662839578
1994-07-27,1072.6982357149209,-0.00995022518154515
1994-07-28,1073.5106301162411,0.0007573373147005705
1994-07-29,1102.7420656411164,0.02722975879774014
1994-08-01,1110.675474546421,0.0071942561660529826
1994-08-02,1110.4276105905067,-0.00022316505729593478
1994-08-03,1106.9318519020392,-0.0031481193867365473
1994-08-04,1096.0999796591982,-0.009785491513527707
1994-08-05,1091.4102045600105,-0.004278601574872618
1994-08-08,1096.5983722346257,0.004753636765478888
1994-08-09,1103.0193516804077,0.005855361095145045
1994-08-10,1119.9909450497848,0.015386487411595763
1994-08-11,1119.89551568433,-8.520547945205481e-05
1994-08-12,1130.2885418778392,0.009280353432934565
1994-08-15,1133.9546504104717,0.0032435156128732415
1994-08-16,1141.965554037964,0.007064571431134813
1994-08-17,1164.0706797776418,0.019357086263692095
1994-08-18,1162.4354090654704,-0.0014047864451699045
1994-08-19,1163.1508213592529,0.0006154426200399508
1994-08-22,1162.414830266906,-0.0006327563707403254
1994-08-23,1180.1366927651843,0.015245729869266249
1994-08-24,1191.8378211331176,0.009915061907376494
1994-08-25,1201.502833339167,0.008109335040954286
1994-08-26,1227.3152257077793,0.021483421971528603
1994-08-29,1227.8701831091996,0.0004521718543011397
1994-08-30,1238.2229145887682,0.008431454417561874
1994-08-31,1235.4033563405544,-0.0022771006859860733
1994-09-01,1213.772687947322,-0.01750899273683812
1994-09-02,1214.564864022997,0.0006526560397520369
1994-09-06,1214.9507799191103,0.00031774004628698255
1994-09-07,1230.2045137441514,0.01255502204464326
1994-09-08,1246.2603327659313,0.01305134133585119
1994-09-09,1228.1074266222538,-0.014565902216745533
1994-09-12,1215.8296939530494,-0.009997279067819529
1994-09-13,1234.347245214396,0.015230382473338173
1994-09-14,1243.2035526596733,0.00717489140889124
1994-09-15,1275.608770230187,0.026065898461428115
1994-09-16,1273.0427660427004,-0.002011591835499624
1994-09-19,1268.8225066451648,-0.003315096326774981
1994-09-20,1236.108441188906,-0.025783011638685804
1994-09-21,1216.5604544911946,-0.01581413575568643
1994-09-22,1215.5932054329376,-0.000795068633610622
1994-09-23,1205.9623361586966,-0.007922773203401394
1994-09-26,1199.8269367367625,-0.0050875547585315945
1994-09-27,1198.8990230166141,-0.0007733729688317537
1994-09-28,1213.5257884410914,0.01220016460408313
1994-09-29,1211.2827799728589,-0.0018483401750480576
1994-09-30,1226.9718383816744,0.012952432469292728
1994-10-03,1215.7095486767998,-0.009178930887060108
1994-10-04,1172.2105906488061,-0.03578071594102298
1994-10-05,1168.9107793196167,-0.0028150328580148327
1994-10-06,1162.2639781765972,-0.005686320342505917
1994-10-07,1180.1879333965585,0.0154215871407121
1994-10-10,1201.4455073704448,0.01801202450249377
1994-10-11,1229.1563606174018,0.02306459433820391
1994-10-12,1233.6434857518125,0.0036505730907634704
1994-10-13,1236.401326158581,0.0022355246378881963
1994-10-14,1233.6875703433714,-0.0021948826467545215
1994-10-17,1229.190663903329,-0.003645093415985794
1994-10-18,1225.9719419180192,-0.002618570153379364
1994-10-19,1244.494061495642,0.015108110507525259
1994-10-20,1236.7009773358047,-0.006262050098070817
1994-10-21,1227.387635305413,-0.007530795399268813
1994-10-24,1213.6996064197328,-0.011152164558244217
1994-10-25,1204.189028077529,-0.00783602325641254
1994-10-26,1219.9038522632927,0.013050130684924329
1994-10-27,1233.321720197471,0.01099911924147457
1994-10-28,1261.1140963006235,0.022534571189342684
1994-10-31,1265.1462871204183,0.0031973243591701694
1994-11-01,1247.7899712309923,-0.01371882134589395
1994-11-02,1246.4878788777628,-0.0010435188479235567
1994-11-03,1247.2860702493056,0.0006403522930855127
1994-11-04,1227.729821470064,-0.015679040474918915
1994-11-07,1215.332290990118,-0.010097930556986323
1994-11-08,1231.904861596274,0.013636246423317209
1994-11-09,1230.8689941628077,-0.0008408664222041294
1994-11-10,1221.555661170836,-0.00756646973490987
1994-11-11,1214.2281660345643,-0.005998494681157988
1994-11-14,1233.1002109150813,0.015542420616175882
1994-11-15,1235.8204836345446,0.0022060435116172694
1994-11-16,1237.7078735740197,0.0015272363296036384
1994-11-17,1225.380362421802,-0.009959952114242228
1994-11-18,1221.5318421962759,-0.0031406739846230377
1994-11-21,1199.0787648415223,-0.01838108232560151
1994-11-22,1146.6611007253316,-0.04371494655158755
1994-11-23,1132.609346585095,-0.012254496233759175
1994-11-25,1150.3117804536098,0.015629779077745643
1994-11-28,1159.963604093382,0.008390615312977232
1994-11-29,1177.7527195002149,0.015335925492883777
1994-11-30,1174.0163618226263,-0.0031724466568618815
1994-12-01,1145.3764283004882,-0.024394833371551437
1994-12-02,1157.0849286567764,0.010222403802792782
1994-12-05,1158.9324262938,0.0015966828287777505
1994-12-06,1144.9086483398332,-0.012100600203942857
1994-12-07,1123.3101738888754,-0.018864801556243434
1994-12-08,1076.8605343112463,-0.04135068003240936
1994-12-09,1076.5591341110453,-0.0002798878690394672
1994-12-12,1076.4935554077103,-6.091509630748893e-05
1994-12-13,1077.5095823291172,0.0009438300083664025
1994-12-14,1095.9281319430522,0.017093629528678565
1994-12-15,1110.9672509416152,0.013722723744575373
1994-12-16,1105.9767200933939,-0.004492059368979344
1994-12-19,1102.1139669983988,-0.0034926170007166055
1994-12-20,1103.8975716258908,0.0016183486289984104
1994-12-21,1129.8966572953316,0.023552081585928003
1994-12-22,1136.606251553792,0.00593823710791507
1994-12-23,1145.2721619494923,0.0076243733340844045
1994-12-27,1157.226614868576,0.010438089142701891
1994-12-28,1145.5586932808696,-0.010082659211075415
1994-12-29,1167.2780181981893,0.018959591546650188
1994-12-30,1174.7472643278102,0.0063988578669118374
1995-01-03,1148.0271609729248,-0.022745405898156913
1995-01-04,1154.8411759300782,0.005935412670357782
1995-01-05,1154.118285864567,-0.0006259649210453396
1995-01-06,1166.428028780556,0.010665928325334155
1995-01-09,1173.3948507638877,0.005972783413491214
1995-01-10,1187.0499016461802,0.011637217321520517
1995-01-11,1184.4320276403407,-0.0022053613771493706
1995-01-12,1186.6758751025175,0.0018944501751163487
1995-01-13,1204.2312325163814,0.014793725719204731
1995-01-16,1222.6738682644927,0.015314862503253191
1995-01-17,1235.1685398150064,0.010219136823664068
1995-01-18,1235.759396584807,0.00047836125253744756
1995-01-19,1223.3268095180872,-0.01006068584311729
1995-01-20,1202.4589858932009,-0.01705825741946006
1995-01-23,1193.9262259859302,-0.007096092263747744
1995-01-24,1205.3562827909584,0.009573503417758854
1995-01-25,1198.1712772560552,-0.00596089773412603
1995-01-26,1187.2299397745144,-0.009131697353484902
1995-01-27,1191.2911998791935,0.003420786461509144
1995-01-30,1168.5515928780144,-0.01908820194716881
1995-01-31,1178.8599764823089,0.008821504901556195
1995-02-01,1188.4004208870244,0.00809294114232618
1995-02-02,1204.9361662777678,0.013914287726691564
1995-02-03,1231.3350986112198,0.02190898827031015
1995-02-06,1252.4641236861935,0.0171594435168821
1995-02-07,1252.6706036130543,0.00016485895520354765
1995-02-08,1267.9289816171981,0.01218067859190936
1995-02-09,1273.1505243775525,0.004118166581928313
1995-02-10,1289.1450713169752,0.012562966148282033
1995-02-13,1285.2964137488739,-0.0029854340320050986
1995-02-14,1289.0198134312438,0.002896919062825154
1995-02-15,1305.1716316307084,0.012530310264564323
1995-02-16,1297.3730429423417,-0.005975144187452853
1995-02-17,1276.4503713770603,-0.016126951056290216
1995-02-21,1268.095462369133,-0.006545424087983777
1995-02-22,1278.612941643094,0.008293917600108525
1995-02-23,1289.529338128186,0.008537686526982885
1995-02-24,1288.4646177451148,-0.000825665885676503
1995-02-27,1266.4765197829136,-0.017065348678865343
1995-02-28,1296.0963960997312,0.023387623737307642
1995-03-01,1289.8362246684305,-0.004830019935352952
1995-03-02,1295.5478384402606,0.004428169764962321
1995-03-03,1312.0446171198214,0.012733438465245335
1995-03-06,1308.129835835424,-0.0029837257310585917
1995-03-07,1286.8226352649085,-0.016288291870438013
1995-03-08,1301.208568797144,0.01117942219696346
1995-03-09,1302.4282856469158,0.0009373722852895689
1995-03-10,1321.804913877026,0.01487730913375059
1995-03-13,1321.5333019207792,-0.00020548566085298138
1995-03-14,1340.879265447431,0.014639028391137189
1995-03-15,1337.833634602953,-0.0022713684393215975
1995-03-16,1344.1374036896993,0.004711923010230713
1995-03-17,1340.5900254821966,-0.0026391484961025015
1995-03-20,1347.1783403110685,0.00491448892177319
1995-03-21,1344.6250140416623,-0.0018953142230719773
1995-03-22,1342.1740905025285,-0.0018227561688493896
1995-03-23,1349.5792983259737,0.005517322883704619
1995-03-24,1373.5702003108968,0.017776578237885997
1995-03-27,1386.3017030449998,0.009268913034966329
1995-03-28,1397.933215121327,0.00839031795948808
1995-03-29,1374.110825485875,-0.01704115001901901
1995-03-30,1366.1976012293671,-0.005758796240987148
1995-03-31,1367.1725913149915,0.000713652318483899
1995-04-03,1369.3954938063446,0.0016259121236587642
1995-04-04,1354.7026502208373,-0.010729437662064556
1995-04-05,1363.1656360286815,0.006247116890532897
1995-04-06,1354.5540592323332,-0.0063173370636282495
1995-04-07,1357.3227432501435,0.0020439819281775433
1995-04-10,1378.6313139962358,0.015698971266825092
1995-04-11,1390.4195359559685,0.008550670393204816
1995-04-12,1402.6945183206515,0.008828257980598244
1995-04-13,1416.4099223065818,0.009777898043225293
1995-04-17,1409.4060756796152,-0.004944787887083544
1995-04-18,1391.968664140072,-0.012372169980277051
1995-04-19,1360.7856289247557,-0.022402110060847174
1995-04-20,1368.7898555726083,0.0058820628890513356
1995-04-21,1383.4012096548674,0.010674651059674104
1995-04-24,1401.186029056022,0.012855865151073335
1995-04-25,1408.9977327307324,0.0055750653465857156
1995-04-26,1427.8812445264568,0.013402088134753062
1995-04-27,1441.4622156334046,0.009511274946014085
1995-04-28,1451.643044515457,0.00706284824647917
1995-05-01,1442.9350510926429,-0.005998715356171254
1995-05-02,1443.2769212390526,0.0002369269123726701
1995-05-03,1472.1143102366138,0.01998049617034288
1995-05-04,1459.7491598616884,-0.008399585744763306
1995-05-05,1448.4377996545818,-0.007748838306012982
1995-05-08,1467.5963316629436,0.013227031228355574
1995-05-09,1463.5152619815735,-0.0027807848747793797
1995-05-10,1461.4075109763885,-0.0014401974888400887
1995-05-11,1482.6118103501624,0.014509504853719428
1995-05-12,1500.1456344861178,0.011826308149949357
1995-05-15,1513.8920037908058,0.009163356535978624
1995-05-16,1531.882621182975,0.011883686119697198
1995-05-17,1544.6486163565648,0.008333533520819988
1995-05-18,1516.5434327909945,-0.018195195507871152
1995-05-19,1517.2388019076889,0.0004585223882539752
1995-05-22,1540.6708671977476,0.015443887449092693
1995-05-23,1570.3729151382347,0.01927864579831426
1995-05-24,1564.220886647658,-0.003917558964034405
1995-05-25,1561.6450234611027,-0.0016467387749025916
1995-05-26,1542.0190673582179,-0.012567488646931699
1995-05-30,1494.549434230333,-0.030784076625725337
1995-05-31,1514.8033183637347,0.013551832859802397
1995-06-01,1529.4438059627432,0.00966494291471639
1995-06-02,1543.8357183302467,0.00940989941009577
1995-06-05,1578.1173750181867,0.022205508190351896
1995-06-06,1565.55732049571,-0.007958884884802668
1995-06-07,1573.0949125553868,0.004814638187307182
1995-06-08,1589.107584202129,0.010179088063243753
1995-06-09,1582.603292591569,-0.00409304673592993
1995-06-12,1594.8074329778717,0.007711433713952432
1995-06-13,1617.0288513190994,0.013933605952497386
1995-06-14,1622.1858608346304,0.0031891883136927215
1995-06-15,1647.163115681977,0.01539728304282938
1995-06-16,1668.7145832255885,0.013083991098652414
1995-06-19,1717.3617591225245,0.02915248442480917
1995-06-20,1745.9466641806148,0.016644661444363232
1995-06-21,1743.293028840608,-0.0015198833930314556
1995-06-22,1783.9431471480323,0.023318006574292744
1995-06-23,1779.0573124724233,-0.0027387838471309876
1995-06-26,1733.2320282438895,-0.025758183228424814
1995-06-27,1705.2364085906695,-0.016152263053657683
1995-06-28,1708.5525263080915,0.0019446674377323594
1995-06-29,1731.657112982742,0.013522901004732803
1995-06-30,1756.2214159385708,0.014185431267924233
1995-07-03,1759.530371455754,0.0018841334510288374
1995-07-05,1786.477315117419,0.015314849972933597
1995-07-06,1828.3690127817815,0.02344933087583535
1995-07-07,1892.6898440702462,0.03517934882882493
1995-07-10,1918.6537016065981,0.01371796737732598
1995-07-11,1893.2320850256235,-0.013249715964734909
1995-07-12,1964.8092604885844,0.037806867963571536
1995-07-13,1986.4686905301648,0.011023680759828252
1995-07-14,2006.8849700499704,0.010277674960160904
1995-07-17,2032.3702683849044,0.012698933279817914
1995-07-18,1961.9283467341431,-0.034659984327924984
1995-07-19,1820.0989380313647,-0.07229081986550108
1995-07-20,1849.2540350591257,0.01601841329532089
1995-07-21,1853.609451484982,0.002355228834591647
1995-07-24,1917.569588542641,0.03450572449682898
1995-07-25,1976.7871578750708,0.03088157513878572
1995-07-26,2002.085275036908,0.012797592831911677
1995-07-27,2043.7545561570657,0.020812940207748945
1995-07-28,2021.7028616395514,-0.01078979589358262
1995-07-31,2004.4635798568067,-0.008527109551976397
1995-08-01,1963.7351345140837,-0.020318875210310637
1995-08-02,1934.2882933412827,-0.014995322258715625
1995-08-03,1929.882030330858,-0.0022779763624653135
1995-08-04,1962.559018329936,0.016932116826579243
1995-08-07,1978.0718604675762,0.007904395227228016
1995-08-08,1985.3412024930406,0.0036749635696987303
1995-08-09,2016.8342925544612,0.015862809889742768
1995-08-10,1998.526031413902,-0.00907772205587124
1995-08-11,2012.220820989093,0.006852444931879225
1995-08-14,2044.7422225351306,0.0161619446567758
1995-08-15,2044.166489639646,-0.00028156747052972394
1995-08-16,2097.9070866408874,0.026289735828080606
1995-08-17,2111.88227229544,0.006661489321211694
1995-08-18,2119.951357016744,0.0038208023369284143
1995-08-21,2071.4312003011914,-0.02288739152196007
1995-08-22,2093.8455801174773,0.010820721351028411
1995-08-23,2105.3903084818458,0.005513648415142863
1995-08-24,2075.3565131586984,-0.01426519121046221
1995-08-25,2071.1561453333434,-0.0020239259128359698
1995-08-28,2022.262330557222,-0.023607015282883118
1995-08-29,2003.8792198410958,-0.00909036895873968
1995-08-30,2039.4112999291615,0.017731647564509078
1995-08-31,2069.3292960751724,0.014669917807678056
1995-09-01,2066.436261325613,-0.0013980543140458797
1995-09-05,2145.6415571160887,0.03832941633518665
1995-09-06,2165.896597410867,0.00944008575318744
1995-09-07,2193.7934309343987,0.012880039405796186
1995-09-08,2230.8396140919235,0.016886814699661908
1995-09-11,2257.3655084773745,0.011890543012545857
1995-09-12,2250.4386013728013,-0.0030685802004857
1995-09-13,2260.2589631317005,0.0043637545822884215
1995-09-14,2258.071663353774,-0.0009677208734064847
1995-09-15,2190.6171644445685,-0.029872612107013276
1995-09-18,2185.840720742371,-0.002180410059650196
1995-09-19,2227.738232799391,0.019167687590150643
1995-09-20,2247.462618575031,0.008853996167608194
1995-09-21,2219.3714686085596,-0.012499051033953263
1995-09-22,2197.5833144208045,-0.009817263354032078
1995-09-25,2166.4304635629082,-0.014175958951575408
1995-09-26,2132.572104535193,-0.01562863872031788
1995-09-27,2084.974196799918,-0.022319483422882588
1995-09-28,2167.989921078925,0.039816187848474086
1995-09-29,2153.143876116407,-0.006847838552279609
1995-10-02,2086.316278643599,-0.03103721874515124
1995-10-03,2057.1052963470424,-0.014001224356811264
1995-10-04,1983.5131221100457,-0.035774626786329276
1995-10-05,2030.4483441100688,0.023662672798500956
1995-10-06,2021.5086809430484,-0.004402802559815172
1995-10-09,1911.578432915365,-0.054380299755329306
1995-10-10,1906.3738763401834,-0.002722648720849998
1995-10-11,1976.2713717218214,0.036665155901016454
1995-10-12,2031.4738349195836,0.027932633133104203
1995-10-13,2042.1839077572404,0.0052720702839279595
1995-10-16,2040.3033854203297,-0.0009208388773251742
1995-10-17,2109.388524421471,0.03386022857914784
1995-10-18,2148.5670268129643,0.018573393160104628
1995-10-19,2155.824468115234,0.003377805398528622
1995-10-20,2124.8760356575094,-0.014355729288471297
1995-10-23,2113.292564813404,-0.005451363114705623
1995-10-24,2122.446298014317,0.004331503055148978
1995-10-25,2069.981677211957,-0.02471893910882185
1995-10-26,2033.7895549035202,-0.01748427182079395
1995-10-27,2065.3969569800483,0.01554113698751277
1995-10-30,2121.46336420369,0.027145584307251298
1995-10-31,2106.345522811231,-0.007126138328640582
1995-11-01,2124.097054101481,0.008427644514161897
1995-11-02,2192.4660512416485,0.03218732261228455
1995-11-03,2226.739661037811,0.01563244720562587
1995-11-06,2211.0721033468885,-0.007036097647634372
1995-11-07,2134.814343674411,-0.03448904246815231
1995-11-08,2151.032351756594,0.007596917329246026
1995-11-09,2223.1819497350793,0.033541846973880136
1995-11-10,2215.6863890923687,-0.003371546194680033
1995-11-13,2192.1994961398223,-0.010600278571990255
1995-11-14,2117.987757996442,-0.03385263899296472
1995-11-15,2122.691147255956,0.0022206876511711095
1995-11-16,2133.103846835414,0.004905423755556219
1995-11-17,2135.044689693848,0.0009098679660219383
1995-11-20,2070.5473116522808,-0.030208912418978755
1995-11-21,2052.2296034242854,-0.008846795301372693
1995-11-22,2036.919083550123,-0.007460432228740754
1995-11-24,2071.958100437839,0.017201967997004033
1995-11-27,2067.6482699433172,-0.002080076085327849
1995-11-28,2150.6348457154186,0.04013573148704642
1995-11-29,2181.1305032935684,0.01417983979888756
1995-11-30,2187.5413924350682,0.002939250600465657
1995-12-01,2171.160089707034,-0.007488453834375059
1995-12-04,2229.8081399264256,0.027012310376111032
1995-12-05,2213.2307689542304,-0.00743443827088302
1995-12-06,2195.6378613470733,-0.007948971184541156
1995-12-07,2159.919412434447,-0.01626791445958763
1995-12-08,2197.5100818850196,0.01740373702563469
1995-12-11,2192.8009291962576,-0.002142949298654686
1995-12-12,2153.5265530817132,-0.017910598081030453
1995-12-13,2171.51764316299,0.00835424576285426
1995-12-14,2095.7766000149068,-0.03487931280989286
1995-12-15,2064.348207776962,-0.01499606028510902
1995-12-18,1951.5972194820183,-0.054618202428340486
1995-12-19,2044.1710621154643,0.047434912137257666
1995-12-20,2039.3373697889538,-0.002364622225650897
1995-12-21,2100.1892767500076,0.029839058442473986
1995-12-22,2125.115480704833,0.011868551197155805
1995-12-26,2133.9659318857,0.004164691877323918
1995-12-27,2128.616910630419,-0.002506610426790558
1995-12-28,2104.307009842159,-0.01142051473276166
1995-12-29,2144.0233014666296,0.018873810446247273
1996-01-02,2169.3522984634265,0.011813769458321792
1996-01-03,2118.247905926017,-0.02355744273237999
1996-01-04,2051.361059076784,-0.031576496151423245
1996-01-05,2065.594108191843,0.0069383442042449004
1996-01-08,2060.2657628013785,-0.0025795703857467074
1996-01-09,1926.0070545671858,-0.06516572311119648
1996-01-10,1892.550837459126,-0.017370765609982804
1996-01-11,1972.1189680034047,0.04204279693279168
1996-01-12,1960.6269206184204,-0.00582725868542242
1996-01-15,1883.2804678127732,-0.03944985759006647
1996-01-16,1910.8112678250575,0.014618534245331148
1996-01-17,1919.8491792950722,0.004729881816272692
1996-01-18,1953.9460358043577,0.01776017453715042
1996-01-19,1997.1449938498565,0.0221085727312401
1996-01-22,2039.3466563904399,0.021130995831820952
1996-01-23,2033.4933264308,-0.002870198620375879
1996-01-24,2094.190172990231,0.029848559506200384
1996-01-25,2063.730822368085,-0.014544691793035322
1996-01-26,2083.381684298327,0.009522008256722713
1996-01-29,2088.646807775984,0.0025272006168327982
1996-01-30,2123.5540994811186,0.01671287437166273
1996-01-31,2157.5334248638483,0.016001158336880872
1996-02-01,2196.5818135531194,0.018098625142613966
1996-02-02,2207.137484927341,0.004805498847842776
1996-02-05,2252.380543895217,0.020498523212460956
1996-02-06,2275.9102278917653,0.010446584641446361
1996-02-07,2258.0142786619076,-0.007863205240056898
1996-02-08,2292.1837317356467,0.015132523029919787
1996-02-09,2297.8361909771843,0.002465971275896524
1996-02-12,2300.075107144341,0.0009743584751376267
1996-02-13,2265.4607883095478,-0.015049212404967378
1996-02-14,2268.49597472046,0.001339765590547527
1996-02-15,2278.6215656255636,0.004463570144245746
1996-02-16,2278.98956056011,0.00016149892553369124
1996-02-20,2246.4032170891555,-0.014298592689887266
1996-02-21,2302.5139789095597,0.024978045523417418
1996-02-22,2387.2277953165653,0.03679187930364921
1996-02-23,2389.7753347374537,0.0010671538869839606
1996-02-26,2368.4302431965207,-0.008931840257393155
1996-02-27,2338.794784226284,-0.012512700787944496
1996-02-28,2344.278842780852,0.0023448224664918828
1996-02-29,2312.1770388468385,-0.013693679842255084
1996-03-01,2253.1029531540958,-0.025549118731066175
1996-03-04,2247.108343741147,-0.0026606016403099525
1996-03-05,2296.1918023442868,0.021842942615495835
1996-03-06,2274.9534336040583,-0.009249387929416587
1996-03-07,2280.0290177973993,0.0022310716862894058
1996-03-08,2157.0831029547585,-0.053922960577673464
1996-03-11,2224.124680410532,0.031079737894168537
1996-03-12,2193.1199702313347,-0.013940185301785585
1996-03-13,2256.51667921841,0.02890708663803195
1996-03-14,2266.251320356997,0.004314012490241698
1996-03-15,2301.304388528873,0.015467423165738757
1996-03-18,2362.341586856354,0.026522870521486757
1996-03-19,2353.8465786000834,-0.0035960118145214044
1996-03-20,2308.299004176691,-0.01935027322404383
1996-03-21,2299.446479846779,-0.0038350856253433346
1996-03-22,2309.262247126813,0.004268752226269643
1996-03-25,2244.8234293888213,-0.027904504054559534
1996-03-26,2249.6898521516923,0.002167842111393076
1996-03-27,2272.2135194432935,0.010011898871330385
1996-03-28,2275.818756984871,0.00158666318579981
1996-03-29,2302.7908279866074,0.01185159007893513
1996-04-01,2323.3714036302854,0.008937231898596734
1996-04-02,2342.8426324133607,0.008380592423859313
1996-04-03,2361.717522684367,0.008056405500681506
1996-04-04,2371.352588597302,0.004079685999866537
1996-04-08,2316.698409077495,-0.023047681640686095
1996-04-09,2330.975522225101,0.006162698213830512
1996-04-10,2314.3589535365136,-0.00712858995307066
1996-04-11,2279.92228149476,-0.01487957258710081
1996-04-12,2295.3729229886508,0.006776828148616026
1996-04-15,2333.9516226726078,0.01680715987262152
1996-04-16,2394.469772134303,0.02592947894626718
1996-04-17,2376.868539026692,-0.007350785260455516
1996-04-18,2441.9517432392413,0.02738191159667602
1996-04-19,2451.9001651026506,0.004073963333203651
1996-04-22,2514.530854447334,0.02554373552238884
1996-04-23,2571.964308343663,0.022840624045137023
1996-04-24,2615.9737117343257,0.017111203000715336
1996-04-25,2648.2127517835856,0.012323915911175723
1996-04-26,2659.980513543271,0.0044436617683982944
1996-04-29,2664.6531152442058,0.001756630049409931
1996-04-30,2674.6583368097686,0.003754793263079557
1996-05-01,2715.3248096544553,0.015204361725390313
1996-05-02,2618.359614197227,-0.0357103485787278
1996-05-03,2645.8311992655304,0.010491906810411797
1996-05-06,2652.2770547487107,0.0024362308090439943
1996-05-07,2635.6023238134144,-0.0062869491350617005
1996-05-08,2638.593611924,0.0011349542696781018
1996-05-09,2657.7731241216566,0.007268839017491268
1996-05-10,2724.2308828574983,0.02500505334058738
1996-05-13,2809.5703940126245,0.03132609342773898
1996-05-14,2867.185098784265,0.02050658879892128
1996-05-15,2862.434263975374,-0.001656968296502891
1996-05-16,2888.689477847644,0.009172337755560034
1996-05-17,2900.236135677829,0.003997195932180577
1996-05-20,2928.0272303382303,0.009582355835969135
1996-05-21,2910.2739758437147,-0.006063213589876579
1996-05-22,2923.681500599655,0.004606963078812292
1996-05-23,2929.1955486882857,0.0018859947937214909
1996-05-24,2924.7673560290727,-0.0015117436120629948
1996-05-28,2869.098697137926,-0.019033533992504403
1996-05-29,2819.143512030165,-0.01741145578491057
1996-05-30,2854.8323618938434,0.01265946544096923
1996-05-31,2900.4609858546037,0.01598294336641587
1996-06-03,2877.2266875645723,-0.00801055363383393
1996-06-04,2899.7892753399196,0.007841783156281368
1996-06-05,2924.8614384569773,0.008646201753442499
1996-06-06,2846.544240128696,-0.026776378975955188
1996-06-07,2833.367864737647,-0.004628902374077777
1996-06-10,2833.3807671414024,4.553734061886392e-06
1996-06-11,2836.2720067109794,0.0010204204119356464
1996-06-12,2857.5540706557276,0.007503534179511871
1996-06-13,2811.69873633511,-0.01604705744381423
1996-06-14,2754.0626804945337,-0.020498659794434982
1996-06-17,2727.6681789695144,-0.009583841977147657
1996-06-18,2616.312090116721,-0.04082464638160751
1996-06-19,2599.0677450048215,-0.006591088722572886
1996-06-20,2546.0906115059847,-0.020383129143383756
1996-06-21,2581.0418963334196,0.013727431643433005
1996-06-24,2612.639784251063,0.01224229950026393
1996-06-25,2566.66015513307,-0.017598916389146707
1996-06-26,2481.826699642829,-0.03305207949738961
1996-06-27,2536.1994500454875,0.021908359036706012
1996-06-28,2618.5159910830494,0.03245665124487163
1996-07-01,2672.2681782882264,0.020527729213119843
1996-07-02,2643.7480401049033,-0.010672633239075581
1996-07-03,2600.9584560494386,-0.01618519745692821
1996-07-05,2497.82013906009,-0.03965396554084302
1996-07-08,2455.5938422327513,-0.01690525917659866
1996-07-09,2475.616508257497,0.0081538997534462
1996-07-10,2422.0234234891964,-0.021648379136889467
1996-07-11,2273.815407992143,-0.061191817576868666
1996-07-12,2261.6767401602824,-0.005338457901725286
1996-07-15,2083.1646255655046,-0.07892910221207253
1996-07-16,2056.443359997727,-0.01282724621945025
1996-07-17,2185.6734560123587,0.0628415537857431
1996-07-18,2278.5526716921136,0.04249455261684313
1996-07-19,2228.361408881924,-0.02202769478790069
1996-07-22,2161.2173121230885,-0.030131600956294042
1996-07-23,2031.7059485714956,-0.059925192540849236
1996-07-24,2005.44921420202,-0.012923491407768436
1996-07-25,2082.1820944355322,0.03826219068032846
1996-07-26,2148.701914472369,0.031947167452167385
1996-07-29,2096.09782673962,-0.02448179869829291
1996-07-30,2117.324216222393,0.010126621578435526
1996-07-31,2151.1376333361077,0.015969881633925168
1996-08-01,2223.5149795899697,0.03364607876884904
1996-08-02,2328.685755446219,0.0472993331826545
1996-08-05,2309.4605470182482,-0.008255819138760064
1996-08-06,2343.491694685561,0.014735539739464478
1996-08-07,2393.9590906230733,0.021535128992331967
1996-08-08,2378.494308580504,-0.00645991909516904
1996-08-09,2377.1332210721785,-0.0005722475363574697
1996-08-12,2380.2419828188054,0.0013077776706282673
1996-08-13,2329.19591322938,-0.021445747935667305
1996-08-14,2359.2910103060267,0.012920809668998773
1996-08-15,2363.8485829024535,0.0019317551656485917
1996-08-16,2359.160189415329,-0.0019833730134134354
1996-08-19,2346.6925866306515,-0.0052847631291064205
1996-08-20,2320.4433419454895,-0.011185634128094452
1996-08-21,2329.049022820971,0.0037086365005863445
1996-08-22,2399.4691815250953,0.030235584572981804
1996-08-23,2395.2911347429485,-0.0017412379430899792
1996-08-26,2378.1595602777656,-0.007152188816087978
1996-08-27,2418.7178370898846,0.017054480905974986
1996-08-28,2438.8152285792626,0.00830910955432416
1996-08-29,2401.038411715239,-0.015489823263909448
1996-08-30,2385.8733317585516,-0.006316050539921855
1996-09-03,2387.7415917186863,0.0007830507744339208
1996-09-04,2393.7791303931717,0.0025285561450306394
1996-09-05,2317.409147367539,-0.03190352111269727
1996-09-06,2373.593119644523,0.024244304179435162
1996-09-09,2411.3541648268,0.01590881135850794
1996-09-10,2414.014628464208,0.0011033068788543652
1996-09-11,2432.637531111821,0.007714494530408459
1996-09-12,2482.2760110697113,0.020405210115788858
1996-09-13,2579.251323705481,0.0390670949577357
1996-09-16,2601.045699425885,0.008449884476202641
1996-09-17,2641.392842036473,0.01551189301268098
1996-09-18,2651.5324195845883,0.0038387237925190834
1996-09-19,2679.195069234408,0.010432702781794971
1996-09-20,2712.3904292694733,0.012390049689271529
1996-09-23,2674.6077678345105,-0.01392965445801941
1996-09-24,2690.984651019557,0.006123097144186541
1996-09-25,2732.1650120022446,0.015303082820292276
1996-09-26,2746.5680018107023,0.005271639796712962
1996-09-27,2755.415019213413,0.0032211171894808302
1996-09-30,2740.1498996300115,-0.005540043687414887
1996-10-01,2715.5732098822245,-0.008969104117663645
1996-10-02,2780.0804725672547,0.02375456586855464
1996-10-03,2766.0784033536324,-0.0050365697510518
1996-10-04,2830.581200011844,0.023319222108819298
1996-10-07,2844.3251955493215,0.00485553833870592
1996-10-08,2795.145835224244,-0.017290343734967795
1996-10-09,2784.943972510168,-0.0036498498881570455
1996-10-10,2779.9813038392535,-0.0017819635582978892
1996-10-11,2830.3550597877615,0.018120177959089188
1996-10-14,2865.7659705981077,0.012511119651893169
1996-10-15,2873.2732271108857,0.002619633490592231
1996-10-16,2840.3655387597087,-0.011453031351378427
1996-10-17,2798.9335826279303,-0.014586839463581957
1996-10-18,2800.856765839651,0.0006871128431403831
1996-10-21,2772.2275263872834,-0.010221600690738991
1996-10-22,2698.223283945993,-0.026694866037107474
1996-10-23,2732.6735500822765,0.012767759562841709
1996-10-24,2728.34598427569,-0.0015836380479680554
1996-10-25,2708.3683873670984,-0.007322237364223163
1996-10-28,2677.418705595085,-0.01142742690262323
1996-10-29,2620.4683903359196,-0.021270604832988843
1996-10-30,2633.9278761713376,0.005136290094189215
1996-10-31,2700.262985898454,0.02518486186627898
1996-11-01,2701.0509295703805,0.0002918025673947198
1996-11-04,2694.0852909850228,-0.0025788623639413826
1996-11-05,2731.6035422754803,0.013926155721944614
1996-11-06,2804.179834292742,0.026569116233025568
1996-11-07,2842.7088230326954,0.013739842312813411
1996-11-08,2857.5589276101105,0.005223927423411737
1996-11-11,2879.721796055377,0.007755874509227381
1996-11-12,2851.282538067138,-0.009875696335387296
1996-11-13,2869.8697269731438,0.00651888708251491
1996-11-14,2913.326945434983,0.015142575306954242
1996-11-15,2873.62771482028,-0.01362676807589665
1996-11-18,2839.400972552211,-0.011910638977884865
1996-11-19,2875.412552838866,0.012682809027245499
1996-11-20,2885.5473038178407,0.003524625003451752
1996-11-21,2853.815986190765,-0.010996637478474956
1996-11-22,2927.245909743979,0.025730433885202075
1996-11-25,2953.5365763255722,0.008981365895526328
1996-11-26,2956.9219997136247,0.0011462270063586754
1996-11-27,2984.7267366183305,0.009403270328875252
1996-11-29,3008.3600365981506,0.007918078291681957
1996-12-02,3040.5642420436143,0.010704904018695994
1996-12-03,3042.6804680610517,0.0006959977980977415
1996-12-04,3026.546189557903,-0.005302652931357648
1996-12-05,3040.558841788349,0.004629915207900139
1996-12-06,2981.9156797975265,-0.019286968298344285
1996-12-09,3112.9846583480944,0.04395462267379318
1996-12-10,3094.921225580651,-0.005802608991021656
1996-12-11,3078.280636393949,-0.0053767407871842645
1996-12-12,3027.0745796579536,-0.016634629127245813
1996-12-13,2964.041855475282,-0.020822983551926223
1996-12-16,2852.301731960218,-0.03769856465037875
1996-12-17,2876.0309707094193,0.008319329783141042
1996-12-18,2962.1758702587713,0.029952702327160043
1996-12-19,3010.033342516899,0.01615618867827278
1996-12-20,2975.6680254266535,-0.011416922399108853
1996-12-23,2932.574442010743,-0.014481986245670549
1996-12-24,2969.3089120359896,0.0125263555117324
1996-12-26,3000.424144715283,0.01047894766124495
1996-12-27,2985.1863389736004,-0.005078550567099444
1996-12-30,2967.058160485744,-0.006072712530933527
1996-12-31,2981.7269496284125,0.0049438832504272185
1997-01-02,2933.149757802923,-0.016291629866223435
1997-01-03,3070.0677694077544,0.04667951618924157
1997-01-06,3095.5874108628745,0.008312403299176336
1997-01-07,3148.4445124940607,0.017074982746635586
1997-01-08,3113.0076733925744,-0.011255348144412675
1997-01-09,3140.161370454709,0.008722656643034355
1997-01-10,3167.2871098911733,0.008638326581457276
1997-01-13,3160.6911329638465,-0.002082532052976141
1997-01-14,3233.635355418464,0.023078567119026228
1997-01-15,3171.557880928041,-0.0191974257042936
1997-01-16,3204.6524857093145,0.010434810280552044
1997-01-17,3244.7032436967224,0.012497691455160423
1997-01-20,3316.6154763556656,0.022162961373630278
1997-01-21,3377.855418473591,0.018464589143513382
1997-01-22,3431.7970700096807,0.015969200825198666
1997-01-23,3383.406800530741,-0.014100562618291223
1997-01-24,3311.556728789989,-0.021236013277942598
1997-01-27,3256.663495816286,-0.016576262304816618
1997-01-28,3263.7229015477765,0.002167680431386117
1997-01-29,3267.1260863923785,0.001042730938643227
1997-01-30,3343.0974482483552,0.023253269034335243
1997-01-31,3385.696167562844,0.012742290637327607
1997-02-03,3365.6401990959853,-0.0059237354665808255
1997-02-04,3353.922615307968,-0.0034815319210783832
1997-02-05,3229.872173541343,-0.03698667381305537
1997-02-06,3219.6517315819838,-0.0031643487451556876
1997-02-07,3273.296687737893,0.016661726369252474
1997-02-10,3164.0718983234897,-0.0333684355052723
1997-02-11,3145.4829857136406,-0.00587499690500033
1997-02-12,3274.7395435663893,0.04109275378052096
1997-02-13,3331.3963912990316,0.01730117677418093
1997-02-14,3313.339626530723,-0.005420179002255581
1997-02-18,3304.7166044785054,-0.0026025168030379005
1997-02-19,3303.242223442646,-0.0004461444693507738
1997-02-20,3214.8320052045424,-0.02676467914180453
1997-02-21,3151.9698228391703,-0.019553800093940664
1997-02-24,3201.4941237254093,0.015712174820769604
1997-02-25,3213.474690769561,0.0037421799263558453
1997-02-26,3178.9795223669394,-0.010734538691624386
1997-02-27,3046.26215910913,-0.04174841716469862
1997-02-28,3028.8524869681564,-0.005715093196727714
1997-03-03,3037.681278327691,0.002914896449239818
1997-03-04,3065.9415764911773,0.009303246645758748
1997-03-05,3120.0689258902635,0.017654396878962184
1997-03-06,3055.5020705435204,-0.020694047753550802
1997-03-07,3038.214840500572,-0.005657737957242961
1997-03-10,3087.5341485598924,0.016232988991389127
1997-03-11,3059.2820886743575,-0.009150363534833218
1997-03-12,3000.1703941171227,-0.01932208042405438
1997-03-13,2949.8333084586134,-0.016778075591044002
1997-03-14,2948.01021899846,-0.0006180313494073478
1997-03-17,2885.040960979581,-0.02135991850132444
1997-03-18,2839.1362696269853,-0.015911278894636418
1997-03-19,2749.050899472246,-0.031729850771331634
1997-03-20,2792.5475806983277,0.015822435748436663
1997-03-21,2769.141657544949,-0.0083815664646709
1997-03-24,2717.512290864511,-0.018644537934621598
1997-03-25,2740.8414083745897,0.00858473302531307
1997-03-26,2832.7847091067965,0.03354564786246883
1997-03-27,2745.0254086104965,-0.030979869459960327
1997-03-31,2621.312686339941,-0.04506796982005979
1997-04-01,2600.4800104141323,-0.007947421165880434
1997-04-02,2532.0372878583225,-0.026319265013273457
1997-04-03,2585.4894282065193,0.021110329063679795
1997-04-04,2682.9900381090924,0.037710697571951265
1997-04-07,2745.3081257185245,0.0232271036136057
1997-04-08,2771.3418237210276,0.009482978525658015
1997-04-09,2735.9568701887797,-0.012768166391231
1997-04-10,2675.753230853144,-0.022004601019708952
1997-04-11,2550.3606512316105,-0.046862535070752116
1997-04-14,2589.4920923721384,0.015343493133659524
1997-04-15,2574.1037915252978,-0.0059425942609247304
1997-04-16,2562.668500291096,-0.004442435954544719
1997-04-17,2591.110358182127,0.011098531818610308
1997-04-18,2614.1698659451786,0.008899469561469827
1997-04-21,2533.453936458724,-0.0308763139449895
1997-04-22,2570.096053848832,0.01446330515932993
1997-04-23,2630.774085297755,0.023609246571953936
1997-04-24,2634.525525781727,0.0014259835175271347
1997-04-25,2553.457711553587,-0.03077131477178794
1997-04-28,2585.0823090341255,0.012385009290518837
1997-04-29,2693.4773911590883,0.04193099838490739
1997-04-30,2771.699786977405,0.02904141541156778
1997-05-01,2814.141073197157,0.015312367673857966
1997-05-02,2968.0469477726683,0.05469017741909387
1997-05-05,3121.0210369272577,0.0515403198960134
1997-05-06,3069.598300143992,-0.016476254461229984
1997-05-07,3044.2610172205445,-0.008254266664878905
1997-05-08,3080.289765715414,0.011834973509520029
1997-05-09,3099.39765573564,0.006203276793275307
1997-05-12,3140.5467487736487,0.013276480661285731
1997-05-13,3090.5799903364637,-0.01591021004756462
1997-05-14,3099.236099203519,0.00280080402193816
1997-05-15,3182.486174442398,0.026861482176292834
1997-05-16,3121.6201165770995,-0.019125317292529247
1997-05-19,3122.696729530515,0.00034488916434707227
1997-05-20,3227.685460320147,0.0336211742231582
1997-05-21,3273.953634040656,0.014334783946363979
1997-05-22,3268.0183507623615,-0.0018128794545478532
1997-05-23,3349.0871964723974,0.02480672903538747
1997-05-27,3441.167987969597,0.027494295040806502
1997-05-28,3445.4282492823536,0.0012380277067701683
1997-05-29,3410.0609386956676,-0.01026499698377196
1997-05-30,3396.366389196917,-0.004015925153521863
1997-06-02,3416.6371421787458,0.005968364616463439
1997-06-03,3319.461856209874,-0.02844179288729045
1997-06-04,3293.8823856248414,-0.007705908877121051
1997-06-05,3342.9890544140285,0.01490844633782272
1997-06-06,3413.6637875568226,0.021141179941787793
1997-06-09,3447.2350790167548,0.009834387200726477
1997-06-10,3396.2219583692895,-0.014798271506919036
1997-06-11,3425.6018588052098,0.008650759813715858
1997-06-12,3442.013479847005,0.0047908722958013225
1997-06-13,3498.6544405430423,0.01645576376375915
1997-06-16,3541.06071848104,0.012120739175205932
1997-06-17,3595.764817247388,0.01544850628537461
1997-06-18,3542.044102994775,-0.014939996630184792
1997-06-19,3614.3014318643695,0.020399895305792802
1997-06-20,3613.600576931757,-0.00019391158867748673
1997-06-23,3548.2710059974097,-0.018078802441917338
1997-06-24,3637.3814121188925,0.02511375426816754
1997-06-25,3605.8734078073794,-0.008662276715478971
1997-06-26,3556.2061506485315,-0.013773988030558461
1997-06-27,3564.4775260824085,0.00232589874812764
1997-06-30,3582.4266580855756,0.005035557629926741
1997-07-01,3562.9505451324867,-0.005436569904126504
1997-07-02,3648.4678368165964,0.02400181832468573
1997-07-03,3708.1177420803506,0.01634930275712682
1997-07-07,3721.878262280061,0.003710917817833318
1997-07-08,3794.04159099468,0.019388954616267027
1997-07-09,3801.3331211548984,0.001921837171612716
1997-07-10,3822.796458743012,0.0056462659030505
1997-07-11,3882.213638423008,0.015542857256787819
1997-07-14,3990.4549972361897,0.027881350408410225
1997-07-15,4085.3765021203026,0.023787138296223385
1997-07-16,4288.90544752834,0.04981889559075065
1997-07-17,4224.382814165447,-0.01504407923006969
1997-07-18,4111.459327814114,-0.0267313572938208
1997-07-21,4047.280323396962,-0.015609787012358125
1997-07-22,4192.304681978851,0.035832546054078686
1997-07-23,4212.043524132632,0.00470835105058828
1997-07-24,4219.412689856083,0.0017495464330389188
1997-07-25,4221.247864784088,0.00043493610672813666
1997-07-28,4186.950398620358,-0.008124959079010171
1997-07-29,4233.447144158936,0.011105157957901502
1997-07-30,4317.565821473061,0.019870019501764105
1997-07-31,4348.287674869984,0.007115549517306689
1997-08-01,4350.52223519476,0.000513894316995016
1997-08-04,4409.40021447308,0.01353354289331326
1997-08-05,4497.117015516631,0.01989313665737033
1997-08-06,4545.915190773272,0.010850990776595418
1997-08-07,4510.37732194325,-0.007817538897811588
1997-08-08,4367.235476793996,-0.031736113174580756
1997-08-11,4301.052103490206,-0.015154523646701931
1997-08-12,4243.532789340567,-0.013373312567630264
1997-08-13,4281.496625216784,0.008946280790283761
1997-08-14,4298.695330212468,0.00401698436345574
1997-08-15,4164.480576334416,-0.031222206639012633
1997-08-18,4202.686330244138,0.009174194286518108
1997-08-19,4369.137946748876,0.03960600516552664
1997-08-20,4521.329662617968,0.0348333510463636
1997-08-21,4402.221658057571,-0.026343578869104118
1997-08-22,4354.120757100554,-0.010926505908437434
1997-08-25,4367.997599042272,0.0031870595042840528
1997-08-26,4311.372862599386,-0.012963545688601258
1997-08-27,4333.750380231517,0.00519034617169215
1997-08-28,4255.901850735746,-0.017963316450084095
1997-08-29,4287.608177936056,0.007449966731452725
1997-09-02,4451.460109417888,0.03821522972295163
1997-09-03,4451.668320417388,4.67736415428175e-05
1997-09-04,4486.208096941831,0.007758838718066226
1997-09-05,4547.109545635805,0.013575261641449246
1997-09-08,4598.4793686926905,0.011297247744160615
1997-09-09,4658.601562075756,0.013074364058777663
1997-09-10,4562.489595502334,-0.02063107679262387
1997-09-11,4565.2526969486835,0.0006056126569742292
1997-09-12,4617.347417747139,0.011411136306490615
1997-09-15,4534.74467704555,-0.01788965248404295
1997-09-16,4720.951100153147,0.04106216256235047
1997-09-17,4708.243864256404,-0.0026916686123547324
1997-09-18,4727.650645645603,0.004121872602336885
1997-09-19,4785.538151683544,0.012244455095525787
1997-09-22,4835.323156839717,0.010403219779714697
1997-09-23,4879.930773320478,0.009225364062309154
1997-09-24,4822.041524300628,-0.011862719310761834
1997-09-25,4772.678543235915,-0.010236946491636305
1997-09-26,4791.063387008905,0.003852101834733
1997-09-29,4861.638534118347,0.014730580960545768
1997-09-30,4807.672346326406,-0.011100411396942128
1997-10-01,4833.301760044961,0.0053309401873318125
1997-10-02,4901.8872169721935,0.014190187232711536
1997-10-03,4978.720607496943,0.015674246902034627
1997-10-06,5011.7009969268765,0.00662426997415208
1997-10-07,5100.4182460286775,0.01770202355571529
1997-10-08,5126.134104701486,0.005041911747694837
1997-10-09,5149.438839916916,0.00454625937196141
1997-10-10,5108.493368543474,-0.007951443379819232
1997-10-13,5124.522874720265,0.0031378148155178304
1997-10-14,5068.923247786065,-0.010849717777332464
1997-10-15,5013.107970058474,-0.011011269060341207
1997-10-16,4874.473047392682,-0.027654485699053426
1997-10-17,4685.605000437409,-0.03874635168129536
1997-10-20,4788.227503025864,0.021901654659083555
1997-10-21,4941.484720278137,0.03200708762384899
1997-10-22,4915.061279140122,-0.005347267599468971
1997-10-23,4702.420619517752,-0.04326307395694781
1997-10-24,4587.363084373652,-0.024467725125767066
1997-10-27,3941.7483823502844,-0.1407376503993292
1997-10-28,4290.058313878466,0.08836432408719608
1997-10-29,4288.018415578377,-0.0004754943058675153
1997-10-30,4114.378244883155,-0.04049426888289167
1997-10-31,4235.373032932867,0.029407794045233394
1997-11-03,4426.934311060927,0.04522890348466188
1997-11-04,4432.675913381667,0.0012969702998289637
1997-11-05,4465.649906323421,0.007438845876868753
1997-11-06,4389.263727440411,-0.017105277056055607
1997-11-07,4274.884350751421,-0.026058898209720696
1997-11-10,4210.786635568674,-0.014994023211757784
1997-11-11,4179.178942619099,-0.007506362987519552
1997-11-12,3951.084496487956,-0.054578769960061994
1997-11-13,4040.387717359604,0.022602204774670773
1997-11-14,4165.554461442752,0.03097889431387147
1997-11-17,4324.81372592406,0.03823242882920997
1997-11-18,4250.959932724524,-0.017076757030444426
1997-11-19,4254.5141680258575,0.0008361018117277681
1997-11-20,4388.583422883864,0.031512236077525034
1997-11-21,4356.623383239486,-0.007282541213122374
1997-11-24,4173.315771377491,-0.042075615846713946
1997-11-25,4183.519015143479,0.0024448770054657045
1997-11-26,4211.688504347151,0.0067334435678921625
1997-11-28,4242.481529863196,0.0073113254895895855
1997-12-01,4400.656727931847,0.03728365037189708
1997-12-02,4268.62497162942,-0.030002739242167002
1997-12-03,4314.589303562935,0.010767948048612556
1997-12-04,4304.85512951697,-0.0022561067487761096
1997-12-05,4413.54598808552,0.02524843584707243
1997-12-08,4507.009966871066,0.02117661831050492
1997-12-09,4337.243341675731,-0.03766723979827214
1997-12-10,4208.49593889648,-0.02968415480453751
1997-12-11,4007.2154872090964,-0.04782717023131107
1997-12-12,3893.7357525628167,-0.02831885008642621
1997-12-15,3892.0150241063334,-0.00044192224789545387
1997-12-16,3974.75855651616,0.021259818345337925
1997-12-17,3945.3886161032383,-0.007389113073238856
1997-12-18,3821.536320187227,-0.031391659470629635
1997-12-19,3828.7841401155547,0.0018965723000044282
1997-12-22,3863.9543809723523,0.009185746589447638
1997-12-23,3751.6912560678284,-0.02905394676949399
1997-12-24,3699.588540772836,-0.013887793994434903
1997-12-26,3757.03461195495,0.015527691944389336
1997-12-29,3885.0833033808462,0.03408238269044502
1997-12-30,4023.932137740986,0.035738959378119786
1997-12-31,4050.7313711921474,0.00665996158330013
1998-01-02,4107.253893291682,0.013953658468075648
1998-01-05,4170.840612974129,0.015481565380290128
1998-01-06,4097.074988885954,-0.017686032848801277
1998-01-07,4000.8499408950715,-0.02348627941931977
1998-01-08,3968.70145355543,-0.00803541442807769
1998-01-09,3701.1481928580934,-0.06741581946347831
1998-01-12,3720.990621067273,0.005361154748536934
1998-01-13,3888.528807372008,0.04502515683758464
1998-01-14,3923.9275409165266,0.009103374386068177
1998-01-15,3914.7381735919025,-0.0023418799732672275
1998-01-16,3994.2274024901735,0.020305120131530296
1998-01-20,4131.221472913365,0.03429801476445311
1998-01-21,4119.080712297223,-0.0029387823179522227
1998-01-22,4059.2816433568128,-0.014517576400453664
1998-01-23,4055.69982317652,-0.0008823778429255376
1998-01-26,3979.4385289839256,-0.018803485839064056
1998-01-27,4067.748210749319,0.022191492875740355
1998-01-28,4231.624108983174,0.04028663765392394
1998-01-29,4276.556036896327,0.010618128348822005
1998-01-30,4275.242622240608,-0.00030711971137214875
1998-02-02,4450.406562297148,0.04097169576886818
1998-02-03,4522.182496293066,0.016127949883048127
1998-02-04,4598.0499836265035,0.016776741627660557
1998-02-05,4578.003600245646,-0.004359757604254289
1998-02-06,4672.610963898629,0.0206656376696397
1998-02-09,4648.9354554172105,-0.005066869179638351
1998-02-10,4750.614605699906,0.021871491066672633
1998-02-11,4747.1941789633465,-0.0007199966784204522
1998-02-12,4778.673306045552,0.0066311016350882705
1998-02-13,4756.119096485711,-0.004719763858162576
1998-02-17,4714.456765667037,-0.008759732456964438
1998-02-18,4781.849336498054,0.014294875142731707
1998-02-19,4844.024599393997,0.013002346690721254
1998-02-20,4849.5974755496,0.0011504640493155546
1998-02-23,4980.089249569284,0.026907753618231115
1998-02-24,4905.1594411805445,-0.015045876616612846
1998-02-25,5061.127064074569,0.031796646931518964
1998-02-26,5121.297075713887,0.011888658569041744
1998-02-27,5082.506500309196,-0.007574365406108307
1998-03-02,5011.548337510563,-0.013961253722807088
1998-03-03,5002.834230898221,-0.0017388052604657574
1998-03-04,5016.6783265935555,0.00276725053367382
1998-03-05,4743.5137383922165,-0.054451286372754974
1998-03-06,4973.188877879172,0.04841877817872675
1998-03-09,4810.304866607577,-0.03275242812435809
1998-03-10,4939.814520851556,0.02692337758943611
1998-03-11,4986.214077497396,0.009392975475087384
1998-03-12,5026.409428592047,0.008061296701248891
1998-03-13,5068.982672243781,0.008469911625097864
1998-03-16,5161.286061051791,0.018209450451159553
1998-03-17,5109.268238741029,-0.010078461394205632
1998-03-18,5160.091569664553,0.00994728179236257
1998-03-19,5226.856053481654,0.012938623843344127
1998-03-20,5163.250802054593,-0.01216893114641906
1998-03-23,5180.315594083301,0.003305048056530291
1998-03-24,5294.750835743307,0.022090399625595863
1998-03-25,5364.495868345788,0.013172486254055992
1998-03-26,5387.407893679969,0.004271049115607891
1998-03-27,5357.626745503901,-0.005527917834289911
1998-03-30,5326.3618484783765,-0.005835587007206481
1998-03-31,5425.038576401466,0.01852610294422256
1998-04-01,5495.05308545655,0.012905808515287252
1998-04-02,5525.772690119322,0.0055904108995917185
1998-04-03,5539.515555887699,0.002487048696909143
1998-04-06,5380.275031660275,-0.028746290649581143
1998-04-07,5200.471393411356,-0.033419042184807034
1998-04-08,5247.703431300346,0.009082260879048504
1998-04-09,5323.776230976713,0.014496398409754786
1998-04-13,5348.206190264604,0.004588840369687855
1998-04-14,5453.392924081875,0.01966766614360228
1998-04-15,5572.311814782696,0.021806404261772938
1998-04-16,5541.4691769313695,-0.0055349806106516014
1998-04-17,5590.517751219248,0.0088511859800759
1998-04-20,5711.095171986633,0.021568202827204896
1998-04-21,5811.518833583579,0.01758395869316466
1998-04-22,5894.549068206999,0.014287183265002204
1998-04-23,5671.011466189701,-0.03792276549583354
1998-04-24,5595.24556241556,-0.013360209942415857
1998-04-27,5301.49088822434,-0.052500765321978296
1998-04-28,5367.466280763899,0.012444686585447664
1998-04-29,5483.125990525377,0.02154828809562977
1998-04-30,5581.641846301692,0.017967096861634377
1998-05-01,5610.876710550101,0.005237681860182458
1998-05-04,5640.874821759181,0.005346421380579345
1998-05-05,5556.284232945415,-0.014996005315960126
1998-05-06,5506.429147295233,-0.008972738535327627
1998-05-07,5377.85798446489,-0.02334928124762977
1998-05-08,5548.3861228034475,0.03170930486285895
1998-05-11,5448.928385764391,-0.0179255255199872
1998-05-12,5519.423050203822,0.01293734463892039
1998-05-13,5554.33884401746,0.006325986157620241
1998-05-14,5548.643558899169,-0.0010253758868935831
1998-05-15,5437.235758672387,-0.02007838475190942
1998-05-18,5345.636006159495,-0.016846750183085398
1998-05-19,5428.030542973628,0.015413420726587872
1998-05-20,5344.19138572097,-0.015445594233286767
1998-05-21,5280.62274520152,-0.011894903444007985
1998-05-22,5187.111095934119,-0.017708451025473356
1998-05-26,5029.4048888155585,-0.03040347588509856
1998-05-27,5045.695533863374,0.0032390800518056176
1998-05-28,5121.557838620625,0.015035053987723436
1998-05-29,5030.911193340956,-0.01769903770218536
1998-06-01,4847.414555645349,-0.03647383757011815
1998-06-02,4929.787356613642,0.016993141399957654
1998-06-03,4820.048080697307,-0.022260448164992862
1998-06-04,4972.272033691175,0.031581417953790485
1998-06-05,5044.415752390432,0.014509205894292377
1998-06-08,5069.641802559558,0.005000787287838318
1998-06-09,5142.571111074428,0.014385495337767173
1998-06-10,4984.692421621744,-0.03070034153007542
1998-06-11,4851.842491391196,-0.02665158027690816
1998-06-12,4825.066281955677,-0.0055187713704698054
1998-06-15,4660.915472912391,-0.03402042572081573
1998-06-16,4863.267018566471,0.04341454953003886
1998-06-17,4991.714601754647,0.026411789173369102
1998-06-18,4970.188811998804,-0.004312303782006448
1998-06-19,5017.628547546659,0.009544855807756979
1998-06-22,5153.616876558044,0.027102111629581642
1998-06-23,5374.038183144277,0.04277021592133684
1998-06-24,5566.644418779153,0.03584013158652047
1998-06-25,5479.798311166807,-0.015601159527878149
1998-06-26,5515.93393344683,0.006594334358325845
1998-06-29,5640.672347940108,0.022614196616261795
1998-06-30,5661.6795014615955,0.0037242286425587636
1998-07-01,5778.700446632149,0.02066894552055506
1998-07-02,5654.338486284431,-0.021520748738619276
1998-07-06,5743.391467004444,0.015749495884624872
1998-07-07,5734.368286647457,-0.0015710543863890695
1998-07-08,5897.494801803982,0.028447164012183824
1998-07-09,5923.628449261401,0.004431313351802416
1998-07-10,5942.4260197754675,0.0031733203179563755
1998-07-13,6077.375934506721,0.0227095658039598
1998-07-14,6094.2949355474075,0.0027839319507326297
1998-07-15,6255.201212747202,0.026402771592369857
1998-07-16,6292.0437489348315,0.0058899042468129595
1998-07-17,6342.701806720237,0.008051129300234336
1998-07-20,6374.582335809606,0.0050263326356585645
1998-07-21,6151.419769405318,-0.03500818636393767
1998-07-22,6092.14748556335,-0.009635545299113691
1998-07-23,5877.662088653423,-0.035206862180897
1998-07-24,5851.105804277546,-0.004518171336719655
1998-07-27,5862.28960534339,0.0019113995610314542
1998-07-28,5638.675098688874,-0.038144568369787496
1998-07-29,5548.4161460545165,-0.016007120654166557
1998-07-30,5772.2537426262,0.04034261141909016
1998-07-31,5487.603242301989,-0.0493135806248711
1998-08-03,5360.39667651265,-0.023180714817126098
1998-08-04,4980.494161347805,-0.07087208990137647
1998-08-05,4994.044810645618,0.002720743938016253
1998-08-06,5224.052087801181,0.04605631024080228
1998-08-07,5321.856084911189,0.018721864840971332
1998-08-10,5275.944466915731,-0.008626993526869249
1998-08-11,5008.334646187022,-0.05072263789105998
1998-08-12,5191.0374044444025,0.03647974250212612
1998-08-13,5059.528798380723,-0.02533378124979131
1998-08-14,4989.457050242588,-0.0138494612701011
1998-08-17,5142.505101762969,0.030674289803324515
1998-08-18,5351.520197378339,0.040644606369707716
1998-08-19,5279.021410283757,-0.013547325698237711
1998-08-20,5219.575608342852,-0.011260761667892177
1998-08-21,5020.333083542925,-0.0381721694923745
1998-08-24,4980.199531103299,-0.007994201136013662
1998-08-25,5020.349674757833,0.008061954828070803
1998-08-26,4851.875165179878,-0.03355832172906987
1998-08-27,4402.672951748103,-0.09258321744457366
1998-08-28,4158.0336921793005,-0.05556607593840626
1998-08-31,3443.9777016543453,-0.17172924593372052
1998-09-01,3791.9021392544737,0.10102400995018046
1998-09-02,3876.857875104991,0.022404516976068416
1998-09-03,3774.1139673736147,-0.026501850478228707
1998-09-04,3747.91756462593,-0.006941073580222193
1998-09-08,4197.139279401403,0.11985901691525294
1998-09-09,4013.006955923866,-0.04387091092764445
1998-09-10,3818.6541574774897,-0.04843071556591228
1998-09-11,4089.367188486823,0.0708922619973943
1998-09-14,4207.387316387796,0.028860242296961252
1998-09-15,4269.514285504109,0.014766163522508936
1998-09-16,4328.932539753918,0.013916865075623862
1998-09-17,4104.616060044655,-0.051817966126590446
1998-09-18,4191.3801021369045,0.0211381626985365
1998-09-21,4273.477001865335,0.019587080562456005
1998-09-22,4361.197402371249,0.020526704710853803
1998-09-23,4681.495844463538,0.0734427755822604
1998-09-24,4468.419361265863,-0.045514615472673124
1998-09-25,4588.543724033453,0.026882965329726956
1998-09-28,4563.525275110049,-0.005452372349066794
1998-09-29,4535.725332555508,-0.006091769164983977
1998-09-30,4324.707269701555,-0.04652355409163681
1998-10-01,3907.851193227811,-0.09638943181060915
1998-10-02,3920.124163006475,0.003140592917133821
1998-10-05,3538.3256808720325,-0.09739448707706966
1998-10-06,3418.994793924776,-0.033725241176173204
1998-10-07,3199.9879137291205,-0.0640559267843314
1998-10-08,3009.218692718507,-0.05961560673155787
1998-10-09,3319.937172767889,0.10325553300637032
1998-10-12,3556.891548053811,0.07137315044078667
1998-10-13,3387.8291918799814,-0.047530928027967
1998-10-14,3528.820414717819,0.041616980919748935
1998-10-15,3849.0862961815333,0.09075720604198684
1998-10-16,3896.0201663042803,0.01219350944906261
1998-10-19,4027.8477358995424,0.03383647003047001
1998-10-20,3980.6449087353158,-0.011719119057931552
1998-10-21,4152.770810500584,0.04324070740084032
1998-10-22,4290.476226748934,0.0331598883088256
1998-10-23,4245.5979697964585,-0.010459971010369948
1998-10-26,4399.733347292878,0.03630475108405247
1998-10-27,4361.594640330743,-0.008668413276818509
1998-10-28,4461.105715433405,0.022815296539138316
1998-10-29,4562.340724096778,0.02269280647466971
1998-10-30,4635.409314730156,0.016015592664408912
1998-11-02,4787.868075235923,0.032890031959268554
1998-11-03,4720.808068958075,-0.014006235181102906
1998-11-04,4905.62988456611,0.03915046172356409
1998-11-05,4977.705602479709,0.014692449208278087
1998-11-06,5082.43149520853,0.02103898886198696
1998-11-09,5104.779844209359,0.00439717663128332
1998-11-10,5129.102234957197,0.004764630697135479
1998-11-11,5109.050525257545,-0.0039093994974383536
1998-11-12,5047.666139883365,-0.01201483231976565
1998-11-13,5030.183075244008,-0.0034635936995151594
1998-11-16,5102.49885565713,0.01437637146230783
1998-11-17,5194.061213325295,0.017944611112778883
1998-11-18,5297.92655360468,0.01999694189450811
1998-11-19,5421.34459306972,0.02329553613404998
1998-11-20,5468.728893054941,0.008740322473836935
1998-11-23,5745.459876325167,0.05060243224374544
1998-11-24,5677.558022464934,-0.011818349674676374
1998-11-25,5788.377811795241,0.019518917973504628
1998-11-27,5968.7987450698765,0.031169515733230825
1998-11-30,5570.117061791507,-0.06679429149921898
1998-12-01,5879.072202933342,0.055466543649706795
1998-12-02,5828.097161762795,-0.008670592809714625
1998-12-03,5588.418309542989,-0.041124717994116565
1998-12-04,5866.858538605063,0.04982451449394893
1998-12-07,6083.821708324911,0.03698114899007515
1998-12-08,6047.809900035668,-0.005919274103638817
1998-12-09,6140.074128159165,0.015255808242741347
1998-12-10,5932.790131214446,-0.033759201048418716
1998-12-11,6010.496244522751,0.013097735060518343
1998-12-14,5638.274587820331,-0.06192860648430121
1998-12-15,5899.336166663151,0.04630167878073177
1998-12-16,5879.477283634812,-0.0033662911329854885
1998-12-17,6080.629626942504,0.03421262360645352
1998-12-18,6331.188938832336,0.04120614595232627
1998-12-21,6643.365014347811,0.04930765430182353
1998-12-22,6536.434493639793,-0.016095837045996743
1998-12-23,6853.271548304082,0.04847245925474869
1998-12-24,6792.268489172537,-0.008901304829609616
1998-12-28,6896.7474302630735,0.015382039337385595
1998-12-29,6905.036375446345,0.0012018629458430113
1998-12-30,6810.2172766433905,-0.013731875351174429
1998-12-31,6971.0086721046055,0.023610317986868322
1999-01-04,7064.689837727194,0.013438681549409899
1999-01-05,7340.2552736078105,0.03900602039300139
1999-01-06,7793.011308760749,0.061681238359766744
1999-01-07,7827.030189143222,0.004365306174293698
1999-01-08,7949.211001196256,0.01561011125554487
1999-01-11,8218.310469019483,0.03385234934419661
1999-01-12,7777.1068585202775,-0.053685439624410435
1999-01-13,7749.598470249677,-0.003537097891417412
1999-01-14,7480.972209029087,-0.034663248973715616
1999-01-15,7948.980658354367,0.06255984332630206
1999-01-19,8350.490393549635,0.05051084566085617
1999-01-20,8400.072776333962,0.005937661196835349
1999-01-21,7906.665519207129,-0.05873845028068554
1999-01-22,7866.159285394696,-0.005123048864788101
1999-01-25,8067.502049080212,0.025596069998144386
1999-01-26,8502.880418259238,0.05396693629952832
1999-01-27,8318.089491550621,-0.021732744389982524
1999-01-28,8802.07615521819,0.05818483489017457
1999-01-29,9003.707703762444,0.02290727153328708
1999-02-01,9030.06309530323,0.002927170939786629
1999-02-02,8692.992860016937,-0.0373275614720359
1999-02-03,8903.420834496485,0.02420661996024442
1999-02-04,8306.981957359989,-0.0669898557221491
1999-02-05,8054.535035871352,-0.030389727916162044
1999-02-08,8263.536426324898,0.025948287458275838
1999-02-09,7615.486480395296,-0.07842283406231847
1999-02-10,7605.905093253253,-0.0012581451187273775
1999-02-11,8237.47308449392,0.08303653325899293
1999-02-12,7663.342111682176,-0.06969746267122602
1999-02-16,7606.060616706609,-0.007474740673295364
1999-02-17,7177.915454329951,-0.05629000134921922
1999-02-18,7251.202241335843,0.010210037645634771
1999-02-19,7398.050857524372,0.020251623289640443
1999-02-22,7773.362395452852,0.05073113785731281
1999-02-23,8000.217046742388,0.029183593887535626
1999-02-24,7750.157550404229,-0.03125658902466671
1999-02-25,7665.83946602626,-0.010879531652046385
1999-02-26,7409.161970165263,-0.03348328607695866
1999-03-01,7452.32023895064,0.005824986544924163
1999-03-02,7216.510634293841,-0.03164244115870189
1999-03-03,7254.908804721069,0.005320877689108438
1999-03-04,7431.250452429151,0.024306528511196253
1999-03-05,7716.831668734024,0.03842976604449143
1999-03-08,8113.144761799343,0.05135697007245141
1999-03-09,8080.322911550993,-0.00404551517469422
1999-03-10,8167.378687201192,0.010773799092329893
1999-03-11,8208.654178145041,0.005053701135289631
1999-03-12,7998.417076486424,-0.025611640726485797
1999-03-15,8330.265802902233,0.0414893001005626
1999-03-16,8382.738013414944,0.006298983940516164
1999-03-17,8310.757173891521,-0.00858679340905454
1999-03-18,8542.174592831581,0.027845527681528884
1999-03-19,8251.78150196888,-0.03399521839630768
1999-03-22,8075.623827035995,-0.0213478356026337
1999-03-23,7581.706271073474,-0.06116153581955586
1999-03-24,7857.6790999671975,0.03639983125522069
1999-03-25,8318.469858270122,0.05864209424190502
1999-03-26,8210.492120812434,-0.012980480701067488
1999-03-29,8707.064777812882,0.06048025498273188
1999-03-30,8618.161458462006,-0.010210480985213027
1999-03-31,8485.668139805768,-0.015373733631567615
1999-04-01,8704.89913004919,0.02583544237548277
1999-04-05,9165.62585411622,0.05292729038945535
1999-04-06,9186.59668435017,0.0022879867199175155
1999-04-07,9050.964282255867,-0.014764162045489552
1999-04-08,9255.713423766956,0.02262180416649015
1999-04-09,9395.824677627892,0.015137812445786934
1999-04-12,9433.574406977892,0.0040177132551103565
1999-04-13,9321.088846980338,-0.011923959587826062
1999-04-14,8769.77562316825,-0.05914686930494084
1999-04-15,8869.897505372555,0.011416698272165526
1999-04-16,8603.223410347902,-0.030065070635047014
1999-04-19,7640.690786538324,-0.11188046362388433
1999-04-20,8056.7566755263815,0.05445396242458858
1999-04-21,8586.839029626271,0.06579351660328733
1999-04-22,9086.051376877784,0.05813691691775445
1999-04-23,9291.05838384886,0.022562827180658423
1999-04-26,9727.224222445697,0.04694468816976203
1999-04-27,9361.705918163569,-0.037576835479816446
1999-04-28,8985.970649578447,-0.04013534198463981
1999-04-29,8830.161569966249,-0.017339148511408452
1999-04-30,8929.55995022218,0.011256688733081933
1999-05-03,8874.706332301303,-0.006142925096718935
1999-05-04,8520.222266558503,-0.03994318825543362
1999-05-05,8857.270776951284,0.03955865232714426
1999-05-06,8421.478903713942,-0.04920159767175415
1999-05-07,8633.796779144302,0.02521147150730563
1999-05-10,8787.17384662204,0.017764729863486425
1999-05-11,9066.198858498205,0.03175366923956196
1999-05-12,9346.507006188294,0.030917935075662043
1999-05-13,9169.192521364728,-0.018971203328277182
1999-05-14,8783.370072295787,-0.042078127181859555
1999-05-17,9015.773378127751,0.02645946873683508
1999-05-18,8990.002320616832,-0.002858441137555684
1999-05-19,9122.540950042634,0.014742891569877677
1999-05-20,8872.284908219986,-0.027432712354278715
1999-05-21,8716.84170322381,-0.01752008717079866
1999-05-24,8253.246020308366,-0.05318390521465922
1999-05-25,7762.599092054634,-0.05944896432826804
1999-05-26,8063.278799111413,0.03873441143759936
1999-05-27,8008.784129110304,-0.00675837601040343
1999-05-28,8347.7784907646,0.0423278185788679
1999-06-01,7947.778567046255,-0.04791693073323351
1999-06-02,8080.95937423191,0.016756985120076194
1999-06-03,7886.528995776072,-0.024060308863304777
1999-06-04,8377.770326146798,0.062288660909486156
1999-06-07,8684.327865642867,0.03659178129284717
1999-06-08,8341.46465651872,-0.039480684565191305
1999-06-09,8642.247288220171,0.036058731180548025
1999-06-10,8402.751193585524,-0.027712247364304412
1999-06-11,8153.058545521514,-0.02971558270755644
1999-06-14,7819.392318606219,-0.040925282831260776
1999-06-15,7924.964251979079,0.013501296401467282
1999-06-16,8600.98544885676,0.08530274401034167
1999-06-17,8779.587046555554,0.02076524821031213
1999-06-18,8911.478888029538,0.015022556388426927
1999-06-21,9372.413938118425,0.051723743710827046
1999-06-22,9014.616249455807,-0.038175617404970254
1999-06-23,9138.133821020094,0.01370192231663153
1999-06-24,8826.410500122573,-0.034112361123501606
1999-06-25,8815.898401253113,-0.0011909823216713492
1999-06-28,9156.06432504293,0.03858550862399507
1999-06-29,9433.906288327518,0.03034513011498382
1999-06-30,9746.853856622707,0.03317263906706344
1999-07-01,9891.052689301778,0.014794397741081511
1999-07-02,10144.331176038902,0.025606828180288005
1999-07-06,10107.199736893954,-0.0036603141696175305
1999-07-07,10152.005715005515,0.004433075359934365
1999-07-08,10363.89369434541,0.02087153861888671
1999-07-09,10521.032702406601,0.015162159386768558
1999-07-12,10496.748434156772,-0.0023081639356821826
1999-07-13,10403.401355508213,-0.008892951873058587
1999-07-14,10700.748044038464,0.028581680007262005
1999-07-15,10860.53355832243,0.014932181715369345
1999-07-16,11051.085727985434,0.017545378285487977
1999-07-19,10782.581598141101,-0.02429662898771848
1999-07-20,10033.513190278354,-0.06947022853895082
1999-07-21,10249.421503993739,0.02151871529152756
1999-07-22,9673.998866558317,-0.05614196247185329
1999-07-23,9729.999997152785,0.005788829559207091
1999-07-26,9196.721675818204,-0.05480763838547065
1999-07-27,9617.756336120055,0.04578095055425209
1999-07-28,9806.715292528605,0.019646885386241427
1999-07-29,9328.153843364924,-0.04879936195642175
1999-07-30,9316.091098076413,-0.001293154625348626
1999-08-02,9207.195775579281,-0.011688949941635631
1999-08-03,8955.7462562736,-0.027310108901193772
1999-08-04,8622.338685561082,-0.03722834046118283
1999-08-05,8796.48353266448,0.020196938841548856
1999-08-06,8672.778013200179,-0.014063064974195476
1999-08-09,8471.740404288863,-0.02318030146803393
1999-08-10,8276.351401246535,-0.02306362019112533
1999-08-11,8772.868309101375,0.0599922458319082
1999-08-12,8665.666396169601,-0.0122197107211284
1999-08-13,9264.834845834144,0.06914280128870266
1999-08-16,9313.371997880824,0.005238857772894302
1999-08-17,9494.709373960945,0.01947064673475766
1999-08-18,9397.465532315222,-0.010241897652224417
1999-08-19,9139.428153193714,-0.027458188405606758
1999-08-20,9325.703460586214,0.02038150574304871
1999-08-23,9823.462979253532,0.05337501034329794
1999-08-24,10059.027819306215,0.02397981654231075
1999-08-25,10446.680106913285,0.03853774883324714
1999-08-26,10214.491709515334,-0.022226046458941235
1999-08-27,10097.30160980513,-0.011472925236312605
1999-08-30,9754.762872977488,-0.03392378974745248
1999-08-31,9945.118507830897,0.0195141222121073
1999-09-01,10026.847526794583,0.008218003525984141
1999-09-02,9904.702700044852,-0.01218177761488094
1999-09-03,10692.05640382378,0.07949291640781526
1999-09-07,10641.998470951541,-0.004681787205531135
1999-09-08,10426.545391829864,-0.02024554689702106
1999-09-09,10746.394742402761,0.030676445414367683
1999-09-10,11008.933613503841,0.02443041386383866
1999-09-13,10681.73521959113,-0.029721170587436462
1999-09-14,10856.851198098797,0.016393963612437345
1999-09-15,10445.610895553697,-0.03787841382749305
1999-09-16,10388.82565317064,-0.0054362777774183
1999-09-17,10852.991705318402,0.0446793571904924
1999-09-20,10973.413870988948,0.011095757643630678
1999-09-21,10477.207112857343,-0.04521899601758908
1999-09-22,10750.995347619784,0.026131795602900413
1999-09-23,9934.503936018078,-0.07594565760671389
1999-09-24,9865.032183817435,-0.006992976463451666
1999-09-27,10014.481308694809,0.015149380366191689
1999-09-28,9973.175322311343,-0.004124625640631373
1999-09-29,9783.751367497325,-0.018993344515888563
1999-09-30,9896.247196942275,0.011498230609035463
1999-10-01,9827.745168019357,-0.0069220207983570975
1999-10-04,10248.156655158578,0.04277802079232666
1999-10-05,10273.828519356732,0.002505022616455846
1999-10-06,10694.677418581781,0.04096320066391384
1999-10-07,10719.289066412775,0.002301298755232524
1999-10-08,10911.644977478805,0.017944838493883574
1999-10-11,11129.129429519755,0.01993140837058283
1999-10-12,10795.35277039717,-0.02999126402800656
1999-10-13,10258.947418436856,-0.04968854315083028
1999-10-14,10298.291752303412,0.003835123844757224
1999-10-15,9746.409907652309,-0.05358964942196992
1999-10-18,9437.727603696325,-0.03167138534914538
1999-10-19,9429.58226544969,-0.0008630613839125578
1999-10-20,10129.454687762664,0.0742209360511473
1999-10-21,10228.437801486094,0.009771810702012516
1999-10-22,10333.363737327047,0.01025825623397807
1999-10-25,10324.79028689122,-0.0008296863106498659
1999-10-26,10290.47565522175,-0.003323518513789004
1999-10-27,10223.500918327163,-0.006508419934952243
1999-10-28,10752.467247148847,0.05174023390299012
1999-10-29,11433.140745398916,0.06330393598088457
1999-11-01,11437.686631003095,0.0003976060214255841
1999-11-02,11543.827818240423,0.00927995237687494
1999-11-03,11905.19861109432,0.03130424314566569
1999-11-04,12119.247872756276,0.017979478432429297
1999-11-05,12485.080428223233,0.03018607749490281
1999-11-08,12815.255142008207,0.02644554159527836
1999-11-09,12659.117360804483,-0.012183743473971663
1999-11-10,12907.82981002462,0.01964690287098576
1999-11-11,13244.07967522956,0.02605006962082783
1999-11-12,13439.873472702835,0.014783495892090544
1999-11-15,13420.727371784666,-0.0014245744914977339
1999-11-16,14052.275202849985,0.04705764550385443
1999-11-17,13827.44532320979,-0.01599953576162515
1999-11-18,14482.899326570016,0.04740239343127449
1999-11-19,14672.446869326865,0.01308767937156819
1999-11-22,14869.233371910665,0.013411975816738989
1999-11-23,14431.555157613599,-0.02943515669905883
1999-11-24,15099.78633523242,0.04630347667460389
1999-11-26,15336.628567633743,0.01568513799752897
1999-11-29,15094.889506037865,-0.01576220357230539
1999-11-30,14340.868077739577,-0.049952099881001785
1999-12-01,14489.718175615943,0.010379434290133037
1999-12-02,15343.730500614383,0.05893919499660231
1999-12-03,15944.591298966448,0.03916002033064953
1999-12-06,16167.703049264384,0.01399294256682506
1999-12-07,16538.463679912064,0.022932177163196225
1999-12-08,16528.375014622925,-0.0006100122408220998
1999-12-09,16600.60808908819,0.004370246585121609
1999-12-10,16839.078853849576,0.014365182497027654
1999-12-13,17184.77639238183,0.020529480355347827
1999-12-14,16369.556097112363,-0.04743851631557238
1999-12-15,16828.21356577647,0.028018931359110922
1999-12-16,17691.040662821455,0.051272649569869634
1999-12-17,18050.445300500665,0.020315630071130693
1999-12-20,18339.13818248037,0.015993670913575588
1999-12-21,19570.30678423363,0.06713339468314884
1999-12-22,19829.22942461567,0.013230382294805608
1999-12-23,20150.150924045964,0.01618426478196407
1999-12-27,20199.041036751893,0.0024262901498959166
1999-12-28,20162.950004589307,-0.0017867695846014318
1999-12-29,20864.153392206812,0.034776825189662276
1999-12-30,20813.806099681497,-0.0024131001904981624
1999-12-31,21145.374481184084,0.01593021381647543
2000-01-03,21777.848102475516,0.029910731628528437
2000-01-04,19354.883847425543,-0.11125820345741838
2000-01-05,19111.985032330493,-0.012549742845775704
2000-01-06,17626.016594499895,-0.07775060703097453
2000-01-07,19093.670868544537,0.08326636175428424
2000-01-10,20726.918003482955,0.08553866598952838
2000-01-11,19408.218096819044,-0.06362257555331265
2000-01-12,18700.386863295244,-0.036470696588050695
2000-01-13,19738.48901878441,0.055512335818396034
2000-01-14,20803.150299188404,0.05393833739709225
2000-01-18,21470.13924759049,0.03206192037309404
2000-01-19,21679.37088613208,0.009745239009806185
2000-01-20,22074.868984095658,0.01824306157410533
2000-01-21,22554.701685684566,0.02173660473068324
2000-01-24,21059.328782413166,-0.06629983070095366
2000-01-25,21789.201515021312,0.03465792951661737
2000-01-26,20765.93389206931,-0.04696214417249602
2000-01-27,20452.683381817023,-0.015084826518296913
2000-01-28,18905.05309941461,-0.0756688134026607
2000-01-31,19413.64608908758,0.026902489350253023
2000-02-01,20510.31227085521,0.05648944957248748
2000-02-02,20729.332157719815,0.01067852522049735
2000-02-03,22120.182355457924,0.06709575528800327
2000-02-04,22464.788500289378,0.01557881120932207
2000-02-07,23275.109814078194,0.03607072970121122
2000-02-08,24409.970069674117,0.048758534961218056
2000-02-09,23697.243863172447,-0.029198159787468512
2000-02-10,25022.631202023244,0.05593002065993687
2000-02-11,24012.245113604284,-0.040378890623511424
2000-02-14,24252.353008143815,0.00999939378444455
2000-02-15,24272.588267619492,0.0008343627304485543
2000-02-16,24344.000361491926,0.002942088131890614
2000-02-17,25673.377592432316,0.05460800243181236
2000-02-18,24120.556492918076,-0.060483709006483095
2000-02-22,23780.220850026522,-0.014109775742175801
2000-02-23,25601.799292835218,0.07660056877927042
2000-02-24,26354.967642239793,0.02941857096799272
2000-02-25,26040.560258130194,-0.011929719982114086
2000-02-28,25883.721671553292,-0.006022857612210376
2000-02-29,27223.180388428715,0.05174907742681807
2000-03-01,28231.60729849656,0.037042950003610985
2000-03-02,27877.799614420877,-0.012532325217435521
2000-03-03,29752.632049540232,0.06725180828653067
2000-03-06,29617.066884008513,-0.004556409170993551
2000-03-07,28923.527867520625,-0.023416870387741092
2000-03-08,29508.302882252425,0.02021796986212284
2000-03-09,31306.093173277935,0.06092489623002951
2000-03-10,31322.59059434762,0.0005269715699871514
2000-03-13,29552.273494052184,-0.056518859605913456
2000-03-14,27131.016757189445,-0.08193131866318351
2000-03-15,25696.69839372788,-0.05286636974567068
2000-03-16,27203.742677673697,0.05864738967063817
2000-03-17,28130.310343549456,0.03406030107159482
2000-03-20,25909.998288221333,-0.07892952577529098
2000-03-21,27048.54337341576,0.04394230646136352
2000-03-22,28801.402841201685,0.06480420936488201
2000-03-23,29694.739796965212,0.03101713346009545
2000-03-24,29959.18067737224,0.008905310577399031
2000-03-27,29889.8912532064,-0.002312794362169356
2000-03-28,28381.78926091416,-0.05045525189491822
2000-03-29,26154.97093103517,-0.07845940611452708
2000-03-30,24046.928273245467,-0.08059816481341708
2000-03-31,25282.856345823802,0.05139650513922083
2000-04-03,21409.073063118285,-0.1532177863813787
2000-04-04,20647.22891709857,-0.035585106546819845
2000-04-05,20846.05594662115,0.009629719819589079
2000-04-06,21825.899786764625,0.04700379979083251
2000-04-07,23651.999537028987,0.08366664229676883
2000-04-10,20892.483897148817,-0.11667155817248942
2000-04-11,19568.98702591839,-0.06334799049006525
2000-04-12,16803.248289402374,-0.14133274925538547
2000-04-13,15972.619685517155,-0.04943262097775995
2000-04-14,12881.266448717275,-0.1935407777600127
2000-04-17,14564.648774808189,0.13068453577858766
2000-04-18,16656.104462880838,0.14359808605135366
2000-04-19,15887.892767355277,-0.04612193068538726
2000-04-20,15349.10196225965,-0.0339120368563083
2000-04-24,13978.905157080424,-0.0892688581096317
2000-04-25,15812.95714128847,0.1312014040870064
2000-04-26,15118.812050529277,-0.04389723468906042
2000-04-27,16315.213950042988,0.079133327110302
2000-04-28,17061.439096229722,0.04573799329090427
2000-05-01,17913.770230988055,0.04995657927511422
2000-05-02,16348.1129214081,-0.08739965341699045
2000-05-03,15670.403807174442,-0.04145488335514168
2000-05-04,15777.039592559135,0.006804916241907625
2000-05-05,16593.515426933183,0.051750889612974235
2000-05-08,15303.045913366122,-0.07776950696490026
2000-05-09,14596.711453347521,-0.04615646218519601
2000-05-10,12963.304443015151,-0.11190239771149105
2000-05-11,13840.830955629652,0.06769311917898573
2000-05-12,14071.657873556496,0.01667724421075729
2000-05-15,14691.194933397364,0.044027296954476325
2000-05-16,15583.930124185552,0.06076668336615298
2000-05-17,14972.515768940848,-0.03923364327050062
2000-05-18,14097.070206228525,-0.05847017136080469
2000-05-19,12913.02912239891,-0.08399199738016967
2000-05-22,12706.924524217507,-0.015960979893082913
2000-05-23,11196.490450653066,-0.11886700599234527
2000-05-24,11945.0830510971,0.0668595756628697
2000-05-25,11466.354934987465,-0.0400774204801923
2000-05-26,11462.682932964612,-0.00032024144060364946
2000-05-30,13274.311991863322,0.15804581436068452
2000-05-31,12822.572924637,-0.03403107200608383
2000-06-01,14189.697358157731,0.10661857347630833
2000-06-02,16016.234070244527,0.12872273918067112
2000-06-05,16078.43432768009,0.0038835756996783853
2000-06-06,15525.491702402445,-0.034390327690409395
2000-06-07,16208.031766132064,0.04396254088519467
2000-06-08,16089.59507835201,-0.007307283789234457
2000-06-09,16501.376994897502,0.02559305653997051
2000-06-12,15582.193668128873,-0.05570343172287107
2000-06-13,16267.270764062177,0.04396538193043581
2000-06-14,15811.25116875977,-0.028032950451027668
2000-06-15,16211.018089544059,0.025283699342791885
2000-06-16,16333.196277405064,0.0075367374945938485
2000-06-19,17418.6691979713,0.06645808341064594
2000-06-20,17621.152465034433,0.011624496955640965
2000-06-21,18062.918356837916,0.02507020427183049
2000-06-22,16929.397992258113,-0.06275399922575062
2000-06-23,16139.565835819536,-0.04665447388027445
2000-06-26,16691.885569769227,0.03422147408227633
2000-06-27,16235.403022978733,-0.02734757226093329
2000-06-28,16917.39832291169,0.04200667510179424
2000-06-29,16372.602936905667,-0.03220326054912302
2000-06-30,17120.44895563114,0.0456766722803584
2000-07-03,17334.60589874728,0.012508839205744294
2000-07-05,16209.829131285676,-0.06488620358786965
2000-07-06,17025.046925694758,0.05029157234209692
2000-07-07,17560.59138137812,0.031456268991253235
2000-07-10,17177.019703844686,-0.021842753994047566
2000-07-11,16968.06825473565,-0.012164592735622759
2000-07-12,18193.213985255876,0.07220301758146816
2000-07-13,18858.180567341104,0.036550253441977314
2000-07-14,19499.281828578787,0.03399592335794857
2000-07-17,19750.971632954053,0.01290764483471305
2000-07-18,18846.61319091439,-0.04578804824623218
2000-07-19,17746.668302835165,-0.05836300012829297
2000-07-20,18871.989134640913,0.06341025890622898
2000-07-21,18055.995628735287,-0.043238341230697856
2000-07-24,17051.187991902767,-0.055649528139750784
2000-07-25,17459.40366403599,0.023940600052446564
2000-07-26,17093.769899609255,-0.020941938880758598
2000-07-27,15843.540001868403,-0.07313950667894688
2000-07-28,14362.71923982141,-0.09346527113715512
2000-07-31,15170.868106473876,0.056267121368760595
2000-08-01,14512.070339150654,-0.04342518586936318
2000-08-02,14296.493725823146,-0.01485498679991414
2000-08-03,15086.71243230373,0.05527360215975498
2000-08-04,15304.670106298681,0.0144469959888849
2000-08-07,15908.081740932452,0.03942663451369888
2000-08-08,15786.4395433954,-0.007646566035932462
2000-08-09,15824.3570808305,0.002401905593143246
2000-08-10,15053.66350143265,-0.0487029947227027
2000-08-11,15287.151858332854,0.015510400965053154
2000-08-14,15765.201478811696,0.03127133326789473
2000-08-15,15778.648679023623,0.0008529672284874017
2000-08-16,15854.121371227287,0.004783216467960187
2000-08-17,16505.6698236281,0.04109647183496853
2000-08-18,16414.6494815458,-0.005514489448468581
2000-08-21,16596.78089887867,0.01109566290389758
2000-08-22,16636.438774180137,0.0023894920071003485
2000-08-23,17077.441389235464,0.02650823418649961
2000-08-24,17434.470811654613,0.020906493793865163
2000-08-25,17340.310307080104,-0.005400823781331211
2000-08-28,17570.870484255385,0.013296196728448593
2000-08-29,17667.845894975915,0.005519101105857298
2000-08-30,17852.151782371977,0.010431712416535933
2000-08-31,18741.23503536985,0.049802581998871
2000-09-01,18987.367494549264,0.013133203799797405
2000-09-05,18156.958332755894,-0.0437348232729871
2000-09-06,17015.848214457776,-0.0628469866695409
2000-09-07,17733.801730148152,0.04219322520051377
2000-09-08,16692.803379974677,-0.0587013639835466
2000-09-11,15995.642858560632,-0.04176413664887375
2000-09-12,15608.332257520495,-0.024213506419521937
2000-09-13,15965.559974338692,0.022886988239635683
2000-09-14,16126.598244050207,0.010086603286721417
2000-09-15,15475.877519942718,-0.040350774184355225
2000-09-18,14590.631218791326,-0.05720168694864862
2000-09-19,15677.550704642195,0.07449434294871507
2000-09-20,15932.814976347754,0.01628215251952436
2000-09-21,15369.467417994985,-0.03535769160622635
2000-09-22,15165.25894317576,-0.013286633119123663
2000-09-25,14658.819249196866,-0.03339472777065821
2000-09-26,14247.887679424332,-0.028033060697917278
2000-09-27,13992.100955862803,-0.01795260668224631
2000-09-28,14923.619177224518,0.0665745783496081
2000-09-29,14087.66641705217,-0.056015417590401004
2000-10-02,13283.258612123489,-0.057100145695883335
2000-10-03,12439.312706393457,-0.06353455355900182
2000-10-04,12921.470684158547,0.03876082136895489
2000-10-05,12545.168161911444,-0.02912226722833049
2000-10-06,11740.262843071843,-0.06416058425453279
2000-10-09,11696.183460620958,-0.003754548176653345
2000-10-10,10892.358949386282,-0.06872536788953552
2000-10-11,10406.14159207047,-0.04463838912903315
2000-10-12,9788.174768893126,-0.05938481787026956
2000-10-13,11327.882127919373,0.15730280623098838
2000-10-16,11141.143723144789,-0.01648484709373322
2000-10-17,10622.3933498715,-0.04656168039513115
2000-10-18,10340.31157621739,-0.026555387694951322
2000-10-19,11949.4092690783,0.1556140432520253
2000-10-20,12398.559539825344,0.03758765480644457
2000-10-23,12289.345753944022,-0.00880858663706197
2000-10-24,11940.751406361858,-0.028365574096594084
2000-10-25,10610.347646382948,-0.11141708881654547
2000-10-26,10888.51830303204,0.026216922001035613
2000-10-27,10927.791081749161,0.0036068065116063677
2000-10-30,10342.472461842774,-0.0535623911115894
2000-10-31,11495.900523661905,0.11152343562668936
2000-11-01,11246.666275622003,-0.021680271808798723
2000-11-02,11890.04905866623,0.05720653278730334
2000-11-03,12044.474479161116,0.012987786655289617
2000-11-06,11791.462983160292,-0.021006437137508546
2000-11-07,11786.55327353463,-0.00041637832664819614
2000-11-08,10514.098804472058,-0.10795814853861672
2000-11-09,10308.31638779865,-0.019572045165286246
2000-11-10,9202.658958272294,-0.10725877902186425
2000-11-13,8819.575355500481,-0.04162749097938234
2000-11-14,9838.052107783838,0.11547911449593404
2000-11-15,10007.036839416622,0.017176645313667784
2000-11-16,9160.57038938043,-0.0845871224039122
2000-11-17,9130.66770622686,-0.0032642817949670496
2000-11-20,8211.78164419435,-0.1006373347050902
2000-11-21,8186.4513714883615,-0.0030846257004285785
2000-11-22,7523.000680762729,-0.08104252509656235
2000-11-24,8334.293657277696,0.10784167261735689
2000-11-27,8192.923278017986,-0.016962490772839754
2000-11-28,7363.783764791631,-0.1012019135405524
2000-11-29,7211.482124468956,-0.02068252479803564
2000-11-30,6629.482859708841,-0.08070452851645561
2000-12-01,6870.062185428942,0.03628930503497341
2000-12-04,6713.112106814508,-0.022845510619586198
2000-12-05,8118.622166972258,0.20936788151221414
2000-12-06,7593.002803110813,-0.064742434498275
2000-12-07,7353.6412153608635,-0.031523969364516055
2000-12-08,8232.742818321965,0.11954643654965992
2000-12-11,8779.765072539994,0.06644471548420429
2000-12-12,8292.965668279523,-0.05544560705650407
2000-12-13,7674.905010559371,-0.07452830295490381
2000-12-14,7161.024421339034,-0.06695595430996522
2000-12-15,6764.866011885599,-0.05532147164209198
2000-12-18,6614.802024420942,-0.022182846962674637
2000-12-19,6045.024889392498,-0.08613668752668711
2000-12-20,5182.719430741586,-0.1426471312242308
2000-12-21,5214.450262946505,0.006122429089389879
2000-12-22,6001.9278654375785,0.15101833612007576
2000-12-26,5885.7614982281275,-0.0193548422796617
2000-12-27,6101.114379380455,0.03658878825062096
2000-12-28,6188.538966377604,0.014329281760822606
2000-12-29,5765.326874910629,-0.06838643074985712
2001-01-02,4927.90567890982,-0.14525129522925614
2001-01-03,6324.266114651039,0.2833577845690686
2001-01-04,6082.581023765645,-0.038215515682601724
2001-01-05,5327.521213473306,-0.1241347722853501
2001-01-08,5273.91119168535,-0.01006284529705401
2001-01-09,5473.131937595526,0.037774763106413416
2001-01-10,5844.166221855267,0.06779194956201724
2001-01-11,6382.4942667185605,0.09211374632879582
2001-01-12,6313.7988976864535,-0.010763091381110708
2001-01-16,6272.892494899242,-0.006478889088817993
2001-01-17,6579.959259356155,0.048951383226573955
2001-01-18,6999.6955487550185,0.0637901045970814
2001-01-19,7008.50861248882,0.001259063865337639
2001-01-22,6943.180346690747,-0.00932127923502328
2001-01-23,7357.737565928884,0.059707108059741304
2001-01-24,7454.147121555442,0.013103152261504665
2001-01-25,6906.537388645167,-0.07346376774973108
2001-01-26,7041.312051590148,0.019514071286511777
2001-01-29,7327.878570979508,0.040697886599791434
2001-01-30,7327.151242408889,-9.925499768789479e-05
2001-01-31,6987.578574929546,-0.0463444326785458
2001-02-01,7037.54035523259,0.007150084935330744
2001-02-02,6418.261348989458,-0.08799651227330882
2001-02-05,6332.792822305814,-0.013316460959805137
2001-02-06,6434.087949964023,0.015995332628192187
2001-02-07,6159.7157764973035,-0.0426435223765094
2001-02-08,5942.889173250785,-0.03520074807247302
2001-02-09,5519.677344352422,-0.07121314508156387
2001-02-12,5601.416912074168,0.014808758306385297
2001-02-13,5322.107301138081,-0.04986409962343985
2001-02-14,5600.743268154822,0.052354443691346925
2001-02-15,5876.700617555852,0.049271558467978975
2001-02-16,5288.937607588501,-0.10001581639389423
2001-02-20,4819.895896355203,-0.0886835402558584
2001-02-21,4613.934783561326,-0.042731444251653816
2001-02-22,4515.916698575118,-0.021243925106057025
2001-02-23,4586.0431094097285,0.015528721080425795
2001-02-26,4771.021432706078,0.04033505985079105
2001-02-27,4354.359674567143,-0.08733177245498308
2001-02-28,4133.044920777411,-0.0508260158393399
2001-03-01,4253.76406247127,0.02920828203124206
2001-03-02,3997.155160980554,-0.06032513738941058
2001-03-05,4091.353271879679,0.023566288298905325
2001-03-06,4325.793329526142,0.05730134800575508
2001-03-07,4401.824659093871,0.017576274171206774
2001-03-08,4182.880622214163,-0.049739381696493515
2001-03-09,3735.164985283255,-0.10703524134856006
2001-03-12,3263.0706125227034,-0.1263918393486308
2001-03-13,3572.849308001648,0.09493472016514291
2001-03-14,3421.063462949287,-0.042483136557824035
2001-03-15,3311.827515023522,-0.031930406760590495
2001-03-16,3141.507760424319,-0.051427724972565064
2001-03-19,3340.7678820948586,0.06342818062738943
2001-03-20,3019.413582860123,-0.09619174710013906
2001-03-21,2930.628660811628,-0.029404690550671048
2001-03-22,3146.3878059620483,0.07362213713240176
2001-03-23,3248.7830600028756,0.03254374869073668
2001-03-26,3213.4177281719494,-0.010885716644587127
2001-03-27,3393.2026653533785,0.05594819982639027
2001-03-28,2986.3650982864256,-0.1198978095888604
2001-03-29,2877.9404313636696,-0.03630656780209826
2001-03-30,2939.886046752769,0.021524286852506964
2001-04-02,2755.902553222982,-0.06258184521573705
2001-04-03,2415.652554792608,-0.1234622748298764
2001-04-04,2316.632686476565,-0.04099093974404119
2001-04-05,2729.727526985006,0.17831693514465988
2001-04-06,2531.734734336357,-0.07253207167798638
2001-04-09,2605.5390344378607,0.029151671816380103
2001-04-10,2922.6354060283834,0.1217008716428366
2001-04-11,3070.410937498475,0.05056242429872775
2001-04-12,3272.1322859118695,0.06569848548603105
2001-04-16,3097.711300046215,-0.053304992165696403
2001-04-17,3141.6681669654795,0.014190110911436014
2001-04-18,3651.719287770475,0.16235041185067342
2001-04-19,4012.035497396191,0.0986702923284402
2001-04-20,3942.735865188733,-0.01727293595792796
2001-04-23,3562.0780490177117,-0.09654661868981165
2001-04-24,3413.945424539031,-0.04158601311937281
2001-04-25,3559.816348383816,0.04272796008872371
2001-04-26,3473.3027535539177,-0.02430282530422564
2001-04-27,3612.2152165617076,0.039994343385601414
2001-04-30,3752.232858113362,0.0387622644713097
2001-05-01,3936.2328382199166,0.04903746304249098
2001-05-02,4125.92357945886,0.04819093509842475
2001-05-03,3849.0113194717273,-0.06711521787891471
2001-05-04,4011.1924942852766,0.042135800950517555
2001-05-07,3944.168356633971,-0.016709279783205223
2001-05-08,4035.205117076574,0.023081357642729002
2001-05-09,3880.1046541400456,-0.03843682252487229
2001-05-10,3779.767305104958,-0.02585944400443638
2001-05-11,3703.2680562989176,-0.02023914242094227
2001-05-14,3612.432496155473,-0.024528486397019482
2001-05-15,3624.74974898543,0.0034096838745266405
2001-05-16,3905.4347010596016,0.07743567736027453
2001-05-17,4003.2304758428313,0.02504094480358262
2001-05-18,4021.7838103647764,0.004634590647204446
2001-05-21,4410.849561034223,0.0967395984007799
2001-05-22,4441.985275192568,0.007058892788681882
2001-05-23,4171.329190128655,-0.06093133324314771
2001-05-24,4314.201537795956,0.034251036337627105
2001-05-25,4196.568581769379,-0.0272664489584028
2001-05-29,3913.313951083732,-0.06749672385104216
2001-05-30,3585.3764236300535,-0.0838004646580581
2001-05-31,3674.4018014802514,0.02483013422620298
2001-06-01,3809.6365364093385,0.03680455819355617
2001-06-04,3831.427192945163,0.005719878084842794
2001-06-05,4107.296813664465,0.07200179119343915
2001-06-06,4048.2754238244916,-0.01436988669618827
2001-06-07,4216.768899563583,0.041621050471885065
2001-06-08,4034.165174938093,-0.04330418122852034
2001-06-11,3871.446492480327,-0.040335156197530635
2001-06-12,3868.0744491959263,-0.0008710034585135282
2001-06-13,3695.503249931528,-0.04461423934078397
2001-06-14,3424.8181915355417,-0.07324714391767928
2001-06-15,3372.0448114593755,-0.015409104111451974
2001-06-18,3238.643088282709,-0.03956107662725044
2001-06-19,3251.4251710597323,0.003946740171298461
2001-06-20,3376.9815837095357,0.03861580877436623
2001-06-21,3468.127827563137,0.026990447414131206
2001-06-22,3387.1692740619706,-0.023343589834764505
2001-06-25,3439.4557678284514,0.015436634409409969
2001-06-26,3485.20961710436,0.013302642151666875
2001-06-27,3519.0055393342477,0.009696955403780457
2001-06-28,3690.6857562855857,0.048786571954023604
2001-06-29,3812.120477084524,0.032903023670363504
2001-07-02,3769.1936631994013,-0.01126061312677934
2001-07-03,3741.0071352973455,-0.007478132041146028
2001-07-05,3528.1025538955496,-0.05691103323299962
2001-07-06,3270.087878310546,-0.07313128562550339
2001-07-09,3342.6324536701068,0.022184289248226657
2001-07-10,3131.431898848197,-0.06318390003962837
2001-07-11,3160.6138925536384,0.009319057430619972
2001-07-12,3492.680564667878,0.10506397915183006
2001-07-13,3522.764700573163,0.008613480491063868
2001-07-16,3333.5050028698383,-0.05372476273323946
2001-07-17,3458.6630768485684,0.03754548856863277
2001-07-18,3287.145699315978,-0.049590657928112424
2001-07-19,3385.989268019313,0.030069725453271783
2001-07-20,3328.6499326511343,-0.016934293297899434
2001-07-23,3193.712181213302,-0.04053828253737692
2001-07-24,3099.1943439682796,-0.029594976592134344
2001-07-25,3178.209737391284,0.02549546257942337
2001-07-26,3301.648320818055,0.03883903002829868
2001-07-27,3321.241463903713,0.00593435193025157
2001-07-30,3283.4191176599356,-0.011388014588774104
2001-07-31,3313.3033684310826,0.009101564466873489
2001-08-01,3447.795756733865,0.0405916311751637
2001-08-02,3510.771692631485,0.018265564534854686
2001-08-03,3439.590356151194,-0.020275125445977742
2001-08-06,3331.726712983296,-0.0313594445847309
2001-08-07,3310.179314096961,-0.0064673368323899545
2001-08-08,3109.2698696418124,-0.06069442933183152
2001-08-09,3099.3254640297423,-0.0031983089371446544
2001-08-10,3077.3689825310034,-0.0070842774511945435
2001-08-13,3157.4873044192145,0.026034681685235282
2001-08-14,3100.6999754660405,-0.01798497459473377
2001-08-15,2956.2993199141265,-0.04657034111473825
2001-08-16,2991.203860892967,0.011806835912628256
2001-08-17,2794.6768524604186,-0.06570164307486524
2001-08-20,2836.7159360555243,0.015042556193248027
2001-08-21,2685.4827363572417,-0.053312775444330766
2001-08-22,2769.3999736240307,0.031248473926374677
2001-08-23,2718.3633010656677,-0.018428783507055787
2001-08-24,2935.871437302586,0.08001437341051856
2001-08-27,2921.487267228161,-0.004899455027785903
2001-08-28,2776.2641212592002,-0.04970863559735613
2001-08-29,2711.0349846820764,-0.02349529213651997
2001-08-30,2559.278196180462,-0.055977436425229586
2001-08-31,2598.2877934802646,0.015242421616384531
2001-09-04,2497.4497690991184,-0.03880941311973729
2001-09-05,2463.984246353335,-0.0133998782117067
2001-09-06,2314.203172354126,-0.060788162189301095
2001-09-07,2265.2753784906386,-0.02114239339397133
2001-09-10,2285.1695693041706,0.008782239458580733
2001-09-17,1971.2191660306626,-0.13738604237107244
2001-09-18,1909.9343380091736,-0.03108980933099122
2001-09-19,1842.7212407705777,-0.03519131307344093
2001-09-20,1705.3404414624733,-0.07455321850561362
2001-09-21,1594.4632715237099,-0.06501761598034755
2001-09-24,1764.717718876473,0.1067785319319796
2001-09-25,1769.8028596456516,0.0028815604415282216
2001-09-26,1680.9855117559086,-0.05018488212157465
2001-09-27,1673.1599234033968,-0.0046553574065832225
2001-09-28,1760.241905634457,0.05204641888261683
2001-10-01,1716.602312595369,-0.024791815772252396
2001-10-02,1743.9465088175234,0.01592925514635477
2001-10-03,1950.557727677026,0.1184733693463995
2001-10-04,1991.069002825814,0.02076907264725479
2001-10-05,2010.7766404369945,0.009898018392737871
2001-10-08,2011.7637575738888,0.0004909133700099011
2001-10-09,1921.957237098335,-0.04464068911543415
2001-10-10,2059.015481165076,0.07131180726667133
2001-10-11,2249.2440787588057,0.09238813371431791
2001-10-12,2254.107675845391,0.002162325170716678
2001-10-15,2234.6244504984647,-0.008643431525345933
2001-10-16,2302.2564894756233,0.03026550567012377
2001-10-17,2099.5230260941516,-0.08805859134646098
2001-10-18,2115.572250478579,0.0076442240380115555
2001-10-19,2162.9398015460115,0.0223899472384916
2001-10-22,2257.422436636249,0.043682507956395104
2001-10-23,2247.561119637986,-0.004368396822066509
2001-10-24,2318.7930725848864,0.03169299928020376
2001-10-25,2436.204365733688,0.05063465754532239
2001-10-26,2418.080050700197,-0.0074395708703333015
2001-10-29,2227.4668850050666,-0.07882831076660791
2001-10-30,2143.0604994212954,-0.037893441268187125
2001-10-31,2201.4149799909683,0.02722950685966657
2001-11-01,2347.316785256004,0.06627637523645565
2001-11-02,2345.534913222427,-0.0007591101656025045
2001-11-05,2473.5560039873535,0.054580765369654685
2001-11-06,2587.5622057935007,0.04609000225681983
2001-11-07,2594.1964098181106,0.002563881946395728
2001-11-08,2566.362609347341,-0.010729257185550366
2001-11-09,2568.083616301873,0.0006706016321558797
2001-11-12,2599.9892830694225,0.01242392053164312
2001-11-13,2746.601917112088,0.056389707064323474
2001-11-14,2778.477581724217,0.011605491284898238
2001-11-15,2770.5323208397945,-0.0028595735076948833
2001-11-16,2764.436013872809,-0.0022004099793854295
2001-11-19,2867.924412740238,0.03743562822510336
2001-11-20,2707.768218238142,-0.055843938491067384
2001-11-21,2691.7565437740195,-0.00591323672250675
2001-11-23,2772.0065901839594,0.029813263237181354
2001-11-26,2881.903807648314,0.03964536659238655
2001-11-27,2865.9797159677114,-0.005525545869484378
2001-11-28,2723.5581595136755,-0.049693846631411485
2001-11-29,2853.938036767899,0.04787115589905542
2001-11-30,2845.722061934287,-0.0028788203274787132
2001-12-03,2769.108655338058,-0.02692230826792471
2001-12-04,2938.022257645134,0.06099926847632295
2001-12-05,3188.3645023508197,0.08520774274403847
2001-12-06,3211.173010153932,0.007153670098351467
2001-12-07,3107.6311819190983,-0.03224423844726763
2001-12-10,3017.0362622031016,-0.02915240400569355
2001-12-11,3046.429746794451,0.00974250291903542
2001-12-12,3074.8669138748837,0.009334588171729396
2001-12-13,2876.2019782424813,-0.06460927942473094
2001-12-14,2895.578131556576,0.006736715105778089
2001-12-17,2996.295046387815,0.034783007142375685
2001-12-18,3048.1699168368423,0.017313004776203497
2001-12-19,2981.34069847894,-0.02192437435615553
2001-12-20,2787.519071165613,-0.0650115659079868
2001-12-21,2866.5240930589657,0.028342414841422612
2001-12-24,2861.632407571292,-0.001706486786390107
2001-12-26,2908.764983573074,0.0164705207688727
2001-12-27,2955.09808474251,0.01592878813898589
2001-12-28,2987.199395059457,0.010863027011756196
2001-12-31,2875.43270966248,-0.03741520756258452
2002-01-02,2960.0928651038153,0.029442579253149245
2002-01-03,3154.472869297607,0.06566686014662393
2002-01-04,3200.994999136107,0.014747988575618537
2002-01-07,3131.399081727332,-0.021741963804241315
2002-01-08,3188.5963741809455,0.018265730735944
2002-01-09,3154.8272123238216,-0.010590604107363089
2002-01-10,3161.9685347864765,0.0022636176189802532
2002-01-11,3085.312941769365,-0.02424299678310629
2002-01-14,2988.2115907859766,-0.0314721238383366
2002-01-15,3018.6390899927947,0.01018251160682185
2002-01-16,2848.149033667081,-0.056479112355932864
2002-01-17,2969.2739436982615,0.0425275884791845
2002-01-18,2803.258997368703,-0.055910956509046414
2002-01-22,2664.00852763402,-0.04967449310441579
2002-01-23,2776.701011944189,0.042301848188997335
2002-01-24,2834.9584803421503,0.02098082153871174
2002-01-25,2820.616310216389,-0.005059040626242311
2002-01-28,2838.4010784252146,0.006305277376581934
2002-01-29,2689.600594893269,-0.0524240512248193
2002-01-30,2747.6186044762553,0.02157123615050689
2002-01-31,2806.6557340981412,0.021486653761080866
2002-02-01,2740.412584581731,-0.02360216420974611
2002-02-04,2580.368064756561,-0.05840161467861505
2002-02-05,2532.9688224915294,-0.01836917876655851
2002-02-06,2461.762697074731,-0.028111725965405707
2002-02-07,2378.5639800809436,-0.03379640007245656
2002-02-08,2476.634304528604,0.04123089614950072
2002-02-11,2552.0277253515515,0.030441886670586955
2002-02-12,2517.5278891847634,-0.01351859771117323
2002-02-13,2585.930074260941,0.027170378278640855
2002-02-14,2541.9150610873735,-0.017020960315853557
2002-02-15,2436.557573388638,-0.04144807563068845
2002-02-19,2288.8534259251487,-0.06062001123087352
2002-02-20,2354.0422145281636,0.028480979980911588
2002-02-21,2196.641446236599,-0.06686403808740246
2002-02-22,2217.8116053755293,0.009637512382915388
2002-02-25,2334.1973778502106,0.052477754283810775
2002-02-26,2326.150336808269,-0.003447455265909449
2002-02-27,2286.6257174590437,-0.01699142945483792
2002-02-28,2233.3184247710337,-0.02331264460160384
2002-03-01,2417.040725341218,0.08226426582632093
2002-03-04,2568.5087675460218,0.06266673151873373
2002-03-05,2587.6764442952554,0.007462570107380575
2002-03-06,2654.445126045453,0.02580256194602491
2002-03-07,2629.723604076634,-0.009313254105820883
2002-03-08,2763.9113427858438,0.05102731652147409
2002-03-11,2763.1071994802646,-0.0002909439579810991
2002-03-12,2670.3007774860644,-0.033587702283739376
2002-03-13,2571.425654423263,-0.03702771009784397
2002-03-14,2549.5443230342185,-0.008509416304299949
2002-03-15,2588.3971680995287,0.015239133014589483
2002-03-18,2612.3996996339642,0.00927312540372574
2002-03-19,2622.9139433034848,0.004024745398261199
2002-03-20,2488.9486014892213,-0.051075004636079585
2002-03-21,2586.5258729961774,0.03920421315593761
2002-03-22,2538.1607400475523,-0.018698878466117987
2002-03-25,2431.2359878219977,-0.04212686396825734
2002-03-26,2462.4860071089256,0.012853552449642307
2002-03-27,2469.3659201929454,0.002793889209586776
2002-03-28,2519.566252550706,0.020329239966929716
2002-04-01,2566.3751031389597,0.018578138416033473
2002-04-02,2405.8511953444468,-0.06254888757227058
2002-04-03,2352.3011620651423,-0.022258248300197892
2002-04-04,2366.4569098247366,0.006017829684344696
2002-04-05,2314.225912164922,-0.022071391810672296
2002-04-08,2355.404364398487,0.01779361816714033
2002-04-09,2241.104678963142,-0.04852656603807157
2002-04-10,2304.0451903124936,0.028084592362045007
2002-04-11,2194.8825180073045,-0.047378702798092046
2002-04-12,2273.5564830698313,0.035844271580400384
2002-04-15,2267.0792086081387,-0.002848961312342885
2002-04-16,2429.904067091186,0.07182142461754233
2002-04-17,2413.448873835093,-0.006771951814456311
2002-04-18,2391.39864486711,-0.00913639779447418
2002-04-19,2376.455684174255,-0.0062486280674819575
2002-04-22,2275.294586252804,-0.042568055695345816
2002-04-23,2201.756218041298,-0.03232037234027649
2002-04-24,2158.542599706722,-0.019626886019660866
2002-04-25,2159.37458255414,0.0003854373073439237
2002-04-26,2033.7717035549279,-0.05816632279270753
2002-04-29,2016.5450039503366,-0.008470321213772326
2002-04-30,2092.661351184954,0.03774592041611197
2002-05-01,2066.0619670626165,-0.012710792459217492
2002-05-02,1985.4181827186537,-0.03903260678023932
2002-05-03,1908.6033853694742,-0.038689480139643
2002-05-06,1826.642198804381,-0.04294301644509914
2002-05-07,1815.7933892113251,-0.005939208893869218
2002-05-08,2098.329511093309,0.15559926782457414
2002-05-09,1984.946286541216,-0.05403499495797309
2002-05-10,1865.4790623596273,-0.06018662821841961
2002-05-13,1985.7536036297463,0.0644738092734126
2002-05-14,2145.526295872719,0.08045947490712095
2002-05-15,2161.701753765787,0.007539156208052144
2002-05-16,2173.853414949628,0.005621340299452646
2002-05-17,2201.2895019809844,0.012620946215912199
2002-05-20,2100.4374365432723,-0.04581499405096579
2002-05-21,2008.0067760914017,-0.04400543374621318
2002-05-22,2030.3073525381783,0.011105827287189177
2002-05-23,2088.9093096238576,0.028863589058286274
2002-05-24,1999.8971261337686,-0.0426117989325813
2002-05-28,1977.182246943503,-0.011358023817044156
2002-05-29,1910.6237772616355,-0.03366329521962851
2002-05-30,1928.2710207657785,0.009236378042691146
2002-05-31,1889.943831629986,-0.01987645342539629
2002-06-03,1765.3590453322731,-0.0659198354007507
2002-06-04,1800.456573440977,0.019881240703699374
2002-06-05,1839.5035333650392,0.021687254499805513
2002-06-06,1746.3147055864115,-0.05065977101340789
2002-06-07,1702.6769403056753,-0.02498848869630439
2002-06-10,1691.876051836796,-0.0063434749206976344
2002-06-11,1617.739785396439,-0.043818970284419126
2002-06-12,1665.0969153316526,0.02927363866717808
2002-06-13,1616.2409152889336,-0.02934123509140475
2002-06-14,1633.2016056109521,0.010493912238935386
2002-06-17,1738.4206791597053,0.0644250368033361
2002-06-18,1715.2378054644355,-0.013335594757464332
2002-06-19,1612.6169176007006,-0.05982895639123818
2002-06-20,1543.4377263013969,-0.042898713602875164
2002-06-21,1493.2479814684896,-0.032518153455519734
2002-06-24,1533.2585914399504,0.02679435061557119
2002-06-25,1456.8751415085724,-0.0498177217840618
2002-06-26,1467.751090529864,0.007465258148361132
2002-06-27,1529.045861296878,0.0417610119062396
2002-06-28,1537.3965430675614,0.0054613677601537975
2002-07-01,1412.3917442910313,-0.08130940539719729
2002-07-02,1319.8197736105392,-0.06554270162982281
2002-07-03,1363.2228678325694,0.03288562202951044
2002-07-05,1497.8333899959944,0.09874432518686128
2002-07-08,1409.2565135641742,-0.05913666835271788
2002-07-09,1360.1004124522087,-0.03488087558143967
2002-07-10,1290.9017829754555,-0.050877588774486636
2002-07-11,1345.3697286398776,0.04219371789763628
2002-07-12,1343.5022440696291,-0.0013880827927772528
2002-07-15,1361.2036360687912,0.013175558192997431
2002-07-16,1346.6642819707924,-0.010681248354573058
2002-07-17,1389.6829513122873,0.03194461300966454
2002-07-18,1309.4711011803433,-0.05771953239852247
2002-07-19,1236.4707392113085,-0.05574797481458966
2002-07-22,1167.917031911004,-0.0554430486111075
2002-07-23,1070.2654285787924,-0.08361176407576587
2002-07-24,1176.7801422114321,0.09952177356049036
2002-07-25,1085.2585705712177,-0.07777287222762358
2002-07-26,1123.7975124667967,0.03551129927985198
2002-07-29,1253.9107900800072,0.11578000144136714
2002-07-30,1270.6579677652962,0.013355956275183274
2002-07-31,1240.4966125300994,-0.023736800933331945
2002-08-01,1150.3109078912753,-0.07270129053789394
2002-08-02,1092.611549116704,-0.05015979452054783
2002-08-05,1019.1092202993319,-0.0672721507262058
2002-08-06,1109.5590929359687,0.08875385565648203
2002-08-07,1147.1356451607603,0.03386620186705102
2002-08-08,1210.896139714673,0.055582349674939434
2002-08-09,1191.7227826433023,-0.015834022789013434
2002-08-12,1192.9122632061412,0.0009981185055475822
2002-08-13,1124.2995700134338,-0.05751696525300172
2002-08-14,1239.4469468969096,0.10241698916784228
2002-08-15,1259.301110601538,0.01601856679250015
2002-08-16,1289.2181383813875,0.023756850151238882
2002-08-19,1352.6062199640032,0.04916784808985024
2002-08-20,1317.7386687069209,-0.025778050361183635
2002-08-21,1380.220288558272,0.04741578989456489
2002-08-22,1407.0078407591411,0.019408171596180874
2002-08-23,1323.2473811708687,-0.05953091174181384
2002-08-26,1344.4250573168367,0.016004321223163163
2002-08-27,1259.447292272183,-0.06320751356289787
2002-08-28,1196.9815030806433,-0.04959777957745614
2002-08-29,1235.8988077269996,0.03251287053826286
2002-08-30,1197.1440463733588,-0.03135755218092372
2002-09-03,1104.090305689637,-0.07772977777036913
2002-09-04,1153.7946590559175,0.04501837676695685
2002-09-05,1079.9900800755759,-0.06396682321335379
2002-09-06,1156.4410084094432,0.07078854680639042
2002-09-09,1172.9263343176244,0.01425522425121798
2002-09-10,1200.7387023019903,0.023711947775941416
2002-09-11,1192.255941758605,-0.007064618244687773
2002-09-12,1127.374296567355,-0.05441922570379319
2002-09-13,1147.985274476207,0.01828228474926955
2002-09-16,1120.2725499879796,-0.0241403135600951
2002-09-17,1092.2416835570275,-0.025021470383481847
2002-09-18,1078.662705280837,-0.012432210270504205
2002-09-19,1017.1512288122397,-0.05702568204820092
2002-09-20,1024.875435865115,0.007593961285280281
2002-09-23,964.0694150877969,-0.05933015725563831
2002-09-24,959.544750459614,-0.004693297554482423
2002-09-25,1024.6406349651031,0.0678403841762552
2002-09-26,1023.4649007289541,-0.0011474600909118747
2002-09-27,985.8120681879428,-0.036789568957561095
2002-09-30,941.1521306088285,-0.04530268904214708
2002-10-01,1008.0244870984068,0.07105371630654295
2002-10-02,964.1044861226354,-0.0435703710950463
2002-10-03,928.764562184197,-0.03665569909394979
2002-10-04,887.8384292761864,-0.04406513186911834
2002-10-07,855.8119210970482,-0.036072450935974915
2002-10-08,870.7821702350976,0.017492452218776593
2002-10-09,847.4633589850235,-0.026779155622557557
2002-10-10,922.3744882946108,0.08839453471983225
2002-10-11,997.0285881007042,0.08093686539848062
2002-10-14,1013.4967677912668,0.01651725927130526
2002-10-15,1116.2784518582762,0.10141293720255608
2002-10-16,1029.1614664456781,-0.07804234263196054
2002-10-17,1095.7144300335942,0.06466717396422167
2002-10-18,1122.4945206382067,0.02444075743694592
2002-10-21,1160.3963985325126,0.03376575760276872
2002-10-22,1130.4616416974407,-0.025797009429647366
2002-10-23,1178.3934755737748,0.042400230231927405
2002-10-24,1139.9363985655334,-0.03263517475732484
2002-10-25,1196.8097302919236,0.049891670972133366
2002-10-28,1169.1725557308043,-0.023092371211235054
2002-10-29,1141.9602062864558,-0.023274878725954365
2002-10-30,1187.9135795035243,0.04024078331635066
2002-10-31,1193.2802784126768,0.004517751965926292
2002-11-01,1248.7860791462558,0.04651530888234741
2002-11-04,1314.440238903507,0.052574384719387864
2002-11-05,1323.1101269205953,0.006595878428311536
2002-11-06,1356.7185679268134,0.025401091203525416
2002-11-07,1275.8222208955992,-0.05962647592774598
2002-11-08,1243.4724326242815,-0.025356031382341736
2002-11-11,1169.9937883539355,-0.0590914943850208
2002-11-12,1223.8235773206263,0.04600861090247663
2002-11-13,1245.145946121709,0.017422747196752467
2002-11-14,1336.8966242108193,0.07368668578562107
2002-11-15,1336.1302867487882,-0.0005732211811689521
2002-11-18,1302.9459402224554,-0.02483616070636377
2002-11-19,1267.0382493215404,-0.02755884936775222
2002-11-20,1349.6621615282456,0.06521027463136787
2002-11-21,1441.2821132610677,0.06788361883767947
2002-11-22,1443.5693645815481,0.0015869560160607628
2002-11-25,1469.287618812042,0.017815738447697616
2002-11-26,1394.9343064684456,-0.05060500843511711
2002-11-27,1478.9238915592643,0.06021042331624579
2002-11-29,1460.6119839159403,-0.012381913462779668
2002-12-02,1472.312090266416,0.008010413771292774
2002-12-03,1401.222433185598,-0.048284366847761315
2002-12-04,1365.1799317990246,-0.025722184096519853
2002-12-05,1327.7184740656764,-0.02744067420034647
2002-12-06,1349.6762164321933,0.016537950473249758
2002-12-09,1244.5929871997835,-0.07785810252342776
2002-12-10,1287.5552066472274,0.03451909169447011
2002-12-11,1298.3051475771772,0.00834911068236259
2002-12-12,1303.7633543876832,0.004204101647976872
2002-12-13,1234.5404215648023,-0.053094706635156044
2002-12-16,1303.1149327437035,0.05554659044049919
2002-12-17,1287.6592358637706,-0.011860578442909064
2002-12-18,1231.11486258775,-0.04391252879733393
2002-12-19,1217.6713741257706,-0.010919767822249852
2002-12-20,1233.7255405042738,0.013184317804981995
2002-12-23,1267.339680604194,0.027246043788783664
2002-12-24,1250.3817006151683,-0.013380769377426154
2002-12-26,1241.9495170902308,-0.006743687564196472
2002-12-27,1206.3517323474573,-0.028662827476414503
2002-12-30,1190.5325268108393,-0.013113261341976226
2002-12-31,1183.327679413675,-0.0060517854278743
2003-01-02,1270.704666883493,0.07384006052584896
2003-01-03,1274.7786030445682,0.003206044856250221
2003-01-06,1337.6587629277615,0.04932633771308686
2003-01-07,1356.9326756122398,0.014408691677310192
2003-01-08,1299.0933104276958,-0.042625080981594975
2003-01-09,1368.4115947421192,0.053358972568030585
2003-01-10,1386.0098598384525,0.012860359532140429
2003-01-13,1382.732705465918,-0.0023644524238207844
2003-01-14,1411.303612390668,0.020662639143349704
2003-01-15,1368.4124261111906,-0.030391182948098602
2003-01-16,1339.7650789306947,-0.02093473183512891
2003-01-17,1250.2366138802295,-0.06682400254970106
2003-01-21,1228.4695726890457,-0.017410337330969528
2003-01-22,1217.6100460504515,-0.0088398824684143
2003-01-23,1281.1340339330864,0.0521710444889043
2003-01-24,1182.8473847640907,-0.07671847485563647
2003-01-27,1147.669292264356,-0.029740178617168486
2003-01-28,1193.1658092385833,0.03964253228773109
2003-01-29,1222.939968783156,0.024953916139763586
2003-01-30,1148.9166309111504,-0.06052900368090836
2003-01-31,1164.5078195846452,0.013570339443280637
2003-02-03,1172.716012416039,0.007048636937724709
2003-02-04,1120.707426879341,-0.044348832100918646
2003-02-05,1112.6943743425527,-0.007149995034030389
2003-02-06,1095.5452426955421,-0.015412256988486403
2003-02-07,1073.592472151927,-0.020038214478117898
2003-02-10,1107.1841629673727,0.03128905211873728
2003-02-11,1085.341065114421,-0.019728513632646
2003-02-12,1073.4570121458698,-0.010949602249960298
2003-02-13,1044.9835737084795,-0.026524991793077206
2003-02-14,1125.4339322907997,0.07698719923109873
2003-02-18,1188.1517636036242,0.055727688239471704
2003-02-19,1144.3811125133857,-0.036839276286964866
2003-02-20,1156.4304748908087,0.0105291517359625
2003-02-21,1196.4031077006096,0.03456553046440162
2003-02-24,1142.1439934560037,-0.045351866687213374
2003-02-25,1159.2581858928918,0.01498426865171555
2003-02-26,1109.5744080559753,-0.04285825059639225
2003-02-27,1158.8867197173474,0.04444254599181829
2003-02-28,1177.9092611875124,0.01641449603875398
2003-03-03,1132.451513859848,-0.038591892283651674
2003-03-04,1115.9580445616623,-0.014564393350466264
2003-03-05,1133.7320179751607,0.015927098245418173
2003-03-06,1102.9478811023087,-0.027152921841117512
2003-03-07,1121.1246804682899,0.016480197910906515
2003-03-10,1064.0157093680734,-0.050939000893604654
2003-03-11,1051.170554831009,-0.01207233542133822
2003-03-12,1067.8981061266118,0.01591326090587825
2003-03-13,1170.016384879488,0.0956254891426589
2003-03-14,1172.8791029872962,0.0024467333490402667
2003-03-17,1260.1629144141812,0.07441842147632709
2003-03-18,1274.878388715573,0.011677437998747037
2003-03-19,1234.844415736833,-0.03140218967792988
2003-03-20,1293.6588847983742,0.047629052139695094
2003-03-21,1319.890722207578,0.02027724442467074
2003-03-24,1213.6294817954542,-0.08050760462532598
2003-03-25,1269.9665127767735,0.04642028875070971
2003-03-26,1239.4900640400597,-0.023997836502064353
2003-03-27,1255.7972974443996,0.013156405103553155
2003-03-28,1211.4618978520593,-0.03530458274003681
2003-03-31,1192.1198249033107,-0.015965894579963665
2003-04-01,1190.9956090111516,-0.0009430393393970982
2003-04-02,1269.1094955986423,0.06558704834549835
2003-04-03,1289.4205914980337,0.01600421080279652
2003-04-04,1227.5643220500244,-0.047972143345520274
2003-04-07,1247.6225873948829,0.016339889474273197
2003-04-08,1253.0097493337219,0.0043179419748146045
2003-04-09,1188.3488780776474,-0.05160444385245799
2003-04-10,1208.4965873459944,0.01695437227234079
2003-04-11,1183.0920514831937,-0.0210216033117579
2003-04-14,1240.3012814139795,0.04835568784277185
2003-04-15,1253.7552782659188,0.01084736188984776
2003-04-16,1250.0676243780679,-0.0029412868298759587
2003-04-17,1310.2363506239788,0.048132377059077816
2003-04-21,1288.4868902998953,-0.016599646555162037
2003-04-22,1358.884671518746,0.05463600891000569
2003-04-23,1388.3192613872197,0.021660844724649377
2003-04-24,1384.2138076902022,-0.002957139478793463
2003-04-25,1320.1726864261407,-0.046265339146504596
2003-04-28,1381.6609161029337,0.04657589897822289
2003-04-29,1370.477440740959,-0.008094225747890711
2003-04-30,1395.266386263115,0.01808781727100406
2003-05-01,1406.9184278547334,0.00835112327390441
2003-05-02,1455.1699944556462,0.034295923378078554
2003-05-05,1452.0883426478463,-0.0021177263271930312
2003-05-06,1508.4245120935004,0.038796654301987386
2003-05-07,1451.761111942347,-0.03756462434604158
2003-05-08,1453.6331374923836,0.0012894859454749086
2003-05-09,1484.7521988810454,0.021407782050390112
2003-05-12,1532.0776970577608,0.03187434119470004
2003-05-13,1540.348694826535,0.005398549815494344
2003-05-14,1495.665277487781,-0.029008637777166394
2003-05-15,1515.0285827312603,0.012946282523856689
2003-05-16,1511.6925233891018,-0.0022019778241703625
2003-05-19,1429.0838361038045,-0.05464648796442723
2003-05-20,1405.4502529218678,-0.016537576442240434
2003-05-21,1401.6696462466998,-0.0026899612186971236
2003-05-22,1467.3636703181676,0.04686840743635931
2003-05-23,1470.6208464751282,0.0022197470353441315
2003-05-27,1555.5785620893669,0.057769965533856146
2003-05-28,1582.648924267786,0.017402118310283016
2003-05-29,1621.7126445120252,0.02468249252582148
2003-05-30,1639.3405568355304,0.010869935794827291
2003-06-02,1611.7268459963077,-0.01684440168583778
2003-06-03,1646.7727854871098,0.02174434183922638
2003-06-04,1718.2780441555299,0.04342144787586405
2003-06-05,1733.856929659666,0.009066568450388775
2003-06-06,1689.9483747012553,-0.025324208824444045
2003-06-09,1631.934146000834,-0.03432899464202674
2003-06-10,1694.1301608716574,0.038111841107828275
2003-06-11,1735.3199553264856,0.02431324074511211
2003-06-12,1732.156042047756,-0.001823244911705178
2003-06-13,1685.914246186084,-0.02669609130999813
2003-06-16,1776.462380792463,0.053708624155243384
2003-06-17,1789.9003632603988,0.00756446216549842
2003-06-18,1813.289373287988,0.01306721340901057
2003-06-19,1730.940583891664,-0.045414036286444
2003-06-20,1714.3921613621094,-0.009560364280297114
2003-06-23,1635.9060548407601,-0.045780719423606585
2003-06-24,1629.3446011592016,-0.004010898830127034
2003-06-25,1633.459931127401,0.002525757881587061
2003-06-26,1706.6636572532293,0.04481513426246312
2003-06-27,1675.554575842215,-0.018228009531229244
2003-06-30,1675.8743142197272,0.00019082540319606233
2003-07-01,1717.8750003386936,0.02506195468394734
2003-07-02,1795.280359747003,0.045058784482601096
2003-07-03,1757.1407962804121,-0.02124434952987833
2003-07-07,1884.6230599358446,0.07255096684642015
2003-07-08,1941.9473606277252,0.030416852001074465
2003-07-09,1965.7900990044054,0.01227774699772161
2003-07-10,1852.410361809542,-0.057676420922195916
2003-07-11,1917.3022838481243,0.03503107269125394
2003-07-14,1942.5339818642612,0.013159999979500299
2003-07-15,1927.444272533829,-0.007768054238078546
2003-07-16,1909.8025355931734,-0.009152916736453109
2003-07-17,1820.195336440152,-0.046919614715659544
2003-07-18,1866.107215523731,0.025223599997443717
2003-07-21,1779.709053085429,-0.04629860584621001
2003-07-22,1854.3910872692375,0.04196305798092913
2003-07-23,1875.3980994148908,0.011328253403432936
2003-07-24,1832.3031337594682,-0.02297910276696337
2003-07-25,1898.271295613223,0.036002864721626594
2003-07-28,1919.420517807464,0.011141306431338524
2003-07-29,1859.0065319724486,-0.03147511724216945
2003-07-30,1867.3565208178923,0.004491640401383716
2003-07-31,1954.9839193260345,0.046925907040912505
2003-08-01,1858.4839832195792,-0.04936098714291372
2003-08-04,1878.4840762700867,0.010761509505107493
2003-08-05,1764.5881391361288,-0.060631835304193527
2003-08-06,1773.8973971123075,0.0052755981805114125
2003-08-07,1737.8105303527307,-0.020343266086483843
2003-08-08,1701.0052395816217,-0.021179115978563267
2003-08-11,1757.2830039144621,0.033085003516322146
2003-08-12,1798.1750032821308,0.023270013581522645
2003-08-13,1815.9443763302895,0.009881893039178682
2003-08-14,1825.576887707388,0.005304408825871736
2003-08-15,1836.2654465168253,0.0058548938044784395
2003-08-18,1909.9664297777508,0.040136344884519594
2003-08-19,1958.3359161823525,0.025324783540949525
2003-08-20,1973.6261729442947,0.007807780389254856
2003-08-21,1961.2101793440606,-0.006290955080774864
2003-08-22,1966.3657031741911,0.0026287462121243666
2003-08-25,1936.9176704210238,-0.014975867767440743
2003-08-26,1979.1185336321826,0.021787639121483984
2003-08-27,2005.683342059588,0.013422545429177753
2003-08-28,2045.0902956360708,0.01964764464564827
2003-08-29,2074.9762849108997,0.014613530433644604
2003-09-02,2138.140815018296,0.030441085311058585
2003-09-03,2149.7904252303633,0.005448476606517481
2003-09-04,2204.4554491251656,0.025428071152072674
2003-09-05,2158.896129360373,-0.02066692696505745
2003-09-08,2247.365481807868,0.04097897589621705
2003-09-09,2197.7364740213093,-0.022083193938991875
2003-09-10,2094.160405846484,-0.04712852036591385
2003-09-11,2160.2453034530495,0.03155675058227117
2003-09-12,2165.9043150178845,0.0026196152611879637
2003-09-15,2139.5394545482823,-0.012172680153409533
2003-09-16,2241.8095160862777,0.047800035339655794
2003-09-17,2230.4483962533964,-0.005067834600289892
2003-09-18,2295.347866539664,0.029097050797177285
2003-09-19,2284.2373337126423,-0.004840457077981582
2003-09-22,2190.606225912528,-0.0409900960895043
2003-09-23,2272.3607418580937,0.0373204983070427
2003-09-24,2133.003413616181,-0.06132711486995722
2003-09-25,2072.271813018546,-0.0284723410239058
2003-09-26,2014.9041554929324,-0.02768346177620858
2003-09-29,2087.966648212698,0.036261026372190606
2003-09-30,2037.8596437835317,-0.02399799080701698
2003-10-01,2104.6165841976663,0.032758360281472686
2003-10-02,2084.8062463721985,-0.00941280135023736
2003-10-03,2240.2070113597365,0.07453966777869797
2003-10-06,2246.2676782743756,0.0027054048504921414
2003-10-07,2278.632582628487,0.014408302566582232
2003-10-08,2240.643783810213,-0.01667175265897955
2003-10-09,2257.7122353523164,0.007617655097803481
2003-10-10,2292.652885278951,0.015476130828153316
2003-10-13,2311.8149776844925,0.008358043438926425
2003-10-14,2363.190893008702,0.02222319511731306
2003-10-15,2338.1059010474382,-0.010614881783556197
2003-10-16,2383.381876881144,0.01936438200400693
2003-10-17,2281.943391827962,-0.0425607352464737
2003-10-20,2317.490392735072,0.015577512147939315
2003-10-21,2383.2318849000885,0.0283675360083929
2003-10-22,2248.636370381165,-0.05647604640224345
2003-10-23,2238.7433579201547,-0.0043995608144205755
2003-10-24,2116.7222779853128,-0.05450427334743829
2003-10-27,2190.1904276984073,0.034708450171848405
2003-10-28,2327.2544786071808,0.06258088300240129
2003-10-29,2339.5298679902885,0.005274622735049734
2003-10-30,2321.1406760006594,-0.007860208258604407
2003-10-31,2338.8363455072276,0.007623695405251413
2003-11-03,2416.2956329742974,0.03311872915600321
2003-11-04,2377.9288510838396,-0.01587834756926275
2003-11-05,2408.348131478839,0.012792342538396178
2003-11-06,2437.1229404893174,0.011947944167361349
2003-11-07,2414.6620436289777,-0.009216152573669466
2003-11-10,2343.2260813056614,-0.02958424865781861
2003-11-11,2303.9798368437146,-0.01674880830964402
2003-11-12,2422.792692899635,0.05156853118067439
2003-11-13,2416.1022646149618,-0.002761453055509213
2003-11-14,2317.627935747612,-0.04075751689386492
2003-11-17,2222.577064053637,-0.04101213582555203
2003-11-18,2201.45598224073,-0.009502969392829722
2003-11-19,2252.1508028684593,0.023027860214642877
2003-11-20,2198.8264783533996,-0.02367706658326038
2003-11-21,2226.64067079694,0.01264956226303443
2003-11-24,2354.343593560151,0.05735228159535265
2003-11-25,2376.218826100281,0.009291435880457421
2003-11-26,2314.0639710290307,-0.026157041762544877
2003-11-28,2391.738328685589,0.033566210195138765
2003-12-01,2456.841437073256,0.027219996270848593
2003-12-02,2428.185291939105,-0.01166381545904261
2003-12-03,2383.7162174883124,-0.018313707194593888
2003-12-04,2341.2153547746216,-0.017829665461802997
2003-12-05,2324.092283838676,-0.007313753047546418
2003-12-08,2356.074317764852,0.01376108605866196
2003-12-09,2254.2506937962826,-0.04321749241983468
2003-12-10,2208.3962050085556,-0.020341343983576808
2003-12-11,2345.164750502323,0.06193116306919109
2003-12-12,2352.6027525214863,0.0031716330452137204
2003-12-15,2278.241348725852,-0.03160814281796414
2003-12-16,2292.5314512701716,0.006272426998268524
2003-12-17,2269.5286483089885,-0.010033800386223087
2003-12-18,2365.86457508441,0.04244754823747235
2003-12-19,2355.472833431182,-0.004392365379940267
2003-12-22,2332.6729236133547,-0.009679546923330538
2003-12-23,2412.3162638885824,0.034142523569853415
2003-12-24,2411.1329674272297,-0.0004905229380848942
2003-12-26,2408.205212329262,-0.0012142653008023504
2003-12-29,2489.4828360970005,0.03375028978079712
2003-12-30,2498.5039542494187,0.0036236916445511968
2003-12-31,2464.882992595418,-0.013456437239900669
2004-01-02,2472.5742166910322,0.0031203201607213843
2004-01-05,2590.1055547342007,0.04753399806961399
2004-01-06,2625.9305820811524,0.013831493192032408
2004-01-07,2668.0386036040954,0.016035466363916884
2004-01-08,2724.8859276655307,0.02130678468618986
2004-01-09,2758.7703426032103,0.012435168237192614
2004-01-12,2756.4859755590114,-0.0008280381331210664
2004-01-13,2695.9635253205497,-0.02195637880079831
2004-01-14,2753.663719606048,0.021402438773216497
2004-01-15,2779.3740307634534,0.009336765043003846
2004-01-16,2828.731430778431,0.017758459087789575
2004-01-20,2801.354994817892,-0.00967799051640794
2004-01-21,2827.730429827718,0.00941524193064318
2004-01-22,2771.547270814431,-0.019868640384051763
2004-01-23,2743.8666910075317,-0.009987410317113357
2004-01-26,2861.810055486364,0.04298436395083183
2004-01-27,2761.3276996627887,-0.03511146927132395
2004-01-28,2649.3324513119915,-0.04055847785269162
2004-01-29,2567.2864244643442,-0.03096856598990306
2004-01-30,2628.5396705791795,0.02385913995849344
2004-02-02,2679.410519016976,0.019353273989807327
2004-02-03,2643.253097307528,-0.013494543464998216
2004-02-04,2496.402579837345,-0.05555673712054588
2004-02-05,2493.549987132482,-0.0011426813639366182
2004-02-06,2620.4069431364983,0.05087403768067171
2004-02-09,2611.181116631664,-0.003520760975313135
2004-02-10,2648.867593317097,0.014432731780033488
2004-02-11,2685.393782481834,0.013789360123884632
2004-02-12,2640.1037103522135,-0.01686533737624263
2004-02-13,2583.2227682296616,-0.021544965032818112
2004-02-17,2671.1281428350894,0.034029343379344434
2004-02-18,2638.964312211347,-0.01204129075949319
2004-02-19,2572.101656797385,-0.025336703154554413
2004-02-20,2513.7920968880553,-0.022670005967778555
2004-02-23,2455.9746526753856,-0.023000089897746375
2004-02-24,2501.320043029516,0.01846329737350257
2004-02-25,2516.464584301631,0.006054619565504465
2004-02-26,2548.6613581399047,0.01279444743197477
2004-02-27,2502.719540217914,-0.01802586199820611
2004-03-01,2599.1869755357457,0.03854504420796261
2004-03-02,2553.2835399183136,-0.01766069007327586
2004-03-03,2552.3799779748183,-0.0003538823359682632
2004-03-04,2591.902950519946,0.01548475261762833
2004-03-05,2626.911003051218,0.01350669882305952
2004-03-08,2473.783259202364,-0.058291942007549
2004-03-09,2420.803324058377,-0.021416563050503382
2004-03-10,2361.893049579425,-0.024335010570041324
2004-03-11,2315.5483556693666,-0.019621842707192347
2004-03-12,2412.7975583374246,0.04199834671124623
2004-03-15,2301.9493643082915,-0.04594177147025735
2004-03-16,2274.5760410043767,-0.011891366390737425
2004-03-17,2398.707271963071,0.0545733484926194
2004-03-18,2319.319364943665,-0.03309612137642633
2004-03-19,2302.3850931628426,-0.007301397141239951
2004-03-22,2200.5834631266157,-0.044215726699472
2004-03-23,2203.5766478314754,0.0013601777687663838
2004-03-24,2258.2339071713777,0.024803883901061557
2004-03-25,2363.105396989592,0.04643960463315086
2004-03-26,2345.878789228532,-0.007289817789339975
2004-03-29,2432.411518418063,0.03688712715544392
2004-03-30,2443.2063473861795,0.004437912288434236
2004-03-31,2451.2649698017008,0.003298379780382803
2004-04-01,2488.1304958427017,0.015039388436242187
2004-04-02,2581.9316996889784,0.03769947115032928
2004-04-05,2636.8713870612382,0.02127852079854712
2004-04-06,2571.37497162506,-0.024838684115410486
2004-04-07,2589.155047712802,0.006914618164967752
2004-04-08,2553.0626177403738,-0.013939848833815997
2004-04-12,2611.1242189156296,0.022741941686743424
2004-04-13,2501.9295177823456,-0.04181903731053885
2004-04-14,2471.7000050202114,-0.012082479761032145
2004-04-15,2410.850331482983,-0.024618551366928757
2004-04-16,2454.3346652739015,0.01803692797643289
2004-04-19,2486.6609178745357,0.013171085858018646
2004-04-20,2383.6703595546924,-0.04141721035607626
2004-04-21,2425.2562043314965,0.017446139148440398
2004-04-22,2521.151829591271,0.03954041024140271
2004-04-23,2518.845809331656,-0.0009146693319096456
2004-04-26,2511.9310540118195,-0.002745207862354663
2004-04-27,2501.716876304228,-0.004066265151377519
2004-04-28,2397.7790434931635,-0.0415466009745321
2004-04-29,2302.4727942641252,-0.03974771966068781
2004-04-30,2239.2232607310984,-0.027470263140825384
2004-05-03,2254.7184825998934,0.006919909300931228
2004-05-04,2357.405845298318,0.045543318818239635
2004-05-05,2351.0391152553707,-0.0027007356648604385
2004-05-06,2245.7556678378637,-0.04478166557687028
2004-05-07,2233.2390661651248,-0.005573447660399178
2004-05-10,2209.8607021109883,-0.010468366064489988
2004-05-11,2264.2517607039335,0.0246128900979991
2004-05-12,2254.2409099899182,-0.004421262196966431
2004-05-13,2279.0854906264904,0.011021262424291318
2004-05-14,2184.2469338312544,-0.041612549062021484
2004-05-17,2161.4825058374554,-0.010422094517431493
2004-05-18,2197.277048189543,0.016560181382647435
2004-05-19,2185.1569780599775,-0.0055159499069778965
2004-05-20,2166.739088729344,-0.008428634425607701
2004-05-21,2188.8643938561877,0.010211337969547015
2004-05-24,2224.9295952675384,0.016476672338670433
2004-05-25,2343.636117662393,0.05335293424445683
2004-05-26,2366.182180231964,0.00962012080273756
2004-05-27,2349.083234302565,-0.007226386062852932
2004-05-28,2400.978726744825,0.022091806575626746
2004-06-01,2357.123600252586,-0.01826552064111633
2004-06-02,2418.276321905768,0.025943790833297287
2004-06-03,2326.109791992313,-0.03811248908099191
2004-06-04,2409.6960407681167,0.035933922407081174
2004-06-07,2470.215971412842,0.025115172046941574
2004-06-08,2477.304775416604,0.0028697102139240245
2004-06-09,2395.107302517793,-0.033180202014097306
2004-06-10,2392.41035182487,-0.001126024996912736
2004-06-14,2331.0835243804872,-0.02563390824555001
2004-06-15,2433.374155343256,0.0438811522165228
2004-06-16,2422.385761440804,-0.00451570255988943
2004-06-17,2359.8547902067216,-0.02581379573371063
2004-06-18,2417.5057030960006,0.02442985607780931
2004-06-21,2349.7291400983936,-0.028035740685454582
2004-06-22,2403.1459259583153,0.022733167388682318
2004-06-23,2471.4251621787294,0.028412438663368386
2004-06-24,2448.2877037875373,-0.009361990298259532
2004-06-25,2497.087060687464,0.01993203528508242
2004-06-28,2447.4797184922986,-0.01986608435731046
2004-06-29,2505.4525781162524,0.023686757927320636
2004-06-30,2549.790144447531,0.01769643006558682
2004-07-01,2428.2301270090443,-0.04767451851015973
2004-07-02,2403.833569690268,-0.010047053220950924
2004-07-06,2312.3283978981644,-0.0380663507431981
2004-07-07,2355.323809757097,0.01859399032508263
2004-07-08,2254.363051406514,-0.04286491646386195
2004-07-09,2267.4847958533383,0.0058205994986644735
2004-07-12,2269.72949639035,0.0009899517479089134
2004-07-13,2244.778677843328,-0.010992859980320261
2004-07-14,2261.2203642476657,0.007324413122158764
2004-07-15,2233.353389948607,-0.012323864909261175
2004-07-16,2133.9655198954883,-0.044501631716871166
2004-07-19,2104.8439631640504,-0.013646685693808346
2004-07-20,2210.440331036795,0.05016826411873767
2004-07-21,2111.9262237284015,-0.044567639273115515
2004-07-22,2153.82018095427,0.019836846929202227
2004-07-23,2048.120548668651,-0.049075421068247214
2004-07-26,2009.196201020911,-0.019004910464397284
2004-07-27,2103.8664635033965,0.04711847575382729
2004-07-28,2096.6987242463956,-0.0034069364103390225
2004-07-29,2093.559510591257,-0.001497217324948147
2004-07-30,2157.838283739767,0.030703102932267145
2004-08-02,2150.4684947401993,-0.0034153574227979086
2004-08-03,2073.27187080017,-0.03589758423750141
2004-08-04,2085.786086434184,0.006035974254155416
2004-08-05,1985.9951664581686,-0.04784331462610142
2004-08-06,1888.542825870986,-0.049069777325279
2004-08-09,1886.4483821382712,-0.0011090263371437317
2004-08-10,1958.821518105822,0.03836475816291158
2004-08-11,1901.8589152301952,-0.02908003733321729
2004-08-12,1837.9487593395754,-0.033604046745436045
2004-08-13,1847.8324057141901,0.00537754185169226
2004-08-16,1901.6010396123647,0.029098220018169408
2004-08-17,1928.0354170433002,0.013901116417313267
2004-08-18,2005.5791296928614,0.040219029154805026
2004-08-19,1980.3939610271746,-0.01255755422103129
2004-08-20,2019.7895413405581,0.01989279965939201
2004-08-23,2021.1818562152635,0.0006893366096851064
2004-08-24,2017.1611715071774,-0.0019892740951152526
2004-08-25,2069.4571571623287,0.025925536538102586
2004-08-26,2052.064728943484,-0.008404343215635147
2004-08-27,2072.3116417132173,0.009866605319100965
2004-08-30,2015.2259462796642,-0.027546868088990473
2004-08-31,2018.7180363893312,0.0017328528923089815
2004-09-01,2045.7159152073723,0.013373774014685702
2004-09-02,2096.5733958704673,0.024860480521773573
2004-09-03,2031.7339906150573,-0.030926370325561395
2004-09-07,2062.586294593431,0.015185208359404252
2004-09-08,2044.9651680155523,-0.008543219076005797
2004-09-09,2086.9355266884745,0.020523752350095265
2004-09-10,2141.9445949413075,0.026358777043831574
2004-09-13,2178.154435132006,0.01690512456588086
2004-09-14,2189.5570890706954,0.005235007102698114
2004-09-15,2146.347516240448,-0.019734389683617116
2004-09-16,2163.4152828317465,0.007952005191216433
2004-09-17,2177.0280719431285,0.006292268164789871
2004-09-20,2172.2896419166836,-0.002176558992285041
2004-09-21,2202.073167960466,0.013710660617754226
2004-09-22,2120.738501683314,-0.03693549672215628
2004-09-23,2122.31452064541,0.0007431462958988385
2004-09-24,2106.632935442084,-0.007388907275891025
2004-09-27,2062.5657385378677,-0.020918308150806877
2004-09-28,2084.6808504493524,0.010722136753402152
2004-09-29,2138.3084595384325,0.025724613471419727
2004-09-30,2144.8129954731476,0.003041907216753481
2004-10-01,2247.348827051672,0.047806420324259885
2004-10-04,2270.81581713929,0.010442077262391351
2004-10-05,2277.9804385387642,0.003155086971562439
2004-10-06,2314.1158462727085,0.015862913975294535
2004-10-07,2261.2120536143584,-0.02286134151129936
2004-10-08,2194.90249790379,-0.029324784291936704
2004-10-11,2214.8649553913315,0.009094917658805593
2004-10-12,2206.5745148005494,-0.0037430907787861837
2004-10-13,2195.8928288641773,-0.004840845330499765
2004-10-14,2155.8067138339043,-0.01825504164108387
2004-10-15,2174.9754106192927,0.008891658358043859
2004-10-18,2231.779066204989,0.02611691852163135
2004-10-19,2200.340080304258,-0.014086961553139151
2004-10-20,2223.3408331786436,0.01045327178297118
2004-10-21,2270.7993606202253,0.021345592512566732
2004-10-22,2181.2980112529735,-0.03941402790548873
2004-10-25,2178.6581684213406,-0.0012102164940389296
2004-10-26,2212.1919317450024,0.015391934269321674
2004-10-27,2306.653837732508,0.04270059239977094
2004-10-28,2320.0718767266903,0.005817101280950166
2004-10-29,2318.262914338888,-0.0007797010109679594
2004-11-01,2329.576783293994,0.004880321763820391
2004-11-02,2341.107096920497,0.004949531481078439
2004-11-03,2387.1549145800536,0.019669248673043704
2004-11-04,2433.078556731745,0.019237813964733744
2004-11-05,2469.8441566311058,0.015110732778290021
2004-11-08,2470.4433511003313,0.00024260416092123516
2004-11-09,2480.2781350066534,0.003980979325812818
2004-11-10,2458.936535022996,-0.00860451885715641
2004-11-11,2523.4487008979936,0.026235799483289447
2004-11-12,2582.3309590009717,0.02333404205206308
2004-11-15,2603.842915977724,0.008330441495800424
2004-11-16,2565.3180029629125,-0.014795405966471536
2004-11-17,2617.2476127066607,0.02024295221246247
2004-11-18,2628.661765215824,0.004361128253111204
2004-11-19,2544.5368930566406,-0.032002927600796205
2004-11-22,2580.1651863920383,0.014001877289583863
2004-11-23,2577.8602888527294,-0.0008933139441865718
2004-11-24,2622.975799074755,0.017501146364337715
2004-11-26,2621.446119080291,-0.0005831849439874985
2004-11-29,2633.5069144751596,0.0046008175819764645
2004-11-30,2608.3037187380232,-0.00957020298621826
2004-12-01,2711.2981760250536,0.039487141220218985
2004-12-02,2724.78496919881,0.004974293603342812
2004-12-03,2735.889772948965,0.004075478937121553
2004-12-06,2744.1026304656857,0.0030018963475523064
2004-12-07,2650.673563270402,-0.034047220449414564
2004-12-08,2679.3490303473973,0.010818181263186245
2004-12-09,2686.6033544221914,0.0027074949895025797
2004-12-10,2684.1759240984643,-0.0009035313380859975
2004-12-13,2735.548422979409,0.019139020814442114
2004-12-14,2764.3693683968386,0.010535710198117769
2004-12-15,2771.249754771532,0.002488953340806092
2004-12-16,2729.1606476340994,-0.01518777117254191
2004-12-17,2701.2554953707486,-0.010224811165858445
2004-12-20,2682.4923683672478,-0.006946076383983602
2004-12-21,2740.5789731641503,0.021653968332539103
2004-12-22,2756.118392668136,0.005670122866791511
2004-12-23,2765.2360709910854,0.003308159165877689
2004-12-27,2748.6275303791967,-0.006006192666919765
2004-12-28,2807.1872938840643,0.02130509239889217
2004-12-29,2806.639811777653,-0.00019502870635104743
2004-12-30,2810.037417957323,0.001210560103014509
2004-12-31,2802.4978916221876,-0.0026830697295896324
2005-01-03,2742.1238557800266,-0.021542937114294936
2005-01-04,2629.1094596665275,-0.041214183624594544
2005-01-05,2587.5040897554263,-0.015824890727972305
2005-01-06,2584.2923716746677,-0.0012412417408244657
2005-01-07,2580.7118707572063,-0.0013854860064231593
2005-01-10,2601.1158225548097,0.007906326943664874
2005-01-11,2557.7572081733956,-0.016669236335207584
2005-01-12,2589.37207796517,0.01236038733103667
2005-01-13,2534.85583526722,-0.02105384666879974
2005-01-14,2577.1965685072664,0.016703408789945428
2005-01-18,2621.383322924998,0.01714527908258272
2005-01-19,2540.4573628677754,-0.030871471314208174
2005-01-20,2472.4189927954676,-0.026781937404965164
2005-01-21,2444.221099327067,-0.011404981740784342
2005-01-24,2382.369432939002,-0.025305266534641185
2005-01-25,2408.923160614458,0.01114593199036247
2005-01-26,2471.137181601474,0.025826486292384026
2005-01-27,2473.5608237487254,0.0009807800899505502
2005-01-28,2446.068135150985,-0.011114619997932465
2005-01-31,2509.534241032284,0.02594617254084844
2005-02-01,2524.7026631151125,0.00604431764062694
2005-02-02,2540.0868040465125,0.006093446628847173
2005-02-03,2497.298487023674,-0.016845218421147556
2005-02-04,2567.601759045609,0.028151729714025336
2005-02-07,2555.7811848991014,-0.0046037412557706735
2005-02-08,2567.0558908187013,0.004411451960839503
2005-02-09,2482.9396468819864,-0.03276759350568255
2005-02-10,2484.1328887548243,0.0004805762694780943
2005-02-11,2541.0078999844736,0.02289531751184138
2005-02-14,2555.881063529973,0.005853253563513276
2005-02-15,2571.200725139601,0.005993886737620876
2005-02-16,2566.677119548841,-0.001759335841240044
2005-02-17,2502.375215445686,-0.025052587882365904
2005-02-18,2495.6328094225964,-0.0026944024946669027
2005-02-22,2426.465057296743,-0.027715516427216858
2005-02-23,2428.55368387749,0.0008607692801783139
2005-02-24,2477.3191442123916,0.020080042149631012
2005-02-25,2510.266092856206,0.01329943649803297
2005-02-28,2476.5962549832225,-0.013412856098722743
2005-03-01,2523.607854539107,0.01898234298840231
2005-03-02,2514.3302032475617,-0.00367634427625433
2005-03-03,2492.0576514997138,-0.008858244521376069
2005-03-04,2521.48446858523,0.01180824089996756
2005-03-07,2568.801616821031,0.018765591787424346
2005-03-08,2527.710232653275,-0.015996324472345926
2005-03-09,2497.6798387745093,-0.011880473280057605
2005-03-10,2493.736850551066,-0.001578660388025559
2005-03-11,2449.7224774874594,-0.017649966977822923
2005-03-14,2471.969929821666,0.009081621505561095
2005-03-15,2433.121215759089,-0.015715690386808055
2005-03-16,2387.00191137154,-0.018954791108983352
2005-03-17,2388.456604067891,0.0006094225100621008
2005-03-18,2367.879890095614,-0.008615067126290524
2005-03-21,2366.8263231815577,-0.00044494102866592165
2005-03-22,2323.850983432922,-0.018157369354785183
2005-03-23,2325.7783228527237,0.0008293730680418132
2005-03-24,2327.6128626493046,0.0007887853191144976
2005-03-28,2330.511172761553,0.00124518564008519
2005-03-29,2286.7783900302143,-0.01876531777340391
2005-03-30,2360.310501288339,0.03215532890231349
2005-03-31,2345.022447566241,-0.006477136679158476
2005-04-01,2311.0644206725265,-0.014480896303981215
2005-04-04,2325.258703716572,0.00614188116829511
2005-04-05,2344.3994404425184,0.008231658995772287
2005-04-06,2343.8475601714495,-0.00023540368656833804
2005-04-07,2389.794263284977,0.019603110669094422
2005-04-08,2343.636812395132,-0.01931440358652384
2005-04-11,2326.2977015704855,-0.007398377911177316
2005-04-12,2357.184392807555,0.013277187703112106
2005-04-13,2284.107464188005,-0.031001787065334754
2005-04-14,2219.9825021208635,-0.02807440677487467
2005-04-15,2131.913800566775,-0.039670898968776416
2005-04-18,2142.2185755195633,0.0048335795518789255
2005-04-19,2185.6405015418786,0.02026960578090595
2005-04-20,2143.4436218311826,-0.01930641369471688
2005-04-21,2252.3026467770915,0.0507869784104276
2005-04-22,2182.8096344005994,-0.03085420712706276
2005-04-25,2224.449754972057,0.019076386651047522
2005-04-26,2171.0980349794168,-0.02398423244822189
2005-04-27,2177.7138449554564,0.0030472184440544126
2005-04-28,2118.368190159487,-0.027251355789209855
2005-04-29,2157.121116171069,0.018293763186023222
2005-05-02,2172.4784775952517,0.007119378373821868
2005-05-03,2182.315839243802,0.004528174502073652
2005-05-04,2248.0347183939766,0.030114284086828823
2005-05-05,2246.925045015447,-0.000493619324225738
2005-05-06,2259.513951855689,0.005602726654442268
2005-05-09,2287.438006901092,0.012358434442270225
2005-05-10,2248.2567211677756,-0.017128895128571058
2005-05-11,2268.2464154216423,0.008891197373351485
2005-05-12,2250.472385154465,-0.007836022641249704
2005-05-13,2279.9128768248574,0.013081916429901974
2005-05-16,2320.2474906768084,0.01769129612887829
2005-05-17,2342.7348730456774,0.009691803335302545
2005-05-18,2404.559140073421,0.02638978389704377
2005-05-19,2432.6794729191706,0.011694589821937548
2005-05-20,2441.6915972057714,0.003704608184894428
2005-05-23,2465.6981142355926,0.009831920238122509
2005-05-24,2477.4786278346387,0.004777759909468222
2005-05-25,2449.7020847778035,-0.011211617628004471
2005-05-26,2500.0393704279877,0.02054832951442324
2005-05-27,2510.7401005276342,0.004280224634148313
2005-05-31,2492.016561534524,-0.007457378399769653
2005-06-01,2539.2074664374327,0.018936834381971024
2005-06-02,2563.2445406731163,0.009466368760095104
2005-06-03,2498.6611184378976,-0.025195965976097922
2005-06-06,2508.692391721183,0.004014659374680252
2005-06-07,2487.7662240085606,-0.008341464175392652
2005-06-08,2470.8280957307443,-0.00680856911487591
2005-06-09,2510.8208126428317,0.01618595683819091
2005-06-10,2477.0496660512185,-0.013450241618822027
2005-06-13,2490.950784102886,0.0056119658165061205
2005-06-14,2491.872415969894,0.00036999200180520825
2005-06-15,2505.0283491113705,0.005279537209514752
2005-06-16,2539.2491631339835,0.013660849001869441
2005-06-17,2541.442291284042,0.0008636915911597087
2005-06-20,2536.2052313206427,-0.0020606645216221667
2005-06-21,2544.7369873586426,0.003363984874976998
2005-06-22,2546.0560608632027,0.0005183535709634696
2005-06-23,2493.249043758462,-0.02074071263255582
2005-06-24,2451.2330118224963,-0.01685191940257538
2005-06-27,2431.5577991740693,-0.008026659462210265
2005-06-28,2490.1315840473762,0.024088995496303906
2005-06-29,2487.587721931829,-0.0010215773864496935
2005-06-30,2458.7613147493594,-0.01158809674461778
2005-07-01,2459.605417541949,0.0003433040806061103
2005-07-05,2510.1809220275536,0.020562446368388637
2005-07-06,2485.649624975472,-0.00977272069786398
2005-07-07,2502.3582224442507,0.006722024416029152
2005-07-08,2591.9625385791296,0.0358079492101475
2005-07-11,2646.8583492661774,0.02117924540573822
2005-07-12,2665.8496940044633,0.007175051412763085
2005-07-13,2668.0904342373237,0.000840535097646278
2005-07-14,2689.6198981462126,0.008069240694625508
2005-07-15,2699.3658787260993,0.003623553122358945
2005-07-18,2669.1052603501666,-0.011210269276358105
2005-07-19,2739.4162398759167,0.026342527801442205
2005-07-20,2778.064563820027,0.014108233492059852
2005-07-21,2752.5999504092433,-0.009166314470304575
2005-07-22,2755.328330745039,0.0009912011861329911
2005-07-25,2722.00523696279,-0.012094055510704999
2005-07-26,2745.0955448876975,0.008482830088406283
2005-07-27,2770.754705854684,0.009347274274213228
2005-07-28,2801.5759448733747,0.011123770340826202
2005-07-29,2766.7331668975226,-0.01243684935245502
2005-08-01,2792.993544363817,0.009491474559413866
2005-08-02,2850.7756065124954,0.02068821901335268
2005-08-03,2847.1734904135187,-0.0012635565180043053
2005-08-04,2781.539445813697,-0.023052351681698665
2005-08-05,2747.341695729396,-0.01229454075719448
2005-08-08,2712.775741106323,-0.012581600125242592
2005-08-09,2737.1916093087552,0.009000326799028045
2005-08-10,2695.7969980747625,-0.01512302284327343
2005-08-11,2737.4750676877334,0.015460388761741339
2005-08-12,2692.8854692816726,-0.016288586125361243
2005-08-15,2718.6568358117966,0.00957016806845441
2005-08-16,2643.747705844657,-0.02755372762769878
2005-08-17,2662.2768202064603,0.00700865454023477
2005-08-18,2641.4036491996626,-0.007840345845470375
2005-08-19,2638.1918173478193,-0.0012159564679999956
2005-08-22,2652.207552376591,0.005312629254858991
2005-08-23,2641.7561757764897,-0.003940632998626489
2005-08-24,2620.992595595488,-0.007859764035527803
2005-08-25,2634.291624713574,0.005074042994411671
2005-08-26,2600.574931666028,-0.012799149771890513
2005-08-29,2641.5410580520356,0.015752719095758875
2005-08-30,2621.8951760519703,-0.007437280575359648
2005-08-31,2678.7242441185604,0.02167480553214293
2005-09-01,2666.1335971548015,-0.0047002400457617855
2005-09-02,2650.5942423782526,-0.00582842314921194
2005-09-06,2712.2841311475127,0.023273984294898534
2005-09-07,2725.752650538764,0.004965747960024018
2005-09-08,2710.544473498317,-0.0055794413471234
2005-09-09,2733.4421637565174,0.008447634961195785
2005-09-12,2751.3829177174575,0.006563429143964274
2005-09-13,2723.298723665503,-0.010207301161574839
2005-09-14,2666.920214148865,-0.02070228617474394
2005-09-15,2658.8810388494107,-0.00301440412682905
2005-09-16,2693.9188589488926,0.01317765615969197
2005-09-19,2655.8376597577385,-0.014135985968787752
2005-09-20,2621.199924092617,-0.01304211330005816
2005-09-21,2560.3252445276744,-0.023223974259046865
2005-09-22,2570.2467276839134,0.00387508703335447
2005-09-23,2584.8627203450606,0.005686610745855502
2005-09-26,2595.716480030406,0.0041989694848847065
2005-09-27,2583.2394232131905,-0.004806787225494324
2005-09-28,2580.606496934034,-0.0010192343208672316
2005-09-29,2643.4600490527323,0.024356116360000294
2005-09-30,2669.165395709523,0.009724129050485222
2005-10-03,2678.001160096642,0.00331030980744838
2005-10-04,2637.9208014194237,-0.014966520281780585
2005-10-05,2548.601212628982,-0.033859844746809725
2005-10-06,2503.8669161713287,-0.017552489670013254
2005-10-07,2517.0595637543324,0.005268909261030658
2005-10-10,2489.115180916392,-0.011101995058178146
2005-10-11,2448.22093783375,-0.0164292289067901
2005-10-12,2390.070958175916,-0.023751932989057235
2005-10-13,2412.813321301039,0.009515350599665944
2005-10-14,2454.189391173047,0.01714847539456437
2005-10-17,2466.7848546155988,0.005132229602105538
2005-10-18,2432.571127152423,-0.013869765496232273
2005-10-19,2515.825419517202,0.034224813176269714
2005-10-20,2460.03399844781,-0.02217618942736439
2005-10-21,2493.441987998709,0.01358029587069861
2005-10-24,2573.5477634182294,0.032126584779225184
2005-10-25,2557.884964574183,-0.006086072722910294
2005-10-26,2536.0381543189574,-0.008540966680595983
2005-10-27,2447.302478904005,-0.034989881861135524
2005-10-28,2508.9955753286386,0.025208611095863354
2005-10-31,2581.620188320656,0.02894569193590725
2005-11-01,2567.3534674380294,-0.005526266391613144
2005-11-02,2639.599945473304,0.028140448501378233
2005-11-03,2678.623605875372,0.014783929840955824
2005-11-04,2701.315744766359,0.008471566830521988
2005-11-07,2722.807201281256,0.007955921686139462
2005-11-08,2707.2314736208145,-0.005720466602670953
2005-11-09,2716.404594803793,0.0033883771197109305
2005-11-10,2768.3648453628007,0.019128317872235547
2005-11-11,2782.805326297525,0.00521624920895565
2005-11-14,2778.5022857920944,-0.0015462959139710413
2005-11-15,2742.47081155977,-0.012967948385924292
2005-11-16,2745.303881726304,0.001033035667906777
2005-11-17,2826.785946606649,0.02968052659769943
2005-11-18,2843.459401005863,0.005898378835238377
2005-11-21,2880.2690352852806,0.012945370089123096
2005-11-22,2910.6639965384966,0.010552820198688598
2005-11-23,2927.0868629290935,0.005642309249754548
2005-11-25,2934.6116853190438,0.00257075472725137
2005-11-28,2872.8130023010485,-0.021058555490375483
2005-11-29,2855.5662304895577,-0.006003443940721701
2005-11-30,2855.689569529636,4.3192498482976247e-05
2005-12-01,2943.3961453124693,0.03071292367303063
2005-12-02,2959.3317840150444,0.005414031246848469
2005-12-05,2917.887780990153,-0.014004513873284871
2005-12-06,2925.791188547217,0.0027086057279358663
2005-12-07,2902.981421395413,-0.0077961022102641196
2005-12-08,2888.512170576083,-0.004984272621481135
2005-12-09,2914.762772305271,0.009087931841378669
2005-12-12,2925.1798347688946,0.003573897183881289
2005-12-13,2935.497594563134,0.00352722238530492
2005-12-14,2929.0882943247734,-0.0021833777858415965
2005-12-15,2923.8514645546793,-0.00178787023260472
2005-12-16,2902.60757301449,-0.0072657218732638
2005-12-19,2825.478099526604,-0.02657247717705875
2005-12-20,2824.508182465697,-0.00034327537738475266
2005-12-21,2847.8383869634654,0.008259917476111552
2005-12-22,2885.5301333147368,0.013235212547106894
2005-12-23,2892.8973859212792,0.0025531712601036156
2005-12-27,2834.306955744604,-0.02025320029041294
2005-12-28,2839.3684334291897,0.001785790235008788
2005-12-29,2811.7467685037236,-0.00972810171454451
2005-12-30,2779.0391086987793,-0.011632505519815973
2006-01-03,2874.9570788388223,0.034514796801457845
2006-01-04,2925.1797819468648,0.017469027095294035
2006-01-05,2959.5224129830335,0.011740348831931202
2006-01-06,3033.9401958007966,0.025145199945539272
2006-01-09,3067.3475576820288,0.011011213051420776
2006-01-10,3071.3265184083502,0.001297199176649025
2006-01-11,3100.2189836438642,0.009407161714114034
2006-01-12,3060.8657460475006,-0.012693696091786806
2006-01-13,3061.4576810793083,0.00019338810680345794
2006-01-17,3022.2050128200904,-0.012821561605051999
2006-01-18,2961.371560035502,-0.0201288306142484
2006-01-19,3018.649438663015,0.019341672419798145
2006-01-20,2876.398777181359,-0.04712394213773293
2006-01-23,2877.430954027286,0.0003588434448364407
2006-01-24,2920.0656698182884,0.01481693791169185
2006-01-25,2907.8886192753603,-0.0041701290038747224
2006-01-26,2965.070233784974,0.019664306992563885
2006-01-27,3019.8931026837795,0.018489568400146424
2006-01-30,3025.5916994004224,0.0018870193489889948
2006-01-31,3022.7443266380014,-0.0009410961707044482
2006-02-01,3034.843067985417,0.004002568540380596
2006-02-02,2958.358191379898,-0.025202250954047125
2006-02-03,2908.790310621507,-0.01675519918542053
2006-02-06,2898.1219740103306,-0.0036676196878891124
2006-02-07,2862.292313988349,-0.012363061438853585
2006-02-08,2918.131369094111,0.01950850890835653
2006-02-09,2889.2116560328827,-0.009910353374600101
2006-02-10,2904.2920525804875,0.005219554100896541
2006-02-13,2846.667873957856,-0.01984104132070051
2006-02-14,2903.194761805743,0.01985721213388158
2006-02-15,2939.4806219926013,0.012498596602692041
2006-02-16,2986.163048887372,0.01588118205151698
2006-02-17,2953.90262838317,-0.010803301754143175
2006-02-21,2902.4012890430135,-0.017435015915993786
2006-02-22,2953.927023336712,0.01775279472491118
2006-02-23,2943.6436024353184,-0.003481271141823224
2006-02-24,2963.26352573877,0.006665183002188172
2006-02-27,3014.4864501653906,0.017285983504909508
2006-02-28,2946.765820478461,-0.022465063554428687
2006-03-01,3032.340279874284,0.0290401289444605
2006-03-02,3022.7613671872587,-0.003158917470641684
2006-03-03,3000.1716858580608,-0.007473193740800656
2006-03-06,2956.012976891332,-0.014718727323132976
2006-03-07,2910.0458392529154,-0.015550384249922132
2006-03-08,2907.368833684954,-0.0009199186940122172
2006-03-09,2861.5596567413827,-0.015756231687161112
2006-03-10,2892.5895711144453,0.01084370696237647
2006-03-13,2904.4076662985817,0.0040856453684795764
2006-03-14,2978.0654188010667,0.025360679685973688
2006-03-15,3019.0937944732095,0.013776855072801056
2006-03-16,2986.691854318384,-0.010732339688863316
2006-03-17,3004.3425328276853,0.005909775554442045
2006-03-20,3023.2393695993583,0.006289840976916589
2006-03-21,2970.966597809594,-0.017290318562069844
2006-03-22,2994.263767341185,0.007841612742723924
2006-03-23,2985.6183433804154,-0.0028873287834781055
2006-03-24,3018.185186733358,0.010907905702397674
2006-03-27,3024.4038415780783,0.0020603953899365067
2006-03-28,2995.026983646477,-0.009713272258070223
2006-03-29,3081.310927051611,0.028809070461222507
2006-03-30,3088.9895257210533,0.0024919908607826543
2006-03-31,3085.9351309757444,-0.0009888006158246454
2006-04-03,3076.882932353556,-0.002933372944662617
2006-04-04,3099.2488950568018,0.00726903271751648
2006-04-05,3136.9427974079545,0.01216227015883522
2006-04-06,3140.3769661579827,0.0010947501984625758
2006-04-07,3081.116004900878,-0.01887065212097957
2006-04-10,3064.9620514740145,-0.005242890368674482
2006-04-11,3004.4136812016454,-0.019755014664292418
2006-04-12,3015.348493240882,0.0036395826938395407
2006-04-13,3044.8003911910882,0.009767328060496084
2006-04-17,3004.3375919341106,-0.013289146761160603
2006-04-18,3120.952185783199,0.038815409480668805
2006-04-19,3159.6620511739334,0.012403222826375963
2006-04-20,3137.115670157706,-0.007135693834044796
2006-04-21,3084.483661226772,-0.01677719742105919
2006-04-24,3058.515472160619,-0.008418974427578812
2006-04-25,3050.108486871065,-0.002748714324343588
2006-04-26,3058.4939488038262,0.0027492339924484375
2006-04-27,3087.833642444681,0.009592856527419346
2006-04-28,3028.5577531899007,-0.019196594155846708
2006-05-01,2981.2004163877955,-0.01563692709912
2006-05-02,2993.940310630653,0.004273410862559354
2006-05-03,2978.3976579798114,-0.005191370247313877
2006-05-04,3029.6016908207507,0.01719180536680577
2006-05-05,3077.951255407212,0.01595904990842632
2006-05-08,3083.3062919693407,0.001739805512748492
2006-05-09,3065.2467735125515,-0.005857192489706958
2006-05-10,3019.005135512213,-0.015085779846478279
2006-05-11,2893.6881799973876,-0.04150935486685219
2006-05-12,2819.7293514236117,-0.025558672522152125
2006-05-15,2805.588921721384,-0.005014818069361376
2006-05-16,2781.7463572626116,-0.008498238738461868
2006-05-17,2698.2583312479924,-0.030012810404747188
2006-05-18,2659.9203654658804,-0.01420841189967898
2006-05-19,2692.7165824521207,0.012329774008289295
2006-05-22,2640.239040604758,-0.01948869858393122
2006-05-23,2605.686090221361,-0.01308705380535638
2006-05-24,2630.5330226238602,0.009535658380241997
2006-05-25,2700.752764163447,0.02669411139706777
2006-05-26,2730.264792979484,0.010927334485272005
2006-05-30,2616.3519377330063,-0.0417222738026691
2006-05-31,2650.24718893332,0.012955157412684621
2006-06-01,2749.6497150812183,0.037506888626455334
2006-06-02,2748.2358504319227,-0.0005141980964123483
2006-06-05,2624.0318553007537,-0.045194081545675474
2006-06-06,2607.2012658217996,-0.006414018734168555
2006-06-07,2580.4452128937382,-0.010262365732485108
2006-06-08,2564.6228732216523,-0.0061316317017801126
2006-06-09,2539.813291811658,-0.009673773742347035
2006-06-12,2434.9205552515205,-0.041299388777242464
2006-06-13,2390.7616658100656,-0.018135659229708844
2006-06-14,2421.717526840963,0.012948116691677275
2006-06-15,2556.4712608748014,0.05564386950183227
2006-06-16,2522.33186474531,-0.013354109100295131
2006-06-19,2475.253145801242,-0.01866476001912684
2006-06-20,2467.1022178243575,-0.0032929674246496067
2006-06-21,2546.7811694309107,0.032296574917280586
2006-06-22,2503.161782548405,-0.0171272614255479
2006-06-23,2499.3287013416343,-0.0015312958329318678
2006-06-26,2527.2590932838966,0.011175157524205979
2006-06-27,2447.814518083164,-0.03143507344057204
2006-06-28,2474.5642699257724,0.010928014212267759
2006-06-29,2620.8585415249017,0.05911920469275896
2006-06-30,2615.053039295806,-0.0022151146798324926
2006-07-03,2658.3600436556176,0.016560660035971633
2006-07-05,2567.7550759435976,-0.034083030975527825
2006-07-06,2571.649371401044,0.0015166148414740477
2006-07-07,2511.633516051644,-0.023337495389856768
2006-07-10,2479.849817166335,-0.012654592591706634
2006-07-11,2507.530574347498,0.011162271597879577
2006-07-12,2416.27878690627,-0.036391096632978626
2006-07-13,2332.484751458464,-0.03467896001979683
2006-07-14,2294.168394611878,-0.016427270027221948
2006-07-17,2294.2530851093234,3.6915554082423546e-05
2006-07-18,2306.3883601702623,0.0052894230107837425
2006-07-19,2390.7749845452836,0.03658821117567183
2006-07-20,2295.628971259952,-0.03979714272584638
2006-07-21,2252.537867267831,-0.018770935779081937
2006-07-24,2344.228278543247,0.04070538063212674
2006-07-25,2371.3967632434083,0.011589521783707969
2006-07-26,2363.2719111451192,-0.0034261884068597383
2006-07-27,2326.512138063548,-0.01555461007606168
2006-07-28,2416.1048765520763,0.038509465316222354
2006-07-31,2409.155496549418,-0.0028762741510524976
2006-08-01,2340.977683614591,-0.028299465531584248
2006-08-02,2378.9145613293417,0.01620556999764906
2006-08-03,2409.6222935112587,0.012908295523130425
2006-08-04,2392.5692956302337,-0.007077041877868631
2006-08-07,2362.9866549180924,-0.012364381991431014
2006-08-08,2336.1638548275514,-0.011351227919427687
2006-08-09,2334.6174616931607,-0.0006619369318615209
2006-08-10,2360.3354544386234,0.01101593437359584
2006-08-11,2328.1099414717883,-0.013652937723845411
2006-08-14,2352.987985537127,0.010685940394039507
2006-08-15,2457.2895895036395,0.04432729984496839
2006-08-16,2537.258542568711,0.03254356076168663
2006-08-17,2556.0337892033735,0.007399816108473695
2006-08-18,2570.777262779003,0.005768105898249762
2006-08-21,2531.4471448225304,-0.015298920885101184
2006-08-22,2536.522880996456,0.0020050729418968067
2006-08-23,2500.0045450924204,-0.014397006302458215
2006-08-24,2505.4712560193025,0.002186680395286971
2006-08-25,2512.6549794319635,0.0028672144593167204
2006-08-28,2559.756909256519,0.018745880437275136
2006-08-29,2586.9632700787765,0.010628493949513148
2006-08-30,2618.6691114213027,0.012256007539511974
2006-08-31,2613.639908152662,-0.0019205188035043659
2006-09-01,2635.88050839692,0.008509435509797485
2006-09-05,2664.8764741952846,0.011000485684383067
2006-09-06,2573.103444834038,-0.034438005006952425
2006-09-07,2543.031295686714,-0.011687112388621072
2006-09-08,2567.5326425487406,0.009634701273076623
2006-09-11,2584.3824345794924,0.006562639847891281
2006-09-12,2685.348006391088,0.03906758166309233
2006-09-13,2713.7779133389854,0.0105870475186958
2006-09-14,2716.065356376024,0.000842899865090271
2006-09-15,2732.489960683685,0.006047205112021341
2006-09-18,2731.989471203841,-0.00018316242220279476
2006-09-19,2698.9927619192445,-0.012077904996484682
2006-09-20,2772.830203713423,0.0273574063761746
2006-09-21,2735.260347265956,-0.013549281307291217
2006-09-22,2688.9544844946986,-0.016929234110216653
2006-09-25,2761.125876108209,0.026839945424763523
2006-09-26,2790.9526884929855,0.010802409496381775
2006-09-27,2795.7093570364777,0.001704317154175892
2006-09-28,2811.7838521882063,0.005749701810479916
2006-09-29,2782.765874771628,-0.010320130899818402
2006-10-02,2730.5257226892586,-0.01877274425275062
2006-10-03,2744.994266318785,0.005298812426229832
2006-10-04,2860.434099599513,0.04205467191577789
2006-10-05,2898.5542674334615,0.013326707243241784
2006-10-06,2882.2779365224446,-0.005615327300885391
2006-10-09,2910.862125036156,0.00991722142806237
2006-10-10,2919.7624872141964,0.003057637839143586
2006-10-11,2901.3873605340314,-0.0062933635049531545
2006-10-12,2996.373976521465,0.03273834348335701
2006-10-13,3024.425870802944,0.009361946973670045
2006-10-16,3040.2464232075317,0.005230927481911848
2006-10-17,2991.3250995226017,-0.01609123632594126
2006-10-18,2971.0996706706524,-0.006761360995225007
2006-10-19,2980.412580354541,0.003134499248147592
2006-10-20,2983.5514295287576,0.0010531592823443633
2006-10-23,3016.358272540699,0.010995903300759675
2006-10-24,2988.5756922073892,-0.009210636742401428
2006-10-25,3018.2021562456075,0.009913238642564156
2006-10-26,3075.533230790228,0.018995107543073268
2006-10-27,3001.5648301397423,-0.024050593864492344
2006-10-30,3034.168536061331,0.010862236122373154
2006-10-31,3041.3861692729197,0.0023787845420605263
2006-11-01,2957.885686650219,-0.02745474529551843
2006-11-02,2956.7276712243965,-0.0003915010749229678
2006-11-03,2948.2225729967963,-0.0028765240405377534
2006-11-06,3036.208522063987,0.029843726818004495
2006-11-07,3061.3644935379784,0.008285324045164995
2006-11-08,3084.379466540451,0.007517880687207762
2006-11-09,3060.94612450521,-0.007597425118876521
2006-11-10,3095.937600551663,0.011431588346596362
2006-11-13,3138.094223488009,0.013616754720390499
2006-11-14,3201.0786674687683,0.020070921870137926
2006-11-15,3232.5745550626184,0.009839148257720077
2006-11-16,3248.9234345112054,0.005057541340533797
2006-11-17,3240.079817309514,-0.002722014654993565
2006-11-20,3257.197734113572,0.005283177504643027
2006-11-21,3262.474153148125,0.0016199259195385346
2006-11-22,3291.729348734726,0.008967180799998467
2006-11-24,3275.742526896595,-0.004856663517696601
2006-11-27,3129.970365114754,-0.04450049434133769
2006-11-28,3147.036575628327,0.005452515047358115
2006-11-29,3197.879394410622,0.016155776255045246
2006-11-30,3196.32196055091,-0.0004870208246235123
2006-12-01,3147.183724799054,-0.015373368627541729
2006-12-04,3237.9166689942654,0.028829884788821755
2006-12-05,3248.117782283742,0.003150517549497495
2006-12-06,3230.493330382214,-0.0054260507416502264
2006-12-07,3182.1440654853,-0.014966526766112749
2006-12-08,3207.148251354546,0.00785765363059777
2006-12-11,3220.575870236972,0.0041867783557417385
2006-12-12,3190.536046096194,-0.009327469791471863
2006-12-13,3192.314645111335,0.0005574608747382749
2006-12-14,3248.2434865916234,0.01751983989608822
2006-12-15,3256.7591990445576,0.002621636120594317
2006-12-18,3198.359950915351,-0.017931705895338886
2006-12-19,3182.2012976392793,-0.00505216846260453
2006-12-20,3176.7731919563957,-0.0017057706836178183
2006-12-21,3145.6493648706564,-0.00979730852820874
2006-12-22,3107.103958867374,-0.012253560881178328
2006-12-26,3137.6619600202303,0.009834882114467555
2006-12-27,3183.3681378646606,0.014566954129161733
2006-12-28,3168.226003603298,-0.004756639384950241
2006-12-29,3141.026386517774,-0.008585125257664498
2007-01-03,3159.7790692850717,0.005970240443630235
2007-01-04,3238.374681820303,0.024873768327421195
2007-01-05,3187.385207906838,-0.01574539048854096
2007-01-08,3196.6762503431337,0.0029149418191587997
2007-01-09,3211.0869434467763,0.0045080239520958985
2007-01-10,3251.4659435002845,0.012574869744936074
2007-01-11,3318.587525111505,0.020643482902042192
2007-01-12,3366.2209134020827,0.014353512730985594
2007-01-16,3351.1806216185055,-0.0044680049736773335
2007-01-17,3301.5456436044533,-0.014811191522729817
2007-01-18,3204.7490105687157,-0.02931858089657073
2007-01-19,3225.6455258720694,0.006520484204672725
2007-01-22,3171.3126551959563,-0.016844030207387395
2007-01-23,3171.8504312979735,0.00016957523917933678
2007-01-24,3262.4791056295944,0.028572808300590065
2007-01-25,3177.352581523374,-0.026092588289478958
2007-01-26,3180.26582495022,0.0009168776055219508
2007-01-29,3193.840003987015,0.004268252964988302
2007-01-30,3213.244575901505,0.006075624292471413
2007-01-31,3253.019492835061,0.01237842809472317
2007-02-01,3264.411497541711,0.0035019786176324046
2007-02-02,3283.8893371644804,0.0059667231405834695
2007-02-05,3268.79802297883,-0.004595561127733132
2007-02-06,3270.7930873481164,0.0006103357733520525
2007-02-07,3320.7488772787065,0.015273295679823292
2007-02-08,3315.503019189665,-0.0015797214071003476
2007-02-09,3238.267674316096,-0.023295211745108207
2007-02-12,3212.342850324099,-0.008005769318458918
2007-02-13,3236.8972358478873,0.007643762408894477
2007-02-14,3311.5456699347264,0.023061725055749462
2007-02-15,3334.3901653182193,0.006898438874298538
2007-02-16,3331.9131437027363,-0.0007428709577081727
2007-02-20,3375.1055202491884,0.012963236039956633
2007-02-21,3389.1848736384873,0.004171529839535154
2007-02-22,3406.360288586735,0.005067712617815482
2007-02-23,3379.435116991795,-0.007904381602015126
2007-02-26,3349.8867039006063,-0.008743595325330835
2007-02-27,3090.9452175874776,-0.07729858028082476
2007-02-28,3111.888366362612,0.006775645409685077
2007-03-01,3080.7893075466245,-0.009993629319144987
2007-03-02,2987.6499680620477,-0.030232297696056367
2007-03-05,2917.724811440609,-0.023404735283228572
2007-03-06,3028.2447945560016,0.0378788234867236
2007-03-07,3001.2490472348873,-0.008914651605988264
2007-03-08,3034.006756322043,0.010914692040414382
2007-03-09,3033.215160287704,-0.00026090780209698855
2007-03-12,3069.6652293282723,0.012016974436165968
2007-03-13,2937.1506926325005,-0.04316905160526894
2007-03-14,2989.7330777400325,0.017902515264003552
2007-03-15,3006.9508661324676,0.005758971769295818
2007-03-16,2991.3491778075254,-0.005188541156646486
2007-03-19,3045.203759784807,0.018003442184824872
2007-03-20,3079.9699709358906,0.011416710963715698
2007-03-21,3201.6677568335977,0.039512653384970266
2007-03-22,3190.416594758941,-0.0035141566612095845
2007-03-23,3182.751980771618,-0.00240238657230963
2007-03-26,3199.115675219193,0.0051413665112565515
2007-03-27,3151.342586599221,-0.014933217010572347
2007-03-28,3098.426371055455,-0.016791641685923453
2007-03-29,3100.084848784222,0.0005352645279100406
2007-03-30,3109.3851828027978,0.0030000256354993505
2007-04-02,3109.9499675673924,0.00018163872643338537
2007-04-03,3181.68583301197,0.02306656576237112
2007-04-04,3203.045869958369,0.006713433716420409
2007-04-05,3235.652542230457,0.010179895510678804
2007-04-09,3228.571033618217,-0.0021885874703216584
2007-04-10,3250.2607055132703,0.006718040789316683
2007-04-11,3201.888903017017,-0.014882437711597264
2007-04-12,3256.24402900802,0.01697595626749764
2007-04-13,3286.3956170570036,0.00925962175450618
2007-04-16,3354.916552509313,0.020849874280708298
2007-04-17,3350.8701830409773,-0.0012061013754005817
2007-04-18,3333.3270782126147,-0.005235387785880081
2007-04-19,3319.284086701061,-0.004212905359135539
2007-04-20,3374.6693936131096,0.016685919452918672
2007-04-23,3366.287791224165,-0.0024836810399286547
2007-04-24,3368.2379998715965,0.0005793350920606115
2007-04-25,3430.174111833934,0.018388282527748646
2007-04-26,3447.48644592783,0.0050470715274101045
2007-04-27,3454.5295226651574,0.0020429599500374255
2007-04-30,3366.606429573509,-0.025451539063361617
2007-05-01,3383.4080556657677,0.00499067130172009
2007-05-02,3453.3624258232353,0.020675711887699687
2007-05-03,3473.5577417964773,0.005848015204609626
2007-05-04,3491.2913029449574,0.0051053019603203315
2007-05-07,3486.8801174330024,-0.00126348251382919
2007-05-08,3488.666101125057,0.0005122010599462678
2007-05-09,3500.7348513128145,0.003459416819473021
2007-05-10,3384.5793966842875,-0.03318030629625298
2007-05-11,3460.294010980662,0.022370464811831053
2007-05-14,3416.528716058974,-0.01264785442589738
2007-05-15,3359.39901543366,-0.016721563134178476
2007-05-16,3417.9081997508542,0.017416562917472147
2007-05-17,3395.9570060652663,-0.006422405870113198
2007-05-18,3446.5882704327755,0.014909277201413513
2007-05-21,3500.251102302056,0.015569841146863168
2007-05-22,3524.921778655779,0.007048259005617335
2007-05-23,3494.6509476817755,-0.008587660343925963
2007-05-24,3388.1402999357524,-0.030478193485011216
2007-05-25,3439.218300047827,0.01507552686441101
2007-05-29,3477.7011073351514,0.01118940524560153
2007-05-30,3532.8356096384955,0.01585372077751456
2007-05-31,3564.959737090879,0.009093015073993422
2007-06-01,3590.2997690950438,0.007108083645523374
2007-06-04,3601.1181543668936,0.0030132261837780613
2007-06-05,3581.3013102304612,-0.005502969713004634
2007-06-06,3514.937738189848,-0.018530574864236427
2007-06-07,3390.1030309143835,-0.03551548180189188
2007-06-08,3475.530057700212,0.025198947054652643
2007-06-11,3470.6273530584353,-0.0014106350859818878
2007-06-12,3409.849999345726,-0.017511921485650245
2007-06-13,3496.5070195072526,0.025413733794200376
2007-06-14,3542.4295098567272,0.013133819006588648
2007-06-15,3616.4472619239723,0.020894629479935343
2007-06-18,3614.9494527081524,-0.00041416592233755093
2007-06-19,3614.991724181072,1.169351701113241e-05
2007-06-20,3540.8283495591695,-0.020515503293082483
2007-06-21,3586.7422257184708,0.012966987277148838
2007-06-22,3509.5949440840727,-0.02150901201687119
2007-06-25,3476.2262724041943,-0.009507841278414732
2007-06-26,3467.965828383574,-0.0023762676458075347
2007-06-27,3551.6236059123435,0.02412301091437307
2007-06-28,3559.4661931014707,0.002208169575197071
2007-06-29,3545.0457432292856,-0.004051295640939993
2007-07-02,3623.048739136917,0.022003382059768973
2007-07-03,3657.4721566945386,0.009501229499281304
2007-07-05,3689.0243430444566,0.008626774175755659
2007-07-06,3716.0012381569527,0.007312745214967241
2007-07-09,3724.5563786322073,0.0023022437095574846
2007-07-10,3638.0495762969945,-0.02322606870216876
2007-07-11,3672.469491571744,0.009461090222356014
2007-07-12,3810.3890367826803,0.03755498732595568
2007-07-13,3824.83447713451,0.0037910670570338125
2007-07-16,3796.244408175545,-0.0074748512987637865
2007-07-17,3837.935955134374,0.010982313696410822
2007-07-18,3801.288825989742,-0.009548655728766358
2007-07-19,3858.7451586779875,0.015114961087779427
2007-07-20,3766.2791003754824,-0.023962727389383716
2007-07-23,3773.386750525956,0.0018871809446529806
2007-07-24,3630.707280440739,-0.03781204512506684
2007-07-25,3653.1655701100017,0.006185651426720491
2007-07-26,3518.040696256831,-0.03698843407447919
2007-07-27,3417.2282682657406,-0.02865584474288601
2007-07-30,3472.220761871083,0.01609271880255494
2007-07-31,3372.3470824589704,-0.028763631768129287
2007-08-01,3392.106942836005,0.005859379207974892
2007-08-02,3450.4673340393424,0.017204761579404898
2007-08-03,3276.678548614924,-0.050366738357430045
2007-08-06,3369.7502531432433,0.028404282918646852
2007-08-07,3407.133423404775,0.011093751006224124
2007-08-08,3543.437212671031,0.04000541579321152
2007-08-09,3389.835850625893,-0.04334812579601307
2007-08-10,3358.699938563307,-0.009185079583377758
2007-08-13,3350.5953428529983,-0.002413015708028898
2007-08-14,3236.5646096630394,-0.03403297668672296
2007-08-15,3131.8504597873925,-0.03235348664538134
2007-08-16,3111.7374590147033,-0.006422082098407342
2007-08-17,3248.4037648622784,0.0439196132860287
2007-08-20,3256.5633340324757,0.002511870371059959
2007-08-21,3289.2040161742757,0.010023045399022686
2007-08-22,3371.0294551432694,0.02487697283799562
2007-08-23,3341.3425839477954,-0.008806470424095448
2007-08-24,3432.97094083232,0.027422616682503165
2007-08-27,3390.6946640983224,-0.012314778500207142
2007-08-28,3229.844890485418,-0.04743858989015701
2007-08-29,3390.9917424856676,0.04989306219470828
2007-08-30,3396.2805937617636,0.0015596768372604269
2007-08-31,3478.1491410456956,0.024105354379230885
2007-09-04,3567.389849402558,0.025657527822407374
2007-09-05,3501.107979952813,-0.01857993441923522
2007-09-06,3523.2126593992207,0.006313624022160302
2007-09-07,3391.7782331089024,-0.037305277596479426
2007-09-10,3373.2339888168044,-0.0054674106081224055
2007-09-11,3473.9892344448963,0.02986903546036929
2007-09-12,3459.162147337409,-0.004268029089001025
2007-09-13,3482.775785931068,0.0068264040793332625
2007-09-14,3485.391525993828,0.0007510503757740078
2007-09-17,3429.2704395254614,-0.01610180263818839
2007-09-18,3614.857540704357,0.054118537587422515
2007-09-19,3654.8659404975283,0.011067766666504922
2007-09-20,3621.0464535299343,-0.009253277006102796
2007-09-21,3666.840271268782,0.012646570080371705
2007-09-24,3656.651110539374,-0.0027787304533673004
2007-09-25,3698.7364997575305,0.011509271173521718
2007-09-26,3741.2785551345564,0.011501780507969352
2007-09-27,3770.142131784151,0.007714896451637404
2007-09-28,3747.2139365895623,-0.006081520110685609
2007-10-01,3855.5279007006106,0.02890519888747737
2007-10-02,3872.320277857075,0.004355402836901448
2007-10-03,3822.050413120592,-0.012981845800291556
2007-10-04,3833.224037753001,0.0029234634357650155
2007-10-05,3963.914815618179,0.03409421849023663
2007-10-08,3982.7075285795477,0.004740947733620295
2007-10-09,4029.5349334733946,0.011757681064405903
2007-10-10,4051.222669663101,0.005382193366670211
2007-10-11,3937.2054761126756,-0.028143897002804587
2007-10-12,4031.871504610239,0.0240439644493815
2007-10-15,3956.876712345371,-0.018600491652354292
2007-10-16,3910.4964235633533,-0.011721438941302413
2007-10-17,3991.447454921493,0.020700960335970502
2007-10-18,4009.9884023771633,0.004645168867952711
2007-10-19,3797.1082319633597,-0.053087477831009595
2007-10-22,3876.027123005178,0.0207839456293329
2007-10-23,4003.1999207620315,0.03281008974422583
2007-10-24,3932.6845020797373,-0.01761476320894592
2007-10-25,3864.5041325521593,-0.017336852089589645
2007-10-26,4013.9181981295433,0.038663192081699126
2007-10-29,4050.524061542452,0.009119733289524135
2007-10-30,4047.9789637342633,-0.0006283379062854817
2007-10-31,4169.430513832613,0.030003009201982022
2007-11-01,3981.464178838743,-0.04508201644571543
2007-11-02,4025.330168876165,0.011017552354374223
2007-11-05,3980.4579880203105,-0.011147453494077482
2007-11-06,4065.462204041074,0.02135538580650625
2007-11-07,3845.076161551704,-0.054209344824385754
2007-11-08,3697.047051890665,-0.03849835567400071
2007-11-09,3509.9773907807794,-0.05059975122962477
2007-11-12,3391.7890253827586,-0.03367211586845299
2007-11-13,3626.413667265551,0.06917430303800079
2007-11-14,3546.4505877273223,-0.022050181494744827
2007-11-15,3476.8294229238213,-0.019631223692902645
2007-11-16,3526.1854806271203,0.014195708704568296
2007-11-19,3407.7322442240024,-0.03359245764407473
2007-11-20,3416.3710486651544,0.002535059629697701
2007-11-21,3324.7971793002157,-0.026804427288633734
2007-11-23,3413.4735227548736,0.026671203887787806
2007-11-26,3266.1365828836583,-0.043163346335935715
2007-11-27,3368.1187802186187,0.031224106753343733
2007-11-28,3582.066047282275,0.06352129512777152
2007-11-29,3595.7151017809056,0.0038103860505269527
2007-11-30,3575.9937273837236,-0.005484687701596406
2007-12-03,3510.763167087209,-0.01824124013333734
2007-12-04,3464.3141520130152,-0.013230460974879999
2007-12-05,3586.989852785389,0.03541125180610134
2007-12-06,3701.400637969099,0.03189604372448042
2007-12-07,3693.1503026673668,-0.002228976570950005
2007-12-10,3726.8395794131175,0.009122097392412858
2007-12-11,3543.853110362712,-0.04909963660931754
2007-12-12,3593.674123053977,0.01405843051044677
2007-12-13,3586.1478606533974,-0.0020943085385225872
2007-12-14,3497.728323108051,-0.024655853852394178
2007-12-17,3333.930802957742,-0.04682968630472711
2007-12-18,3389.4299993763816,0.016646775142844288
2007-12-19,3402.0606779999316,0.003726490479482937
2007-12-20,3505.931734455003,0.03053180595124974
2007-12-21,3641.303112194418,0.03861209743733309
2007-12-24,3698.2907144910464,0.015650331911611918
2007-12-26,3727.2150503605344,0.007821001133348876
2007-12-27,3596.5084594899936,-0.035068164595948886
2007-12-28,3589.851221167796,-0.0018510281283034898
2007-12-31,3529.1219348049826,-0.016916936837025175
2008-01-02,3415.24084083592,-0.032268959835573256
2008-01-03,3397.05727964885,-0.005324239792886702
2008-01-04,3141.1642291518488,-0.07532785862340616
2008-01-07,3128.1669263657213,-0.004137734240542143
2008-01-08,2980.617539497182,-0.047168002968422454
2008-01-09,3063.7707910874237,0.027897994455293094
2008-01-10,3098.370345506271,0.011293127579745252
2008-01-11,2977.4065559723394,-0.03904110098051119
2008-01-14,3071.045853786079,0.031449953526134916
2008-01-15,2920.592013831158,-0.04899107571755628
2008-01-16,2865.0276711565843,-0.019025027258663885
2008-01-17,2750.9157173353033,-0.039829267608858875
2008-01-18,2734.792964544867,-0.005860867597228106
2008-01-22,2623.2055522741493,-0.040802873825327636
2008-01-23,2678.46148086969,0.021064277081770146
2008-01-24,2781.4010306859027,0.03843234280255105
2008-01-25,2699.5998115831767,-0.029410077223762852
2008-01-28,2754.6493353305846,0.020391734919822838
2008-01-29,2773.7628048629845,0.006938621655850961
2008-01-30,2752.454489801443,-0.007682097050325985
2008-01-31,2848.2163940930996,0.03479145782300118
2008-02-01,2904.2368508804198,0.019668609766975854
2008-02-04,2830.82444154739,-0.025277693625702348
2008-02-05,2656.7174326950285,-0.06150399378252888
2008-02-06,2585.818238991028,-0.02668676496471775
2008-02-07,2618.232434730464,0.01253537284665599
2008-02-08,2645.230833166989,0.010311688938841232
2008-02-11,2680.1606122661283,0.01320481322884
2008-02-12,2680.1202620700087,-1.5055141074393131e-05
2008-02-13,2804.634043329211,0.04645828137690851
2008-02-14,2706.841331206011,-0.03486826110372545
2008-02-15,2681.9203647470026,-0.009206659500764032
2008-02-19,2645.904569807813,-0.013429106774610363
2008-02-20,2693.8675169461176,0.018127239994066915
2008-02-21,2630.6217524262242,-0.023477681854076907
2008-02-22,2638.7946485428074,0.003106830584460023
2008-02-25,2694.100219090059,0.02095864889592396
2008-02-26,2734.6423915708533,0.015048501979814076
2008-02-27,2755.1495281020225,0.007499019467546994
2008-02-28,2703.16099597912,-0.018869586420856295
2008-02-29,2563.833370258231,-0.051542481534816206
2008-03-03,2534.774712710776,-0.011334066357256303
2008-03-04,2538.551103744194,0.001489833007438978
2008-03-05,2566.7018781520073,0.011089307741842483
2008-03-06,2448.559314806261,-0.046028938674719626
2008-03-07,2430.899312098109,-0.007212405515914374
2008-03-10,2336.096016793706,-0.03899926863798333
2008-03-11,2522.227242268578,0.0796761880234431
2008-03-12,2495.6436838804425,-0.010539715828390358
2008-03-13,2539.5589966472985,0.01759678797518584
2008-03-14,2424.8608169103295,-0.04516460530682402
2008-03-17,2347.1054628209513,-0.03206590396740848
2008-03-18,2543.869793552978,0.08383276075525754
2008-03-19,2413.107620979794,-0.05140285595771435
2008-03-20,2518.265144396364,0.04357763512174944
2008-03-24,2671.383086935835,0.06080294717186102
2008-03-25,2704.22509505275,0.012294009151112104
2008-03-26,2665.672652336851,-0.014256373401174593
2008-03-27,2565.8344525827442,-0.03745328582134195
2008-03-28,2521.6292719151174,-0.017228383781007422
2008-03-31,2561.613962358208,0.01585668872439886
2008-04-01,2749.657829208907,0.07340835489418825
2008-04-02,2746.521705800339,-0.0011405504260397846
2008-04-03,2750.9474527031816,0.0016114006648830469
2008-04-04,2768.8329363049993,0.006501572243498406
2008-04-07,2754.4871396571475,-0.005181170904083592
2008-04-08,2717.0573968640947,-0.013588643146728101
2008-04-09,2655.4287634577454,-0.02268212422655414
2008-04-10,2723.0861815635844,0.02547890534172696
2008-04-11,2580.760308415646,-0.05226638587920705
2008-04-14,2548.278835067434,-0.012586009340849049
2008-04-15,2571.1714609013115,0.008983563932975785
2008-04-16,2715.299629547499,0.056055448202456434
2008-04-17,2696.1722636915483,-0.007044292883116698
2008-04-18,2836.960342009371,0.05221776079138884
2008-04-21,2848.950287936148,0.004226335401743758
2008-04-22,2775.367742575671,-0.02582794991968156
2008-04-23,2841.3911641095556,0.023789071452063458
2008-04-24,2897.416919456632,0.019717719986869154
2008-04-25,2883.132516521922,-0.004930047463583145
2008-04-28,2886.6498352216186,0.0012199642852142984
2008-04-29,2890.704408095531,0.0014045946357747541
2008-04-30,2859.016757960735,-0.010961912966975717
2008-05-01,3019.961193544663,0.056293631415691776
2008-05-02,3010.9105039867395,-0.0029969555824988082
2008-05-05,2979.641935487876,-0.010385087320749272
2008-05-06,3026.0579809719884,0.015577725944615083
2008-05-07,2916.8330304134156,-0.036094797669239974
2008-05-08,2947.341578363675,0.010459476984850004
2008-05-09,2933.592701839873,-0.004664839876291287
2008-05-12,3036.7036968289895,0.035148367707776226
2008-05-13,3052.891508968241,0.005330718356274123
2008-05-14,3056.7645840393498,0.0012686579459935815
2008-05-15,3147.4445482628316,0.029665341157431798
2008-05-16,3135.3273820337663,-0.003849842640040551
2008-05-19,3103.7076486222563,-0.010084986209956586
2008-05-20,3044.923727050803,-0.018939902924667493
2008-05-21,2937.44063857184,-0.03529910701016705
2008-05-22,2976.5846190474163,0.0133258796659829
2008-05-23,2928.4987121220156,-0.016154725324351582
2008-05-27,3016.1395757216656,0.029926891631154244
2008-05-28,3029.4202749388724,0.004403211086154468
2008-05-29,3082.103991844458,0.01739069264882646
2008-05-30,3117.3513449074308,0.011436133613999028
2008-06-02,3040.4346270755473,-0.024673740403864344
2008-06-03,3013.4724603944005,-0.008867865942929546
2008-06-04,3068.537169802609,0.018272843084486613
2008-06-05,3183.285792778856,0.03739522014120771
2008-06-06,2995.0874729625457,-0.05912077396356618
2008-06-09,2958.5544967856335,-0.012197632458719531
2008-06-10,2933.2513482036675,-0.008552537602216546
2008-06-11,2801.6714435151707,-0.04485803944795819
2008-06-12,2825.879039165447,0.008640412032005943
2008-06-13,2943.7697450862956,0.04171824210694627
2008-06-16,2992.4341089388286,0.016531307835391165
2008-06-17,2951.2078924768266,-0.013776816785657354
2008-06-18,2883.9222931035947,-0.02279934244712327
2008-06-19,2960.7236761567515,0.02663087810542405
2008-06-20,2826.1179090264523,-0.04546380610061779
2008-06-23,2778.331496453246,-0.016908853102193377
2008-06-24,2737.6712201442956,-0.014634782192426136
2008-06-25,2813.9252802312735,0.027853622277900433
2008-06-26,2626.6926557131924,-0.06653788067275637
2008-06-27,2613.708468029656,-0.004943169752005358
2008-06-30,2562.5943842370684,-0.01955615341871706
2008-07-01,2589.3996145491706,0.010460192403833281
2008-07-02,2469.179177462049,-0.04642791958863117
2008-07-03,2455.848686396695,-0.0053987540422464255
2008-07-07,2451.3639737820376,-0.001826135559368558
2008-07-08,2563.091000142645,0.045577493817954534
2008-07-09,2430.0514420014692,-0.05190590507078043
2008-07-10,2479.986710865387,0.020549058345361318
2008-07-11,2438.75878964956,-0.016624250861989563
2008-07-14,2381.6800212725966,-0.02340484373412151
2008-07-15,2387.7985290962624,0.002568988180199122
2008-07-16,2536.8236022815745,0.062411075042296586
2008-07-17,2597.783527523539,0.02403002131765797
2008-07-18,2531.4599493859223,-0.02553083327956999
2008-07-21,2524.2684565033283,-0.0028408479795773893
2008-07-22,2578.3797575839662,0.0214364288161308
2008-07-23,2627.4470822061744,0.01903029391922699
2008-07-24,2524.0440054131586,-0.03935496075003421
2008-07-25,2591.398394779666,0.026685108984651915
2008-07-28,2487.5364856051765,-0.040079483488034064
2008-07-29,2609.2699539556797,0.04893735993620509
2008-07-30,2631.9980226093326,0.008710508707309857
2008-07-31,2622.5816718775973,-0.0035776435433641086
2008-08-01,2589.6803787819904,-0.012545383599837192
2008-08-04,2532.770471362475,-0.021975649151839326
2008-08-05,2675.2191358041155,0.05624223199546843
2008-08-06,2740.2090494746376,0.024293304724357544
2008-08-07,2688.046257122499,-0.019036063092390556
2008-08-08,2821.2603186549654,0.04955794982303227
2008-08-11,2881.698502445118,0.021422405933446936
2008-08-12,2859.642821270531,-0.007653708795653872
2008-08-13,2854.966552476576,-0.0016352632430777882
2008-08-14,2913.8678955240744,0.020631184977072066
2008-08-15,2911.142888304198,-0.0009351855738079806
2008-08-18,2826.7899699938926,-0.02897587701696185
2008-08-19,2750.4944095570463,-0.02699017657721882
2008-08-20,2761.3899966418485,0.003961319480215486
2008-08-21,2741.2844472787183,-0.007280952486820345
2008-08-22,2820.360415442656,0.02884631992219448
2008-08-25,2705.6354384624333,-0.04067741709607586
2008-08-26,2697.360627283676,-0.003058361470701221
2008-08-27,2744.1655250489644,0.017352109796465138
2008-08-28,2811.391749395344,0.024497875121866138
2008-08-29,2708.53129420598,-0.03658702321065229
2008-09-02,2666.7289700335,-0.015433576219666614
2008-09-03,2631.5225887662273,-0.013202084524859044
2008-09-04,2463.0868996403406,-0.06400693265751385
2008-09-05,2456.201431922161,-0.0027954627663299377
2008-09-08,2486.4426173985003,0.012312176470263453
2008-09-09,2355.1017998551542,-0.05282278248623502
2008-09-10,2395.370927779175,0.017098678250977276
2008-09-11,2458.8314063391667,0.026492965170462512
2008-09-12,2465.478680905193,0.002703428363932816
2008-09-15,2288.080080632332,-0.0719530051696614
2008-09-16,2346.8428851645303,0.025682145056723244
2008-09-17,2115.0230077402935,-0.09877946192720297
2008-09-18,2317.0726139712333,0.09553068949675927
2008-09-19,2474.703099487593,0.06803001535899078
2008-09-22,2268.1149748756634,-0.083479963578138
2008-09-23,2214.721416587805,-0.023540939890309216
2008-09-24,2219.5602544615435,0.002184851709789143
2008-09-25,2283.1758610439047,0.028661355984586356
2008-09-26,2276.4354393427557,-0.0029522131063820936
2008-09-29,1860.2080242788861,-0.1828417392693734
2008-09-30,2063.0436226487127,0.10903920191853633
2008-10-01,2018.707901583422,-0.02149044284791646
2008-10-02,1837.8928994286555,-0.08956967078443588
2008-10-03,1783.3566694630365,-0.029673236118694758
2008-10-06,1628.731846417753,-0.08670437366398528
2008-10-07,1439.7529935951584,-0.11602821743691975
2008-10-08,1415.8816807393698,-0.016580144623405405
2008-10-09,1260.9646226914838,-0.10941384450075566
2008-10-10,1267.6971429199195,0.00533918248560019
2008-10-13,1567.0323365341699,0.23612516229608574
2008-10-14,1456.1688080903969,-0.07074744142738731
2008-10-15,1209.5005096400928,-0.16939540050564755
2008-10-16,1342.2835548133085,0.10978337265250719
2008-10-17,1332.252827179901,-0.007472882758220593
2008-10-20,1423.7206743072002,0.06865652319231137
2008-10-21,1305.7258862740732,-0.0828777653949182
2008-10-22,1181.1650088250888,-0.09539588573557548
2008-10-23,1163.856752043027,-0.014653546839554861
2008-10-24,1088.5671807288961,-0.06468972335467238
2008-10-27,1023.864739746332,-0.05943816985116146
2008-10-28,1219.0940986069954,0.19067885755010247
2008-10-29,1230.5377574592128,0.009387018496187938
2008-10-30,1291.8887551716596,0.04985706236200589
2008-10-31,1326.0119482095538,0.026413414391365415
2008-11-03,1334.3113482495785,0.006258917991825766
2008-11-04,1417.4647718323654,0.0623193557424751
2008-11-05,1260.6335772255954,-0.11064204043958947
2008-11-06,1151.278071579409,-0.08674646433490707
2008-11-07,1206.6724713811652,0.04811556926969174
2008-11-10,1161.7652717226974,-0.03721573229151957
2008-11-11,1110.2596312587564,-0.044333947413978954
2008-11-12,995.5209494751739,-0.10334400941291318
2008-11-13,1124.995764219433,0.1300573481778728
2008-11-14,1012.4775095384339,-0.10001660295945104
2008-11-17,966.0270602532487,-0.0458780060273744
2008-11-18,967.6196080261374,0.0016485539985506342
2008-11-19,841.260428014698,-0.13058765961677998
2008-11-20,755.9481367889512,-0.10141008465960594
2008-11-21,834.3291791189687,0.10368574048341135
2008-11-24,940.0097165992394,0.1266652780762944
2008-11-25,930.701203699617,-0.009902570936499018
2008-11-26,1016.3181159738185,0.09199183576196854
2008-11-28,1020.9262059964684,0.004534102020049662
2008-12-01,838.0987044009258,-0.179080035874968
2008-12-02,900.1215309370543,0.07400420285873412
2008-12-03,952.9958598274533,0.05874132222496134
2008-12-04,893.2018237170105,-0.06274322757421934
2008-12-05,971.9851704949735,0.08820329816402575
2008-12-08,1052.4005180622555,0.0827331012944685
2008-12-09,1019.7274743258018,-0.031046206435372533
2008-12-10,1043.638936353557,0.023448874949225526
2008-12-11,966.8422769715211,-0.07358546783465275
2008-12-12,1008.9579541998826,0.043560028591511354
2008-12-15,966.5557503412504,-0.04202573921155888
2008-12-16,1071.0735842087743,0.10813430454541624
2008-12-17,1056.8209032813427,-0.013306911063407784
2008-12-18,1020.7685373260579,-0.034113978861834766
2008-12-19,1036.486331197043,0.015397999934596802
2008-12-22,994.1277959166213,-0.040867432599426254
2008-12-23,980.103771890019,-0.014106862401600672
2008-12-24,984.434618891941,0.00441876373312043
2008-12-26,991.3336445309146,0.007008109534728856
2008-12-29,965.5306430417414,-0.026028574366991065
2008-12-30,1017.1617160501963,0.05347429766268199
2008-12-31,1051.705588910954,0.03396104308260565
2009-01-02,1125.3416009508599,0.0700158036776777
2009-01-05,1119.6924174608516,-0.005019972144666864
2009-01-06,1153.2243235957824,0.02994742628602583
2009-01-07,1078.8376178307383,-0.0645032403870086
2009-01-08,1103.094917433727,0.022484662382985677
2009-01-09,1041.1629907040376,-0.056143787584272194
2009-01-12,997.8097459125098,-0.04163924878103114
2009-01-13,1007.7906813906512,0.01000284424864342
2009-01-14,933.7684716594849,-0.07344998430529531
2009-01-15,961.6319657346432,0.029839831736489915
2009-01-16,983.9142685412597,0.023171341636499927
2009-01-20,870.211331731784,-0.11556183342889258
2009-01-21,950.2163156910686,0.091937419155493
2009-01-22,897.8157380126515,-0.05514594604735606
2009-01-23,912.3045100472258,0.016137801356262377
2009-01-26,927.4287241901227,0.01657803285672025
2009-01-27,946.6880045124334,0.020766318553621328
2009-01-28,1013.955207447289,0.07105530292369105
2009-01-29,948.2726245156703,-0.0647785843488883
2009-01-30,908.7850951869915,-0.04164153673512085
2009-02-02,931.0492118976441,0.024498769652545306
2009-02-03,958.3314275891746,0.029302656984075606
2009-02-04,956.7839354238121,-0.001614777644572811
2009-02-05,996.2106393242685,0.0412075312311679
2009-02-06,1054.835255349634,0.058847610847772874
2009-02-09,1054.7439501433746,-8.655873587502371e-05
2009-02-10,966.2018612707848,-0.08394652451958043
2009-02-11,973.5474357753055,0.00760252572362012
2009-02-12,987.8418187715073,0.01468278018196225
2009-02-13,978.4564378436594,-0.009500894525319553
2009-02-17,897.346830380823,-0.08289547119909327
2009-02-18,894.0946221393863,-0.003624248876052183
2009-02-19,863.4888397910934,-0.03423103281290241
2009-02-20,861.6150305572653,-0.0021700445303744786
2009-02-23,797.7227437460801,-0.07415409962133751
2009-02-24,859.9594799294621,0.07801800396353283
2009-02-25,840.4255905048044,-0.02271489515559498
2009-02-26,800.4088881614827,-0.047614807063746926
2009-02-27,784.7554357145367,-0.01955681986853182
2009-03-02,722.1957753669152,-0.07971867093938578
2009-03-03,720.2112536899778,-0.002747899869573716
2009-03-04,755.9243447443534,0.04958696614555926
2009-03-05,695.4756311646763,-0.07996661835268759
2009-03-06,689.3557359051282,-0.008799582595438175
2009-03-09,662.5625115164113,-0.03886705077391911
2009-03-10,756.2161586094883,0.1413506581873025
2009-03-11,771.1180866571023,0.01970591064202489
2009-03-12,832.3776844369339,0.07944256377826654
2009-03-13,838.7096431352251,0.00760707406827523
2009-03-16,806.5942968857682,-0.03829137593959782
2009-03-17,873.3658517919158,0.08278208160403588
2009-03-18,908.1722216562578,0.039853138055407626
2009-03-19,898.7755548873081,-0.010346789457854966
2009-03-20,867.0471066525218,-0.035301859359942664
2009-03-23,984.3466155812931,0.13528620074823713
2009-03-24,934.7125545671332,-0.050423357208222046
2009-03-25,950.0668595682354,0.016426766631173328
2009-03-26,1022.2419543451281,0.07596843743154374
2009-03-27,968.4270118760669,-0.05264403621893633
2009-03-30,914.1253334816753,-0.056072040255462016
2009-03-31,946.7698095054809,0.0357111599778895
2009-04-01,975.3055925217551,0.030140148882840986
2009-04-02,1039.4916578570742,0.06581123478371446
2009-04-03,1064.4857205229505,0.02404450528963537
2009-04-06,1044.6942142453804,-0.01859255215546454
2009-04-07,986.081026794,-0.056105592097797564
2009-04-08,1022.8018605387505,0.037239164680147256
2009-04-09,1102.4148697972375,0.07783815451465036
2009-04-13,1103.5920164725542,0.0010677891849673782
2009-04-14,1066.7966049967445,-0.03334149842205286
2009-04-15,1068.250237712702,0.0013626146813263552
2009-04-16,1125.5995857200455,0.05368531265683378
2009-04-17,1129.182193111349,0.0031828435588948487
2009-04-20,1041.7471360723132,-0.07743219612604527
2009-04-21,1087.9554371006504,0.04435654241638331
2009-04-22,1090.9971230785331,0.0027957817702428216
2009-04-23,1099.1067121548383,0.007433190156745687
2009-04-24,1155.1301677786312,0.05097180738161157
2009-04-27,1134.9581736970154,-0.017462961875896153
2009-04-28,1127.42768517866,-0.006635036156288904
2009-04-29,1178.8324114984391,0.04559469932799541
2009-04-30,1186.2541921877778,0.006295874304902068
2009-05-01,1188.9194069812856,0.00224674847183667
2009-05-04,1250.395238061508,0.05170731566768858
2009-05-05,1237.0514632476636,-0.01067164557866613
2009-05-06,1244.1175425192403,0.00571203339675612
2009-05-07,1183.534627516881,-0.04869549132767913
2009-05-08,1214.9658390003544,0.026557069605489914
2009-05-11,1204.2464972708585,-0.008822751541982077
2009-05-12,1182.974296278926,-0.017664324571539908
2009-05-13,1111.6880124942682,-0.06026021360640757
2009-05-14,1145.1527728288063,0.030102654664283156
2009-05-15,1132.8941699452407,-0.01070477509588855
2009-05-18,1203.4320177354398,0.06226340435100704
2009-05-19,1206.5016966213545,0.0025507704969419285
2009-05-20,1197.2219870705383,-0.007691418567253523
2009-05-21,1152.0993755335014,-0.03768942771210415
2009-05-22,1147.734678773087,-0.003788472464359533
2009-05-26,1227.1462757090396,0.06918985581305473
2009-05-27,1200.0571681321048,-0.022074880650461072
2009-05-28,1228.812016214129,0.023961231885961803
2009-05-29,1260.4756150561648,0.025767650726259056
2009-06-01,1337.8240443246293,0.061364478887612685
2009-06-02,1349.7503380579465,0.008914695309828873
2009-06-03,1333.8061188987006,-0.011812717292730528
2009-06-04,1369.0607809858266,0.026431624197552104
2009-06-05,1368.2192617186838,-0.0006146690335668103
2009-06-08,1357.9717763542076,-0.007489651440518244
2009-06-09,1384.1542970708788,0.019280607426882167
2009-06-10,1373.7092711356445,-0.00754614276554118
2009-06-11,1387.5295048456899,0.01006052299451986
2009-06-12,1382.2570980260668,-0.0037998520400540654
2009-06-15,1319.3085125156565,-0.04554043209494399
2009-06-16,1290.0092176934156,-0.02220806926074704
2009-06-17,1307.1173786506902,0.013262045513026982
2009-06-18,1306.6701862009454,-0.00034212111096437465
2009-06-19,1335.2662734435626,0.021884701697953587
2009-06-22,1245.8521988976192,-0.06696347861415708
2009-06-23,1244.102833952276,-0.001404151268417943
2009-06-24,1282.8021486428759,0.031106202505511348
2009-06-25,1336.0948220559962,0.04154395396788255
2009-06-26,1348.8180476008151,0.009522696544277013
2009-06-29,1357.5258694542638,0.0064558906732733266
2009-06-30,1344.2916357206145,-0.009748789346437612
2009-07-01,1359.9849579032525,0.011674045843650076
2009-07-02,1287.5269233800793,-0.053278555841444704
2009-07-06,1274.6296735085273,-0.010017071983002635
2009-07-07,1215.8691475986654,-0.04610007685457259
2009-07-08,1217.3030664103997,0.0011793364562018747
2009-07-09,1224.8412196116699,0.006192503255166086
2009-07-10,1229.7471112118883,0.004005328626818946
2009-07-13,1281.9467227939278,0.04244743582328733
2009-07-14,1291.3124309227214,0.007305848177825725
2009-07-15,1382.0056823091472,0.07023339140444895
2009-07-16,1414.8872300405412,0.023792628461883944
2009-07-17,1417.307166137749,0.001710338496120656
2009-07-20,1451.5281082942831,0.024145042778403864
2009-07-21,1462.084005891636,0.007272265371255858
2009-07-22,1477.6686053829194,0.010659168302562357
2009-07-23,1550.1609110791426,0.04905856795775774
2009-07-24,1538.211922924055,-0.007708224397665496
2009-07-27,1541.38884611007,0.0020653351717464766
2009-07-28,1553.3782431580407,0.007778307906034006
2009-07-29,1541.2430929645686,-0.007812102587970521
2009-07-30,1567.2052801755322,0.01684496581329382
2009-07-31,1558.0968121690253,-0.005811917635631442
2009-08-03,1605.6797141149627,0.030539117707132395
2009-08-04,1610.0510148464366,0.0027223989274120573
2009-08-05,1580.8715004080686,-0.01812334775066178
2009-08-06,1549.3720252788844,-0.019925386168991914
2009-08-07,1591.9680823521148,0.027492465578474
2009-08-10,1579.3802616690052,-0.00790708106692142
2009-08-11,1543.7435891637663,-0.02256370639175892
2009-08-12,1589.2369084335703,0.029469478991940287
2009-08-13,1606.1953061049492,0.010670780159575984
2009-08-14,1568.1523445398607,-0.023685140543302455
2009-08-17,1481.9402644142353,-0.054976852488730805
2009-08-18,1520.4889440112756,0.02601230327747213
2009-08-19,1541.2499457144386,0.013654161567523497
2009-08-20,1572.5774922669334,0.02032606498355671
2009-08-21,1622.7201527540713,0.03188565316094853
2009-08-24,1618.1961975845227,-0.00278788376533723
2009-08-25,1628.2747858666312,0.006228285727745921
2009-08-26,1628.6518594717436,0.00023157860601015032
2009-08-27,1634.0168822477774,0.0032941495414335353
2009-08-28,1635.7485319596663,0.001059750196403541
2009-08-31,1604.1318444997826,-0.019328574559077296
2009-09-01,1540.0389525101336,-0.03995487790446249
2009-09-02,1537.244113198519,-0.0018147848189548974
2009-09-03,1562.5071814759888,0.016433999037996336
2009-09-04,1618.6252150179507,0.035915376394591206
2009-09-08,1649.2969215559199,0.018949233122893847
2009-09-09,1685.9685630252018,0.022234711645909358
2009-09-10,1724.6975836044903,0.022971377657122743
2009-09-11,1719.5920639592841,-0.0029602405046199837
2009-09-14,1737.749118943098,0.010558931600328465
2009-09-15,1755.852074749003,0.01041747373574575
2009-09-16,1806.8677112326516,0.029054632344778515
2009-09-17,1796.0869572179768,-0.005966543066575691
2009-09-18,1806.4680326213938,0.0057798289563310064
2009-09-21,1815.4267511332976,0.004959245527806808
2009-09-22,1829.5156891596505,0.00776067556433092
2009-09-23,1804.2102858860528,-0.0138317498032614
2009-09-24,1763.9620705391478,-0.02230794030039522
2009-09-25,1736.0846394815912,-0.015803872159811272
2009-09-28,1802.3864318833173,0.03819041473780014
2009-09-29,1791.1126447339248,-0.006254922335168999
2009-09-30,1788.441339216011,-0.001491422399237535
2009-10-01,1679.0596866082046,-0.06116032447323963
2009-10-02,1663.8234676919255,-0.009074256881872411
2009-10-05,1696.552837323392,0.019671179224842274
2009-10-06,1754.722217466048,0.034286807261734546
2009-10-07,1766.0597262755496,0.006461141653448534
2009-10-08,1788.8824314382082,0.012922952051451454
2009-10-09,1814.8003139609182,0.014488309610080236
2009-10-12,1814.7477440061248,-2.8967349404253573e-05
2009-10-13,1816.0819265479354,0.0007351889794144644
2009-10-14,1871.0362484365799,0.030259825333487707
2009-10-15,1872.9258606838102,0.0010099281875534387
2009-10-16,1844.5675594778165,-0.01514117659502015
2009-10-19,1878.1438686354115,0.018202808015934293
2009-10-20,1856.028813690154,-0.011774952555325598
2009-10-21,1834.2327183178386,-0.011743403556855537
2009-10-22,1859.1297889005016,0.013573561486514021
2009-10-23,1840.612726499526,-0.009960069765719153
2009-10-26,1819.237211606231,-0.011613260402663212
2009-10-27,1775.5391348189912,-0.024019999430782476
2009-10-28,1680.8185611262413,-0.05334749982990729
2009-10-29,1742.8002566015737,0.03687589898686104
2009-10-30,1655.7173740466733,-0.049967219263962165
2009-11-02,1662.5086344054453,0.004101702660867611
2009-11-03,1675.7405680951754,0.007959016522318436
2009-11-04,1672.8652038726739,-0.0017158767157913549
2009-11-05,1753.980538564302,0.048488864795469724
2009-11-06,1765.9037298938915,0.006797789979670445
2009-11-09,1835.668559744603,0.03950658728995583
2009-11-10,1830.6518693175576,-0.0027328955439228724
2009-11-11,1857.640919065269,0.0147428630205765
2009-11-12,1827.0476805231506,-0.016468865553151277
2009-11-13,1859.1784318637567,0.017586159180807987
2009-11-16,1910.7725848885086,0.02775104967898675
2009-11-17,1921.1483766447022,0.005430155235767723
2009-11-18,1902.6627725260335,-0.009622163672206346
2009-11-19,1839.7084409642464,-0.03308748795153379
2009-11-20,1821.3808506142414,-0.009962225503732023
2009-11-23,1872.4385848813452,0.028032431684941194
2009-11-24,1860.7478796156431,-0.006243572077661909
2009-11-25,1872.5974261647286,0.006368163402950263
2009-11-27,1807.9941721891153,-0.03449927521684552
2009-11-30,1818.5946714802917,0.005863126913922265
2009-12-01,1871.5878533867806,0.029139633332013287
2009-12-02,1887.513151971713,0.008508977313629238
2009-12-03,1867.0351949320648,-0.010849173166426213
2009-12-04,1903.5434139104475,0.019554113965008182
2009-12-07,1895.513757405216,-0.004218268123833395
2009-12-08,1866.802764951373,-0.01514681301661746
2009-12-09,1885.3195251482164,0.009918969772538241
2009-12-10,1897.6949207386651,0.00656408392602613
2009-12-11,1896.8065844383887,-0.00046811333611550146
2009-12-14,1934.740145490553,0.019998644755546236
2009-12-15,1915.4768391498742,-0.009956534155544011
2009-12-16,1925.741312513235,0.0053587039809452845
2009-12-17,1878.9308662961166,-0.0243077540648631
2009-12-18,1933.5341563791699,0.029060829784914328
2009-12-21,1979.1389215909971,0.023586221666354632
2009-12-22,2005.7578908953312,0.013449773037122269
2009-12-23,2036.0459142582781,0.015100538056179244
2009-12-24,2064.9113133281357,0.014177184742110008
2009-12-28,2074.930656430709,0.004852190521647469
2009-12-29,2070.1468303451597,-0.0023055354022184916
2009-12-30,2075.4278061226955,0.002551015077831588
2009-12-31,2035.4078688597062,-0.01928274119915276
2010-01-04,2106.114084810591,0.03473810681025631
2010-01-05,2106.707880585465,0.00028193903604585314
2010-01-06,2092.865958724726,-0.00657040398827943
2010-01-07,2091.0383959335377,-0.0008732345153639498
2010-01-08,2122.2310802820666,0.014917317830791551
2010-01-11,2113.707340560469,-0.004016405094050613
2010-01-12,2058.745114405699,-0.026002760694485004
2010-01-13,2104.9749228349187,0.022455333642681184
2010-01-14,2121.1649770967024,0.00769132880689113
2010-01-15,2068.584111454218,-0.024788673304635318
2010-01-19,2127.4421208530634,0.028453283128752335
2010-01-20,2074.055463824535,-0.025094293520484263
2010-01-21,2027.8630300453888,-0.022271551838815185
2010-01-22,1919.7880737518751,-0.05329499808036573
2010-01-25,1929.5581248491535,0.005089130009118373
2010-01-26,1917.2761210290375,-0.006365189864947071
2010-01-27,1948.09865026412,0.01607620774963778
2010-01-28,1873.7742627436087,-0.038152270938863635
2010-01-29,1819.3985740496214,-0.02901933801479888
2010-02-01,1859.9811337286028,0.022305480644987323
2010-02-02,1892.351438682835,0.017403566287439172
2010-02-03,1893.8784137184232,0.0008069193725723079
2010-02-04,1780.7313672638215,-0.05974356412482136
2010-02-05,1807.0768537033716,0.014794756201791033
2010-02-08,1781.8054439415482,-0.013984690086662858
2010-02-09,1823.4625372007972,0.023379148043851064
2010-02-10,1818.4318156905845,-0.0027588839406239634
2010-02-11,1868.5059819576652,0.027537005146417402
2010-02-12,1879.066857021974,0.005652042415857841
2010-02-16,1932.0672649063888,0.02820570629850394
2010-02-17,1953.2430885003864,0.010960189626225829
2010-02-18,1980.3606023152001,0.013883327668975978
2010-02-19,1984.2377230435327,0.0019577852254787317
2010-02-22,1981.1661847292482,-0.001547968914517579
2010-02-23,1930.6999621228981,-0.025472988079113117
2010-02-24,1969.9412218820153,0.02032488762053392
2010-02-25,1967.041339098958,-0.0014720656387335826
2010-02-26,1974.2154527726561,0.0036471595848538057
2010-03-01,2036.686241550251,0.031643349103492646
2010-03-02,2049.6842303515,0.00638192988987611
2010-03-03,2049.549416727279,-6.577287477968065e-05
2010-03-04,2070.515072603941,0.010229397596150823
2010-03-05,2132.0714523604834,0.029729983891944107
2010-03-08,2143.008957072318,0.005129989757015552
2010-03-09,2158.6404539751325,0.007294181786421115
2010-03-10,2192.4049000030345,0.0156415330611102
2010-03-11,2210.149335754054,0.008093594276766577
2010-03-12,2208.7240999251103,-0.0006448595150957379
2010-03-15,2198.7591170170103,-0.004511646750464643
2010-03-16,2228.2400537278804,0.013407988388862615
2010-03-17,2249.072763516283,0.00934940100082525
2010-03-18,2253.2650777954204,0.0018640189624559175
2010-03-19,2221.5415541788507,-0.014078913275311545
2010-03-22,2261.023315846652,0.0177722363975295
2010-03-23,2298.54673425577,0.01659576800740206
2010-03-24,2267.2497403029547,-0.013615992003290162
2010-03-25,2264.767336227956,-0.0010948966189611954
2010-03-26,2260.5291237862643,-0.0018713677002914206
2010-03-29,2278.1598061792865,0.007799360869764914
2010-03-30,2290.2252125074065,0.005296119392236463
2010-03-31,2266.10775165707,-0.01053060664891205
2010-04-01,2274.909224008538,0.0038839602154981507
2010-04-05,2326.224251907662,0.022556956276569128
2010-04-06,2340.2365279596265,0.006023613604953767
2010-04-07,2329.4561694393624,-0.004606525191563961
2010-04-08,2340.354930563208,0.00467867190069036
2010-04-09,2373.5419390617612,0.014180331395531732
2010-04-12,2381.1497955911022,0.0032052757965373843
2010-04-13,2396.955943996138,0.006638031943350349
2010-04-14,2472.5932051807285,0.03155554918480906
2010-04-15,2494.050059432804,0.0086778747944133
2010-04-16,2425.8589222288715,-0.027341527065996685
2010-04-19,2423.833588114182,-0.0008348936107252472
2010-04-20,2463.3912430394944,0.016320284989568643
2010-04-21,2471.9398472532307,0.0034702584243938767
2010-04-22,2500.5584658482753,0.011577392802193331
2010-04-23,2522.6323512493295,0.008827582199149213
2010-04-26,2508.5073573137975,-0.005599307377682897
2010-04-27,2406.2137258391626,-0.04077868505204416
2010-04-28,2406.793830350841,0.00024108602882967197
2010-04-29,2485.135975746398,0.032550418073880864
2010-04-30,2384.8340765788294,-0.04036072880778422
2010-05-03,2457.8237106619295,0.030605749389411418
2010-05-04,2311.358641842948,-0.05959136458144751
2010-05-05,2269.5548120688973,-0.018086258453045102
2010-05-06,2113.4578744654896,-0.06877865948569514
2010-05-07,2015.1223488023415,-0.046528263870893524
2010-05-10,2209.256394543042,0.09633858998987391
2010-05-11,2210.5150238080555,0.0005697071956529182
2010-05-12,2303.1052624554873,0.041886274307209426
2010-05-13,2244.9387166087226,-0.025255704459095994
2010-05-14,2155.9173750100463,-0.03965424131183184
2010-05-17,2169.6750085383637,0.006381336171685777
2010-05-18,2101.5979582330683,-0.03137661172175115
2010-05-19,2067.3985430556268,-0.016273053103931838
2010-05-20,1897.7071317122925,-0.08207968024033205
2010-05-21,1940.8682610852377,0.022743830516145525
2010-05-24,1914.0720418350645,-0.013806305037514573
2010-05-25,1909.6342989287868,-0.002318482695156532
2010-05-26,1883.6604764824522,-0.013601464144681857
2010-05-27,2024.056935214489,0.07453384539564853
2010-05-28,1987.4356328252502,-0.018093019890943952
2010-06-01,1926.5518180166098,-0.030634358065770743
2010-06-02,2028.4550830972314,0.05289412105485509
2010-06-03,2067.573447681267,0.019284806900582797
2010-06-04,1917.0642025964833,-0.07279511412451944
2010-06-07,1839.026303298316,-0.040706982683455434
2010-06-08,1833.4486589072385,-0.003032933450203374
2010-06-09,1813.7054937791531,-0.010768321781015902
2010-06-10,1914.341003017921,0.055486135750229905
2010-06-11,1957.3507813629394,0.022467145757842758
2010-06-14,1958.1591038433237,0.0004129676132049189
2010-06-15,2066.2863672308654,0.05521883445288876
2010-06-16,2066.4393805357176,7.405232269782816e-05
2010-06-17,2068.707296975415,0.0010974996223257541
2010-06-18,2073.505069456505,0.002319212818606424
2010-06-21,2036.5132544075268,-0.017840233715307168
2010-06-22,1988.0180674231622,-0.02381285114614843
2010-06-23,1974.7717066623418,-0.006663098780581012
2010-06-24,1910.3390195267068,-0.0326279168970554
2010-06-25,1920.8391913576588,0.005496496550415261
2010-06-28,1916.1264039135426,-0.002453504418964554
2010-06-29,1768.6866535310508,-0.07694677662254287
2010-06-30,1725.76587728048,-0.024267032356965368
2010-07-01,1712.9241070668434,-0.007441200676579149
2010-07-02,1697.3746924436175,-0.009077702017897501
2010-07-06,1700.9748721564315,0.0021210282731570283
2010-07-07,1807.5918570481244,0.06267992939632784
2010-07-08,1834.315846437413,0.014784305032735662
2010-07-09,1869.8712116053798,0.01938344764181275
2010-07-12,1873.2953661761776,0.0018312248188783156
2010-07-13,1947.778154836567,0.03976030155480793
2010-07-14,1961.4078989391962,0.006997585463613864
2010-07-15,1960.1429503716251,-0.0006449186669714587
2010-07-16,1838.1364648100812,-0.062243667248050784
2010-07-19,1870.6642316166544,0.01769605653839961
2010-07-20,1912.0115017232,0.022102988557605816
2010-07-21,1851.5737695211003,-0.031609502425916446
2010-07-22,1950.7726073491676,0.0535754175507275
2010-07-23,1991.7954863055768,0.021029041930291235
2010-07-26,2039.3016131809184,0.02385090598003967
2010-07-27,2024.835997691828,-0.007093416390980521
2010-07-28,1982.9723219015414,-0.02067509459433172
2010-07-29,1960.4938205388858,-0.011335761530498919
2010-07-30,1965.7954513619009,0.0027042323558856608
2010-08-02,2036.8765258453084,0.03615893730660669
2010-08-03,2015.925662852044,-0.01028577958822003
2010-08-04,2051.388402086058,0.01759129311536351
2010-08-05,2032.7324975322226,-0.00909428196769762
2010-08-06,2024.6570627801714,-0.003972699192763903
2010-08-09,2055.313227328769,0.015141410914548563
2010-08-10,2004.530314968529,-0.024708113432540337
2010-08-11,1883.9240583385674,-0.06016684094490989
2010-08-12,1852.6603270839303,-0.016595006107734785
2010-08-13,1824.3132193482015,-0.015300758223903182
2010-08-16,1838.5654705996976,0.007812392685828379
2010-08-17,1885.0859291899596,0.025302584723886933
2010-08-18,1895.8257900099238,0.005697279181633364
2010-08-19,1832.9949460241726,-0.033141675947673546
2010-08-20,1834.4139815973151,0.0007741622944572614
2010-08-23,1800.7013626693486,-0.01837786849978718
2010-08-24,1740.9397429926476,-0.0331879682637163
2010-08-25,1770.1432640260466,0.016774573129796435
2010-08-26,1732.42310669668,-0.021309098588763526
2010-08-27,1789.6161621885951,0.03301332986776469
2010-08-30,1733.8395593766043,-0.031166796540202966
2010-08-31,1724.1765803082903,-0.005573167953203406
2010-09-01,1826.6835964799864,0.05945273665262712
2010-09-02,1865.6256102975874,0.021318423120808838
2010-09-03,1922.906422322214,0.03070327278338005
2010-09-07,1880.3413616272103,-0.022135794129596667
2010-09-08,1914.4154394074983,0.018121219091197936
2010-09-09,1927.0659136061363,0.006608008866953894
2010-09-10,1937.9487409907179,0.005647356070045621
2010-09-13,2012.8457750385721,0.0386475826030183
2010-09-14,2020.0581870966023,0.0035831915924567906
2010-09-15,2040.4992254149427,0.010119034416389769
2010-09-16,2043.9843637661238,0.0017079831777306134
2010-09-17,2065.9844732667025,0.010763345302721548
2010-09-20,2137.9431288622077,0.03483020154634819
2010-09-21,2126.2473807452993,-0.00547056091390646
2010-09-22,2099.523545619126,-0.012568544642630446
2010-09-23,2086.1520259094523,-0.006368835318648645
2010-09-24,2183.285560529181,0.04656110073156519
2010-09-27,2162.490061916076,-0.009524864263777147
2010-09-28,2180.4785388319974,0.008318409056633055
2010-09-29,2174.9925153022514,-0.0025159722657415846
2010-09-30,2160.52611398037,-0.00665124188708814
2010-10-01,2164.4781494777244,0.0018292005228639345
2010-10-04,2116.7817874056836,-0.02203596376500704
2010-10-05,2216.721513082364,0.04721305061829984
2010-10-06,2181.374898322046,-0.015945446711151234
2010-10-07,2186.957899327174,0.0025593954571595827
2010-10-08,2220.494498052603,0.01533481679539722
2010-10-11,2221.4754602832672,0.0004417764743504107
2010-10-12,2250.3763030699047,0.013009751088113265
2010-10-13,2293.83493983829,0.019311719870628033
2010-10-14,2282.9117412985543,-0.004761981060636381
2010-10-15,2345.5809949119375,0.02745145704920501
2010-10-18,2368.390320105039,0.009724381823769827
2010-10-19,2284.999447289005,-0.035209936516011175
2010-10-20,2323.4005816085473,0.016805752126155947
2010-10-21,2327.783240571984,0.0018863122434111057
2010-10-22,2365.1799076026987,0.016065356249203775
2010-10-25,2387.261851759242,0.00933626405566949
2010-10-26,2399.6794581193367,0.005201610519157696
2010-10-27,2411.2263982749987,0.004811867733664593
2010-10-28,2419.2181741943714,0.003314402963193268
2010-10-29,2419.369595171368,6.259087279191186e-05
2010-11-01,2414.632785883367,-0.001957869230668559
2010-11-02,2470.00116362875,0.022930351177654178
2010-11-03,2483.2384918487746,0.005359239669578781
2010-11-04,2555.7901754441586,0.029216558874040646
2010-11-05,2559.1211747391208,0.0013033148522777782
2010-11-08,2561.480275549374,0.0009218402135623115
2010-11-09,2527.6645945925934,-0.013201616768072744
2010-11-10,2558.906738125449,0.012360082741868367
2010-11-11,2512.8237624677236,-0.018008853144637852
2010-11-12,2439.5275786470784,-0.02916885175769922
2010-11-15,2431.246483268993,-0.0033945487850060786
2010-11-16,2346.2503804929665,-0.03495988718582853
2010-11-17,2358.044887291281,0.005026959993859125
2010-11-18,2431.23919657506,0.03104025274423771
2010-11-19,2438.507729790839,0.002989641342578914
2010-11-22,2465.653288072119,0.011132037003470156
2010-11-23,2393.532228131847,-0.029250284413127207
2010-11-24,2486.0295276329557,0.03864468521207366
2010-11-26,2469.446421612569,-0.006670518526051659
2010-11-29,2451.473640590322,-0.007278060728489478
2010-11-30,2399.145292273922,-0.021345670395949597
2010-12-01,2497.5575247937873,0.04101970515782694
2010-12-02,2556.256615933136,0.023502598261153144
2010-12-03,2580.338208479904,0.009420647518980536
2010-12-06,2587.4660423590285,0.0027623641953988453
2010-12-07,2594.6649287899,0.002782214843796792
2010-12-08,2616.053132654126,0.008243146784352211
2010-12-09,2631.193087362161,0.005787326915900462
2010-12-10,2673.2454914160735,0.015982256967720734
2010-12-13,2647.88962120657,-0.009485051145105096
2010-12-14,2653.6400714798256,0.002171710719057619
2010-12-15,2632.514352314463,-0.00796103412531808
2010-12-16,2673.009932296617,0.015382852498620158
2010-12-17,2684.56518654099,0.004322937264376216
2010-12-20,2698.1997410993754,0.005078868871108739
2010-12-21,2735.045246964897,0.013655588689112022
2010-12-22,2743.064833229997,0.0029321585352194536
2010-12-23,2731.073883664161,-0.004371369360496167
2010-12-27,2734.831133779234,0.001375740926507644
2010-12-28,2725.9126571690936,-0.00326107030886992
2010-12-29,2734.288035570644,0.003072504315031249
2010-12-30,2726.2724085347945,-0.002931522550504166
2010-12-31,2705.6554849286144,-0.007562312387286478
2011-01-03,2784.7011189312775,0.029214966370616206
2011-01-04,2763.5141050881116,-0.007608361880967994
2011-01-05,2806.763248198981,0.01565005332566963
2011-01-06,2822.802980518429,0.005714672347138801
2011-01-07,2808.8679392058266,-0.0049365972080854855
2011-01-10,2818.6839462022917,0.0034946488083170135
2011-01-11,2837.5483684518076,0.006692634793245504
2011-01-12,2880.4354459838623,0.015114130919803343
2011-01-13,2876.2084362861906,-0.0014674898212231242
2011-01-14,2918.3564046796378,0.014654003465711666
2011-01-18,2940.973734153584,0.007750023073836577
2011-01-19,2854.93405273831,-0.029255508274723285
2011-01-20,2810.856258330769,-0.015439163775171608
2011-01-21,2780.2584585491013,-0.010885579684475965
2011-01-24,2838.3599709543123,0.02089788171547608
2011-01-25,2841.9764407238663,0.0012741406328170464
2011-01-26,2884.3697097263403,0.01491682633078974
2011-01-27,2917.66503956416,0.011543364127540668
2011-01-28,2772.890926822978,-0.049619853813927806
2011-01-31,2800.306730999126,0.009887083516681775
2011-02-01,2906.385573781321,0.03788115123529581
2011-02-02,2903.0085627422045,-0.0011619280901958686
2011-02-03,2912.1975563403275,0.0031653346518009454
2011-02-04,2944.8775347265832,0.0112217587419872
2011-02-07,2976.323585830879,0.010678220310854192
2011-02-08,3004.3165976006057,0.009405231307170686
2011-02-09,2987.243072408333,-0.005682997992258489
2011-02-10,2990.267927468475,0.0010125908695148077
2011-02-11,3031.036408047395,0.013633721648960899
2011-02-14,3047.9466691952216,0.005579035970313628
2011-02-15,3020.254898780995,-0.009085385480690976
2011-02-16,3066.0102914472604,0.015149513600568223
2011-02-17,3079.1454349557484,0.004284115922614043
2011-02-18,3084.3707163429776,0.0016969907715010365
2011-02-22,2915.8928403395835,-0.054623095437487605
2011-02-23,2845.231756607605,-0.024233086605387602
2011-02-24,2876.455929475656,0.01097421072836606
2011-02-25,2967.1894807070603,0.03154352211749137
2011-02-28,2969.997651258206,0.0009464075581976687
2011-03-01,2874.2923389193197,-0.03222403637199574
2011-03-02,2896.7445792230315,0.0078113976089689684
2011-03-03,3003.633885250156,0.03689980359117262
2011-03-04,2973.5028993786545,-0.010031510837410874
2011-03-07,2890.333464356804,-0.02797018796895387
2011-03-08,2932.8028661836693,0.01469359932014496
2011-03-09,2903.0733203842415,-0.010136905600516345
2011-03-10,2796.1628094953744,-0.03682666577457195
2011-03-11,2826.435018345481,0.010826339849491771
2011-03-14,2796.15523121219,-0.010713066791472152
2011-03-15,2726.5685579513693,-0.02488655582639226
2011-03-16,2623.3677597890783,-0.03785006537295063
2011-03-17,2661.98436710217,0.014720241631770374
2011-03-18,2677.43556557303,0.005804391138359954
2011-03-21,2775.6972815689605,0.03669993678256846
2011-03-22,2758.8105893973006,-0.0060837657923974685
2011-03-23,2788.5399256487153,0.010776142575960478
2011-03-24,2867.3938137641094,0.02827784081199773
2011-03-25,2881.3754263778787,0.004876069881525945
2011-03-28,2855.5658671512165,-0.008957374658777814
2011-03-29,2910.4489787625566,0.019219697308573477
2011-03-30,2952.5328219287353,0.014459570833662795
2011-03-31,2961.7025323598223,0.0031057099054014087
2011-04-01,2979.9387515779686,0.006157343291196844
2011-04-04,2979.268539938274,-0.00022490785736443164
2011-04-05,2983.609697102298,0.0014571218088700274
2011-04-06,3002.1282348397485,0.006206756116738621
2011-04-07,2994.305509080168,-0.002605726720397008
2011-04-08,2960.6848144141018,-0.011228211204271733
2011-04-11,2941.935115959662,-0.006332892431898395
2011-04-12,2885.276699412706,-0.019258893997896487
2011-04-13,2920.515684856725,0.012213381632060394
2011-04-14,2917.8332006221667,-0.0009184967738634042
2011-04-15,2927.266271645562,0.003232902765443863
2011-04-18,2865.485059862366,-0.02110542945191852
2011-04-19,2885.6432789042037,0.007034836553224154
2011-04-20,3006.687268507196,0.041946969151695504
2011-04-21,3044.6282500711595,0.012618865274538616
2011-04-25,3057.2590798238193,0.0041485622267231565
2011-04-26,3104.1964193337044,0.01535275169175076
2011-04-27,3152.9749866382226,0.01571375026422721
2011-04-28,3158.8703587653094,0.0018697808108439514
2011-04-29,3161.1644142747164,0.0007262265458413156
2011-05-02,3140.5688840649304,-0.0065151721045522745
2011-05-03,3091.384730786033,-0.01566090574496085
2011-05-04,3062.322041785158,-0.009401187989139427
2011-05-05,3033.136077047035,-0.009530664750435333
2011-05-06,3060.878592207179,0.009146478910089996
2011-05-09,3095.0592668291456,0.011166948832596304
2011-05-10,3157.4834349393295,0.0201689734278132
2011-05-11,3098.559912742075,-0.01866154594676013
2011-05-12,3137.7953221069392,0.012662465942168072
2011-05-13,3062.092425208515,-0.024126142443093457
2011-05-16,2962.358503604444,-0.032570513150751663
2011-05-17,2964.343159809598,0.0006699581440730179
2011-05-18,3032.129209040099,0.022867139725771434
2011-05-19,3050.1009389100004,0.005927098956178945
2011-05-20,3006.9796182535997,-0.014137670037835063
2011-05-23,2911.893047485499,-0.0316219538672248
2011-05-24,2885.0670836953805,-0.009212551200424005
2011-05-25,2917.113204913328,0.011107582696795033
2011-05-26,2962.6899158872206,0.015623908903201738
2011-05-27,2992.439079056355,0.010041267906440677
2011-05-31,3074.970619014699,0.027580023445078716
2011-06-01,2931.644702484315,-0.046610499509848774
2011-06-02,2940.4355705812154,0.0029986130616206797
2011-06-03,2854.558392538735,-0.029205597599782043
2011-06-06,2791.6221415653176,-0.022047631303644313
2011-06-07,2789.620477651195,-0.0007170253754329736
2011-06-08,2735.6179422830323,-0.019358380754944712
2011-06-09,2755.0882461671554,0.00711733301027916
2011-06-10,2670.7197563228797,-0.030622790381269353
2011-06-13,2662.7416572761,-0.0029872468003773345
2011-06-14,2741.5446124489254,0.02959466794590898
2011-06-15,2644.8709070712016,-0.03526249579844292
2011-06-16,2629.3326795925013,-0.005874852884939605
2011-06-17,2614.9221898075666,-0.005480664313337541
2011-06-20,2641.4470325803477,0.010143645144077163
2011-06-21,2757.224187718389,0.043830958451944534
2011-06-22,2720.2067182715978,-0.013425629156918015
2011-06-23,2756.0605752938122,0.013180563367256159
2011-06-24,2686.657017363082,-0.025182159838170924
2011-06-27,2758.523422520453,0.02674937838842823
2011-06-28,2842.791093430364,0.0305481078108504
2011-06-29,2866.146215740579,0.00821556053281155
2011-06-30,2935.301141847109,0.024128191969669407
2011-07-01,3025.3479633157526,0.03067720043606143
2011-07-05,3046.55442647247,0.007009594735501135
2011-07-06,3064.4137249273167,0.005862130116456076
2011-07-07,3148.046782440915,0.02729169917015107
2011-07-08,3119.9555070157917,-0.008923398337601028
2011-07-11,2995.386219861026,-0.03992662295172118
2011-07-12,2951.186257378392,-0.014756014496415953
2011-07-13,2983.1008600816663,0.01081416078821982
2011-07-14,2910.109714732988,-0.024468212364324827
2011-07-15,2967.3324650898694,0.019663434016655896
2011-07-18,2915.014973979454,-0.017631152466372153
2011-07-19,3044.5605028271275,0.04444077646394497
2011-07-20,3018.1544443101984,-0.008673192236583457
2011-07-21,3061.551363844591,0.014378627845306007
2011-07-22,3114.3321394321647,0.017239879170700426
2011-07-25,3079.6218587876724,-0.011145336813953646
2011-07-26,3073.539555072187,-0.0019750164125279784
2011-07-27,2910.9052023482623,-0.05291435161637435
2011-07-28,2914.04651087248,0.0010791517778332854
2011-07-29,2893.318895821951,-0.007113000761378821
2011-08-01,2868.809169983334,-0.008471145670810826
2011-08-02,2711.3139011146045,-0.054899179254102926
2011-08-03,2759.7875393258673,0.01787828336340392
2011-08-04,2479.7188901581435,-0.1014819601787665
2011-08-05,2433.254371372898,-0.01873781700404044
2011-08-08,2097.664567013303,-0.13791809368876123
2011-08-09,2319.83828507329,0.10591479760575952
2011-08-10,2130.2505094871362,-0.08172456537424726
2011-08-11,2330.0432310130086,0.09378836931904941
2011-08-12,2358.7003340631645,0.01229895766255666
2011-08-15,2447.681935674772,0.03772484377374255
2011-08-16,2386.910227803964,-0.02482826995822647
2011-08-17,2364.320513870563,-0.009463998130413277
2011-08-18,2117.6326036984556,-0.1043377616211018
2011-08-19,2049.0219429572307,-0.03239969984472102
2011-08-22,2055.35814345801,0.0030923048543025685
2011-08-23,2231.8659398524374,0.08587690517890186
2011-08-24,2271.389156264409,0.01770859786255098
2011-08-25,2182.967623584414,-0.038928394298322434
2011-08-26,2291.6777066719883,0.049799219151529794
2011-08-29,2443.872064403553,0.06641176343796773
2011-08-30,2470.6361445426223,0.0109515062301764
2011-08-31,2477.1186844404356,0.0026238343157620986
2011-09-01,2412.9876012362297,-0.025889386571193836
2011-09-02,2288.4909537176645,-0.05159440001050251
2011-09-06,2276.7070943931444,-0.0051491832665439075
2011-09-07,2415.0094664874823,0.06074666892150327
2011-09-08,2377.5457721201083,-0.015512856113919535
2011-09-09,2262.631033039709,-0.048333344589167375
2011-09-12,2312.4773200502177,0.02203023218661636
2011-09-13,2381.22578375247,0.02972935695678912
2011-09-14,2457.26464685486,0.03193265570246094
2011-09-15,2523.267263264929,0.026860198592995637
2011-09-16,2552.8255712464243,0.011714299318118513
2011-09-19,2534.54421205511,-0.007161225348580318
2011-09-20,2490.776227486185,-0.01726858200411374
2011-09-21,2390.730931446903,-0.040166312386983344
2011-09-22,2235.3341397071,-0.06499969933703699
2011-09-23,2285.559921495558,0.022469026395775884
2011-09-26,2347.3107531082683,0.027017813460915027
2011-09-27,2403.587785461029,0.02397510950701327
2011-09-28,2299.3579894955174,-0.043364255966011796
2011-09-29,2279.440402814764,-0.008662238229864802
2011-09-30,2159.381101282775,-0.05267051570364991
2011-10-03,2017.2581377807733,-0.06581652651195935
2011-10-04,2136.466178501332,0.05909409335768087
2011-10-05,2235.466454249297,0.04633833043751292
2011-10-06,2319.666675851464,0.037665616248507956
2011-10-07,2268.881751996879,-0.021893198873473366
2011-10-10,2427.71873598912,0.07000672637630688
2011-10-11,2459.9038826184014,0.013257362210935054
2011-10-12,2501.2917324203418,0.01682498657544521
2011-10-13,2531.1374393266146,0.011932117521291037
2011-10-14,2623.1776868377347,0.036363196277325316
2011-10-17,2519.2713864637585,-0.03961085095201321
2011-10-18,2601.2395003875495,0.03253643667141688
2011-10-19,2496.7771931641414,-0.04015866559301621
2011-10-20,2486.44116282946,-0.004139748778136788
2011-10-21,2560.8250466992304,0.029915802948308926
2011-10-24,2681.360024076637,0.04706880602123527
2011-10-25,2560.199116531474,-0.04518636306099407
2011-10-26,2584.0316879720904,0.009308874175733858
2011-10-27,2755.5884962231994,0.06639113949324059
2011-10-28,2752.6735832144473,-0.0010578186883662942
2011-10-31,2646.785407277106,-0.03846739278606727
2011-11-01,2494.117392353259,-0.0576805412724807
2011-11-02,2557.3562411038183,0.025355201380834684
2011-11-03,2669.7652558775317,0.04395516469977392
2011-11-04,2646.4338310628036,-0.008739129690658633
2011-11-07,2664.5474469899427,0.006844537624379072
2011-11-08,2728.354253429025,0.0239465829408153
2011-11-09,2516.6699684010287,-0.0775868033859419
2011-11-10,2523.4475818124038,0.0026930878885486997
2011-11-11,2626.552559954426,0.04085877546462439
2011-11-14,2584.512956211355,-0.016005620593330456
2011-11-15,2640.946529746061,0.02183528366498597
2011-11-16,2549.3970785067377,-0.03466539371704978
2011-11-17,2449.7441427780623,-0.0390888247926624
2011-11-18,2420.4754173624997,-0.01194766624990118
2011-11-21,2327.756491464119,-0.03830608038127198
2011-11-22,2324.378126087695,-0.0014513396864374159
2011-11-23,2211.590568590038,-0.04852375619602676
2011-11-25,2178.303824691447,-0.015051042616722774
2011-11-28,2331.6084678419097,0.07037798924682973
2011-11-29,2309.8344912588773,-0.009338607610730635
2011-11-30,2502.40522979799,0.0833699294334115
2011-12-01,2513.6553323133867,0.0044957157143988334
2011-12-02,2515.110613149715,0.0005789500324965737
2011-12-05,2570.48987099924,0.022018617217066373
2011-12-06,2558.547161948298,-0.004646082906484987
2011-12-07,2557.9300887010436,-0.00024118111107404713
2011-12-08,2455.9695265024448,-0.039860574238905905
2011-12-09,2551.50728054843,0.03890021965461485
2011-12-12,2484.995386186125,-0.026067687468251638
2011-12-13,2422.2870021763247,-0.025234809029582392
2011-12-14,2347.286946428749,-0.030962497705759505
2011-12-15,2350.4838576055504,0.0013619601053313848
2011-12-16,2377.0305100654,0.011294122430984365
2011-12-19,2317.306771096729,-0.025125356496592793
2011-12-20,2465.391326022771,0.06390373375379961
2011-12-21,2416.665370844989,-0.019763984185175186
2011-12-22,2456.992962618443,0.016687288302291173
2011-12-23,2493.3261771424104,0.014787675454001508
2011-12-27,2506.047848155255,0.005102289114625599
2011-12-28,2438.862640881218,-0.02680922765440948
2011-12-29,2483.6661224328736,0.018370645726676505
2011-12-30,2467.398250749274,-0.0065499430606494324
2012-01-03,2550.265264583282,0.03358477449225862
2012-01-04,2549.6863016573684,-0.00022702066877272603
2012-01-05,2591.198438012164,0.016281272063865978
2012-01-06,2599.7776307062654,0.0033108976017609897
2012-01-09,2604.676831663198,0.00188446923270176
2012-01-10,2655.2802261275474,0.019427897483941175
2012-01-11,2671.6305581028405,0.00615766720755439
2012-01-12,2699.2278266052967,0.010329747284390015
2012-01-13,2671.551097770305,-0.010253572730020123
2012-01-17,2706.3474300223293,0.013024767626965911
2012-01-18,2789.065427992527,0.030564441598510964
2012-01-19,2826.6906449670064,0.013490259710960172
2012-01-20,2823.512455744159,-0.001124349857139825
2012-01-23,2818.7651670074697,-0.0016813415244658556
2012-01-24,2823.89285512282,0.0018191256850226619
2012-01-25,2888.2061432353116,0.022774691325777897
2012-01-26,2861.629253118509,-0.009201867456396827
2012-01-27,2884.7502368446694,0.008079657314435
2012-01-30,2875.6947688959226,-0.0031390821406610723
2012-01-31,2879.7097820957,0.001396188929090927
2012-02-01,2950.3107767324473,0.02451670479980363
2012-02-02,2974.0805150000397,0.008056689639292207
2012-02-03,3069.852607986372,0.03220225293272909
2012-02-06,3062.5105090569973,-0.002391677994661233
2012-02-07,3067.0589485850305,0.0014851996473421534
2012-02-08,3092.078582896703,0.008157532910547848
2012-02-09,3116.3314159071992,0.00784353707717713
2012-02-10,3066.754197184022,-0.015908840269719858
2012-02-13,3125.2724372138873,0.019081490157769533
2012-02-14,3126.350680034705,0.0003450076249286016
2012-02-15,3092.367635992095,-0.010869875941822569
2012-02-16,3185.8765439082736,0.030238612908707156
2012-02-17,3168.646781026566,-0.0054081702929302065
2012-02-21,3162.3230370236397,-0.0019957238657182445
2012-02-22,3129.4319277758977,-0.010400932751860456
2012-02-23,3180.3784650845346,0.01627980364629465
2012-02-24,3195.083914555204,0.004623804881120946
2012-02-27,3200.7096401501976,0.0017607442387868838
2012-02-28,3245.3109574013365,0.013934821419491894
2012-02-29,3202.2762549579174,-0.013260579034891338
2012-03-01,3250.0832981542244,0.01492908150016405
2012-03-02,3222.4360353914494,-0.008506632054161953
2012-03-05,3167.1947923338284,-0.01714269653483147
2012-03-06,3081.117150917363,-0.0271778804463861
2012-03-07,3134.9729763556293,0.01747931766315063
2012-03-08,3209.288592663465,0.023705345107703814
2012-03-09,3248.154497821013,0.012110442559262795
2012-03-12,3238.417350842119,-0.0029977474856649703
2012-03-13,3360.6030570133835,0.03773006778743065
2012-03-14,3362.633000202125,0.0006040413444562319
2012-03-15,3397.3750928341933,0.010331812192998797
2012-03-16,3395.0596352625616,-0.0006815431055921534
2012-03-19,3446.7653903911637,0.015229704536428029
2012-03-20,3437.5816175766413,-0.002664461248254542
2012-03-21,3440.3522903545922,0.0008059947620689794
2012-03-22,3413.657712160532,-0.007759257175174057
2012-03-23,3424.0628352369777,0.003048086232951667
2012-03-26,3546.511328659413,0.035761170082020705
2012-03-27,3541.6274387940844,-0.0013770969306827513
2012-03-28,3506.8505368777323,-0.009819469302562568
2012-03-29,3485.3225221998932,-0.006138845796663583
2012-03-30,3476.9437445122653,-0.002404017887658656
2012-04-02,3540.68411963078,0.018332299801835303
2012-04-03,3526.928362457325,-0.003885056307957091
2012-04-04,3424.0505264428084,-0.02916924457825907
2012-04-05,3451.903576105606,0.008134532317119221
2012-04-09,3377.6236462243924,-0.021518541362333
2012-04-10,3253.9357394005965,-0.03661980130973379
2012-04-11,3308.995150032902,0.01692086600408651
2012-04-12,3394.9052887805583,0.025962606426546696
2012-04-13,3296.795092882504,-0.028899243882380996
2012-04-16,3247.0308775433896,-0.01509472500931308
2012-04-17,3365.4359234152494,0.03646563594167032
2012-04-18,3340.4357088972097,-0.007428521917205085
2012-04-19,3287.935331673432,-0.015716625553949058
2012-04-20,3272.537021460061,-0.0046832764820631
2012-04-23,3207.5360119822244,-0.019862574220424315
2012-04-24,3188.5670148494137,-0.005913884384134483
2012-04-25,3335.19706909564,0.045986191779366185
2012-04-26,3381.5385811187484,0.013894684800641776
2012-04-27,3422.903370613571,0.012232535132317595
2012-04-30,3372.419204990546,-0.014748930997130465
2012-05-01,3381.6037031948285,0.002723415342520708
2012-05-02,3402.6183767735283,0.006214410505538012
2012-05-03,3323.7061293507354,-0.023191624415318586
2012-05-04,3174.478961148904,-0.04489782260954034
2012-05-07,3177.955248987488,0.0010950735163561727
2012-05-08,3153.4068657299913,-0.00772458431103394
2012-05-09,3128.8027194025094,-0.007802401458203824
2012-05-10,3126.6613840828177,-0.000684394483043865
2012-05-11,3127.1851723614845,0.0001675231866595961
2012-05-14,3061.0075531146786,-0.021162040493058445
2012-05-15,3042.5418930292844,-0.006032543129991519
2012-05-16,3001.2104285025903,-0.013584517807754142
2012-05-17,2875.304179293095,-0.04195182317566256
2012-05-18,2804.1045377669375,-0.02476247279815185
2012-05-21,2942.568083591119,0.04937888154998947
2012-05-22,2925.895360296202,-0.005666045040007893
2012-05-23,2948.7816435669533,0.007821975994532493
2012-05-24,2926.690208844912,-0.007491716034734535
2012-05-25,2923.0075761010703,-0.001258292638118001
2012-05-29,2992.467375175163,0.023763126596730615
2012-05-30,2922.4955576726425,-0.023382650077655234
2012-05-31,2901.985206793481,-0.00701809480097021
2012-06-01,2738.178439293446,-0.056446451593401455
2012-06-04,2763.5216819662382,0.009255511733315468
2012-06-05,2799.8915707497417,0.013160703250797929
2012-06-06,2934.2815321575245,0.0479982735087832
2012-06-07,2906.1503677474193,-0.009587070668512467
2012-06-08,2962.5348857845647,0.019401789619320108
2012-06-11,2862.006166018937,-0.033933345476539235
2012-06-12,2930.0550173574757,0.02377662639112856
2012-06-13,2879.769579831337,-0.017161943113098675
2012-06-14,2916.1076131590034,0.012618382242163443
2012-06-15,2991.229867751396,0.025761139353500533
2012-06-18,3038.5495454214297,0.01581947217771186
2012-06-19,3110.9519075909993,0.023827935364314684
2012-06-20,3112.5566519601475,0.0005158370867877156
2012-06-21,2961.107087478883,-0.04865760897424579
2012-06-22,3030.278310659032,0.023359919495191842
2012-06-25,2912.823692768308,-0.03876034009073575
2012-06-26,2949.701245435112,0.012660413590551518
2012-06-27,2993.7782882904266,0.014942883766119316
2012-06-28,2940.124131692577,-0.017921887137637177
2012-06-29,3116.8393491595784,0.06010467910593619
2012-07-02,3151.622511118946,0.011159754502183943
2012-07-03,3204.838248786684,0.016885187702522324
2012-07-05,3205.190070055049,0.00010977816696320455
2012-07-06,3121.7824071659993,-0.02602268853516613
2012-07-09,3110.383765718506,-0.0036513247756563205
2012-07-10,3048.077179367521,-0.020031800267769274
2012-07-11,3018.0726271862673,-0.009843763925780732
2012-07-12,2972.6440051305667,-0.015052196440366367
2012-07-13,3060.477873383546,0.02954738882334534
2012-07-16,3036.645122514595,-0.007787264556368901
2012-07-17,3064.2236282631584,0.009081899476526998
2012-07-18,3132.952266805955,0.022429380776543623
2012-07-19,3182.6856704613506,0.015874293452322132
2012-07-20,3095.6931545028865,-0.02733305295142577
2012-07-23,3021.73562069192,-0.02389046010693615
2012-07-24,2965.0780824431085,-0.018749998464735948
2012-07-25,2947.086994706194,-0.0060676606944834125
2012-07-26,3027.756068657338,0.027372478008300342
2012-07-27,3163.6005114290083,0.04486637618462807
2012-07-30,3137.823667936187,-0.008147945165547395
2012-07-31,3124.5005070180914,-0.004245987769879621
2012-08-01,3083.5902011662515,-0.013093390690751747
2012-08-02,3061.6801766391486,-0.007105361963731854
2012-08-03,3184.1469450781665,0.039999856736653495
2012-08-06,3231.8023604463915,0.014966462349323395
2012-08-07,3288.046033449863,0.017403190768046584
2012-08-08,3278.1412473878545,-0.0030123623456743322
2012-08-09,3294.3781085948954,0.004953069432251922
2012-08-10,3299.371297981402,0.0015156697931788432
2012-08-13,3303.4409108430136,0.001233451010530723
2012-08-14,3291.4791297109327,-0.0036210065367956396
2012-08-15,3322.0650908965677,0.00929246699745005
2012-08-16,3391.1777105769756,0.02080411364298565
2012-08-17,3422.7787772762917,0.009318611230769132
2012-08-20,3422.393370636463,-0.00011260051113654902
2012-08-21,3402.6323351887986,-0.005774039774974562
2012-08-22,3417.0065338378827,0.004224434858986027
2012-08-23,3372.0912274343727,-0.013144635797070757
2012-08-24,3408.443659687017,0.010780382202264096
2012-08-27,3416.4520075714813,0.002349561466772043
2012-08-28,3425.387490263148,0.002615427546432339
2012-08-29,3434.557674462442,0.002677123165002778
2012-08-30,3362.301605573804,-0.021037954734577848
2012-08-31,3402.7066715866913,0.012017085542208993
2012-09-04,3421.2900042766437,0.00546133842365179
2012-09-05,3408.559481893962,-0.0037209714367295063
2012-09-06,3556.5034149734947,0.04340365302861836
2012-09-07,3558.046449954776,0.0004338629269369915
2012-09-10,3485.0137321814295,-0.020526072045595322
2012-09-11,3486.3150881426272,0.00037341487328468054
2012-09-12,3508.4367312643863,0.006345279345804739
2012-09-13,3602.142939896518,0.026708820996284844
2012-09-14,3666.4980837299086,0.017865794030716503
2012-09-17,3654.830521380373,-0.0031822087679005224
2012-09-18,3652.9936400660326,-0.0005025900116556638
2012-09-19,3664.2388475152284,0.0030783539631327123
2012-09-20,3649.067351304484,-0.004140422292895135
2012-09-21,3658.42258260989,0.002563732155303053
2012-09-24,3614.782654985776,-0.011928618588665514
2012-09-25,3516.477545856687,-0.027195302874849052
2012-09-26,3462.4283968139475,-0.015370252856135351
2012-09-27,3558.609776689479,0.02777859029923501
2012-09-28,3512.547923088583,-0.012943777624234726
2012-10-01,3506.9333369542787,-0.0015984368775152375
2012-10-02,3521.755592118591,0.004226557433562467
2012-10-03,3556.204924235903,0.009781863396314908
2012-10-04,3588.6456664265024,0.009122292691715451
2012-10-05,3558.5655211606027,-0.008382032683614864
2012-10-08,3504.942442856964,-0.015068734293291853
2012-10-09,3398.4990638526697,-0.030369508412677423
2012-10-10,3369.2902800961638,-0.00859461285929961
2012-10-11,3364.2080993613386,-0.0015083831645043818
2012-10-12,3352.6645812098213,-0.00343127351536568
2012-10-15,3397.3239050276766,0.013320546310582606
2012-10-16,3479.4993914698575,0.02418829900810177
2012-10-17,3486.2750780687657,0.0019473165063683324
2012-10-18,3416.2367804524447,-0.02008972213836869
2012-10-19,3266.8606401014986,-0.04372534749513551
2012-10-22,3291.951078222391,0.007680290310796015
2012-10-23,3234.267721188918,-0.017522543823652835
2012-10-24,3215.464265322539,-0.005813821701645256
2012-10-25,3225.141399226708,0.0030095603949117423
2012-10-26,3229.2388753018104,0.0012704795132656623
2012-10-31,3206.791000498622,-0.006951444495133644
2012-11-01,3299.1995554482373,0.02881651936008507
2012-11-02,3216.4757639374798,-0.025073897507699682
2012-11-05,3254.7232748789424,0.01189112362365248
2012-11-06,3281.495769014226,0.00822573591491552
2012-11-07,3119.0023461553174,-0.04951809610521677
2012-11-08,3030.561414462737,-0.02835551945050575
2012-11-09,3050.1433421744164,0.0064614851948647176
2012-11-12,3049.2723489101186,-0.00028555814156498217
2012-11-13,3006.6347976388674,-0.01398286095582473
2012-11-14,2929.4531059785754,-0.02567045778918789
2012-11-15,2909.271317422633,-0.0068892683466257685
2012-11-16,2942.607246628516,0.011458515060539562
2012-11-19,3072.830543348734,0.044254392722447564
2012-11-20,3074.253817135835,0.000463180044269628
2012-11-21,3095.198025304719,0.006812777803882502
2012-11-23,3180.720137892849,0.02763057868638645
2012-11-26,3202.43935004223,0.006828394579778883
2012-11-27,3183.2398459896626,-0.005995274837075184
2012-11-28,3234.845641683995,0.016211720822528274
2012-11-29,3278.780992915387,0.013581900374238528
2012-11-30,3275.030859495676,-0.0011437584357766395
2012-12-03,3257.976658531539,-0.005207340539918802
2012-12-04,3246.16377994579,-0.003625832786375444
2012-12-05,3196.5014116308544,-0.015298787024160713
2012-12-06,3230.117775288831,0.01051661154775639
2012-12-07,3205.9928933901892,-0.007468731351903991
2012-12-10,3225.6294186673936,0.0061249434824665674
2012-12-11,3302.1015548049036,0.023707663284241353
2012-12-12,3283.697526163218,-0.0055734290227706035
2012-12-13,3236.66713744434,-0.014322387596347751
2012-12-14,3191.7478827823547,-0.013878243500026104
2012-12-17,3276.5431568238296,0.026567033849664815
2012-12-18,3372.31114040498,0.02922836019470749
2012-12-19,3350.0061568070328,-0.006614153519437334
2012-12-20,3363.4270603164423,0.004006232490689236
2012-12-21,3298.7877037351477,-0.019218301875472583
2012-12-24,3280.8645715217303,-0.005433248157534751
2012-12-26,3232.282141469812,-0.014807813304340386
2012-12-27,3223.2387057095207,-0.002797848505941017
2012-12-28,3168.11361188057,-0.01710239261253115
2012-12-31,3295.250763485808,0.040130237479005904
2013-01-02,3497.904129887686,0.06149861753996093
2013-01-03,3471.6970421718047,-0.00749222584231398
2013-01-04,3474.2074142472275,0.000723096527412502
2013-01-07,3468.031226769844,-0.0017777256049985551
2013-01-08,3452.4324963611193,-0.004497863308818547
2013-01-09,3483.7674086631177,0.009076183918157971
2013-01-10,3519.6191119963755,0.010291072602638457
2013-01-11,3528.4159445683963,0.002499370611449881
2013-01-14,3510.272296121538,-0.005142151246308814
2013-01-15,3495.2092025586803,-0.0042911467522051645
2013-01-16,3510.4699040407054,0.004366176843106721
2013-01-17,3552.1134529491637,0.011862670823790576
2013-01-18,3549.2621569820594,-0.0008027040816326299
2013-01-22,3568.726341402744,0.0054840086642782265
2013-01-23,3592.618139399635,0.006694768864653145
2013-01-24,3539.6266868087546,-0.014750093256428202
2013-01-25,3583.411650692942,0.012369938346143233
2013-01-28,3594.070702289432,0.0029745540383083807
2013-01-29,3592.684126835414,-0.00038579526360861516
2013-01-30,3566.895891072937,-0.007177985832334436
2013-01-31,3566.558586138594,-9.456539933987181e-05
2013-02-01,3650.5574893264607,0.023551808041042097
2013-02-04,3540.7005764618216,-0.030093188009184885
2013-02-05,3632.1619635146244,0.02583143789701604
2013-02-06,3625.1342327529896,-0.0019348616147156364
2013-02-07,3617.5411041698308,-0.0020945785992020835
2013-02-08,3683.3094177699613,0.01818039151630409
2013-02-11,3679.2172861129275,-0.0011109931838176827
2013-02-12,3666.588810780402,-0.003432380952381089
2013-02-13,3690.5730023076353,0.006541282037602709
2013-02-14,3694.7565832580012,0.0011335857461022905
2013-02-15,3679.5139169877048,-0.004125485922229718
2013-02-19,3729.5135252636874,0.01358864496887557
2013-02-20,3615.436979158694,-0.030587513715190976
2013-02-21,3540.285037340414,-0.02078640624950627
2013-02-22,3608.9345995963704,0.019390970368738453
2013-02-25,3505.1229811894173,-0.02876517031330067
2013-02-26,3535.337422484461,0.008620080224629019
2013-02-27,3609.082408048254,0.0208593909862126
2013-02-28,3604.4296141506593,-0.0012891902626603526
2013-03-01,3626.2866604924056,0.006063940395988676
2013-03-04,3654.6245649475536,0.007814579239937926
2013-03-05,3751.4030273972076,0.0264810955899221
2013-03-06,3747.382395960018,-0.0010717673915135047
2013-03-07,3770.0646524450553,0.006052826770358621
2013-03-08,3798.7880146129714,0.007618798300789734
2013-03-11,3818.921007052391,0.005299846256746303
2013-03-12,3794.2256505895507,-0.006466579543602866
2013-03-13,3800.8547635449427,0.00174715833107141
2013-03-14,3833.2807734198673,0.008531241494921571
2013-03-15,3810.1620046897565,-0.006031065840628472
2013-03-18,3783.4655805918446,-0.0070066375301240155
2013-03-19,3763.698327989795,-0.0052246418477943386
2013-03-20,3822.2612245442365,0.015559933727664144
2013-03-21,3748.128584200059,-0.01939496962377743
2013-03-22,3800.3093497172417,0.013921818407497108
2013-03-25,3777.817491118128,-0.005918428351309595
2013-03-26,3818.014770026853,0.010640344326646576
2013-03-27,3827.576064692893,0.0025042581660763255
2013-03-28,3853.5104870159153,0.00677567784014838
2013-04-01,3786.950303510725,-0.017272609930467087
2013-04-02,3823.712755632861,0.009707666902323777
2013-04-03,3738.5948900274275,-0.022260528194761195
2013-04-04,3753.4911590969023,0.003984456596035611
2013-04-05,3704.40391890258,-0.013077755644996181
2013-04-08,3747.152378457495,0.0115399023677688
2013-04-09,3783.5330387074678,0.009708881992396695
2013-04-10,3922.4065741115205,0.036704723860821575
2013-04-11,3929.4084906670914,0.0017851072863749214
2013-04-12,3917.080275387147,-0.003137422670416002
2013-04-15,3730.7667222848095,-0.04756439490735825
2013-04-16,3842.515311429708,0.029953250219960474
2013-04-17,3701.444639307162,-0.036713106048771246
2013-04-18,3613.021353885615,-0.023888858010341123
2013-04-19,3703.694144732012,0.025096112634065502
2013-04-22,3767.430182116324,0.017208774508275102
2013-04-23,3850.880553166578,0.022150475792859087
2013-04-24,3851.7114143951494,0.00021575876402820377
2013-04-25,3899.710281338741,0.01246169865276081
2013-04-26,3874.3511822287264,-0.0065028161787723145
2013-04-29,3940.1789232217575,0.016990648987881267
2013-04-30,3992.133854043805,0.013185931866151388
2013-05-01,3921.072717499644,-0.017800289053980487
2013-05-02,4019.7742953916368,0.025172085549826643
2013-05-03,4111.329699090294,0.022776254826948426
2013-05-06,4146.476008535715,0.008548647765514242
2013-05-07,4155.504553367097,0.002177401922209928
2013-05-08,4196.303075951152,0.009817946788434343
2013-05-09,4186.305852492475,-0.002382388325564581
2013-05-10,4253.706047671976,0.016100160273614904
2013-05-13,4259.432226838027,0.0013461624056474962
2013-05-14,4318.526355047517,0.013873710171310352
2013-05-15,4341.087057052306,0.005224166799032963
2013-05-16,4325.218137425443,-0.003655517481752098
2013-05-17,4409.506375448983,0.019487627061906262
2013-05-20,4403.368978284694,-0.0013918558318590693
2013-05-21,4417.788903866162,0.0032747484148117107
2013-05-22,4319.937403072744,-0.022149428803124795
2013-05-23,4310.344387895403,-0.0022206375422285734
2013-05-24,4309.732849826717,-0.000141876846407895
2013-05-28,4384.208512016713,0.01728080713703406
2013-05-29,4330.588262774437,-0.012230314569963452
2013-05-30,4390.07259330629,0.013735854558877929
2013-05-31,4301.159352695251,-0.020253250651619925
2013-06-03,4324.96489165029,0.005534679606818486
2013-06-04,4274.854705473796,-0.01158626426615321
2013-06-05,4166.296362041708,-0.02539462763332822
2013-06-06,4221.66933182473,0.01329069393322916
2013-06-07,4333.138122167908,0.02640396051459507
2013-06-10,4344.764226444344,0.0026830680095238594
2013-06-11,4252.7470280107045,-0.021178870391534363
2013-06-12,4162.45525380743,-0.021231400224035833
2013-06-13,4272.560317274871,0.026451951253223895
2013-06-14,4218.553151131112,-0.012640468977207062
2013-06-17,4289.214881974211,0.01675022888455302
2013-06-18,4363.97393014275,0.01742954135562666
2013-06-19,4266.359365490972,-0.0223682740122567
2013-06-20,4071.737527630289,-0.04561777881040876
2013-06-21,4053.9570144377326,-0.004366812220065867
2013-06-24,3966.075214130201,-0.021678029637351867
2013-06-25,4030.9587494646617,0.01635963309603805
2013-06-26,4099.259687331324,0.01694409248810441
2013-06-27,4161.6036213217585,0.01520858368234317
2013-06-28,4165.0877158833155,0.0008372000023515797
2013-07-01,4241.804140058599,0.018418921619040497
2013-07-02,4239.196543487549,-0.0006147376175209075
2013-07-03,4264.641931194044,0.006002408108580405
2013-07-05,4353.259065677037,0.020779501752490822
2013-07-08,4367.157898908117,0.003192742040248445
2013-07-09,4415.944247742576,0.011171189584571006
2013-07-10,4457.617996982443,0.00943710946105597
2013-07-11,4603.409406551831,0.03270612458673693
2013-07-12,4659.540519467737,0.01219337841991993
2013-07-15,4679.001440785183,0.004176575187217982
2013-07-16,4655.774527644146,-0.004964074799930025
2013-07-17,4685.6252682940185,0.0064115520355703766
2013-07-18,4689.041751072746,0.000729141274238338
2013-07-19,4627.66723354935,-0.013088925367182867
2013-07-22,4660.914802377663,0.007184520223770001
2013-07-23,4606.325877557984,-0.01171206235991095
2013-07-24,4607.267388189946,0.00020439514202612668
2013-07-25,4673.2328000835705,0.014317686892390291
2013-07-26,4693.988513007577,0.004441403587605535
2013-07-29,4657.84236115917,-0.0077005198773372795
2013-07-30,4702.790904637026,0.009650078296481896
2013-07-31,4728.632515366901,0.005494952094169227
2013-08-01,4857.479855817331,0.02724833025863323
2013-08-02,4894.182475879209,0.007555897533558067
2013-08-05,4903.390099989523,0.001881340582557776
2013-08-06,4831.310562940272,-0.014699939343884883
2013-08-07,4800.408947461421,-0.0063961144861787635
2013-08-08,4840.206094496663,0.008290365981483177
2013-08-09,4816.531391057387,-0.004891259375544961
2013-08-12,4842.718330755535,0.00543688757988131
2013-08-13,4881.056026884381,0.007916565348301876
2013-08-14,4840.959957822511,-0.008214629957334126
2013-08-15,4674.426018676551,-0.0344010156243613
2013-08-16,4665.860570221795,-0.0018324064645656223
2013-08-19,4630.681442363873,-0.007539686908442954
2013-08-20,4693.994368293564,0.01367248572757997
2013-08-21,4658.236299131672,-0.007617833843906022
2013-08-22,4759.056760040046,0.021643483592098473
2013-08-23,4809.061278814996,0.010507233112833903
2013-08-26,4808.771334671845,-6.0291214093646676e-05
2013-08-27,4601.006348723194,-0.043205420156005314
2013-08-28,4639.233086080511,0.008308342666800759
2013-08-29,4708.914044268258,0.015019930427038987
2013-08-30,4629.847791442835,-0.016790761539099128
2013-09-03,4688.873639646282,0.012748982442261273
2013-09-04,4783.533764824647,0.02018824401194695
2013-09-05,4809.165806090232,0.005358390371166245
2013-09-06,4812.4954573609675,0.0006923552659629811
2013-09-09,4934.200768937341,0.02528943926382694
2013-09-10,4995.115250114504,0.012345359264795635
2013-09-11,4984.472162490272,-0.00213069911129453
2013-09-12,4960.378827834841,-0.0048336782451592975
2013-09-13,4977.057261035316,0.003362330535499499
2013-09-16,4965.776295122649,-0.0022665935553895446
2013-09-17,5040.2717642422485,0.015001777102357497
2013-09-18,5142.477869480162,0.020277895720426122
2013-09-19,5158.183589802644,0.003054115296381388
2013-09-20,5118.402978508293,-0.0077121356000190485
2013-09-23,5093.10945741467,-0.004941682239524445
2013-09-24,5101.2189917852165,0.0015922560546465406
2013-09-25,5081.962578804864,-0.003774864990380198
2013-09-26,5153.217909635995,0.014021223046449137
2013-09-27,5137.429040629203,-0.00306388537873951
2013-09-30,5110.267673007547,-0.00528695723227538
2013-10-01,5236.382715122623,0.02467875465334564
2013-10-02,5228.368126889068,-0.0015305581485497756
2013-10-03,5116.971304795275,-0.021306231579388747
2013-10-04,5207.663263224009,0.01772375747812855
2013-10-07,5105.757680266638,-0.019568389468846373
2013-10-08,4901.2438189170025,-0.04005553615285472
2013-10-09,4856.107715504646,-0.00920911202951136
2013-10-10,5075.310524869947,0.04513961019963119
2013-10-11,5159.407863578724,0.016569890314431908
2013-10-14,5223.395847409715,0.012402195275681968
2013-10-15,5165.287189799018,-0.011124689628781064
2013-10-16,5289.062992009966,0.023963004894557275
2013-10-17,5354.52043962157,0.01237600076052969
2013-10-18,5496.3650396159865,0.026490626302369886
2013-10-21,5512.8990921778895,0.003008179486393401
2013-10-22,5539.785947069229,0.004877080904580289
2013-10-23,5476.457138043093,-0.011431634657227126
2013-10-24,5537.9321644775655,0.011225327777592862
2013-10-25,5578.63698524848,0.007350184069066669
2013-10-28,5569.832797832628,-0.0015781968676458747
2013-10-29,5604.464709528209,0.006217765048361367
2013-10-30,5542.978366758885,-0.010970957255701816
2013-10-31,5512.318562165687,-0.005531287074303726
2013-11-01,5518.982202665498,0.001208863461837701
2013-11-04,5560.262027000552,0.007479608163098888
2013-11-05,5569.610697574434,0.0016813363342385067
2013-11-06,5547.358035929713,-0.003995371104557171
2013-11-07,5336.915005221397,-0.03793572171568809
2013-11-08,5508.308638250864,0.03211473910710263
2013-11-11,5510.213248437736,0.0003457704191894558
2013-11-12,5510.688945610385,8.633008400965822e-05
2013-11-13,5639.1783391973395,0.023316393803955112
2013-11-14,5659.654609017661,0.0036310732856227107
2013-11-15,5697.463312250099,0.006680390561677844
2013-11-18,5592.316962083457,-0.018454941156104857
2013-11-19,5542.808318952671,-0.008852975156176002
2013-11-20,5513.933116430321,-0.005209489641490099
2013-11-21,5648.697278969396,0.024440659633231127
2013-11-22,5712.85201942761,0.011357440006046634
2013-11-25,5721.553002264095,0.0015230541254869904
2013-11-26,5788.07037461318,0.01162575481215742
2013-11-27,5865.979876355216,0.013460358409557588
2013-11-29,5910.128693350142,0.007526247604919895
2013-12-02,5867.888460924,-0.0071470918177584395
2013-12-03,5844.622806973305,-0.003964910735033298
2013-12-04,5847.056006892825,0.00041631427722192704
2013-12-05,5833.156231285196,-0.0023772263496781303
2013-12-06,5918.199585614998,0.014579303375021137
2013-12-09,5936.706161604186,0.003127061823695646
2013-12-10,5912.720592000302,-0.004040215053763548
2013-12-11,5747.768619343696,-0.027897812874800743
2013-12-12,5732.350655706115,-0.002682425939292751
2013-12-13,5739.862994141658,0.0013105162064825566
2013-12-16,5822.095168341016,0.014326504706346926
2013-12-17,5805.33563703511,-0.002878608270960385
2013-12-18,5939.285183209085,0.023073523142993536
2013-12-19,5904.585970045075,-0.005842321439978692
2013-12-20,6040.339318428899,0.02299117145088978
2013-12-23,6170.6692321258615,0.02157658813956541
2013-12-24,6190.187069764385,0.0031630017595027297
2013-12-26,6225.471616926164,0.005700077681678491
2013-12-27,6193.954707258176,-0.005062573826904595
2013-12-30,6187.2034136042685,-0.0010899811143270457
2013-12-31,6254.021820630801,0.010799452120745427
2014-01-02,6153.90691160498,-0.016008084381087525
2014-01-03,6120.897221148755,-0.005364021739421471
2014-01-06,6067.314009643049,-0.008754143317513598
2014-01-07,6183.973313107472,0.019227503847503272
2014-01-08,6221.133194792601,0.006009062426961923
2014-01-09,6193.141459198938,-0.004499459297398404
2014-01-10,6248.330001395885,0.00891123552732235
2014-01-13,6065.0880834244035,-0.029326542921155788
2014-01-14,6270.8345284090165,0.03392307616222563
2014-01-15,6366.50426837335,0.015256301139970617
2014-01-16,6378.1624093155415,0.0018311683226390806
2014-01-17,6314.479274470111,-0.009984558366280984
2014-01-21,6399.850621856295,0.013519934689048304
2014-01-22,6452.219106257433,0.008182766676192828
2014-01-23,6378.981643860617,-0.011350740139278606
2014-01-24,6104.85123685771,-0.04297400781310289
2014-01-27,5973.484635172768,-0.021518395221790675
2014-01-28,6015.605962645324,0.007051382910494172
2014-01-29,5879.138498369155,-0.022685572346922592
2014-01-30,6087.366987519816,0.035418197616610324
2014-01-31,6030.667554896449,-0.009314278692185205
2014-02-03,5716.850167274469,-0.052036923734451936
2014-02-04,5815.8456056448995,0.017316430459752126
2014-02-05,5758.36384826857,-0.009883645693850168
2014-02-06,5889.324505747563,0.02274268541026129
2014-02-07,6089.027931229856,0.03390939407183221
2014-02-10,6155.304430730792,0.010884578006451852
2014-02-11,6282.673948326087,0.020692643073735615
2014-02-12,6313.551248987496,0.004914675011845231
2014-02-13,6432.056042334447,0.018769910732245144
2014-02-14,6442.3984213485155,0.0016079429261806433
2014-02-18,6530.283005177233,0.0136415940276977
2014-02-19,6423.970550343473,-0.01627991539562286
2014-02-20,6513.856710159868,0.013992305710615298
2014-02-21,6501.370066065872,-0.0019169356419094776
2014-02-24,6591.977692765958,0.013936697308312755
2014-02-25,6575.608918145529,-0.002483135620800428
2014-02-26,6589.472768242531,0.0021083750979692274
2014-02-27,6672.131654206168,0.012544081881938174
2014-02-28,6638.887212204419,-0.004982581838113373
2014-03-03,6544.362721909827,-0.014238002133975858
2014-03-04,6773.0085971355265,0.034937836568902
2014-03-05,6791.842028647687,0.0027806596200284795
2014-03-06,6773.797060139706,-0.002656859277920121
2014-03-07,6724.429120410566,-0.007288074811045848
2014-03-10,6719.409224941068,-0.0007465162290521696
2014-03-11,6635.046978557053,-0.012555009459891128
2014-03-12,6684.92749022187,0.007517733005662205
2014-03-13,6490.534617969015,-0.029079279100214066
2014-03-14,6444.921345136206,-0.007027660357365447
2014-03-17,6550.271984808643,0.016346303396230402
2014-03-18,6713.754710605945,0.02495815840570435
2014-03-19,6634.244183061511,-0.011842930069939592
2014-03-20,6670.406811065315,0.005450903977296392
2014-03-21,6539.294144856188,-0.019655872561120124
2014-03-24,6385.625861452815,-0.023499215664468703
2014-03-25,6409.586251911593,0.0037522383833063526
2014-03-26,6225.997686763119,-0.028642810617256285
2014-03-27,6159.46081111655,-0.010686941915836433
2014-03-28,6173.047185588073,0.0022057733441542306
2014-03-31,6301.907828320123,0.02087472181208909
2014-04-01,6509.31715800388,0.03291214904027648
2014-04-02,6535.151939221611,0.003968892679620836
2014-04-03,6416.9627504370355,-0.01808514781045069
2014-04-04,6083.948721040971,-0.05189589566705603
2014-04-07,5942.936286468396,-0.023177781575457912
2014-04-08,6039.915520510293,0.016318403793544187
2014-04-09,6248.318491112929,0.034504285679980706
2014-04-10,5860.8021260683345,-0.06201930416891604
2014-04-11,5703.710306574973,-0.026803808781502795
2014-04-14,5769.591799389209,0.011550637966007929
2014-04-15,5802.628132276499,0.005725939379418096
2014-04-16,5952.555460025181,0.025837831467215272
2014-04-17,5979.7602229405375,0.004570266181987271
2014-04-21,6056.328668139258,0.012804601245544178
2014-04-22,6173.759597910331,0.019389788138290103
2014-04-23,6071.567666803586,-0.016552625589978227
2014-04-24,6134.587830602566,0.010379553890759497
2014-04-25,5919.475768507204,-0.0350654466176635
2014-04-28,5916.519677541664,-0.0004993839118771703
2014-04-29,6001.287040992896,0.014327234264596254
2014-04-30,6033.659543933778,0.005394260051178211
2014-05-01,6071.60427663268,0.006288842189820243
2014-05-02,6061.301354571256,-0.001696902761116483
2014-05-05,6103.349504203962,0.00693714883537266
2014-05-06,5934.464640489764,-0.02767084919483488
2014-05-07,5896.530450823808,-0.006392183956601225
2014-05-08,5849.787416918794,-0.007927209788000577
2014-05-09,5908.746386882525,0.01007882265827466
2014-05-12,6118.0905418387965,0.03542953805243994
2014-05-13,6077.808554005697,-0.00658407840773678
2014-05-14,5991.010104223111,-0.014281208269612156
2014-05-15,5899.5742987309795,-0.015262168465994888
2014-05-16,5961.472304054248,0.01049194436564403
2014-05-19,6064.574549386468,0.017294762111383595
2014-05-20,5979.666920207622,-0.014000591218296663
2014-05-21,6080.953852445506,0.016938557546674803
2014-05-22,6148.211235463042,0.011060334389889931
2014-05-23,6241.502401632991,0.015173708676735679
2014-05-27,6394.952380749537,0.024585423387227745
2014-05-28,6358.878429259958,-0.005641003926498574
2014-05-29,6427.896916515949,0.010853877460277845
2014-05-30,6411.916148779011,-0.0024861580614146013
2014-06-02,6395.981498756834,-0.0024851619472924897
2014-06-03,6386.711272158039,-0.0014493829603162082
2014-06-04,6439.835219156716,0.008317887678790789
2014-06-05,6575.063535299668,0.020998723032645997
2014-06-06,6652.258314945916,0.011740537446035471
2014-06-09,6698.41173366871,0.006938007596472799
2014-06-10,6704.005248132623,0.0008350508577724678
2014-06-11,6685.400044756606,-0.0027752369945115716
2014-06-12,6579.686421461914,-0.01581260995407509
2014-06-13,6619.706977265765,0.006082441204691796
2014-06-16,6652.295526050551,0.004922959414473472
2014-06-17,6702.083524706576,0.007484333559904951
2014-06-18,6781.387056059075,0.011832668312794696
2014-06-19,6770.633430987434,-0.0015857559792334334
2014-06-20,6797.846736676983,0.004019314583625394
2014-06-23,6800.313679494443,0.0003629006232444802
2014-06-24,6743.437997618946,-0.008363685052793885
2014-06-25,6834.740172680498,0.013539410474863173
2014-06-26,6832.683387434905,-0.00030093100741619824
2014-06-27,6891.759878284208,0.008646162495681151
2014-06-30,6924.365806288543,0.0047311468449556075
2014-07-01,7083.083534214886,0.02292162666827898
2014-07-02,7080.325428963,-0.00038939329722173293
2014-07-03,7170.071861304843,0.012675467143744998
2014-07-07,7060.773498557754,-0.015243691396866712
2014-07-08,6870.378428185205,-0.026965185954688865
2014-07-09,6956.804190613603,0.01257947627365654
2014-07-10,6885.084432623104,-0.010309296628941563
2014-07-11,6945.666624855387,0.008799048555633024
2014-07-14,7024.582788917527,0.011361927994029374
2014-07-15,6948.717204690305,-0.010800012827368493
2014-07-16,6979.0252344173505,0.004361672641763073
2014-07-17,6782.020287828892,-0.02822814647766575
2014-07-18,6995.73620980625,0.031512132507314335
2014-07-21,6972.706689982403,-0.0032919365643841597
2014-07-22,7071.580923590106,0.014180179663910627
2014-07-23,7127.86094965271,0.007958620097927272
2014-07-24,7122.9603075399455,-0.0006875333493988803
2014-07-25,7051.29308804542,-0.010061437436154586
2014-07-28,7037.04784512978,-0.0020202312877606356
2014-07-29,7030.2141105042265,-0.0009711081658032102
2014-07-30,7094.307566506047,0.009116856897153969
2014-07-31,6798.390469536649,-0.04171190693317197
2014-08-01,6745.247846181517,-0.00781694190606758
2014-08-04,6842.574788682947,0.014428964616404114
2014-08-05,6745.805633460877,-0.014142213744176808
2014-08-06,6752.812614282284,0.0010387166785017108
2014-08-07,6690.698955134386,-0.009198190842216993
2014-08-08,6801.765251336933,0.01660010365842512
2014-08-11,6896.947582005154,0.013993768845449665
2014-08-12,6859.24912743926,-0.005465962169156245
2014-08-13,6999.680254089002,0.020473250648962608
2014-08-14,7059.4193063278135,0.008534540160447171
2014-08-15,7097.409381879363,0.005381473164159125
2014-08-18,7235.81808201088,0.01950129866890492
2014-08-19,7297.618421542849,0.008540891828888324
2014-08-20,7294.467977181489,-0.00043170856290052317
2014-08-21,7312.751221231278,0.002506453398244065
2014-08-22,7333.736259854426,0.0028696502845908423
2014-08-25,7395.005572929131,0.008354447297225388
2014-08-26,7438.307948339494,0.005855624445893573
2014-08-27,7435.1612516017885,-0.00042303932017333175
2014-08-28,7396.512145380835,-0.005198153061257042
2014-08-29,7469.972942273598,0.009931815894960616
2014-09-02,7529.120314307486,0.007918016904608147
2014-09-03,7445.394783578797,-0.011120227494517078
2014-09-04,7412.090865309958,-0.004473089639557224
2014-09-05,7479.231245223189,0.009058224073784961
2014-09-08,7510.402474616381,0.004167704991485764
2014-09-09,7379.742388375786,-0.01739721495381911
2014-09-10,7490.895128398249,0.015061872647146306
2014-09-11,7508.34926971821,0.0023300474804128055
2014-09-12,7429.349619336634,-0.01052157372329348
2014-09-15,7271.444395445577,-0.02125424592753997
2014-09-16,7380.5832173757635,0.015009235578909782
2014-09-17,7411.329470718462,0.004165829777559317
2014-09-18,7513.001532948018,0.013718464768197578
2014-09-19,7468.55739993988,-0.005915629434285364
2014-09-22,7299.153550222597,-0.02268227190951853
2014-09-23,7238.063189164844,-0.008369513072634305
2014-09-24,7387.626395885898,0.02066342926446757
2014-09-25,7100.838286499487,-0.03882006127788495
2014-09-26,7245.476516562667,0.020369176740466483
2014-09-29,7225.621720321648,-0.0027403023383806204
2014-09-30,7185.828051349236,-0.005507300342127548
2014-10-01,6957.949511796168,-0.03171221714806844
2014-10-02,6983.601480202714,0.003686713788747199
2014-10-03,7126.992738892073,0.02053256605432719
2014-10-06,7061.182972332355,-0.009233875909623594
2014-10-07,6840.705256366404,-0.031223906366658994
2014-10-08,7101.033497489782,0.03805576053450038
2014-10-09,6814.366430012355,-0.0403697669612127
2014-10-10,6496.712062590165,-0.046615392741891894
2014-10-13,6307.015604384036,-0.029198840333166807
2014-10-14,6347.606075830995,0.006435765184843476
2014-10-15,6312.165485635828,-0.0055833001877840845
2014-10-16,6318.511859991504,0.0010054195141300322
2014-10-17,6441.661576978163,0.019490304001237583
2014-10-20,6616.463231031119,0.027136112626232854
2014-10-21,6933.6689191288215,0.04794188027978643
2014-10-22,6818.893656883171,-0.01655332315175951
2014-10-23,7036.679532385836,0.031938593921731796
2014-10-24,7134.599862140583,0.013915701191744867
2014-10-27,7142.131513900139,0.0010556515999618384
2014-10-28,7391.814626862872,0.03495918725058417
2014-10-29,7343.2077749473,-0.006575767165335527
2014-10-30,7397.969840950213,0.007457512803838072
2014-10-31,7607.469410575976,0.028318521720122947
2014-11-03,7634.844559966594,0.0035984567157851532
2014-11-04,7584.758793029792,-0.0065601554220797885
2014-11-05,7575.35531190072,-0.0012397864435338753
2014-11-06,7633.731553223147,0.007706073038015542
2014-11-07,7614.3578930402,-0.0025379016864650315
2014-11-10,7677.645235859962,0.008311579743002121
2014-11-11,7707.335533173023,0.0038671098235155267
2014-11-12,7755.704884114543,0.006275755185866186
2014-11-13,7772.507956744981,0.0021665435806943116
2014-11-14,7800.5894363392645,0.0036129238786966004
2014-11-17,7742.7698269968,-0.007412210296969495
2014-11-18,7847.181644545001,0.013485073156139577
2014-11-19,7758.15318385861,-0.011345278434873556
2014-11-20,7845.145604673644,0.011213032116461453
2014-11-21,7882.3693563661245,0.004744813362075186
2014-11-24,8023.141144390296,0.017859070243958986
2014-11-25,8034.6669448687635,0.0014365695768078415
2014-11-26,8133.027864547661,0.01224206558328025
2014-11-28,8148.05091086699,0.001847165234096311
2014-12-01,7930.006987981001,-0.02676025533851126
2014-12-02,8025.6734827567025,0.012063860084953052
2014-12-03,8088.839797575243,0.007870531358428056
2014-12-04,8071.984657571231,-0.002083752481915286
2014-12-05,8110.489446629837,0.004770176194833392
2014-12-08,7975.099731489468,-0.016693162112013854
2014-12-09,8062.023067589545,0.010899341578997636
2014-12-10,7783.3322379117935,-0.03456834932637772
2014-12-11,7863.705894966716,0.010326381374731835
2014-12-12,7681.633621685713,-0.02315349476606725
2014-12-15,7522.251798014366,-0.020748428201704715
2014-12-16,7335.136762074185,-0.02487487004749999
2014-12-17,7646.530293052044,0.04245231426193678
2014-12-18,7989.462114603226,0.04484803020564562
2014-12-19,8046.787866765193,0.007175170410682154
2014-12-22,8101.52010680195,0.006801750082515792
2014-12-23,8047.488761668702,-0.006669284828150152
2014-12-24,8074.864657901886,0.003401793658113438
2014-12-26,8188.206674132136,0.014036398259546794
2014-12-29,8188.949071115987,9.066661521820089e-05
2014-12-30,8088.730849213344,-0.012238227522519556
2014-12-31,7948.763581327051,-0.017303983838194523
2015-01-02,7918.157034218222,-0.0038504789827600917
2015-01-05,7670.099797711402,-0.031327648016431654
2015-01-06,7473.048034633785,-0.025690899502560947
2015-01-07,7661.128931467368,0.025167896146515187
2015-01-08,7943.773337874028,0.036893310233394594
2015-01-09,7836.250982798705,-0.01353542586149599
2015-01-12,7705.779070558156,-0.01664978731882732
2015-01-13,7695.391124268611,-0.0013480721669317688
2015-01-14,7622.377015063062,-0.009488030955994946
2015-01-15,7397.501872530333,-0.02950197059110812
2015-01-16,7603.444045535173,0.027839421544397388
2015-01-20,7671.470936736288,0.008946852346610053
2015-01-21,7713.119641506834,0.005429037679215293
2015-01-22,7987.593598537665,0.0355853363863041
2015-01-23,8012.973599420736,0.0031774276657886894
2015-01-26,8060.403903647284,0.00591918888014017
2015-01-27,7755.698986000892,-0.037802685980601484
2015-01-28,7611.754452145781,-0.01855984020459439
2015-01-29,7761.053610375633,0.019614289868187206
2015-01-30,7601.624009165152,-0.020542262586273296
2015-02-02,7738.220510824326,0.017969384107196337
2015-02-03,7907.37723177117,0.0218598992766135
2015-02-04,7870.67048756418,-0.00464208841074459
2015-02-05,8032.420969985256,0.02055104233834278
2015-02-06,7962.860597494368,-0.008659951059688567
2015-02-09,7901.804249769997,-0.007667639911162505
2015-02-10,8108.115749106544,0.02610941663640332
2015-02-11,8154.205932871951,0.005684450640765251
2015-02-12,8346.114683857466,0.02353494044243778
2015-02-13,8470.847533285807,0.014945019826961158
2015-02-17,8490.601490345314,0.002331992989117665
2015-02-18,8515.415510275741,0.002922527922037612
2015-02-19,8579.3171460186,0.007504229907013679
2015-02-20,8688.510146704446,0.012727469893862012
2015-02-23,8706.777096367558,0.002102426003385815
2015-02-24,8732.120086417584,0.0029107199793366382
2015-02-25,8728.92154355528,-0.0003662962523017617
2015-02-26,8802.097206983643,0.008383127636470722
2015-02-27,8716.369726193287,-0.009739438087816046
2015-03-02,8873.644854537555,0.018043650428416907
2015-03-03,8773.962438715671,-0.011233536777270426
2015-03-04,8729.246976952812,-0.005096381717517844
2015-03-05,8784.570194469787,0.006337684987380932
2015-03-06,8589.339403471124,-0.02222428493104519
2015-03-09,8642.606285808552,0.006201510946918938
2015-03-10,8353.798041102566,-0.03341679988132962
2015-03-11,8320.1702120059,-0.0040254539230190345
2015-03-12,8469.14060480732,0.01790472899057487
2015-03-13,8394.852807361305,-0.008771586269786111
2015-03-16,8594.589206193637,0.023792721970918335
2015-03-17,8622.448741552129,0.003241520297260395
2015-03-18,8781.260048929107,0.01841835331669262
2015-03-19,8815.16785070342,0.003861382260105934
2015-03-20,8935.627133792077,0.013665001634545829
2015-03-23,8881.45168650655,-0.006062858988447437
2015-03-24,8824.134706947149,-0.006453559798842711
2015-03-25,8406.703095918196,-0.04730567074189312
2015-03-26,8361.566898913503,-0.005369072333077719
2015-03-27,8457.602160385395,0.011485318796453271
2015-03-30,8652.74261597402,0.023072787285106013
2015-03-31,8490.126119417531,-0.018793636165287102
2015-04-01,8418.818918581912,-0.008398838819665373
2015-04-02,8442.207151641103,0.0027780895735348803
2015-04-06,8548.123207776012,0.012546014831479038
2015-04-07,8523.714337459638,-0.002855465430607154
2015-04-08,8664.875993512875,0.016561049615760326
2015-04-09,8748.219533630376,0.009618549668789063
2015-04-10,8823.804466234358,0.008640036102593772
2015-04-13,8797.246311007517,-0.003009830434079785
2015-04-14,8758.836588001286,-0.004366107489586845
2015-04-15,8877.797174767882,0.013581779448832128
2015-04-16,8866.6028094938,-0.0012609395161558964
2015-04-17,8597.798412226717,-0.03031650374360564
2015-04-20,8817.454326247727,0.025547925583907845
2015-04-21,8886.553649848795,0.00783665228583857
2015-04-22,8961.489682811642,0.008432519052436397
2015-04-23,9036.101734104894,0.008325853617435909
2015-04-24,9165.105349679232,0.014276467814371922
2015-04-27,9051.30122915704,-0.012417109916382608
2015-04-28,9034.277746247024,-0.0018807774129952952
2015-04-29,8920.947920966477,-0.01254442562689929
2015-04-30,8629.18815795461,-0.03270501807617976
2015-05-01,8852.852936739202,0.02591956215236904
2015-05-04,8894.423161811868,0.004695686844649946
2015-05-05,8619.52292225486,-0.03090703405447252
2015-05-06,8551.044932216553,-0.007944522064150904
2015-05-07,8641.322117872707,0.01055744489378482
2015-05-08,8844.287247469932,0.02348774028194556
2015-05-11,8809.754638083476,-0.0039045101566930465
2015-05-12,8748.678964853949,-0.006932732605912069
2015-05-13,8768.265032314486,0.0022387457054053044
2015-05-14,9011.793278437011,0.027773823581407408
2015-05-15,9003.090744868736,-0.0009656827780436569
2015-05-18,9111.39159027919,0.012029296213878545
2015-05-19,9081.471406431087,-0.003283821527331225
2015-05-20,9087.853604802418,0.0007027713996666938
2015-05-21,9156.379964392712,0.007540433920951575
2015-05-22,9151.494306117065,-0.0005335796782840269
2015-05-26,8948.939382836224,-0.022133535410216967
2015-05-27,9211.787785208951,0.029372017300381192
2015-05-28,9180.98454228382,-0.003343894110825115
2015-05-29,9080.572957286957,-0.010936908186089429
2015-06-01,9127.550255580034,0.005173384819884153
2015-06-02,9104.78661846467,-0.0024939481545388966
2015-06-03,9186.504747505469,0.00897529315789479
2015-06-04,9042.243847560212,-0.015703567777987516
2015-06-05,9075.886066731895,0.003720560929216834
2015-06-08,8908.941239776577,-0.018394328193173555
2015-06-09,8881.658402292012,-0.003062410756819511
2015-06-10,9104.469963709771,0.025086706933049797
2015-06-11,9125.601909311965,0.0023210517126669777
2015-06-12,9013.06666997361,-0.012331815529178532
2015-06-15,8938.421921909769,-0.008281836892709973
2015-06-16,9029.587157409263,0.010199253995387236
2015-06-17,9063.170108533366,0.003719212245107511
2015-06-18,9307.036764412724,0.026907434480320236
2015-06-19,9249.458496444822,-0.006186530624662748
2015-06-22,9383.895033131777,0.014534530506691467
2015-06-23,9406.445353832238,0.0024030874834855566
2015-06-24,9269.335338997776,-0.014576177256863823
2015-06-25,9232.609397487433,-0.003962090070884703
2015-06-26,9118.441845308344,-0.012365686369246598
2015-06-29,8681.141768679656,-0.047957763403808834
2015-06-30,8780.830493647225,0.011483365624465707
2015-07-01,8873.519752954056,0.010555864775420804
2015-07-02,8859.928292545284,-0.0015316876264626243
2015-07-06,8799.836518671567,-0.0067824221471722065
2015-07-07,8819.546253652863,0.0022397842209314397
2015-07-08,8510.248201579388,-0.03506961051940406
2015-07-09,8554.307007763022,0.005177147027915755
2015-07-10,8816.265987252991,0.030623050967453307
2015-07-13,9077.423576764431,0.02962224482440021
2015-07-14,9197.172508140882,0.013191951478718534
2015-07-15,9175.9925323131,-0.002302879043427274
2015-07-16,9407.46257016602,0.025225613146240555
2015-07-17,9578.852984297047,0.0182185592398271
2015-07-20,9611.727381834096,0.003431976416272526
2015-07-21,9572.438271486979,-0.004087622212566257
2015-07-22,9439.087002326161,-0.013930752581400866
2015-07-23,9346.783415130165,-0.009778868144053394
2015-07-24,9137.169940526446,-0.022426268513337552
2015-07-27,8962.512853291732,-0.019115009173688705
2015-07-28,9138.573843127873,0.019644154794319527
2015-07-29,9219.708987257158,0.008878315754957396
2015-07-30,9281.47320575071,0.006699150545740571
2015-07-31,9279.92543688647,-0.0001667589648679835
2015-08-03,9234.024429243673,-0.004946269014225676
2015-08-04,9198.795771342553,-0.00381509256024416
2015-08-05,9322.977981753033,0.013499833401818878
2015-08-06,9020.3314386592,-0.03246243246376577
2015-08-07,8974.56060921677,-0.005074184884855225
2015-08-10,9182.65803744746,0.023187478172131962
2015-08-11,8948.895995897059,-0.025456903719718666
2015-08-12,8976.154460550757,0.0030460142420020153
2015-08-13,8937.865239626975,-0.0042656597646640775
2015-08-14,8990.250685308862,0.005861069089476664
2015-08-17,9145.804852096391,0.01730253940991019
2015-08-18,9029.84761347966,-0.012678735277207575
2015-08-19,8886.248827075446,-0.015902681036372303
2015-08-20,8385.234456287611,-0.05638086222178448
2015-08-21,7795.967689611035,-0.07027433397938193
2015-08-24,7200.951894012488,-0.0763235327913775
2015-08-25,7138.281501861316,-0.008703070520896087
2015-08-26,7743.729452073066,0.08481704595901376
2015-08-27,8123.6553614480135,0.04906239451240615
2015-08-28,8176.582672645348,0.006515208836715134
2015-08-31,8001.7982158573295,-0.021376223269013974
2015-09-01,7531.583264123408,-0.05876366024852839
2015-09-02,7901.803651553484,0.04915571858491086
2015-09-03,7847.196203439201,-0.006910757407082194
2015-09-04,7683.030198889121,-0.020920338971278714
2015-09-08,8103.846833624288,0.05477222187620869
2015-09-09,7917.475498575495,-0.022997884692921973
2015-09-10,8049.9306664525675,0.016729469879749274
2015-09-11,8137.735703714204,0.010907551990175034
2015-09-14,8082.466870247306,-0.006791672214381654
2015-09-15,8266.888870538407,0.022817538661369006
2015-09-16,8364.81748356842,0.0118458847776474
2015-09-17,8381.169856812388,0.001954898989259404
2015-09-18,8152.88271883065,-0.027238099439803258
2015-09-21,8159.3828617551335,0.0007972815442897077
2015-09-22,7915.521861482621,-0.029887186862568284
2015-09-23,7902.499222405827,-0.0016452028438154488
2015-09-24,7841.999510466893,-0.00765576942638606
2015-09-25,7683.276576309175,-0.02024011018438193
2015-09-28,7216.585762310219,-0.0607411186313353
2015-09-29,7132.140077308596,-0.011701611784710495
2015-09-30,7457.0778149644475,0.045559640463269054
2015-10-01,7479.626425677474,0.0030237864311643678
2015-10-02,7740.738906515683,0.034909829178341456
2015-10-05,7983.032313134628,0.03130106951611509
2015-10-06,7873.394596357008,-0.013733843541786856
2015-10-07,8015.519478130908,0.018051283983615038
2015-10-08,8081.460498948647,0.00822666840217258
2015-10-09,8147.807896434691,0.008209827604141235
2015-10-12,8176.0592074636215,0.003467351143771144
2015-10-13,8034.250112785308,-0.01734443098808047
2015-10-14,7988.381243730308,-0.005709166183662586
2015-10-15,8280.058947115664,0.0365127420044305
2015-10-16,8336.704659971907,0.006841220964492834
2015-10-19,8401.487873376793,0.007770841843053009
2015-10-20,8317.803761182247,-0.009960630004564933
2015-10-21,8178.811122778204,-0.016710256985467412
2015-10-22,8449.172568884645,0.03305632591923749
2015-10-23,8833.432292059373,0.04547897679233387
2015-10-26,8844.15135098382,0.0012134647745116647
2015-10-27,8828.415508998658,-0.0017792370755178963
2015-10-28,9058.723127927553,0.026087084221868152
2015-10-29,8982.821122706147,-0.00837888564972294
2015-10-30,8910.42278497676,-0.008059643706628488
2015-11-02,9170.004735492737,0.029132394363333747
2015-11-03,9234.578645535672,0.007041862235141367
2015-11-04,9225.326695443839,-0.0010018811303650372
2015-11-05,9172.701525619772,-0.005704423437931787
2015-11-06,9242.295773109463,0.0075871047690053315
2015-11-09,9056.979659831923,-0.020050874569143166
2015-11-10,9014.361543143626,-0.004705555084473654
2015-11-11,8957.088460488283,-0.006353537339414266
2015-11-12,8738.355680663839,-0.024420075875026145
2015-11-13,8469.03572606855,-0.030820438585629804
2015-11-16,8664.778987855587,0.023112815687448274
2015-11-17,8669.855982628249,0.0005859347110617678
2015-11-18,8980.274286741247,0.035804320710168806
2015-11-19,8975.007042278396,-0.0005865349202782634
2015-11-20,9085.925717584607,0.012358617077814828
2015-11-23,9078.009304882333,-0.0008712830093860416
2015-11-24,9079.439709049486,0.00015756804373216467
2015-11-25,9127.132112973657,0.00525279152155566
2015-11-27,9168.250799059555,0.004505104733550502
2015-11-30,9101.61755892021,-0.007267824757387729
2015-12-01,9271.625453865176,0.018678866019628166
2015-12-02,9152.888006406278,-0.012806540562895423
2015-12-03,8846.967377283663,-0.033423399140085096
2015-12-04,9215.10818566656,0.04161209063889759
2015-12-07,9070.877150765322,-0.015651583464378557
2015-12-08,9058.43840083388,-0.0013712841354479545
2015-12-09,8790.862573914133,-0.029538847103614978
2015-12-10,8869.168104170894,0.00890760486793687
2015-12-11,8476.691845467092,-0.044251755530401296
2015-12-14,8541.876353371621,0.007689852255203349
2015-12-15,8690.903349933766,0.01744663472017136
2015-12-16,8954.797164680835,0.03036437112709105
2015-12-17,8712.847437560946,-0.02701900698255653
2015-12-18,8436.270492244703,-0.03174357720576215
2015-12-21,8594.089035154424,0.018707145895191412
2015-12-22,8705.681193060866,0.012984757017290552
2015-12-23,8861.967671597853,0.017952240045449888
2015-12-24,8871.20980293043,0.0010428983353433867
2015-12-28,8845.853146494057,-0.002858308731239508
2015-12-29,9081.068467666364,0.02659046191214825
2015-12-30,8931.666677232002,-0.016452005726673633
2015-12-31,8725.846058252848,-0.023043920739207305
2016-01-04,8363.126954042715,-0.04156835930735637
2016-01-05,8323.544606004278,-0.004732960321653687
2016-01-06,8134.275228361046,-0.02273903566356815
2016-01-07,7642.178130651805,-0.06049673559034371
2016-01-08,7493.078724957692,-0.019510066782674647
2016-01-11,7475.399090645527,-0.002359461972990957
2016-01-12,7630.077508152524,0.02069166015504868
2016-01-13,7109.655044685749,-0.06820670732515076
2016-01-14,7389.238779649946,0.039324514791076515
2016-01-15,6984.067009657386,-0.05483268061500567
2016-01-19,6949.020725835925,-0.005018033729200962
2016-01-20,6932.853203679036,-0.0023265900037942743
2016-01-21,6934.161499467793,0.00018870957603172775
2016-01-22,7303.726043080824,0.053296212330992805
2016-01-25,7072.9619702253885,-0.03159539000974021
2016-01-26,7227.092832330013,0.021791558155332905
2016-01-27,6912.397413154714,-0.04354384625689693
2016-01-28,7031.710273041059,0.017260706055367243
2016-01-29,7366.617363008491,0.04762811278664835
2016-02-01,7387.630912620515,0.0028525371383539794
2016-02-02,7057.08057617106,-0.04474375349271525
2016-02-03,7017.529399496817,-0.00560446720812446
2016-02-04,7034.269314148207,0.0023854427531987427
2016-02-05,6577.644116702703,-0.0649143751899123
2016-02-08,6338.733882406444,-0.036321550703783415
2016-02-09,6294.519204488069,-0.006975316954241448
2016-02-10,6338.400674709983,0.006971377605874379
2016-02-11,6288.978142664874,-0.007797319005455525
2016-02-12,6497.4479625193835,0.03314844083178387
2016-02-16,6793.001303739408,0.0454876041985912
2016-02-17,7093.609667452883,0.04425265803320194
2016-02-18,6948.211835932687,-0.02049701609426223
2016-02-19,7000.675932139551,0.00755073354780955
2016-02-22,7206.874388142172,0.0294540781492228
2016-02-23,6995.657814241306,-0.029307653016457637
2016-02-24,7117.075160929106,0.017356101443473257
2016-02-25,7241.2946838077405,0.017453732055629764
2016-02-26,7267.601176861248,0.0036328438769839
2016-02-29,7165.136636314234,-0.01409881170601965
2016-03-01,7579.212906332639,0.05779042201648894
2016-03-02,7624.059995208258,0.005917116913043597
2016-03-03,7637.2047440451315,0.0017241140344034743
2016-03-04,7668.531728040254,0.00410189133917721
2016-03-07,7640.550964092421,-0.0036487772288299174
2016-03-08,7447.84232827787,-0.02522182454121499
2016-03-09,7529.914295280615,0.011019562899597728
2016-03-10,7490.719006729096,-0.005205276848381181
2016-03-11,7768.2425079831855,0.03704898034551605
2016-03-14,7774.705864042777,0.000832022951516835
2016-03-15,7704.148954477449,-0.009075186997317386
2016-03-16,7819.352378881819,0.014953426405056428
2016-03-17,7855.709377142176,0.004649617576840332
2016-03-18,7923.870581045852,0.00867664530742524
2016-03-21,7968.109565710507,0.005583001919601768
2016-03-22,8010.6796772708385,0.005342561018930384
2016-03-23,7835.422452479959,-0.021877946922300086
2016-03-24,7850.851823595136,0.0019691817778495087
2016-03-28,7829.509611256599,-0.002718458177289136
2016-03-29,8091.9349045160525,0.033517462304683894
2016-03-30,8167.822665782322,0.009378197200266216
2016-03-31,8169.89106104651,0.0002532370435578774
2016-04-01,8320.02892118255,0.018376972105770977
2016-04-04,8243.61361404146,-0.009184500182029189
2016-04-05,8082.464950545767,-0.019548303819238444
2016-04-06,8338.912547680531,0.03172888453013905
2016-04-07,8093.889932509247,-0.029383041706011987
2016-04-08,8101.823941512514,0.0009802467131902102
2016-04-11,8044.631460357798,-0.0070592105638917066
2016-04-12,8173.60828848621,0.016032658396345673
2016-04-13,8426.551207337528,0.030946298124859634
2016-04-14,8421.535048701626,-0.0005952801463467494
2016-04-15,8395.610691284905,-0.0030783410942067805
2016-04-18,8470.32125278015,0.008898764395161773
2016-04-19,8403.267986855955,-0.007916260071267764
2016-04-20,8430.066046005879,0.003189004467290673
2016-04-21,8422.697485364652,-0.0008740810096876857
2016-04-22,8287.57626988085,-0.016042510813025143
2016-04-25,8252.984440403063,-0.004173937994815467
2016-04-26,8227.856430086904,-0.003044718004452158
2016-04-27,8143.4172104159725,-0.01026260246376712
2016-04-28,7949.864559403862,-0.023767989040834617
2016-04-29,7851.016893303817,-0.012433880522293817
2016-05-02,7990.421879478235,0.017756296804470793
2016-05-03,7810.2520278623815,-0.022548227657238323
2016-05-04,7687.193558437908,-0.015756017729706306
2016-05-05,7659.55553435692,-0.0035953334426776073
2016-05-06,7721.66470582846,0.008108717430528356
2016-05-09,7768.015918729828,0.006002748716398117
2016-05-10,7963.352962807312,0.0251463238645659
2016-05-11,7800.657610901199,-0.020430508689741337
2016-05-12,7724.28543300528,-0.00979047943204068
2016-05-13,7660.385600831812,-0.008272588154294271
2016-05-16,7848.561157133694,0.024564762938493412
2016-05-17,7652.408604856821,-0.024992167143730173
2016-05-18,7728.498150582945,0.009943215222176161
2016-05-19,7641.952352773114,-0.01119826855406608
2016-05-20,7827.092277868867,0.024226783490552534
2016-05-23,7815.231260812057,-0.0015153797394655364
2016-05-24,8127.905254197101,0.04000828420175952
2016-05-25,8241.224500807204,0.013941998961120663
2016-05-26,8264.58275899881,0.0028343188793506042
2016-05-27,8371.770826384247,0.012969567915419155
2016-05-31,8421.928998283698,0.005991345551573708
2016-06-01,8436.421980136434,0.0017208625073529638
2016-06-02,8501.727716254592,0.007740928117621515
2016-06-03,8403.284214475761,-0.011579234840774206
2016-06-06,8492.926289301284,0.010667504815688867
2016-06-07,8469.330324728498,-0.0027783079434599133
2016-06-08,8513.53151841768,0.005218971511847183
2016-06-09,8458.896415002413,-0.006417443019629615
2016-06-10,8240.499186174704,-0.025818643250006892
2016-06-13,8085.811071518902,-0.018771692243514312
2016-06-14,8069.688614221326,-0.0019939196148627547
2016-06-15,8041.1529950735385,-0.0035361487303857482
2016-06-16,8074.535966019979,0.004151515456414506
2016-06-17,7926.162600543605,-0.01837546654083566
2016-06-20,8048.471881677056,0.015431084031137911
2016-06-21,8070.455451456464,0.0027313967300371693
2016-06-22,8035.8535614740085,-0.004287476734192434
2016-06-23,8291.148759989152,0.03176951851625243
2016-06-24,7608.93973744789,-0.08228160443018678
2016-06-27,7242.467877072169,-0.04816332800903996
2016-06-28,7549.80458677659,0.04243535696960031
2016-06-29,7831.190581690484,0.037270632859390675
2016-06-30,8039.2101296779365,0.026562953080698663
2016-07-01,8105.467938700803,0.008241830721436872
2016-07-05,7973.968243751037,-0.01622357844658168
2016-07-06,8094.054772440238,0.015059820282493438
2016-07-07,8153.0430630585015,0.007287854144391909
2016-07-08,8420.552970829043,0.03281105051224746
2016-07-11,8529.455253534585,0.01293291344200387
2016-07-12,8646.533606162819,0.013726357563071575
2016-07-13,8587.895251839993,-0.00678171819988442
2016-07-14,8685.301327690398,0.011342252437177276
2016-07-15,8670.078786716973,-0.0017526785081012765
2016-07-18,8760.976238676254,0.010484039902675478
2016-07-19,8693.90994587565,-0.0076551163904010865
2016-07-20,8879.025121192417,0.021292511248587765
2016-07-21,8823.304911510948,-0.006275487333454626
2016-07-22,8914.839959719386,0.010374236085734893
2016-07-25,8906.61643345088,-0.0009224536060841322
2016-07-26,8950.223910845274,0.004896076722313577
2016-07-27,9054.680717367019,0.01167085958544253
2016-07-28,9108.340258205431,0.00592616598125796
2016-07-29,9133.818477608744,0.0027972406257396557
2016-08-01,9212.555701523164,0.008620406033625669
2016-08-02,9047.61110972255,-0.017904325047754494
2016-08-03,9125.341039428607,0.008591210294453127
2016-08-04,9148.57969684147,0.002546607004872889
2016-08-05,9343.123668512737,0.021264937085090103
2016-08-08,9315.214419574308,-0.002987143264782667
2016-08-09,9359.530759950061,0.004757414953608632
2016-08-10,9284.878757973513,-0.007976041095563085
2016-08-11,9370.083308631447,0.009176700404920675
2016-08-12,9386.39443758812,0.001740766695387751
2016-08-15,9491.551147083783,0.011203099357785252
2016-08-16,9365.831331794061,-0.013245444642454392
2016-08-17,9371.603362374723,0.0006162859842528481
2016-08-18,9413.009276117999,0.004418231559981882
2016-08-19,9406.868895900208,-0.0006523291370135318
2016-08-22,9429.863536518938,0.0024444521203809506
2016-08-23,9485.749045461233,0.005926438778871841
2016-08-24,9333.081591380545,-0.01609440154372782
2016-08-25,9313.657997476164,-0.0020811554805563047
2016-08-26,9337.89017707756,0.002601789716560425
2016-08-29,9386.528131944187,0.005208666405825005
2016-08-30,9353.23517575446,-0.003546887168688625
2016-08-31,9318.46052028964,-0.0037179280549860566
2016-09-01,9368.690268980103,0.005390348392966322
2016-09-02,9450.242090097627,0.008704719526009309
2016-09-06,9544.760163828876,0.010001656341723793
2016-09-07,9574.000134386022,0.0030634578611996315
2016-09-08,9485.620133023369,-0.009231251318372873
2016-09-09,9004.045922636213,-0.050768869471232284
2016-09-12,9306.733909638178,0.03361688618679833
2016-09-13,9104.668954429148,-0.021711693615713012
2016-09-14,9170.296615823565,0.007208132632048299
2016-09-15,9439.639803292079,0.029371262321412437
2016-09-16,9421.446149979822,-0.0019273673245363322
2016-09-19,9387.826884216702,-0.0035683763647253197
2016-09-20,9410.711851512582,0.002437727876549897
2016-09-21,9604.231223439283,0.020563733645249768
2016-09-22,9765.299272108581,0.01677053008430375
2016-09-23,9642.004038735417,-0.012625853026882421
2016-09-26,9467.272485505593,-0.018121912470464005
2016-09-27,9641.153884072968,0.01836657800159318
2016-09-28,9688.041636158876,0.004863292573658172
2016-09-29,9508.29680649237,-0.018553267669251243
2016-09-30,9663.165158279498,0.016287706929950005
2016-10-03,9623.34480157026,-0.004120839917045271
2016-10-04,9582.866411567038,-0.004206270360032985
2016-10-05,9678.59769607977,0.009989838155020008
2016-10-06,9645.431799958433,-0.003426725354518197
2016-10-07,9593.128792873184,-0.005422567715991221
2016-10-10,9725.284877777909,0.013776119111723627
2016-10-11,9426.63453616772,-0.030708647136147092
2016-10-12,9398.933551482995,-0.0029385868921133085
2016-10-13,9306.974821401045,-0.009783953634552419
2016-10-14,9310.154442965924,0.00034163856955630876
2016-10-17,9259.59346646047,-0.005430734453997581
2016-10-18,9416.58597872763,0.01695457935986157
2016-10-19,9426.034786016955,0.0010034217614187933
2016-10-20,9409.796256498968,-0.001722731762254303
2016-10-21,9465.915316252243,0.0059638974344972005
2016-10-24,9655.374590899393,0.020014892201905058
2016-10-25,9559.478405641794,-0.009931896930025419
2016-10-26,9439.813403394324,-0.012517942629259586
2016-10-27,9316.692082124171,-0.01304277065750911
2016-10-28,9224.491194790431,-0.00989631153643507
2016-10-31,9221.68587547963,-0.0003041164278398599
2016-11-01,9095.547093723986,-0.013678494741514117
2016-11-02,8926.292747523366,-0.0186084843997352
2016-11-03,8761.596244736516,-0.01845071716167351
2016-11-04,8720.091116869602,-0.004737165090419173
2016-11-07,9134.725743389517,0.047549345639035456
2016-11-08,9231.551320780176,0.010599724623448882
2016-11-09,9436.465338703365,0.022197137924362547
2016-11-10,9284.761401676862,-0.01607635185224423
2016-11-11,9385.90300100275,0.010893290085798282
2016-11-14,9319.493138265383,-0.007075489990709757
2016-11-15,9524.086930618361,0.02195331755896966
2016-11-16,9592.765167346884,0.007211004816402295
2016-11-17,9735.722225551337,0.014902591245647002
2016-11-18,9690.463596030944,-0.004648718243173668
2016-11-21,9863.58734247912,0.01786537297545656
2016-11-22,9928.081134978374,0.006538573671011285
2016-11-23,9907.409899665747,-0.0020820977419089537
2016-11-25,9975.040458583997,0.0068262603044748115
2016-11-28,9864.473015015494,-0.011084410537237866
2016-11-29,9905.528397293529,0.00416194379725515
2016-11-30,9698.659855983002,-0.0208841500436311
2016-12-01,9434.469601378687,-0.027239872160413865
2016-12-02,9451.002398538654,0.0017523822597882445
2016-12-05,9643.139133485396,0.02032977316527298
2016-12-06,9730.950542119865,0.009106102008789401
2016-12-07,9952.910100590756,0.022809648195225393
2016-12-08,10040.237699003703,0.008774076881068437
2016-12-09,10141.07044683335,0.01004286460664699
2016-12-12,10022.717905453934,-0.011670616233256917
2016-12-13,10212.904078500622,0.01897550892290379
2016-12-14,10111.60718394062,-0.009918520117431134
2016-12-15,10186.907169455195,0.00744688595440761
2016-12-16,10113.628736598312,-0.007193393601995692
2016-12-19,10189.77878763096,0.007529448926386139
2016-12-20,10288.973605583202,0.009734737134102549
2016-12-21,10242.270008621255,-0.0045391891117888845
2016-12-22,10152.616602916216,-0.008753274970253157
2016-12-23,10209.771243085808,0.005629547771278447
2016-12-27,10303.235224701619,0.009154365890333239
2016-12-28,10119.9200129381,-0.01779200491550711
2016-12-29,10096.076649092582,-0.002356082243242559
2016-12-30,9914.279941840494,-0.01800666868633843
2017-01-03,10084.380391483983,0.017157115861296923
2017-01-04,10262.577617822626,0.017670617273533896
2017-01-05,10303.755409610538,0.004012421958826429
2017-01-06,10428.303465293266,0.01208763705382207
2017-01-09,10469.499487166213,0.003950404973354826
2017-01-10,10545.38689531701,0.007248427514975255
2017-01-11,10590.512712710053,0.004279199790487043
2017-01-12,10529.17667977388,-0.0057916018421433416
2017-01-13,10630.44917131787,0.009618272598514728
2017-01-17,10496.209650601693,-0.012627831482264191
2017-01-18,10560.522426232817,0.0061272380956526856
2017-01-19,10501.514763011663,-0.005587570466644428
2017-01-20,10559.5132629015,0.00552286990959826
2017-01-23,10550.982948135472,-0.000807832193932397
2017-01-24,10733.650817026115,0.01731287689389386
2017-01-25,10946.098915470038,0.0197927156440501
2017-01-26,10941.801203678999,-0.00039262497299061516
2017-01-27,10963.663134696955,0.0019980193947048285
2017-01-30,10781.911755962208,-0.016577614297501955
2017-01-31,10786.249389438351,0.000402306527295197
2017-02-01,10893.47899806659,0.009941324806863322
2017-02-02,10868.765772464913,-0.002268625625116086
2017-02-03,10986.857831233669,0.010865268535635568
2017-02-06,10974.949756960372,-0.0010838471250118231
2017-02-07,11016.49530826232,0.003785488974616967
2017-02-08,11048.645556022042,0.002918373480866421
2017-02-09,11176.116136016899,0.01153721325826941
2017-02-10,11250.426092225454,0.006648996422744709
2017-02-13,11368.071471271474,0.010456970969954474
2017-02-14,11441.678601366577,0.006474900362925794
2017-02-15,11587.784828576492,0.012769649655467891
2017-02-16,11569.907734814708,-0.0015427533412337815
2017-02-17,11664.342806242512,0.008162128306662462
2017-02-21,11774.520739630856,0.009445704333156217
2017-02-22,11753.369889013702,-0.0017963236962982617
2017-02-23,11652.820714849286,-0.008554922980719295
2017-02-24,11692.163911491918,0.00337628095423249
2017-02-27,11759.14771512227,0.005728948391196774
2017-02-28,11613.074189618941,-0.012422118425766402
2017-03-01,11926.617752872427,0.026999187134597587
2017-03-02,11753.867557477606,-0.014484424584934487
2017-03-03,11792.295851420473,0.0032694169604129885
2017-03-06,11706.222722566517,-0.007299098490951459
2017-03-07,11645.426905528424,-0.005193461501539272
2017-03-08,11660.08325948791,0.001258550165518453
2017-03-09,11665.321227716924,0.00044922219785634854
2017-03-10,11757.109213722038,0.007868449073397645
2017-03-13,11814.088977700985,0.004846409346308106
2017-03-14,11738.052591135289,-0.006436077018652435
2017-03-15,11911.538794479788,0.01477981138673006
2017-03-16,11914.614474973208,0.0002582101730505542
2017-03-17,11915.79258848265,9.887970038121891e-05
2017-03-20,11918.559832446466,0.0002322333108155869
2017-03-21,11483.753185922571,-0.036481475332296516
2017-03-22,11594.197053240749,0.009617401691771492
2017-03-23,11578.666954600514,-0.001339471683025501
2017-03-24,11622.854538632184,0.003816292860389479
2017-03-27,11669.84775726717,0.004043173600666852
2017-03-28,11809.002687718641,0.011924314125247562
2017-03-29,11899.297730644636,0.007646288625194356
2017-03-30,11967.259666264528,0.005711424082185033
2017-03-31,11956.947661273107,-0.0008616847364389461
2017-04-03,11888.566312008423,-0.005718963668810035
2017-04-04,11904.627051324956,0.0013509399615588128
2017-04-05,11767.072852193269,-0.011554683614920878
2017-04-06,11825.347258019798,0.0049523281242934885
2017-04-07,11820.968448885029,-0.00037029010981463125
2017-04-10,11834.13963942471,0.001114222628766296
2017-04-11,11777.35907485363,-0.004798030638570324
2017-04-12,11654.668328020578,-0.010417509227090943
2017-04-13,11531.020265528558,-0.010609316285281296
2017-04-17,11736.97854291189,0.0178612362688351
2017-04-18,11707.845853520781,-0.0024821285379874334
2017-04-19,11762.332432141178,0.0046538517249108124
2017-04-20,11978.203739142371,0.01835276364161511
2017-04-21,11953.067699482017,-0.0020984815593188466
2017-04-24,12250.171177278608,0.02485583494264532
2017-04-25,12421.00094415371,0.01394509222793176
2017-04-26,12420.146804226415,-6.876578877455217e-05
2017-04-27,12518.114105639417,0.007887773225004394
2017-04-28,12512.828804875126,-0.0004222122214008409
2017-05-01,12695.522343322253,0.014600498520042776
2017-05-02,12711.459086990857,0.0012553042905701966
2017-05-03,12616.503010336248,-0.00747011621598877
2017-05-04,12628.317398298528,0.0009364233458828701
2017-05-05,12734.215818321758,0.008385790179576648
2017-05-08,12742.81747491946,0.0006754759555219729
2017-05-09,12817.919313590135,0.00589366039484521
2017-05-10,12853.955388301938,0.0028113825520492204
2017-05-11,12798.898911968921,-0.004283232255739921
2017-05-12,12821.180439719528,0.0017408941115841152
2017-05-15,12940.99248399351,0.009344852826718514
2017-05-16,13026.234703718259,0.0065869924451452885
2017-05-17,12356.642963269762,-0.05140332227066088
2017-05-18,12537.299290611762,0.014620178626104468
2017-05-19,12655.828932979797,0.00945416071041665
2017-05-22,12864.190303532048,0.016463668374126172
2017-05-23,12885.766628841555,0.0016772392821009035
2017-05-24,12988.050816756351,0.007937765044251206
2017-05-25,13166.313109039089,0.013725099693385439
2017-05-26,13187.464906408632,0.0016065087617445316
2017-05-30,13158.660550409748,-0.002184222381125392
2017-05-31,13139.078586147949,-0.0014881426712682715
2017-06-01,13344.115564629341,0.01560512612334576
2017-06-02,13596.286124226435,0.01889751017036397
2017-06-05,13553.360736327699,-0.0031571406711020642
2017-06-06,13464.81677583412,-0.006532989287022264
2017-06-07,13560.839910877194,0.007131410448555788
2017-06-08,13666.077952645506,0.007760436850515429
2017-06-09,13174.12985900791,-0.035997752635558794
2017-06-12,13037.052955485558,-0.010405006250080555
2017-06-13,13226.901124711801,0.014562199745177829
2017-06-14,13118.77247162445,-0.008174904466877254
2017-06-15,12994.525479503824,-0.009470931246758784
2017-06-16,12936.835956213168,-0.00443952519710312
2017-06-19,13304.48102479556,0.028418468768309717
2017-06-20,13087.28800478724,-0.016324802117687727
2017-06-21,13281.75321149945,0.014859091252601517
2017-06-22,13293.661520739126,0.0008965916660284281
2017-06-23,13415.647331032356,0.009176238623416393
2017-06-26,13338.838736374315,-0.0057252991795909555
2017-06-27,12909.771755052361,-0.0321667417832942
2017-06-28,13278.769528274071,0.028582827041639936
2017-06-29,12895.361893921652,-0.028873732128269908
2017-06-30,12879.091947920648,-0.00126168975596367
2017-07-03,12752.413564547014,-0.009835971657464939
2017-07-05,12923.169565983662,0.013390092830063668
2017-07-06,12665.389117416797,-0.019947153618210926
2017-07-07,12930.256026262166,0.020912654667762078
2017-07-10,13028.904777334194,0.007629296038041798
2017-07-11,13100.475479378052,0.00549322473891791
2017-07-12,13387.831361659133,0.021934767385612654
2017-07-13,13444.814773073826,0.004256358619655623
2017-07-14,13608.031215911611,0.012139731606021177
2017-07-17,13617.197528448702,0.0006735957899900402
2017-07-18,13746.309958817988,0.009481571380568469
2017-07-19,13923.051572298991,0.012857386019266009
2017-07-20,13944.926995602991,0.0015711658604728393
2017-07-21,13935.351138267742,-0.0006866911055373337
2017-07-24,14036.698381935512,0.007272672404318537
2017-07-25,14042.900042403244,0.00044181760546436663
2017-07-26,14089.48749161893,0.0033175091380707104
2017-07-27,13911.782848863137,-0.01261256968087019
2017-07-28,13879.286455933265,-0.0023358898915337737
2017-07-31,13764.360904215457,-0.008280364562162194
2017-08-01,13828.869414034092,0.004686633129394102
2017-08-02,13827.851352231648,-7.361858529167611e-05
2017-08-03,13731.121839663794,-0.006995267023335619
2017-08-04,13779.960372811314,0.0035567766215900114
2017-08-07,13920.44697174158,0.010194992955672985
2017-08-08,13862.643492173502,-0.0041524154853230175
2017-08-09,13783.981828983546,-0.005674362413948421
2017-08-10,13196.3516127571,-0.04263138355209067
2017-08-11,13365.080394387194,0.012786017422192819
2017-08-14,13723.250245578887,0.026798929794848703
2017-08-15,13692.23589689595,-0.0022599856541220603
2017-08-16,13744.797405088808,0.003838781962905951
2017-08-17,13211.28594831464,-0.03881551986911369
2017-08-18,13188.670363760682,-0.0017118382451515098
2017-08-21,13174.937593644268,-0.001041255087711349
2017-08-22,13532.896832126391,0.027169710363926645
2017-08-23,13451.173609265601,-0.0060388565637169355
2017-08-24,13421.0723867562,-0.002237813843147988
2017-08-25,13396.95374178722,-0.0017970728622834164
2017-08-28,13471.98097153113,0.005600320131724326
2017-08-29,13553.13887702252,0.006024199830959887
2017-08-30,13839.068427565026,0.02109692471514908
2017-08-31,14101.606036172474,0.01897075731517579
2017-09-01,14131.115293414714,0.0020926167676606298
2017-09-05,13869.656633914343,-0.018502337152554046
2017-09-06,13947.08436470706,0.005582526866843238
2017-09-07,13967.2243084451,0.0014440253755834745
2017-09-08,13802.950393048324,-0.011761385925294448
2017-09-11,14116.490591050624,0.02271544771762783
2017-09-12,14213.390027898944,0.006864272407035127
2017-09-13,14239.66884022146,0.0018488771694109972
2017-09-14,14102.77206118652,-0.009613761427390802
2017-09-15,14188.086801859796,0.00604950149538865
2017-09-18,14215.9839142255,0.0019662349656649164
2017-09-19,14245.657834234946,0.0020873630828851537
2017-09-20,14222.625358860749,-0.0016168067240002507
2017-09-21,14075.934959686698,-0.010313876339480619
2017-09-22,14094.722663865246,0.0013347393428824888
2017-09-25,13848.392166258447,-0.01747678925519531
2017-09-26,13890.241530270196,0.003021965547286802
2017-09-27,14208.776995067912,0.02293232008266734
2017-09-28,14209.862818627023,7.64192132432281e-05
2017-09-29,14397.317664256438,0.013191882850810355
2017-10-02,14490.097833634478,0.006444267713032581
2017-10-03,14557.013222866499,0.004618008104589737
2017-10-04,14570.28389038933,0.0009116339540026693
2017-10-05,14796.765032234021,0.01554404454631674
2017-10-06,14818.684773508063,0.0014813873996301849
2017-10-09,14772.468517817075,-0.003118782563862259
2017-10-10,14806.494569826165,0.002303342326846246
2017-10-11,14880.03085729185,0.0049664886660979604
2017-10-12,14826.031385802427,-0.003628989214290393
2017-10-13,14890.57525020258,0.004353414795948692
2017-10-16,14973.410207894121,0.005562911862012448
2017-10-17,14972.135629916731,-8.512275825561935e-05
2017-10-18,14974.92980549759,0.00018662505135710972
2017-10-19,14888.610138749105,-0.005764278555535862
2017-10-20,14996.978720086818,0.007278623076822554
2017-10-23,14806.737985172094,-0.012685270711221018
2017-10-24,14859.149604564209,0.0035397141115484365
2017-10-25,14703.847377612778,-0.010451622810482158
2017-10-26,14672.206006607945,-0.002151911006163473
2017-10-27,15319.11918585494,0.044091064353624934
2017-10-30,15309.409386842759,-0.0006338353331140599
2017-10-31,15440.90211837751,0.008589013998656274
2017-11-01,15390.037284196478,-0.00329416207622299
2017-11-02,15383.020588856589,-0.0004559245185906422
2017-11-03,15610.085947130512,0.014760778415547814
2017-11-06,15712.44449987599,0.006557206225010841
2017-11-07,15626.314109769079,-0.005481667101996178
2017-11-08,15725.133135867593,0.006323885812376875
2017-11-09,15544.419000559808,-0.0114920575709208
2017-11-10,15548.790650734169,0.00028123599693257476
2017-11-13,15580.287234316444,0.0020256613063851193
2017-11-14,15489.581653193596,-0.005821817002388926
2017-11-15,15344.28791536646,-0.009380094380869192
2017-11-16,15743.047496811192,0.025987493433657145
2017-11-17,15694.65728222639,-0.003073751419133026
2017-11-20,15732.134945620812,0.0023879249301521125
2017-11-21,16064.951966984374,0.021155235606226844
2017-11-22,16088.081652087734,0.0014397606137196138
2017-11-24,16190.787032325585,0.006383942004951488
2017-11-27,16141.626816865572,-0.00303630795475615
2017-11-28,16300.73257496187,0.009856860148077188
2017-11-29,15885.880735010818,-0.025449889325113495
2017-11-30,16117.21935835741,0.014562530539257159
2017-12-01,15993.79695663726,-0.007657797475850011
2017-12-04,15657.272276442774,-0.021040949882437463
2017-12-05,15596.723655986096,-0.0038671244510307973
2017-12-06,15662.362028049552,0.004208471824674832
2017-12-07,15831.177888562008,0.010778441987876756
2017-12-08,15958.052104377628,0.008014199367141739
2017-12-11,16122.203030292128,0.010286401174832049
2017-12-12,16062.64079970422,-0.0036944225597455205
2017-12-13,16126.02775091429,0.003946234744366316
2017-12-14,16035.921447094466,-0.005587631697751262
2017-12-15,16410.641447984974,0.02336753781981142
2017-12-18,16686.790530791543,0.016827439907321672
2017-12-19,16539.604524168204,-0.008820510232434617
2017-12-20,16526.16665122933,-0.0008124663996190263
2017-12-21,16547.348696654895,0.0012817276911575943
2017-12-22,16521.98168051915,-0.0015329958049940342
2017-12-26,16410.571966138203,-0.00674312056115581
2017-12-27,16425.48106254989,0.0009085055927638868
2017-12-28,16476.991148328565,0.003135986433670861
2017-12-29,16255.521459862292,-0.013441148718996536
2018-01-02,16743.604862128534,0.030025699481336616
2018-01-03,17023.555661910283,0.016719864216036006
2018-01-04,17082.95542288417,0.0034892687610963737
2018-01-05,17365.808513015465,0.01655762033730931
2018-01-08,17466.397195951933,0.005792340901437316
2018-01-09,17496.345295391297,0.0017146122983108954
2018-01-10,17447.184754915463,-0.0028097605326058784
2018-01-11,17730.864170326073,0.016259323174226594
2018-01-12,17972.916361041724,0.013651460435907233
2018-01-16,17786.833107583217,-0.010353536939717953
2018-01-17,18153.889786927513,0.020636426795268434
2018-01-18,18142.522340650143,-0.0006261713831465645
2018-01-19,18342.81993378509,0.011040228551140384
2018-01-22,18700.277262847085,0.019487588623361494
2018-01-23,18963.83795412133,0.014093945644211129
2018-01-24,18733.605535889852,-0.012140602487137397
2018-01-25,18713.617120454925,-0.0010669817615532454
2018-01-26,19191.126820432288,0.02551669711439269
2018-01-29,18989.49542693924,-0.010506490597434678
2018-01-30,18663.51564862844,-0.017166321220328615
2018-01-31,18708.616949056835,0.0024165490188182773
2018-02-01,18578.99116476879,-0.006928667396473609
2018-02-02,17849.674477809673,-0.039254913277644264
2018-02-05,16500.85163876293,-0.07556568276489115
2018-02-06,17203.262716127352,0.042568171191500935
2018-02-07,16894.035803208742,-0.01797489918169533
2018-02-08,15577.039293725977,-0.07795629918297105
2018-02-09,16024.22302805001,0.028707877401589865
2018-02-12,16524.51712057557,0.031221113912968404
2018-02-13,16673.609714238275,0.009022508347736453
2018-02-14,17291.994032830084,0.03708760905346996
2018-02-15,17837.873897854784,0.03156835839685757
2018-02-16,17754.222413919997,-0.004689543407123543
2018-02-20,17727.84332001387,-0.0014857926915144428
2018-02-21,17648.767367221786,-0.004460551199863788
2018-02-22,17608.696387049647,-0.002270469055338207
2018-02-23,18230.222748016968,0.03529655729792825
2018-02-26,18647.15340946782,0.02287029989780054
2018-02-27,18189.026624505557,-0.024568188768675895
2018-02-28,17904.193474029507,-0.015659614797215334
2018-03-01,17448.749640868376,-0.02543783018328993
2018-03-02,17824.213074212785,0.021518070983435958
2018-03-05,18181.125891941847,0.020024043487531354
2018-03-06,18385.760686259648,0.01125534224525094
2018-03-07,18508.387744942676,0.0066696755590140355
2018-03-08,18664.750719414005,0.00844822232093412
2018-03-09,19332.163458149254,0.03575792405526458
2018-03-12,19471.969655173714,0.007231792619957746
2018-03-13,19074.91438317006,-0.020391120109318556
2018-03-14,19002.502489201845,-0.003796184481546338
2018-03-15,18925.818932503404,-0.004035445160026493
2018-03-16,18926.79854956055,5.1760880765008465e-05
2018-03-19,18229.025022242302,-0.03686696011959458
2018-03-20,18328.331572562347,0.005447715947445048
2018-03-21,18233.43089751413,-0.005177813085304784
2018-03-22,17346.41836212736,-0.04864759355342732
2018-03-23,16503.8003330482,-0.04857590837996026
2018-03-26,17578.672305695487,0.06512875525371564
2018-03-27,16547.478353327304,-0.05866165171268816
2018-03-28,16265.897723196578,-0.0170165280847221
2018-03-29,16800.309893150796,0.03285476025046553
2018-04-02,15879.67852830334,-0.054798475189007136
2018-04-03,16208.399416208029,0.02070072686413561
2018-04-04,16679.046114616744,0.029037210049135447
2018-04-05,16841.93519421134,0.00976609084687681
2018-04-06,16073.238591960286,-0.04564182164263751
2018-04-09,16236.286740570253,0.010144075674427051
2018-04-10,16908.63532112197,0.041410243074340984
2018-04-11,16787.922922549296,-0.007139097643313614
2018-04-12,17125.94433393777,0.02013479648125182
2018-04-13,16964.50655687325,-0.009426503666989237
2018-04-16,17200.68631971403,0.013921994256007018
2018-04-17,17800.456662394663,0.034868977407792434
2018-04-18,17869.325917541846,0.0038689600190245127
2018-04-19,17588.937547031044,-0.01569104351247819
2018-04-20,17141.881233042906,-0.025416902686290915
2018-04-23,17057.005651168038,-0.004951357480605055
2018-04-24,16476.50511989629,-0.03403296822100749
2018-04-25,16459.28033099223,-0.0010454152005366672
2018-04-26,16999.266441132826,0.032807394933532914
2018-04-27,17004.359363309606,0.00029959658520650794
2018-04-30,16747.897154532875,-0.01508214471931827
2018-05-01,17053.05825707376,0.018220860787785193
2018-05-02,16910.26798339193,-0.008373294193292377
2018-05-03,16849.286807775563,-0.0036061625798157557
2018-05-04,17426.527145923184,0.034259036879901596
2018-05-07,17694.474934181962,0.015375856934378394
2018-05-08,17702.44032115085,0.00045016238111161437
2018-05-09,18057.883755992996,0.020078781704320103
2018-05-10,18377.73707945367,0.01771266931289882
2018-05-11,18367.086184059404,-0.0005795542371847987
2018-05-14,18408.136404488316,0.002234988174909383
2018-05-15,18111.344591797162,-0.016122860357487834
2018-05-16,18341.02244091569,0.012681435547449854
2018-05-17,18262.25820450012,-0.004294429968084095
2018-05-18,18122.810812303345,-0.007635824148100886
2018-05-21,18317.6516998425,0.010751140623665237
2018-05-22,18240.18134188943,-0.004229273447411123
2018-05-23,18474.75457839681,0.012860246952077723
2018-05-24,18466.863337721683,-0.00042713642780148976
2018-05-25,18513.44600136761,0.002522500047464574
2018-05-29,18326.743650276552,-0.010084689315930952
2018-05-30,18652.833924019607,0.017793137720793762
2018-05-31,18550.920785717833,-0.005463681214173921
2018-06-01,19110.051425107176,0.030140317337768473
2018-06-04,19372.932174856778,0.013756150828784442
2018-06-05,19532.58589760876,0.008241071682436811
2018-06-06,19795.08357381545,0.013438961824241912
2018-06-07,19515.876146696828,-0.014104887512975811
2018-06-08,19568.95309450585,0.002719680500637325
2018-06-11,19641.88547002014,0.003726943141110883
2018-06-12,19866.524475369355,0.01143673328571666
2018-06-13,19824.500152054723,-0.0021153334276829464
2018-06-14,20160.839507699417,0.016965842924913987
2018-06-15,20084.37120349612,-0.003792912699597206
2018-06-18,20086.833845545378,0.00012261484436362075
2018-06-19,19975.35005197435,-0.005550092883142617
2018-06-20,20264.223491981807,0.014461495756311187
2018-06-21,19906.837018210605,-0.017636327092060252
2018-06-22,19802.6274898978,-0.005234861179476956
2018-06-25,18973.82770414485,-0.041853021078932996
2018-06-26,19122.77281957415,0.0078500299334313
2018-06-27,18532.99293900658,-0.03084175533183498
2018-06-28,18824.45893098611,0.015726871150211204
2018-06-29,18857.390422022883,0.00174939907476263
2018-07-02,19144.735676142493,0.015237805851653071
2018-07-03,18815.472113274333,-0.017198647630245235
2018-07-05,19235.017896605415,0.022297914227466586
2018-07-06,19751.757124127773,0.026864504639403108
2018-07-09,20099.277012256305,0.01759437836059755
2018-07-10,20114.52243839488,0.0007585061954855028
2018-07-11,19893.403405473404,-0.01099300436282801
2018-07-12,20446.393524189956,0.02779766274504858
2018-07-13,20456.852299356,0.0005115217582832485
2018-07-16,20350.009600722886,-0.005222831795900425
2018-07-17,20607.280854560024,0.012642316091487154
2018-07-18,20603.40248235301,-0.00018820397675890253
2018-07-19,20450.214628906688,-0.00743507552102267
2018-07-20,20423.250348166304,-0.0013185328970713942
2018-07-23,20535.513938171367,0.005496852268431649
2018-07-24,20529.44335640399,-0.00029561382226209697
2018-07-25,21008.124766884615,0.023316823655196824
2018-07-26,20583.73872034693,-0.0202010437031795
2018-07-27,19981.763830599848,-0.02924516765032747
2018-07-30,19426.03966951662,-0.02781156687640351
2018-07-31,19638.542281998463,0.010939059947216277
2018-08-01,19819.994881857103,0.009239616528206781
2018-08-02,20310.35571995008,0.024740714667986274
2018-08-03,20358.569482767478,0.0023738512255618667
2018-08-06,20606.110957251076,0.012159079973331561
2018-08-07,20731.539553194165,0.006086961106018636
2018-08-08,20755.78841460391,0.0011696604271731427
2018-08-09,20773.630948847913,0.0008596413630545746
2018-08-10,20496.03012535044,-0.013363134455455786
2018-08-13,20393.65764149197,-0.004994746945256116
2018-08-14,20660.303308157487,0.013074931008109665
2018-08-15,20151.968740542725,-0.02460440972393918
2018-08-16,20319.63876449913,0.008320280073632577
2018-08-17,20370.401596438543,0.002498215274776507
2018-08-20,20393.87415478605,0.0011522874616085943
2018-08-21,20592.57701290574,0.009743261952661264
2018-08-22,20749.111731784476,0.007601511883657628
2018-08-23,20692.830573391104,-0.0027124610981373947
2018-08-24,21047.202272909126,0.017125337119113522
2018-08-27,21427.252232919625,0.018057029864709414
2018-08-28,21491.815883439038,0.0030131558548706994
2018-08-29,21917.84685558313,0.019822939785761908
2018-08-30,21802.220521474264,-0.005275442194241584
2018-08-31,21916.073616513746,0.00522208712306825
2018-09-04,21815.895009295276,-0.004571010709828269
2018-09-05,21297.458149334456,-0.02376418018788263
2018-09-06,20911.207256426977,-0.018136009010988455
2018-09-07,20804.313420050574,-0.005111796514930955
2018-09-10,20917.207049021195,0.00542645299997352
2018-09-11,21171.9372567425,0.0121780220047697
2018-09-12,21074.740814261728,-0.004590814780060686
2018-09-13,21389.607895738485,0.014940496030379682
2018-09-14,21369.69419607954,-0.0009309988175572514
2018-09-17,20759.121334908687,-0.028571904472216136
2018-09-18,21075.987731585206,0.015263959951121443
2018-09-19,21043.510903167644,-0.0015409398046332332
2018-09-20,21457.12685038983,0.019655272788150945
2018-09-21,21236.198079005353,-0.010296288637565962
2018-09-24,21268.686528929866,0.0015298618803444046
2018-09-25,21344.040072446223,0.0035429335710910827
2018-09-26,21252.55779987186,-0.0042860804357493735
2018-09-27,21526.72596689336,0.012900478596658764
2018-09-28,21549.850338515655,0.001074216843651146
2018-10-01,21500.40048678151,-0.0022946726291535172
2018-10-02,21298.108155991948,-0.00940877035820487
2018-10-03,21433.78329595004,0.006370290683302982
2018-10-04,20655.816662999972,-0.03629628153873645
2018-10-05,20178.08519947451,-0.023128180856736846
2018-10-08,19905.142154501453,-0.013526706933528282
2018-10-09,19915.49472449253,0.0005200952553225131
2018-10-10,18288.758183506256,-0.0816819548542612
2018-10-11,17830.207157118773,-0.025072835552116812
2018-10-12,18646.535336161443,0.04578343772729229
2018-10-15,18316.631076495025,-0.017692523233881034
2018-10-16,19375.064305644388,0.05778536591849607
2018-10-17,19360.63161620927,-0.0007449105307440803
2018-10-18,18562.07196030902,-0.04124657044926554
2018-10-19,18382.697032251355,-0.00966351862234014
2018-10-22,18478.60369257053,0.005217224662459137
2018-10-23,18324.48182843451,-0.008340557906871849
2018-10-24,16702.346879393815,-0.08852282777915124
2018-10-25,17688.671842999942,0.05905307623702784
2018-10-26,16957.83280114873,-0.04131678445606034
2018-10-29,16403.79379406476,-0.0326715691551362
2018-10-30,16921.745574761444,0.031575121413931054
2018-10-31,17603.166404250303,0.040268944269271384
2018-11-01,18220.490169897133,0.035068904733967336
2018-11-02,17842.42657939687,-0.020749364422965783
2018-11-05,17705.127801582243,-0.007695073156314309
2018-11-06,17932.47887037571,0.012840973041332807
2018-11-07,18879.357923418404,0.052802463055285034
2018-11-08,18680.223920302997,-0.010547710569563166
2018-11-09,18064.881737627864,-0.0329408354685906
2018-11-12,17059.081216802326,-0.055677116265340824
2018-11-13,17058.824162153855,-1.5068493150684933e-05
2018-11-14,16753.061531643118,-0.017924015606485478
2018-11-15,17328.617155421587,0.03435525039356919
2018-11-16,17275.074163469842,-0.0030898594776210216
2018-11-19,16228.474665114589,-0.06058437077905051
2018-11-20,15675.649973014504,-0.03406510491638867
2018-11-21,15963.250610184237,0.018346967281410036
2018-11-23,15810.42348330725,-0.00957368462156988
2018-11-26,16460.765607622565,0.04113375742287676
2018-11-27,16464.468979906575,0.00022498177619968376
2018-11-28,17435.393721858676,0.05897091142976016
2018-11-29,17346.61007393354,-0.005092150446469567
2018-11-30,17620.437852417177,0.015785665171266602
2018-12-03,18153.119060913705,0.030230872408398023
2018-12-04,16771.73202531337,-0.07609640144842451
2018-12-06,16911.006043228528,0.008304092726079678
2018-12-07,15880.271122155085,-0.060950538273041845
2018-12-10,16113.202922369024,0.01466799895431067
2018-12-11,16164.87659554398,0.0032069150636227423
2018-12-12,16470.283463550706,0.01889323844828575
2018-12-13,16340.190703738524,-0.007898635144931313
2018-12-14,15601.920018991043,-0.04518127714253482
2018-12-17,14892.625588028946,-0.04546199635036751
2018-12-18,15025.500796220014,0.00892221505238646
2018-12-19,14373.74726904878,-0.04337649280449914
2018-12-20,13903.908380067522,-0.03268729303408365
2018-12-21,13071.305751765243,-0.059882631958067895
2018-12-24,12492.50526050151,-0.04428023506263463
2018-12-26,13950.339473148217,0.1166967059246355
2018-12-27,14057.102950590146,0.00765310963560639
2018-12-28,14078.384355733268,0.0015139253954335838
2018-12-31,14294.808189030198,0.01537277487446875
2019-01-02,14426.3615775139,0.009202878887500942
2019-01-03,13549.784367529164,-0.060762182153471046
2019-01-04,14703.96921179986,0.08518104886130856
2019-01-07,15072.16229523491,0.02504038726764867
2019-01-08,15396.643681230671,0.021528522559656076
2019-01-09,15664.522277493985,0.017398505921772597
2019-01-10,15794.700638154021,0.008310394556179272
2019-01-11,15728.355865719632,-0.004200445070426002
2019-01-14,15431.42427901473,-0.018878742904849522
2019-01-15,15958.00546616129,0.034123952373123705
2019-01-16,16006.976887854647,0.0030687683242870954
2019-01-17,16233.096495291718,0.014126315607329807
2019-01-18,16566.199542063114,0.02051999425174415
2019-01-22,15931.036762601358,-0.03834088668611154
2019-01-23,15955.214816933907,0.0015176698599621275
2019-01-24,16171.442672937324,0.01355217453881756
2019-01-25,16588.981550665012,0.025819519394298374
2019-01-28,16221.154046862794,-0.022173000957221068
2019-01-29,15958.007505172749,-0.016222430348039118
2019-01-30,16660.545014051186,0.04402413701401714
2019-01-31,17117.819473664054,0.027446548670959667
2019-02-01,17033.39902357347,-0.004931729197195086
2019-02-04,17424.598653990368,0.022966621628219597
2019-02-05,17682.86994922085,0.014822223476082062
2019-02-06,17554.40797457807,-0.007264769520540592
2019-02-07,17140.17829580711,-0.023596903944059985
2019-02-08,17186.103382640486,0.002679382095144936
2019-02-11,17230.572506933484,0.002587504759101744
2019-02-12,17733.415530259183,0.029183187216986303
2019-02-13,17760.549882113195,0.0015301255309623418
2019-02-14,17791.581774782222,0.0017472371562257576
2019-02-15,18008.965390613208,0.012218341156102458
2019-02-19,18076.485064883436,0.003749225611007208
2019-02-20,18087.16565589111,0.0005908555213769578
2019-02-21,17944.922368738993,-0.007864321577979555
2019-02-22,18270.840415769246,0.01816213190189201
2019-02-25,18400.22935724821,0.007081718111187065
2019-02-26,18374.659624280433,-0.001389642078439772
2019-02-27,18399.588502532624,0.001356698777660426
2019-02-28,18292.08702644387,-0.005842602190476093
2019-03-01,18596.761731562594,0.016656093133510273
2019-03-04,18508.38068039296,-0.004752496829576235
2019-03-05,18502.03368951928,-0.00034292523928904973
2019-03-06,18157.558330390308,-0.01861824299477449
2019-03-07,17748.49642321669,-0.022528464440561412
2019-03-08,17684.368410844767,-0.0036131518322890226
2019-03-11,18398.882541682087,0.04040371215062175
2019-03-12,18558.969367659673,0.008700899395108068
2019-03-13,18814.655121329062,0.013776937102711325
2019-03-14,18752.67300420982,-0.003294353083781923
2019-03-15,19035.42910626263,0.015078175894675491
2019-03-18,19162.578732405294,0.0066796301482287615
2019-03-19,19209.1737250893,0.002431561708613351
2019-03-20,19233.690228519834,0.0012762914106249734
2019-03-21,19780.661504415442,0.028438186816825965
2019-03-22,18789.567589212238,-0.050104184583613334
2019-03-25,18763.01515480978,-0.0014131477095674248
2019-03-26,19027.79657072361,0.014111879872673752
2019-03-27,18789.164341528358,-0.012541243454453106
2019-03-28,18915.516995054386,0.006724761741891631
2019-03-29,19211.783565445618,0.015662620824410525
2019-04-01,19705.501869348704,0.02569872298536039
2019-04-02,19804.610779513918,0.005029504491807722
2019-04-03,20040.62796129001,0.011917284535590655
2019-04-04,20021.01760663779,-0.0009785299487669857
2019-04-05,20258.562127339028,0.01186475759466314
2019-04-08,20334.656182052,0.003756142920443664
2019-04-09,20106.130961916402,-0.011238214115333893
2019-04-10,20385.084169346606,0.01387403712621679
2019-04-11,20298.192549486666,-0.004262509741833695
2019-04-12,20485.69457241223,0.009237375321395652
2019-04-15,20442.424131429314,-0.0021122271851690094
2019-04-16,20566.09365076899,0.00604965040078302
2019-04-17,20544.27237106301,-0.0010610318165680595
2019-04-18,20553.962714514353,0.0004716810250722667
2019-04-19,20553.493848576654,-2.2811461916575643e-05
2019-04-22,20640.47843134156,0.0042321068819610695
2019-04-23,21183.60511102716,0.02631366717066452
2019-04-24,21084.972153703515,-0.004656098752157065
2019-04-25,21106.752219462596,0.001032966304167347
2019-04-26,21250.34643217176,0.006803235818382013
2019-04-29,21329.46752916508,0.0037232850412985967
2019-04-30,21046.295656334787,-0.013276087292994631
2019-05-01,20807.919192985395,-0.011326290727919273
2019-05-02,20740.892303929784,-0.0032212201726642075
2019-05-03,21397.101200091554,0.03163841200975894
2019-05-06,21182.19433544121,-0.010043737356788582
2019-05-07,20349.718188991916,-0.03930075105846928
2019-05-08,20244.778451233837,-0.005156815282820345
2019-05-09,20077.46652585273,-0.008264448325978488
2019-05-10,20109.226692424527,0.0015818811865978796
2019-05-13,18736.598097406542,-0.06825864644188817
2019-05-14,19164.791639346477,0.022853323731120728
2019-05-15,19598.75415405049,0.022643737686824802
2019-05-16,19978.634209666405,0.01938286753484302
2019-05-17,19564.478350500078,-0.020729938534334018
2019-05-20,18992.90243333543,-0.0292149837539645
2019-05-21,19403.46256302382,0.021616502855708715
2019-05-22,19229.15048858496,-0.008983555067693681
2019-05-23,18620.576315475606,-0.03164852100307936
2019-05-24,18662.757317825046,0.0022652898403785113
2019-05-28,18516.036610592528,-0.00786168435531129
2019-05-29,18223.32962043871,-0.01580829614402293
2019-05-30,18321.4620298032,0.005384987892356709
2019-05-31,17766.282045428085,-0.03030216603194739
2019-06-03,17192.311757317562,-0.03230671935990268
2019-06-04,18102.044032813286,0.05291506391561995
2019-06-05,18334.220386776004,0.0128259744337079
2019-06-06,18527.743692604185,0.010555305965873769
2019-06-07,19143.069887717193,0.03321107012931279
2019-06-10,19542.623149786872,0.020871953370762485
2019-06-11,19539.16504061914,-0.00017695214921907706
2019-06-12,19389.586389690354,-0.007655324606646932
2019-06-13,19610.12850526499,0.011374255806297293
2019-06-14,19407.13775194703,-0.010351321933635645
2019-06-17,19646.51755893783,0.012334627086716489
2019-06-18,20191.297344054736,0.027729076335417376
2019-06-19,20360.59961995701,0.008384913213718082
2019-06-20,20686.508613803922,0.016006846553156723
2019-06-21,20585.14950874842,-0.004899768585785679
2019-06-24,20450.367986948124,-0.006547512406602494
2019-06-25,19831.805145606464,-0.03024702742446681
2019-06-26,19958.356483801726,0.00638123142427587
2019-06-27,20249.516521786834,0.014588377465920796
2019-06-28,20444.627980770936,0.009635363825806934
2019-07-01,20876.884018765402,0.021142768574758282
2019-07-02,20968.918420536913,0.004408435745908323
2019-07-03,21284.62251923598,0.015055812243986427
2019-07-05,21239.644693621416,-0.0021131605962903537
2019-07-08,20908.116288491048,-0.015608943083211282
2019-07-09,21131.462708466282,0.010682283228842489
2019-07-10,21446.57167954886,0.014911839063385356
2019-07-11,21412.128480436488,-0.0016060002329050332
2019-07-12,21662.94617009007,0.011713813966824787
2019-07-15,21735.252680965907,0.0033377967294065006
2019-07-16,21548.450203081902,-0.008594447031554046
2019-07-17,21350.92778482217,-0.009166432685329812
2019-07-18,21465.354195660864,0.0053593179646288566
2019-07-19,21147.0752833204,-0.01482756396373853
2019-07-22,21444.88213920117,0.014082649817569043
2019-07-23,21691.443619041394,0.011497450918114868
2019-07-24,22059.493067595733,0.016967494419377987
2019-07-25,21619.135409084985,-0.019962274616256246
2019-07-26,22099.737034965667,0.02223038140918063
2019-07-29,21902.49238230931,-0.008925203605105524
2019-07-30,21797.816197367803,-0.004779190564908177
2019-07-31,21279.915981149763,-0.02375927072366909
2019-08-01,20944.679838250147,-0.015753640343156308
2019-08-02,20391.333479326633,-0.02641942312782308
2019-08-05,18973.26221796433,-0.06954284097212113
2019-08-06,19499.476417827438,0.02773451364441049
2019-08-07,19646.185280213067,0.0075237334194009345
2019-08-08,20526.8839631376,0.044827973999183486
2019-08-09,20117.760295227763,-0.01993111417419937
2019-08-12,19632.398250791688,-0.024126047696830858
2019-08-13,20395.669304312592,0.038878136220068166
2019-08-14,19161.63183451853,-0.06050487735320997
2019-08-15,19125.094883506783,-0.0019067765901819246
2019-08-16,19761.78462320731,0.03329080161843288
2019-08-19,20295.07786081413,0.02698608692357418
2019-08-20,20019.444330245657,-0.013581299488417705
2019-08-21,20379.8916450012,0.01800486111450039
2019-08-22,20232.944354479107,-0.007210405878587502
2019-08-23,19019.1072223534,-0.05999310386364966
2019-08-26,19518.1333188635,0.026238145180841516
2019-08-27,19384.51629618103,-0.006845789015762868
2019-08-28,19532.311073744415,0.007624372736734156
2019-08-29,20111.141765480206,0.029634521462944735
2019-08-30,20057.649536554283,-0.002659830533229016
2019-09-03,19608.80664533257,-0.0223776415279225
2019-09-04,20119.946278198724,0.02606684037999937
2019-09-05,20825.45914180536,0.035065345297224
2019-09-06,20754.36002818901,-0.00341404783117728
2019-09-09,20672.826897607345,-0.003928482038035636
2019-09-10,20655.571372805334,-0.0008346959459138378
2019-09-11,21092.103373032267,0.021133862256730536
2019-09-12,21219.609767806305,0.00604521950793509
2019-09-13,21127.130630167936,-0.004358192193462209
2019-09-16,21005.903133408443,-0.0057380010036190005
2019-09-17,21172.764154090928,0.007943529950735693
2019-09-18,21127.623092962953,-0.002132034381503032
2019-09-19,21155.493915352978,0.001319165069700067
2019-09-20,20817.815941316858,-0.01596171544787528
2019-09-23,20789.622279667823,-0.0013543044922921573
2019-09-24,20180.0864028147,-0.029319237677985537
2019-09-25,20602.468185957834,0.020930623125787192
2019-09-26,20363.6511916037,-0.01159166912423155
2019-09-27,19901.51489702548,-0.022694176512351966
2019-09-30,20199.39677636893,0.01496779922959381
2019-10-01,19741.06317185983,-0.022690459996572623
2019-10-02,19124.353630234305,-0.031239935572701157
2019-10-03,19551.430861318942,0.02233159035552739
2019-10-04,20098.40281081945,0.027976057270705977
2019-10-07,19965.14906614575,-0.006630066375322488
2019-10-08,19299.598603373986,-0.03333561199902662
2019-10-09,19693.682790534436,0.0204192944764951
2019-10-10,19927.6374199805,0.011879678977997589
2019-10-11,20459.873536600393,0.0267084404138266
2019-10-14,20415.816561887565,-0.002153335632012327
2019-10-15,20922.950250973096,0.024840235390449734
2019-10-16,20796.488874503768,-0.006044146497143624
2019-10-17,20963.25791940621,0.008019096199786774
2019-10-18,20616.78805856787,-0.016527481661979974
2019-10-21,20989.71622376425,0.01808856763415197
2019-10-22,20687.399313520036,-0.0144030965936517
2019-10-23,20765.99282052225,0.0037991003997708103
2019-10-24,21103.138672051577,0.016235479538263972
2019-10-25,21398.185415916414,0.0139811782716279
2019-10-28,21826.91474298599,0.020035779611044753
2019-10-29,21568.755526562163,-0.011827563330121431
2019-10-30,21709.644200188843,0.006532072444011619
2019-10-31,21648.374816020223,-0.002822219636749612
2019-11-01,22138.874099767716,0.022657556879720774
2019-11-04,22384.399577428783,0.011090242283985158
2019-11-05,22391.728947220392,0.00032743204776414724
2019-11-06,22263.50924226925,-0.005726208335826562
2019-11-07,22389.461584783257,0.005657344542740476
2019-11-08,22605.48843545169,0.00964859515939659
2019-11-11,22545.051767476758,-0.002673539576351424
2019-11-12,22660.704716744385,0.00512985955678617
2019-11-13,22638.861518508216,-0.0009639240486651155
2019-11-14,22621.886970499098,-0.0007497968921821172
2019-11-15,22951.170104003588,0.014555953441634047
2019-11-18,22998.50912312364,0.002062597196811027
2019-11-19,23109.436820119772,0.004823255994650582
2019-11-20,22871.991651154694,-0.010274814172812449
2019-11-21,22761.367577584202,-0.0048366611556063515
2019-11-22,22833.98910346601,0.0031905607443960577
2019-11-25,23435.98347170376,0.026363959687901076
2019-11-26,23519.266092639577,0.0035536217644279344
2019-11-27,23830.11084912631,0.01321660103093164
2019-11-29,23611.578559948666,-0.00917042688392104
2019-12-02,23078.684686154567,-0.02256917606932155
2019-12-03,22823.05758216815,-0.011076328978998323
2019-12-04,23069.10819778754,0.010780791080842497
2019-12-05,23090.269352811814,0.0009172940212012426
2019-12-06,23552.193442229414,0.020005140795871738
2019-12-09,23361.709092524903,-0.008087754126669514
2019-12-10,23330.54017418967,-0.0013341882741448746
2019-12-11,23535.07614581521,0.00876687681032829
2019-12-12,23878.652811966593,0.014598493925522187
2019-12-13,23974.29158001122,0.0040051994891730355
2019-12-16,24408.17478862828,0.018097853159457278
2019-12-17,24458.16488837254,0.0020480884038715616
2019-12-18,24481.815706556838,0.0009669907081026431
2019-12-19,24811.204384867684,0.013454421937447407
2019-12-20,25021.343697554184,0.008469532934671451
2019-12-23,25135.58490789667,0.0045657504138617595
2019-12-24,25175.622537860465,0.001592866452501612
2019-12-26,25565.36234488109,0.015480840898155055
2019-12-27,25475.38992372653,-0.0035193094445843355
2019-12-30,25130.603062652637,-0.01353411516393611
2019-12-31,25279.51376012001,0.005925472504425354
2020-01-02,25953.035462278312,0.02664298485126809
2020-01-03,25545.56371237737,-0.015700350369157595
2020-01-06,25833.41154990502,0.011268016661076057
2020-01-07,25817.262506594067,-0.0006251223644913349
2020-01-08,26162.901312791662,0.01338789525455371
2020-01-09,26588.39134433115,0.016263105779153544
2020-01-10,26446.6891069968,-0.005329477646813829
2020-01-13,26995.312421333994,0.0207444989472066
2020-01-14,26864.006099582253,-0.004864041567748965
2020-01-15,26907.072338220747,0.0016031204906241797
2020-01-16,27479.439589079393,0.021272000300293213
2020-01-17,27666.54515256936,0.00680892937730532
2020-01-21,27560.78572924212,-0.003822646548169362
2020-01-22,27637.290950896742,0.002775872299368063
2020-01-23,27747.773020696044,0.003997572337882049
2020-01-24,27231.188166680895,-0.018617164470454965
2020-01-27,26205.294373717275,-0.03767348624981663
2020-01-28,26953.176235266394,0.02853934212237692
2020-01-29,26985.30941852067,0.0011921854023361105
2020-01-30,27123.88853831288,0.005135354115936339
2020-01-31,26260.81637342754,-0.03181963248618428
2020-02-03,26964.44794515847,0.026793971738171506
2020-02-04,28096.223216617185,0.041972870119965845
2020-02-05,28338.113614178365,0.008609356342887902
2020-02-06,28716.703549823884,0.013359743728887572
2020-02-07,28407.143273493133,-0.010779798447048666
2020-02-10,29051.762704489847,0.022692159672324866
2020-02-11,29115.713536774707,0.0022012720169635857
2020-02-12,29641.711128085008,0.018065763377082836
2020-02-13,29556.728319424114,-0.002867000771098349
2020-02-14,29673.94377463838,0.003965779092580846
2020-02-18,29684.625300584135,0.00035996313893686455
2020-02-19,30199.997260116485,0.017361578740298565
2020-02-20,29792.87714495894,-0.013480799738190889
2020-02-21,28727.637362573303,-0.035754847616853186
2020-02-24,26596.783313289532,-0.07417435768873469
2020-02-25,25122.19553138484,-0.055442335433393844
2020-02-26,25207.401156287495,0.003391647230681299
2020-02-27,22881.974523255114,-0.09225174061437703
2020-02-28,22886.954160203775,0.00021762269438776107
2020-03-02,24943.492885560867,0.0898563745512733
2020-03-03,23449.88599063001,-0.05987962078059513
2020-03-04,25253.935334566762,0.07693211577478913
2020-03-05,23688.83621873446,-0.06197446437942063
2020-03-06,22805.44792806617,-0.03729133345814846
2020-03-09,19482.271025048263,-0.14571855433403458
2020-03-10,21411.26306028072,0.09901268865176757
2020-03-11,19398.711012601943,-0.09399501757615553
2020-03-12,15738.491500946959,-0.18868364548949693
2020-03-13,18680.4841406164,0.1869297727480698
2020-03-16,14077.666946708328,-0.24639710401832196
2020-03-17,15832.021536666882,0.12461969704211244
2020-03-18,14343.080789902491,-0.09404615470715551
2020-03-19,15002.895568975053,0.04600230513496586
2020-03-20,13865.60117626978,-0.07580499294130386
2020-03-23,13790.02636634218,-0.005450525293987448
2020-03-24,16030.078746165671,0.1624400360314662
2020-03-25,15885.189345462188,-0.009038595692372456
2020-03-26,17663.278679671483,0.11193378281746623
2020-03-27,16326.237516987889,-0.0756960917013886
2020-03-30,17509.539012017463,0.0724785177110353
2020-03-31,17176.14901762592,-0.019040478116683912
2020-04-01,15661.624358215235,-0.08817603165043003
2020-04-02,16201.083096261134,0.03444462245468998
2020-04-03,15706.899430229147,-0.030503125198218024
2020-04-06,18008.772580172103,0.14655172143732087
2020-04-07,17890.70032306946,-0.006556374487878307
2020-04-08,18814.710991041837,0.05164754041410531
2020-04-09,19106.410245004652,0.015503786058776082
2020-04-13,19289.19071923669,0.009566447694161855
2020-04-14,20811.905208049877,0.07894133615956302
2020-04-15,20213.052851031236,-0.028774509158681433
2020-04-16,20883.618012001614,0.033174858143022436
2020-04-17,21460.374936635304,0.027617672584426423
2020-04-20,21017.368640232828,-0.020642989589441656
2020-04-21,19556.796399723335,-0.06949358245130505
2020-04-22,20655.859368959,0.056198517731217756
2020-04-23,20652.99894880478,-0.0001384798426020144
2020-04-24,21332.838259647735,0.03291722003802745
2020-04-27,21806.052830611814,0.022182447792668605
2020-04-28,21194.659957966564,-0.028037759854775985
2020-04-29,22706.611180767763,0.0713364227498679
2020-04-30,22578.66471586279,-0.00563476706789885
2020-05-01,21133.169531231182,-0.06402040168549318
2020-05-04,21653.271807351295,0.024610708552330208
2020-05-05,22142.74421434027,0.02260500913412999
2020-05-06,22370.544796616276,0.010287820699679926
2020-05-07,23003.752120542573,0.02830540470440726
2020-05-08,23729.776808143437,0.03156114201702402
2020-05-11,24100.00441282933,0.015601815713615894
2020-05-12,23105.078133126826,-0.04128324056127007
2020-05-13,22389.8668170778,-0.030954723975747684
2020-05-14,22797.052898828533,0.018186177036129285
2020-05-15,23158.411699710083,0.015851119111107426
2020-05-18,24290.842667685094,0.048899336563275074
2020-05-19,24029.466901399413,-0.010760259323296316
2020-05-20,25027.392721000047,0.04152925338275057
2020-05-21,24542.34806862686,-0.01938055065425145
2020-05-22,24752.517145124144,0.008563527658787887
2020-05-26,24836.472002121558,0.003391770481571039
2020-05-27,25220.3695904431,0.015457009686752123
2020-05-28,24988.19828148613,-0.009205706051387503
2020-05-29,25633.246422102842,0.025814111659848288
2020-06-01,25969.913686897227,0.013134008047614625
2020-06-02,26276.412403956838,0.01180206914643108
2020-06-03,26684.36618873107,0.015525475034514192
2020-06-04,26314.797487057465,-0.01384963386650251
2020-06-05,27400.23477157031,0.041248171681606216
2020-06-08,28018.953485157588,0.022580781469407056
2020-06-09,28183.027798688414,0.005855833038794273
2020-06-10,28560.447221811628,0.0133917273125913
2020-06-11,25553.036164787056,-0.10529985870556711
2020-06-12,26070.554027919952,0.02025269560123947
2020-06-15,26817.43065393345,0.02864828362349501
2020-06-16,27754.34490079983,0.03493676403816695
2020-06-17,27836.849915643033,0.0029726882453214535
2020-06-18,28019.80907847127,0.00657255269122318
2020-06-19,28037.387384810874,0.0006273528235105259
2020-06-22,28660.35193245001,0.022219065531641567
2020-06-23,29087.555085213542,0.01490571901456113
2020-06-24,27811.951605823557,-0.043853925696162435
2020-06-25,28417.515567047158,0.021773515566480488
2020-06-26,26943.840367809047,-0.05185798863243973
2020-06-29,27590.42250126135,0.02399740069068994
2020-06-30,28622.427004240384,0.037404447247295906
2020-07-01,29168.25155053993,0.01906982053683591
2020-07-02,29473.013815258837,0.010448424177597547
2020-07-06,30779.37169376841,0.044323864763136205
2020-07-07,30250.08864894253,-0.017196031487966983
2020-07-08,31119.588333148673,0.028743706978740978
2020-07-09,31447.625140904314,0.010541167969314537
2020-07-10,31863.489437241846,0.01322402866589147
2020-07-13,30504.352909636233,-0.04265498071962771
2020-07-14,31078.522909719453,0.018822559579745823
2020-07-15,31445.71741696301,0.011815056600670008
2020-07-16,30989.05672108545,-0.014522190409025961
2020-07-17,31163.097157383436,0.0056161901881823266
2020-07-20,32730.00597884619,0.050280908009540014
2020-07-21,32203.040889902368,-0.016100366412533047
2020-07-22,32358.7592125568,0.004835516098830818
2020-07-23,30879.829257853635,-0.04570416142931918
2020-07-24,30300.166903942663,-0.01877155307662677
2020-07-27,31313.232153421595,0.03343431251354301
2020-07-28,30515.98855392974,-0.025460278120945805
2020-07-29,31342.69513294618,0.027090932268356162
2020-07-30,31609.787967734195,0.008521693289459892
2020-07-31,32550.289010515855,0.029753475212857476
2020-08-03,33505.65028957628,0.029350316329043502
2020-08-04,33741.81134647269,0.0070483949678742455
2020-08-05,34095.12995455421,0.010471240101887904
2020-08-06,34775.42111044294,0.019952736851142593
2020-08-07,34167.85456477147,-0.017471148479896354
2020-08-10,33904.35701022122,-0.007711855423955319
2020-08-11,32757.6430976065,-0.03382202211559476
2020-08-12,34151.89722145508,0.04256271184389523
2020-08-13,34339.92182451612,0.005505539028821979
2020-08-14,34195.96506196299,-0.004192110957292559
2020-08-17,34882.36437883184,0.020072523633273595
2020-08-18,35391.13106212354,0.014585212107939682
2020-08-19,34985.00097411848,-0.011475476364181898
2020-08-20,35729.14585888867,0.02127039771474339
2020-08-21,36026.686447698376,0.008327671475406665
2020-08-24,36460.383159473226,0.01203820707753605
2020-08-25,37016.63213131279,0.015256256891393738
2020-08-26,38299.19257658926,0.03464822085182449
2020-08-27,38038.74869767008,-0.006800244636968581
2020-08-28,38499.10830279031,0.012102385616812539
2020-08-31,39025.80539619103,0.013680760844077619
2020-09-01,40114.626991337085,0.027900041628668704
2020-09-02,40899.66384950497,0.019569840655315432
2020-09-03,36840.508781444165,-0.09924666087713903
2020-09-04,35908.6452880097,-0.0252945337688667
2020-09-08,32955.38155417528,-0.08224380814557061
2020-09-09,34741.26520750618,0.05419095665438097
2020-09-10,33357.32705057656,-0.039835571579316054
2020-09-11,32954.17519356241,-0.012085856171955456
2020-09-14,34188.4755058193,0.03745505099147517
2020-09-15,35015.45883014891,0.024188949992486546
2020-09-16,34140.59826065553,-0.024984980883360736
2020-09-17,33274.69571612678,-0.025362840390721522
2020-09-18,32561.35857452814,-0.021437826139245907
2020-09-21,32475.797068725275,-0.002627700733279605
2020-09-22,33589.862673051335,0.034304488415433765
2020-09-23,31564.34239571758,-0.060301534931811396
2020-09-24,31797.857017577895,0.007398051222888519
2020-09-25,33236.047173696206,0.045229153503120664
2020-09-28,34479.34498021692,0.0374081129450523
2020-09-29,34279.46406573499,-0.005797120409236784
2020-09-30,34788.54673064153,0.01485095169312784
2020-10-01,35779.0576377992,0.028472327827515423
2020-10-02,34190.50820660933,-0.04439886168247264
2020-10-05,35781.21330814533,0.046524757453839174
2020-10-06,34658.29725670597,-0.031382838859288734
2020-10-07,35963.60241949606,0.037662126131644574
2020-10-08,36320.785271819215,0.009931787370931446
2020-10-09,37332.2404662107,0.02784783387313651
2020-10-12,39243.85475201558,0.051205453032883735
2020-10-13,39162.556799309576,-0.0020716097646301945
2020-10-14,38534.637802056975,-0.01603365685418349
2020-10-15,38175.76102933308,-0.00931309578066763
2020-10-16,37900.360434069655,-0.007214017162665586
2020-10-19,36650.13299020949,-0.032987217787414674
2020-10-20,36890.01763763819,0.006545259944698958
2020-10-21,36686.65477855178,-0.005512679909345544
2020-10-22,36823.224702253865,0.003722604977925729
2020-10-23,37094.14423414474,0.007357300564561767
2020-10-26,35878.883605965486,-0.032761522155850695
2020-10-27,36336.671795166556,0.0127592651496256
2020-10-28,33625.73722515522,-0.0746060229537021
2020-10-29,34730.45961332587,0.03285347710813027
2020-10-30,33029.30028720693,-0.04898176831112875
2020-11-02,33308.87930519982,0.008464575863303438
2020-11-03,34543.12019449352,0.03705441056676502
2020-11-04,37206.548987709844,0.0771044647449335
2020-11-05,39133.88547320611,0.05180100111227462
2020-11-06,39162.57360046204,0.0007330763840348618
2020-11-09,37968.9563580479,-0.030478518970470735
2020-11-10,36932.60290826332,-0.02729475732784835
2020-11-11,38419.81394464847,0.040268243212622415
2020-11-12,37919.2465194515,-0.013028887279832795
2020-11-13,38694.87017622199,0.020454616796581553
2020-11-16,39316.47551734885,0.016064282895794257
2020-11-17,39153.38608748038,-0.004148119273725458
2020-11-18,38510.567133251985,-0.016417965812513553
2020-11-19,39183.87579575178,0.017483737909391346
2020-11-20,38856.82677831986,-0.008346520368140245
2020-11-23,39029.72393210345,0.004449595299430256
2020-11-24,40056.08114665828,0.026296809486541544
2020-11-25,40436.29368056522,0.009492005284162894
2020-11-27,41182.330736595526,0.01844968932918973
2020-11-30,41135.56791426084,-0.0011355069394634822
2020-12-01,42190.56812476164,0.02564691005846169
2020-12-02,42151.78089543521,-0.0009193341320205499
2020-12-03,42342.04179109716,0.004513709542520286
2020-12-04,42938.050277086026,0.014076045008159928
2020-12-07,43323.21717522932,0.008970293146935029
2020-12-08,43758.3997544131,0.01004501991215458
2020-12-09,42062.99164474818,-0.03874474658991459
2020-12-10,42519.25156071511,0.010847062896057524
2020-12-11,42328.148570041754,-0.004494505045566685
2020-12-14,42754.59854012354,0.010074855255625641
2020-12-15,43820.58122417555,0.02493258551010909
2020-12-16,44260.29451928541,0.010034401252242356
2020-12-17,45005.91965803015,0.016846366406799408
2020-12-18,44942.12231443817,-0.001417532273015012
2020-12-21,44850.99672157046,-0.0020276210417957655
2020-12-22,45311.826434019065,0.010274681637721137
2020-12-23,45051.81947746584,-0.0057381698557623225
2020-12-24,45289.460813065496,0.005274844353811673
2020-12-28,45961.06689820109,0.014829191451575997
2020-12-29,45610.916467894,-0.00761841388674978
2020-12-30,45751.78042780462,0.0030883825807308113
2020-12-31,45882.19820696741,0.002850550906288713
2021-01-04,44532.19356432679,-0.029423277336254897
2021-01-05,45377.792606297895,0.01898848842354103
2021-01-06,44824.73814383257,-0.012187778001095877
2021-01-07,47123.832737039775,0.051290753463632564
2021-01-08,48094.28551690344,0.020593672532516254
2021-01-11,46889.28733595676,-0.025054913863377003
2021-01-12,47148.6415315635,0.0055312036147722975
2021-01-13,47556.73308815083,0.008655425550577656
2021-01-14,47438.96519160497,-0.002476366413301934
2021-01-15,46613.48273852021,-0.017400937177922307
2021-01-19,48039.97453965461,0.03060255782938078
2021-01-20,49933.76724777696,0.03942118467525654
2021-01-21,50480.815540839314,0.010955478090564292
2021-01-22,50571.888346623,0.0018041072595193807
2021-01-25,51267.165415978685,0.013748291631710562
2021-01-26,51192.91924433842,-0.0014482207283712876
2021-01-27,48522.4233858516,-0.052165336493916775
2021-01-28,49009.560177557774,0.010039415958936034
2021-01-29,47051.58842428558,-0.0399508125798032
2021-02-01,49448.041193065175,0.050932451996512744
2021-02-02,50993.41875253625,0.03125255363376859
2021-02-03,50977.05581466859,-0.0003208833270636758
2021-02-04,52229.93998662446,0.024577413346718983
2021-02-05,52825.99440322848,0.011412121414588252
2021-02-08,53828.74267332013,0.018982099275548392
2021-02-09,53983.579206141316,0.002876465715739911
2021-02-10,53712.94307488845,-0.005013304698071648
2021-02-11,54122.713010518135,0.007628886301359047
2021-02-12,54661.07528769314,0.009947067455217624
2021-02-16,54290.82492172851,-0.006773565357357359
2021-02-17,53657.44339989083,-0.011666456031029749
2021-02-18,52888.38008685767,-0.014332835563960615
2021-02-19,52958.31361498164,0.0013222853112368684
2021-02-22,50353.24565284861,-0.04919091610568347
2021-02-23,49848.752237396315,-0.010019084349208188
2021-02-24,50832.202507271904,0.019728683783137982
2021-02-25,47254.84477237358,-0.07037581608600489
2021-02-26,47780.53392926019,0.011124555787218424
2021-03-01,50653.68350107262,0.06013221987151015
2021-03-02,48939.10695215539,-0.033849000317635845
2021-03-03,46294.2134461912,-0.05404458051410563
2021-03-04,44340.782423193355,-0.042196008476704315
2021-03-05,45711.990684485434,0.030924313608296637
2021-03-08,43512.52852005411,-0.04811565043431413
2021-03-09,46719.84546338694,0.07371019456740231
2021-03-10,46684.565512504145,-0.0007551384327767281
2021-03-11,49041.462710020045,0.05048557637073068
2021-03-12,48464.94917475545,-0.011755634995503616
2021-03-15,49483.846059941476,0.021023376740003777
2021-03-16,49571.45798584941,0.001770515691157226
2021-03-17,49966.55101470884,0.007970171645389422
2021-03-18,46944.77816550042,-0.06047591414342147
2021-03-19,47654.337372723894,0.0151147632378191
2021-03-22,48826.024479911386,0.024587208044112626
2021-03-23,47732.63851519975,-0.022393507895804358
2021-03-24,45814.66065391178,-0.040181685340466206
2021-03-25,45926.65881914105,0.0024445922687350015
2021-03-26,47066.84389684116,0.0248262143821555
2021-03-29,46501.49944000436,-0.01201152255026694
2021-03-30,46400.330472061934,-0.002175606575287955
2021-03-31,47833.97502550598,0.030897291869661576
2021-04-01,49518.81082111491,0.03522257547507911
2021-04-05,51177.0279097428,0.03348660965664444
2021-04-06,51123.60388950246,-0.0010439062685422798
2021-04-07,51052.81578280201,-0.00138464625564049
2021-04-08,52101.00701522756,0.020531506761252035
2021-04-09,52635.50662834661,0.01025891136735281
2021-04-12,52256.698020001066,-0.007196826488633761
2021-04-13,53359.6117986925,0.02110569210226997
2021-04-14,52305.82813360858,-0.019748713110198147
2021-04-15,53672.00774663308,0.02611907050844826
2021-04-16,53776.28510346748,0.0019428629785317936
2021-04-19,52724.689866465094,-0.01955499966163677
2021-04-20,51751.320182324045,-0.018461363862097416
2021-04-21,52982.62654172738,0.02379275263056773
2021-04-22,51981.83909494814,-0.01888897384109593
2021-04-23,53474.94124206986,0.028723534471230917
2021-04-26,54406.90501801585,0.01742804675048068
2021-04-27,54033.62839619089,-0.006860831758420294
2021-04-28,53733.49836573655,-0.0055545044699515074
2021-04-29,53975.015557488245,0.004494723014455556
2021-04-30,53056.59362507077,-0.01701568629358295
2021-05-03,52544.461260261574,-0.009652567754881228
2021-05-04,50566.2586256241,-0.037648166660975084
2021-05-05,50187.76574263697,-0.007485087749705966
2021-05-06,50560.78741884814,0.007432522063724084
2021-05-07,51446.852348037675,0.017524745448470408
2021-05-10,48826.591880459084,-0.050931404896310074
2021-05-11,48736.42150753904,-0.0018467472221040944
2021-05-12,46132.4610596248,-0.05342945516653143
2021-05-13,46793.4795251602,0.014328705868976919
2021-05-14,48968.577149131015,0.04648292125404565
2021-05-17,48598.38126539207,-0.007559866046577863
2021-05-18,48050.93852831907,-0.011264629043577768
2021-05-19,48023.1609282558,-0.0005780865247178895
2021-05-20,49727.869554938574,0.03549763476064245
2021-05-21,49252.51861367322,-0.009559044968540008
2021-05-24,50644.40204356947,0.028260147279246806
2021-05-25,50615.16086721911,-0.0005773822015946588
2021-05-26,51214.708833134195,0.011845224941355247
2021-05-27,51202.305594960504,-0.00024218117131354926
2021-05-28,51295.616319801826,0.0018223930301002238
2021-06-01,51205.82029429188,-0.0017505594425480024
2021-06-02,51354.23184766416,0.0028983336761195877
2021-06-03,50295.78763196397,-0.020610652279639412
2021-06-04,51773.76453484554,0.02938569952809105
2021-06-07,52278.968573649574,0.009757915873859484
2021-06-08,52604.7079016131,0.006230791020764584
2021-06-09,52505.710117500144,-0.001881918711498402
2021-06-10,53325.74668209052,0.015618045404114132
2021-06-11,53699.60855503342,0.0070109074172320755
2021-06-14,54500.31500447493,0.014910843318735111
2021-06-15,53721.90908125464,-0.014282594938329644
2021-06-16,53469.027149921814,-0.004707240223915738
2021-06-17,54396.208047582855,0.017340523048255882
2021-06-18,53390.49804761978,-0.018488604924139864
2021-06-21,54237.36316127034,0.015861719680817146
2021-06-22,55095.313937082276,0.015818445547599508
2021-06-23,55238.4792188486,0.0025985019693292705
2021-06-24,55997.39295711028,0.01373886010248303
2021-06-25,55925.21490277765,-0.0012889538337600387
2021-06-28,57017.962724029334,0.01953944787072084
2021-06-29,57237.21535558641,0.0038453255970977585
2021-06-30,57045.58618199689,-0.003347982119658044
2021-07-01,57191.02937107675,0.0025495958375437136
2021-07-02,58112.62818663657,0.01611439461213649
2021-07-06,58307.54183268323,0.0033540669580571563
2021-07-07,58319.313863547526,0.00020189550947058823
2021-07-08,57482.4481961864,-0.014349717304959654
2021-07-09,58605.266622338124,0.019533239473718447
2021-07-12,58856.40926750706,0.004285325528630942
2021-07-13,58412.75068607996,-0.007537982472064028
2021-07-14,58152.95793419874,-0.0044475349787479425
2021-07-15,57344.81120006592,-0.013896915356347971
2021-07-16,56431.35407171831,-0.015929202821170985
2021-07-19,55241.63233403697,-0.021082636723005706
2021-07-20,56974.99268779695,0.03137779027380347
2021-07-21,58021.28827751214,0.018364119771783434
2021-07-22,58439.3200126373,0.007204799264810158
2021-07-23,59652.71290772426,0.020763295925150468
2021-07-26,59684.09661470387,0.0005261069522214267
2021-07-27,58235.748626399174,-0.02426689973469209
2021-07-28,59046.56989037624,0.0139230847563881
2021-07-29,59172.48723832921,0.0021325091057236055
2021-07-30,58327.48417232775,-0.014280337120155884
2021-08-02,58395.626979773784,0.00116827955830754
2021-08-03,59034.27530571724,0.010936577942123393
2021-08-04,59188.65214451934,0.0026150374168675255
2021-08-05,60106.89024297365,0.015513752470866707
2021-08-06,59628.308574285584,-0.007962176495131661
2021-08-09,59826.0779785313,0.003316703240027752
2021-08-10,59246.110787180434,-0.009694220496269012
2021-08-11,59062.70675321822,-0.003095629932925481
2021-08-12,59472.167065139496,0.006932637097587297
2021-08-13,59525.96152806251,0.0009045317427914258
2021-08-16,59293.387839564595,-0.003907096710874072
2021-08-17,58191.03394414985,-0.018591514763795995
2021-08-18,57157.06177747161,-0.017768582143954034
2021-08-19,57282.501927050136,0.002194657067343659
2021-08-20,58644.8994524128,0.0237838341470783
2021-08-23,60463.64206820561,0.031012801330977155
2021-08-24,61088.49548389896,0.010334366146658669
2021-08-25,61268.44234208763,0.002945675069638845
2021-08-26,60486.484987702104,-0.01276280780927191
2021-08-27,61973.78846286622,0.024589021422992373
2021-08-30,63092.68397961938,0.018054334655103105
2021-08-31,63038.23472941055,-0.0008630041832809042
2021-09-01,63453.024740832785,0.006579975045346802
2021-09-02,63634.255868797074,0.00285614639655885
2021-09-03,63903.24248319977,0.004227072521399555
2021-09-07,63995.26994564472,0.0014401063055469218
2021-09-08,63265.781003883814,-0.011399107189961228
2021-09-09,62948.536813927356,-0.00501446729847504
2021-09-10,61852.92215156031,-0.017404926592743997
2021-09-13,61773.343410125584,-0.0012865801431293951
2021-09-14,61219.15967121762,-0.008971244040145734
2021-09-15,62227.4054041185,0.01646944744612217
2021-09-16,62395.29004901319,0.002697921338747958
2021-09-17,61261.89752296722,-0.018164712835787033
2021-09-20,58575.19287644619,-0.043856046827700404
2021-09-21,58834.43559225394,0.004425810707180527
2021-09-22,60035.43465621066,0.020413199376639227
2021-09-23,61288.395054741384,0.02087034774888735
2021-09-24,61251.92764469429,-0.0005950132976156518
2021-09-27,60620.63530056495,-0.010306489418444052
2021-09-28,57192.9224448746,-0.05654366435942644
2021-09-29,56924.15092842315,-0.004699384206332641
2021-09-30,56423.64497455594,-0.008792506268500267
2021-10-01,57346.657651528665,0.016358614857104048
2021-10-04,54897.62967134317,-0.04270567946727074
2021-10-05,56271.72698460727,0.02503017564675254
2021-10-06,56803.02284292185,0.009441612809571539
2021-10-07,57995.099347073956,0.020986145533989874
2021-10-08,57406.04836741142,-0.010156909571571426
2021-10-11,56672.422759691675,-0.012779587318471706
2021-10-12,56514.21109724564,-0.002791686939464253
2021-10-13,57340.71118984426,0.014624641776852177
2021-10-14,59322.814979152834,0.03456712949977568
2021-10-15,59914.87270054953,0.00998027018112263
2021-10-18,60917.54948985524,0.016735023277392583
2021-10-19,61788.149685268036,0.014291451358491965
2021-10-20,61728.131726277905,-0.0009713506440287024
2021-10-21,62496.23619233695,0.012443345433895097
2021-10-22,61465.804501995146,-0.016487899962016522
2021-10-25,62579.3924318776,0.018117194412485223
2021-10-26,62653.883962870685,0.0011903524163194737
2021-10-27,62655.46812555874,2.5284349314909996e-05
2021-10-28,64401.93249156603,0.027874093327456384
2021-10-29,64821.60475335374,0.006516454484384656
2021-11-01,65639.03636621268,0.012610480964938494
2021-11-02,66091.42525551283,0.006892070852109795
2021-11-03,67460.11705962115,0.0207090677620715
2021-11-04,68559.12479528073,0.016291221888753683
2021-11-05,68828.75827206958,0.003932860543275297
2021-11-08,68923.2809587056,0.0013733022214693798
2021-11-09,68097.40770392129,-0.01198250059046259
2021-11-10,65836.1609895571,-0.03320606159041765
2021-11-11,66524.19559117885,0.010450709629482947
2021-11-12,67852.1525956227,0.01996201521330297
2021-11-15,67792.99342967733,-0.0008718834065286064
2021-11-16,68819.90538423664,0.015147759415942425
2021-11-17,68369.91081798491,-0.006538726895064921
2021-11-18,68990.03545211795,0.009070139579148095
2021-11-19,69540.41050670086,0.007977602141759962
2021-11-22,67786.62116107323,-0.025219715167753277
2021-11-23,67106.35176126989,-0.010035452249299968
2021-11-24,67703.21932068393,0.00889435267673896
2021-11-26,64682.876928404046,-0.04461150330198759
2021-11-29,67115.93668525218,0.03761520625530036
2021-11-30,65031.589642810366,-0.031055918242139584
2021-12-01,62657.82525565355,-0.036501712478425465
2021-12-02,63703.893585875594,0.01669493516498409
2021-12-03,61253.808659917035,-0.03846052082602674
2021-12-06,62389.64656199427,0.01854313922556946
2021-12-07,66174.64319684713,0.06066706326172018
2021-12-08,67019.46966524678,0.012766619169922493
2021-12-09,64730.82042695163,-0.0341490204223735
2021-12-10,65676.03197791021,0.01460218709919248
2021-12-13,63851.398361513944,-0.02778233643911333
2021-12-14,62396.702785076326,-0.022782517122043575
2021-12-15,65082.98255283804,0.04305163009998355
2021-12-16,61862.730240610406,-0.04947917544518268
2021-12-17,61775.62269183582,-0.0014080779887306058
2021-12-20,60239.93076733268,-0.02485918971895847
2021-12-21,63136.82772676581,0.04808931422285236
2021-12-22,64625.52493806287,0.023578904181559685
2021-12-23,65720.89236946567,0.016949455071391756
2021-12-27,67552.68146713817,0.0278722493202719
2021-12-28,66791.02032386263,-0.01127506897925388
2021-12-29,66660.37182788282,-0.0019560787564902125
2021-12-30,66452.39227859245,-0.003119987836661971
2021-12-31,65637.43649584631,-0.012263753866520774
2022-01-03,67212.37823327194,0.023994565015123547
2022-01-04,65427.89512404369,-0.026549917680860877
2022-01-05,61050.19551528023,-0.06690876422761025
2022-01-06,60893.28492305279,-0.0025701898397387413
2022-01-07,59721.8825924187,-0.019236970580817442
2022-01-10,59775.0444613868,0.0008901572867506253
2022-01-11,61459.3561250302,0.028177505827392892
2022-01-12,61742.000843316986,0.004598888372858724
2022-01-13,58638.91725586586,-0.050258876373732
2022-01-14,59326.78942663105,0.011730642429219952
2022-01-18,56241.892740403375,-0.051998375709218884
2022-01-19,54949.08858987324,-0.022986497920639858
2022-01-20,53521.12513049713,-0.02598702719228125
2022-01-21,50608.06455524642,-0.05442823872158848
2022-01-24,51239.88586208205,0.012484597314443891
2022-01-25,48903.122639296445,-0.0456043799370527
2022-01-26,48922.94991452885,0.00040543986073528584
2022-01-27,47554.294766993946,-0.027975728158788942
2022-01-28,50529.51154642664,0.06256462836870219
2022-01-31,53971.75848362613,0.0681234951981822
2022-02-01,54775.50684160076,0.01489201724302675
2022-02-02,55321.19704635638,0.00996230315738805
2022-02-03,51186.2067833831,-0.07474513357887685
2022-02-04,52802.34247006911,0.03157365603443496
2022-02-07,52183.55765597234,-0.011718889449791502
2022-02-08,53514.17798228364,0.025498842663883026
2022-02-09,55744.786283517504,0.041682566851205645
2022-02-10,53399.47712509753,-0.042072260291603776
2022-02-11,50428.82045327468,-0.05563081947157596
2022-02-14,50425.23178999715,-7.116294304078594e-05
2022-02-15,52975.599107025875,0.05057720562693843
2022-02-16,52857.51396889902,-0.00222904771474683
2022-02-17,49807.79255772231,-0.057697027010599526
2022-02-18,48582.36996283389,-0.024603029605623945
2022-02-22,47385.44908819032,-0.024636938781686137
2022-02-23,44948.354994061374,-0.05143127565580741
2022-02-24,47954.80561050066,0.06688677743237773
2022-02-25,49527.5682107632,0.032796767294541104
2022-02-28,49936.39348644921,0.008254499270916395
2022-03-01,48345.66074489177,-0.031855178768348646
2022-03-02,49913.838399493805,0.03243678192499883
2022-03-03,48359.17517382739,-0.03114693791375863
2022-03-04,46754.68287586974,-0.03317865311371203
2022-03-07,43364.129186800674,-0.07251794858860948
2022-03-08,43124.236003723905,-0.005532065040286523
2022-03-09,46224.324937208046,0.07188739374342633
2022-03-10,45347.83561764361,-0.01896164672507558
2022-03-11,43370.67268739662,-0.043599940401074525
2022-03-14,41595.617563620726,-0.040927544208732604
2022-03-15,44024.465042198215,0.0583919081105733
2022-03-16,47341.77068463875,0.0753514128851048
2022-03-17,48597.11010201979,0.026516528622119295
2022-03-18,50588.672259212195,0.040981082064582154
2022-03-21,50183.472858819005,-0.008009686404042888
2022-03-22,52143.69497317379,0.03906110921955276
2022-03-23,50766.56567284471,-0.02641027455069241
2022-03-24,52729.40829092386,0.03866408121298392
2022-03-25,52561.250201467425,-0.0031890759806871534
2022-03-28,53936.23542812448,0.02615967507216311
2022-03-29,55924.99189960819,0.036872363369407406
2022-03-30,54567.28844949534,-0.02427722211475838
2022-03-31,52890.92286860498,-0.03072107169924555
2022-04-01,53195.09325468718,0.005750899579457739
2022-04-04,55215.103573171546,0.037973621153608694
2022-04-05,52719.10775234795,-0.045204946822491855
2022-04-06,50377.58560894044,-0.04441505638538085
2022-04-07,50438.46809580598,0.0012085233170591515
2022-04-08,49085.52851687215,-0.02682356602036317
2022-04-11,46942.5398020786,-0.043658258952166316
2022-04-12,46659.214103031394,-0.0060355852120864304
2022-04-13,48557.01786906189,0.0406737190609302
2022-04-14,46474.34198913934,-0.0428913465307664
2022-04-18,46341.67268524493,-0.0028546784788349836
2022-04-19,48338.32883610959,0.043085543424943876
2022-04-20,47155.21109047388,-0.024475768486888608
2022-04-21,45202.80151412181,-0.041403898555476645
2022-04-22,42900.96212143474,-0.05092249408408794
2022-04-25,44005.738252668445,0.025751779834366852
2022-04-26,40525.898609520875,-0.07907695180949623
2022-04-27,40513.64287123453,-0.00030241743445179873
2022-04-28,42995.41375881382,0.06125765820336523
2022-04-29,39408.0709989942,-0.08343547476814862
2022-05-02,40693.363207862705,0.03261494856983255
2022-05-03,40872.94482305465,0.004413044315718968
2022-05-04,43482.18000464071,0.06383770958715708
2022-05-05,39140.61136907953,-0.09984707839160348
2022-05-06,38040.480092239224,-0.02810715618278242
2022-05-09,34772.637236226685,-0.08590435368031077
2022-05-10,35456.8070374886,0.019675522354374173
2022-05-11,33200.26754404382,-0.06364192610628859
2022-05-12,33239.11366441073,0.0011700544375246019
2022-05-13,35776.22983141256,0.07632923647173914
2022-05-16,34912.91402021508,-0.02413098907474761
2022-05-17,36838.69096097074,0.05515944442909027
2022-05-18,33356.3468342587,-0.09452952957534409
2022-05-19,33182.69073894842,-0.005206088549598841
2022-05-20,32984.840125316914,-0.005962464442320609
2022-05-23,34033.158995754326,0.03178183876152222
2022-05-24,32434.6989819732,-0.04696772385956106
2022-05-25,33414.95148026032,0.03022233993390634
2022-05-26,35202.40971872229,0.05349276773655937
2022-05-27,37543.54629906868,0.06650500914717966
2022-05-31,37233.78196241467,-0.008250801194603469
2022-06-01,36697.491477958014,-0.014403330958912776
2022-06-02,38670.06306511491,0.05375221868616568
2022-06-03,36759.63521470387,-0.04940327734128975
2022-06-06,37055.927716506805,0.008060267738576939
2022-06-07,37755.080725234984,0.018867507894472037
2022-06-08,37202.879481431366,-0.014625879039229055
2022-06-09,35158.29873378031,-0.054957594039771594
2022-06-10,32679.95297831624,-0.07049106028224461
2022-06-13,29619.42963879945,-0.09365139972959885
2022-06-14,29723.84152156654,0.00352511456298671
2022-06-15,31210.15995865659,0.05000425116691704
2022-06-16,28661.866476154966,-0.0816494848433104
2022-06-17,29481.292630199998,0.02858942053640326
2022-06-21,30959.28363641905,0.05013318190482024
2022-06-22,30868.163322595938,-0.0029432306927129996
2022-06-23,31868.182643757715,0.03239646333054589
2022-06-24,33998.135259919836,0.0668363376717165
2022-06-27,33510.234145762566,-0.014350819844300464
2022-06-28,31515.053606359277,-0.059539438928557425
2022-06-29,31494.081456650078,-0.0006654645101085427
2022-06-30,30653.214250587964,-0.02669921354015431
2022-07-01,31203.759423180916,0.017960438604978913
2022-07-05,32292.36983339125,0.034887155597079195
2022-07-06,32517.907686305814,0.006984245940393911
2022-07-07,34002.88925495323,0.04566657802749057
2022-07-08,34084.1518084396,0.002389872015788457
2022-07-11,32543.71248930112,-0.045195178327924496
2022-07-12,31925.943035534765,-0.01898275908040464
2022-07-13,31828.329310284138,-0.003057504836802413
2022-07-14,31848.35929554771,0.0006293131212859558
2022-07-15,32987.18769662265,0.035757835765000946
2022-07-18,32453.821267310428,-0.016168896670352734
2022-07-19,34470.91117785605,0.06215261660349876
2022-07-20,35556.415735145754,0.031490451519802794
2022-07-21,36524.01040718359,0.027212941800582514
2022-07-22,35157.64119927052,-0.037410163689043624
2022-07-25,34850.66850835302,-0.008731322137842099
2022-07-26,33548.20994931054,-0.03737255595915768
2022-07-27,36274.27900162255,0.08125825659344997
2022-07-28,37058.671925967246,0.021623942527144654
2022-07-29,38448.21853626165,0.03749585557384046
2022-08-01,38312.03294184901,-0.0035420521313413184
2022-08-02,38186.290090929695,-0.003282072008816825
2022-08-03,40161.18143598624,0.05171728754885349
2022-08-04,40493.04386807055,0.008263263684442924
2022-08-05,40091.250497148925,-0.009922528230544946
2022-08-08,40006.81275178848,-0.0021061389782902557
2022-08-09,39053.76087561246,-0.023822239529276368
2022-08-10,41309.29712858716,0.057754649037736944
2022-08-11,40827.45385872213,-0.011664281490076001
2022-08-12,42534.67620913515,0.04181554784975397
2022-08-15,43060.285621028714,0.01235719790857797
2022-08-16,42892.461849411884,-0.003897414269237265
2022-08-17,41815.366341177774,-0.025111533863819962
2022-08-18,41990.78675058201,0.004195118320211483
2022-08-19,40305.35866743733,-0.04013804488007882
2022-08-22,38250.37498216841,-0.05098537150419001
2022-08-23,38248.224701050145,-5.621594871332652e-05
2022-08-24,38558.08299262331,0.008101246371433767
2022-08-25,39846.26484758091,0.03340886670128401
2022-08-26,36708.57080639456,-0.07874499788596488
2022-08-29,35957.15164457792,-0.02046985609381832
2022-08-30,35151.66462985005,-0.022401302046663338
2022-08-31,34755.189524938665,-0.011278985194194912
2022-09-01,34571.97807810951,-0.005271484613763623
2022-09-02,33666.4324526725,-0.026193052170491515
2022-09-06,33167.15732291077,-0.014830057519863613
2022-09-07,34585.88528493344,0.042775084648049154
2022-09-08,34997.42147758955,0.011898963674507398
2022-09-09,36473.2169594473,0.042168691850705924
2022-09-12,37399.905819314474,0.02540737936271181
2022-09-13,33540.41518898613,-0.10319519650595431
2022-09-14,34036.51507756243,0.014791107557285223
2022-09-15,33064.21834237483,-0.02856628338629653
2022-09-16,32468.710052888346,-0.018010656816988324
2022-09-19,32958.806962123,0.01509443733478593
2022-09-20,32329.96095066328,-0.019079756502788623
2022-09-21,31170.150998621168,-0.03587415257977028
2022-09-22,30317.566226017178,-0.02735260322100148
2022-09-23,29227.51917564963,-0.035954305904413814
2022-09-26,28876.746623242052,-0.012001448029151134
2022-09-27,29018.48204160223,0.004908289019168777
2022-09-28,30208.59891858294,0.041012375329436794
2022-09-29,28490.929700374887,-0.05686027421653838
2022-09-30,27631.452161427293,-0.030166707369197743
2022-10-03,28883.534666070726,0.04531366999202835
2022-10-04,30811.22683779047,0.06674017546696563
2022-10-05,30657.725364221846,-0.004981998100132532
2022-10-06,30243.03797470388,-0.013526358677670016
2022-10-07,27943.507412829204,-0.07603503866900098
2022-10-10,27363.770270528,-0.020746756437419845
2022-10-11,26761.698125828243,-0.022002528845530344
2022-10-12,26714.696860697346,-0.001756288592372132
2022-10-13,27904.54658862421,0.0445391439076133
2022-10-14,26186.500227538098,-0.061568689375748664
2022-10-17,27983.864365983733,0.06863705049655688
2022-10-18,28489.935810302723,0.018084401700222335
2022-10-19,28003.53090082499,-0.01707286786170431
2022-10-20,27658.81392316742,-0.012309768324515531
2022-10-21,28934.62030552461,0.04612657599495093
2022-10-24,29428.518268901804,0.017069446848171948
2022-10-25,30752.84059695112,0.0450013254472541
2022-10-26,29499.56074155023,-0.04075330379480911
2022-10-27,28540.230536544845,-0.03252015219515343
2022-10-28,30178.240710919126,0.05739302533933145
2022-10-31,29555.72824192211,-0.020627858163109573
2022-11-01,29031.92417876247,-0.017722590317252596
2022-11-02,27079.986868552412,-0.06723416946775938
2022-11-03,26143.805207247675,-0.03457097914592829
2022-11-04,26812.35456604902,0.025571998930591984
2022-11-07,27268.33019780051,0.017006176411260416
2022-11-08,27534.7714608266,0.009771088331898672
2022-11-09,26170.005740510634,-0.04956517333937574
2022-11-10,30016.778015938187,0.14699164813222904
2022-11-11,31146.294428662564,0.03762950214458816
2022-11-14,30445.85161160239,-0.022488800992505466
2022-11-15,31327.553591677242,0.028959675404147622
2022-11-16,30363.20519887703,-0.030782754547945664
2022-11-17,30152.684527026646,-0.0069334139947178144
2022-11-18,30158.256619653286,0.0001847959050426149
2022-11-21,29499.352822619414,-0.021848205794644082
2022-11-22,30301.185045979037,0.02718134964455221
2022-11-23,30902.303280063188,0.019838109736368882
2022-11-25,30578.62705097002,-0.010474178127103892
2022-11-28,29613.999957384887,-0.03154579477938113
2022-11-29,29261.351600306527,-0.011908163624833832
2022-11-30,31840.9565104669,0.0881574079487618
2022-12-01,31920.79621454879,0.0025074530677383477
2022-12-02,31803.913438633863,-0.0036616497636626833
2022-12-05,30573.120610825696,-0.03869941446617882
2022-12-06,29348.443931685735,-0.0400573004872231
2022-12-07,29047.845673473337,-0.01024239168904829
2022-12-08,29701.937808297087,0.02251775027230581
2022-12-09,29286.776269438215,-0.013977591008991359
2022-12-12,30026.153678576604,0.02524611798636086
2022-12-13,30635.096230194245,0.020280404814290796
2022-12-14,30167.05234968402,-0.01527802873519012
2022-12-15,28220.363679192473,-0.06453029112444716
2022-12-16,27671.18671311847,-0.019460307893867552
2022-12-19,26846.21434322955,-0.02981340765908729
2022-12-20,26851.374552610345,0.00019221366986126316
2022-12-21,27677.21584168928,0.030756015393582567
2022-12-22,26471.24791714421,-0.04357258806099142
2022-12-23,26580.780350759807,0.004137788817453498
2022-12-27,25847.028589513917,-0.02760459819325492
2022-12-28,25147.977292700736,-0.02704571221377397
2022-12-29,26451.683722397942,0.051841403168262336
2022-12-30,26392.732032659536,-0.0022286554745279963
2023-01-03,25984.92136320599,-0.015451627703752085
2023-01-04,26341.008719368314,0.013703614922865757
2023-01-05,25564.614258570633,-0.029474742940531498
2023-01-06,26871.687985448327,0.05112823974801403
2023-01-09,27199.644364835633,0.012204532129314136
2023-01-10,27743.629444100392,0.01999971293624838
2023-01-11,28716.78793198834,0.03507682691079504
2023-01-12,29078.188937845087,0.012585007999943313
2023-01-13,29487.428794242227,0.014073773895337646
2023-01-17,29558.468217187256,0.0024091426702792245
2023-01-18,28819.170021719205,-0.025011383879431682
2023-01-19,28264.807677200388,-0.01923588861514848
2023-01-20,29762.514776286836,0.05298840580099072
2023-01-23,30948.77999330794,0.03985769434934496
2023-01-24,30780.981491543476,-0.0054218131312687694
2023-01-25,30663.791236798963,-0.003807229304130854
2023-01-26,31739.199552811053,0.03507095087190392
2023-01-27,32338.139534450434,0.018870670655786417
2023-01-30,31058.44483023146,-0.03957230448757546
2023-01-31,32094.672678299554,0.033363803427126394
2023-02-01,33375.12509685254,0.03989610460862412
2023-02-02,35543.23827274244,0.0649619490443308
2023-02-03,34409.50261269801,-0.03189736543824918
2023-02-06,33712.44382035599,-0.020257741013808953
2023-02-07,34992.268057913534,0.037962962411665094
2023-02-08,33813.811263717136,-0.03367763393461689
2023-02-09,33123.14281097218,-0.020425631626034932
2023-02-10,32717.712114773396,-0.012240103498406048
2023-02-13,33675.97041341874,0.02928867077513814
2023-02-14,34059.185221367414,0.011379473352785016
2023-02-15,34684.18699040601,0.01835046155615297
2023-02-16,33445.90794030835,-0.03570154463877658
2023-02-17,33055.15430822298,-0.011683152174632592
2023-02-21,31385.239457704633,-0.0505190456818689
2023-02-22,31462.223761300073,0.002452882467224408
2023-02-23,31914.201749370273,0.014365735604046914
2023-02-24,30834.05132545214,-0.033845447001958955
2023-02-27,31213.051335899778,0.012291606005558994
2023-02-28,31147.10350955486,-0.002112828561207214
2023-03-01,30729.835147270867,-0.013396698738166539
2023-03-02,31177.20022655838,0.01455800453024047
2023-03-03,32403.056009224936,0.03931898226134854
2023-03-06,32318.05917927405,-0.0026231115338840334
2023-03-07,31509.280633277107,-0.025025591466074897
2023-03-08,31755.184787225484,0.007804181784102023
2023-03-09,30447.613546245408,-0.041176622014370716
2023-03-10,29372.78891670894,-0.035300784013957885
2023-03-13,29625.864129324287,0.00861597491926885
2023-03-14,30889.674403557918,0.042659018103802265
2023-03-15,30917.938573891068,0.0009150038282661036
2023-03-16,32446.025743379036,0.04942396679636245
2023-03-17,31961.666969018264,-0.014928138755471679
2023-03-20,32197.890018477683,0.0073908238168051395
2023-03-21,33212.091052110874,0.03149899055656005
2023-03-22,32143.226188668345,-0.032183004128389495
2023-03-23,32786.39143316777,0.020009355648505794
2023-03-24,32985.91956617217,0.006085699715112476
2023-03-27,32666.746347371776,-0.009676044293993633
2023-03-28,32370.01522674197,-0.009083583576840724
2023-03-29,33527.50049261259,0.03575794628957666
2023-03-30,34014.00846517179,0.014510714052972473
2023-03-31,35190.332397237464,0.0345835138269622
2023-04-03,34991.0011653791,-0.005664374794993842
2023-04-04,34624.50433258895,-0.010474031053240252
2023-04-05,33881.079236917954,-0.02147106825068035
2023-04-06,34391.659413362344,0.015069773098846466
2023-04-10,34355.00578049392,-0.0010657709890609
2023-04-11,34052.573817217126,-0.008803141097083168
2023-04-12,33468.15496027708,-0.017162252112777308
2023-04-13,34793.65109073903,0.03960469682404555
2023-04-14,34544.75888036721,-0.00715338007278191
2023-04-17,34727.76301433353,0.005297594769732899
2023-04-18,34699.05882467695,-0.0008265487657449715
2023-04-19,34716.79337163394,0.0005110959074307691
2023-04-20,34154.89029615975,-0.01618533916595255
2023-04-21,34223.94626853616,0.002021847289732721
2023-04-24,34011.963243914055,-0.0061939971199929155
2023-04-25,32662.767831652287,-0.039668260329053136
2023-04-26,32964.485870146236,0.009237368983824197
2023-04-27,34561.73603710645,0.04845366535525849
2023-04-28,35037.805491993575,0.013774465911550366
2023-05-01,34945.32587610978,-0.002639423747726558
2023-05-02,34185.28979315672,-0.021749291611919356
2023-05-03,33868.97637812181,-0.009252910153718383
2023-05-04,33533.04650641402,-0.009918512681262839
2023-05-05,35036.78085694187,0.04484335624680617
2023-05-08,35147.61696811317,0.0031634216517737617
2023-05-09,34699.75762148908,-0.01274223931114308
2023-05-10,35418.70300882023,0.02071903196482019
2023-05-11,35541.577775334306,0.003469205704214603
2023-05-12,35285.03337123882,-0.0072181490005075585
2023-05-15,35734.85416162485,0.012748203626546169
2023-05-16,35602.57145282931,-0.0037017839277372244
2023-05-17,36507.095403837106,0.025406141020072763
2023-05-18,37602.46496163917,0.030004292198138847
2023-05-19,37414.66845367009,-0.004994260566711857
2023-05-22,37773.201794440996,0.009582694584474829
2023-05-23,36815.403615942836,-0.025356552608657015
2023-05-24,36365.02108276355,-0.012233535122354111
2023-05-25,37607.05730553241,0.0341546955229887
2023-05-26,39246.934733609945,0.04360557686698589
2023-05-30,39480.98116990256,0.005963432249708396
2023-05-31,38978.0907188626,-0.012737536812365889
2023-06-01,39972.061458517644,0.025500754945240022
2023-06-02,40820.38268411883,0.02122285402972168
2023-06-05,40736.068426178645,-0.002065494059490685
2023-06-06,41020.66381284521,0.006986324347483477
2023-06-07,39955.876847153406,-0.025957331420813676
2023-06-08,40766.037380586626,0.02027637978093668
2023-06-09,40888.238371647254,0.0029976175981926497
2023-06-12,42124.47789323608,0.030234599748519917
2023-06-13,42816.703280320224,0.01643285381099737
2023-06-14,43147.05466996551,0.007715479341846629
2023-06-15,44132.05722954656,0.022828964042050943
2023-06-16,43529.70440567622,-0.013648872535836902
2023-06-20,43367.54886400762,-0.003725169832475331
2023-06-21,42314.760651106364,-0.02427594458249419
2023-06-22,43114.639525397186,0.018903069803135053
2023-06-23,42235.994069807195,-0.020379283353915388
2023-06-26,41239.806764365036,-0.02358621662356682
2023-06-27,42594.94328416818,0.032859914391599465
2023-06-28,42816.67975912058,0.0052056994998938375
2023-06-29,42809.00116808176,-0.00017933644276053905
2023-06-30,44042.3799456018,0.02881120194039093
2023-07-03,44211.16003120505,0.0038322199166282837
2023-07-05,44040.008485269704,-0.0038712294772302925
2023-07-06,43315.65141581877,-0.016447705038322345
2023-07-07,43194.53718180688,-0.0027960847881340375
2023-07-10,43335.88651912474,0.0032723892079897913
2023-07-11,43807.17027747813,0.010875138279342809
2023-07-12,44809.66243672539,0.022884202583672884
2023-07-13,46218.387899518246,0.03143798426917593
2023-07-14,46050.35769790057,-0.0036355703704547705
2023-07-17,46890.60851390967,0.01824634721669929
2023-07-18,47600.654738339246,0.015142610576677627
2023-07-19,47624.11062298007,0.0004927639077605637
2023-07-20,45663.46620384033,-0.041169155570407026
2023-07-21,45460.0326224226,-0.004455062182743996
2023-07-24,45612.84879603191,0.0033615500208402896
2023-07-25,46163.51605555721,0.012072634664581626
2023-07-26,46045.29699573661,-0.002560876421941538
2023-07-27,45536.84196724323,-0.011042496447367012
2023-07-28,47259.283451282354,0.037825229190863834
2023-07-31,47436.45437248722,0.0037489125578364746
2023-08-01,47020.13393826582,-0.008776381787565886
2023-08-02,44970.647400547365,-0.04358742449371343
2023-08-03,44876.98750113691,-0.0020826895947536925
2023-08-04,44436.75746002525,-0.009809705722794012
2023-08-07,44965.19017261786,0.011891792803918812
2023-08-08,44252.60309543828,-0.015847527263734854
2023-08-09,43212.759770741104,-0.023497901862509152
2023-08-10,43308.26298713618,0.0022100698243240216
2023-08-11,42822.27251912154,-0.011221656896259848
2023-08-14,43707.7532911623,0.020678042522039336
2023-08-15,42705.4895142581,-0.022931029426919974
2023-08-16,41720.355980659166,-0.023068077308188363
2023-08-17,40738.90609476927,-0.0235244849383567
2023-08-18,40574.1226848919,-0.004044865846275819
2023-08-21,41822.51619216323,0.030768219364017992
2023-08-22,41868.91206080518,0.0011093514419069205
2023-08-23,43198.0058128252,0.03174416736909249
2023-08-24,41574.32130952127,-0.037587024510790386
2023-08-25,42351.76508101108,0.018700095323306392
2023-08-28,43050.326681929255,0.016494273605408248
2023-08-29,44544.42797781975,0.034705922371494106
2023-08-30,45021.893207484514,0.010718854216794547
2023-08-31,45117.18326912241,0.0021165272015272896
2023-09-01,45091.564016949065,-0.0005678380234982507
2023-09-05,45000.56705464799,-0.002018048481682046
2023-09-06,44042.17787932286,-0.021297268857996304
2023-09-07,43251.93936446254,-0.017942766523163352
2023-09-08,43326.760707528934,0.0017298956801894408
2023-09-11,44296.1762400862,0.022374521351853787
2023-09-12,43372.577389610306,-0.02085053223262363
2023-09-13,43619.144320822874,0.005684857715456591
2023-09-14,44324.2469922613,0.016164981739493323
2023-09-15,42933.105965423936,-0.031385553534169365
2023-09-18,42929.931489079405,-7.394005798436307e-05
2023-09-19,42724.17383087679,-0.004792871804488153
2023-09-20,41413.14383888568,-0.030685906231465346
2023-09-21,39900.76516917683,-0.03651929144989874
2023-09-22,39822.634288195,-0.00195812989175933
2023-09-25,40167.33916804557,0.008656003953830756
2023-09-26,38905.29662499004,-0.031419620248570486
2023-09-27,39074.88571372094,0.004359023152183467
2023-09-28,39717.49973627735,0.016445704467684775
2023-09-29,39821.38220969316,0.002615534061952172
2023-10-02,40340.227985612866,0.013029326134073944
2023-10-03,38830.12868847752,-0.037434079392757016
2023-10-04,39875.38857383472,0.026918784991494943
2023-10-05,39773.21268421918,-0.0025623797853744656
2023-10-06,41041.23697027606,0.0318813643776884
2023-10-09,41350.05162001264,0.007524496641273877
2023-10-10,41827.25271346015,0.011540519896631893
2023-10-11,42419.63790403112,0.014162660756831045
2023-10-12,41883.86631939759,-0.012630272465918833
2023-10-13,40848.43321975775,-0.02472152622548828
2023-10-16,41813.55900141875,0.023626996327344503
2023-10-17,41597.66566812711,-0.00516323743894437
2023-10-18,40243.762721824205,-0.03254757026763391
2023-10-19,39464.52245613007,-0.019363007159157904
2023-10-20,38248.54982188669,-0.030811791415823873
2023-10-23,38438.44578939477,0.00496478868852199
2023-10-24,39151.65575961701,0.018554599583186365
2023-10-25,37248.15021241271,-0.048618775126432055
2023-10-26,35932.88998097884,-0.03531075298862934
2023-10-27,36199.11308266086,0.0074088975816568176
2023-10-30,37025.08680170133,0.022817512604642022
2023-10-31,37378.3210646323,0.009540403370904059
2023-11-01,38596.85175783293,0.03259993114975989
2023-11-02,39967.69791464974,0.035517045934675494
2023-11-03,41069.897942386306,0.02757727077727344
2023-11-06,41302.23307181094,0.005657066149776195
2023-11-07,42037.21972238983,0.017795324754014935
2023-11-08,42097.3078273442,0.001429402452188321
2023-11-09,41296.94518899863,-0.019012204809583946
2023-11-10,42982.03038517067,0.04080411247030781
2023-11-13,42777.66566357977,-0.00475465490484151
2023-11-14,44802.44034854106,0.047332519284359935
2023-11-15,44857.316383400794,0.0012248447725799444
2023-11-16,44914.572816762615,0.0012764123665456129
2023-11-17,44984.46081465968,0.0015560205410878934
2023-11-20,45981.63072663727,0.0221669859751355
2023-11-21,45431.89662247117,-0.011955515615230956
2023-11-22,45848.11422226108,0.009161352061715377
2023-11-24,45740.857460959545,-0.002339393083466336
2023-11-27,45661.62653944188,-0.0017321695725816013
2023-11-28,45917.512743864405,0.005603966039218763
2023-11-29,45762.484372585765,-0.003376236255291416
2023-11-30,45549.96521391516,-0.00464396025662275
2023-12-01,46049.284279382715,0.010962007613455125
2023-12-04,45263.42537922819,-0.01706560508924936
2023-12-05,45541.57832755901,0.006145203240814953
2023-12-06,45003.677033510925,-0.011811213264924823
2023-12-07,46228.11669118572,0.02720754699139457
2023-12-08,46635.19055235864,0.00880576346841603
2023-12-11,46803.42311364983,0.0036074166160488656
2023-12-12,47452.40839977118,0.013866192747172771
2023-12-13,48756.51158082686,0.02748233914850076
2023-12-14,48933.44470672043,0.003628912737127663
2023-12-15,49274.83215828838,0.006976566918884214
2023-12-18,49864.631771479435,0.011969591520807368
2023-12-19,50514.68073689729,0.013036273252691535
2023-12-20,48991.74287790853,-0.030148420949562948
2023-12-21,50218.77283339234,0.025045648172625206
2023-12-22,50408.18970543864,0.0037718339449417646
2023-12-26,50933.18921162559,0.010414964497927622
2023-12-27,51093.50484632026,0.0031475671792033804
2023-12-28,51060.15802434191,-0.0006526626442765253
2023-12-29,50487.30795437972,-0.011219120584959625
2024-01-02,48812.4666082704,-0.03317351259098045
2024-01-03,47657.783427374365,-0.023655497481055228
2024-01-04,47116.8268411588,-0.011350854935163513
2024-01-05,47200.395374799984,0.0017736451973497929
2024-01-08,49260.71726866952,0.04365052193968537
2024-01-09,49347.116237155016,0.0017539121083899743
2024-01-10,50084.55727281255,0.01494395401168938
2024-01-11,50081.944313151376,-5.217096453378847e-05
2024-01-12,50092.91386537036,0.00021903207571960702
2024-01-16,49877.9071001322,-0.004292159282568601
2024-01-17,49279.420156340435,-0.011999038824750148
2024-01-18,50600.382548851296,0.02680555875698344
2024-01-19,52310.29690050893,0.033792518268154076
2024-01-22,52627.793662547214,0.006069488816745618
2024-01-23,53071.11434250741,0.008423698755125416
2024-01-24,53449.70178584352,0.007133587602717334
2024-01-25,53640.39597546421,0.003567731591557576
2024-01-26,53252.34315707332,-0.007234339182887314
2024-01-29,54422.44064931601,0.02197269496276196
2024-01-30,53592.863310575194,-0.015243295391443335
2024-01-31,51195.826211584754,-0.04472679664640067
2024-02-01,52523.914942640266,0.025941347749066784
2024-02-02,54345.336994710444,0.03467795677567629
2024-02-05,54107.60335996894,-0.004374499228234502
2024-02-06,54179.41394176108,0.0013271809751838018
2024-02-07,55197.60627915554,0.01879297436640686
2024-02-08,55450.46656568984,0.00458100094514058
2024-02-09,56826.52487683239,0.024815991575334744
2024-02-12,56463.39125627646,-0.0063902133967015445
2024-02-13,54423.802440419335,-0.036122322277807026
2024-02-14,55832.24461484813,0.02587915785507074
2024-02-15,56156.37217576457,0.005805382949447677
2024-02-16,55227.79519203012,-0.016535558615290942
2024-02-20,54186.00305756111,-0.018863547437420674
2024-02-21,53833.2286291103,-0.00651043458725058
2024-02-22,57010.396980039026,0.059018721927643646
2024-02-23,56684.879714652634,-0.005709787733987701
2024-02-26,56517.95907156456,-0.002944711957198178
2024-02-27,56928.72627924094,0.007267905890873615
2024-02-28,56299.935819938946,-0.011045222691575993
2024-02-29,57310.92738933062,0.017957241951839436
2024-03-01,58607.44399217007,0.02262250258195633
2024-03-04,58099.943960854405,-0.00865931009350052
2024-03-05,56171.86631706018,-0.03318553362277414
2024-03-06,56812.955468863984,0.011412993618285594
2024-03-07,58519.96942608485,0.030046209410041772
2024-03-08,57158.63585494149,-0.023262718427473333
2024-03-11,56669.39199826961,-0.008559404005258075
2024-03-12,58405.45244361856,0.03063488744333012
2024-03-13,57767.15751259441,-0.010928687379664244
2024-03-14,57408.32627097504,-0.006211682503871379
2024-03-15,56295.20426453743,-0.01938955685946188
2024-03-18,57192.516209944886,0.015939402958569843
2024-03-19,57635.31899112051,0.007742320333488615
2024-03-20,59072.852407839135,0.024941883586002054
2024-03-21,59299.57116253511,0.0038379517063219866
2024-03-22,59487.28738580573,0.0031655578546444835
2024-03-25,59143.9267889216,-0.0057719995644996405
2024-03-26,58640.08845826729,-0.00851885152050277
2024-03-27,59235.311690386705,0.010150449083019701
2024-03-28,59083.03369723084,-0.0025707300056391357
2024-04-01,59178.96571317097,0.0016236812827135974
2024-04-02,58042.80439779052,-0.019198735592764592
2024-04-03,58300.133603836715,0.004433438541022491
2024-04-04,56656.93232566432,-0.02818520604666772
2024-04-05,58058.02676920729,0.024729444147972332
2024-04-08,58075.24960313025,0.0002966486269234591
2024-04-09,58444.48017689028,0.006357795726807165
2024-04-10,57460.33471986175,-0.01683898041440157
2024-04-11,59385.12335545572,0.03349769271233721
2024-04-12,57448.271449786975,-0.032615102844453424
2024-04-15,55366.39137076016,-0.0362392118420219
2024-04-16,55221.69382582238,-0.0026134545047159902
2024-04-17,53948.70044971534,-0.023052414511627584
2024-04-18,53378.74995725072,-0.010564675102709135
2024-04-19,51185.91700055,-0.04108063524261798
2024-04-22,52300.94182568732,0.02178382044274679
2024-04-23,53955.268698374864,0.031630919347517925
2024-04-24,54059.31343015711,0.0019283516567007361
2024-04-25,53357.68593140504,-0.012978845905221387
2024-04-26,55512.051661563644,0.040375921342019776
2024-04-29,55875.9760008731,0.006555771736345962
2024-04-30,53594.84722833516,-0.04082485776180991
2024-05-01,53229.87734699933,-0.006809794228555434
2024-05-02,54829.69200921476,0.030054825258875307
2024-05-03,57006.031312097635,0.039692714351142265
2024-05-06,58346.16959463177,0.023508710423939518
2024-05-07,58219.79174407716,-0.002166000809181413
2024-05-08,58000.10114681733,-0.003773469307921108
2024-05-09,58302.40943444161,0.0052122027659750455
2024-05-10,58256.71229684987,-0.000783795010103642
2024-05-13,58572.74226715411,0.005424782103972791
2024-05-14,59444.25339471693,0.014879124552301089
2024-05-15,61101.687644039965,0.02788216109499221
2024-05-16,60772.42297382378,-0.0053887982953005065
2024-05-17,60674.973928015424,-0.0016035076608732458
2024-05-20,61444.328431006856,0.012679931332219284
2024-05-21,61712.907943176666,0.004371103387864134
2024-05-22,61477.34072055486,-0.0038171466954484445
2024-05-23,60990.29192093533,-0.007922411638353118
2024-05-24,62329.33337669368,0.021954993386393604
2024-05-28,63028.353818239484,0.011214951350774221
2024-05-29,62285.05890645831,-0.011793024357334227
2024-05-30,60926.380057545444,-0.021813880772808967
2024-05-31,60903.808237293604,-0.00037047696302512927
2024-06-03,61562.73556115016,0.010819148144057556
2024-06-04,61762.72202256059,0.003248498618320488
2024-06-05,64179.45342930276,0.03912928911810903
2024-06-06,64061.098080111515,-0.001844131460571244
2024-06-07,63754.78383518419,-0.0047815952911743394
2024-06-10,64173.077927004335,0.006560983610288748
2024-06-11,65292.49885456404,0.017443778040894597
2024-06-12,67278.8213247714,0.030421909178752753
2024-06-13,67722.23213525012,0.006590644748936083
2024-06-14,67877.25820707704,0.0022891459265152567
2024-06-17,69142.34522963129,0.018637862753600958
2024-06-18,69174.09588372585,0.0004592070747544126
2024-06-20,68067.5989564229,-0.015995827819171905
2024-06-21,67811.54988088207,-0.0037616880787105975
2024-06-24,66310.0686434246,-0.022141969031749996
2024-06-25,67975.64390206953,0.025117984232551106
2024-06-26,68638.67617601871,0.009753968272877165
2024-06-27,69042.78112956297,0.005887423476932328
2024-06-28,68059.33150817471,-0.014244061512278116
2024-07-01,69160.0446082445,0.016172846186971086
2024-07-02,70307.71809169148,0.016594458403662908
2024-07-03,71543.31096591482,0.01757407163480892
2024-07-05,72819.32305653219,0.017835519119674174
2024-07-08,73196.71770679297,0.005182616844265414
2024-07-09,73390.85681929754,0.00265229259708376
2024-07-10,75119.28774862266,0.02355103897452594
2024-07-11,72176.95557450726,-0.03916879755252148
2024-07-12,73076.26375737389,0.012459768851545445
2024-07-15,73637.8000116493,0.007684249651019582
2024-07-16,73921.80045330647,0.0038567208907955924
2024-07-17,69819.64911505778,-0.055493119933406616
2024-07-18,68835.65469678795,-0.014093373867409099
2024-07-19,67715.63332300946,-0.01627094822751433
2024-07-22,69834.35147532818,0.03128846395354885
2024-07-23,69746.4024330333,-0.0012593951320067109
2024-07-24,64661.46123283028,-0.0729061431531942
2024-07-25,63455.15209622568,-0.018655766721091677
2024-07-26,64748.44405556299,0.020381197059871806
2024-07-29,64816.208311955175,0.0010465773715585614
2024-07-30,63145.56119499914,-0.025775144218793945
2024-07-31,66466.55369250906,0.0525926515603272
2024-08-01,63397.326095165634,-0.04617702328215237
2024-08-02,60307.06516443031,-0.04874434177391874
2024-08-05,56142.78022875341,-0.06905136113526282
2024-08-06,57291.71248595532,0.020464470275974943
2024-08-07,56087.14843605371,-0.02102510114699237
2024-08-08,59295.354986205755,0.05720038617776762
2024-08-09,59895.030604268584,0.01011336584800496
2024-08-12,60125.28818172066,0.00384435194588015
2024-08-13,63034.393176676036,0.04838405075353641
2024-08-14,63063.15790648021,0.00045633388939829054
2024-08-15,66003.68926627122,0.046628355721603364
2024-08-16,66274.73676004155,0.0041065506607800865
2024-08-19,68092.22486839126,0.027423543226285867
2024-08-20,67627.97753567,-0.006817919867041615
2024-08-21,68394.27510405322,0.011331073267406717
2024-08-22,66098.4047119624,-0.033568166174697246
2024-08-23,68029.24566585138,0.02921161202457192
2024-08-26,66846.853440009,-0.01738064584237935
2024-08-27,67057.72364119971,0.0031545269573527717
2024-08-28,65547.77753969019,-0.022517109432295693
2024-08-29,65243.925086296025,-0.004635587426441319
2024-08-30,66704.77211525985,0.02239054482132418
2024-09-03,62323.53546238658,-0.06568100772914555
2024-09-04,61937.54679893322,-0.00619330499448826
2024-09-05,62244.24223809019,0.0049516885154104245
2024-09-06,59061.50514838759,-0.05113303616948752
2024-09-09,60410.81169451531,0.022845786654737087
2024-09-10,61414.263013071024,0.016610459128242674
2024-09-11,64073.36638340727,0.04329781454464904
2024-09-12,65348.302592452455,0.01989806812109926
2024-09-13,66190.42877981723,0.012886733915901684
2024-09-16,65478.161263547496,-0.010760883852846627
2024-09-17,65737.48517400755,0.003960464152563733
2024-09-18,65320.89759311696,-0.0063371389974514435
2024-09-19,68588.8394380583,0.05002904071063598
2024-09-20,68080.30733230665,-0.007414210677976336
2024-09-23,68251.78016215762,0.002518684720590214
2024-09-24,69004.63259475338,0.011030517164637595
2024-09-25,69054.77168436014,0.0007266046890099399
2024-09-26,69871.6878411081,0.011829974045558717
2024-09-27,69319.8625659864,-0.007897694934414242
2024-09-30,69826.39213615216,0.0073071346568754185
2024-10-01,67677.06450032291,-0.030781020901643526
2024-10-02,67780.1969790477,0.0015238911363286843
2024-10-03,67721.55513228998,-0.0008651766942465438
2024-10-04,69371.32121476282,0.024361018869843036
2024-10-07,67708.8721121672,-0.02396450108610361
2024-10-08,69657.3895773364,0.028777875105366935
2024-10-09,70481.57292071762,0.011831958509817117
2024-10-10,70399.06030247554,-0.0011706977415911295
2024-10-11,70859.24921981145,0.006536861647849661
2024-10-14,72067.05892609501,0.01704519479929626
2024-10-15,70600.60934819157,-0.020348403275445008
2024-10-16,70988.78671694091,0.005498215558380064
2024-10-17,71030.43852422049,0.0005867378385497206
2024-10-18,71918.03186270679,0.012495957464540283
2024-10-21,72283.67649756471,0.005084185779109422
2024-10-22,72533.02463026077,0.003449577342741546
2024-10-23,70208.34065120855,-0.03205000744009175
2024-10-24,71266.29885787421,0.015068839355163375
2024-10-25,72055.56959953767,0.011074950633222898
2024-10-28,72406.74418192133,0.004873663262054101
2024-10-29,73533.02774681216,0.015554953859837338
2024-10-30,72700.09166375519,-0.0113273736792796
2024-10-31,68684.25101187897,-0.05523845376220236
2024-11-01,69774.72721696127,0.015876655696423082
2024-11-04,69290.11745015752,-0.006945348067028336
2024-11-05,71257.22687003233,0.028389465803544504
2024-11-06,75455.20726420802,0.05891304754018112
2024-11-07,77719.32429125774,0.030006107055300678
2024-11-08,77849.37563542434,0.001673346305472648
2024-11-11,77917.05406035509,0.0008693509020252765
2024-11-12,77767.18869006496,-0.0019233962589761797
2024-11-13,77348.78882209088,-0.00538015935797258
2024-11-14,76349.08178903892,-0.012924663052596585
2024-11-15,72922.99821346423,-0.04487393293139175
2024-11-18,73767.82693359935,0.011585216472615319
2024-11-19,75294.79501391013,0.02069964839394353
2024-11-20,75116.26640420801,-0.0023710617668741625
2024-11-21,75156.67263526937,0.0005379158602466751
2024-11-22,75394.7562195477,0.003167830292776836
2024-11-25,75772.81834564505,0.005014435287733414
2024-11-26,76723.65952492776,0.0125485787653476
2024-11-27,75793.06529651978,-0.012129168944367465
2024-11-29,77028.31369795022,0.01629764407334449
2024-12-02,78488.83491394181,0.018960835904038034
2024-12-03,79101.68268913617,0.0078080885754810685
2024-12-04,81156.27400415528,0.02597405320811563
2024-12-05,80863.2602680586,-0.0036104877865840994
2024-12-06,82158.87576809831,0.016022301051735913
2024-12-09,81109.88293273278,-0.012767857709329138
2024-12-10,80693.36025194875,-0.005135288891114253
2024-12-11,83533.19965142487,0.035192974869423126
2024-12-12,82421.68008822555,-0.01330632093392305
2024-12-13,82609.2174829555,0.0022753405964207924
2024-12-16,84627.76919439824,0.024434945311753237
2024-12-17,84073.3357510636,-0.00655143635017778
2024-12-18,78072.78645998464,-0.071372798967395
2024-12-19,77902.68933578601,-0.002178699287053302
2024-12-20,79500.13620722819,0.02050567040833033
2024-12-23,81032.57654831077,0.019275946107665157
2024-12-24,83205.57727607871,0.02681638447559924
2024-12-26,83095.41640879995,-0.0013239601344660478
2024-12-27,80608.62172406747,-0.02992697783110363
2024-12-30,78655.51340176858,-0.024229521365401956
2024-12-31,77225.01983189973,-0.018186818800126008
2025-01-02,76967.3513213085,-0.0033365936473971325
2025-01-03,79680.86444829438,0.035255378811959184
2025-01-06,81631.72956496663,0.02448348333291717
2025-01-07,78538.67944609206,-0.03789029260262049
2025-01-08,78443.37398988154,-0.001213484322408868
2025-01-10,75871.67446497409,-0.03278415236498084
2025-01-13,75265.43483396873,-0.0079903288714845
2025-01-14,74912.8145990789,-0.004685022223915791
2025-01-15,78577.64730591407,0.04892130573986242
2025-01-16,77176.416729063,-0.017832432312409146
2025-01-17,79498.2414949801,0.030084640675507854
2025-01-21,80490.03242323801,0.012475633543674404
2025-01-22,82539.446594662,0.02546171382622441
2025-01-23,82896.57206597278,0.004326724809103205
2025-01-24,82066.22998967483,-0.010016603287734726
2025-01-27,77002.50672744041,-0.061702886350104263
2025-01-28,80113.70738683168,0.04040388802410975
2025-01-29,79283.01449700547,-0.010368923333121907
2025-01-30,79673.9089752831,0.00493036851282194
2025-01-31,79225.82102500818,-0.005624023673972491
2025-02-03,77299.79418468021,-0.02431059489708533
2025-02-04,79380.89716195712,0.026922490534772532
2025-02-05,79682.00744973884,0.0037932336185036103
2025-02-06,80480.14242114943,0.010016501804551397
2025-02-07,78287.34115485384,-0.02724648839238806
2025-02-10,79793.38059354856,0.01923733028198957
2025-02-11,79215.01785150664,-0.007248254651447756
2025-02-12,79255.80056211003,0.0005148355919056259
2025-02-13,81632.72524710679,0.02999054540032104
2025-02-14,82288.2283371916,0.00802990575287752
2025-02-18,82372.67590641722,0.0010262411882241526
2025-02-19,82487.23228285857,0.001390708450111416
2025-02-20,81706.2536453707,-0.00946787297711482
2025-02-21,78109.31080237594,-0.04402285850244154
2025-02-24,76187.61591166984,-0.024602635344820583
2025-02-25,74121.29787586945,-0.027121442390270253
2025-02-26,74494.26660504585,0.0050318699195068635
2025-02-27,70340.26976867489,-0.055762638195965504
2025-02-28,72630.4075095586,0.03255798916346486
2025-03-03,68776.28419076059,-0.05306487256443909
2025-03-04,68281.58528429348,-0.007192870511803092
2025-03-05,70272.75486279448,0.02916115040696072
2025-03-06,66602.85294630387,-0.0522236807658386
2025-03-07,67531.78890632391,0.013947389922905626
2025-03-10,62107.55161312054,-0.08032124398077996
2025-03-11,61871.90504921893,-0.0037941692721924175
2025-03-12,63372.44140231504,0.024252305661227592
2025-03-13,60884.94721485797,-0.03925198607491537
2025-03-14,64053.016282547316,0.05203369983239852
2025-03-17,64426.55422403156,0.005831699475892294
2025-03-18,62216.301840266795,-0.03430654348017764
2025-03-19,63963.274393288586,0.028079016292336747
2025-03-20,63530.19030037155,-0.00677082430543105
2025-03-21,64187.262283042815,0.010342672980587891
2025-03-24,67087.18389881466,0.04517908246318774
2025-03-25,67694.39565307809,0.009051084260434373
2025-03-26,64924.571466532805,-0.04091659523397099
2025-03-27,64228.704523967404,-0.010718082951446268
2025-03-28,60751.207707380214,-0.054142409415863894
2025-03-31,60565.803245563475,-0.003051864626457725
2025-04-01,61613.94981001781,0.017305913705207957
2025-04-02,62674.93168073835,0.01721983209958138
2025-04-03,55187.39160065018,-0.11946626632525373
2025-04-04,48760.61084343152,-0.11645378719335864
2025-04-07,48842.0054902694,0.00166927045067677
2025-04-08,46737.41262950199,-0.04308981254233511
2025-04-09,58101.98618245771,0.2431579523463409
2025-04-10,53090.374415747065,-0.08625542939225304
2025-04-11,55269.33544200515,0.041042487460999776
2025-04-14,55959.229678922005,0.012482405142011804
2025-04-15,55898.086334287174,-0.001092640927790681
2025-04-16,52463.128683377785,-0.06145036218891863
2025-04-17,52324.35352759835,-0.002645194048890158
2025-04-21,49632.21464015582,-0.0514509727487138
2025-04-22,52313.42279316408,0.054021529614336004
2025-04-23,54924.35730390506,0.049909456719435974
2025-04-24,57929.679166942726,0.0547174698177851
2025-04-25,59387.515456160385,0.025165619940970805
2025-04-28,59253.91156252361,-0.0022496966342261003
2025-04-29,59897.26169717383,0.01085751333009258
2025-04-30,59788.18891115273,-0.0018209978708634213
2025-05-01,61594.08378830962,0.03020487674982944
2025-05-02,63444.66951449297,0.030044861654953164
2025-05-05,62482.45419700162,-0.01516621214760288
2025-05-06,61393.342271268564,-0.017430684177340196
2025-05-07,61723.52940726488,0.005378223823315777
2025-05-08,63039.18372365014,0.021315280072600647
2025-05-09,63038.03695053928,-1.8191433377131703e-05
2025-05-12,68499.01857038458,0.08662994414198019
2025-05-13,70701.40352793733,0.0321520658765316
2025-05-14,71711.0050396553,0.01427979447846496
2025-05-15,71445.10820658984,-0.003707894386899468
2025-05-16,72176.10472678977,0.010231582519074429
2025-05-19,72186.08580260145,0.00013828781491414106
2025-05-20,71631.89637225811,-0.007677233419454531
2025-05-21,69603.15993573412,-0.02832169102407972
2025-05-22,69987.43400073948,0.005520928437159522
2025-05-23,68585.77533655579,-0.020027290387141263
2025-05-27,71938.76102813781,0.04888747958492359
2025-05-28,71195.13702508877,-0.010336903116223786
2025-05-29,71746.22168008657,0.007740481696152947
2025-05-30,71273.98120110895,-0.006582095445852384
2025-06-02,72212.35759836849,0.013165763739390053
2025-06-03,73378.23974749223,0.016145188827764955
2025-06-04,73836.00502097947,0.006238433560991606
2025-06-05,72598.62915503622,-0.01675843466330106
2025-06-06,74332.74604561996,0.023886358609891908
2025-06-09,74775.83591278727,0.005960897326400107
2025-06-10,75712.62697244046,0.012527991806681951
2025-06-11,74943.42575199706,-0.010159483975155129
2025-06-12,75291.61643616372,0.004646047077149897
2025-06-13,73325.82413684916,-0.0261090462970903
2025-06-16,75527.2234970458,0.03002215639728957
2025-06-17,74138.2493985537,-0.01839037679634061
2025-06-18,74321.70957503692,0.0024745684983330267
2025-06-20,73554.27133824513,-0.010325895908206515
2025-06-23,74919.58289864834,0.01856196160416994
2025-06-24,77060.79065279124,0.02858008108560282
2025-06-25,77524.97394245978,0.00602359884626652
2025-06-26,79025.58863325974,0.019356532669249662
2025-06-27,79844.44528575975,0.010361917787163005
2025-06-30,80577.53938289161,0.009181529090823409
2025-07-01,79249.10785290951,-0.016486374989308116
2025-07-02,80733.26483069034,0.018727743667922563
2025-07-03,82371.41372961688,0.020290878888175427
2025-07-07,80828.71393804884,-0.01872858218303659
2025-07-08,80867.25228288367,0.0004767902760939229
2025-07-09,82386.54597872171,0.018787502393717716
2025-07-10,82532.32820423163,0.0017694906829517202
2025-07-11,82162.56296477406,-0.004480247286161197
2025-07-14,82574.07512461703,0.00500851172351316
2025-07-15,82865.19419019722,0.003525550424159711
2025-07-16,83278.78111627734,0.0049910813595736
2025-07-17,84516.64107861421,0.01486404995059324
2025-07-18,84588.76313475093,0.0008533474025505067
2025-07-21,85197.7060218566,0.007198862644860006
2025-07-22,84526.71312049228,-0.007875715587837557
2025-07-23,85548.19392229688,0.012084709840171865
2025-07-24,85848.01351609986,0.0035046864236002438
2025-07-25,86249.59197551498,0.004677783945924438
2025-07-28,86796.54153998072,0.006341474225420208
2025-07-29,86129.30227059459,-0.007687394653608288
2025-07-30,86376.4454093268,0.002869443176907999
2025-07-31,86308.32853854222,-0.00078860469960055
2025-08-01,82439.36004195292,-0.04482729027548658
2025-08-04,85634.64352928399,0.03875919810276302
2025-08-05,84510.90556981518,-0.013122469051728357
2025-08-06,86545.39864446485,0.0240737341640359
2025-08-07,87135.4641726844,0.0068179884483931565
2025-08-08,88827.1095053648,0.019413970519832378
2025-08-11,88263.87584446794,-0.006340785645657507
2025-08-12,90702.07652815052,0.0276239929456417
2025-08-13,90953.90728767255,0.0027764607951823598
2025-08-14,90923.64533250676,-0.0003327174837039653
2025-08-15,90179.59340183056,-0.008183261108320137
2025-08-18,90207.76722971846,0.0003124191053108855
2025-08-19,87572.33963725873,-0.02921508505745956
2025-08-20,86395.57478299688,-0.01343763178117926
2025-08-21,85794.40686706427,-0.006958318379645913
2025-08-22,89007.46238613523,0.03745064085645462
2025-08-25,88588.17098147824,-0.004710744396217081
2025-08-26,89363.40887575461,0.008751031720007654
2025-08-27,89734.53540912147,0.004153003315740262
2025-08-28,90681.20409257361,0.010549658268536651
2025-08-29,88585.99072411023,-0.02310526629448411
2025-09-02,87096.02962556008,-0.016819376138044777
2025-09-03,88872.20258101271,0.020393271232783877
2025-09-04,90598.81347966516,0.019428019656411045
2025-09-05,90528.34769809611,-0.0007777781944668051
2025-09-08,91320.02264443916,0.008745050213257131
2025-09-09,91987.31294858432,0.0073071631480349855
2025-09-10,92032.87950475443,0.0004953569651021564
2025-09-11,93343.67989732609,0.014242740199212666
2025-09-12,94164.09615770378,0.008789199882414403
2025-09-15,95900.60976692583,0.01844135588912544
2025-09-16,95763.58990668508,-0.0014287694371678886
2025-09-17,95130.66898872872,-0.006609202083726207
2025-09-18,96910.34373519635,0.018707686652329632
2025-09-19,98286.69311065743,0.014202295878981783
2025-09-22,99623.69181962642,0.013603049066506973
2025-09-23,97728.97542616239,-0.01901873298265741
2025-09-24,97064.00599131474,-0.006804219853405246
2025-09-25,96077.36697533868,-0.010164828928082266
2025-09-26,96920.27102930323,0.008773180203626028
2025-09-29,97812.84367494305,0.009209349459722054
2025-09-30,98398.83915532196,0.005990987056120233
2025-10-01,99214.8458767914,0.00829284906686116
2025-10-02,99979.54707782283,0.007707527984078804
2025-10-03,99412.8488079873,-0.00566814199902725
2025-10-06,100788.0586099253,0.013833320525741644
2025-10-07,99430.40262759908,-0.013470405135797708
2025-10-08,101645.3536863553,0.022276396355870927
2025-10-09,101469.24590348774,-0.0017325709093499253
2025-10-10,94229.349250052,-0.07135065003165557
2025-10-13,98359.98073753518,0.04383593350010209
2025-10-14,96850.82536691408,-0.015343184893947377
2025-10-15,98116.80315656919,0.013071419730900717
2025-10-16,97175.60787932813,-0.009592600318817498
2025-10-17,98176.91346151422,0.01030408354563114
2025-10-20,100834.71419308384,0.027071545008506392
2025-10-21,100500.68794351036,-0.003312611656079713
2025-10-22,98622.54568092716,-0.01868785478999776
2025-10-23,100359.06814199753,0.01760776350965964
2025-10-24,102650.11301020368,0.022828478887075395
2025-10-27,106444.96434668994,0.036968798428005954
2025-10-28,108145.26407616468,0.01597351025396452
2025-10-29,109322.83824452697,0.01088881864982044
2025-10-30,105867.81260487765,-0.03160387797398127
2025-10-31,107148.03798210523,0.012092678083429105
2025-11-03,108105.6292337714,0.008937086200552568
2025-11-04,103684.89141744937,-0.04089276245515822
2025-11-05,105016.50320732407,0.012842872010286093
2025-11-06,101020.96078985867,-0.038046804982426345
2025-11-07,100576.9599954739,-0.004395135335411975
2025-11-10,105115.14345946438,0.04512150162616479
2025-11-11,104578.04372972492,-0.005109632276215029
2025-11-12,104015.90608084509,-0.005375293214822758
2025-11-13,99240.21627536163,-0.045913072196588994
2025-11-14,99492.1267333951,0.002538390860964061
2025-11-17,97787.91046932117,-0.017129157050191968
2025-11-18,95407.2592705888,-0.02434504620567856
2025-11-19,96514.74426290432,0.011607974076422568
2025-11-20,92345.48206277894,-0.043198189374758944
2025-11-21,93967.26410160691,0.01756211568342261
2025-11-24,98991.22399332107,0.05346500124002479
2025-11-25,100310.21369567425,0.013324309460424393
2025-11-26,101947.27617827855,0.016319997957245858
2025-11-28,103252.05789938808,0.01279859325351484
2025-12-01,102426.0897095455,-0.007999532470795219
2025-12-02,103627.65645255658,0.011731061357691225
2025-12-03,103974.54778989067,0.003347478358664899
2025-12-04,104416.22957158225,0.004247979828526151
2025-12-05,105053.72730531266,0.006105351020105201
2025-12-08,104733.365349123,-0.0030495058519779883
2025-12-09,104994.47858878603,0.0024931237413464828
2025-12-10,105675.21675320581,0.006483561550754584
2025-12-11,105125.31733129315,-0.00520367441683975
2025-12-12,101561.43384852108,-0.0339012863242144
2025-12-15,100322.99865459466,-0.012193951453792429
2025-12-16,100782.78819938962,0.004583092122056465
2025-12-17,97125.39577803189,-0.03628985153816054
2025-12-18,99794.74449540075,0.027483529884082314
2025-12-19,102397.7980310043,0.02608407435447199
2025-12-22,103430.50787236213,0.010085273914241206
2025-12-23,104594.01641792033,0.011249181402009664
2025-12-24,105039.97635888733,0.004263723262955259
2025-12-26,104838.07298816404,-0.0019221574273155914
2025-12-29,103749.63164572274,-0.010382118932729521
2025-12-30,103250.16275689297,-0.0048141750568841705
2025-12-31,101677.7896320428,-0.01522877139237435
2026-01-02,101599.63447175859,-0.0007686551858281892
2026-01-05,102965.11464718639,0.013439813858851603
2026-01-06,104285.33790202028,0.012822044236610555
2026-01-07,104601.83945854388,0.003034957386060963
2026-01-08,103664.94142501263,-0.008956802656444373
2026-01-09,105342.35379514343,0.01618109601059459
2026-01-12,105862.36331840711,0.004936376533553856
2026-01-13,105635.69971480337,-0.0021411160349971412
2026-01-14,103501.61412265297,-0.02020231416000487
2026-01-15,104003.48861164661,0.004848953257858398
2026-01-16,103862.0769154263,-0.001359682238625177
2026-01-20,98857.58195765481,-0.048184044710049286
2026-01-21,101176.02792444038,0.02345238393326935
2026-01-22,103004.40772257578,0.01807127474406137
2026-01-23,103565.74333201458,0.0054496270776165905
2026-01-26,104412.07309223816,0.008171908326003022
2026-01-27,106308.80536739173,0.018165832925067855
2026-01-28,106656.66451713361,0.003272157452430327
2026-01-29,105103.44433742443,-0.014562804741185927
2026-01-30,103109.43390269883,-0.01897188476834325
2026-02-02,104218.69159522935,0.010758062095242358
2026-02-03,101229.88130968166,-0.028678255692902086
2026-02-04,98165.71015971666,-0.03026943339576898
2026-02-05,95034.29003172,-0.03189932740161319
2026-02-06,99160.29594636998,0.04341597031211394
2026-02-09,100912.16689665639,0.017667060526260322
2026-02-10,99717.56809904927,-0.011838005607693412
2026-02-11,99395.2096947862,-0.003232714258964577
2026-02-12,95338.9908924394,-0.04080899688025487
2026-02-13,94901.95844161396,-0.004583984440516012
2026-02-17,95124.80481877178,0.0023481746933065634
2026-02-18,96590.4436471099,0.015407535722468993
2026-02-19,95977.2742740612,-0.0063481370402323775
2026-02-20,97686.90732744428,0.0178128944202067
2026-02-23,95443.5401304771,-0.022964870711358238
2026-02-24,97426.8435928077,0.020779860634038787
2026-02-25,99873.38951269745,0.025111620469970373
2026-02-26,97500.41491960778,-0.02375982836537241
2026-02-27,95697.73279488104,-0.018488968751703257
2026-03-02,96345.33837980515,0.006767198824993912
2026-03-03,94367.58664553493,-0.02052773665575479
2026-03-04,96794.02985948155,0.025712676356351806
2026-03-05,96286.32741505915,-0.005245183459759274
2026-03-06,93216.61423999902,-0.03188109109019796
2026-03-09,95751.24488003785,0.027190760581725076
2026-03-10,95749.82539490773,-1.4824717233702767e-05
2026-03-11,95899.26232205077,0.0015607018240157537
2026-03-12,92475.77279233406,-0.03569880984297761
2026-03-13,90752.28736589545,-0.018637156245332673
2026-03-16,92927.91099264486,0.023973209820902022
2026-03-17,93792.2279646413,0.00930094051145561
2026-03-18,91051.70478779325,-0.029219086019378816
2026-03-19,90533.67791544132,-0.005689370380919907
2026-03-20,86891.43554344494,-0.04023080091143815
2026-03-23,89262.67343478111,0.027289661823466746
2026-03-24,87748.48409757868,-0.01696329808347899
2026-03-25,89092.62913666813,0.015318156808210059
2026-03-26,84842.93276989507,-0.04769975258283177
2026-03-27,81189.21985880258,-0.04306443438255278
2026-03-30,79969.38573886672,-0.015024582352894666
2026-03-31,86082.33065819717,0.07644106382524617
2026-04-01,88068.3939726528,0.02307167219184164
2026-04-02,88366.47017879924,0.0033845990905545975
2026-04-06,89271.79062334969,0.010245067418882366
2026-04-07,89436.01639599909,0.0018396155325515276
2026-04-08,94439.32623030427,0.055942896787261255
2026-04-09,95992.28934454957,0.016444030005658437
2026-04-10,96658.06049693255,0.006935673239267239
2026-04-13,98994.94270885737,0.024176796015878955
2026-04-14,102872.06127058681,0.03916481444038998
2026-04-15,106140.83065161969,0.031775093651860944
2026-04-16,106894.68004293022,0.007102350591026176
2026-04-17,110126.70717512579,0.030235621930834573
2026-04-20,109511.42161117529,-0.005587069474183583
2026-04-21,108202.47984017554,-0.011952559392820247
2026-04-22,111736.69201220911,0.032662949844161786
2026-04-23,109738.26454527564,-0.01788514972964398
2026-04-24,113300.76110217205,0.03246357659890443
2026-04-27,113722.02307702928,0.003718086010713972
2026-04-28,111668.06639809742,-0.01806120418329719
2026-04-29,111740.57582194351,0.0006493299847029648
2026-04-30,113711.85119751605,0.017641535861724317
2026-05-01,115728.08905738247,0.017731114555194733
2026-05-04,115257.92158707396,-0.0040626910384339255
2026-05-05,117620.05661155992,0.020494339928743527
2026-05-06,122369.59572109807,0.040380350480730506
2026-05-07,122045.27663654047,-0.0026503240665825393
2026-05-08,126201.2074019398,0.03405236875963658
2026-05-11,126417.35076008154,0.0017126885121895117
2026-05-12,124613.4700325386,-0.014269249566591511
2026-05-13,127600.05045509781,0.023966754330646267
2026-05-14,129836.20257916533,0.017524696237125843
2026-05-15,125823.16339960374,-0.0309084762172917
2026-05-18,124489.56837912086,-0.01059896273826386
2026-05-19,122375.49589658176,-0.01698192475132448
2026-05-20,126142.18665572577,0.030779779330391433
2026-05-21,126345.91439447051,0.0016150642710892984
2026-05-22,126820.12748671536,0.003753291861613145
2026-05-26,129767.16350463338,0.0232379203232289
2026-05-27,129932.6987730258,0.0012756329407360818
2026-05-28,132282.37991993112,0.018083832392413342
2026-05-29,132809.06831866544,0.003981546136780559
2026-06-01,133887.29356651977,0.008118611639283735
2026-06-02,133941.83090146424,0.00040733764565480097
2026-06-03,131554.12704741713,-0.01782642388846879
2026-06-04,131313.30121990055,-0.0018306216074070803
2026-06-05,120320.29571488602,-0.08371585667932735
2026-06-08,122339.72051389002,0.016783741986383417
2026-06-09,119958.51340115114,-0.01946389204370066
2026-06-10,115186.00547230503,-0.03978465382349695
2026-06-11,121031.89695789739,0.050751751149126716
2026-06-12,121760.45122081529,0.0060195227971296394
2026-06-15,129197.05079743861,0.06107565717818253
2026-06-16,126203.39615807646,-0.023171230464507604
2026-06-17,122794.64698348995,-0.02700996390237284
2026-06-18,127464.11912610497,0.038026675081714624
2026-06-22,124027.40593938241,-0.026962200894531614
2026-06-23,118518.87048505542,-0.04441385686175887
2026-06-24,117482.3597919368,-0.00874553300142455
2026-06-25,116380.05893985754,-0.009382692465757793
2026-06-26,115806.81986416131,-0.004925578152460523
2026-06-29,120550.42027516506,0.04096132176471031
2026-06-30,124211.55039399049,0.030370114931732677
2026-07-01,122551.08995397818,-0.013368003496820068
2026-07-02,120585.07471655446,-0.01604241331645462
2026-07-06,123222.34574533348,0.02187062565560578
2026-07-07,120354.32513028746,-0.023275166510572938
2026-07-08,120824.76934361886,0.003908826814675197
2026-07-09,123951.44503512776,0.02587777082873476
2026-07-10,124643.85675077818,0.0055861528314914335
2026-07-13,120726.35744013736,-0.03142954183834145
2026-07-14,122894.47284697948,0.017958923410053066
2026-07-15,124407.44503805785,0.012311149200031513
2026-07-16,120724.78414423155,-0.029601611806268652
2026-07-17,117336.41156236477,-0.028066917707789463
2026-07-20,117183.61069717965,-0.0013022459367090355
2026-07-21,120194.12450978527,0.02569057050465212
2026-07-22,118818.9005215529,-0.011441690630396937
2026-07-23,113687.97061300614,-0.04318277551824379
2026-07-24,112210.61432713043,-0.012994833823752765
2026-07-27,111778.48217873451,-0.003851080853510942
2026-07-28,111270.80801892982,-0.004541787917579013
2026-07-29,107375.71265911657,-0.035005545741616254
2026-07-30,113330.92408768577,0.055461437983420535
2026-07-31,115588.4213831095,0.01991951723324058
2026-08-03,120468.44354238934,0.04221895325575343
2026-08-04,126693.97087501163,0.05167766055209066
2026-08-05,124567.60714545687,-0.01678346423960845
2026-08-06,124410.53592189174,-0.0012609315307928206
2026-08-07,127628.31616151605,0.025864210099091005
2026-08-10,126768.45172104034,-0.0067372544458514285
2026-08-11,125229.85663330687,-0.012137050400514606
2026-08-12,126570.01340269303,0.010701575530109773
2026-08-13,128597.87330401804,0.01602164562370069
2026-08-14,127874.0951838061,-0.00562822775848597
2026-08-17,127023.41662976547,-0.006652469781450732
2026-08-18,123621.99411698783,-0.026777917041011096
2026-08-19,123996.79564843459,0.003031835347131545
2026-08-20,121496.7190494877,-0.02016242908433946
2026-08-21,122538.5811035431,0.008575227892623495
2026-08-24,120621.22832023018,-0.01564693148921632
2026-08-25,122196.08074335965,0.013056179621620813
2026-08-26,121984.69974403136,-0.0017298508924540159
2026-08-27,125809.30676639246,0.031353169949891437
2026-08-28,124477.60117699289,-0.010585111893767438
2026-08-31,124136.91711384935,-0.002736910576057215
2026-09-01,121569.98525161808,-0.02067823111699377
2026-09-02,122655.68529009166,0.008930658634419076
2026-09-03,126068.12734893074,0.027821311753860833
2026-09-04,125322.51306827505,-0.00591437579295507
2026-09-08,124455.05291148795,-0.006921822229295069
2026-09-09,122857.24634968292,-0.012838422582499528
2026-09-10,121236.72113815181,-0.0131903103779379
2026-09-11,123559.07972895626,0.019155570762740035
2026-09-14,122139.9946908212,-0.011485072899927784
2026-09-15,120214.9559353705,-0.0157609205758003
2026-09-16,120171.84156793349,-0.00035864395658216994
2026-09-17,124227.50502639412,0.033748866669135257
2026-09-18,125193.50954937335,0.007776092120452619
2026-09-21,130809.85786275608,0.04486133772907595
2026-09-22,131973.30731657293,0.008894203180294881
2026-09-23,128971.70200360336,-0.022744033426164198
2026-09-24,128988.6086456269,0.00013108799652081135
2026-09-25,130212.30826108702,0.009486881270438594
