NASDAQ 100 2x, 1986-2026
Date,Close,Daily Return
1986-01-02,131.25,0.0
1986-01-03,129.82576369863017,-0.010851324200913068
1986-01-06,129.35606281359134,-0.0036179327712577963
1986-01-07,134.17496555177618,0.03725301028316805
1986-01-08,130.8561881718201,-0.024734698953028045
1986-01-09,126.12295773981845,-0.036171238809025244
1986-01-10,127.58807576124184,0.011616584701778128
1986-01-13,126.59170241547687,-0.007809298320553848
1986-01-14,126.74484273761824,0.0012097184824859898
1986-01-15,131.33283919023262,0.03619868354022307
1986-01-16,134.36400071387152,0.023079996917209383
1986-01-17,133.75350533338926,-0.004543593352674232
1986-01-20,131.3220758022037,-0.01817843596042619
1986-01-21,130.27998031521545,-0.00793541741266589
1986-01-22,127.3340897221624,-0.02261199752966955
1986-01-23,126.62292135567381,-0.005585058706905027
1986-01-24,128.42145201672884,0.014203831674386182
1986-01-27,129.51419110585147,0.008509007427982291
1986-01-28,131.8668642073231,0.01816536922620938
1986-01-29,133.98051755368755,0.01602869196192727
1986-01-30,132.20373961087023,-0.013261464989529974
1986-01-31,133.65948102305782,0.011011348215053812
1986-02-03,136.2198151274074,0.01915564900261651
1986-02-04,136.92527990611998,0.005178870475288366
1986-02-05,139.1786927017178,0.016457244397402825
1986-02-06,141.03988292473903,0.01337266636790473
1986-02-07,142.62407170313313,0.011232204292451335
1986-02-10,144.01883703005194,0.009779312217519449
1986-02-11,144.2633273351768,0.0016976272699233436
1986-02-12,145.07142447697464,0.00560154237896051
1986-02-13,146.0908744026528,0.007027227652541252
1986-02-14,148.16350777439044,0.01418728842723661
1986-02-18,149.2803088192466,0.007537625570776435
1986-02-19,146.919243871338,-0.015816318753516474
1986-02-20,147.52339131253098,0.004112105570881059
1986-02-21,150.04729054548068,0.01710846809102151
1986-02-24,147.9444032995114,-0.014014829846806565
1986-02-25,146.22870304338016,-0.011596925722548758
1986-02-26,145.1107549639707,-0.007645202727933952
1986-02-27,148.53201138305198,0.023576863203080695
1986-02-28,148.293195496211,-0.0016078411960980565
1986-03-03,146.7537738207168,-0.010380932654010789
1986-03-04,148.40698118654208,0.01126517787436918
1986-03-05,147.76711016825539,-0.004311596484011653
1986-03-06,148.89878158485885,0.007658479720655548
1986-03-07,148.30022563498895,-0.0040198848069739924
1986-03-10,152.249287924104,0.02662883533862506
1986-03-11,158.42059735206948,0.04053424165137552
1986-03-12,161.18174374854829,0.01742921338910558
1986-03-13,162.00944697450598,0.005135216971277725
1986-03-14,161.95749010723455,-0.0003207027012418941
1986-03-17,160.47956303684464,-0.009125401174168237
1986-03-18,163.21284858266702,0.01703198522041614
1986-03-19,162.82893301218547,-0.0023522386491960654
1986-03-20,163.52760412087065,0.004290829005388775
1986-03-21,163.93997207454967,0.0025217024116260716
1986-03-24,161.8331352460151,-0.012851269900036977
1986-03-25,162.68343719468035,0.005254189430197041
1986-03-26,162.12395007015286,-0.003439115463597841
1986-03-27,164.58229875404808,0.015163390003953702
1986-03-31,165.52556015009253,0.005731244509192674
1986-04-01,164.5831918451466,-0.005693189040360036
1986-04-02,165.59495727621868,0.006147440815366075
1986-04-03,165.09735043425565,-0.003004963738919951
1986-04-04,161.33660307120314,-0.022778968609493792
1986-04-07,159.1184573067048,-0.01374855874162293
1986-04-08,165.34225813092897,0.03911426071852632
1986-04-09,165.6003787377396,0.0015611290769129687
1986-04-10,171.5690080557239,0.036042365141185986
1986-04-11,173.5722778800889,0.011676175359796726
1986-04-14,176.3640679523549,0.016084308544908776
1986-04-15,178.6000701827784,0.01267833213638268
1986-04-16,187.74380450057788,0.051196700586073826
1986-04-17,188.08722314939808,0.001829187651404735
1986-04-18,184.74151302331455,-0.017788077627293297
1986-04-21,186.6780538988449,0.010482434856349511
1986-04-22,185.06565649414566,-0.008637316336996685
1986-04-23,184.0936104015286,-0.005252439112860607
1986-04-24,189.64813040422032,0.03017225850792269
1986-04-25,191.06053440237477,0.007447497611202455
1986-04-28,189.62110243033715,-0.007533905296245924
1986-04-29,185.67270636430752,-0.020822556220925822
1986-04-30,177.8008617101982,-0.04239634789759575
1986-05-01,176.1611531494843,-0.00922216318268746
1986-05-02,177.95637702138117,0.010190804498046829
1986-05-05,182.74840864444963,0.026928125326426078
1986-05-06,182.69140346265237,-0.00031193257561084806
1986-05-07,180.61135697432195,-0.011385573972864223
1986-05-08,182.68176681252302,0.011463342465753382
1986-05-09,184.3916235394539,0.009359755802480328
1986-05-12,183.91581139567455,-0.002580443377231482
1986-05-13,182.2496335626983,-0.009059459435989696
1986-05-14,182.0999341828003,-0.0008213974260009386
1986-05-15,179.1898250211947,-0.015980835878195737
1986-05-16,177.40809390969633,-0.009943260513188421
1986-05-19,178.01944706180487,0.003446027397260303
1986-05-20,181.88372284257946,0.021707042935780966
1986-05-21,182.84637893083635,0.005292700595808923
1986-05-22,187.89942352955183,0.02763546441697291
1986-05-23,189.1124455164593,0.006455698288593758
1986-05-27,191.38153627035112,0.011998632600276563
1986-05-28,191.65491442747953,0.0014284458284534551
1986-05-29,192.35615552555646,0.0036588735549605697
1986-05-30,195.98637588477442,0.018872389860877692
1986-06-02,193.16311241725086,-0.014405406777782574
1986-06-03,193.31818645304998,0.0008028139216568066
1986-06-04,192.5908315968025,-0.0037624750655527307
1986-06-05,193.8406353116589,0.006489424779435547
1986-06-06,192.65870290555264,-0.006097443934838077
1986-06-09,184.76850653870335,-0.04095426911867723
1986-06-10,183.54616573487814,-0.00661552570144939
1986-06-11,187.9935388379873,0.024230269726980582
1986-06-12,188.75764717544502,0.004064545740139521
1986-06-13,193.38376492065993,0.024508240139881874
1986-06-16,189.58405987391052,-0.01964852141702963
1986-06-17,184.29068789914513,-0.027920975942206997
1986-06-18,184.0474605155654,-0.0013198028959165433
1986-06-19,185.8716015751715,0.009911253621735396
1986-06-20,186.56078722673635,0.0037078587892090033
1986-06-23,186.38729763283277,-0.0009299360089682007
1986-06-24,189.24984959424148,0.015358085007744013
1986-06-25,192.0395278044684,0.01474071560008164
1986-06-26,191.34022591575837,-0.0036414476577033795
1986-06-27,191.06826200760264,-0.0014213629510162304
1986-06-30,193.3268290127187,0.011820733497990382
1986-07-01,194.9554856827494,0.008424369645681953
1986-07-02,196.44742483161355,0.007652716945302958
1986-07-03,197.72910595392253,0.0065242958690223075
1986-07-07,181.04453379590038,-0.08438096191013074
1986-07-08,170.97285333345073,-0.05563095582771869
1986-07-09,175.7382496055289,0.027872239242472802
1986-07-10,173.17279725418075,-0.014598144439851165
1986-07-11,169.90835050117127,-0.018850805696797587
1986-07-14,161.87738835999167,-0.04726643580195455
1986-07-15,155.2761073229062,-0.04077951283971283
1986-07-16,157.68938345804114,0.015541838192249231
1986-07-17,159.94964946127288,0.014333659969145462
1986-07-18,158.390319640589,-0.00974887926254196
1986-07-21,156.82329419786868,-0.009893442012593515
1986-07-22,157.51943140013944,0.0044389910684596665
1986-07-23,156.99879728307937,-0.003305205665309458
1986-07-24,157.18314884232066,0.0011742227484004462
1986-07-25,159.24591474380568,0.01312332725662781
1986-07-28,153.22867050149338,-0.037785862525847654
1986-07-29,150.4833312063983,-0.017916616297133064
1986-07-30,151.1025141690599,0.004114628229570113
1986-07-31,151.07461195137498,-0.00018465753424657535
1986-08-01,150.35678100915638,-0.0047514994938371155
1986-08-04,146.8114962592023,-0.02357914771890585
1986-08-05,145.40413379690807,-0.009586187036807263
1986-08-06,142.67132786288784,-0.018794554615876653
1986-08-07,142.94953211002118,0.0019499660604596393
1986-08-08,146.1745285553016,0.022560384757316355
1986-08-11,152.56554238288354,0.04372180222331982
1986-08-12,155.9361073363279,0.022092570188525763
1986-08-13,159.6821836466763,0.024023148803302738
1986-08-14,162.1416964972354,0.015402550205608255
1986-08-15,161.18214341811083,-0.005917990867579999
1986-08-18,160.0152160781868,-0.00723980532320506
1986-08-19,158.95518166437236,-0.0066245850850614905
1986-08-20,161.40766546125943,0.015428775402020962
1986-08-21,161.93834102785937,0.0032877965559035536
1986-08-22,163.91633946174605,0.012214515854194287
1986-08-25,161.58843572302067,-0.014201779678398946
1986-08-26,164.25335465077086,0.016492015136022255
1986-08-27,166.09200901410458,0.011194014071998644
1986-08-28,166.10504154633497,7.846573900670457e-05
1986-08-29,165.3314629988614,-0.004657164769184794
1986-09-02,160.0652143008321,-0.031852671007124536
1986-09-03,161.0646017813706,0.006243626917340271
1986-09-04,164.43203087173794,0.020907319504867197
1986-09-05,160.64384145376746,-0.023038026094352494
1986-09-08,153.8573308219679,-0.042245694390672855
1986-09-09,152.1701373566584,-0.010965960843697553
1986-09-10,150.01232421681377,-0.01418026675488299
1986-09-11,136.9671105835221,-0.08696094605158804
1986-09-12,130.1557837732008,-0.04972965247863494
1986-09-15,129.91017854598002,-0.0018870097056058062
1986-09-16,130.40606142103937,0.0038171210340061327
1986-09-17,132.65813142858354,0.01726967276676634
1986-09-18,136.01841622817653,0.0253304095527834
1986-09-19,136.6432100283982,0.004593450045569722
1986-09-22,139.84395036344998,0.02342407159775134
1986-09-23,138.7003336301983,-0.008177806263906899
1986-09-24,138.03866386206096,-0.004770498749494399
1986-09-25,134.80112808421885,-0.02345383305852127
1986-09-26,134.71746502092785,-0.0006206406762317685
1986-09-29,130.60885052883162,-0.03049800923330884
1986-09-30,134.38166961665814,0.028886396844857665
1986-10-01,135.84238330393381,0.010869887920298747
1986-10-02,135.73869786573843,-0.0007632775255671605
1986-10-03,136.3814254471458,0.0047350357084101095
1986-10-06,137.40826414890242,0.00752916827485846
1986-10-07,135.66429967982253,-0.012691845573349573
1986-10-08,137.62146803031527,0.014426554038990182
1986-10-09,137.3984083876599,-0.0016208201078498257
1986-10-10,138.77506131174195,0.010019424098406601
1986-10-13,140.30550194907116,0.011028210853326652
1986-10-14,140.85804948850702,0.003938174424809326
1986-10-15,143.09024422245966,0.01584712227706073
1986-10-16,142.6207553277053,-0.0032810685124309365
1986-10-17,141.2072143521754,-0.009911186995763318
1986-10-20,138.94872363129875,-0.015994159584820658
1986-10-21,138.58585966381514,-0.0026114955071229137
1986-10-22,139.29316044476326,0.00510370093070025
1986-10-23,142.9408864801862,0.026187402337456835
1986-10-24,142.55248842002047,-0.002717193587711321
1986-10-27,142.05179502985013,-0.0035123440896736974
1986-10-28,143.50861048845064,0.010255523052661003
1986-10-29,144.75102878240307,0.008657447728911256
1986-10-30,148.06167379415652,0.022871305576212527
1986-10-31,147.4207331162756,-0.0043288763490001506
1986-11-03,148.01249965056462,0.004014133709552806
1986-11-04,150.35647525190683,0.01583633549109693
1986-11-05,150.76133201676734,0.0026926460212786415
1986-11-06,149.1452286655849,-0.01071961443669575
1986-11-07,148.09200031152253,-0.00706176364799391
1986-11-10,146.74273291135242,-0.009111008004023344
1986-11-11,148.87167286437327,0.014507975357845771
1986-11-12,149.31532788946177,0.0029801171475562207
1986-11-13,144.8363988885272,-0.029996444867671713
1986-11-14,144.99144409024626,0.0010704850638986504
1986-11-17,140.24310557821968,-0.03274909455395926
1986-11-18,139.16431754982744,-0.0076922713879189475
1986-11-19,136.92243844146273,-0.016109582886159053
1986-11-20,140.37074957971075,0.025184412266527543
1986-11-21,143.50369243921952,0.022319057701759418
1986-11-24,146.6377139802582,0.021839309412655574
1986-11-25,149.18821264724082,0.017393197137033842
1986-11-26,151.41225250330368,0.01490761110813518
1986-11-28,153.56251751537638,0.01420139372159323
1986-12-01,151.21459633591488,-0.015289676266387199
1986-12-02,155.30555925964057,0.027054021389825607
1986-12-03,157.8435700398048,0.016342047202065394
1986-12-04,157.60407712646287,-0.001517280135526196
1986-12-05,155.5994065038295,-0.012719662201535517
1986-12-08,153.00758218187457,-0.016657032184060026
1986-12-09,150.97151764444425,-0.013306951906540932
1986-12-10,151.12866632814945,0.0010409161023028004
1986-12-11,149.2908351336288,-0.01216070543843813
1986-12-12,147.0149115053197,-0.015244898498102307
1986-12-15,145.08792410081978,-0.013107428251794721
1986-12-16,145.90706752802237,0.005645841528709154
1986-12-17,142.95168330292407,-0.020255250654877995
1986-12-18,142.5455208196669,-0.002841257086819251
1986-12-19,144.35527682733738,0.012695986497955258
1986-12-22,144.9179133506474,0.0038975819635813863
1986-12-23,142.3164438998243,-0.017951331141020134
1986-12-24,142.25030233753867,-0.00046474996474878436
1986-12-26,142.4966332593645,0.0017316723956150597
1986-12-29,142.41769402855616,-0.0005539726027397261
1986-12-30,139.58169987170092,-0.01991321497093325
1986-12-31,139.31922889603663,-0.001880411084730636
1987-01-02,142.126044297633,0.020146647550647198
1987-01-05,151.10406279756097,0.06316941095698608
1987-01-06,154.46009953316462,0.022210102584070412
1987-01-07,162.53614738615028,0.052285657444184425
1987-01-08,168.28766616550357,0.03538609024421476
1987-01-09,171.06835293024005,0.01652341391437337
1987-01-12,176.03390399174717,0.029026707608110366
1987-01-13,176.68793066962357,0.0037153449593839475
1987-01-14,183.3868815548844,0.03791402649786383
1987-01-15,186.7142503118571,0.018143984611990162
1987-01-16,182.95043413371886,-0.020158162389061304
1987-01-19,191.74725413105034,0.04808307801500961
1987-01-20,191.85165198819686,0.0005444555522821173
1987-01-21,186.61020250862197,-0.027320324976390413
1987-01-22,194.9387231316756,0.04463057491547822
1987-01-23,192.16492518531663,-0.01422907620301453
1987-01-26,186.0249255858868,-0.03195171852255893
1987-01-27,191.70409113372352,0.030529056952718403
1987-01-28,193.90179206080572,0.011464027262460348
1987-01-29,189.4951602913419,-0.02272610130432386
1987-01-30,191.6111824623492,0.011166629098885666
1987-02-02,199.85567521100523,0.043027200410268494
1987-02-03,202.754117355252,0.01450267619964561
1987-02-04,207.3038297356334,0.022439556048125635
1987-02-05,209.96757993164232,0.012849498243259195
1987-02-06,209.93053359699135,-0.00017643835616438358
1987-02-09,207.41512474912665,-0.011982100958660934
1987-02-10,204.248726157382,-0.01526599661222615
1987-02-11,212.88899267490984,0.04230267027893307
1987-02-12,213.52888194167272,0.003005741436993943
1987-02-13,220.27528611113132,0.03159480866528134
1987-02-17,231.41284029508202,0.05056197806199502
1987-02-18,225.2228424256902,-0.026748722592483443
1987-02-19,221.8521778306131,-0.014965909135922712
1987-02-20,218.90220377656232,-0.01329702544684106
1987-02-23,216.38525926757143,-0.011498031840556387
1987-02-24,219.34245361920352,0.013666339202779848
1987-02-25,224.28045131781525,0.022512731197876088
1987-02-26,227.2648300288971,0.013306459361689392
1987-02-27,228.62182609101725,0.005970990152535351
1987-03-02,224.27240396334332,-0.01902452710679682
1987-03-03,222.99417026067687,-0.005699469395598824
1987-03-04,229.6733029739127,0.029952050788718192
1987-03-05,233.11647568141643,0.014991610530784398
1987-03-06,232.0907191690382,-0.004400188829982397
1987-03-09,227.40867533200657,-0.020173335038104638
1987-03-10,232.35367092410783,0.021744973382751602
1987-03-11,234.4287596465681,0.008930733541705226
1987-03-12,233.02112975972372,-0.006004510235717478
1987-03-13,228.91914000663434,-0.017603509850454727
1987-03-16,227.7231145547806,-0.005224663397822773
1987-03-17,235.58401654568246,0.034519561206031384
1987-03-18,235.8972838652495,0.0013297477654062066
1987-03-19,240.72475289340198,0.020464284069120674
1987-03-20,245.4465705179241,0.01961500663213084
1987-03-23,244.23049074831644,-0.004954560037410941
1987-03-24,246.19901245657263,0.008060098074669841
1987-03-25,246.18146466458265,-7.127482687643632e-05
1987-03-26,247.48420223427522,0.005291777638367509
1987-03-27,243.13217539680204,-0.01758506926172777
1987-03-30,229.60259709285762,-0.05564700880031021
1987-03-31,235.05736177539538,0.023757417170380313
1987-04-01,235.09169729335477,0.000146072931730705
1987-04-02,239.06801568977752,0.016913903988114688
1987-04-03,248.45300808686704,0.03925657880252705
1987-04-06,247.15297962867632,-0.005232492326018412
1987-04-07,238.1248158778541,-0.036528646202793676
1987-04-08,242.7578939426478,0.019456510854249653
1987-04-09,241.30427556167083,-0.005987934552276084
1987-04-10,240.1109883790146,-0.004945155571233409
1987-04-13,228.91440506675264,-0.04663086595015879
1987-04-14,218.37038645649025,-0.04606096591950024
1987-04-15,224.99038034539018,0.03031543789578319
1987-04-16,228.13206662688367,0.013963647142026914
1987-04-20,223.94848805661556,-0.018338406485882072
1987-04-21,230.05701448727388,0.027276479889045083
1987-04-22,228.34672529344328,-0.00743419711692902
1987-04-23,227.83474800336722,-0.002242104805392452
1987-04-24,219.38882689105384,-0.0370703818725165
1987-04-27,217.25371087710818,-0.009732109169834587
1987-04-28,221.35354491095907,0.018871180691454433
1987-04-29,223.659181292951,0.010416080677268343
1987-04-30,230.02681464871816,0.028470252457138367
1987-05-01,232.4752927179014,0.010644315850403813
1987-05-04,233.90349313916954,0.006143450362276651
1987-05-05,242.1169030488651,0.03511452436842688
1987-05-06,240.9257432487661,-0.004919771338139897
1987-05-07,242.71604716521588,0.007430936571195741
1987-05-08,243.5673926991347,0.003507578274539503
1987-05-11,240.57236794831923,-0.012296493047060122
1987-05-12,239.8434438504446,-0.0030299576966844664
1987-05-13,243.15185226506793,0.013794033147248785
1987-05-14,244.25896759517718,0.00455318485052033
1987-05-15,236.96775436382973,-0.0298503400023845
1987-05-18,230.66307839651958,-0.026605628197118435
1987-05-19,220.69737591480296,-0.04320458458715769
1987-05-20,221.21787211297914,0.0023584158897163652
1987-05-21,223.51642095188424,0.010390430108337631
1987-05-22,220.98068769120493,-0.011344729169697837
1987-05-26,229.41382723260332,0.03816233730425682
1987-05-27,231.33086912457549,0.00835626132520971
1987-05-28,236.6391755406941,0.022946813956160907
1987-05-29,238.25796082731935,0.006840732448152203
1987-06-01,230.7860755549941,-0.03136048527562348
1987-06-02,227.367877692541,-0.01481110961410061
1987-06-03,230.43327375375688,0.013482098229201371
1987-06-04,231.60829590152846,0.005099186105506689
1987-06-05,230.1746727029298,-0.006189861174956354
1987-06-08,234.61443396503566,0.019288661128394172
1987-06-09,239.42721699834132,0.02051358457350018
1987-06-10,240.77500789200815,0.005629230087388806
1987-06-11,239.82021142229553,-0.0039655131903925025
1987-06-12,241.5481620741929,0.007205191929610341
1987-06-15,239.491576133064,-0.008514185839663766
1987-06-16,238.41354482910486,-0.00450133287093228
1987-06-17,243.0089436980259,0.019274906852356187
1987-06-18,246.3752911199121,0.013852771715552136
1987-06-19,245.51214967323241,-0.003503360433411285
1987-06-22,246.30262725864887,0.003219708623253636
1987-06-23,244.799864404179,-0.0061012863370384866
1987-06-24,244.93532109362155,0.000553336456179165
1987-06-25,243.4371196147578,-0.006116722864527607
1987-06-26,242.68169390774642,-0.003103165647896391
1987-06-29,241.63870507330753,-0.004297764770157692
1987-06-30,237.89609685793332,-0.015488446746305753
1987-07-01,238.43239492124434,0.0022543373783525233
1987-07-02,240.68064645109115,0.009429303977714295
1987-07-06,237.0974133443476,-0.014887915416463338
1987-07-07,233.8446117526973,-0.013719262246552165
1987-07-08,232.8816747631919,-0.004117849807562567
1987-07-09,234.30712609580476,0.00612092528990247
1987-07-10,236.18541598646428,0.008016358366717036
1987-07-13,240.2650354819208,0.017272952601316942
1987-07-14,251.7551633349638,0.047822721395962726
1987-07-15,251.40087566838199,-0.0014072707065413725
1987-07-16,254.3753419678658,0.011831566980726748
1987-07-17,253.88928708773867,-0.0019107782867906588
1987-07-20,248.5441224422964,-0.02105313188576982
1987-07-21,246.78228187862362,-0.007088643039956974
1987-07-22,247.86285828574484,0.004378662839549657
1987-07-23,242.36596367628852,-0.022177161384620673
1987-07-24,246.19599396845078,0.015802673915376098
1987-07-27,246.47381588979079,0.001128458334604778
1987-07-28,247.8592361302054,0.00562096316565354
1987-07-29,250.2972947990165,0.009836464869642056
1987-07-30,254.98348425977747,0.018722493443342637
1987-07-31,254.39365888813703,-0.0023131904929166013
1987-08-03,251.3827431072437,-0.011835655786598422
1987-08-04,252.98646325947058,0.006379595243507675
1987-08-05,259.06371685939274,0.02402205051457285
1987-08-06,268.4788974150129,0.03634310767157841
1987-08-07,273.3789762849046,0.018251262639525766
1987-08-10,279.4068701843209,0.022049588382152423
1987-08-11,285.758583730983,0.022732846699409903
1987-08-12,282.0605914991128,-0.012940966404535076
1987-08-13,280.4034094769082,-0.005875269612805003
1987-08-14,280.3539355602772,-0.00017643835616438358
1987-08-17,281.18318727622955,0.0029578743536990675
1987-08-18,273.16696804377756,-0.028508885293262547
1987-08-19,277.11110816050297,0.014438569000382753
1987-08-20,286.6145139089501,0.034294568021945755
1987-08-21,291.0635162476584,0.015522599599131518
1987-08-24,287.8961144993949,-0.010882166851748157
1987-08-25,291.2536743391213,0.0116624006738147
1987-08-26,292.4186073626959,0.003999719578535671
1987-08-27,290.899104223166,-0.005196328486870967
1987-08-28,285.9034742659095,-0.01717306751630294
1987-08-31,287.7508918350758,0.006461682824630674
1987-09-01,280.3405529944932,-0.02575261815289108
1987-09-02,277.14743855161055,-0.011390126789631411
1987-09-03,275.1586552288506,-0.007175903674785866
1987-09-04,272.5599801335534,-0.009444278949306072
1987-09-08,261.2547167563216,-0.04147807529077531
1987-09-09,265.6521733643948,0.016832065895961566
1987-09-10,274.987462222659,0.035141021961295954
1987-09-11,278.1826057048487,0.011619233314726706
1987-09-14,274.77324817524266,-0.012255825704729113
1987-09-15,266.9299718445121,-0.028544541300208025
1987-09-16,264.3752511961291,-0.009570752324025829
1987-09-17,266.3248813757448,0.0073744806701643885
1987-09-18,265.27617458595614,-0.00393769738813504
1987-09-21,253.50822429192337,-0.04436112784120255
1987-09-22,264.1816270700577,0.04210278703164882
1987-09-23,271.05989734605487,0.02603614169645922
1987-09-24,272.52629888085323,0.005409880063985499
1987-09-25,273.7566806160989,0.004514726616470666
1987-09-28,272.30385222131036,-0.005307006176137544
1987-09-29,270.97832265783927,-0.004867832579885145
1987-09-30,274.51435430951835,0.01304913107807509
1987-10-01,285.71366087528367,0.04079679765356806
1987-10-02,296.83511602813826,0.038925178161884295
1987-10-05,292.0687989115507,-0.016057120129060912
1987-10-06,280.7833219265983,-0.03863978975847419
1987-10-07,277.5490419979829,-0.011518775069770448
1987-10-08,268.7532992433002,-0.03169076964332172
1987-10-09,265.643917221654,-0.011569651536933392
1987-10-12,258.0510559557502,-0.02858285386436418
1987-10-13,262.1419952152456,0.015853216505329323
1987-10-14,252.37761339002293,-0.03724844551215494
1987-10-15,240.98567565623483,-0.045138463672620054
1987-10-16,216.52753540728617,-0.10149209152098362
1987-10-19,151.12859627955254,-0.3020352076918017
1987-10-20,128.40108603375307,-0.15038524015507215
1987-10-21,154.8149981899935,0.20571408678970937
1987-10-22,137.64668485005208,-0.1108956725166379
1987-10-23,129.23456817634786,-0.061113834182553096
1987-10-26,98.96817979308237,-0.2341973112175783
1987-10-27,101.17004649882972,0.022248228777682812
1987-10-28,103.23994338942941,0.020459582279856305
1987-10-29,123.34883522691423,0.1947782144904173
1987-10-30,133.72606384212767,0.08412911719939108
1987-11-02,137.43350752020385,0.027724166640042926
1987-11-03,128.27050415773533,-0.06667226594010554
1987-11-04,129.66021661999818,0.010834232479151355
1987-11-05,138.55947697259126,0.06863524205481308
1987-11-06,134.2794619575052,-0.030889370460980357
1987-11-09,126.74049431500882,-0.05614386245368027
1987-11-10,121.44052293280863,-0.041817506005833456
1987-11-11,124.87334416967893,0.028267510333182966
1987-11-12,132.33615885682858,0.05976307222948332
1987-11-13,128.97437748496262,-0.025403347058780706
1987-11-16,128.05180125930443,-0.007153174480456391
1987-11-17,121.2731859443591,-0.05293650888376528
1987-11-18,123.39731974895459,0.01751527996939124
1987-11-19,116.93475970535242,-0.052371964453927444
1987-11-20,116.54938034406597,-0.003295678395863786
1987-11-23,118.14274978390024,0.013671196149910712
1987-11-24,122.81962842450255,0.0395866750110098
1987-11-25,123.37529378898152,0.004524239094409423
1987-11-27,120.52390600710847,-0.023111497401984017
1987-11-30,110.00097317754575,-0.08730992197466685
1987-12-01,110.02969472460867,0.00026110266330620844
1987-12-02,111.29380059801282,0.011488770159437998
1987-12-03,103.19092343888076,-0.07280618610913654
1987-12-04,99.27637635629794,-0.03793499420422743
1987-12-07,103.34892722923168,0.04102235619798965
1987-12-08,108.82607670353224,0.052996674674252314
1987-12-09,113.69525157667366,0.04474272178722567
1987-12-10,112.45493609744437,-0.010909122958339542
1987-12-11,113.74562632446992,0.011477399497227493
1987-12-14,123.8706231813807,0.08901438397313206
1987-12-15,125.22246979870233,0.010913375444492432
1987-12-16,132.31015448518596,0.056600741846708734
1987-12-17,130.2722901365732,-0.01540217647346884
1987-12-18,138.66125740270482,0.06439563822311656
1987-12-21,140.86378820249413,0.01588425520614349
1987-12-22,140.00830575692157,-0.006073118268996172
1987-12-23,144.48374131697992,0.03196550044558414
1987-12-24,144.6959166449056,0.0014685066014465925
1987-12-28,134.69677558829773,-0.06910451440828477
1987-12-29,137.423722961002,0.020245082785346313
1987-12-30,142.63500478984506,0.03792126800641172
1987-12-31,140.7416536753103,-0.013274098579969078
1988-01-04,150.64971672395214,0.07039893869301597
1988-01-05,155.21923787232444,0.030332092537189423
1988-01-06,158.77898905395486,0.022933698363849075
1988-01-07,163.5631616962325,0.030131018409822036
1988-01-08,143.15090071204776,-0.12479742242996095
1988-01-11,144.31486981232885,0.008131063755040338
1988-01-12,138.54574000144322,-0.03997599012761457
1988-01-13,138.19807571127552,-0.0025093827508812405
1988-01-14,139.04151087794307,0.006103089079399861
1988-01-15,145.76873686370755,0.04838286022128984
1988-01-18,144.24126346476356,-0.010478744837942588
1988-01-19,142.3624763901001,-0.013025309329201856
1988-01-20,132.35159187293237,-0.07031968515169709
1988-01-21,133.15877506201056,0.006098779604049897
1988-01-22,135.57015999259545,0.018109095171999927
1988-01-25,140.25036395289519,0.034522375429484935
1988-01-26,136.95437700542175,-0.023500737214346562
1988-01-27,137.2802298849907,0.002379280507084895
1988-01-28,141.19231121574964,0.028497048220536655
1988-01-29,143.79733504966987,0.018450181964509628
1988-02-01,142.7903975859577,-0.007002476529654472
1988-02-02,143.39233360294602,0.004215521681883222
1988-02-03,139.05240583668177,-0.030266107379781765
1988-02-04,140.4458329917006,0.010020877716099445
1988-02-05,141.54251255115963,0.00780855890202053
1988-02-08,141.22572789179299,-0.0022380884276881675
1988-02-09,143.07630752812275,0.013103700465595513
1988-02-10,149.00768139201205,0.04145601718665711
1988-02-11,150.30079965320112,0.008678198661363844
1988-02-12,152.07885066198565,0.011829950425328025
1988-02-16,154.92716167566545,0.018729172408138057
1988-02-17,155.40193758692595,0.0030645104843167272
1988-02-18,155.2587718574217,-0.0009212609039973936
1988-02-19,157.70100178256305,0.015730060826348112
1988-02-22,163.5164945175699,0.03687670128453072
1988-02-23,165.55937326233152,0.012493410837780194
1988-02-24,167.8271782414592,0.013697835008920273
1988-02-25,164.5050137111896,-0.019795152162362255
1988-02-26,164.22207043447173,-0.001719967497249788
1988-02-29,167.9548327000739,0.022729967145869234
1988-03-01,167.90219750451695,-0.0003133889910207245
1988-03-02,172.7126431210627,0.028650283844059658
1988-03-03,175.40058385558467,0.01556308030465287
1988-03-04,177.1348474554807,0.00988744485208734
1988-03-07,179.1867663991901,0.011583937170946069
1988-03-08,181.48068719051676,0.012801842666306556
1988-03-09,184.69801224749537,0.017728195251988987
1988-03-10,178.95468027123633,-0.03109579743913526
1988-03-11,177.8161566220482,-0.006362078082911773
1988-03-14,180.34968280422063,0.014248008900324535
1988-03-15,178.5026092825348,-0.010241623345081984
1988-03-16,182.69190611760675,0.02346910698902521
1988-03-17,184.31646838124115,0.008892360357708393
1988-03-18,183.85292901160565,-0.0025149102177712884
1988-03-21,179.4175443489857,-0.024124634219670087
1988-03-22,181.60852432512374,0.01221162614886952
1988-03-23,180.03915129862395,-0.008641516318310083
1988-03-24,170.98405157859767,-0.050295169993369554
1988-03-25,167.2715155851644,-0.02171276185794846
1988-03-28,167.09498196503608,-0.00105537167826058
1988-03-29,168.64746199970796,0.009291003334838168
1988-03-30,165.64247133188817,-0.01781817901193779
1988-03-31,167.78457142520313,0.012932070356659468
1988-04-04,164.06892291872242,-0.022145352668121187
1988-04-05,166.88888636620683,0.017187675748206163
1988-04-06,173.9986474798848,0.042601764973594004
1988-04-07,175.40276953052833,0.00806972968457032
1988-04-08,178.5333425500125,0.017847910998573493
1988-04-11,180.443061596475,0.010696708072485427
1988-04-12,180.72831132653928,0.0015808295843605048
1988-04-13,181.2545637391363,0.002911842692129158
1988-04-14,166.92981354946397,-0.0790311145505207
1988-04-15,166.62708365313148,-0.0018135160514199675
1988-04-18,167.33678547414485,0.004259222483247399
1988-04-19,168.8464484529143,0.009021704190694601
1988-04-20,166.08211079395264,-0.016371902899293356
1988-04-21,164.37830200263767,-0.010258833917572147
1988-04-22,166.73407809581875,0.014331429784104259
1988-04-25,168.7131906217239,0.011869874164343175
1988-04-26,173.2266059479847,0.02675200030079705
1988-04-27,174.0940470038852,0.0050075509541587385
1988-04-28,173.11653635146058,-0.005614842490293743
1988-04-29,171.49546164621347,-0.009364066191550904
1988-05-02,173.01207908092604,0.008843484370690246
1988-05-03,177.38273580119267,0.025262147842418904
1988-05-04,176.61438133777548,-0.00433161919589711
1988-05-05,174.70093190969166,-0.010834052207924853
1988-05-06,173.68318779533698,-0.005825636436105431
1988-05-09,169.16907084031016,-0.025990523391049944
1988-05-10,167.9558309929933,-0.007171759242338776
1988-05-11,161.13967296722592,-0.04058303891843884
1988-05-12,162.82490336672498,0.010458196721311435
1988-05-13,166.83230600095902,0.024611730462436136
1988-05-16,168.94072165375601,0.012637933883050618
1988-05-17,167.13095641303985,-0.010712427548553307
1988-05-18,159.8201067098835,-0.04374324098935128
1988-05-19,159.90116437570308,0.0005071806513476623
1988-05-20,159.00595710508918,-0.005598503763928359
1988-05-23,154.73721175817528,-0.026846449181099748
1988-05-24,157.58633524773668,0.01841265883744924
1988-05-25,157.1826829769933,-0.0025614674654931722
1988-05-26,158.7140665827961,0.009742699238865527
1988-05-27,158.19680698713304,-0.0032590658584960588
1988-05-31,165.06794952525635,0.04343414174397462
1988-06-01,171.39656200184314,0.03833943836334168
1988-06-02,170.9164599945191,-0.002801118072128384
1988-06-03,173.88547979412823,0.017371175366634434
1988-06-06,177.2015277807938,0.019070298397494936
1988-06-07,177.18623965928973,-8.627533687508696e-05
1988-06-08,183.55817268234526,0.03596178255889456
1988-06-09,183.06053457525294,-0.00271106483476212
1988-06-10,186.95038911536057,0.021249006778730765
1988-06-13,186.83959802410615,-0.0005926229508196721
1988-06-14,188.90632906053517,0.011061525812972333
1988-06-15,189.51978231847627,0.0032473938855934986
1988-06-16,186.2235410443495,-0.017392597404885378
1988-06-17,185.0562915746984,-0.006268001688213627
1988-06-20,183.43751979763758,-0.00874745604856894
1988-06-21,186.60560709547272,0.01727066142918884
1988-06-22,190.99177941510533,0.023505040324905784
1988-06-23,191.36263297537064,0.0019417252480761582
1988-06-24,191.67242848677833,0.0016188923960278852
1988-06-27,186.99594052222474,-0.024398334186474753
1988-06-28,193.16122174580454,0.032970134038000976
1988-06-29,192.28140339113463,-0.004554839458552055
1988-06-30,194.80334915116302,0.013115910928205137
1988-07-01,196.68167557569242,0.009642166999253379
1988-07-05,200.56426509728325,0.0197404740946324
1988-07-06,197.4311629449126,-0.015621437601812902
1988-07-07,195.21495565473523,-0.011225215194602843
1988-07-08,192.640598049886,-0.013187297029651438
1988-07-11,191.5844770626488,-0.005482338603224752
1988-07-12,190.62795671026598,-0.004992681907470254
1988-07-13,192.3821456559962,0.00920215993500053
1988-07-14,193.48951760674493,0.005756105624941203
1988-07-15,193.1026287810588,-0.001999533775635558
1988-07-18,193.56183489151633,0.0023780417354038823
1988-07-19,187.35143765063086,-0.032084823148975386
1988-07-20,186.24546195339025,-0.005903214360719283
1988-07-21,180.49814871535352,-0.03085880953961199
1988-07-22,179.37402210633175,-0.006227912125539378
1988-07-25,178.73510260061386,-0.003561940007896657
1988-07-26,174.99890855825979,-0.020903526996052125
1988-07-27,170.40702514005787,-0.02623949746905537
1988-07-28,172.00662624469808,0.00938694342751138
1988-07-29,177.64765048065343,0.032795389102803475
1988-08-01,178.0915150657287,0.002498567157371994
1988-08-02,176.26992289031378,-0.010228405181137384
1988-08-03,177.2896169341176,0.005784844215529232
1988-08-04,177.4700018044241,0.0010174587402572923
1988-08-05,174.9273649772087,-0.014327135861628426
1988-08-08,174.6486744051302,-0.001593178815188804
1988-08-09,169.67999213109903,-0.028449584807642952
1988-08-10,160.85952506376134,-0.05198295306686941
1988-08-11,164.46078176886476,0.022387587577894354
1988-08-12,162.77078399785245,-0.010275992566954155
1988-08-15,155.81687113660132,-0.04272211935369733
1988-08-16,160.47644532051584,0.02990416987535049
1988-08-17,160.92807943608534,0.0028143327493791465
1988-08-18,162.0875910410116,0.007205154060057948
1988-08-19,160.67332125044186,-0.008725342769835413
1988-08-22,155.16684898126164,-0.03427122951293988
1988-08-23,154.5882271316877,-0.003729030094848598
1988-08-24,158.859909149911,0.027632647695638887
1988-08-25,156.18640556849087,-0.016829315814962765
1988-08-26,156.97985168387308,0.00508012277057146
1988-08-29,160.1553226514238,0.020228525721539683
1988-08-30,159.40059469793516,-0.0047124749961092935
1988-08-31,156.83526870191866,-0.01609357857715537
1988-09-01,151.7048481625776,-0.0327121608666475
1988-09-02,157.53673681271462,0.03844233536878912
1988-09-06,158.275874697509,0.004691844580182726
1988-09-07,158.52076763218923,0.0015472537122176333
1988-09-08,160.11067793972225,0.010029665710565044
1988-09-09,164.7258414669846,0.028824832838443403
1988-09-12,164.83473861981557,0.0006610811750067884
1988-09-13,165.32787581101957,0.0029917066956462604
1988-09-14,167.38214396637514,0.012425419157406524
1988-09-15,164.3793654249468,-0.017939658737024945
1988-09-16,166.67093929248443,0.01394076356003416
1988-09-19,165.55317609349976,-0.006706407270094985
1988-09-20,166.83655027206277,0.0077520359853331805
1988-09-21,168.6907777672832,0.011114036415861799
1988-09-22,169.54924527547058,0.005089000830689589
1988-09-23,167.97508723217646,-0.009284370689686905
1988-09-26,164.84674616849637,-0.018623839494460784
1988-09-27,164.68295715899836,-0.0009935835150217298
1988-09-28,167.01106859756166,0.01413693000615443
1988-09-29,170.29830163171027,0.01968272559269516
1988-09-30,171.3122400453545,0.0059538962158119805
1988-10-03,166.28251690031772,-0.02935997535088671
1988-10-04,165.30910411556698,-0.0058539695146320675
1988-10-05,164.4700171767976,-0.005075866470020743
1988-10-06,165.1483044362986,0.004124078486426372
1988-10-07,164.66588976267545,-0.002921099767083737
1988-10-10,162.58482948686182,-0.012638077496274245
1988-10-11,163.83524955930403,0.00769087790286878
1988-10-12,159.4371792511025,-0.026844469184938942
1988-10-13,162.25786954922256,0.01769154667292309
1988-10-14,163.20953546539633,0.005865144900630473
1988-10-17,163.87595350529693,0.004083205298025588
1988-10-18,166.09969579207967,0.013569668027657614
1988-10-19,166.06688429479615,-0.00019754098360655738
1988-10-20,172.37687908608225,0.0379967072790071
1988-10-21,171.13866465803414,-0.0071831816112053306
1988-10-24,168.5045364467897,-0.015391777284857867
1988-10-25,166.56340188402993,-0.011519776284318299
1988-10-26,164.55877869584265,-0.01203519600051762
1988-10-27,160.6630827989577,-0.023673582945613853
1988-10-28,161.73758635813869,0.006687930671201732
1988-10-31,161.45676716018585,-0.0017362643048909705
1988-11-01,161.07383969552936,-0.0023717027870165325
1988-11-02,159.97182424096002,-0.006841678677632704
1988-11-03,160.3814994728606,0.0025609211737408263
1988-11-04,159.079651302497,-0.008117196650751437
1988-11-07,154.91581233600434,-0.026174554271400436
1988-11-08,159.24317798764127,0.02793366013697237
1988-11-09,158.75346718402423,-0.003075238825333176
1988-11-10,158.31950441516477,-0.0027335640383615873
1988-11-11,150.90583372761716,-0.046827273208906554
1988-11-14,150.31706958101455,-0.003901533373887518
1988-11-15,148.7571594185587,-0.01037746522603096
1988-11-16,144.1792205443524,-0.030774578461298326
1988-11-17,145.33532052330924,0.008018492363822995
1988-11-18,145.86623183346876,0.003653009524786357
1988-11-21,141.01480706519519,-0.03325940971596708
1988-11-22,141.91666206125055,0.006395463106497735
1988-11-23,146.79332280924385,0.03436284842923194
1988-11-25,144.1539985727028,-0.017979865746147246
1988-11-28,144.5556939059315,0.002786570870083069
1988-11-29,146.56485102558509,0.013898844558561968
1988-11-30,150.0779335037816,0.023969474629242763
1988-12-01,153.84480895063638,0.02509946238538706
1988-12-02,154.33522603048397,0.0031877388856515064
1988-12-05,156.4560035921119,0.01374137075620736
1988-12-06,158.52505620711437,0.013224501249543535
1988-12-07,156.36197483995892,-0.013645044000674398
1988-12-08,154.5941337381516,-0.011306080673493249
1988-12-09,154.4016975505986,-0.0012447832456498832
1988-12-12,153.08785253363257,-0.008509265363066934
1988-12-13,151.51877027513757,-0.010249554308368564
1988-12-14,152.59241194311932,0.00708586577116589
1988-12-15,153.90181698735094,0.008581062633178134
1988-12-16,158.1579241329226,0.02765469069102328
1988-12-19,160.57276384670774,0.01526853445392713
1988-12-20,159.9551123993907,-0.0038465517595914277
1988-12-21,159.174310435621,-0.004881381733021038
1988-12-22,159.32513460335608,0.0009475408897473222
1988-12-23,160.8435167545276,0.009530085475537672
1988-12-27,160.00201171382315,-0.005231824432120151
1988-12-28,159.80603789391785,-0.0012248209744752188
1988-12-29,162.6032181101294,0.017503595315143075
1988-12-30,163.91477343931126,0.008065986297353254
1989-01-03,158.64118859712147,-0.03217272446856245
1989-01-04,163.92993023843562,0.033337758548602645
1989-01-05,163.76479214784393,-0.0010073699802805613
1989-01-06,163.7843035935618,0.00011914310433851696
1989-01-09,163.9166267955804,0.000807911375604164
1989-01-10,162.7919656019605,-0.006861178244123276
1989-01-11,163.73091174128612,0.005767767075320042
1989-01-12,166.29499813303312,0.015660368371969567
1989-01-13,166.4443999417254,0.0008984143261650854
1989-01-16,166.52096141218667,0.00045998225526408076
1989-01-17,162.5630893275737,-0.02376801125244602
1989-01-18,165.3915661589793,0.01739925614790717
1989-01-19,168.91037729708447,0.021275638291754228
1989-01-20,168.40568772444018,-0.002987913358079931
1989-01-23,164.35392236978328,-0.02405955172539518
1989-01-24,167.95160409068347,0.021889843996577826
1989-01-25,170.48752403848226,0.015099111208426226
1989-01-26,175.03259576087112,0.026659262887546865
1989-01-27,174.11911742754265,-0.005218904109589128
1989-01-30,176.35747590514256,0.012855328643228182
1989-01-31,179.54480552490207,0.018073118836617233
1989-02-01,183.16437656970095,0.02015970907215607
1989-02-02,186.04137584062036,0.01570719877303558
1989-02-03,186.19661772885536,0.0008344481840855184
1989-02-06,185.09420315737825,-0.0059207013796698975
1989-02-07,190.11405352579231,0.02712051637914272
1989-02-08,186.09316730419926,-0.02114986318487792
1989-02-09,183.38906102626,-0.014530927261391342
1989-02-10,177.55635292356877,-0.03180510369621249
1989-02-13,177.8221873708781,0.0014971835303679653
1989-02-14,177.2476235550584,-0.003231114318830084
1989-02-15,180.6080666545845,0.018959030491499156
1989-02-16,181.35876939926274,0.004156529431844145
1989-02-17,182.65159558378113,0.007128556224773623
1989-02-21,181.83279548969503,-0.004482852128770502
1989-02-22,177.1353198941429,-0.025834039359628864
1989-02-23,178.45061484247736,0.007425368069566944
1989-02-24,174.81325496552518,-0.020383005573631468
1989-02-27,173.22107780221648,-0.009107874363546917
1989-02-28,173.14546331548624,-0.00043652012612796964
1989-03-01,173.10756106200978,-0.00021890410958904107
1989-03-02,176.21553605346082,0.017954010630059643
1989-03-03,176.842069454891,0.003555494682603284
1989-03-06,179.9428028275714,0.017533912503050298
1989-03-07,178.3679006910795,-0.008752237442922497
1989-03-08,177.46902067386586,-0.0050394718653468205
1989-03-09,175.71503513181918,-0.009883333639790446
1989-03-10,175.01295817058792,-0.003995542901064566
1989-03-13,176.56301314585914,0.00885680118474634
1989-03-14,175.51749386160256,-0.005921507940017287
1989-03-15,175.5169504280858,-3.0961786474685416e-06
1989-03-16,178.81142900591195,0.01877014481957955
1989-03-17,168.98748960738354,-0.054940220841272945
1989-03-20,164.92130929841886,-0.024062019729459344
1989-03-21,168.84595927049966,0.023797106564193444
1989-03-22,166.11918671576944,-0.016149468820641433
1989-03-23,166.91070486242575,0.00476476054515362
1989-03-27,166.9673851710748,0.000339584622183094
1989-03-28,168.51617290361588,0.009275989624884988
1989-03-29,170.94207738341746,0.0143956775068058
1989-03-30,172.82535495886663,0.011017050946590745
1989-03-31,175.5996726123274,0.016052723595569064
1989-04-03,175.40877457705952,-0.001087120678689026
1989-04-04,174.80402448484102,-0.0034476615760908047
1989-04-05,175.82100903034458,0.005817855444121974
1989-04-06,175.99038084487614,0.0009633195456313922
1989-04-07,180.11059737246762,0.023411600723923495
1989-04-10,181.67487836645074,0.008685113573568284
1989-04-11,184.76412475119582,0.017004257344341595
1989-04-12,187.8593753388739,0.016752443645897886
1989-04-13,186.43270022011558,-0.007594378061700484
1989-04-14,191.8540506080946,0.02907939638045373
1989-04-17,191.64919870377375,-0.001067748654102293
1989-04-18,196.0195405270257,0.022803861705715023
1989-04-19,198.44641949350358,0.012380801219882895
1989-04-20,197.5613823899308,-0.004459829035120292
1989-04-21,199.93705036933815,0.012024961309080404
1989-04-24,198.69979150725598,-0.006188242048167821
1989-04-25,196.51208899385256,-0.011010089627212895
1989-04-26,196.48899788031375,-0.00011750479910444461
1989-04-27,201.0680842378536,0.023304543292185287
1989-04-28,202.8375814164358,0.008800487582549112
1989-05-01,203.2709891617867,0.0021367230979800326
1989-05-02,203.22649230689896,-0.00021890410958904107
1989-05-03,204.88273000986862,0.008149713574097169
1989-05-04,205.85421413465386,0.004741659410426832
1989-05-05,208.5594431474531,0.013141479877743278
1989-05-08,207.60234807924996,-0.004589075679140754
1989-05-09,206.84117393667609,-0.003666500642291901
1989-05-10,207.44900301491273,0.0029386270956997564
1989-05-11,208.42545750840873,0.004706961611311407
1989-05-12,215.8561521060158,0.03565156908583139
1989-05-15,219.34047997541904,0.016141897441458875
1989-05-16,217.9274935713972,-0.00644197735037416
1989-05-17,223.07028231199564,0.023598622901215182
1989-05-18,223.72010070223197,0.0029130657096110017
1989-05-19,226.95707605592204,0.014468862402303419
1989-05-22,226.2956397999762,-0.0029143671897803314
1989-05-23,222.53791032375995,-0.016605399377282302
1989-05-24,225.3629703281085,0.012694735922695188
1989-05-25,227.1208785891186,0.007800342081268964
1989-05-26,230.48587059042845,0.014815863791181437
1989-05-30,228.45684772138264,-0.008803241881370475
1989-05-31,230.439086329293,0.008676643434771543
1989-06-01,232.64426863568764,0.009569480340863195
1989-06-02,237.34140429179652,0.020190205774913844
1989-06-05,227.61734270143262,-0.04097077633537887
1989-06-06,229.7007622781686,0.009153167118152289
1989-06-07,241.3926456702067,0.05090049887548549
1989-06-08,240.26392247113748,-0.004675880642243299
1989-06-09,238.89715337790153,-0.005688615582308803
1989-06-12,238.32534405995204,-0.0023935375950041335
1989-06-13,233.78140597046283,-0.01906611362468513
1989-06-14,233.9893396043344,0.0008894361508709621
1989-06-15,226.22703241315023,-0.03317376425913204
1989-06-16,225.58298629693118,-0.0028469016693056033
1989-06-19,224.3112213206611,-0.005637681268196673
1989-06-20,221.6415617247047,-0.011901587358128792
1989-06-21,221.3199824162432,-0.0014508980443880882
1989-06-22,224.02085111431268,0.012203456138858185
1989-06-23,228.27868731231422,0.019006428092842323
1989-06-26,226.7650255419482,-0.006630762548126653
1989-06-27,227.39476790279855,0.0027770700501337673
1989-06-28,221.24399947225535,-0.027048856432670323
1989-06-29,212.181030915777,-0.04096368072398221
1989-06-30,207.66048536787235,-0.021305135187598488
1989-07-03,209.3105262353017,0.00794585866688267
1989-07-05,211.0525329240263,0.008322594759358985
1989-07-06,213.6653266272958,0.012379826326036125
1989-07-07,217.54883585437994,0.018175664195895863
1989-07-10,216.88695741018137,-0.003042436157376723
1989-07-11,218.10352280552758,0.005609214172549068
1989-07-12,219.98810520039066,0.008640770083037487
1989-07-13,221.21270219997575,0.0055666509717405485
1989-07-14,224.0722185912747,0.01292654699689871
1989-07-17,225.75663457018396,0.00751729058380867
1989-07-18,220.72185332192498,-0.022301808572955877
1989-07-19,225.33064429128723,0.020880537654059537
1989-07-20,219.96477690571737,-0.023813305120777752
1989-07-21,219.45812695876694,-0.0023033230778016413
1989-07-24,213.59000696294032,-0.026739132777384756
1989-07-25,213.31746898427375,-0.0012759865620204616
1989-07-26,217.1472213188415,0.017953299149869782
1989-07-27,222.99649090884378,0.026936884361111236
1989-07-28,223.78620575610432,0.0035413779115625985
1989-07-31,226.01201681585036,0.009946149505621761
1989-08-01,225.96254185655286,-0.00021890410958904107
1989-08-02,222.87606017784054,-0.013659262519146608
1989-08-03,226.4294782654065,0.01594347138373927
1989-08-04,227.6040832251575,0.00518750901494474
1989-08-07,235.11406044498537,0.032995793016589434
1989-08-08,237.14762353416853,0.008649261917106871
1989-08-09,233.03766213722255,-0.01733081418104033
1989-08-10,232.06669335079312,-0.00416657452501256
1989-08-11,229.6463407063241,-0.01042955630349931
1989-08-14,226.3105676228765,-0.014525696656814833
1989-08-15,228.49452855887282,0.009650282613561672
1989-08-16,226.32754598949296,-0.009483739427141272
1989-08-17,228.97450923248633,0.011695276557791245
1989-08-18,230.13202371047132,0.005055211088190216
1989-08-21,224.60774791681973,-0.024004811258261413
1989-08-22,227.05433851659564,0.010892725751749002
1989-08-23,231.4533739371277,0.019374372889203916
1989-08-24,237.5963656487953,0.02654094691804438
1989-08-25,238.44989451552203,0.003592348159013386
1989-08-28,239.67549456043193,0.005139864068298494
1989-08-29,237.11220431917744,-0.010694836557886672
1989-08-30,239.4281925812763,0.009767478096493521
1989-08-31,240.67349454689713,0.0052011500909529135
1989-09-01,243.8948369475817,0.01338469949401448
1989-09-05,243.8340470732058,-0.0002492462535767665
1989-09-06,239.6146181109745,-0.01730451105117617
1989-09-07,238.5460706560898,-0.004459441845863674
1989-09-08,241.6428326204438,0.012981819217716637
1989-09-11,242.13529567001146,0.0020379791290610575
1989-09-12,245.03622023351727,0.011980593558153918
1989-09-13,245.63799151536773,0.002455846247044441
1989-09-14,240.75063508333562,-0.019896581965523578
1989-09-15,239.72371692108794,-0.004265484748948681
1989-09-18,239.11267431226275,-0.0025489451635121937
1989-09-19,239.4700849642479,0.0014947373785732835
1989-09-20,240.21611339221195,0.003115330368197789
1989-09-21,247.40318525239502,0.02991919134270725
1989-09-22,243.46793543436272,-0.015906221312460708
1989-09-25,243.3080470395035,-0.0006567123287671232
1989-09-26,243.21131669607968,-0.0003975632725707
1989-09-27,243.02770930288193,-0.0007549294814566632
1989-09-28,248.27353648731403,0.021585304817625987
1989-09-29,248.57033770114964,0.0011954605312949067
1989-10-02,252.139880387887,0.014360292220502054
1989-10-03,253.477418601594,0.005304746760605123
1989-10-04,258.2091240099597,0.018667167412663267
1989-10-05,260.03129879893754,0.007056972893442603
1989-10-06,265.96629513043837,0.022824161394855484
1989-10-09,271.16973100862367,0.01956426800483643
1989-10-10,269.5299407835513,-0.006047099058486733
1989-10-11,267.18765827418565,-0.00869024978284924
1989-10-12,265.87898295824283,-0.004897963193344295
1989-10-13,243.42047097389332,-0.08446892542791423
1989-10-16,243.8673771419696,0.00183594323964738
1989-10-17,242.31787469274695,-0.006353873434742396
1989-10-18,247.19223057546057,0.020115544050946087
1989-10-19,258.05023813037815,0.04392535934337525
1989-10-20,256.9237881891656,-0.004365235038626226
1989-10-23,251.66217872971606,-0.020479261560535318
1989-10-24,245.93049834690126,-0.022775295087032514
1989-10-25,245.74618450569014,-0.0007494549982617997
1989-10-26,236.8676106970872,-0.03612904032045055
1989-10-27,229.9463213559006,-0.02922007496431298
1989-10-30,230.27865817394013,0.0014452799943912554
1989-10-31,237.69151883736276,0.03219082793952779
1989-11-01,239.11291408490771,0.005979999852319123
1989-11-02,230.7942522815725,-0.03478968016081839
1989-11-03,229.92340913712673,-0.0037732445060345765
1989-11-06,221.64858109441826,-0.035989497866975875
1989-11-07,226.66772718108038,0.022644611853048703
1989-11-08,232.2835000733154,0.02477535272477805
1989-11-09,232.82292661750952,0.0023222766318912067
1989-11-10,236.7393942325211,0.016821657866390977
1989-11-13,237.0520202416762,0.0013205491640652938
1989-11-14,234.06291836312298,-0.012609476500161391
1989-11-15,236.06291679486537,0.008544704328772064
1989-11-16,234.65223952264765,-0.0059758529267160965
1989-11-17,236.56953879207757,0.008170811722616704
1989-11-20,238.07185698560377,0.006350429565856253
1989-11-21,236.63442622758535,-0.0060378020998312475
1989-11-22,238.43100047030742,0.00759219303532032
1989-11-24,240.90678164798317,0.010383637919533253
1989-11-27,238.19850340857832,-0.011242017434620152
1989-11-28,238.01855473923806,-0.000755456758817767
1989-11-29,237.77483586434246,-0.0010239490579320206
1989-11-30,239.72286065760576,0.008192729000030624
1989-12-01,241.5288666833899,0.007533724655337037
1989-12-04,244.39324847686794,0.01185937661535428
1989-12-05,245.61173299967734,0.0049857536180044956
1989-12-06,238.75072673070898,-0.02793435877502396
1989-12-07,239.97657203093516,0.005134414948226754
1989-12-08,238.36519609424988,-0.006714721870756418
1989-12-11,230.1861904075609,-0.03431291908679069
1989-12-12,225.0149793445852,-0.02246534013973513
1989-12-13,225.1723384797789,0.000699327376568567
1989-12-14,221.89906634628412,-0.014536741748981473
1989-12-15,217.31712508557348,-0.020648763134317565
1989-12-18,210.49678494410836,-0.031384273737191444
1989-12-19,211.12956719961562,0.0030061373891067467
1989-12-20,215.18217683952054,0.019194893892210393
1989-12-21,221.16953804987733,0.027824614929990592
1989-12-22,223.98508606919077,0.012730270380537267
1989-12-26,223.76837701922489,-0.000967515533149997
1989-12-27,231.8425904193052,0.03608290638576974
1989-12-28,231.81276637811476,-0.000128639182026471
1989-12-29,236.49075933104146,0.02018004886450601
1990-01-02,244.4915211028223,0.033831181372212984
1990-01-03,240.96895442253518,-0.01440772532478005
1990-01-04,237.98414088055424,-0.012386714085778468
1990-01-05,234.59484933334625,-0.014241669779622362
1990-01-08,235.30942877978094,0.0030460150700893497
1990-01-09,230.29862854207727,-0.021294515326851365
1990-01-10,220.63629870492278,-0.04195565513491154
1990-01-11,214.36144814700526,-0.028439792521671385
1990-01-12,204.86491319000015,-0.044301505886882114
1990-01-15,202.45844466764208,-0.011746611388384488
1990-01-16,210.78875376848833,0.04114577247949024
1990-01-17,208.14473233927714,-0.012543465350694907
1990-01-18,208.04802281986616,-0.000464626312297556
1990-01-19,214.6106254404812,0.03154369136349416
1990-01-22,202.75659075590667,-0.05523507822711249
1990-01-23,201.58971829543964,-0.005755040840432082
1990-01-24,200.13493624495825,-0.007216548853693673
1990-01-25,198.2210380028439,-0.009563039207566536
1990-01-26,193.31128261598192,-0.02476909331284775
1990-01-29,190.9434329782306,-0.012248895179362732
1990-01-30,182.59325775700225,-0.043731146397584394
1990-01-31,190.46795028685693,0.04312696222515764
1990-02-01,192.50873800027455,0.010714599019646361
1990-02-02,197.36650071447875,0.025233985556527214
1990-02-05,198.93024216370065,0.007923033764904847
1990-02-06,196.15846380750838,-0.01393341870016607
1990-02-07,199.45198190386637,0.01679008915766159
1990-02-08,200.26482599018416,0.004075387361703825
1990-02-09,202.6445729472086,0.011883000148718542
1990-02-12,199.38630224387822,-0.016078746427515566
1990-02-13,199.9672849762108,0.002913854792401591
1990-02-14,201.59130573811302,0.008121432273761173
1990-02-15,205.17879597671893,0.01779585793876639
1990-02-16,202.0534381543542,-0.015232362620547476
1990-02-20,195.52703580826528,-0.032300377591710394
1990-02-21,194.90071747877704,-0.0032032313429146923
1990-02-22,193.7995651642978,-0.005649811497482753
1990-02-23,189.2089876671576,-0.02368724353560046
1990-02-26,194.43283905271534,0.027608896648964407
1990-02-27,196.58328037499558,0.011060072633600695
1990-02-28,200.6175613257557,0.020521994256400927
1990-03-01,202.87802668081235,0.011267534806617437
1990-03-02,207.57635508561313,0.023158389706701237
1990-03-05,205.20752978130926,-0.011411826281114024
1990-03-06,206.2825673883404,0.005238782456846493
1990-03-07,204.68096845048944,-0.007764102212456147
1990-03-08,210.39036445151817,0.02789412246898661
1990-03-09,211.7544302820005,0.006483499536865134
1990-03-12,211.06585992024475,-0.0032517400502021826
1990-03-13,207.03454756512727,-0.01909978409886272
1990-03-14,208.5634828185093,0.007384928126070768
1990-03-15,210.82470584609365,0.010841893302827295
1990-03-16,219.63536942371388,0.04179141881052684
1990-03-19,223.36630962493152,0.016986973505255427
1990-03-20,217.3526628133393,-0.026922801481074413
1990-03-21,215.14939037453993,-0.01013685505519436
1990-03-22,208.51220973864866,-0.030849172402194595
1990-03-23,212.3008267818634,0.018169761127961894
1990-03-26,216.04655382409953,0.017643487776356298
1990-03-27,218.06397995255355,0.00933792320564655
1990-03-28,211.52708923231148,-0.029976939436143376
1990-03-29,209.27733408416339,-0.010635777934226147
1990-03-30,209.3182827443681,0.00019566696213858543
1990-04-02,208.26268047247484,-0.005043048595914683
1990-04-03,216.33365761324688,0.03875383300772772
1990-04-04,213.64062097708037,-0.012448532816752109
1990-04-05,210.7864669871481,-0.013359603510226177
1990-04-06,207.6172136267963,-0.015035373976570421
1990-04-09,206.8212588820686,-0.0038337608468173214
1990-04-10,208.929131889772,0.010191761809676042
1990-04-11,211.4588566526305,0.012108051854602574
1990-04-12,214.39761863148883,0.013897559200775872
1990-04-16,216.0099553692268,0.007520310850603653
1990-04-17,215.11478019448944,-0.004144138510686864
1990-04-18,208.41898670377657,-0.031126608244487278
1990-04-19,203.92274077586538,-0.02157311096758024
1990-04-20,199.53434619035565,-0.021519888212629866
1990-04-23,193.70719789092192,-0.029203735650977218
1990-04-24,192.03327203648013,-0.008641526348362143
1990-04-25,193.53682549927828,0.007829650804015337
1990-04-26,193.8786093144573,0.0017659885362761383
1990-04-27,189.86783012287748,-0.02068706396111301
1990-04-30,193.75541342469748,0.02047520793440384
1990-05-01,196.03650480937867,0.011773045946753557
1990-05-02,198.7660835489769,0.013923828841227238
1990-05-03,201.76190037747725,0.015072072533753852
1990-05-04,206.75792161977725,0.024761965628559753
1990-05-07,211.15660520765437,0.02127455893064253
1990-05-08,211.39361115249127,0.0011224178595021152
1990-05-09,211.86649184311435,0.0022369677496164434
1990-05-10,214.54275972851968,0.012631860102668148
1990-05-11,222.57886950386225,0.03745691434896899
1990-05-14,228.4442756051218,0.02635203473866953
1990-05-15,229.68902089993753,0.005448791796242474
1990-05-16,230.95738364962037,0.005522086970954437
1990-05-17,234.01404586925406,0.013234745611211464
1990-05-18,237.83367352728612,0.016322215377473942
1990-05-21,245.42818993955507,0.03193204855996837
1990-05-22,246.69460872333332,0.005160037989483323
1990-05-23,253.47346867085756,0.027478751897357927
1990-05-24,255.51102112317915,0.008038523570162673
1990-05-25,245.05191741835344,-0.040934060921714546
1990-05-29,252.55868553361933,0.030633378405484298
1990-05-30,253.60560191219696,0.0041452400513000845
1990-05-31,253.13081891217246,-0.001872131358473957
1990-06-01,256.7941226552757,0.014471978397756158
1990-06-04,261.4702848146925,0.01820977096774952
1990-06-05,256.47941152316884,-0.01908772652716828
1990-06-06,256.9077980952663,0.001670257154573803
1990-06-07,255.3939505187524,-0.005892571528531486
1990-06-08,249.64585083503127,-0.022506796547238913
1990-06-11,254.23338579633935,0.01837617146835565
1990-06-12,260.9686809825367,0.026492567705457985
1990-06-13,265.1605764016482,0.016062829468000587
1990-06-14,261.7170770195977,-0.012986468157447754
1990-06-15,262.25765439101036,0.002065502861214525
1990-06-18,253.2501601617269,-0.03434597266645952
1990-06-19,253.3544270454317,0.00041171497636255703
1990-06-20,254.4430918864645,0.00429700342610389
1990-06-21,256.1986529548074,0.006899621661280025
1990-06-22,250.9673144756402,-0.02041907097805858
1990-06-25,244.80639816306646,-0.024548680075913782
1990-06-26,244.82546471557814,7.788420831611513e-05
1990-06-27,249.00657855107826,0.017077936890092144
1990-06-28,254.1761791374888,0.020760899637637924
1990-06-29,256.3788015829558,0.008665731198498965
1990-07-02,256.15455624470155,-0.0008746641175857292
1990-07-03,255.61430211253747,-0.002109094368979257
1990-07-05,253.61220876829367,-0.007832477790551575
1990-07-06,256.06748169244105,0.009681209497254973
1990-07-09,258.35618851459446,0.00893790498905404
1990-07-10,256.2825864252183,-0.008026136711871364
1990-07-11,260.7896061664386,0.017586133354149748
1990-07-12,266.4831828354939,0.02183206897218747
1990-07-13,269.303406766055,0.010583121608473441
1990-07-16,272.32725637384186,0.01122841201341987
1990-07-17,261.9905409987047,-0.03795696219605439
1990-07-18,254.76265962421058,-0.027588329513506666
1990-07-19,250.8241004155177,-0.015459719310916638
1990-07-20,242.37577682306275,-0.03368226409846332
1990-07-23,231.6925080991243,-0.04407729544581252
1990-07-24,229.83710729617846,-0.00800803106741825
1990-07-25,234.4028924691739,0.019865309073490035
1990-07-26,231.16380217993634,-0.01381847406027016
1990-07-27,227.9274746071198,-0.014000148562608467
1990-07-30,224.34975700195236,-0.01569673691745312
1990-07-31,223.22736272841126,-0.005002877152799119
1990-08-01,222.66759828130006,-0.0025075978153817793
1990-08-02,214.34440833259904,-0.037379439186235604
1990-08-03,201.8350088606567,-0.05836121207571442
1990-08-06,180.57433061428551,-0.10533692032113803
1990-08-07,182.693065000028,0.01173330881822955
1990-08-08,187.9248483787917,0.02863701136528029
1990-08-09,194.38132742235314,0.034356707477807356
1990-08-10,188.9554309184603,-0.02791367142021518
1990-08-13,191.03419290220714,0.011001334937252506
1990-08-14,192.60240221381304,0.008209050368321615
1990-08-15,192.90067274054925,0.0015486334713785506
1990-08-16,181.24403172423763,-0.06042820302648587
1990-08-17,171.61992899382327,-0.0531002463300828
1990-08-20,165.00576823785525,-0.03853958450365093
1990-08-21,156.68737107101754,-0.05041276590310927
1990-08-22,151.26566889357204,-0.03460203678436947
1990-08-23,140.24983006498184,-0.0728244479343212
1990-08-24,150.73411776925934,0.07475437010811238
1990-08-27,165.3212461657712,0.09677389971420763
1990-08-28,166.89386359727573,0.00951249441906351
1990-08-29,163.43882376766996,-0.020702018367451645
1990-08-30,159.698589321278,-0.022884614317273344
1990-08-31,164.5264929179165,0.030231347798106156
1990-09-04,166.32862460978814,0.010953443788355338
1990-09-05,164.69309398311464,-0.009833127824573103
1990-09-06,159.32696563280064,-0.03258259481641759
1990-09-07,161.18682333591184,0.011673213606525476
1990-09-10,162.52857812273967,0.008324221292156438
1990-09-11,159.66471387356225,-0.01762068112731947
1990-09-12,161.94357732521868,0.014272805783881952
1990-09-13,157.4859653938244,-0.027525709910942834
1990-09-14,157.12562234584377,-0.0022880962572094958
1990-09-17,157.17355508708812,0.0003050599929452398
1990-09-18,156.8634555965554,-0.001972974972544808
1990-09-19,155.75875735832537,-0.0070424193705847776
1990-09-20,147.80998757556137,-0.051032570608391135
1990-09-21,146.53011441077643,-0.008658908547236386
1990-09-24,137.49293565129517,-0.061674549261231025
1990-09-25,142.2835740277106,0.034842796495125415
1990-09-26,140.28960544651832,-0.014014046208903539
1990-09-27,132.0249376050116,-0.05891147683537687
1990-09-28,136.35176409458154,0.032772797079554966
1990-10-01,148.10679640107415,0.0862110760689435
1990-10-02,148.36879119383724,0.0017689586104719438
1990-10-03,141.24943611283152,-0.047984182008361874
1990-10-04,139.65895920795555,-0.011260058437369559
1990-10-05,137.87547864738613,-0.012770255275308073
1990-10-08,139.6408187491589,0.012803872879292747
1990-10-09,130.3923973647942,-0.0662300713158803
1990-10-10,124.12082131757651,-0.048097712550463516
1990-10-11,117.82911940256098,-0.05069014085007976
1990-10-12,119.99062363057178,0.018344397708906404
1990-10-15,123.71161997637125,0.03101072594851834
1990-10-16,118.04985990758418,-0.045765790391140815
1990-10-17,120.56811696711893,0.021332147801837148
1990-10-18,127.91301768763324,0.060919096236009024
1990-10-19,131.21437181201821,0.025809367834999878
1990-10-22,137.0648771908385,0.04458738244924789
1990-10-23,136.79460708433658,-0.001971840722737724
1990-10-24,136.8773715610169,0.0006050273358313628
1990-10-25,135.11946660333558,-0.012842918720847089
1990-10-26,130.32554266345122,-0.03547915086105008
1990-10-29,126.57464905242459,-0.028780955247681796
1990-10-30,128.39432604398039,0.01437631472951686
1990-10-31,127.71814615558488,-0.005266431229709373
1990-11-01,128.16887995159504,0.003529128863655048
1990-11-02,134.0620157809555,0.045979459534842546
1990-11-05,139.43195147347876,0.04005560904959997
1990-11-06,139.09783295904765,-0.002396283713311225
1990-11-07,134.1651322619518,-0.03546209593752684
1990-11-08,135.09566164183022,0.006935702027719019
1990-11-09,141.95881992759172,0.05080221083603193
1990-11-12,151.89978556120596,0.0700271081337869
1990-11-13,153.82084733553646,0.01264690247739956
1990-11-14,157.95709026218253,0.026890002222023354
1990-11-15,153.1682381622368,-0.030317424130800505
1990-11-16,145.7226965152319,-0.048610219300939894
1990-11-19,148.9216261258262,0.021952171398776907
1990-11-20,142.95519395220327,-0.04006424270832102
1990-11-21,143.91211830371256,0.006693876067414757
1990-11-23,144.39241141557648,0.003337405616185184
1990-11-26,145.63092052756423,0.008577383671661089
1990-11-27,151.99261999538766,0.04368371390345842
1990-11-28,152.7848001238393,0.005211964426138958
1990-11-29,155.04480359152052,0.014792070060957592
1990-11-30,157.53192356889022,0.016041298513442916
1990-12-03,160.50506425830403,0.018873258334293267
1990-12-04,162.241913293137,0.01082114787380043
1990-12-05,167.90283357072522,0.0348918486147296
1990-12-06,168.648774264318,0.004442692703447416
1990-12-07,168.36484379797267,-0.0016835608060829655
1990-12-10,168.44298745173137,0.0004641328438641469
1990-12-11,163.5479344417651,-0.029060592453389995
1990-12-12,165.96477040987773,0.014777538929867686
1990-12-13,165.93494222100406,-0.0001797260273972603
1990-12-14,162.72099183438047,-0.019368737793291374
1990-12-17,160.85778628578896,-0.01145030845490369
1990-12-18,167.75600301732942,0.04288394668868998
1990-12-19,169.66221145871145,0.011362981992275588
1990-12-20,171.49418501363846,0.010797770105530182
1990-12-21,173.57395596268518,0.012127355507017996
1990-12-24,170.86070750505456,-0.015631656503893396
1990-12-26,169.6954302262584,-0.006820042453363308
1990-12-27,167.27902580587045,-0.014239655229172168
1990-12-28,167.68572126959643,0.0024312400300439013
1990-12-31,169.4620338126089,0.010593105540313622
1991-01-02,168.10588632758834,-0.008002662628964853
1991-01-03,162.42665487326494,-0.033783656113363286
1991-01-04,163.09807762337996,0.004133698072147852
1991-01-07,155.61969213956223,-0.04585207620341511
1991-01-08,155.17669066341264,-0.0028466929220775966
1991-01-09,154.50818914981897,-0.004308002127997993
1991-01-10,161.56300710114206,0.04565983194898743
1991-01-11,161.72112935788667,0.00097870335283878
1991-01-14,157.66195718203682,-0.02509982580487033
1991-01-15,160.19424331836217,0.016061491190303926
1991-01-16,172.66929431224855,0.07787452742040228
1991-01-17,183.3640696257648,0.06193791059443507
1991-01-18,187.26339570018456,0.021265486103019336
1991-01-21,192.26512925718256,0.026709616891738765
1991-01-22,187.93253445711824,-0.02253448046873258
1991-01-23,194.75015558197848,0.03627696047709013
1991-01-24,201.85066723005622,0.036459594226556945
1991-01-25,204.08106129563478,0.011049723521778222
1991-01-28,206.2649031516947,0.010700855053357324
1991-01-29,210.37475338788323,0.019925106857204757
1991-01-30,219.36053625221538,0.042713218766152986
1991-01-31,225.3565443091434,0.02733403263581532
1991-02-01,229.24130567820376,0.0172382895778312
1991-02-04,233.87523471862508,0.02021419755358664
1991-02-05,243.10313123318068,0.03945649279906727
1991-02-06,254.1385676442225,0.045394052948074956
1991-02-07,246.6341449448623,-0.029528862025640677
1991-02-08,248.70618329182219,0.00840126312365676
1991-02-11,258.4470090247375,0.03916599741907434
1991-02-12,256.1086155576337,-0.009047864302735934
1991-02-13,260.4882957662678,0.017100870265914704
1991-02-14,250.56585951748886,-0.038091677860575365
1991-02-15,256.1413911349993,0.022251760987100116
1991-02-19,261.08976944458965,0.019318932749070258
1991-02-20,254.70234217797707,-0.02446448698545489
1991-02-21,252.79484928666804,-0.007489106205298073
1991-02-22,256.4043618151695,0.01427842592001688
1991-02-25,259.2023210802814,0.010912291995753137
1991-02-26,254.54175092398896,-0.017980433727863735
1991-02-27,258.42904841017076,0.015271748041611613
1991-02-28,259.2199189167852,0.003060300347347979
1991-03-01,263.8879511416784,0.01800799971082359
1991-03-04,265.8447169189287,0.007415138769256392
1991-03-05,284.2724349641572,0.06931760111241234
1991-03-06,286.33517512479216,0.0072562088578690415
1991-03-07,289.3626066147875,0.010573033818412004
1991-03-08,285.602393150581,-0.012994814735036843
1991-03-11,268.7906908903029,-0.058864010468617646
1991-03-12,259.25107127113785,-0.035490885445353254
1991-03-13,272.45210032483664,0.05091986308474116
1991-03-14,269.69988054229947,-0.010101664766965565
1991-03-15,267.21507408998133,-0.009213227856541112
1991-03-18,269.19905810563426,0.007424671016070053
1991-03-19,265.4115173676493,-0.01406966563938999
1991-03-20,270.05752734197796,0.01750492978001771
1991-03-21,263.438492599195,-0.024509721346893592
1991-03-22,261.9428098237355,-0.005677540744719762
1991-03-25,269.11937874840953,0.02739746484930522
1991-03-26,287.78807566167023,0.06936957494507814
1991-03-27,291.85701005544536,0.014138648324535335
1991-03-28,288.18011673942925,-0.012598269664030184
1991-04-01,287.3622165118977,-0.00283815634744532
1991-04-02,307.41250365480056,0.06977356795990847
1991-04-03,310.2871059889412,0.009350961005049426
1991-04-04,315.06920868731197,0.015411864064184483
1991-04-05,310.8199588873144,-0.013486718736183092
1991-04-08,311.1602974117241,0.0010949699807827782
1991-04-09,304.9974866482093,-0.01980590330700273
1991-04-10,300.75216285073157,-0.01391920911917012
1991-04-11,317.10808362994356,0.05438338539008186
1991-04-12,318.7708956384694,0.005243675876980448
1991-04-15,316.55592000518254,-0.006948487655532213
1991-04-16,325.01908953269503,0.02673514849248089
1991-04-17,328.0840721876603,0.009430161961785049
1991-04-18,315.07022711598586,-0.0396661897814737
1991-04-19,306.4501987347406,-0.027359069944974494
1991-04-22,300.3236749199383,-0.01999190680931912
1991-04-23,302.09595562218044,0.005901235401153923
1991-04-24,307.3810315558727,0.01749469278000571
1991-04-25,301.55973797941124,-0.01893836307008216
1991-04-26,300.05286127207813,-0.004996942620489886
1991-04-29,288.51014750948553,-0.038468934152659374
1991-04-30,283.07021834387575,-0.01885524378455676
1991-05-01,284.2536292309175,0.00418062660906335
1991-05-02,289.1401629170792,0.01719075214407227
1991-05-03,290.40062829326496,0.004359357632883463
1991-05-06,290.75416155762525,0.0012173984141773044
1991-05-07,288.3632351587666,-0.0082231889168842
1991-05-08,290.31473636633956,0.006767510450832971
1991-05-09,299.1182999279897,0.03032420493647003
1991-05-10,293.49536844871255,-0.018798353295772247
1991-05-13,293.9808591240845,0.0016541680979088992
1991-05-14,287.5998788918259,-0.02170542752773337
1991-05-15,270.30851316044306,-0.06012299378570513
1991-05-16,275.67364757228745,0.019848188831033474
1991-05-17,275.14770757299164,-0.0019078356017251717
1991-05-20,271.1419113483415,-0.014558711973231574
1991-05-21,276.61773971538,0.02019543323202283
1991-05-22,285.98045989424725,0.033847142950776676
1991-05-23,289.1470618189975,0.0110727912176979
1991-05-24,294.1271231124487,0.017223281682760633
1991-05-28,302.42765888675314,0.028220912394845827
1991-05-29,304.55258214425385,0.00702621997380347
1991-05-30,310.90281606520375,0.020851026368714602
1991-05-31,314.80567018143165,0.012553292908769942
1991-06-03,319.0482895207372,0.013476947022143648
1991-06-04,319.4341191821457,0.0012093143078373712
1991-06-05,310.8437440199752,-0.026892478437070683
1991-06-06,303.7164896552592,-0.022928736710422587
1991-06-07,295.609603171695,-0.02669228296680916
1991-06-10,290.69718925239033,-0.01661791046907061
1991-06-11,292.54022595556035,0.006340056840280683
1991-06-12,283.89322557822925,-0.02955832945396253
1991-06-13,282.7824230674126,-0.00391274750763832
1991-06-14,289.1709615268159,0.02259170987399157
1991-06-17,288.54994872999333,-0.002147562789650969
1991-06-18,284.0008526380842,-0.015765367874543974
1991-06-19,272.81322162996474,-0.03939294866264493
1991-06-20,273.3820828645398,0.002085167394660392
1991-06-21,272.75535314315204,-0.002292504742157267
1991-06-24,252.9370121170221,-0.07265976926850098
1991-06-25,253.14273716654614,0.000813344981828384
1991-06-26,256.031221657483,0.011410497189324801
1991-06-27,261.6739763848169,0.02203932274667175
1991-06-28,259.46312686259324,-0.008448870433230936
1991-07-01,269.4161372275172,0.03836001857094284
1991-07-02,263.07673902243033,-0.02353013546376166
1991-07-03,255.5193365096605,-0.02872698871383484
1991-07-05,254.51485165050693,-0.0039311500760553265
1991-07-08,268.46603462402754,0.05481480897106152
1991-07-09,272.05646692176225,0.013373879130605457
1991-07-10,277.52791171838714,0.02011143075749189
1991-07-11,278.5842604904242,0.003806279395453906
1991-07-12,286.14670285026546,0.027145978550719995
1991-07-15,289.1479450487892,0.010488473809513899
1991-07-16,279.6008691082993,-0.0330179622714557
1991-07-17,277.23502719660144,-0.008461496987627482
1991-07-18,283.2162017476335,0.021574382615045608
1991-07-19,284.64361298988524,0.005040005597997875
1991-07-22,278.99750774688493,-0.01983569974992185
1991-07-23,268.360818360635,-0.03812467527810268
1991-07-24,265.30056396893104,-0.011403506705630374
1991-07-25,272.13530142304404,0.025762242461397036
1991-07-26,278.38917616844446,0.022980755207787328
1991-07-29,279.13348063338333,0.002673611363713891
1991-07-30,288.96647437934797,0.03522685176873997
1991-07-31,295.01964249117617,0.02094764842471584
1991-08-01,299.50862869885754,0.01521588925325753
1991-08-02,302.1523785962119,0.008826957369607395
1991-08-05,294.7612727474248,-0.02446151800335269
1991-08-06,300.3075444668059,0.018816147954869297
1991-08-07,304.1995332437724,0.012960009992012455
1991-08-08,309.0400340402998,0.015912255830611125
1991-08-09,307.64323109936623,-0.004519812280215612
1991-08-12,312.1563275503218,0.014669903299441928
1991-08-13,317.0570912590792,0.015699709652585336
1991-08-14,322.0851131206586,0.015858411624267463
1991-08-15,315.4327842994804,-0.02065394689224939
1991-08-16,310.23876012847063,-0.016466342211526062
1991-08-19,293.34533671389516,-0.05445297488805025
1991-08-20,298.1355848250301,0.01632972306564026
1991-08-21,323.88344215586824,0.08636291218288832
1991-08-22,320.44036747512786,-0.010630598025703967
1991-08-23,325.3717731822224,0.015389464648137235
1991-08-26,325.07306265551654,-0.0009180591290523503
1991-08-27,325.18522184745774,0.0003450276409400789
1991-08-28,332.19184744369346,0.02154656831091319
1991-08-29,329.18766307971595,-0.009043522251059153
1991-08-30,326.42568586202555,-0.008390281676569153
1991-09-03,319.26485185056515,-0.021937103364124223
1991-09-04,313.5598540754169,-0.017869169569027565
1991-09-05,311.13382376122144,-0.007737056522586576
1991-09-06,309.3603514559729,-0.005700030565013809
1991-09-09,312.277213753739,0.009428688207904424
1991-09-10,301.221627444292,-0.03540311563739467
1991-09-11,308.3062953320206,0.023519784909995733
1991-09-12,321.2712884633851,0.04205231397368066
1991-09-13,307.611587323721,-0.04251765293125746
1991-09-16,305.43228115802043,-0.007084603621927659
1991-09-17,304.3359444494764,-0.0035894591900613093
1991-09-18,310.7491748349478,0.02107286537274602
1991-09-19,316.1668633808135,0.01743428135808658
1991-09-20,323.0803317834084,0.02186651797936149
1991-09-23,318.97381807586856,-0.012710503560745282
1991-09-24,324.48191001208187,0.017268163165991248
1991-09-25,328.1392635531325,0.011271363451091717
1991-09-26,325.66234101022474,-0.007548388193742258
1991-09-27,321.1365762280537,-0.013897108176929029
1991-09-30,324.5924219718622,0.010761295970703851
1991-10-01,326.4198195810623,0.005629822156964829
1991-10-02,318.8795524632936,-0.02309990590475233
1991-10-03,308.43050784351226,-0.0327679982584775
1991-10-04,308.6062989384532,0.0005699536539692621
1991-10-07,304.90911728432314,-0.011980253374113622
1991-10-08,307.3362748725834,0.007960265701064412
1991-10-09,299.58742825410314,-0.02521292555424117
1991-10-10,305.20016045034475,0.018734872250650698
1991-10-11,310.3611895766103,0.0169103093479703
1991-10-14,322.73042647765516,0.039854328815786384
1991-10-15,336.4848226583094,0.04261883929188992
1991-10-16,346.394292417909,0.029449975429240854
1991-10-17,334.2647902349069,-0.0350164608612211
1991-10-18,335.70271869114447,0.004301764643613832
1991-10-21,330.40450362095686,-0.0157824610144492
1991-10-22,330.1981267247124,-0.0006246188958769885
1991-10-23,326.8805131703557,-0.01004734214353246
1991-10-24,318.4738487239385,-0.025717851348440724
1991-10-25,312.3854068055912,-0.019117556881805116
1991-10-28,319.8471216070608,0.023886246408793752
1991-10-29,328.06607496191356,0.02569650561042079
1991-10-30,338.51428630392974,0.03184788717708513
1991-10-31,333.3660140376395,-0.015208434251037621
1991-11-01,327.61968245529613,-0.017237304765249973
1991-11-04,320.5649458483992,-0.021533311289560715
1991-11-05,325.23353180765577,0.014563619696161099
1991-11-06,326.0420673169841,0.0024860152175406602
1991-11-07,333.76817977650325,0.023696673632018262
1991-11-08,339.80585777938256,0.01808943562841214
1991-11-11,344.94859493425605,0.015134339320931795
1991-11-12,354.41898490872126,0.02745449644829008
1991-11-13,356.410488207362,0.0056190649582545035
1991-11-14,352.16953905241263,-0.011899058235575728
1991-11-15,313.44535233378593,-0.10995893291288728
1991-11-18,322.27815618528734,0.02817972506446806
1991-11-19,312.8514152678187,-0.02925032533712559
1991-11-20,314.58871520347805,0.005553115155870765
1991-11-21,322.06641214351146,0.02376975580702817
1991-11-22,316.90933863917746,-0.01601245367379703
1991-11-25,309.4458554413912,-0.023550846528646956
1991-11-26,311.85075320536873,0.007771626996093398
1991-11-27,314.22070881553117,0.007599646900970149
1991-11-29,313.1612179192743,-0.003371804806407118
1991-12-02,333.12768321621127,0.06375778402446974
1991-12-03,333.10261727035663,-7.524425953627612e-05
1991-12-04,335.70665386176756,0.007817520656997482
1991-12-05,333.8839506474251,-0.0054294521522740445
1991-12-06,337.94258798055915,0.012155832364101627
1991-12-09,336.95286189664967,-0.002928681140260422
1991-12-10,338.1577441370895,0.003575818390910082
1991-12-11,334.73136467154353,-0.010132488535163886
1991-12-12,341.8130754138672,0.02115640029512205
1991-12-13,349.4496727027863,0.022341442847593658
1991-12-16,353.21921261020094,0.010787075226768618
1991-12-17,343.51691072897285,-0.027468216718820406
1991-12-18,345.1457359985152,0.004741615969024205
1991-12-19,333.39212988099945,-0.03405403831373507
1991-12-20,336.2647802317093,0.00861643120290572
1991-12-23,353.1255772856168,0.05014143034036816
1991-12-24,361.8769219166926,0.024782528352505814
1991-12-26,377.3286922600289,0.04269896588457621
1991-12-27,384.70860721440084,0.019558319061743244
1991-12-30,408.7598265186455,0.06251801715172126
1991-12-31,419.00970020753635,0.025075540755038803
1992-01-02,425.2725456855775,0.014946779215228545
1992-01-03,428.93691909722594,0.008616529444056166
1992-01-06,434.1344814769194,0.012117311773098497
1992-01-07,441.1862537644476,0.016243290013587805
1992-01-08,453.2303826708398,0.02729942015106983
1992-01-09,469.06901510710713,0.03494609594116775
1992-01-10,460.43410395990537,-0.018408615510939454
1992-01-13,463.37102920493834,0.006378600585348398
1992-01-14,474.85520076297087,0.024783965406161186
1992-01-15,482.92353257244355,0.01699114129214333
1992-01-16,472.9155781214807,-0.020723683514970552
1992-01-17,466.9639355939525,-0.012584999951089314
1992-01-20,445.6985738035714,-0.04553962344722144
1992-01-21,419.86993137071494,-0.05795092008582397
1992-01-22,456.26651685314636,0.08668538221732262
1992-01-23,455.57013318991466,-0.0015262651049536297
1992-01-24,453.90019358423217,-0.003665603787477243
1992-01-27,440.7272820011863,-0.029021603800222395
1992-01-28,441.64879364837975,0.002090888594436939
1992-01-29,432.38677021706815,-0.020971467746576995
1992-01-30,442.35025279086096,0.02304298665010249
1992-01-31,434.8459564450544,-0.016964602819735528
1992-02-03,442.6303486927555,0.017901493925204848
1992-02-04,456.96005759336987,0.03237398642667655
1992-02-05,467.3018207665289,0.022631656752726083
1992-02-06,462.49514786753844,-0.010286013632700906
1992-02-07,456.46827836765686,-0.013031205900581055
1992-02-10,452.2224433179361,-0.009301489831678951
1992-02-11,449.9845329572292,-0.00494869370986417
1992-02-12,480.2076870095353,0.06716487309837994
1992-02-13,463.5217268420327,-0.034747382474056926
1992-02-14,455.2150611814082,-0.01792076871394513
1992-02-18,433.6886545121916,-0.0472884324463028
1992-02-19,432.3974716027668,-0.002977211637867429
1992-02-20,450.95925855270843,0.042927602886156165
1992-02-21,443.2434786523,-0.017109705043358372
1992-02-24,434.25309455334354,-0.020283172865378847
1992-02-25,432.60303422062947,-0.003799766434390736
1992-02-26,456.8103957200751,0.055957447323635216
1992-02-27,455.66945449095897,-0.002497625360118352
1992-02-28,451.6705389967421,-0.008775913010636488
1992-03-02,453.5175206490149,0.004089223212068244
1992-03-03,451.04654593480615,-0.005448465829219996
1992-03-04,440.3366042624145,-0.023744648460160677
1992-03-05,429.75621900645035,-0.024027948513812073
1992-03-06,418.2103404356563,-0.026866111670208952
1992-03-09,418.88546611972384,0.001614320878255318
1992-03-10,436.4704584202106,0.04198043074490619
1992-03-11,422.91658212684655,-0.031053364625000857
1992-03-12,422.32629609946844,-0.001395750491526181
1992-03-13,426.4285635173447,0.009713502227457989
1992-03-16,430.8855003755271,0.010451778420797723
1992-03-17,442.6962087509157,0.027410317509164884
1992-03-18,441.9109231182714,-0.001773870245828457
1992-03-19,441.668097617924,-0.000549489699494128
1992-03-20,437.2994256549689,-0.009891300699590782
1992-03-23,432.495791087029,-0.010984772186117686
1992-03-24,432.46010427585185,-8.251366120218582e-05
1992-03-25,428.87841082376815,-0.008282136124628584
1992-03-26,417.7924015150816,-0.025848839738500964
1992-03-27,394.9943215392291,-0.05456796220605657
1992-03-30,390.34013576040684,-0.011782918196610101
1992-03-31,392.0032156870403,0.004260591659101761
1992-04-01,394.0822633347216,0.005303649471439849
1992-04-02,378.8422001910198,-0.03867228891435111
1992-04-03,375.7341222116137,-0.008204149320849117
1992-04-06,395.04656036045037,0.051399212919927266
1992-04-07,366.7746162171949,-0.0715661063279717
1992-04-08,361.821989661017,-0.01350318789031205
1992-04-09,382.0220400829187,0.055828697533907984
1992-04-10,366.32897731503664,-0.04107894603273633
1992-04-13,375.9761695857328,0.02633477794032052
1992-04-14,384.00643587843206,0.021358444875767917
1992-04-15,397.20024082710376,0.03435829120543317
1992-04-16,380.52761822049047,-0.04197535875581367
1992-04-20,353.3202431911755,-0.07149908108259857
1992-04-21,348.12693102429824,-0.014698597849847114
1992-04-22,357.0055532449109,0.025503979811297404
1992-04-23,352.3165928086563,-0.013134138653125934
1992-04-24,343.78664675103033,-0.024211025627903407
1992-04-27,334.2867635270762,-0.02763307799687159
1992-04-28,323.0586493301525,-0.03358827037737093
1992-04-29,341.3433642776789,0.056598747581712815
1992-04-30,352.3110111684761,0.032130833754468784
1992-05-01,351.4122065046115,-0.0025511682444542836
1992-05-04,358.70821112246955,0.020761955569014497
1992-05-05,368.05298334699654,0.026051180136873207
1992-05-06,368.81772157776345,0.002077793864928207
1992-05-07,363.2159890400777,-0.015188349718452007
1992-05-08,359.7713958965525,-0.009483594465730228
1992-05-11,361.1618320021978,0.003864776692933868
1992-05-12,356.8244902904194,-0.01200941330852477
1992-05-13,353.82572993644493,-0.0084040205635375
1992-05-14,344.17018263723503,-0.027288991393995633
1992-05-15,340.6610938197932,-0.010195795552517374
1992-05-18,344.08444787419086,0.010049148894615298
1992-05-19,348.2134938012003,0.012000094606191397
1992-05-20,355.3215413698245,0.020412900979312067
1992-05-21,351.59609791024826,-0.010484710398401435
1992-05-22,352.5718424403794,0.0027751858906585516
1992-05-26,346.76182450392116,-0.01647896183723373
1992-05-27,351.67577805056874,0.014170976155398599
1992-05-28,360.5736421458802,0.025301327673559557
1992-05-29,368.2181285760154,0.0212009019423621
1992-06-01,376.7222393343768,0.023095307097586
1992-06-02,372.581199769359,-0.010992288568719956
1992-06-03,372.7853458994088,0.0005479238624390062
1992-06-04,369.46537265297894,-0.008905857708596006
1992-06-05,363.1434272426432,-0.01711106338583343
1992-06-08,356.0515030748155,-0.01952926484633589
1992-06-09,343.695807541569,-0.03470198953394179
1992-06-10,338.5716497066051,-0.014908991388683592
1992-06-11,338.47658040539557,-0.0002807952210173184
1992-06-12,341.89416115597845,0.010096948942492962
1992-06-15,341.26989071661416,-0.0018259172290441235
1992-06-16,330.752177270988,-0.030819341910124528
1992-06-17,317.9016060978123,-0.03885256713713809
1992-06-18,314.71152794053836,-0.010034797233117522
1992-06-19,325.31464696314237,0.03369154950246163
1992-06-22,321.6836771325338,-0.011161409006646977
1992-06-23,326.42927441321456,0.01475237202889094
1992-06-24,321.68325037789793,-0.014539210810206874
1992-06-25,312.8545104168198,-0.027445445016818837
1992-06-26,310.2076999189878,-0.00846019606463585
1992-06-29,333.1694718323243,0.07402063817027436
1992-06-30,334.0945264967956,0.002776528891989349
1992-07-01,344.71432976254795,0.03178682206233103
1992-07-02,333.0838941708176,-0.033739344690839654
1992-07-06,336.33933663553654,0.00977364118076944
1992-07-07,322.6533596609261,-0.04069097926966771
1992-07-08,325.45836645663394,0.008693561407993867
1992-07-09,335.55970255890117,0.03103726050199176
1992-07-10,336.95335987417906,0.004153232061687297
1992-07-13,341.65448085948765,0.013951844810403508
1992-07-14,351.19324250263895,0.0279193225247771
1992-07-15,351.48224035909845,0.0008229026686279603
1992-07-16,355.7475039843458,0.012135075789006201
1992-07-17,342.5981893226498,-0.03696249310093459
1992-07-20,331.07624951046483,-0.03363105868996267
1992-07-21,341.31930346910667,0.030938655291001416
1992-07-22,332.4980566295294,-0.02584455889227401
1992-07-23,335.4073173173355,0.008749707343545857
1992-07-24,337.44198083889626,0.006066246669376372
1992-07-27,333.82199855174304,-0.010727717630609371
1992-07-28,344.6549493886782,0.032451279076672356
1992-07-29,352.1768978022646,0.02182457680334558
1992-07-30,354.03301994665316,0.005270425618408172
1992-07-31,353.88994843572823,-0.00040411911563076607
1992-08-03,358.0368683743809,0.011718106029806634
1992-08-04,354.1607902609091,-0.010825918936981605
1992-08-05,343.9076178966957,-0.028950614088758743
1992-08-06,339.34735101540036,-0.013260150819529422
1992-08-07,336.533796054614,-0.008291076834304367
1992-08-10,338.49203900776763,0.005818859728536241
1992-08-11,334.63669987541925,-0.011389748319191387
1992-08-12,331.157742354133,-0.010396222298933186
1992-08-13,331.8346570741651,0.0020440854416387726
1992-08-14,333.9220653793674,0.006290507217079996
1992-08-17,329.7514211967532,-0.012489872982415563
1992-08-18,329.85594590548834,0.0003169803130970503
1992-08-19,325.1516335907475,-0.014261717495578405
1992-08-20,327.56635708475267,0.0074264535205885995
1992-08-21,319.35645976498444,-0.02506331050854553
1992-08-24,308.52022667972557,-0.0339314667166379
1992-08-25,311.40263450138565,0.009342686710302094
1992-08-26,320.162059046104,0.028128935256902476
1992-08-27,327.1830978351167,0.021929640288831515
1992-08-28,326.4349999631596,-0.002286480802055616
1992-08-31,326.63792708164897,0.0006216463262586881
1992-09-01,332.52682597209474,0.018028827647359174
1992-09-02,342.60832680924614,0.03031785723656895
1992-09-03,346.17869607390753,0.010421139783474313
1992-09-04,342.1510526587489,-0.011634579079640252
1992-09-08,340.65339450430236,-0.004377184120313848
1992-09-09,350.02815296849997,0.027519932621951997
1992-09-10,360.88436843050056,0.031015263686454145
1992-09-11,361.72582118707044,0.002331640908220612
1992-09-14,383.303792480205,0.0596528365664426
1992-09-15,372.0551298148967,-0.029346598927505362
1992-09-16,368.6746778585105,-0.009085889927301959
1992-09-17,370.4966610191487,0.0049419807490478545
1992-09-18,372.0212382282847,0.00411495532764643
1992-09-21,370.3941283931723,-0.004373701466242454
1992-09-22,358.80796513220696,-0.03128063425634717
1992-09-23,362.2948524563252,0.00971797636329917
1992-09-24,366.234244111442,0.01087344086842017
1992-09-25,349.3420714893153,-0.046123957258859184
1992-09-28,343.9405236834378,-0.015462059244251973
1992-09-29,350.1235620605599,0.017977056936777303
1992-09-30,355.82017568978637,0.016270294965870215
1992-10-01,346.36105271463293,-0.02658399838293645
1992-10-02,335.90936359781614,-0.030175705481031552
1992-10-05,334.28124327955777,-0.004846903643352203
1992-10-06,343.65391016491,0.028038267398430874
1992-10-07,337.86748746703364,-0.016837936443381586
1992-10-08,344.41152860666267,0.01936866192331564
1992-10-09,338.3069020191644,-0.017724803267169607
1992-10-12,343.71346323263805,0.01598123236979473
1992-10-13,348.1919419136833,0.013029686527042153
1992-10-14,346.928209431886,-0.003629413348430196
1992-10-15,352.61485499351124,0.01639141876337312
1992-10-16,362.1882528588501,0.027149729314481022
1992-10-19,376.7747877166597,0.04027335161390292
1992-10-20,378.12104692391387,0.0035731138365516168
1992-10-21,384.38056120219346,0.016554260412642813
1992-10-22,384.41957425599946,0.00010149590729555737
1992-10-23,382.83178619562926,-0.004130351747678879
1992-10-26,386.8071953400364,0.010384219095056288
1992-10-27,379.11409123288985,-0.019888730612634218
1992-10-28,385.51977855367727,0.016896463278260044
1992-10-29,395.89657708504114,0.026916384342960713
1992-10-30,391.2244504878149,-0.011801381642717773
1992-11-02,393.93267917528203,0.006922442306686665
1992-11-03,383.47734985096497,-0.026540903755955945
1992-11-04,387.6809465928589,0.010961786252897773
1992-11-05,408.30098754142114,0.053188172206506006
1992-11-06,412.2715565718321,0.009724612850729682
1992-11-09,418.11936109201827,0.014184351132085155
1992-11-10,427.4396950254075,0.02229108431871444
1992-11-11,436.018007348788,0.020069058684104166
1992-11-12,433.3247592357511,-0.006176919456637143
1992-11-13,437.51229608282586,0.009663737780550973
1992-11-16,427.71190821562647,-0.022400256986935284
1992-11-17,411.7908475617804,-0.037223795615762015
1992-11-18,426.56151900459497,0.03586935341149973
1992-11-19,432.5720951746444,0.014090760423198486
1992-11-20,437.67611953559873,0.01179924553129963
1992-11-23,424.09155324477166,-0.031037942634935388
1992-11-24,440.208194874856,0.03800274140518508
1992-11-25,439.36687355734153,-0.0019111895855406804
1992-11-27,438.4147778144178,-0.002166972068729503
1992-11-30,442.4480424807723,0.009199654916882847
1992-12-01,446.7230580233977,0.009662186589538846
1992-12-02,443.89948241407785,-0.006320639954904642
1992-12-03,451.99413053854954,0.0182353177806161
1992-12-04,461.15494534290457,0.02026755257516274
1992-12-07,469.8675844698434,0.01889308401639348
1992-12-08,466.5563757780484,-0.007047110294980429
1992-12-09,459.3753231207514,-0.01539160759580568
1992-12-10,450.9923760392714,-0.018248579450308135
1992-12-11,441.6188474607595,-0.02078422846264632
1992-12-14,437.7589967198128,-0.008740231000420996
1992-12-15,431.5586676547207,-0.014163795859255876
1992-12-16,436.5235361882022,0.01150450426696978
1992-12-17,456.2527323125077,0.045196179561322734
1992-12-18,458.8744818473459,0.0057462659380690135
1992-12-21,462.4535304279605,0.007799624346522799
1992-12-22,452.9173975350154,-0.020620737577936095
1992-12-23,455.0704933368257,0.004753837705348336
1992-12-24,457.7391133579593,0.005864190406119006
1992-12-28,461.42855725903615,0.008060145601303798
1992-12-29,463.31813540231934,0.004095061117386351
1992-12-30,463.6147006775583,0.0006400899351403029
1992-12-31,464.22046277382196,0.0013066067477548625
1993-01-04,454.2371250608754,-0.021505595968979586
1993-01-05,464.0705934217611,0.021648314984311006
1993-01-06,481.3773147949169,0.03729329463766936
1993-01-07,473.6038926528532,-0.016148293455364632
1993-01-08,477.52557184729255,0.00828050456357605
1993-01-11,491.1933082557635,0.028621998934209452
1993-01-12,483.4756207655796,-0.01571211854980181
1993-01-13,504.3095740126181,0.04309204508398606
1993-01-14,519.0067169280031,0.029143097162413343
1993-01-15,513.2537981864954,-0.011084478396655884
1993-01-18,511.84572060411074,-0.0027434333410874616
1993-01-19,504.40402136905203,-0.01453894979580091
1993-01-20,503.5903389568896,-0.0016131560766585095
1993-01-21,513.2316975622072,0.019145241398570368
1993-01-22,509.0824226075919,-0.008084603843300923
1993-01-25,517.7057542385351,0.016938969502763922
1993-01-26,513.1042850676091,-0.008888193985199218
1993-01-27,494.75542204143676,-0.03576049462100014
1993-01-28,489.5685460519285,-0.01048371732462565
1993-01-29,489.2433722864629,-0.000664204773954383
1993-02-01,502.1311921166776,0.02634234935055726
1993-02-02,507.3379336756401,0.010369285240006836
1993-02-03,504.8825931924512,-0.004839654834007788
1993-02-04,498.7058255647571,-0.012234067307881314
1993-02-05,484.67882796860374,-0.028126797155955747
1993-02-08,475.9858068572853,-0.017935632030292806
1993-02-09,468.7160010420361,-0.015273156700298196
1993-02-10,479.9181067180621,0.02389955890373229
1993-02-11,477.34935899947527,-0.005352470937496651
1993-02-12,463.92017793309316,-0.028132814705208082
1993-02-16,427.0545562419076,-0.07946544135121088
1993-02-17,424.6114236537884,-0.005720891048719576
1993-02-18,430.3998545565488,0.013632301394415774
1993-02-19,429.4796652187294,-0.0021379871021738805
1993-02-22,410.6994619338794,-0.04372780554181873
1993-02-23,412.81835305218596,0.005159225454860046
1993-02-24,434.2986980335436,0.0520334060308656
1993-02-25,438.08840919325957,0.00872604771065475
1993-02-26,436.73696148773945,-0.003084874370469681
1993-03-01,431.5697727907535,-0.01183135194095766
1993-03-02,449.11853448103074,0.040662629305101325
1993-03-03,458.54297735740164,0.020984310717127384
1993-03-04,447.22405905724463,-0.024684530914393876
1993-03-05,447.2930797015213,0.00015433124153070284
1993-03-08,456.9348447381553,0.02155581088593621
1993-03-09,456.8008470544704,-0.00029325337130220024
1993-03-10,461.49671379691205,0.010279899375671857
1993-03-11,462.69045855708197,0.002586680954558689
1993-03-12,464.98565908739795,0.004960552974171087
1993-03-15,469.16956623497487,0.008997927281861728
1993-03-16,467.3077337583779,-0.003968357307439982
1993-03-17,446.84018998250787,-0.043798855223852975
1993-03-18,446.40656704198386,-0.0009704206341443402
1993-03-19,436.47998118360647,-0.022236648363293053
1993-03-22,431.0735814370823,-0.012386363589605237
1993-03-23,427.88488205540534,-0.007397111581383956
1993-03-24,428.7641413008036,0.002054896731042726
1993-03-25,443.1772963585052,0.03361557945115078
1993-03-26,438.81899527496535,-0.009834215604795514
1993-03-29,435.6399608621807,-0.007244523247660784
1993-03-30,451.2540733644359,0.03584178198747669
1993-03-31,455.5111842430864,0.009433955569443549
1993-04-01,442.60270347721803,-0.028338449663575408
1993-04-02,409.69535797988016,-0.07434962606149483
1993-04-05,418.0862608387039,0.02048083458938222
1993-04-06,407.98993937335325,-0.024148895601345133
1993-04-07,419.05455505631517,0.027119824817142407
1993-04-08,410.21142261233086,-0.021102580409359598
1993-04-12,427.9902463070241,0.043340635376443545
1993-04-13,420.25884274177525,-0.018064438692144
1993-04-14,421.7358328305821,0.0035144771236005875
1993-04-15,415.40110279903917,-0.015020611336309482
1993-04-16,407.52030906301815,-0.018971528199898825
1993-04-19,399.80148505400155,-0.018940955425666872
1993-04-20,403.56438481285363,0.009411920414312049
1993-04-21,406.2496169211331,0.006653788612998468
1993-04-22,402.1130273493758,-0.010182383932094566
1993-04-23,390.63231855419036,-0.028550949644340653
1993-04-26,375.6107179337528,-0.0384545771226393
1993-04-27,392.3861139882064,0.04466165434984277
1993-04-28,404.2261231923359,0.03017438380728575
1993-04-29,402.5790274807196,-0.004074688935510893
1993-04-30,404.85455171983267,0.0056523665759565436
1993-05-03,416.72557549759665,0.02932170016944497
1993-05-04,436.77316674606453,0.048107417512183594
1993-05-05,441.8607290124946,0.011648065068493434
1993-05-06,432.80203335469537,-0.02050124634982679
1993-05-07,436.48764155940563,0.008515690594479677
1993-05-10,440.39876246681195,0.008960439048018333
1993-05-11,435.8004427008475,-0.010441264049444185
1993-05-12,430.70807670485,-0.011685086789811212
1993-05-13,422.7006475813457,-0.01859131406303181
1993-05-14,427.75226999828567,0.011950827248183304
1993-05-17,434.68071124834864,0.016197321992214755
1993-05-18,442.858717935772,0.018813824666701017
1993-05-19,464.4229969228101,0.04869336001231342
1993-05-20,479.1119248485903,0.031628338870182154
1993-05-21,469.27492655906275,-0.020531733357787494
1993-05-24,470.25047098308715,0.0020788334701313683
1993-05-25,467.988252583042,-0.0048106669522644165
1993-05-26,488.73363659491514,0.04432885632784543
1993-05-27,484.46909988739384,-0.00872568693497956
1993-05-28,472.42483595103727,-0.02486074744324459
1993-06-01,483.6363376594162,0.023731821138931224
1993-06-02,484.017591226793,0.0007883062906767333
1993-06-03,482.34699927410014,-0.0034515108189736203
1993-06-04,473.4194454496263,-0.018508571293921548
1993-06-07,462.35141206099513,-0.023378915874736384
1993-06-08,453.131596566059,-0.019941142720506764
1993-06-09,451.86857246606183,-0.002787322953350887
1993-06-10,450.0805849734833,-0.003956875077238916
1993-06-11,458.8863984532746,0.019564970749205
1993-06-14,469.07700192789827,0.02220724673682237
1993-06-15,468.6094555458799,-0.000996736953840822
1993-06-16,463.5707483289336,-0.010752465954996066
1993-06-17,460.97260660442356,-0.005604628277076905
1993-06-18,445.6169038072889,-0.03331152996323681
1993-06-21,445.29833037778525,-0.0007149042749092784
1993-06-22,441.11088606184086,-0.009403682947546283
1993-06-23,437.9589890638626,-0.007145362079176647
1993-06-24,445.05994991163624,0.016213757509469014
1993-06-25,455.97370944486346,0.02452199874509955
1993-06-28,471.53644145378667,0.03413076606515408
1993-06-29,465.1297862524648,-0.01358676581086638
1993-06-30,465.52904359283025,0.0008583783540982219
1993-07-01,459.3930065507295,-0.01318078243785693
1993-07-02,460.5982798207319,0.002623621284642542
1993-07-06,451.81807994841625,-0.01906259805341203
1993-07-07,444.44785622143667,-0.016312370075631053
1993-07-08,451.44573842988206,0.01574511410166153
1993-07-09,455.81939774230074,0.0096881173972982
1993-07-12,456.75394775563416,0.002050263806152768
1993-07-13,454.4811296376214,-0.004976022931341425
1993-07-14,458.8685128648209,0.009653609228391436
1993-07-15,450.5856789352141,-0.018050560666922157
1993-07-16,427.0539242934139,-0.05222481703681399
1993-07-19,422.0732957439287,-0.01166276263056459
1993-07-20,438.2463554741674,0.0383181307448811
1993-07-21,430.52857443406117,-0.017610599480641122
1993-07-22,420.02305416468374,-0.024401447181960363
1993-07-23,431.71325602643714,0.02783228621819866
1993-07-26,439.4441514430464,0.017907477495052487
1993-07-27,428.58758039983155,-0.02470523502830572
1993-07-28,440.22102362933936,0.02714367788878757
1993-07-29,441.47302612460777,0.0028440315842857677
1993-07-30,430.4213650522307,-0.0250336043617253
1993-08-02,436.13621251572124,0.01327733223186308
1993-08-03,438.5116530161194,0.005446556447803599
1993-08-04,448.0576735539595,0.021769137655024248
1993-08-05,453.72439245604266,0.012647297963083955
1993-08-06,455.54522818529006,0.004013087591326143
1993-08-09,453.3161014399797,-0.004893315981357754
1993-08-10,444.15017104842144,-0.020219732681990062
1993-08-11,446.81847623445964,0.006007664434170173
1993-08-12,445.96713364629056,-0.0019053432958810311
1993-08-13,448.5413559635683,0.005772224280813089
1993-08-16,473.6818248690121,0.05604938891629366
1993-08-17,482.7487598443186,0.019141403573619983
1993-08-18,486.99816757743235,0.008802524390708074
1993-08-19,472.58005072796044,-0.029606100822092828
1993-08-20,474.07822086047,0.0031701933465066155
1993-08-23,473.0061923422991,-0.0022612903757214834
1993-08-24,474.27499636268857,0.0026824258137223924
1993-08-25,466.4689871514618,-0.016458825093232026
1993-08-26,458.09443982724946,-0.017953063450910935
1993-08-27,462.6597111650168,0.009965786398736845
1993-08-30,469.65613831723573,0.015122188043132943
1993-08-31,478.1179801137832,0.018017100397891082
1993-09-01,481.95890945410565,0.008033434215145761
1993-09-02,482.9810917024451,0.002120890864943697
1993-09-03,480.72913584701274,-0.004662617013627753
1993-09-07,462.5068598290019,-0.03790549533866808
1993-09-08,457.85767605305523,-0.010052140151316951
1993-09-09,466.4842625715414,0.018841196663669187
1993-09-10,472.37891976028305,0.01263634737910936
1993-09-13,464.50432851557537,-0.01667007335700712
1993-09-14,455.9039623531009,-0.018515147512099282
1993-09-15,463.6829414395559,0.017062758231590376
1993-09-16,459.66116981329253,-0.008673538029622847
1993-09-17,460.7597965733495,0.0023900795459907646
1993-09-20,463.85805377457285,0.006724235109627473
1993-09-21,459.2556090176544,-0.009922097330135285
1993-09-22,480.1983104405694,0.04560140586570373
1993-09-23,488.0478372444025,0.016346427367958355
1993-09-24,490.5243131870231,0.0050742483700023
1993-09-27,502.0203569467,0.023436236391597167
1993-09-28,511.19818088175873,0.018281776442051964
1993-09-29,513.4662923392244,0.004436853538002527
1993-09-30,502.3614542939695,-0.021627199703147155
1993-10-01,502.5622144056702,0.00039963279424552837
1993-10-04,506.36785965758133,0.0075724858392142505
1993-10-05,498.37354022001614,-0.015787572779542437
1993-10-06,496.0900896582011,-0.004581805367931297
1993-10-07,489.7433784510393,-0.012793465016675958
1993-10-08,498.3116605318535,0.017495452634630683
1993-10-11,496.48100586213707,-0.0036737142931042477
1993-10-12,501.4281993279454,0.00996451708604145
1993-10-13,511.17045506830897,0.01942901446990998
1993-10-14,526.1928779735673,0.029388284781151693
1993-10-15,527.3906580391798,0.0022763137164177384
1993-10-18,520.2908457084761,-0.01346215034809408
1993-10-19,501.24947326197264,-0.036597554240215345
1993-10-20,504.3572471798941,0.006200054231871975
1993-10-21,513.3333715658938,0.017797155560249495
1993-10-22,515.4969353429592,0.004214734316737596
1993-10-25,513.316019646424,-0.004230705455279313
1993-10-26,505.83326829357014,-0.014577280011654509
1993-10-27,520.659489405148,0.02931049031550291
1993-10-28,517.9543484343839,-0.00519560485463305
1993-10-29,522.5483884596806,0.0088695848180115
1993-11-01,533.2362981515056,0.020453435371468168
1993-11-02,533.9815267988137,0.001397557986752627
1993-11-03,513.979583813054,-0.037458117897205455
1993-11-04,486.2257451628923,-0.05399793984863096
1993-11-05,502.0867473398366,0.03262065477760889
1993-11-08,505.1474391742239,0.006095942286076035
1993-11-09,507.9206597682376,0.005489923097595363
1993-11-10,526.49482721022,0.03656903314477836
1993-11-11,530.9322620087397,0.00842825906197907
1993-11-12,532.2938349896388,0.0025644947167979284
1993-11-15,521.2435994910787,-0.020759653357200855
1993-11-16,527.2305360266005,0.011485870601321902
1993-11-17,506.87496350468643,-0.03860848553143559
1993-11-18,496.1708491736971,-0.02111785963342495
1993-11-19,493.0943361099657,-0.006200511515045466
1993-11-22,474.33207952697023,-0.0380500346668173
1993-11-23,494.24395046054536,0.041978756641195956
1993-11-24,504.1141189516218,0.01997023632131301
1993-11-26,507.3945357250418,0.006507290016479199
1993-11-29,499.06502634015294,-0.016416237855195612
1993-11-30,508.3288555974085,0.018562369166982114
1993-12-01,524.5642845071192,0.031938830013161675
1993-12-02,533.124212949645,0.01631816861220114
1993-12-03,548.185233367758,0.028250490321540866
1993-12-06,540.5102589232554,-0.014000695344074943
1993-12-07,534.9993544486033,-0.010195744453824497
1993-12-08,529.0858303922191,-0.011053329330610137
1993-12-09,508.78608363775555,-0.03836758723894588
1993-12-10,507.9880906163132,-0.0015684254092345213
1993-12-13,510.03330622109297,0.004026109356812889
1993-12-14,496.97613502114365,-0.025600624588013057
1993-12-15,502.44522177781386,0.01100472713128867
1993-12-16,505.6205526740215,0.0063197553854175215
1993-12-17,513.0739360264578,0.014741060886505546
1993-12-20,514.7587321488157,0.003283729700647079
1993-12-21,511.52590765625513,-0.006280271301208359
1993-12-22,511.2264234599577,-0.0005854721956697584
1993-12-23,516.218183074852,0.009764283272195258
1993-12-27,520.0927833250029,0.007505741520129509
1993-12-28,527.7544131688071,0.014731275052160127
1993-12-29,529.4284268374848,0.003171955794033944
1993-12-30,535.6844778612304,0.011816613363804105
1993-12-31,537.1281530945278,0.0026950103894392927
1994-01-03,529.5582900391317,-0.014093215951880761
1994-01-04,536.6245738552227,0.0133437318403018
1994-01-05,544.3299021706697,0.014358880846790609
1994-01-06,552.7950699826241,0.015551539201130062
1994-01-07,554.2952125345596,0.0027137408298208957
1994-01-10,565.4290192664973,0.020086420521345526
1994-01-11,562.4372832829229,-0.005291090272401447
1994-01-12,564.0873382260675,0.002933758113461693
1994-01-13,562.7291028202606,-0.0024078459376136335
1994-01-14,573.0134147517257,0.018275777598710716
1994-01-17,570.1582323273709,-0.004982749706814282
1994-01-18,570.5416132726448,0.0006724114877879925
1994-01-19,557.7913068253766,-0.022347723900684485
1994-01-20,571.8694909631307,0.025239160176014373
1994-01-21,571.9752979349511,0.00018501943798768757
1994-01-24,565.233168417879,-0.01178744876118553
1994-01-25,557.5762654338727,-0.013546450229448623
1994-01-26,559.4646822750176,0.003386831467217279
1994-01-27,566.9343836381781,0.013351515475088751
1994-01-28,574.0379174952608,0.01252972841671252
1994-01-31,577.9455090684637,0.0068072011518911495
1994-02-01,567.3577925897595,-0.018319575656482914
1994-02-02,571.6124652199431,0.007499099661190555
1994-02-03,566.748545936509,-0.008509120390792343
1994-02-04,531.9410199097595,-0.06141617173314978
1994-02-07,537.4987989163816,0.010448111348068102
1994-02-08,542.3912059544416,0.009102172968429472
1994-02-09,548.9535292287284,0.012098874764643526
1994-02-10,541.8277114219419,-0.012980730476035224
1994-02-11,543.1741193951973,0.002484937453128584
1994-02-14,551.8679392977623,0.016005585671580065
1994-02-15,560.445895857752,0.015543495008796664
1994-02-16,561.6490500089457,0.0021467801978498945
1994-02-17,557.8791259267452,-0.006712241536134211
1994-02-18,559.326007769562,0.00259354002610005
1994-02-22,566.0527477732014,0.012026510318130419
1994-02-23,561.6623541756358,-0.007756156320832509
1994-02-24,544.7901223762524,-0.030039812485113303
1994-02-25,554.6326637191794,0.018066666297098126
1994-02-28,570.066103728872,0.027826417409680004
1994-03-01,563.1452476286717,-0.012140444862324152
1994-03-02,558.9340460482788,-0.007478002519111465
1994-03-03,558.8470908155015,-0.0001555733335480745
1994-03-04,569.2478587458968,0.018611115815630103
1994-03-07,578.2127298885487,0.015748625146174925
1994-03-08,568.8785403768666,-0.016143175390623637
1994-03-09,571.8834515773942,0.00528216655621598
1994-03-10,562.657526507218,-0.01613252673202711
1994-03-11,561.6638492063034,-0.0017660428486276246
1994-03-14,571.087003587297,0.01677721362040578
1994-03-15,570.7495374628817,-0.0005909189358109826
1994-03-16,577.5460545615016,0.011908055377201026
1994-03-17,586.2177118573138,0.015014659397848644
1994-03-18,583.5495121342044,-0.004551550847305074
1994-03-21,570.7001689223708,-0.02201928532994551
1994-03-22,564.2274507081023,-0.011341714207813549
1994-03-23,563.700185402564,-0.0009344907002957187
1994-03-24,545.5687460366837,-0.03216504062870197
1994-03-25,534.543038437737,-0.02020956603369175
1994-03-28,518.490644353617,-0.030030124666921083
1994-03-29,489.6888494985587,-0.05554930483068679
1994-03-30,482.60457543560665,-0.014466888658392647
1994-03-31,489.432081329679,0.014147205065160701
1994-04-04,469.95083343777173,-0.039803782046695914
1994-04-05,504.6757579969283,0.07389054787952554
1994-04-06,503.19600469431094,-0.002932087145399207
1994-04-07,508.8634545556094,0.01126290711457734
1994-04-08,493.00851545685805,-0.031157551120658707
1994-04-11,490.1610517869953,-0.005775688615082137
1994-04-12,468.6814258378088,-0.043821568178209105
1994-04-13,448.13462139658213,-0.04383959617025023
1994-04-14,444.18208038781944,-0.008819985825787864
1994-04-15,445.68965213597227,0.003394040000075164
1994-04-18,431.35964817877874,-0.03215242689283197
1994-04-19,423.8941846189651,-0.01730681947496293
1994-04-20,419.1517251799398,-0.01118783793480971
1994-04-21,446.5645702961403,0.0654007689087582
1994-04-22,451.52990878024497,0.011118970949289477
1994-04-25,465.3566916056235,0.030622075208107436
1994-04-26,466.9709023663843,0.0034687601787592474
1994-04-28,459.38411201240865,-0.016246816055410337
1994-04-29,461.30861138835326,0.004189303298962688
1994-05-02,477.4011596178073,0.03488456064373466
1994-05-03,470.4372522073663,-0.014587118757767739
1994-05-04,471.53491871277373,0.0023332899345384077
1994-05-05,473.23326452713826,0.003601739228561956
1994-05-06,464.02420251370154,-0.01945987888792764
1994-05-09,447.5977683183633,-0.0353999513524366
1994-05-10,452.463910498152,0.010871685527099365
1994-05-11,440.5788946296815,-0.026267323410137638
1994-05-12,444.05483362263067,0.007889481396676475
1994-05-13,439.59893426386003,-0.010034570105721227
1994-05-16,429.02330061676327,-0.024057459704278923
1994-05-17,429.0013795419061,-5.1095301410573507e-05
1994-05-18,448.21014490025306,0.04477553284061316
1994-05-19,455.7502964016057,0.016822804184922425
1994-05-20,452.41580069988123,-0.007316497055629106
1994-05-23,451.09848866511464,-0.0029117286193999503
1994-05-24,468.3923805953821,0.038337286346144445
1994-05-25,471.42366338405844,0.006471673994404322
1994-05-26,465.2911785497419,-0.0130084365945808
1994-05-27,467.74262292788063,0.005268624231775816
1994-05-31,472.60781823437037,0.010401436747490668
1994-06-01,473.50553473488156,0.0018994956618895084
1994-06-02,477.02605885247226,0.007435022104993608
1994-06-03,482.2885976895683,0.011031973493765779
1994-06-06,482.1847959880476,-0.00021522735975507072
1994-06-07,475.05430939873054,-0.014787871058244239
1994-06-08,452.52551910038125,-0.04742361000127261
1994-06-09,450.7696475699053,-0.0038801602481260697
1994-06-10,461.28785168734953,0.023333878343734488
1994-06-13,454.3436839634933,-0.015053870806385039
1994-06-14,467.7344912456173,0.029472858883628685
1994-06-15,468.676182885656,0.0020133038244216136
1994-06-16,468.67585780606356,-6.936123580788441e-07
1994-06-17,454.08678449937116,-0.03112827994807726
1994-06-20,443.9061293698341,-0.02242006479171416
1994-06-21,427.3253289823281,-0.037352041998257646
1994-06-22,432.6068517961766,0.01235948925945125
1994-06-23,409.36007076685905,-0.05373650679085938
1994-06-24,405.30958052131507,-0.009894688160367352
1994-06-27,426.8419782674084,0.053125805016496504
1994-06-28,428.9002052392453,0.004821988175088717
1994-06-29,430.4656103108957,0.0036498118968658682
1994-06-30,424.6521847946246,-0.013504970843251498
1994-07-01,423.97047943866255,-0.0016053263832653017
1994-07-05,416.4415309496674,-0.017758190379111954
1994-07-06,408.7196240386908,-0.018542595627691835
1994-07-07,421.64431917668315,0.03162239926304306
1994-07-08,421.78718144568745,0.0003388217568855485
1994-07-11,420.43148886767955,-0.003214162586357388
1994-07-12,426.2925724384532,0.013940638905422882
1994-07-13,444.7236331575588,0.043235706908233
1994-07-14,440.7728271149337,-0.008883733060404771
1994-07-15,440.05423431874055,-0.0016303019423785348
1994-07-18,442.16629311015697,0.004799542026191661
1994-07-19,433.8085852729009,-0.0189017298864387
1994-07-20,421.4160778047712,-0.028566763980325233
1994-07-21,427.653784709134,0.014801777228946964
1994-07-22,434.3380783548627,0.015630151970419164
1994-07-25,436.6977298605054,0.005432753017143426
1994-07-26,431.6414088972732,-0.011578537321106176
1994-07-27,426.3779064999588,-0.012194155354003835
1994-07-28,427.1102474405129,0.0017175865104403802
1994-07-29,445.982407284397,0.044185687318383855
1994-08-01,454.0808991344861,0.01815876975820874
1994-08-02,452.08772925218506,-0.0043894598651918705
1994-08-03,446.4609128496005,-0.01244629313848461
1994-08-04,439.3515168588323,-0.01592389341631593
1994-08-05,438.3484114614966,-0.0022831499581644835
1994-08-08,442.3631081434157,0.009158688789435147
1994-08-09,446.56103729267954,0.009489781295014465
1994-08-10,454.39265814894947,0.017537626891387274
1994-08-11,455.70523389612185,0.0028886376653164637
1994-08-12,461.6679993146235,0.013084698122780156
1994-08-15,461.8143232781787,0.0003169462985789947
1994-08-16,470.21561663705853,0.01819192895370476
1994-08-17,485.90814365862434,0.03337304518679609
1994-08-18,482.6663689848365,-0.006671579219436453
1994-08-19,478.83500376384933,-0.007937916265111766
1994-08-22,475.41587705714505,-0.007140511198697907
1994-08-23,485.1266284113916,0.020425803644499092
1994-08-24,489.33988563228587,0.008684860764479423
1994-08-25,496.97224982778926,0.01559726566258013
1994-08-26,516.6463500583975,0.039587925155631164
1994-08-29,514.3589887123718,-0.004427325085655003
1994-08-30,522.8243226331878,0.016458026605129926
1994-08-31,512.773852619169,-0.019223417080903707
1994-09-01,496.5073536934931,-0.03172255925802225
1994-09-02,495.94729353816535,-0.0011279997187584353
1994-09-06,501.5137496275579,0.011223886412768868
1994-09-07,510.02077307452805,0.01696269235546924
1994-09-08,519.4719047064716,0.018530875860153506
1994-09-09,504.09487515123567,-0.029601272784761577
1994-09-12,495.83938239370207,-0.01637686309557657
1994-09-13,508.4967977971212,0.02552724905051804
1994-09-14,511.26267303109717,0.005439316915972941
1994-09-15,535.1396839979881,0.04670204226984226
1994-09-16,528.1682942952118,-0.013027233657376071
1994-09-19,526.4585479788369,-0.003237124103892584
1994-09-20,508.0751967812026,-0.03491889583370064
1994-09-21,499.98095214490013,-0.015931194216095807
1994-09-22,499.5212914949708,-0.0009193563233906381
1994-09-23,490.9639444293112,-0.01713109573377574
1994-09-26,487.5355551637804,-0.006982975642979072
1994-09-27,488.5617151478938,0.00210479004709458
1994-09-28,495.13540321570895,0.013455184604109355
1994-09-29,493.18783820305146,-0.003933398823854635
1994-09-30,499.76624640111004,0.013338545050152186
1994-10-03,496.7386868489935,-0.006057951240041644
1994-10-04,471.3631033669014,-0.051084371227574976
1994-10-05,481.8557543719264,0.022260229810261007
1994-10-06,471.4946620743733,-0.021502477045352065
1994-10-07,482.5528931108639,0.0234535657049418
1994-10-10,496.07691995256863,0.028025998879665982
1994-10-11,514.8139818317833,0.03777047696757623
1994-10-12,513.6273451287478,-0.0023049814980029776
1994-10-13,513.5982961199229,-5.655658543191121e-05
1994-10-14,510.82053517777877,-0.005408430991943081
1994-10-17,505.6617258793361,-0.010099064041439329
1994-10-18,508.53846847163805,0.005689065327812575
1994-10-19,523.1271121385579,0.028687394506780567
1994-10-20,521.1536718119547,-0.0037723916058101125
1994-10-21,514.7096358255948,-0.012364944036478146
1994-10-24,510.0986118039188,-0.008958495626917692
1994-10-25,509.2511960395924,-0.001661278318969689
1994-10-26,522.8713547559128,0.026745462400959086
1994-10-27,527.4509450415648,0.00875854116695663
1994-10-28,543.571177110315,0.030562523814380408
1994-10-31,546.5914446612102,0.005556342348671293
1994-11-01,538.619823038866,-0.014584241484579341
1994-11-02,535.541335720021,-0.005715510620229872
1994-11-03,533.5459335041656,-0.0037259536897793874
1994-11-04,515.9469033616582,-0.032985032847917095
1994-11-07,512.5175937416288,-0.006646632817612882
1994-11-08,531.0329140542161,0.03612621408255736
1994-11-09,533.2701977179602,0.004213079085180013
1994-11-10,527.4669181679129,-0.010882437411431215
1994-11-11,523.9299306684841,-0.006705610110514762
1994-11-14,542.8930168981503,0.036193935714783895
1994-11-15,541.8077746413102,-0.00199899837179852
1994-11-16,544.2236789106281,0.004458969365873917
1994-11-17,539.5768566023183,-0.00853844198328766
1994-11-18,543.326769584643,0.006949729100572782
1994-11-21,534.8535639048888,-0.015595045475546201
1994-11-22,505.13184341581047,-0.055569827883513286
1994-11-23,503.1485227210837,-0.0039263426382212425
1994-11-25,513.1759495366347,0.019929357560907805
1994-11-28,519.7916243899031,0.012891630754016989
1994-11-29,533.328916126267,0.026043689627075275
1994-11-30,522.112713124135,-0.02103055480958885
1994-12-01,505.9095188389674,-0.031033901067479296
1994-12-02,514.6902316556072,0.017356290976281826
1994-12-05,516.2411352051415,0.003013275663976529
1994-12-06,509.1868451977611,-0.013664718919729597
1994-12-07,498.362738167409,-0.02125763289534349
1994-12-08,474.5091050855439,-0.047863997957753125
1994-12-09,480.1826149582899,0.01195658800208503
1994-12-12,480.64687699709623,0.0009668447468610317
1994-12-13,477.2585130109637,-0.007049591182827935
1994-12-14,487.3555347263702,0.021156294628891327
1994-12-15,492.40549095990747,0.010361955233303487
1994-12-16,488.12560460027123,-0.008691792512900082
1994-12-19,484.0098447069473,-0.008431763985612486
1994-12-20,484.4293531980066,0.0008667354510386658
1994-12-21,502.21161068840803,0.036707638323339
1994-12-22,507.2079778186684,0.009948728830485478
1994-12-23,510.5792884882737,0.006646801345878248
1994-12-27,517.6928922073372,0.013932417313921084
1994-12-28,507.9765442268828,-0.018768555888464725
1994-12-29,523.2787153148201,0.030123774929857294
1994-12-30,517.9683943733747,-0.010148169199373142
1995-01-03,501.62345632597686,-0.031555859826489126
1995-01-04,505.70142401737644,0.008129539478212868
1995-01-05,501.4944659039033,-0.00831905530352755
1995-01-06,510.4094724623787,0.017776879237155395
1995-01-09,515.0929090015262,0.009175841734584467
1995-01-10,525.3233632607065,0.019861376618465435
1995-01-11,524.0267233149287,-0.002468270091262437
1995-01-12,524.5082502742221,0.0009188977162218459
1995-01-13,532.5616225219042,0.015354138363832403
1995-01-16,540.5285201167521,0.01495957886924209
1995-01-17,548.9086039285876,0.015503499815375694
1995-01-18,555.0607649318708,0.01120798792230928
1995-01-19,551.1845199902482,-0.006983460526341617
1995-01-20,530.7802131901159,-0.03701901279900485
1995-01-23,535.0778827757774,0.008096891102687409
1995-01-24,539.4340962562821,0.008141269936081661
1995-01-25,532.225596163453,-0.01336307834980534
1995-01-26,520.8179509883124,-0.021433852970192572
1995-01-27,522.5785852464279,0.0033805176161351993
1995-01-30,508.1829600303127,-0.027547292641788554
1995-01-31,517.2596331944733,0.017861034072490813
1995-02-01,521.5913394733508,0.008374336601767837
1995-02-02,531.98842819374,0.019933399835371325
1995-02-03,544.8154468246383,0.02411146173695903
1995-02-06,557.0930510131283,0.022535345244059823
1995-02-07,556.0499410760394,-0.0018724159908149237
1995-02-08,569.4192318901986,0.02404332745416298
1995-02-09,571.3871408838833,0.0034559932005670912
1995-02-10,582.9252316308958,0.02019312287841157
1995-02-13,577.2292062182884,-0.009771451128768777
1995-02-14,579.9359308572988,0.004689167855423429
1995-02-15,587.0741933225481,0.012308708747700911
1995-02-16,582.5539190879352,-0.007699664345711354
1995-02-17,568.398040157748,-0.02429968877790765
1995-02-21,565.7865448871951,-0.004594483242461977
1995-02-22,577.3883708705192,0.02050565904786098
1995-02-23,582.19153729035,0.008318779286443076
1995-02-24,575.0466243927517,-0.012272443757688854
1995-02-27,564.9151805919454,-0.017618473652471434
1995-02-28,585.4386261241099,0.03633013634128053
1995-03-01,578.0343104541229,-0.012647466941167102
1995-03-02,582.9975079534454,0.008586337194107464
1995-03-03,596.4084268971067,0.02300338982706622
1995-03-06,597.6483920776358,0.002079053756802584
1995-03-07,583.5549166094635,-0.0235815500468067
1995-03-08,596.6677948812422,0.022470684246765488
1995-03-09,596.5984905653565,-0.00011615226509663671
1995-03-10,609.4435264756816,0.021530453250313657
1995-03-13,606.5538756649235,-0.0047414578795651665
1995-03-14,621.4537066308518,0.024564727988250986
1995-03-15,613.8333071492566,-0.012262215834077913
1995-03-16,616.8060584137693,0.004842929228325284
1995-03-17,614.6533103785364,-0.0034901538431207214
1995-03-20,621.7481915192295,0.011542899095953432
1995-03-21,623.0953556011316,0.00216673582694341
1995-03-22,622.9944653668412,-0.0001619178082191781
1995-03-23,627.6030077298318,0.007397404983809975
1995-03-24,645.9874438676173,0.029293097565427334
1995-03-27,650.4678863095473,0.006935804224157861
1995-03-28,660.095676379606,0.014801330354189011
1995-03-29,635.1352340357128,-0.037813370450769296
1995-03-30,625.3339564728012,-0.01543179631309885
1995-03-31,621.6906042877829,-0.005826250353600912
1995-04-03,625.1147275869241,0.00550776105594196
1995-04-04,606.5314454785604,-0.02972779441639325
1995-04-05,614.1202333316166,0.012511779743041454
1995-04-06,600.927961777247,-0.02148157777313623
1995-04-07,612.0044895515849,0.018432372062666326
1995-04-10,626.4556309459499,0.023612802914163768
1995-04-11,637.4234010689207,0.01750765669774473
1995-04-12,647.584657874853,0.015941141773101426
1995-04-13,653.0064778770518,0.00837237253271473
1995-04-17,647.261939269244,-0.008797062207535178
1995-04-18,636.8759438955989,-0.016046046806600114
1995-04-19,618.8785508408944,-0.02825886772331083
1995-04-20,624.1772302169956,0.008561743445303787
1995-04-21,630.554118289623,0.010216470200956493
1995-04-24,644.414126499972,0.02198067986288645
1995-04-25,651.9059106682308,0.01162572926349265
1995-04-26,662.9612800353608,0.016958535252116044
1995-04-27,669.4688001711861,0.009815837412824826
1995-04-28,681.5027416325738,0.017975358162039247
1995-05-01,670.9831201480698,-0.015435919537614307
1995-05-02,668.9452465908597,-0.003037145788049737
1995-05-03,696.2916021962166,0.0408798115312454
1995-05-04,693.7451456183908,-0.0036571697400827542
1995-05-05,682.5118222385969,-0.01619229114717725
1995-05-08,700.988185203971,0.027071125163477535
1995-05-09,698.5810849128092,-0.003433867134952568
1995-05-10,689.3101025101054,-0.013271161505698188
1995-05-11,708.7023167868151,0.028132786979464794
1995-05-12,719.2867432194568,0.014934939793382276
1995-05-15,728.3156590281616,0.012552595878928954
1995-05-16,742.2746474803622,0.019166124302238716
1995-05-17,753.1894162659092,0.014704488187218982
1995-05-18,732.756667225427,-0.027128300795544638
1995-05-19,738.1935302131974,0.007419738681269051
1995-05-22,753.5671657767213,0.020826023169132533
1995-05-23,777.8897734010808,0.032276628718675045
1995-05-24,769.6620891640785,-0.010576928143725637
1995-05-25,773.1051315948237,0.004473446827145557
1995-05-26,755.7197011917054,-0.022487795892977867
1995-05-30,712.6347450645385,-0.05701182073092138
1995-05-31,730.3174864355422,0.024813190057695354
1995-06-01,738.7577599671897,0.011556992251194699
1995-06-02,743.7240984817263,0.006722553431800366
1995-06-05,768.0001551797523,0.03264121298151328
1995-06-06,750.4243900338578,-0.022885106242954895
1995-06-07,756.45638720993,0.008038114507179
1995-06-08,767.6240701862935,0.014763155107399997
1995-06-09,766.120427336427,-0.001958827124195653
1995-06-12,769.6676044584611,0.004630051615209665
1995-06-13,780.6809089889401,0.014309169915275392
1995-06-14,782.9336855430406,0.0028856560063932725
1995-06-15,801.061805050275,0.023154093177969185
1995-06-16,818.3930839453731,0.021635382920310836
1995-06-19,858.9808216134738,0.04959442896612989
1995-06-20,888.0502910732691,0.03384181430872042
1995-06-21,874.6404720302551,-0.015100292379621173
1995-06-22,908.9278578955326,0.03920169139405138
1995-06-23,904.1200299469621,-0.005289559459319707
1995-06-26,876.5569176534225,-0.03048612062621432
1995-06-27,848.148971941613,-0.03240855800654525
1995-06-28,857.0420242530275,0.010485247999601165
1995-06-29,874.8629397621443,0.020793514209118274
1995-06-30,880.6601904589215,0.006626467339390662
1995-07-03,883.3096350848388,0.0030084755216839513
1995-07-05,897.5113278651132,0.01607781939218906
1995-07-06,931.9854078640884,0.03841074639244708
1995-07-07,977.9062533618434,0.0492720648953031
1995-07-10,998.1072399443202,0.020657385626720298
1995-07-11,964.6034591444258,-0.033567315674178894
1995-07-12,1018.2548985126207,0.05562020212511185
1995-07-13,1030.525975095767,0.012051085245031458
1995-07-14,1053.6817770339403,0.022469886735287117
1995-07-17,1078.3932868117647,0.023452535970951333
1995-07-18,1011.5902988976271,-0.06194677649713356
1995-07-19,936.440779973746,-0.07428849308437889
1995-07-20,913.7619890167907,-0.024218072772942557
1995-07-21,905.1460497529126,-0.009429084780763172
1995-07-24,953.8153949224017,0.05376960456577664
1995-07-25,987.8032878947229,0.035633617525209126
1995-07-26,1001.890093145089,0.014260739383029429
1995-07-27,1027.468128607182,0.025529781796523796
1995-07-28,991.8833496808035,-0.0346334625236665
1995-07-31,973.090271562711,-0.018946863181179722
1995-08-01,939.8509259165908,-0.034158542755483835
1995-08-02,913.9844017797984,-0.02752194355883197
1995-08-03,918.8076805659617,0.005277200329426772
1995-08-04,943.6451087767499,0.02703223834120438
1995-08-07,953.5224196974752,0.010467188171546168
1995-08-08,960.3378001137689,0.007147582768379985
1995-08-09,993.3869628400377,0.034414101707080084
1995-08-10,973.4098160671977,-0.020110135848497926
1995-08-11,993.3781670589223,0.020513817163259493
1995-08-14,1024.268736801709,0.031096485474654646
1995-08-15,1021.7205839749906,-0.0024877776067588927
1995-08-16,1064.8695943149653,0.042231712874085406
1995-08-17,1064.1615512176652,-0.000664910615421959
1995-08-18,1061.2765498752033,-0.00271105579708344
1995-08-21,1001.4883651691376,-0.056336102699241074
1995-08-22,1037.1721165173515,0.0356307198258737
1995-08-23,1044.2912270811287,0.006863962548166227
1995-08-24,1015.3004627937473,-0.027761187239322745
1995-08-25,1004.4809491918716,-0.010656464759313032
1995-08-28,955.3360381408108,-0.04892567757566621
1995-08-29,957.7804468241213,0.0025586899119472224
1995-08-30,977.9360827501016,0.021044108796346613
1995-08-31,991.2304832052442,0.01359434495734806
1995-09-01,978.833632822366,-0.012506526577745838
1995-09-05,1053.8479144205487,0.07663639568849583
1995-09-06,1049.2874247672833,-0.004327464704214909
1995-09-07,1066.8493748022577,0.016737025166264033
1995-09-08,1084.945943210368,0.01696262737320752
1995-09-11,1104.097228983102,0.017651834077618
1995-09-12,1090.3017095066566,-0.012494841137452441
1995-09-13,1096.2784596485176,0.005481739677878072
1995-09-14,1083.1844580387506,-0.011944047148354247
1995-09-15,1028.8247463460862,-0.05018509201201979
1995-09-18,1035.731006252018,0.006712766125095457
1995-09-19,1070.2202469524127,0.033299418953575986
1995-09-20,1077.7750812146396,0.0070591397273040086
1995-09-21,1047.7968792682793,-0.027814896140088176
1995-09-22,1039.8416255783761,-0.007592362458131043
1995-09-25,1022.8082587678639,-0.016380731826385518
1995-09-26,997.7304742267964,-0.024518558904948272
1995-09-27,981.9356313431496,-0.015830771226956215
1995-09-28,1047.282184395842,0.06654871354786018
1995-09-29,1010.6694983377457,-0.03495971439561677
1995-10-02,971.4501657899157,-0.03880529946964295
1995-10-03,968.8890872112797,-0.002636345814562205
1995-10-04,920.8253104296718,-0.04960709890948221
1995-10-05,966.0099617526845,0.04906973213185128
1995-10-06,947.8742089210125,-0.0187738776510827
1995-10-09,878.956750855282,-0.07270738819255437
1995-10-10,891.1246156958942,0.013843530786665144
1995-10-11,934.8925971957232,0.04911544438220878
1995-10-12,963.7987164380572,0.030919187218981153
1995-10-13,953.2159423389,-0.010980274116018943
1995-10-16,947.6022037244993,-0.005889262196587231
1995-10-17,1017.3612290192999,0.0736163603467958
1995-10-18,1046.6767264251068,0.02881522960538406
1995-10-19,1058.0247732075106,0.010841978708328353
1995-10-20,1024.3843599549336,-0.03179548731226066
1995-10-23,1029.1493362335912,0.004651551180327618
1995-10-24,1032.3133351442682,0.003074382695767325
1995-10-25,997.7490594792331,-0.0334823492909783
1995-10-26,991.2355705860913,-0.006528183445787037
1995-10-27,1028.7184369119225,0.03781428697485959
1995-10-30,1075.2583411412218,0.04524066310020238
1995-10-31,1045.612488702456,-0.027570911384236473
1995-11-01,1052.8821600048152,0.0069525482728122374
1995-11-02,1101.00082830722,0.04570185546897736
1995-11-03,1125.9702760523392,0.022678863723935183
1995-11-06,1103.726521874101,-0.019755187726824167
1995-11-07,1033.6730934029385,-0.06346991494977706
1995-11-08,1042.1394586333618,0.008190563616734309
1995-11-09,1105.4334459529293,0.0607346615611021
1995-11-10,1093.2854227662042,-0.010989375462810414
1995-11-13,1073.9036853767225,-0.017727975683095185
1995-11-14,1014.9786264539646,-0.054869966203800774
1995-11-15,1020.9897887734563,0.005922452121472778
1995-11-16,1014.7000475147703,-0.006160435028681444
1995-11-17,1004.6236888773057,-0.009930381556740725
1995-11-20,945.6473824628832,-0.058704873344495805
1995-11-21,953.9306038468168,0.008759312971776513
1995-11-22,936.5654578556205,-0.018203783295314937
1995-11-24,966.8094985302065,0.03229250066923607
1995-11-27,951.5949861644606,-0.015736825495483654
1995-11-28,1031.3277287207368,0.08378852738353573
1995-11-29,1036.610563851463,0.005122363128235808
1995-11-30,1016.1800746099503,-0.019708934052923847
1995-12-01,993.0807983625765,-0.02273147921763791
1995-12-04,1029.7488511480326,0.036923534163499666
1995-12-05,1006.2663983363491,-0.02280405827644654
1995-12-06,1001.8484957466989,-0.004390390652966569
1995-12-07,992.0070752276179,-0.009823262260573572
1995-12-08,1033.2413272708443,0.041566489869807835
1995-12-11,1021.4654465107843,-0.011397028408807762
1995-12-12,983.3620131293527,-0.037302713970001566
1995-12-13,991.6070181903922,0.008384506367905532
1995-12-14,919.7180693341311,-0.07249741836988308
1995-12-15,909.7919997103533,-0.010792513439432836
1995-12-18,860.1197353637399,-0.05459738529513051
1995-12-19,944.6364379874187,0.09826155493099704
1995-12-20,912.0871252327393,-0.0344569735463803
1995-12-21,962.3249327502976,0.055080053349880496
1995-12-22,976.8170806405002,0.015059516174837365
1995-12-26,975.8839576671286,-0.0009552688951341995
1995-12-27,959.9807694711664,-0.01629618774959581
1995-12-28,932.0036374964071,-0.029143429602419318
1995-12-29,945.7685821296191,0.014769196255701311
1996-01-02,977.036519732609,0.0330608757721503
1996-01-03,931.3630009064965,-0.04674699246514575
1996-01-04,902.5431114690582,-0.030943777463124423
1996-01-05,907.7207899842118,0.00573676586675841
1996-01-08,900.9055528404107,-0.007508076513175065
1996-01-09,808.84345825012,-0.102188397329813
1996-01-10,811.3514188719595,0.0031006749158425943
1996-01-11,871.5815981175949,0.0742343919597439
1996-01-12,863.6284753974655,-0.009124931890836397
1996-01-15,806.131379892779,-0.06657619235890155
1996-01-16,841.0305449434396,0.0432921554986514
1996-01-17,839.2365997823088,-0.0021330321138948397
1996-01-18,866.2137413105677,0.03214485823813763
1996-01-19,898.332616777227,0.03707961896109383
1996-01-22,918.9471713637374,0.02294757443013165
1996-01-23,906.2570087987631,-0.01380945821525503
1996-01-24,953.3660039887773,0.051981937499668784
1996-01-25,920.8572565737496,-0.034098916134007895
1996-01-26,936.1300895805865,0.016585451108527677
1996-01-29,933.0337314783026,-0.0033076151880463874
1996-01-30,958.0189737784852,0.02677849841569596
1996-01-31,983.5600819030518,0.026660336406314454
1996-02-01,1016.8453603446569,0.0338416321016228
1996-02-02,1015.1332620666622,-0.0016837351526239033
1996-02-05,1062.090466503284,0.046257182373301446
1996-02-06,1074.7990448440933,0.011965626979639148
1996-02-07,1060.2946483519445,-0.013494984538484332
1996-02-08,1090.228697711356,0.028231821603493926
1996-02-09,1087.2981037136424,-0.002688054353977006
1996-02-12,1094.7501523197536,0.006853730895564834
1996-02-13,1070.9446203128616,-0.02174517350506742
1996-02-14,1067.4887453579881,-0.003226940860736353
1996-02-15,1076.4494273274497,0.008394169969873154
1996-02-16,1072.151727289836,-0.003992477424865215
1996-02-20,1063.8309154421474,-0.007760852905326808
1996-02-21,1099.71151332457,0.03372772624069686
1996-02-22,1156.097239467306,0.05127319797923622
1996-02-23,1152.9710250170745,-0.0027041102975664815
1996-02-26,1135.6758800088567,-0.01500050272985959
1996-02-27,1111.2166210600572,-0.02153718272911533
1996-02-28,1112.24148781741,0.000922292501686375
1996-02-29,1081.7369404714925,-0.027426190876747022
1996-03-01,1018.8007760131901,-0.05818065566927075
1996-03-04,1007.3426190468896,-0.01124671008903136
1996-03-05,1055.3511656260625,0.047658607579412114
1996-03-06,1027.6332394810838,-0.026264173526103718
1996-03-07,1033.2557183272056,0.005471289395972514
1996-03-08,972.6137582811573,-0.05869017608170114
1996-03-11,1017.429365143805,0.046077496314515985
1996-03-12,995.5611112730519,-0.02149363348448481
1996-03-13,1047.692596941171,0.052363923296940625
1996-03-14,1033.2483222869494,-0.013786748800547737
1996-03-15,1070.8261747762544,0.036368655703337416
1996-03-18,1110.114801306029,0.03669001323952879
1996-03-19,1096.3741787096972,-0.012377659121530738
1996-03-20,1046.976152775221,-0.045055809315585886
1996-03-21,1034.0510649404785,-0.012345159725445495
1996-03-22,1038.523873941431,0.004325520424090413
1996-03-25,987.0020876690689,-0.04961059400283727
1996-03-26,1000.9154516411317,0.014096590215853452
1996-03-27,1020.6427731136187,0.019709278581064377
1996-03-28,1020.5515192039979,-8.94082748877155e-05
1996-03-29,1025.7973220132405,0.005140164617396519
1996-04-01,1036.42417162038,0.010359599678309895
1996-04-02,1045.7992618875771,0.009045611366376747
1996-04-03,1055.0113023527767,0.008808612513813282
1996-04-04,1052.9032297959543,-0.0019981516331826713
1996-04-08,1027.0685405779102,-0.02453662263250035
1996-04-09,1028.4229817141347,0.0013187446433345837
1996-04-10,1021.6996220069412,-0.006537543235359491
1996-04-11,1004.6332268237973,-0.016703926296478492
1996-04-12,1007.7370068390383,0.0030894658193357516
1996-04-15,1027.3542837803332,0.019466663234714666
1996-04-16,1077.1604317758586,0.04848001198988019
1996-04-17,1058.9929813364179,-0.016866058113078862
1996-04-18,1102.265926542328,0.040862353168102196
1996-04-19,1100.5983554512045,-0.0015128573341230474
1996-04-22,1139.3104428088013,0.03517367363476237
1996-04-23,1175.2073455412983,0.03150756930130331
1996-04-24,1209.2133360470489,0.02893616231618039
1996-04-25,1218.750227867753,0.007886856302693982
1996-04-26,1218.4514031613262,-0.0002451894568665185
1996-04-29,1219.1635301058639,0.0005844524801645312
1996-04-30,1217.9872976404315,-0.0009647864592293472
1996-05-01,1242.0217427816938,0.019732919372659582
1996-05-02,1180.4804663155724,-0.0495492746594681
1996-05-03,1195.8996756546537,0.013061808118864225
1996-05-06,1202.072511444215,0.00516166691506313
1996-05-07,1194.2339517952498,-0.006520870891180835
1996-05-08,1203.843641519334,0.008046739677462922
1996-05-09,1200.0644980425748,-0.003139231164596668
1996-05-10,1236.1044334891521,0.030031665385787203
1996-05-13,1294.2702710641313,0.04705576325035459
1996-05-14,1320.0480544420022,0.019916847318664572
1996-05-15,1299.8364267790432,-0.015311281733226448
1996-05-16,1318.8075544990736,0.014595011594682185
1996-05-17,1301.7585705434847,-0.012927575291350715
1996-05-20,1310.4237268802488,0.006656500316449719
1996-05-21,1289.7683220838214,-0.015762386144825086
1996-05-22,1291.7057123987674,0.0015021227314807888
1996-05-23,1305.239814849946,0.010477698071060635
1996-05-24,1293.0426783161395,-0.00934474752841396
1996-05-28,1277.8251040789792,-0.011768810490445073
1996-05-29,1247.8574467124472,-0.023452080625800245
1996-05-30,1273.2810914057197,0.02037383738042569
1996-05-31,1304.169089901226,0.02425858571527636
1996-06-03,1291.7330465781058,-0.009535606555482882
1996-06-04,1304.0516621525076,0.009536502613318204
1996-06-05,1329.305584238392,0.019365737431137724
1996-06-06,1282.1882104638273,-0.03544510331803037
1996-06-07,1298.5995739091481,0.012799496447860876
1996-06-10,1288.1539743583905,-0.00804374170500719
1996-06-11,1295.8082054229765,0.0059420156417235555
1996-06-12,1318.9374313347435,0.017849266438482777
1996-06-13,1298.6032264935411,-0.01541711104568807
1996-06-14,1258.195749449356,-0.031116107075517107
1996-06-17,1247.6719324609128,-0.008364212796815533
1996-06-18,1201.9806871968292,-0.03662120151565969
1996-06-19,1207.749284550072,0.004799242961795001
1996-06-20,1195.732522280851,-0.009949715907881886
1996-06-21,1224.6282065492146,0.024165675625553103
1996-06-24,1240.9562567005094,0.013333067182328105
1996-06-25,1207.3010823546367,-0.02712035510047399
1996-06-26,1176.93299995216,-0.025153694340478015
1996-06-27,1217.6412298339908,0.034588400430173666
1996-06-28,1239.7676721223027,0.01817156133200938
1996-07-01,1274.957573955535,0.028384271202194146
1996-07-02,1249.151819448319,-0.020240480965303072
1996-07-03,1225.7075069238817,-0.018768185067201324
1996-07-05,1166.5373462255288,-0.048274290859856385
1996-07-08,1160.0345522590735,-0.005574441304854868
1996-07-09,1176.6891728095304,0.014357003865120592
1996-07-10,1164.7175871440916,-0.010173957525975058
1996-07-11,1087.757062488143,-0.06607655409811151
1996-07-12,1085.124553700553,-0.0024201256681050274
1996-07-15,988.3514091483535,-0.08918160060260202
1996-07-16,1012.1702986208134,0.024099616039384573
1996-07-17,1068.2037065244062,0.05535966425802477
1996-07-18,1110.136628919394,0.03925554848655624
1996-07-19,1073.0943029714226,-0.03336735765941566
1996-07-22,1042.0147738777127,-0.028962532936434405
1996-07-23,956.0579577621443,-0.08249097639536541
1996-07-24,977.352741645513,0.022273528200333962
1996-07-25,1026.759253812519,0.05055136192059286
1996-07-26,1069.630488259116,0.04175393042469232
1996-07-29,1025.6305759353525,-0.04113561908222706
1996-07-30,1057.900976101147,0.03146396073105053
1996-07-31,1076.8364835778004,0.017899130357587282
1996-08-01,1127.6659165866722,0.04720255469056035
1996-08-02,1185.5828457326652,0.05136000680174983
1996-08-05,1160.816461790749,-0.020889627436040586
1996-08-06,1198.111462682924,0.03212824948626363
1996-08-07,1236.0259309740413,0.03164519284893232
1996-08-08,1218.2638018815016,-0.01437035311916342
1996-08-09,1220.9157711810603,0.0021768432218562672
1996-08-12,1224.235210349213,0.0027188109503586667
1996-08-13,1186.9608343010427,-0.030447070736952367
1996-08-14,1215.4084440285867,0.023966763607912892
1996-08-15,1214.9326496581975,-0.0003914687056246329
1996-08-16,1197.4825096072902,-0.014363051364054335
1996-08-19,1189.693216238368,-0.0065047241245108816
1996-08-20,1163.3095980072003,-0.022176824975592244
1996-08-21,1179.0991884082853,0.013572990739639157
1996-08-22,1229.1244655878907,0.04242669121597525
1996-08-23,1214.291622030438,-0.012067812473619608
1996-08-26,1197.0594968083847,-0.014191092905046436
1996-08-27,1218.683076061175,0.018063913540173487
1996-08-28,1220.7193605692594,0.001670889296884161
1996-08-29,1189.745667594517,-0.02537331181533675
1996-08-30,1162.8622219083727,-0.02259596014373262
1996-09-03,1182.1881956445739,0.016619315145078136
1996-09-04,1181.686790652656,-0.0004241329711843734
1996-09-05,1121.8893176408876,-0.050603487730231655
1996-09-06,1162.6475222215463,0.036329969400515416
1996-09-09,1189.2723580600773,0.02290017854048947
1996-09-10,1187.9197232724582,-0.0011373633452857364
1996-09-11,1200.0098610055088,0.010177571342737708
1996-09-12,1237.2572827587346,0.031039263062401453
1996-09-13,1317.2212816013466,0.0646300490261127
1996-09-16,1321.6695299250102,0.0033769939688917294
1996-09-17,1370.960403698229,0.03729440125325082
1996-09-18,1390.2162291241539,0.014045500784691878
1996-09-19,1424.8881951028427,0.02493998073992598
1996-09-20,1450.4278428580174,0.017923966134992975
1996-09-23,1410.6931263670615,-0.027395169423016598
1996-09-24,1422.7074769446813,0.00851662941646282
1996-09-25,1457.7941054286177,0.024661871152379368
1996-09-26,1453.188993070035,-0.003158959376659506
1996-09-27,1453.4318574600527,0.0001671251235564594
1996-09-30,1424.8469753256966,-0.01966716360841958
1996-10-01,1412.7260476227116,-0.008506827689488863
1996-10-02,1462.7071450456056,0.03537918587046676
1996-10-03,1445.7702011750714,-0.01157917627455512
1996-10-04,1507.167291873976,0.04246670089686662
1996-10-07,1529.6552270070536,0.014920662924628946
1996-10-08,1482.545951097024,-0.030797316335266143
1996-10-09,1485.1894817223729,0.0017831019830398735
1996-10-10,1474.9916752668419,-0.006866333609974552
1996-10-11,1530.5087552656234,0.037638910734013466
1996-10-14,1555.183397565524,0.01612185635332624
1996-10-15,1567.3917330904108,0.007850093785721846
1996-10-16,1537.0576724707287,-0.019353209525912643
1996-10-17,1489.284158340105,-0.031081146131511455
1996-10-18,1493.2306049054077,0.0026498949466441575
1996-10-21,1450.9049560896908,-0.02834501829568258
1996-10-22,1413.1959383589647,-0.02598999856775944
1996-10-23,1463.0861441945221,0.03530310587609745
1996-10-24,1457.8240556687845,-0.0035965678074510554
1996-10-25,1438.6642752574885,-0.01314272482800152
1996-10-28,1430.6033102158012,-0.00560308974117291
1996-10-29,1390.1429226527866,-0.028282045256075382
1996-10-30,1409.5090723229935,0.013931049358040577
1996-10-31,1469.126894649856,0.04229687023483108
1996-11-01,1482.6526102711737,0.009206635363204192
1996-11-04,1484.7882579376048,0.0014404235028732805
1996-11-05,1538.1981465098602,0.03597138399144035
1996-11-06,1605.9295324573643,0.04403293951509784
1996-11-07,1640.4560582148554,0.021499402719532296
1996-11-08,1653.5656779176488,0.007991448254371052
1996-11-11,1677.8893728298078,0.01470984505604279
1996-11-12,1633.3006063850999,-0.026574318406646674
1996-11-13,1652.0110176016453,0.011455583340507267
1996-11-14,1697.4657248096914,0.027514772434167157
1996-11-15,1653.976923108652,-0.025619840840035157
1996-11-18,1627.7591662474458,-0.015851343809519348
1996-11-19,1678.7632477561976,0.03133392369482645
1996-11-20,1689.3780741241992,0.006323003783999436
1996-11-21,1656.013374261554,-0.019749693910252733
1996-11-22,1730.398726262776,0.04491832805057621
1996-11-25,1741.135995518815,0.00620508388793636
1996-11-26,1758.9717011517992,0.010243717710097414
1996-11-27,1787.9328845082298,0.01646483757383169
1996-11-29,1794.4233897770207,0.003630172768244648
1996-12-02,1839.2871089578373,0.0250017467652332
1996-12-03,1809.734392370545,-0.01606748421350992
1996-12-04,1795.3715140023423,-0.007936456547852288
1996-12-05,1800.0402965138649,0.0026004548223642165
1996-12-06,1762.7608355718348,-0.020710347992891665
1996-12-09,1887.3691158128563,0.07068927203649784
1996-12-10,1853.2347043874695,-0.018085710494783417
1996-12-11,1885.3420323812927,0.017325019824963497
1996-12-12,1827.765761675002,-0.03053889942376582
1996-12-13,1762.8123545309084,-0.03553705212453981
1996-12-16,1660.5785907145241,-0.05799469441748327
1996-12-17,1706.4262819055066,0.027609467836902987
1996-12-18,1792.968959802096,0.050715743665146876
1996-12-19,1823.46871403882,0.01701075418510897
1996-12-20,1781.3876371220658,-0.023077487753298796
1996-12-23,1741.0027286810732,-0.02267047755323862
1996-12-24,1785.5246423934714,0.025572569749001222
1996-12-26,1817.3723543304257,0.01783661293761972
1996-12-27,1783.5015440948432,-0.01863724302555575
1996-12-30,1745.5144655034542,-0.02129915654806348
1996-12-31,1723.574859311459,-0.012569134559229892
1997-01-02,1698.859461097095,-0.014339614018411438
1997-01-03,1833.8983707135512,0.07948798161870918
1997-01-06,1855.3402206118642,0.01169195100488057
1997-01-07,1904.2317898792667,0.02635180799954777
1997-01-08,1853.4462979693242,-0.026669805734711758
1997-01-09,1869.924457547093,0.008890551399208422
1997-01-10,1907.289838426542,0.019982294326725786
1997-01-13,1901.0481837167401,-0.003272525540717576
1997-01-14,1975.5678298683658,0.03919924112913972
1997-01-15,1897.4308140341016,-0.039551674537781224
1997-01-16,1939.3373786516788,0.02208595133357203
1997-01-17,1982.5828875808681,0.022299115875988512
1997-01-20,2054.8423454654403,0.03644713082979473
1997-01-21,2118.370662226774,0.03091639458449269
1997-01-22,2172.7013752704365,0.02564740628844969
1997-01-23,2112.3528317255573,-0.02777581136172832
1997-01-24,2045.5042306966075,-0.031646512848112617
1997-01-27,2005.5940174427708,-0.0195111858753013
1997-01-28,2009.6479489258263,0.0020213121139166417
1997-01-29,2016.863744003039,0.003590576688354521
1997-01-30,2103.549120915732,0.04298028420137167
1997-01-31,2148.6216726531734,0.0214269071681197
1997-02-03,2131.090164266562,-0.008159420809044839
1997-02-04,2122.812256252033,-0.00388435372342775
1997-02-05,1988.5220737099655,-0.06326050838766385
1997-02-06,1979.8252505658586,-0.004373510990441889
1997-02-07,2043.543301526626,0.032183674262441064
1997-02-10,1916.3919479290525,-0.06222102242834058
1997-02-11,1914.5491431864539,-0.0009616011717175852
1997-02-12,2040.708691166255,0.06589517350796717
1997-02-13,2073.0629475686633,0.015854421820449906
1997-02-14,2037.1056504184871,-0.01734500980413921
1997-02-18,2025.0357296301268,-0.005925034269028111
1997-02-19,2025.2554387632056,0.00010849642298369641
1997-02-20,1946.4187292889014,-0.03892679805489061
1997-02-21,1875.571795519339,-0.0363986087389558
1997-02-24,1943.9455939655845,0.03645490863617568
1997-02-25,1951.4985137504402,0.0038853555409686866
1997-02-26,1945.435956791898,-0.003106616231488172
1997-02-27,1802.6550121189123,-0.07339277562672236
1997-02-28,1810.7392693170152,0.004484639126041379
1997-03-03,1833.8074804504483,0.012739664690728219
1997-03-04,1859.04989219307,0.013765028233182482
1997-03-05,1902.0152824595573,0.02311147777524249
1997-03-06,1812.0288809705264,-0.04731108226042569
1997-03-07,1767.1376781152662,-0.02477399964575425
1997-03-10,1824.3292708929268,0.03236397111891027
1997-03-11,1796.9787636112162,-0.014992089267045481
1997-03-12,1757.8098573145032,-0.021797089141999057
1997-03-13,1762.4731439113605,0.0026528959190054158
1997-03-14,1755.8183999028965,-0.0037757988151214195
1997-03-17,1726.7704186592584,-0.01654384146176197
1997-03-18,1707.116959553619,-0.011381628323757931
1997-03-19,1641.7847676173792,-0.03827048379469144
1997-03-20,1681.6887562213246,0.024305249622857534
1997-03-21,1644.5841278595115,-0.022063909403298654
1997-03-24,1601.8725776639542,-0.025971033936189054
1997-03-25,1620.8635831484269,0.011855503208730562
1997-03-26,1729.8028171256883,0.06721061236113021
1997-03-27,1664.6795154323581,-0.03764781803370033
1997-03-31,1575.4609470577036,-0.053595041896987876
1997-04-01,1574.1432411562973,-0.0008363938845118369
1997-04-02,1523.0410004793189,-0.03246352640655563
1997-04-03,1603.4273653910898,0.052780171306269726
1997-04-04,1673.8320176630075,0.043908850373615305
1997-04-07,1713.3737585778333,0.023623482223761986
1997-04-08,1746.2445771651799,0.01918485002048285
1997-04-09,1697.633462251412,-0.02783751803695349
1997-04-10,1634.7622767205262,-0.03703460548398112
1997-04-11,1540.1286215696932,-0.057888328167613544
1997-04-14,1604.9790996854945,0.042107183262204514
1997-04-15,1569.7514760179265,-0.021948961001717015
1997-04-16,1572.0592753039996,0.0014701685721151625
1997-04-17,1609.4845635089016,0.023806537573250876
1997-04-18,1641.9275014071698,0.02015734641625769
1997-04-21,1585.1153533216448,-0.03460088708961607
1997-04-22,1646.411377784063,0.038669756326548135
1997-04-23,1726.208240271487,0.04846714713234325
1997-04-24,1725.0275439177403,-0.0006839825730185846
1997-04-25,1645.765597561903,-0.04594822073149283
1997-04-28,1688.489070095572,0.025959633982482827
1997-04-29,1797.6257497967638,0.06463570397587136
1997-04-30,1874.9336433588462,0.043005555283585975
1997-05-01,1906.2725614493577,0.016714681184326854
1997-05-02,2024.2634844940396,0.06189614509006634
1997-05-05,2126.92767854376,0.05071681371330034
1997-05-06,2045.0943749968412,-0.03847488768539016
1997-05-07,2019.6891093839865,-0.012422539479574862
1997-05-08,2064.0581447493737,0.021968250043651532
1997-05-09,2062.7872037965953,-0.0006157486192970662
1997-05-12,2086.4906845760875,0.011490996616551327
1997-05-13,2022.659989328381,-0.03059237010716634
1997-05-14,2019.4508748558642,-0.001586581278834878
1997-05-15,2116.2053025076057,0.047911255904478145
1997-05-16,2040.9221255346183,-0.03557460936506506
1997-05-19,2032.2786489110465,-0.00423508399239267
1997-05-20,2158.932807139426,0.06232125614085693
1997-05-21,2197.180172214647,0.01771586635245883
1997-05-22,2176.397091535432,-0.009458978804759018
1997-05-23,2235.722687233737,0.02725862662150994
1997-05-27,2353.328192696609,0.052602903810215325
1997-05-28,2343.3459888687153,-0.004241738937591988
1997-05-29,2285.4512266377183,-0.024706023995605852
1997-05-30,2230.0322656946328,-0.024248586142271756
1997-06-02,2228.2249461992087,-0.0008104454465644184
1997-06-03,2093.6228118362833,-0.06040778539551068
1997-06-04,2057.938949288508,-0.017044074198101552
1997-06-05,2096.2278654167103,0.01860546744666064
1997-06-06,2160.6325068719625,0.03072406512564377
1997-06-09,2203.410543747004,0.019798849058775318
1997-06-10,2141.105649311375,-0.028276570887999952
1997-06-11,2176.528621756372,0.01654424313736681
1997-06-12,2180.632146529867,0.0018853530031612798
1997-06-13,2246.533036352796,0.030221002624307713
1997-06-16,2298.899941867476,0.023310098123327502
1997-06-17,2362.1397264528086,0.027508715552866
1997-06-18,2276.6731936584056,-0.03618182778829377
1997-06-19,2325.05291897929,0.021250184460222275
1997-06-20,2322.1262436343504,-0.001258756444229455
1997-06-23,2262.5289620921767,-0.025664961888074676
1997-06-24,2343.2800670881406,0.035690639257626285
1997-06-25,2308.6999357111804,-0.014757148265222406
1997-06-26,2252.314293067392,-0.02442311439941154
1997-06-27,2231.7928066241684,-0.009111289000113655
1997-06-30,2204.262830320036,-0.012335363848481426
1997-07-01,2186.136622134318,-0.00822325175400542
1997-07-02,2288.9235971581566,0.04701763557827783
1997-07-03,2338.234958779204,0.021543472085425012
1997-07-07,2358.175211084476,0.008527907869311154
1997-07-08,2428.09078414702,0.02964816724979097
1997-07-09,2448.6107540155012,0.008451071929623218
1997-07-10,2447.7368534881293,-0.0003568964670840868
1997-07-11,2474.393107425643,0.010890163254079807
1997-07-14,2601.16998003574,0.051235542254640255
1997-07-15,2686.2905662641606,0.03272396147953808
1997-07-16,2911.2157342358805,0.08373076643176575
1997-07-17,2866.007003148877,-0.015529158679430386
1997-07-18,2740.122060422335,-0.04392345956874249
1997-07-21,2674.6487675538788,-0.023894297927138652
1997-07-22,2838.4248762444945,0.06123275350295762
1997-07-23,2843.801906150881,0.0018943710476146379
1997-07-24,2821.736224053926,-0.007759219110596062
1997-07-25,2808.215479121764,-0.004791640273426089
1997-07-28,2754.0443668472562,-0.019290226365196488
1997-07-29,2818.8730658126206,0.02353945337473918
1997-07-30,2886.1037922572277,0.023850214207934206
1997-07-31,2917.364061577483,0.010831304613548445
1997-08-01,2926.9673537081526,0.0032917702172134515
1997-08-04,3005.4939139647977,0.02682864233424417
1997-08-05,3070.950674867778,0.021779036250527954
1997-08-06,3099.70185917284,0.009362307424980091
1997-08-07,3065.492696032799,-0.011036275323966152
1997-08-08,2953.8433033098936,-0.03642135336593571
1997-08-11,2879.1069939405425,-0.025301379150886757
1997-08-12,2824.2665342038445,-0.019047732457361594
1997-08-13,2866.90232385501,0.01509623441513627
1997-08-14,2889.609433148961,0.00792043353029824
1997-08-15,2889.1502623349265,-0.0001589041095890411
1997-08-18,2814.519235943509,-0.025831479713728265
1997-08-19,2977.4848620914613,0.05790176313835756
1997-08-20,3103.8996729883734,0.04245691137052989
1997-08-21,2960.5544740434657,-0.04618229132609093
1997-08-22,2918.747626663256,-0.01412128969311297
1997-08-25,2901.014116549613,-0.00607572575019663
1997-08-26,2824.13898659797,-0.0264993987837178
1997-08-27,2816.870187543044,-0.0025738106691703413
1997-08-28,2706.419420400406,-0.039210456921685795
1997-08-29,2724.1910833856123,0.006566485169019806
1997-09-02,2867.371687481817,0.052558943082017584
1997-09-03,2854.955017126575,-0.004330331644638018
1997-09-04,2882.4168377425826,0.009619002909421321
1997-09-05,2909.745035006962,0.009481001119110304
1997-09-08,2943.29109990433,0.011528867475939432
1997-09-09,2989.7445913527904,0.01578283964164118
1997-09-10,2863.070461172734,-0.04236954907333363
1997-09-11,2873.569909202372,0.003667198614922314
1997-09-12,2878.3660437420217,0.0016690509335760195
1997-09-15,2742.8174346854253,-0.04709220682730696
1997-09-16,2926.354922177733,0.06691567771566162
1997-09-17,2884.531154184487,-0.014292103694011841
1997-09-18,2887.507282562175,0.0010317546313792791
1997-09-19,2935.9332160167783,0.016770843747148333
1997-09-22,2960.620773321435,0.008408759834854337
1997-09-23,3020.17162516272,0.020114312639398405
1997-09-24,2917.7279205857567,-0.03391982883470861
1997-09-25,2868.1073069475324,-0.017006593825329246
1997-09-26,2869.41418121635,0.000455657382710717
1997-09-29,2930.0066861642176,0.021116681357649904
1997-09-30,2816.402301811359,-0.03877273894606108
1997-10-01,2841.008389571615,0.00873670914997854
1997-10-02,2896.4464765171924,0.01951352454609835
1997-10-03,2956.107088004815,0.02059786430418043
1997-10-06,2962.532174270516,0.0021734957748222347
1997-10-07,3039.9971692897543,0.026148237542200938
1997-10-08,3064.0314969347096,0.007906036192320087
1997-10-09,3078.9003475908057,0.004852708162749511
1997-10-10,3022.421828063605,-0.018343730926983166
1997-10-13,3035.3789265954756,0.004286992110618757
1997-10-14,2986.723578791598,-0.01602941477176629
1997-10-15,2920.9936736759387,-0.022007361371638175
1997-10-16,2817.7399397279264,-0.03534883860877109
1997-10-17,2692.934149398731,-0.044292870527024714
1997-10-20,2757.425797014651,0.023948468116206666
1997-10-21,2869.995846250247,0.040824325846762814
1997-10-22,2808.3435365314194,-0.021481672107427803
1997-10-23,2684.9007733200724,-0.04395572037593766
1997-10-24,2597.9796777569154,-0.03237404392255172
1997-10-27,2211.02718025138,-0.1489436198514181
1997-10-28,2518.143806229897,0.13890223906863045
1997-10-29,2435.2415064334527,-0.032921987851267105
1997-10-30,2297.4086886304203,-0.05659923972177042
1997-10-31,2383.9167545326577,0.03765462641904083
1997-11-03,2528.2066690324627,0.06052640648020096
1997-11-04,2512.8866978187893,-0.006059619809299975
1997-11-05,2509.129262443151,-0.0014952665310774018
1997-11-06,2447.6152836659503,-0.024516066070388337
1997-11-07,2419.5354467980965,-0.011472324533697526
1997-11-10,2339.4186573807465,-0.033112467735644316
1997-11-11,2336.3641476250837,-0.001305670426294119
1997-11-12,2193.540679920763,-0.06113065373370879
1997-11-13,2295.1548097414043,0.04632425135799717
1997-11-14,2408.893337570606,0.049555928578960295
1997-11-17,2510.1613320982397,0.04203921898416791
1997-11-18,2445.723093067966,-0.02567095517179748
1997-11-19,2458.5978284072294,0.005264183576527943
1997-11-20,2568.795782203313,0.04482146389410663
1997-11-21,2539.8585777425938,-0.011264890989465728
1997-11-24,2411.870009390585,-0.05039200586741484
1997-11-25,2448.195535679083,0.015061145976800114
1997-11-26,2476.9567460821354,0.011747922085428712
1997-11-28,2505.9146626326765,0.011690925405276033
1997-12-01,2641.738975147711,0.054201491591233684
1997-12-02,2508.354706983411,-0.0504910853869814
1997-12-03,2553.4945100019177,0.017995781415138315
1997-12-04,2510.467168328416,-0.01685037563423986
1997-12-05,2593.5787887151378,0.033106037567526336
1997-12-08,2653.6517340241007,0.023162182529539832
1997-12-09,2495.175412229148,-0.059720090531485394
1997-12-10,2411.849430375399,-0.03339483927476942
1997-12-11,2265.197282294613,-0.06080485217435814
1997-12-12,2159.070246394761,-0.046851122738566536
1997-12-15,2184.0339469754144,0.011562245657517841
1997-12-16,2241.0622153787685,0.02611143864422544
1997-12-17,2179.2252556952376,-0.02759270102328679
1997-12-18,2104.1725481336466,-0.0344400870747284
1997-12-19,2117.4630612073533,0.0063162657860427966
1997-12-22,2141.7348264061156,0.011462662864551935
1997-12-23,2026.7225946896856,-0.05370050031330129
1997-12-24,1981.2375188743101,-0.022442674658363835
1997-12-26,2044.244457356902,0.03180180966812645
1997-12-29,2148.088705538434,0.05079835134580585
1997-12-30,2235.248837830886,0.040575667135033126
1997-12-31,2200.596818291889,-0.015502533298540188
1998-01-02,2277.321963786976,0.03486560775573647
1998-01-05,2317.7499696463237,0.01775243312198132
1998-01-06,2266.671284180035,-0.022038048165343275
1998-01-07,2198.284887982307,-0.03017040744947141
1998-01-08,2212.794389451538,0.00660037356784486
1998-01-09,2041.7890655115805,-0.07728025918501301
1998-01-12,2104.78877478484,0.03085515068006038
1998-01-13,2207.962611227431,0.049018617772293015
1998-01-14,2213.4691704585666,0.0024939549261998577
1998-01-15,2209.6068120094,-0.0017449343775438359
1998-01-16,2254.9306853527055,0.02051218936191108
1998-01-20,2347.6941810570374,0.041138069700719995
1998-01-21,2345.674386764766,-0.0008603310893593707
1998-01-22,2318.3828325206173,-0.011634843436982699
1998-01-23,2335.4590807335035,0.007365586034089403
1998-01-26,2297.5498577116673,-0.01623202193289129
1998-01-27,2384.709846996783,0.03793606001304634
1998-01-28,2510.776790103336,0.05286468845059581
1998-01-29,2537.6758820260206,0.010713454110581066
1998-01-30,2547.3846611215095,0.0038258546586877494
1998-02-02,2688.1956005075676,0.05527666925813445
1998-02-03,2737.9185062645256,0.018496758847298917
1998-02-04,2802.4283655695476,0.023561643327739402
1998-02-05,2754.2300415185387,-0.017198771124061787
1998-02-06,2849.9423857020006,0.034751034859343555
1998-02-09,2790.292189476327,-0.020930316530234114
1998-02-10,2874.696061758794,0.03024911606060417
1998-02-11,2869.2951026362584,-0.0018787930989931534
1998-02-12,2899.0226497252797,0.01036057499338713
1998-02-13,2857.48663664221,-0.01432759177890719
1998-02-17,2815.1437155947365,-0.014818239394193836
1998-02-18,2875.1075933318407,0.02130046768302782
1998-02-19,2955.352768205912,0.02791032066423596
1998-02-20,2970.1094015492736,0.004993188462005355
1998-02-23,3100.840491096491,0.044015580530139854
1998-02-24,3031.661953126032,-0.02230960869128625
1998-02-25,3175.9358069468044,0.047589030720264734
1998-02-26,3210.248381038531,0.010803925575785921
1998-02-27,3141.4347887205104,-0.021435597545807143
1998-03-02,3052.9100651081294,-0.028179710726523404
1998-03-03,3042.728133362454,-0.0033351561390704758
1998-03-04,3063.7239490509664,0.006900325881336719
1998-03-05,2787.782334461,-0.09006738830874211
1998-03-06,2966.8523370724756,0.06423385369722476
1998-03-09,2788.206496252227,-0.060213930632127884
1998-03-10,2887.7889065051727,0.03571557931121643
1998-03-11,2913.7781932400853,0.008999718323028427
1998-03-12,2960.788561844195,0.01613381852921174
1998-03-13,2990.961826597345,0.010190955592707395
1998-03-16,3045.194094031865,0.018132049346887544
1998-03-17,2981.3371678457725,-0.02096973927252872
1998-03-18,3027.424857557345,0.015458731138710685
1998-03-19,3074.012969933315,0.015388693218816862
1998-03-20,2986.8098266519514,-0.028367851448348146
1998-03-23,3035.187950144685,0.016197256035869953
1998-03-24,3130.6113794981015,0.03143905119578085
1998-03-25,3219.028157453771,0.028242655263664394
1998-03-26,3235.0505010758757,0.00497738535930592
1998-03-27,3201.0678636204216,-0.0105045152909212
1998-03-30,3173.119945753623,-0.008730810797366005
1998-03-31,3246.35207803556,0.02307890452736862
1998-04-01,3287.057666386426,0.01253887051446904
1998-04-02,3296.0069961722957,0.002722595918345469
1998-04-03,3314.1301913199654,0.005498530545813907
1998-04-06,3160.5498777030925,-0.04634106228509517
1998-04-07,3038.17353829509,-0.03871995195245532
1998-04-08,3083.591630003621,0.014949143337617946
1998-04-09,3113.3396948429545,0.009647212863688604
1998-04-13,3142.9355899971497,0.009506156749685439
1998-04-14,3195.472031366888,0.01671572320379185
1998-04-15,3291.0551289140103,0.0299120432314458
1998-04-16,3270.0583876927653,-0.006379942115455696
1998-04-17,3289.357531906584,0.005901773584977295
1998-04-20,3404.5873287373543,0.035031095195048864
1998-04-21,3494.192473174381,0.026318944349199153
1998-04-22,3610.320342099526,0.033234536968607696
1998-04-23,3428.9639501879033,-0.0502327701497418
1998-04-24,3382.4290740087895,-0.013571118523005759
1998-04-27,3217.988419398294,-0.04861614272242627
1998-04-28,3230.4003640798646,0.0038570507608884953
1998-04-29,3320.0466953680248,0.02775084236770588
1998-04-30,3365.372551647491,0.01365217433318133
1998-05-01,3383.225987992007,0.005305040101957311
1998-05-04,3404.804455354284,0.006378074488333071
1998-05-05,3357.9006210008924,-0.013775779187445646
1998-05-06,3330.336426187631,-0.008208758365530564
1998-05-07,3224.8762490700465,-0.03166652362455432
1998-05-08,3389.7371308715205,0.05112161492987991
1998-05-11,3299.673801601528,-0.02656941402616578
1998-05-12,3399.0716261882894,0.030123530555813516
1998-05-13,3434.6203922639456,0.010458375105063726
1998-05-14,3450.4978986462547,0.004622783472104039
1998-05-15,3359.41430527824,-0.026397231948394925
1998-05-18,3320.2230448025634,-0.011666099181068628
1998-05-19,3389.6530405309777,0.020911244453019354
1998-05-20,3292.789984353521,-0.028576097618027395
1998-05-21,3217.5113312823355,-0.022861662428788353
1998-05-22,3166.6737945101477,-0.01580026658427552
1998-05-26,3091.57623347893,-0.023714965893048074
1998-05-27,3139.204846931829,0.015405932073459565
1998-05-28,3166.581280906837,0.008720817949094729
1998-05-29,3047.424596123096,-0.037629441411217227
1998-06-01,2910.377140873673,-0.044971565637349345
1998-06-02,3017.784227806819,0.03690486893423847
1998-06-03,2899.505672820525,-0.039193840930189204
1998-06-04,3054.5340439132683,0.05346717288603798
1998-06-05,3112.8797919023696,0.01910135789953496
1998-06-08,3113.0442697548265,5.2837842593359474e-05
1998-06-09,3197.453231206069,0.027114603628136197
1998-06-10,3070.5598237822887,-0.03968577434857956
1998-06-11,2997.4099324692975,-0.023822981967791805
1998-06-12,3006.4426967988757,0.0030135231860451074
1998-06-15,2937.025887043554,-0.023089350689847944
1998-06-16,3123.4056486617183,0.06345867172651183
1998-06-17,3190.9016767369426,0.02160975411699863
1998-06-18,3207.337795467089,0.005150932368105586
1998-06-19,3271.531684120066,0.0200146952851994
1998-06-22,3397.8001138321697,0.03859612007580655
1998-06-23,3604.0419005682406,0.06069862258714914
1998-06-24,3762.6959212775228,0.04402113657010128
1998-06-25,3650.388590771627,-0.02984757016128068
1998-06-26,3702.9182611964407,0.014390158504661908
1998-06-29,3806.383802840286,0.02794162180896084
1998-06-30,3792.31062284801,-0.0036972572187215047
1998-07-01,3898.3297282919857,0.027956334801592722
1998-07-02,3761.97164321727,-0.03497859200700799
1998-07-03,3761.3728197858427,-0.00015917808219178083
1998-07-06,3816.313514678264,0.01460655391654287
1998-07-07,3836.9681075989065,0.005412184518174692
1998-07-08,4016.0192911591776,0.04666475679213228
1998-07-09,4046.742427717828,0.007650146657981404
1998-07-10,4092.264174521226,0.011248985478196116
1998-07-13,4263.695296751805,0.04189150917917824
1998-07-14,4248.309865515409,-0.003608473440425486
1998-07-15,4436.063948290308,0.04419500665404512
1998-07-16,4453.964088577622,0.004035140272090099
1998-07-17,4522.856927572456,0.015467758074545888
1998-07-20,4532.560582886599,0.0021454703231905308
1998-07-21,4321.581767110324,-0.04654737910682527
1998-07-22,4312.986453969895,-0.0019889275741222685
1998-07-23,4162.883873958731,-0.0348024696142976
1998-07-24,4178.804069265953,0.003824318859051574
1998-07-27,4282.242805783158,0.024753191296517065
1998-07-28,4082.8758122340873,-0.04655667662744991
1998-07-29,4004.863194408474,-0.019107271789127998
1998-07-30,4247.811743948189,0.06066338292876415
1998-07-31,3979.5507775573624,-0.0631527437092794
1998-08-03,3926.6801636159425,-0.013285573396772016
1998-08-04,3632.2226934805467,-0.07498891120896395
1998-08-05,3701.4631429269457,0.01906283157436296
1998-08-06,3901.101982179144,0.053935114721778143
1998-08-07,3890.1989450403184,-0.0027948608338445075
1998-08-10,3881.553706362269,-0.002222312740347403
1998-08-11,3694.3884134146665,-0.04821916869031575
1998-08-12,3830.062739820685,0.036724434797752246
1998-08-13,3737.451954579342,-0.024179965586067262
1998-08-14,3690.2223106028546,-0.012636856486842348
1998-08-17,3897.9363477342677,0.05628767582229477
1998-08-18,4087.9679128349417,0.04875183895989808
1998-08-19,4069.929535043585,-0.004412553663819508
1998-08-20,4068.9324062509136,-0.0002449990310853277
1998-08-21,3931.916410310441,-0.033673696749049256
1998-08-24,3908.016369922582,-0.006078471130563077
1998-08-25,4006.768041570678,0.025269001534415806
1998-08-26,3923.5908591216053,-0.02075917087939703
1998-08-27,3570.19864107455,-0.09006857002571639
1998-08-28,3312.5873592711164,-0.07215600802702066
1998-08-31,2657.9357900149375,-0.19762545051799768
1998-09-01,3005.8315610763907,0.13088945653555384
1998-09-02,3036.918955995239,0.010342360936457684
1998-09-03,2974.3764204680606,-0.02059407459777997
1998-09-04,2956.43499859463,-0.006031994387114945
1998-09-08,3352.1743568713173,0.13385694543083326
1998-09-09,3222.918436242542,-0.03855882984243499
1998-09-10,3087.5392434222513,-0.042005156350814574
1998-09-11,3361.1191489563175,0.08860775004460449
1998-09-14,3453.454540094039,0.02747162092316574
1998-09-15,3537.166973090941,0.02424020123184327
1998-09-16,3575.389655057381,0.010806015734405521
1998-09-17,3361.8197371878277,-0.059733326566926585
1998-09-18,3407.6602799182615,0.01363563376803168
1998-09-21,3547.505793252454,0.041038572465195246
1998-09-22,3592.3102791083693,0.012629855585052339
1998-09-23,3906.074685064702,0.08734334775619951
1998-09-24,3691.5311622528766,-0.054925606935309124
1998-09-25,3873.987936030583,0.04942577097638699
1998-09-28,3834.013712407112,-0.010318623672439735
1998-09-29,3842.4947389896765,0.0022120491001687468
1998-09-30,3623.190324376783,-0.05707344564134821
1998-10-01,3236.241926950938,-0.10679770113716103
1998-10-02,3249.4467831472693,0.0040803056429013235
1998-10-05,2897.8089452520117,-0.10821467817813497
1998-10-06,2787.739244371499,-0.03798376737736955
1998-10-07,2628.478780364001,-0.05712889551239333
1998-10-08,2526.6286738400286,-0.038748688893683166
1998-10-09,2835.0495928463324,0.12206816229056665
1998-10-12,3049.2113129527443,0.07554073150847354
1998-10-13,2869.7067834927375,-0.058869166822741875
1998-10-14,3006.0657387781457,0.04751668570105452
1998-10-15,3316.929501292905,0.103412163780927
1998-10-16,3287.0517740637515,-0.00900764614306924
1998-10-19,3368.0959728970497,0.02465558938644394
1998-10-20,3229.0488045091656,-0.041283612315917255
1998-10-21,3474.230691632617,0.07593006546728871
1998-10-22,3594.384397785849,0.03458426247934886
1998-10-23,3516.417835966604,-0.02169121418045128
1998-10-26,3663.3588218965615,0.041787123369417735
1998-10-27,3579.3356889877828,-0.02293609143787855
1998-10-28,3719.5759569127413,0.039180529603977436
1998-10-29,3807.0703063865744,0.023522667768412466
1998-10-30,3829.4763169743155,0.005885368218746453
1998-11-02,3927.559832505796,0.025612775067108122
1998-11-03,3832.4820953755975,-0.024207839265312534
1998-11-04,4008.3314194565583,0.04588392579658656
1998-11-05,4052.6403608820756,0.011054211039147081
1998-11-06,4143.6127527634335,0.022447684418154888
1998-11-09,4194.425788684638,0.012262978939650355
1998-11-10,4250.0599125666895,0.013263823628048415
1998-11-11,4267.965973971968,0.004213131526060132
1998-11-12,4185.600013940765,-0.019298644959568272
1998-11-13,4177.399027405884,-0.001959333550163928
1998-11-16,4234.591741185597,0.013690986521636781
1998-11-17,4365.638858666194,0.03094681270121842
1998-11-18,4460.148694504135,0.021648569407048013
1998-11-19,4592.28132522283,0.029625162695026293
1998-11-20,4631.993594074928,0.008647612382538757
1998-11-23,4898.782957228528,0.05759709242578989
1998-11-24,4847.259992144136,-0.01051750312970417
1998-11-25,4954.7279329000785,0.022170863731286065
1998-11-27,5138.323633329632,0.03705464818975273
1998-11-30,4691.632980198517,-0.08693314882575043
1998-12-01,5140.00562784716,0.09556856845815576
1998-12-02,5054.5560198578205,-0.016624419149737314
1998-12-03,4770.849403733284,-0.05612888946327615
1998-12-04,5111.007858118631,0.07129934852254333
1998-12-07,5402.558070616076,0.05704358525575914
1998-12-08,5345.445954109524,-0.010571310064611638
1998-12-09,5454.954489435615,0.02048632354834729
1998-12-10,5242.928322137863,-0.03886854926257853
1998-12-11,5383.257821972773,0.026765481275488705
1998-12-14,4989.109688867483,-0.07321739848619191
1998-12-15,5295.4964951480315,0.06141111849358784
1998-12-16,5246.911410297911,-0.009174793127450169
1998-12-17,5457.37442205621,0.04011179059460217
1998-12-18,5749.58892046588,0.05354488730490467
1998-12-21,6093.475572132587,0.059810650191464955
1998-12-22,5959.678562165816,-0.021957421242265657
1998-12-23,6303.536466553524,0.057697391025522925
1998-12-24,6212.985547789611,-0.014365097948489084
1998-12-28,6332.52979682572,0.01924103124280388
1998-12-29,6326.800147896881,-0.0009047962050982263
1998-12-30,6240.154618000986,-0.013695000295638663
1998-12-31,6411.72461324865,0.02749451027266773
1999-01-04,6536.173768510363,0.01940962264732357
1999-01-05,6877.858688605699,0.052275984726949574
1999-01-06,7317.39370631433,0.0639057935919493
1999-01-07,7334.173186483561,0.0022930951705866748
1999-01-08,7387.596305655966,0.007284136577366418
1999-01-11,7582.784378755977,0.026421052941208296
1999-01-12,7123.4532667059275,-0.060575520693548594
1999-01-13,7188.186544139219,0.009087345001032863
1999-01-14,6872.898833031712,-0.043861926672530895
1999-01-15,7416.322162155224,0.07906755829312877
1999-01-19,7801.743319574764,0.051969311606540974
1999-01-20,7800.565576953098,-0.00015095890410958906
1999-01-21,7247.440395931288,-0.0709083431919383
1999-01-22,7264.448676093671,0.002346798211949506
1999-01-25,7504.88381999164,0.033097507411568416
1999-01-26,7992.56264730097,0.0649815292290392
1999-01-27,7744.548616802839,-0.03103060200371188
1999-01-28,8309.66119603523,0.07296907892169494
1999-01-29,8486.872268906927,0.02132590832418657
1999-02-01,8512.871796602112,0.0030634993518683963
1999-02-02,8094.198592773579,-0.04918119452893047
1999-02-03,8414.222959357885,0.03953749873026591
1999-02-04,7680.418351139747,-0.08721002661357305
1999-02-05,7382.975363525147,-0.038727446086378924
1999-02-08,7718.679489114685,0.045470031939704204
1999-02-09,6967.126638539165,-0.09736806038330802
1999-02-10,7029.794327541846,0.008994768181193834
1999-02-11,7755.511841601849,0.10323453009382269
1999-02-12,7101.3347794193805,-0.08434995336779111
1999-02-16,7067.243323886865,-0.004800710935543738
1999-02-17,6609.705055145216,-0.064740698426952
1999-02-18,6711.59020691572,0.015414477789927038
1999-02-19,6890.15464990976,0.02660538523493946
1999-02-22,7346.6894284790915,0.06625900313795008
1999-02-23,7582.689093123979,0.03212326680505168
1999-02-24,7289.262659075002,-0.03869688318291418
1999-02-25,7180.058653056714,-0.014981488680797002
1999-02-26,6821.788306288955,-0.04989796937316598
1999-03-01,6906.713722616397,0.012449142734193373
1999-03-02,6556.075963449126,-0.05076766943721581
1999-03-03,6632.4959071550265,0.011656354217362632
1999-03-04,6863.445777463086,0.03482095934034647
1999-03-05,7124.019010096579,0.03796536624345659
1999-03-08,7585.005615308503,0.0647087837018103
1999-03-09,7542.990572469687,-0.00553922369602721
1999-03-10,7615.7732505466565,0.009649047997303777
1999-03-11,7653.851066116938,0.00499986203863781
1999-03-12,7392.044675353528,-0.03420583814629062
1999-03-15,7766.806316104361,0.05069796750557513
1999-03-16,7863.419143087488,0.012439196118847591
1999-03-17,7795.404917313524,-0.008649446829214803
1999-03-18,8083.237718534802,0.036923393239266515
1999-03-19,7704.681579920919,-0.046832241212683444
1999-03-22,7501.980844866764,-0.026308775119585903
1999-03-23,7013.604849400418,-0.0650996057661913
1999-03-24,7386.164447894279,0.053119559269967954
1999-03-25,7897.134343847198,0.06917932839940902
1999-03-26,7774.264128555629,-0.015558835641095432
1999-03-29,8352.581562359877,0.07438870409355297
1999-03-30,8203.559741236504,-0.01784140867237104
1999-03-31,8053.354461382334,-0.018309768514165787
1999-04-01,8356.014377361871,0.03758184461280821
1999-04-05,8923.3950082703,0.0679008681992669
1999-04-06,8915.535219594056,-0.0008808069875825356
1999-04-07,8700.90729086427,-0.024073476627414183
1999-04-08,8957.252652793877,0.02946191165589847
1999-04-09,9018.064755313186,0.006789146725736281
1999-04-12,8906.853117776023,-0.012332095693994603
1999-04-13,8552.0776048474,-0.03983174621130467
1999-04-14,7988.1654277824755,-0.06593861785647191
1999-04-15,8231.355338414616,0.030443774960685867
1999-04-16,7849.725548462092,-0.04636293468847234
1999-04-19,6951.664706720365,-0.11440665488205175
1999-04-20,7393.666528708565,0.06358215487017155
1999-04-21,7942.738116298062,0.074262422501411
1999-04-22,8527.073781288054,0.07356854228782503
1999-04-23,8736.674859346924,0.024580657261207523
1999-04-26,9129.703267761295,0.044986040426340274
1999-04-27,8695.154226012866,-0.04759727989001605
1999-04-28,8247.940310908954,-0.05143254547067202
1999-04-29,8007.745655731776,-0.029121774179123157
1999-04-30,8135.761650628465,0.015986521100986372
1999-05-03,8143.9586810528845,0.0010075307975359537
1999-05-04,7834.942911863318,-0.037944172028831526
1999-05-05,8268.696513052604,0.05536142459092013
1999-05-06,7675.690115304737,-0.07171703506251229
1999-05-07,7963.298025234384,0.03746997411427262
1999-05-10,8087.692211350621,0.015620938174365932
1999-05-11,8397.893388986715,0.038354720917883535
1999-05-12,8719.519124144794,0.038298382732492135
1999-05-13,8414.666312067597,-0.034962112902883
1999-05-14,7996.887283410077,-0.049648912168789944
1999-05-17,8374.00353569747,0.04715788017542004
1999-05-18,8245.882723649143,-0.015299827794693542
1999-05-19,8450.397389390428,0.02480203425095242
1999-05-20,8091.578154015267,-0.04246181792890147
1999-05-21,7897.1373570132,-0.024030021499029778
1999-05-24,7491.607691332886,-0.051351476788000304
1999-05-25,7042.9268381227885,-0.05989113040838766
1999-05-26,7422.364335195214,0.05387497354346525
1999-05-27,7399.913567853287,-0.0030247460685095214
1999-05-28,7684.745469126071,0.03849124704782391
1999-06-01,7210.05482028968,-0.06177051025873138
1999-06-02,7555.981807108179,0.04797841284715782
1999-06-03,7233.303824082073,-0.04270497087784822
1999-06-04,7795.158440080644,0.07767607025270655
1999-06-07,8111.503853696587,0.04058229425964937
1999-06-08,7613.345221861403,-0.061413843945615845
1999-06-09,7967.771156376659,0.046553246199520476
1999-06-10,7685.315147456536,-0.03544981443073597
1999-06-11,7424.04439982168,-0.033996100696186006
1999-06-14,7180.42468247923,-0.03281495963956004
1999-06-15,7386.37444788967,0.028682114849414454
1999-06-16,8169.916123010985,0.10607933305428033
1999-06-17,8344.633640702305,0.02138547263652049
1999-06-18,8454.822107583364,0.013204709951986146
1999-06-21,8935.558473518498,0.0568594300173329
1999-06-22,8471.255429761806,-0.05196127865233099
1999-06-23,8695.683562881479,0.02649290119752448
1999-06-24,8271.416750176286,-0.04879050734047228
1999-06-25,8276.90677794978,0.0006637348762986982
1999-06-28,8713.783530124576,0.05278261117289178
1999-06-29,8992.994200397872,0.03204241525027947
1999-06-30,9123.451521394192,0.014506550108811156
1999-07-01,9325.05860828294,0.02209767722401833
1999-07-02,9528.91848320646,0.02186151138422272
1999-07-06,9383.957338869439,-0.015212759411521658
1999-07-07,9462.581365942564,0.008378557599303551
1999-07-08,9735.327508129576,0.028823650929826722
1999-07-09,9885.058877093052,0.015380208712900623
1999-07-12,9808.04552261114,-0.007790884752378747
1999-07-13,9719.519041575277,-0.009025904379397251
1999-07-14,10073.393275743421,0.036408615761175524
1999-07-15,10173.729718961315,0.009960540651133207
1999-07-16,10425.231544653061,0.024720710362789552
1999-07-19,10124.981412154093,-0.02880033227204068
1999-07-20,9327.525570669175,-0.07876121535666689
1999-07-21,9600.899324369815,0.029308282419538464
1999-07-22,8935.649401994175,-0.0692903758179244
1999-07-23,9091.71753230713,0.01746578489058953
1999-07-26,8546.446189784434,-0.059974514230682015
1999-07-27,9121.191957363098,0.06724967955284826
1999-07-28,9317.347754207613,0.021505500351427967
1999-07-29,8751.258314176459,-0.060756500129075304
1999-07-30,8810.803850633743,0.006804225668990454
1999-08-02,8759.324623218274,-0.005842739015437971
1999-08-03,8559.75038342623,-0.022784204076993945
1999-08-04,8292.014871252759,-0.03127842520873888
1999-08-05,8500.665641360742,0.025162855270719126
1999-08-06,8346.447104778505,-0.018141936536342763
1999-08-09,8157.488238887262,-0.02263943729818412
1999-08-10,7978.460458941469,-0.02194643433163108
1999-08-11,8552.695452550786,0.07197315779960678
1999-08-12,8341.802648310286,-0.024658051419053164
1999-08-13,9039.206504635193,0.08360349503906962
1999-08-16,9082.286337448058,0.004765886562141755
1999-08-17,9271.664187470908,0.020851341059575163
1999-08-18,9111.75489707291,-0.017247096871140927
1999-08-19,8806.836411519767,-0.03346429848009801
1999-08-20,9085.929468022463,0.03169050081793606
1999-08-23,9637.550606500323,0.06071158051790593
1999-08-24,9789.190061948537,0.015734231822962946
1999-08-25,10244.439671130132,0.04650533969620138
1999-08-26,9879.72618854268,-0.035601115756018535
1999-08-27,9757.829041464911,-0.012338109857652813
1999-08-30,9463.506287690416,-0.030162729078753097
1999-08-31,9701.89597415266,0.02519041877452201
1999-09-01,9765.761838792903,0.006582823069881628
1999-09-02,9664.069308516404,-0.010413169187942155
1999-09-03,10584.263584601189,0.09521809568086086
1999-09-07,10452.29806666696,-0.012468086880056828
1999-09-08,10139.058142414226,-0.029968521970462767
1999-09-09,10557.436001448088,0.04126397670841668
1999-09-10,10801.164123985513,0.023085919962384228
1999-09-13,10357.255903223906,-0.04109818309082504
1999-09-14,10684.041295752588,0.03155134869526227
1999-09-15,10179.497550357812,-0.04722405421582901
1999-09-16,10209.287609193632,0.002926476349981787
1999-09-17,10787.390682446983,0.05662521180545046
1999-09-20,10854.792335627288,0.0062481887570808685
1999-09-21,10241.886394205509,-0.0564640872409984
1999-09-22,10573.215881911792,0.032350435745287905
1999-09-23,9639.017992427904,-0.08835513243251512
1999-09-24,9609.56523318518,-0.0030555767471189365
1999-09-27,9820.90569082124,0.021992717933401146
1999-09-28,9832.374618681115,0.0011678075547139138
1999-09-29,9593.352868775879,-0.024309666705650643
1999-09-30,9664.851229712278,0.0074529063940835675
1999-10-01,9635.696950718826,-0.0030165264110660847
1999-10-04,10140.038015609549,0.05234090149058687
1999-10-05,10167.9258545236,0.002750269660835731
1999-10-06,10667.484732727411,0.049130853760264354
1999-10-07,10662.504459983451,-0.00046686476416336485
1999-10-08,10857.63743834046,0.01830085784154612
1999-10-11,11052.591621953734,0.01795548844952708
1999-10-12,10604.684519747037,-0.04052507479938191
1999-10-13,9995.967327036238,-0.05740078279342531
1999-10-14,10128.851610452108,0.013293789292053363
1999-10-15,9576.56659684719,-0.054525926022551865
1999-10-18,9239.97136354999,-0.03514779852395267
1999-10-19,9239.67179612564,-3.2420817399086444e-05
1999-10-20,10052.15820344663,0.08793455279024956
1999-10-21,10139.086070696425,0.008647681969429135
1999-10-22,10209.265920779302,0.006921713613390608
1999-10-25,10190.596889637292,-0.0018286359946812643
1999-10-26,10043.10293016268,-0.014473534874546603
1999-10-27,9968.780038862602,-0.0074003912751767756
1999-10-28,10636.360551572787,0.06696712236679597
1999-10-29,11451.432143190945,0.07663068468449341
1999-11-01,11263.192648720098,-0.016438074479860863
1999-11-02,11353.014742458838,0.007974834182468447
1999-11-03,11746.561916720524,0.03466455238447547
1999-11-04,12011.91580249944,0.02258991930236197
1999-11-05,12477.494983325472,0.03875977724795207
1999-11-08,12748.679156100903,0.02173386349886996
1999-11-09,12539.116798206991,-0.016437966265205287
1999-11-10,12846.030704322688,0.024476517050992273
1999-11-11,13323.474099458244,0.03716660859100218
1999-11-12,13687.064605539163,0.027289466948841948
1999-11-15,13557.304347815783,-0.009480503048905513
1999-11-16,14160.084168997275,0.04446162789571106
1999-11-17,13885.053751284246,-0.019422936645757557
1999-11-18,14758.495894989335,0.06290520435502837
1999-11-19,15005.396729456275,0.016729403607502146
1999-11-22,15204.397472636929,0.013261944803499064
1999-11-23,14705.228780089663,-0.03283054744166024
1999-11-24,15769.11812791006,0.07234769099688299
1999-11-26,15846.537645763146,0.004909565469996762
1999-11-29,15296.435355427044,-0.034714352285224966
1999-11-30,14330.16860860986,-0.06316940675164308
1999-12-01,14623.331312152584,0.020457728834159514
1999-12-02,15706.08629515336,0.07404297693104733
1999-12-03,16349.447089464395,0.04096251492706787
1999-12-06,16534.997378706874,0.011349025335667059
1999-12-07,16677.482840002085,0.008617204952127484
1999-12-08,16248.28208717624,-0.025735343693256817
1999-12-09,16281.159654435181,0.0020234488226230185
1999-12-10,16646.3170811015,0.0224282197593244
1999-12-13,17045.052255186063,0.023953356898220226
1999-12-14,16253.09205425391,-0.046462761690343066
1999-12-15,16988.452085845453,0.0452443159207406
1999-12-16,17962.761022111044,0.05735124844466394
1999-12-17,18257.065006884273,0.016384117364304923
1999-12-20,18576.459572992397,0.017494299658115293
1999-12-21,20091.769503095526,0.08157151389095589
1999-12-22,20473.201468868752,0.018984488435150534
1999-12-23,20791.839244513485,0.015563651641354278
1999-12-27,20874.606671035915,0.003980765027522571
1999-12-28,20656.12595201117,-0.010466339436607984
1999-12-29,21919.280551312753,0.0611515732541608
1999-12-30,21844.564431383114,-0.003408693992247186
1999-12-31,22127.809664281252,0.012966394170405692
2000-01-03,23103.666380554972,0.044100917853110086
2000-01-04,20120.763842643424,-0.12910948802576572
2000-01-05,19675.754042528577,-0.022116943650603533
2000-01-06,17804.035661384085,-0.09512816520773873
2000-01-07,19812.987647664024,0.11283688847227143
2000-01-10,21910.57223014023,0.10586917126168569
2000-01-11,19866.503343215205,-0.09329144238931378
2000-01-12,19120.625871839882,-0.0375444766746059
2000-01-13,20589.75093547317,0.07683456982425224
2000-01-14,21642.340437405004,0.051122012365791794
2000-01-18,22246.143601328793,0.027899162092479543
2000-01-19,22634.082979011826,0.01743850011198607
2000-01-20,23237.142468204245,0.026643866674502487
2000-01-21,23332.314934386577,0.0040957043798546516
2000-01-24,21028.63013281416,-0.09873365793538583
2000-01-25,22152.320407787818,0.05343620901012442
2000-01-26,20522.972120825303,-0.0735520368507178
2000-01-27,20201.147519087262,-0.015681188857216026
2000-01-28,18544.308078269707,-0.0820170952789723
2000-01-31,19867.76963632276,0.07136753512005607
2000-02-01,21330.30925664966,0.07361367919492334
2000-02-02,21587.765192310464,0.01206995794402489
2000-02-03,23052.562028443732,0.06785310211985392
2000-02-04,23326.193740334285,0.011869904592510278
2000-02-07,24023.419700826624,0.029890258490254097
2000-02-08,25600.032203676277,0.0656281463040587
2000-02-09,24406.81318085797,-0.046610059445431236
2000-02-10,25897.3219633275,0.061069373187914555
2000-02-11,24358.86305351995,-0.05940610044490768
2000-02-14,24557.0649809405,0.008136747884540989
2000-02-15,24686.857838054555,0.005285357074014848
2000-02-16,24693.93661375601,0.0002867426769292231
2000-02-17,26263.32864449031,0.06355374014607511
2000-02-18,24226.007627324434,-0.07757284100365841
2000-02-22,24249.510957889488,0.000970169370315347
2000-02-23,26700.600091259446,0.1010778789570808
2000-02-24,27758.06410186354,0.03960450353137405
2000-02-25,26780.891954145656,-0.03520318074531289
2000-02-28,26555.28147730223,-0.008424307794890467
2000-02-29,27887.826281746467,0.0501800293694198
2000-03-01,28432.62731385095,0.019535442691030764
2000-03-02,27440.944163499742,-0.03487835082578209
2000-03-03,30139.781054443116,0.0983507300209151
2000-03-06,30317.333369243457,0.005890962329142985
2000-03-07,29409.153565495533,-0.029955794353248143
2000-03-08,30138.508817774575,0.024800280315947748
2000-03-09,32039.037510922066,0.06305981177232725
2000-03-10,32045.72950792816,0.00020887010116373838
2000-03-13,29787.54007320423,-0.07046771814526036
2000-03-14,27093.06375529956,-0.09045648990426437
2000-03-15,25844.89480854116,-0.04606968625001866
2000-03-16,28635.146094423428,0.10796141004064556
2000-03-17,29775.99684203429,0.039840926386369414
2000-03-20,27354.958164087868,-0.08130840054794337
2000-03-21,29766.023303076236,0.08813996806449748
2000-03-22,31733.84083745621,0.0661095207224608
2000-03-23,32609.032386488605,0.027579124553980386
2000-03-24,33036.701583567745,0.01311505327758044
2000-03-27,33203.27736000161,0.005042143084790205
2000-03-28,31484.485212349275,-0.05176573773174806
2000-03-29,29150.438385434878,-0.07413323772557362
2000-03-30,26982.47277036083,-0.07437162990170611
2000-03-31,28852.240496585804,0.06929564025276581
2000-04-03,24626.838084504532,-0.14644971549371635
2000-04-04,24104.65401940698,-0.02120386154754139
2000-04-05,24053.50280038434,-0.00212204742625459
2000-04-06,24723.13787187426,0.027839399402536106
2000-04-07,27196.52032074653,0.10004322516382778
2000-04-10,23464.486343989494,-0.13722468656808645
2000-04-11,22414.967189214392,-0.04472798336128684
2000-04-12,19250.562665940954,-0.14117372988152688
2000-04-13,18401.27338867321,-0.044117633962478926
2000-04-14,14816.341249443221,-0.1948197857566026
2000-04-17,17777.859008648764,0.19988185405198
2000-04-18,19651.98756148725,0.10541924941168336
2000-04-19,18244.322161751443,-0.07162967080716366
2000-04-20,17448.889964887858,-0.043598890099144416
2000-04-24,15925.19089813057,-0.08732355294940856
2000-04-25,18467.90028599761,0.1596658654914788
2000-04-26,17282.970978780515,-0.06416156080913592
2000-04-27,19122.218195757134,0.10641962074893187
2000-04-28,19953.59567398332,0.043477041717401584
2000-05-01,20541.871629653353,0.029482202871187916
2000-05-02,18365.505193358524,-0.10594781602826889
2000-05-03,17702.408652225855,-0.03610554319913091
2000-05-04,17784.336828645413,0.004628080733480276
2000-05-05,18952.804761855565,0.06570208068304724
2000-05-08,17228.557572048256,-0.0909758324149221
2000-05-09,16478.445133562807,-0.043538899605991145
2000-05-10,14557.176778296585,-0.11659281805375189
2000-05-11,15782.343633068907,0.08416239449663986
2000-05-12,16009.81713355867,0.014413163581936842
2000-05-15,16996.110092733787,0.06160551060309828
2000-05-16,18297.467839428566,0.07656797582472359
2000-05-17,17326.87708813959,-0.053045085790367284
2000-05-18,16111.961192647499,-0.07011741869651243
2000-05-19,14550.543877272205,-0.0969104441542367
2000-05-22,14578.853746378585,0.0019456227440817209
2000-05-23,12421.172932772564,-0.14800071741867862
2000-05-24,13708.00056657301,0.10359952645093795
2000-05-25,13006.961036900886,-0.05114090317311561
2000-05-26,13022.702913985062,0.0012102655677615989
2000-05-30,15638.22040587234,0.20084290559054968
2000-05-31,14811.303686794367,-0.052877929688691226
2000-06-01,16545.43959793732,0.11708192255142905
2000-06-02,18768.12630239107,0.13433832877615715
2000-06-05,18504.32651937065,-0.014055733575642439
2000-06-06,17667.65864043486,-0.045214716572362285
2000-06-07,18533.57175745125,0.0490111980675599
2000-06-08,18245.41936160358,-0.015547591129152966
2000-06-09,18763.253182107805,0.02838157952093864
2000-06-12,17536.983600251315,-0.06535484918072904
2000-06-13,18761.78923408319,0.06984129436115345
2000-06-14,17878.299396400867,-0.04708984983571566
2000-06-15,18599.58214975802,0.040344035937912096
2000-06-16,18946.64341136192,0.01865962680287514
2000-06-19,20400.367907617117,0.07672728433699377
2000-06-20,20397.970639496158,-0.00011751102390977452
2000-06-21,20769.327869309334,0.018205596839821137
2000-06-22,19029.78461034403,-0.08375539497047522
2000-06-23,17837.613786226455,-0.06264762573663316
2000-06-26,18661.756093682226,0.04620249756120108
2000-06-27,17941.340594957157,-0.038603842806034634
2000-06-28,18637.07483499553,0.03877827503224174
2000-06-29,17593.53192688182,-0.05599284852117504
2000-06-30,18530.586588195023,0.05326131587492343
2000-07-03,18923.998664905328,0.02123041679430308
2000-07-05,17375.388081129047,-0.08183315858334887
2000-07-06,18740.215687738077,0.07854947470734969
2000-07-07,19208.950756585775,0.025012255817012673
2000-07-10,18507.576560051624,-0.036512884301797985
2000-07-11,18232.663340578943,-0.014854090625029676
2000-07-12,19754.234854098733,0.0834530581241716
2000-07-13,20313.18871927778,0.02829539434492802
2000-07-14,21176.884562620333,0.04251896909335956
2000-07-17,21382.483230176425,0.009708636175832931
2000-07-18,20316.034391122663,-0.04987488251826219
2000-07-19,19112.307413483664,-0.059250095489353144
2000-07-20,20615.118450720067,0.07863053919780379
2000-07-21,19716.54933947468,-0.04358787039683485
2000-07-24,18513.94441439779,-0.06099469559154278
2000-07-25,19240.920440198403,0.0392664042587955
2000-07-26,18768.384676455094,-0.024558895984834395
2000-07-27,17421.559058841925,-0.07176033744144007
2000-07-28,15484.666332075869,-0.11117792157545336
2000-07-31,16652.10087427808,0.07539294145356656
2000-08-01,15835.204217835304,-0.049056672344845606
2000-08-02,15555.181258837427,-0.017683571057611317
2000-08-03,16739.217010556167,0.07611841559519253
2000-08-04,16691.14841739525,-0.0028716153886175024
2000-08-07,17528.451637229973,0.05016450629377294
2000-08-08,17298.284967893895,-0.013131032569197898
2000-08-09,17357.7068166996,0.0034351294891945498
2000-08-10,16434.707634151175,-0.05317517989533164
2000-08-11,16883.517834587426,0.027308681750055977
2000-08-14,17569.087381603902,0.040605847296351076
2000-08-15,17594.296258179576,0.001434842688645928
2000-08-16,17578.115711079787,-0.0009196473028734419
2000-08-17,18607.869736791792,0.05858159330825957
2000-08-18,18380.2216249245,-0.012233969556288405
2000-08-21,18564.25385807385,0.010012514370326875
2000-08-22,18563.464381213384,-4.252672186569652e-05
2000-08-23,19229.582010646536,0.035883260567853924
2000-08-24,19745.66040551518,0.026837733372618994
2000-08-25,19558.855285563826,-0.009460565821297
2000-08-28,19776.842752250675,0.01114520576507065
2000-08-29,19750.205029976925,-0.0013469148037150193
2000-08-30,19914.39808318467,0.008313486009817779
2000-08-31,21003.222828239617,0.05467525257388163
2000-09-01,21223.018198753045,0.010464840196710555
2000-09-05,20044.93627386573,-0.05550963175240233
2000-09-06,18538.92762838934,-0.07513162550882728
2000-09-07,19653.766568383002,0.060135028429932916
2000-09-08,18258.95911980387,-0.07096896382309537
2000-09-11,17227.13086388061,-0.056510792819735554
2000-09-12,16853.374979650893,-0.021695770885061156
2000-09-13,17538.59553846694,0.04065776496656577
2000-09-14,17494.783572138665,-0.0024980316258610084
2000-09-15,16919.64943238502,-0.032874607301205755
2000-09-18,16074.456282294985,-0.04995334882484592
2000-09-19,17603.669328901506,0.09513311179867737
2000-09-20,17919.575152651305,0.01794545318066987
2000-09-21,17232.68000251357,-0.0383321113523221
2000-09-22,17072.21269786775,-0.009311802030932582
2000-09-25,16333.273768689434,-0.043283137473480955
2000-09-26,15973.946970696656,-0.02199968010587089
2000-09-27,15875.685533816808,-0.0061513561463615845
2000-09-28,17235.04216652243,0.08562506669775327
2000-09-29,15801.866335703815,-0.08315476208131566
2000-10-02,14796.177402448106,-0.06364368055584588
2000-10-03,13898.066006293415,-0.0606988799692341
2000-10-04,14724.58886147282,0.05947035039300673
2000-10-05,14474.2412617065,-0.01700200950407242
2000-10-06,13521.546764391307,-0.06581999567988903
2000-10-09,13570.929549277462,0.0036521550194393735
2000-10-10,12500.313393721744,-0.078890407003308
2000-10-11,11809.857827506272,-0.055235060471544056
2000-10-12,11075.755797169959,-0.0621601073491774
2000-10-13,13088.883442945724,0.18175984399097636
2000-10-16,12855.577250438211,-0.017824758966224354
2000-10-17,12241.822709498947,-0.047742277844298554
2000-10-18,11985.800111236655,-0.02091376458700334
2000-10-19,13996.740124366697,0.167776868833712
2000-10-20,14435.590219680527,0.03135373604242624
2000-10-23,14138.560335428376,-0.02057622028139868
2000-10-24,13567.942990147427,-0.04035894261816009
2000-10-25,11577.556348694867,-0.14669774503754265
2000-10-26,12018.99461310513,0.03812879429086307
2000-10-27,12078.341201839998,0.004937733200259259
2000-10-30,11355.185151533018,-0.05987213295454975
2000-10-31,12836.353750422039,0.1304398456848635
2000-11-01,12387.933325564969,-0.03493362940720808
2000-11-02,13024.861076961979,0.051415174319882864
2000-11-03,13128.21237555023,0.007934925215521586
2000-11-06,12872.478882569498,-0.01947968890699907
2000-11-07,12784.832749398955,-0.006808799918811516
2000-11-08,11063.47957098197,-0.13464025788666717
2000-11-09,11046.764881193838,-0.0015107986308369342
2000-11-10,9839.264448685308,-0.10930805946310983
2000-11-13,9468.63325364623,-0.03766858762380354
2000-11-14,10821.32101449563,0.14285987476899034
2000-11-15,11084.21530822752,0.024294103592318504
2000-11-16,9990.294719842434,-0.09869174839766046
2000-11-17,10054.375698324655,0.0064143231285205375
2000-11-20,9073.140248398937,-0.09759287690922663
2000-11-21,9033.26359283668,-0.00439502250274299
2000-11-22,8264.734102525761,-0.08507772217788011
2000-11-24,9264.277328364586,0.12094076027604522
2000-11-27,8861.314149277658,-0.043496450376455026
2000-11-28,7911.19772683898,-0.10722071313949831
2000-11-29,7799.5182366634035,-0.014116634930852573
2000-11-30,7220.894576034238,-0.07418710272503938
2000-12-01,7468.471758775438,0.034286220375366744
2000-12-04,7491.657293144784,0.0031044549833241612
2000-12-05,9241.013808534475,0.23350727975643426
2000-12-06,8532.070376095708,-0.07671706234050077
2000-12-07,8382.544540378649,-0.01752515264477725
2000-12-08,9462.63603061718,0.12885007470413531
2000-12-11,9964.121399025871,0.05299637086178655
2000-12-12,9226.942302292839,-0.07398335158833987
2000-12-13,8488.37151337814,-0.08004502084413906
2000-12-14,7809.813425394682,-0.07993972541305637
2000-12-15,7277.04491431225,-0.06821782827103937
2000-12-18,7236.558299246619,-0.005563606593385577
2000-12-19,6418.776679676179,-0.1130069828437059
2000-12-20,5404.826503534011,-0.15796626471717662
2000-12-21,5474.844747497994,0.012954762547548918
2000-12-22,6514.3563101992,0.18987050969367927
2000-12-26,6340.259590335639,-0.026725084041072072
2000-12-27,6632.35159938048,0.04606940849710197
2000-12-28,6654.911233313779,0.0034014532545901034
2000-12-29,5989.877734986457,-0.09993123499502674
2001-01-01,5986.578392496366,-0.0005508196721311474
2001-01-02,4897.199260405533,-0.1819702442143364
2001-01-03,6735.151681086238,0.3753068484553567
2001-01-04,6370.256102282277,-0.0541777818944548
2001-01-05,5374.145882985806,-0.1563689439329754
2001-01-08,5437.1026731254115,0.011714752727298036
2001-01-09,5578.771008027902,0.026055850591663685
2001-01-10,6071.973316902969,0.08840698214093096
2001-01-11,6627.602175181698,0.09150713108899651
2001-01-12,6531.031115984756,-0.014571040422216474
2001-01-16,6343.763108948225,-0.028673574464863825
2001-01-17,6794.642075276069,0.07107436998898242
2001-01-18,7387.6084463101315,0.08726969934026597
2001-01-19,7304.895645127475,-0.011196153908775253
2001-01-22,7233.236108339603,-0.009809796096905347
2001-01-23,7708.1056890630825,0.06565105488205691
2001-01-24,7686.85624237124,-0.002756766389697078
2001-01-25,6949.52003364943,-0.0959216857286194
2001-01-26,7141.071011214231,0.027563195247630727
2001-01-29,7479.043624303051,0.047328000597959795
2001-01-30,7431.575008093162,-0.006346883183785719
2001-01-31,6915.318102498147,-0.06946803403488482
2001-02-01,6990.01916833598,0.010802260247557855
2001-02-02,6265.398323937614,-0.10366507257674179
2001-02-05,6238.417709569044,-0.004306288758288256
2001-02-06,6267.710373868808,0.004695527882788748
2001-02-07,5944.711496533546,-0.05153379114036642
2001-02-08,5677.611131234204,-0.04493075323421384
2001-02-09,5224.299338285531,-0.07984199383696272
2001-02-12,5338.288143413228,0.02181896513707497
2001-02-13,4971.392341690445,-0.06872911163019284
2001-02-14,5409.408389918403,0.08810731845779383
2001-02-15,5714.771900652955,0.056450444988339635
2001-02-16,4949.899039578722,-0.13384136311491981
2001-02-20,4422.231771496706,-0.10660162234883182
2001-02-21,4267.324028007448,-0.035029313589511224
2001-02-22,4158.52151327057,-0.025496661144731946
2001-02-23,4254.764073779506,0.023143456202356926
2001-02-26,4425.328776488707,0.040087934313520715
2001-02-27,3863.1215452124184,-0.12704304237534514
2001-02-28,3641.6316114006504,-0.05733444604823825
2001-03-01,3869.0466646822765,0.06244867069191468
2001-03-02,3527.7658439169177,-0.08820798774040754
2001-03-05,3659.0361651494527,0.03721061063587599
2001-03-06,3886.272277454784,0.062102723790938605
2001-03-07,3964.1505650531644,0.020039328703285002
2001-03-08,3733.0043562972405,-0.05830913961584703
2001-03-09,3250.541223699918,-0.12924258493924629
2001-03-12,2774.691429750432,-0.14639094267749417
2001-03-13,3134.470239595587,0.12966443979592893
2001-03-14,2977.801400289451,-0.04998255760321058
2001-03-15,2816.4982159785654,-0.05416855009041449
2001-03-16,2648.9222451461815,-0.0594979857901885
2001-03-19,2914.712613068443,0.10033905993627748
2001-03-20,2523.627281140682,-0.13417629243249757
2001-03-21,2493.8451876472755,-0.011801304303520187
2001-03-22,2794.5414671601643,0.1205753592894712
2001-03-23,2804.4538128821378,0.003547038338295427
2001-03-26,2710.944049869039,-0.0333433064875468
2001-03-27,2900.737116458827,0.07000995339573915
2001-03-28,2454.241639740653,-0.1539248331690424
2001-03-29,2334.224887910321,-0.04890176659337215
2001-03-30,2364.1404297667004,0.012816049563742398
2001-04-02,2192.9759355863807,-0.0724003075389268
2001-04-03,1852.8170254970673,-0.15511292420924727
2001-04-04,1777.6380931446363,-0.04057547578518293
2001-04-05,2162.0673398441977,0.21625844325799037
2001-04-06,1960.0132781344828,-0.0934541020004841
2001-04-09,2048.801060710968,0.04529958218497002
2001-04-10,2371.253352277436,0.15738584763059976
2001-04-11,2517.8573052877837,0.06182551217884153
2001-04-12,2722.15078914877,0.08113783232748994
2001-04-16,2517.3426388998214,-0.07523762131964526
2001-04-17,2582.026876288324,0.025695444231132666
2001-04-18,3073.8067283555774,0.19046271616436058
2001-04-19,3484.748975427509,0.13369163496228556
2001-04-20,3414.0054682112436,-0.020300890455843053
2001-04-23,2983.0937566596276,-0.12621881117764902
2001-04-24,2819.151222329843,-0.05495721814434748
2001-04-25,2985.575708171811,0.059033543331680295
2001-04-26,2817.3726952347147,-0.05633855221849131
2001-04-27,2967.6726759190005,0.05334756773163242
2001-04-30,3113.0856486883067,0.04899899303223396
2001-05-01,3327.0378545288368,0.06872673288981901
2001-05-02,3477.162538966088,0.04512262589164671
2001-05-03,3176.875094125701,-0.08635991026455606
2001-05-04,3332.1756855742656,0.04888470174220196
2001-05-07,3232.5999419078034,-0.029883101331525705
2001-05-08,3347.6071525456496,0.03557731012330935
2001-05-09,3165.4629740830146,-0.05441026087070142
2001-05-10,3035.0507029244595,-0.04119848256836227
2001-05-11,2978.158210760581,-0.018745153782458793
2001-05-14,2891.598925008737,-0.029064703627594737
2001-05-15,2896.891544291897,0.00183034349521495
2001-05-16,3227.57091738923,0.1141497249867403
2001-05-17,3314.4220754894395,0.02690914013144698
2001-05-18,3322.806588663426,0.0025297059285209313
2001-05-21,3752.1332854561983,0.12920604475070144
2001-05-22,3716.4409136097634,-0.009512554360684307
2001-05-23,3405.3915615560268,-0.08369549234986104
2001-05-24,3564.36787728449,0.04668371106664232
2001-05-25,3412.248706986572,-0.04267774133735329
2001-05-29,3107.077592557334,-0.0894340186295334
2001-05-30,2793.167783630651,-0.10103056636841637
2001-05-31,2858.4319698624045,0.023365651936211772
2001-06-01,2988.1253651372394,0.045372216880529115
2001-06-04,2980.5940211705915,-0.0025204243618814396
2001-06-05,3255.9871808897055,0.09239539426136151
2001-06-06,3187.699600188604,-0.02097292676761761
2001-06-07,3386.466330299242,0.06235428523405332
2001-06-08,3154.61794615676,-0.06846321844930167
2001-06-11,2988.055605679703,-0.05279952860218089
2001-06-12,3005.5962636245,0.005870258207864535
2001-06-13,2804.5861037154914,-0.06687862982189326
2001-06-14,2557.2884693384535,-0.08817616048564893
2001-06-15,2527.515879412737,-0.011642249313163596
2001-06-18,2422.5106928152304,-0.041544817760711526
2001-06-19,2449.5792096148934,0.01117374502409594
2001-06-20,2582.7644789616847,0.05437067265431683
2001-06-21,2671.4505887602645,0.034337668231457584
2001-06-22,2598.6711919744102,-0.02724339993113216
2001-06-25,2647.1719643210827,0.018663681844959656
2001-06-26,2670.2930700510447,0.008734266621734868
2001-06-27,2683.389438722393,0.004904468658602325
2001-06-28,2844.80392710885,0.060153209987779115
2001-06-29,2911.301133825419,0.023374970092982627
2001-07-02,2900.3318220851925,-0.0037678382400151826
2001-07-03,2884.3968836412228,-0.005494177708436532
2001-07-05,2658.4216649483733,-0.07834401013759983
2001-07-06,2407.8693544121647,-0.09424852115816412
2001-07-09,2489.1452456418365,0.03375427785595701
2001-07-10,2277.342803603033,-0.08509043110667856
2001-07-11,2323.628096973071,0.020324253905388744
2001-07-12,2630.7121938397886,0.13215716287246998
2001-07-13,2633.344128660765,0.0010004647513853525
2001-07-16,2435.79178169912,-0.07501957105094112
2001-07-17,2562.10639275426,0.05185772117476632
2001-07-18,2376.095589814567,-0.07260073331292533
2001-07-19,2458.5468194564633,0.034700299935462926
2001-07-20,2401.9174532926572,-0.02303367408570462
2001-07-23,2267.726695617425,-0.055868180436957876
2001-07-24,2197.695872529104,-0.03088150932105769
2001-07-25,2260.425770110289,0.028543484276100387
2001-07-26,2386.600519826598,0.05581901931252233
2001-07-27,2414.2405684112514,0.011581346922132512
2001-07-30,2375.652453310777,-0.015983541824859674
2001-07-31,2414.004342349711,0.01614372884614729
2001-08-01,2545.398594439646,0.05442999823357402
2001-08-02,2609.615118833774,0.025228474838639037
2001-08-03,2533.165718978604,-0.029295277799177694
2001-08-06,2464.565954923664,-0.02708064598418792
2001-08-07,2445.5431487643905,-0.007718521844087734
2001-08-08,2242.9322337839094,-0.08284904524495923
2001-08-09,2250.1674171501622,0.0032257699351206526
2001-08-10,2218.2096333010118,-0.014202402721493961
2001-08-13,2315.6635344493484,0.043933584853885856
2001-08-14,2250.060299932215,-0.028330210128188385
2001-08-15,2089.880494504318,-0.07118911676843613
2001-08-16,2116.086215422502,0.012539339444095509
2001-08-17,1940.8729033698237,-0.08280064903579314
2001-08-20,1989.8580335119275,0.025238710920768667
2001-08-21,1846.4688146972667,-0.07206002458456359
2001-08-22,1932.7145762369155,0.046708485327865604
2001-08-23,1885.4734223395826,-0.024442902474153063
2001-08-24,2093.4213521101506,0.11028950464469361
2001-08-27,2089.2519677512287,-0.0019916603767890307
2001-08-28,1951.2570893760178,-0.06604989752564026
2001-08-29,1883.1653126249828,-0.0348963635400857
2001-08-30,1767.772656176206,-0.06127590375373288
2001-08-31,1805.9834027783077,0.02161519269381261
2001-09-04,1693.10208599116,-0.06250407208255176
2001-09-05,1671.9280688667673,-0.01250604868990945
2001-09-06,1545.0667783080664,-0.07587724192266691
2001-09-07,1528.0437360555338,-0.01101767411708487
2001-09-10,1552.58988730462,0.016063775316045185
2001-09-17,1295.011257091783,-0.16590255567103268
2001-09-18,1236.841053443437,-0.044918685710098966
2001-09-19,1203.5463255128307,-0.02691916462338624
2001-09-20,1119.807873289466,-0.06957642630638575
2001-09-21,1044.1669879547092,-0.06754809207811663
2001-09-24,1162.5199508563196,0.11334677716007614
2001-09-25,1156.03662467746,-0.005576959065591988
2001-09-26,1125.4153028955834,-0.02648819347779743
2001-09-27,1071.8190580647943,-0.047623525904518384
2001-09-28,1116.8391814439856,0.042003473478514776
2001-10-01,1083.6899884248635,-0.029681259011940214
2001-10-02,1098.8664697404656,0.014004449130014697
2001-10-03,1269.4174524386876,0.1552062851990592
2001-10-04,1292.126122123084,0.017889047957211142
2001-10-05,1314.6643902549163,0.01744277725366285
2001-10-08,1330.5266899250814,0.012065664657646413
2001-10-09,1257.4379697997629,-0.054932171356467906
2001-10-10,1378.7719385593607,0.0964930053598743
2001-10-11,1558.6630120989435,0.1304719573329478
2001-10-12,1567.3811013273155,0.005593312448360491
2001-10-15,1533.264168923267,-0.02176683920404356
2001-10-16,1590.656814851898,0.03743167491413751
2001-10-17,1386.6313851785608,-0.1282648952108085
2001-10-18,1419.2226482243882,0.02350391271551271
2001-10-19,1455.8797455012034,0.025828996826310156
2001-10-22,1532.0202314015617,0.05229860923310384
2001-10-23,1534.03046526383,0.0013121457674415327
2001-10-24,1623.9121872806084,0.058591875488809245
2001-10-25,1747.641119284793,0.07619188585029346
2001-10-26,1690.3612223659893,-0.03277554887369836
2001-10-29,1503.1174706164131,-0.11077144297447382
2001-10-30,1432.2534104770737,-0.04714472522914586
2001-10-31,1480.1420849761716,0.03343589489736078
2001-11-01,1608.7421303014628,0.08688358140114727
2001-11-02,1612.2325097727519,0.0021696326624050465
2001-11-05,1734.7506273561742,0.07599283406131754
2001-11-06,1835.0509127116397,0.05781827299773165
2001-11-07,1838.638946668268,0.0019552776066176806
2001-11-08,1804.4845644006812,-0.01857590492656371
2001-11-09,1814.6854756243383,0.005653088657505397
2001-11-12,1847.0717044911453,0.017846744960398564
2001-11-13,1972.5304784148161,0.06792306634258895
2001-11-14,1985.0976610241328,0.006371096795125909
2001-11-15,1976.5741196134798,-0.004293764270648297
2001-11-16,1975.2389317521445,-0.0006755060931367558
2001-11-19,2063.0219566502305,0.044441724738696856
2001-11-20,1889.6305419121582,-0.08404729488173339
2001-11-21,1895.0382301296238,0.0028617701172387057
2001-11-23,1956.7599338773282,0.0325701628422992
2001-11-26,2060.7023982445207,0.05311968145281368
2001-11-27,2035.5697930055208,-0.01219613528882681
2001-11-28,1901.7015549266685,-0.06576450413974538
2001-11-29,2004.7285686374496,0.05417622625583531
2001-11-30,1996.3413252292041,-0.004183730176472755
2001-12-03,1924.305237085396,-0.036084053980867996
2001-12-04,2087.9102862232226,0.08502032109294017
2001-12-05,2309.0399031183406,0.10590953948271165
2001-12-06,2300.874563111537,-0.003536248982001701
2001-12-07,2182.553953279419,-0.05142418962297084
2001-12-10,2107.3467187705974,-0.03445836213845631
2001-12-11,2147.84946055728,0.019219780696700692
2001-12-12,2170.037571367367,0.01033038451602186
2001-12-13,1992.947485108982,-0.08160692173951557
2001-12-14,2002.0651082680329,0.004574944009903235
2001-12-17,2087.805766594761,0.04282610888758832
2001-12-18,2131.6966765172824,0.021022506319688994
2001-12-19,2056.8825522230723,-0.03509604584853035
2001-12-20,1876.470667729517,-0.08771132036613695
2001-12-21,1926.6356416364783,0.026733684021642633
2001-12-24,1923.6014254497372,-0.0015748780522735126
2001-12-26,1956.1427723299266,0.01691688644521626
2001-12-27,1994.371897731969,0.01954311614816756
2001-12-28,2030.5082840843743,0.018119181479392135
2001-12-31,1919.3579027307428,-0.05474017625284056
2002-01-02,2000.1751666342204,0.04210640641252783
2002-01-03,2139.8435508467614,0.06982807633171814
2002-01-04,2161.217214965227,0.00998842373780441
2002-01-07,2095.8277237606944,-0.030255862646173064
2002-01-08,2138.2671996342615,0.020249505907582507
2002-01-09,2105.251463594903,-0.015440416447956587
2002-01-10,2112.568749918923,0.0034757303108699294
2002-01-11,2055.0425563660406,-0.02723044802924878
2002-01-14,1978.2157779525307,-0.037384519447306974
2002-01-15,1999.568415972456,0.01079388722802789
2002-01-16,1866.818978694848,-0.06638904486448768
2002-01-17,1970.511140680424,0.05554484027051748
2002-01-18,1837.338673148869,-0.06758270216405379
2002-01-22,1726.7052728304218,-0.060213939833335846
2002-01-23,1835.6766544213035,0.06310942770925543
2002-01-24,1873.3021409239477,0.020496794145102595
2002-01-25,1856.7525657029507,-0.008834439922667522
2002-01-28,1872.171294413965,0.008304137554901742
2002-01-30,1809.9425728024958,-0.0332387970038545
2002-01-31,1836.2570467558555,0.014538844684234734
2002-02-01,1783.9872485274848,-0.02846540375200561
2002-02-04,1669.3294888262212,-0.06427050406100314
2002-02-05,1632.4230769437308,-0.022108524488141074
2002-02-06,1594.614460662829,-0.02316104006057547
2002-02-07,1523.7255799839631,-0.04445518489114896
2002-02-08,1606.214678988245,0.054136453497847105
2002-02-11,1662.2903452388373,0.034911688321709614
2002-02-12,1633.2188473779381,-0.01748882073710296
2002-02-13,1682.1660572746541,0.0299697802136551
2002-02-14,1654.8274642574734,-0.016252017985354604
2002-02-15,1569.4305322052264,-0.05160473457005662
2002-02-19,1461.0881375628153,-0.06903293418803183
2002-02-20,1505.220678261897,0.03020525563413154
2002-02-21,1376.8534177352246,-0.08528135600349328
2002-02-22,1392.9324668015347,0.011678112469487458
2002-02-25,1499.1708122742486,0.0762695593682726
2002-02-26,1484.6067037230762,-0.009714775949432172
2002-02-27,1436.4001573647874,-0.032470920572699166
2002-02-28,1396.181759325886,-0.027999438619309085
2002-03-01,1552.627832927223,0.11205279868208064
2002-03-04,1680.6322069027183,0.08244369401401512
2002-03-05,1690.096087940714,0.005631143446570577
2002-03-06,1737.357930365848,0.027963997291254563
2002-03-07,1707.222312363748,-0.017345658873962732
2002-03-08,1816.5755847276503,0.06405332894958253
2002-03-11,1813.2119814120927,-0.0018516175951257823
2002-03-12,1735.4854059066033,-0.04286678904744355
2002-03-13,1657.159985629305,-0.04513170782694178
2002-03-14,1636.8197998533406,-0.012274123169972798
2002-03-15,1677.1065868360197,0.02461284191838877
2002-03-18,1700.3334626257154,0.013849373660570319
2002-03-19,1697.4838385613723,-0.0016759207102485698
2002-03-20,1576.3396217092238,-0.0713669338700855
2002-03-21,1658.7071740452345,0.052252415153213966
2002-03-22,1616.572699681324,-0.025401996822111538
2002-03-25,1522.8340419060455,-0.057986045288131546
2002-03-26,1548.2436969792973,0.016685767702859927
2002-03-27,1541.6185167762367,-0.004279158517478061
2002-03-28,1576.5180985683808,0.022638273614619387
2002-04-01,1631.922431214824,0.03514348024088989
2002-04-02,1481.5204103315334,-0.09216248150430127
2002-04-03,1447.4044619971085,-0.023027660028517954
2002-04-04,1453.0545716999275,0.003903614954332155
2002-04-05,1410.8477923873463,-0.02904693335997939
2002-04-08,1443.8975467326175,0.023425457036259315
2002-04-09,1345.0530579289943,-0.06845671912615782
2002-04-10,1380.9111195554926,0.026659217207170592
2002-04-11,1302.555440394926,-0.05674201478353565
2002-04-12,1355.9756296393941,0.04101183534135895
2002-04-15,1362.2491619562707,0.0046265819088099095
2002-04-16,1480.475121184248,0.08678732388295113
2002-04-17,1458.9907954322796,-0.014511777634455018
2002-04-18,1442.6745059645784,-0.01118327101088175
2002-04-19,1420.0844545601678,-0.01565845331778893
2002-04-22,1347.7056943660234,-0.0509679265636083
2002-04-23,1293.6757856525794,-0.040090287471004696
2002-04-24,1253.526399573866,-0.03103512218748115
2002-04-25,1253.4566829001362,-5.561643835616439e-05
2002-04-26,1154.3862986842503,-0.07903774064745966
2002-04-29,1146.5524758230858,-0.006786136382676515
2002-04-30,1202.2552553866158,0.04858284355763331
2002-05-01,1184.037872778198,-0.015152674547934923
2002-05-02,1105.3868004352428,-0.06642614577725484
2002-05-03,1042.846977607018,-0.05657732008704984
2002-05-06,990.860806036685,-0.049850239475808744
2002-05-07,987.5459504980153,-0.0033454300729975264
2002-05-08,1197.3269710931208,0.2124265918859916
2002-05-09,1118.8334607374381,-0.06555728907035373
2002-05-10,1025.6320770593445,-0.08330228487863012
2002-05-13,1116.4994079310331,0.08859642059189493
2002-05-14,1231.5638922670244,0.10305825826564047
2002-05-15,1241.872022105106,0.00836995133001732
2002-05-16,1250.896406496933,0.007266758757097792
2002-05-17,1269.744523132307,0.01506768788964482
2002-05-20,1205.1930706099606,-0.05083814211941291
2002-05-21,1137.4148984213355,-0.0562384350204751
2002-05-22,1152.9288195505412,0.013639632425017659
2002-05-23,1193.4562241545957,0.035151697066479685
2002-05-24,1130.8033519441767,-0.05249700067951816
2002-05-28,1115.733473684666,-0.013326701086976188
2002-05-29,1068.8128016425123,-0.04205365631560729
2002-05-30,1084.925698697528,0.015075509041671452
2002-05-31,1050.335758615509,-0.03188231242337154
2002-06-03,964.6114646990748,-0.08161608629742444
2002-06-04,997.2621520035434,0.03384853746752291
2002-06-05,1025.632212357208,0.02844794650701193
2002-06-06,960.4137260083755,-0.06358857060362887
2002-06-07,931.5218485821355,-0.030082741056106175
2002-06-10,923.8177842671219,-0.00827040646093273
2002-06-11,867.3914092594351,-0.0610795505008064
2002-06-12,902.5912598578661,0.04058127648333996
2002-06-13,875.5438327422181,-0.029966418154666375
2002-06-14,880.337555247453,0.005475137081624941
2002-06-17,944.1531928920292,0.07248996395097364
2002-06-18,925.0519272689066,-0.0202311084333821
2002-06-19,858.7366897423925,-0.0716881242789268
2002-06-20,803.778729886158,-0.06399861623790774
2002-06-21,763.1535841353019,-0.050542698183379337
2002-06-24,795.5234503817145,0.04241592638667818
2002-06-25,742.9196619977328,-0.06612474887917012
2002-06-26,749.3868990689219,0.00870516342749443
2002-06-27,783.5163646563165,0.045543184208048836
2002-06-28,784.6212455894672,0.0014101568046195109
2002-07-01,705.0289704430336,-0.10144037724423051
2002-07-02,656.2394466307014,-0.06920215460319781
2002-07-03,699.8133241268558,0.06639935730757078
2002-07-05,791.4011312154154,0.1308746260337813
2002-07-08,721.8035685279698,-0.08794220774054155
2002-07-09,687.4640030884173,-0.047574668423410384
2002-07-10,644.1325386984887,-0.06303088481035068
2002-07-11,696.4574595751349,0.08123315891225125
2002-07-12,700.3126287063168,0.005535397859811381
2002-07-15,728.4652312752322,0.04020004982763436
2002-07-16,714.5548961638852,-0.019095400184022317
2002-07-17,739.1603393623236,0.03443464362295117
2002-07-18,690.0737132795829,-0.066408630805446
2002-07-19,649.5721382547913,-0.05869166473869493
2002-07-22,614.0062489799865,-0.054752793693337735
2002-07-23,558.5147366652376,-0.09037613608482611
2002-07-24,626.8615390918696,0.12237242446764253
2002-07-25,551.5569139870018,-0.12012959865740237
2002-07-26,571.8261473596987,0.03674912390487134
2002-07-29,646.0817599474855,0.12985697301644622
2002-07-30,659.6716637272696,0.021034340577713882
2002-07-31,635.0745935177652,-0.037286837622411
2002-08-01,570.9846029294695,-0.1009172642748821
2002-08-02,544.6032689149916,-0.0462032318894886
2002-08-05,501.27413304197364,-0.07956091772886767
2002-08-06,553.6850447013419,0.10455538836866284
2002-08-07,574.7356717343954,0.03801913603140262
2002-08-08,609.9227445340197,0.06122305353596591
2002-08-09,597.126831336863,-0.020979563906790708
2002-08-12,599.129468791553,0.003353789094029641
2002-08-13,559.0767643089566,-0.06685150133473311
2002-08-14,634.4663961088607,0.1348466554375391
2002-08-15,650.3314067110181,0.025005281129869727
2002-08-16,670.2895241511386,0.030689149000286676
2002-08-19,710.4060944831508,0.05984961555652579
2002-08-20,685.535781021393,-0.035008586856017966
2002-08-21,722.83412980471,0.05440758865678093
2002-08-22,741.7256806895273,0.026135388612490203
2002-08-23,687.184351842307,-0.07353301937249525
2002-08-26,695.6383334263319,0.012302348796738558
2002-08-27,637.6930673883402,-0.08329797720114876
2002-08-28,598.8647752916836,-0.060888684670318126
2002-08-29,620.2803895313642,0.03576035045515898
2002-08-30,595.2605397406945,-0.0403363546759439
2002-09-03,541.1341091202171,-0.09092897480497501
2002-09-04,566.7760639634361,0.04738558226334681
2002-09-05,519.89988295922,-0.0827067054956648
2002-09-06,566.1539050525431,0.0889671715832088
2002-09-09,578.3497868081593,0.021541636729476173
2002-09-10,597.537423457146,0.03317652584412779
2002-09-11,595.8396706556638,-0.0028412493257069646
2002-09-12,556.2811575728965,-0.06639120392778979
2002-09-13,566.9744731601728,0.019222861392487325
2002-09-16,548.0386191614356,-0.03339807150962814
2002-09-17,534.7970109915975,-0.0241618158043302
2002-09-18,531.9905869620288,-0.005247643445809792
2002-09-19,497.1724283151897,-0.06544882465998282
2002-09-20,503.6556215774061,0.013040130331013354
2002-09-23,470.6109207878182,-0.06560971301401292
2002-09-24,471.3550690832799,0.00158123890158771
2002-09-25,512.2987637630592,0.08686380473092
2002-09-26,504.4732570440229,-0.015275279334181081
2002-09-27,488.9831703455897,-0.030705466508170954
2002-09-30,457.26701272046284,-0.06486145034953131
2002-10-01,499.1059107950279,0.09149773963717359
2002-10-02,474.9205617285262,-0.04845734851742546
2002-10-03,456.61421240857857,-0.038546129174360476
2002-10-04,437.06841023696575,-0.04280594348675947
2002-10-07,425.46039591453797,-0.02655880418384453
2002-10-08,432.6595770890513,0.016920919652318026
2002-10-09,428.31675607950746,-0.010037501166072698
2002-10-10,473.01204306813315,0.10435101208211668
2002-10-11,518.6851231542744,0.09655796454967298
2002-10-14,530.4095130640956,0.022604060510781177
2002-10-15,588.8766897102049,0.11023025644535177
2002-10-16,538.9168708140649,-0.08483918580768754
2002-10-17,580.2532223232188,0.07670264886440267
2002-10-18,593.8145916831908,0.02337146755631095
2002-10-21,622.5575645135929,0.048403951726630916
2002-10-22,602.8421495575708,-0.03166842084944519
2002-10-23,634.6434804875295,0.052752334841380824
2002-10-24,603.2904153926996,-0.04940264267860215
2002-10-25,641.5709401681407,0.06345289730903994
2002-10-28,620.725857376412,-0.032490690407931566
2002-10-29,597.0653981121596,-0.03811740558747912
2002-10-30,628.4383707878558,0.05254528695666055
2002-10-31,632.8008117718897,0.0069417164622917115
2002-11-01,670.521099916123,0.05960846990479314
2002-11-04,707.1639867910437,0.05464837255606778
2002-11-05,711.7175518240549,0.006439192490096049
2002-11-06,732.642125802172,0.029400109530093265
2002-11-07,677.5154013718981,-0.07524372744730658
2002-11-08,654.5590095041822,-0.033883202981410614
2002-11-11,607.7679079598904,-0.07148492475832746
2002-11-12,644.5571617013784,0.06053174782620462
2002-11-13,657.3874965670469,0.019905658687898897
2002-11-14,716.9740593462863,0.09064146046343617
2002-11-15,721.610853030744,0.006467170776980981
2002-11-18,699.6098583299564,-0.030488724786197543
2002-11-19,673.8273084642113,-0.03685275380094099
2002-11-20,732.3349671719795,0.0868288624886974
2002-11-21,797.4329401707298,0.08889098010728035
2002-11-22,794.3504511631135,-0.003865515019929329
2002-11-25,809.9481900225378,0.019635840624985728
2002-11-26,753.0301290570022,-0.07027370598106009
2002-11-27,805.8635671990954,0.07016112118681751
2002-11-29,792.071663646393,-0.017114439855667372
2002-12-02,798.0853188830765,0.007592312050400829
2002-12-03,752.9806631515252,-0.05651608250941836
2002-12-04,726.2303783526077,-0.035525858907129025
2002-12-05,703.8766141239055,-0.030780541402591573
2002-12-06,721.0958323267486,0.02446340432019526
2002-12-09,651.7997815027637,-0.0960982545140891
2002-12-10,675.1806408398137,0.035871229172774466
2002-12-11,679.4174190177877,0.006275029113252115
2002-12-12,684.1130148809497,0.006911209120823503
2002-12-13,639.2107834669606,-0.06563569240354684
2002-12-16,685.6095201962942,0.0725875375219351
2002-12-17,682.3881362089369,-0.0046985695099959176
2002-12-18,647.8377556381297,-0.050631566900847184
2002-12-19,637.9983957186543,-0.01518800013405137
2002-12-20,647.5514376862192,0.01497345766332876
2002-12-23,671.3238538567756,0.03671123989083899
2002-12-24,659.6067958014326,-0.017453659642850797
2002-12-26,650.6898527266452,-0.013518573688970493
2002-12-27,626.8271714186093,-0.036672896016499944
2002-12-30,616.7219958972577,-0.016121151063828398
2002-12-31,609.7223241931254,-0.01134980064064133
2003-01-02,663.6291348570211,0.08841206648490886
2003-01-03,668.4694543479197,0.007293711557648177
2003-01-06,707.0694419501858,0.05774383160098132
2003-01-07,720.8550613036165,0.01949683939869926
2003-01-08,681.3740279243121,-0.054769724870774444
2003-01-09,725.174785859934,0.06428298722957382
2003-01-10,740.3885251570002,0.02097941019698494
2003-01-13,734.3579298560479,-0.00814517661476918
2003-01-14,750.4247069732228,0.021878673142842486
2003-01-15,721.2363033824857,-0.03889584567180113
2003-01-16,704.8949516557274,-0.02265741706306246
2003-01-17,646.5856940225054,-0.08272049260142851
2003-01-21,635.4845990304354,-0.017168791537914327
2003-01-22,658.3218770822635,0.035936792310421316
2003-01-23,673.7799853663405,0.023481079426660587
2003-01-24,613.6979463775341,-0.08917159947418025
2003-01-27,600.2323470035323,-0.021941737712314363
2003-01-28,630.1448460526914,0.049834866778652794
2003-01-29,650.7411491009824,0.03268502976309164
2003-01-30,602.5975245912992,-0.07398275731632305
2003-01-31,615.8823081996661,0.02204586488697753
2003-02-03,617.6845848218402,0.002926332836938349
2003-02-04,571.1571166719086,-0.07532561001720903
2003-02-05,580.1526038658224,0.015749584363633284
2003-02-06,571.9979103860312,-0.014056118037655378
2003-02-07,561.0913221470396,-0.019067531613237834
2003-02-10,587.9176769601768,0.04781103138520316
2003-02-11,573.3652254361567,-0.02475253270026409
2003-02-12,566.347188742837,-0.012240080810588166
2003-02-13,544.9500693298999,-0.03778092279478591
2003-02-14,595.5597604687442,0.09287032700275986
2003-02-18,635.7492665490321,0.06748190315721823
2003-02-19,609.311854373958,-0.041584652261702805
2003-02-20,615.819141485871,0.010679731676316986
2003-02-21,640.029832055085,0.03931461193427258
2003-02-24,608.5271309575052,-0.049220676161964336
2003-02-25,617.6702623054274,0.015025018413781786
2003-02-26,583.3732041497417,-0.055526484353761
2003-02-27,615.7540468458785,0.055506222201843286
2003-02-28,630.9347734169843,0.02465388030962536
2003-03-03,599.7987014849642,-0.049349113797286764
2003-03-04,592.0788531121356,-0.012870732053464083
2003-03-05,607.8860515332618,0.026697792596440638
2003-03-06,603.5848014736318,-0.007075750543676727
2003-03-07,604.0707603238737,0.0008051210849832521
2003-03-10,567.9128767545714,-0.05985703322226061
2003-03-11,561.3512992163203,-0.011553845328790958
2003-03-12,578.2808195201815,0.030158512730790437
2003-03-13,647.8486357951964,0.12030109581143912
2003-03-14,635.6551306313144,-0.01882153405928723
2003-03-17,706.5697796302802,0.1115615143836492
2003-03-18,713.1785617680624,0.009353332577060256
2003-03-19,682.3202681430362,-0.04326867811130567
2003-03-20,721.4725134810803,0.05738103815177382
2003-03-21,735.2198053682108,0.019054491515969663
2003-03-24,662.9700191834918,-0.0982696408029095
2003-03-25,700.7048592040834,0.056917867970961177
2003-03-26,700.0890851266928,-0.0008787923607238423
2003-03-27,694.4458968888882,-0.00806067164549977
2003-03-28,660.3129408078341,-0.04915135395567818
2003-03-31,645.7260082347306,-0.022090938510545863
2003-04-01,643.9485145220245,-0.0027527057761933304
2003-04-02,688.1078851543302,0.06857593369103938
2003-04-03,703.3774937395882,0.022190718802522033
2003-04-04,658.5017936529006,-0.06380030706996433
2003-04-07,669.5792840662926,0.01682226308290231
2003-04-08,673.1241033243218,0.005294099358184699
2003-04-09,631.6004951411861,-0.06168789377481095
2003-04-10,646.545126265836,0.0236615253465076
2003-04-11,627.7261933193687,-0.029106913318111813
2003-04-14,664.4905553178985,0.058567513017296
2003-04-15,674.6213084052822,0.015245894778048392
2003-04-16,665.6451551672279,-0.013305469492614632
2003-04-17,707.7644819647718,0.06327594585580998
2003-04-21,689.4429645187288,-0.025886460698313137
2003-04-22,731.8419182327673,0.061497405726136475
2003-04-23,747.5379424490923,0.021447287761580204
2003-04-24,747.0911856003188,-0.0005976376895464035
2003-04-25,701.4852705988138,-0.061044643385611205
2003-04-28,739.2303197648426,0.05380732960195775
2003-04-29,730.2659957125235,-0.012126564363824827
2003-04-30,747.5163418171264,0.02362200377106664
2003-05-01,751.2599031856809,0.005007999369557899
2003-05-02,775.0879439839505,0.031717439859665054
2003-05-05,796.1283069120359,0.027145774994174046
2003-05-06,807.1983064327673,0.013904793265885671
2003-05-07,765.9632890198454,-0.05108412280391274
2003-05-08,767.1633630196804,0.0015667513274306658
2003-05-09,782.9720567933081,0.020606685010871602
2003-05-12,809.9498076599438,0.03445557300872791
2003-05-13,812.393554569331,0.003017158453864556
2003-05-14,777.8432474147106,-0.04252902667714575
2003-05-15,789.0885746534854,0.014457060951741168
2003-05-16,785.2784428914262,-0.00482852227803746
2003-05-19,738.5681487616955,-0.05948246071513373
2003-05-20,726.4918892552589,-0.016350907531937225
2003-05-21,727.6599635360388,0.001607828384673959
2003-05-22,771.8778516876507,0.0607672406995385
2003-05-23,768.8738126666245,-0.0038918580374577238
2003-05-27,821.1140926770144,0.06794389293765772
2003-05-28,831.9471130756963,0.013193075719068383
2003-05-29,855.1405651535573,0.02787851741214074
2003-05-30,859.1291454821823,0.0046642394141466455
2003-06-02,829.0830042154638,-0.034972787763887604
2003-06-03,855.2205030903485,0.03152579264318402
2003-06-04,897.3696831490167,0.04928457620737769
2003-06-05,902.1091957346403,0.005281560849026911
2003-06-06,870.6386478893921,-0.03488551939615225
2003-06-09,838.4609898448341,-0.0369586832867612
2003-06-10,873.6428423147821,0.04196003498798304
2003-06-11,898.828994877314,0.02882888904097165
2003-06-12,880.5590776172032,-0.020326355028861223
2003-06-13,856.0866918686515,-0.027791872652967363
2003-06-16,914.9654275857731,0.06877660437472989
2003-06-17,896.1196561152688,-0.020597249800170858
2003-06-18,933.4796196410231,0.041690820272497854
2003-06-19,885.0782167752878,-0.05185051911936585
2003-06-20,876.8190742019706,-0.009331539763128264
2003-06-23,837.2184919835748,-0.045163915092104816
2003-06-24,834.9597844853084,-0.0026978710096512534
2003-06-25,832.5777340688393,-0.0028528923916227677
2003-06-26,875.598610121433,0.05167190316554476
2003-06-27,850.2264405536087,-0.028976941345653356
2003-06-30,850.4455504787909,0.00025770772906040203
2003-07-01,877.9115371958196,0.03229599672967384
2003-07-02,916.1096087702623,0.04351016014261857
2003-07-03,890.5097359348105,-0.027944115628058767
2003-07-07,968.5228780747816,0.0876050412386307
2003-07-08,993.5882996881134,0.02588005113844757
2003-07-09,972.8782883325903,-0.020843654622366193
2003-07-10,935.5093522666867,-0.03841069999614232
2003-07-11,951.7945815528396,0.0174078743806193
2003-07-14,979.6952627840545,0.02931376346532175
2003-07-15,972.1839514017785,-0.007666987549710828
2003-07-16,959.8922116751388,-0.012643429989680812
2003-07-17,917.9685565334947,-0.04367537795569952
2003-07-18,944.5231692349545,0.028927584188435947
2003-07-21,891.4594163849865,-0.05618046711649066
2003-07-22,939.5198781884643,0.05391211413568422
2003-07-23,946.964579952565,0.007923942789220309
2003-07-24,919.6140463435158,-0.02888231955879404
2003-07-25,958.0457595728714,0.04179113333703855
2003-07-28,969.2421699361411,0.011686717728662012
2003-07-29,925.8899405666513,-0.04472796450070482
2003-07-30,932.5533784279312,0.007196792587682526
2003-07-31,987.4025430828634,0.058816112754205334
2003-08-01,928.4884522165313,-0.05966572729536515
2003-08-04,953.3948787174293,0.026824702495157747
2003-08-05,878.3267756203079,-0.0787376823316987
2003-08-06,893.0669136703547,0.016782066150308014
2003-08-07,875.9209166981741,-0.019199005930824763
2003-08-08,845.8597335592531,-0.03431951739688799
2003-08-11,882.2345722815497,0.04300339320945888
2003-08-12,898.4903822886814,0.018425723178238807
2003-08-13,887.1349334399314,-0.012638364386077036
2003-08-14,916.1464185236971,0.032702449188052575
2003-08-15,921.1636242991709,0.005476423499595873
2003-08-18,961.2213196878996,0.04348597179920656
2003-08-19,985.7636596777567,0.025532454895846313
2003-08-20,995.0246399534929,0.009394726803748915
2003-08-21,982.1517590087655,-0.012937248413596154
2003-08-22,990.4122523932962,0.008410607941961742
2003-08-25,977.0924321472276,-0.013448763597059515
2003-08-26,998.1795092924199,0.021581455808486832
2003-08-27,1013.6686133372588,0.015517353242222566
2003-08-28,1032.7473089710072,0.018821432747075508
2003-08-29,1051.724048158207,0.01837500715069169
2003-09-02,1077.1224446675596,0.024149297103009646
2003-09-03,1066.9952715991815,-0.00940206298598096
2003-09-04,1100.5658742664282,0.03146274736244327
2003-09-05,1066.8643683795788,-0.030621979724123956
2003-09-08,1117.797218777259,0.047740698731030304
2003-09-09,1081.4800609664003,-0.0324899339529451
2003-09-10,1029.679868444348,-0.04789750120382643
2003-09-11,1069.4240782654097,0.03859860820733312
2003-09-12,1068.7650099276634,-0.0006162834287547706
2003-09-15,1050.2252070565735,-0.017346940345983747
2003-09-16,1108.7654510810835,0.05574065793809932
2003-09-17,1086.7276738801922,-0.019875959500184406
2003-09-18,1137.2674468897253,0.046506382623973476
2003-09-19,1107.3608655354174,-0.026296876285431713
2003-09-22,1067.770219126169,-0.035752253525869325
2003-09-23,1114.991543991167,0.044224238529187214
2003-09-24,1036.1622512454144,-0.07069945343583434
2003-09-25,1014.5851196718514,-0.020824085752620677
2003-09-26,989.3021366506808,-0.024919528712729296
2003-09-29,1029.0158041714535,0.04014311305869093
2003-09-30,977.6590244541582,-0.0499086403815217
2003-10-01,1028.473189043561,0.051975344489632425
2003-10-02,1012.7273743296205,-0.015309893229772538
2003-10-03,1104.1254374150124,0.09024942487201267
2003-10-06,1101.3095165157656,-0.0025503632140196505
2003-10-07,1114.8535771916872,0.012298141869118883
2003-10-08,1088.7897256261524,-0.02337872174316335
2003-10-09,1104.9287980849285,0.014822947056645712
2003-10-10,1116.5801624233297,0.010544900593228818
2003-10-13,1134.1900706733848,0.015771288835936204
2003-10-14,1159.8929732725237,0.022661900561233933
2003-10-15,1141.5113508636653,-0.015847688392314912
2003-10-16,1170.3541181180808,0.02526717516439326
2003-10-17,1112.050099307011,-0.049817416718986096
2003-10-20,1139.4383041772253,0.02462857103945375
2003-10-21,1171.5529866885763,0.028184661155954922
2003-10-22,1099.2859809406757,-0.06168479494228013
2003-10-23,1102.1921763776581,0.0026437119069739777
2003-10-24,1076.1767026325726,-0.023603391770194822
2003-10-27,1074.0156918517778,-0.002008044566945559
2003-10-28,1153.4053859159426,0.07391856065648729
2003-10-29,1159.3189224049156,0.005127023474298073
2003-10-30,1142.7887783547108,-0.014258495855406582
2003-10-31,1139.81431659812,-0.0026028097343352465
2003-11-03,1194.5076306047015,0.047984406942543745
2003-11-04,1160.6479336402595,-0.02834615375985578
2003-11-05,1181.104393149165,0.017625034186504476
2003-11-06,1189.6142660976043,0.007205013373753959
2003-11-07,1178.1386424986038,-0.00964650805394678
2003-11-10,1138.629780583084,-0.03353498517944297
2003-11-11,1121.3430352547384,-0.015182059720494242
2003-11-12,1188.6190200497456,0.05999590016602169
2003-11-13,1186.510653051284,-0.0017737954406731795
2003-11-14,1129.0879890717274,-0.04839624813471823
2003-11-17,1081.6131962547702,-0.04204702669451684
2003-11-18,1060.8445912843224,-0.019201508489691047
2003-11-19,1089.1577185856793,0.026689231895012315
2003-11-20,1107.1315933244284,0.01650254543675176
2003-11-21,1077.8026268392587,-0.02649094891882038
2003-11-24,1145.6123486012482,0.06291478613375327
2003-11-25,1132.730459640225,-0.011244544436651368
2003-11-26,1114.4483419358878,-0.016139865886668193
2003-11-28,1156.9586795153018,0.03814473581213306
2003-12-01,1189.7681353873047,0.028358364436790694
2003-12-02,1163.802977217094,-0.021823712871380845
2003-12-03,1144.9716366442012,-0.016180866470991942
2003-12-04,1168.326782518598,0.020398012603044607
2003-12-05,1121.4724033742914,-0.04010383040548055
2003-12-08,1142.9701147862295,0.01916918449999822
2003-12-09,1084.7552530854525,-0.05093296924186407
2003-12-10,1068.8188631970395,-0.014691230895710297
2003-12-11,1146.0352609003303,0.0722446060432746
2003-12-12,1116.8386471148467,-0.02547619151137339
2003-12-15,1104.6423236653704,-0.010920398824828648
2003-12-16,1121.2982759455622,0.015078140610188596
2003-12-17,1094.8795950464569,-0.023560796860074656
2003-12-18,1160.6604594658752,0.06008045516331605
2003-12-19,1133.9901138172293,-0.02297859415398652
2003-12-22,1139.6287215296297,0.004972360555613612
2003-12-23,1185.1237193533639,0.039920894379241366
2003-12-24,1184.0592897626766,-0.0008981590472832764
2003-12-26,1175.322329839254,-0.007378819624120158
2003-12-29,1220.9393211629992,0.038812324215761425
2003-12-30,1220.90474930197,-2.8315789679329908e-05
2003-12-31,1202.0548369535477,-0.015439298077265497
2004-01-02,1201.045987810129,-0.0008392704828470425
2004-01-05,1263.5888166462653,0.05207363370837353
2004-01-06,1276.857254580785,0.010500597789188994
2004-01-07,1293.7420165288445,0.01322368799447594
2004-01-08,1321.364007267632,0.02135046275523934
2004-01-09,1340.6265831584553,0.014577796719811832
2004-01-12,1337.4260095940601,-0.002387371401255314
2004-01-13,1290.6652456185773,-0.03496325302487261
2004-01-14,1330.9187424890308,0.031188177575170895
2004-01-15,1346.1200193322481,0.011421641575794884
2004-01-16,1359.9786612412313,0.010295249836532258
2004-01-20,1338.208728865823,-0.016007554379962933
2004-01-21,1361.6791184574902,0.01753866126068314
2004-01-22,1318.7612558181763,-0.031518337953167136
2004-01-23,1300.2980765133434,-0.01400039561624686
2004-01-26,1358.1728963208527,0.04450888673364543
2004-01-27,1297.8656566525012,-0.04440321245676264
2004-01-28,1245.5426725462867,-0.04031463798893311
2004-01-29,1221.2572895721219,-0.019497832960245064
2004-01-30,1243.8211846142156,0.018475955259189644
2004-02-02,1233.2756503003586,-0.008478336310960883
2004-02-03,1259.0268247199422,0.020880307182998274
2004-02-04,1198.3196450405378,-0.04821754269843152
2004-02-05,1221.889331970543,0.01966894812043915
2004-02-06,1260.826462612978,0.03186633160929644
2004-02-09,1246.783335533993,-0.0111380332626281
2004-02-10,1268.6923640471134,0.017572442531674365
2004-02-11,1286.6236708595693,0.014133691760589984
2004-02-12,1260.979555457475,-0.019931325672690264
2004-02-13,1225.7889396959322,-0.027907364246501237
2004-02-17,1281.3380802475724,0.04531705153533175
2004-02-18,1286.8240881533886,0.004281467936047152
2004-02-19,1234.732749806064,-0.0404805433989632
2004-02-20,1249.0654760022844,0.01160795823911827
2004-02-23,1183.515872925848,-0.05247891670677826
2004-02-24,1215.4944812413748,0.027020007966999486
2004-02-25,1194.364881946653,-0.017383541941829513
2004-02-26,1226.3859175800621,0.026810094735219687
2004-02-27,1191.6001666410714,-0.028364440948270935
2004-03-01,1240.8585126681417,0.04133798182147089
2004-03-02,1212.5597496904631,-0.022805793479894323
2004-03-03,1212.6058410345988,3.8011606559973593e-05
2004-03-04,1225.8538996524896,0.010925280226744999
2004-03-05,1247.2002928602146,0.017413488845429675
2004-03-08,1158.0813825311336,-0.07145517110543968
2004-03-09,1139.3217493395177,-0.016198890228780245
2004-03-10,1119.8552579265552,-0.017086035111896696
2004-03-11,1096.1322244695154,-0.021184017567559152
2004-03-12,1141.737238550977,0.04160539491805623
2004-03-15,1091.2894651527397,-0.04418509942117913
2004-03-16,1082.261469451047,-0.008272778204111915
2004-03-17,1141.4003240386241,0.05464377718036473
2004-03-18,1101.2806323519862,-0.03514953591802228
2004-03-19,1087.9118250311494,-0.012139328458256295
2004-03-22,1042.3113838398608,-0.04191556718301401
2004-03-23,1041.2156929007103,-0.0010512126761140891
2004-03-24,1076.4692594345222,0.03385808221503031
2004-03-25,1128.9980803341252,0.04879732555223797
2004-03-26,1112.3687103810196,-0.014729316411401018
2004-03-29,1160.0542012238568,0.04286842159242653
2004-03-30,1159.1693610495086,-0.0007627576137518625
2004-03-31,1163.369745831066,0.003623616119178968
2004-04-01,1178.80991265182,0.0132719342892352
2004-04-02,1231.6664089471767,0.04483886310088104
2004-04-05,1261.3739848583841,0.02411982310746095
2004-04-06,1223.4036253184129,-0.030102380416728008
2004-04-07,1234.0388930558083,0.008693179844572919
2004-04-08,1211.2428243947606,-0.01847273111838371
2004-04-12,1242.2629516811633,0.025610163925555485
2004-04-13,1196.3842062557956,-0.03693158953446987
2004-04-14,1221.401376303446,0.0209106488675108
2004-04-15,1162.3373795980553,-0.048357565212630724
2004-04-16,1179.9136098816186,0.015121453196008763
2004-04-19,1200.9926074650955,0.0178648651960136
2004-04-20,1141.2139679900522,-0.04977436089404116
2004-04-21,1166.627244334631,0.022268634153977087
2004-04-22,1224.1001539516255,0.049264158621439694
2004-04-23,1216.8441618071731,-0.005927613129553865
2004-04-26,1200.995041654971,-0.013024773960097085
2004-04-27,1203.5976478495088,0.0021670415815801427
2004-04-28,1159.2140454122284,-0.036875780304640386
2004-04-29,1113.458387054824,-0.03947127671415779
2004-04-30,1083.1568277298402,-0.02721391268616113
2004-05-03,1087.1894982465135,0.0037230716858658803
2004-05-04,1140.4618331788893,0.0490000455470705
2004-05-05,1135.6078069447508,-0.004256193493655479
2004-05-06,1084.769164365896,-0.04476778185915404
2004-05-07,1089.0971057527565,0.003989734893866183
2004-05-10,1084.9277551362966,-0.0038282634252141683
2004-05-11,1114.1296674466855,0.02691599709947535
2004-05-12,1105.4972419056367,-0.007748133626880519
2004-05-13,1118.9614299414177,0.012179304954729374
2004-05-14,1069.7494359976838,-0.043980062785819556
2004-05-17,1065.6206197058798,-0.0038596106273740983
2004-05-18,1084.7157904526628,0.017919295473142645
2004-05-19,1072.417752532541,-0.011337566972256954
2004-05-20,1063.2624406982388,-0.008537075978723534
2004-05-21,1074.3657426618092,0.010442672983237231
2004-05-24,1090.7366881302626,0.015237776874654744
2004-05-25,1155.1527681530854,0.05905740654350269
2004-05-26,1162.9732315700837,0.006770068542104495
2004-05-27,1156.0008201752685,-0.005995332657314981
2004-05-28,1185.5305534857025,0.02554473387480531
2004-06-01,1185.3890957411581,-0.00011932020151521813
2004-06-02,1193.1311693779176,0.006531250932352055
2004-06-03,1146.3124151415848,-0.03924024066921617
2004-06-04,1161.8565452900555,0.013560116721365824
2004-06-07,1219.8522485991577,0.04991640624155012
2004-06-08,1227.2421163020206,0.006058002279660672
2004-06-09,1182.9555831620937,-0.03608622337161397
2004-06-10,1202.6007926730406,0.016606886843911917
2004-06-14,1154.507639218096,-0.03999095439480544
2004-06-15,1211.793995962173,0.04961972948301559
2004-06-16,1204.8509300212938,-0.005729576119385249
2004-06-17,1164.3228734208965,-0.03363740325924072
2004-06-18,1200.4787840358472,0.031053165269115755
2004-06-21,1150.7751061443457,-0.04140321224537125
2004-06-22,1189.3225098152113,0.03349690436041676
2004-06-23,1221.4081569417858,0.026978087828809123
2004-06-24,1206.371900825571,-0.012310590878861785
2004-06-25,1235.5962653803942,0.024225004357962807
2004-06-28,1204.7735225276865,-0.024945642615080733
2004-06-29,1240.087705185545,0.029311884763011078
2004-06-30,1267.0729367281097,0.021760744364873158
2004-07-01,1190.7346916114009,-0.060247711796159696
2004-07-02,1184.4134783284353,-0.005308666428800596
2004-07-06,1132.8522434720846,-0.04353313754004148
2004-07-07,1159.973631418428,0.02394079907827955
2004-07-08,1114.9893362600717,-0.038780446330792105
2004-07-09,1119.9126498396586,0.004415570104105959
2004-07-12,1121.7972190383073,0.0016827823124584956
2004-07-13,1107.3831031540988,-0.012849127845552442
2004-07-14,1084.6765477569522,-0.020504697364871035
2004-07-15,1109.5270689250294,0.02291053606668878
2004-07-16,1054.2247744987003,-0.04984312323259411
2004-07-19,1075.2601708090567,0.019953426270369067
2004-07-20,1098.031624243147,0.021177621986087823
2004-07-21,1044.6690389629707,-0.04859840472896953
2004-07-22,1082.0836791792492,0.035814826342914774
2004-07-23,1019.5847342876912,-0.057757959106233756
2004-07-26,1002.3434795102689,-0.016910075443084604
2004-07-27,1056.5025879232737,0.05403248439294088
2004-07-28,1051.2042618962998,-0.005014967391029945
2004-07-29,1044.485144812144,-0.006391828237106962
2004-07-30,1080.4684346332854,0.034450743507331814
2004-08-02,1074.6804119440485,-0.005356956764036672
2004-08-03,1029.931366485009,-0.041639398058898824
2004-08-04,1040.7309937999116,0.010485773777101378
2004-08-05,989.6206850554337,-0.04911000926172508
2004-08-06,934.9837859775714,-0.05520994043773626
2004-08-09,934.293107127619,-0.0007387067672305071
2004-08-10,979.9376943088154,0.048854676153531375
2004-08-11,953.8742487074818,-0.02659704362093867
2004-08-12,916.376432269511,-0.039311069031144376
2004-08-13,915.1970782666451,-0.0012869754844580207
2004-08-16,961.2618893162555,0.05033321471792242
2004-08-17,956.9999624562236,-0.004433679216247189
2004-08-18,1002.7874659211187,0.04784483308377306
2004-08-19,975.1546361252279,-0.027556018333863445
2004-08-20,1015.7576124842326,0.04163747456540882
2004-08-23,1022.5201996400746,0.0066576780451613965
2004-08-24,997.4633078219069,-0.024505033569984777
2004-08-25,1041.9855822509546,0.04463550095518603
2004-08-26,1024.6690088063858,-0.01661882250535615
2004-08-27,1044.736285376443,0.01958415488083621
2004-08-30,1006.3569436181963,-0.03673591345055828
2004-08-31,986.2556913409268,-0.019974276925042767
2004-09-01,995.6522326761385,0.00952749009989095
2004-09-02,1056.3325102693175,0.06094525337434447
2004-09-03,1007.9780191615951,-0.0457758240304411
2004-09-07,1011.5110171685632,0.0035050347723918464
2004-09-08,1014.7981709174228,0.003249745868375404
2004-09-09,1046.8782763165043,0.031612301163372894
2004-09-10,1073.8190260618728,0.025734366979283257
2004-09-13,1106.169589916693,0.030126644313113665
2004-09-14,1106.0599078156931,-9.915486919889741e-05
2004-09-15,1070.0087376358692,-0.03259422923213958
2004-09-16,1070.9924629770264,0.0009193619701935354
2004-09-17,1092.7262134845516,0.020293093797422355
2004-09-20,1107.4485330230514,0.013473017629504966
2004-09-21,1112.8093759400801,0.004840715172916419
2004-09-22,1054.603089474743,-0.0523057117632259
2004-09-23,1070.3707593155946,0.014951283566507234
2004-09-24,1045.822818136423,-0.022934054359694728
2004-09-27,1024.3435009082855,-0.020538199067421322
2004-09-28,1040.8722689725957,0.016135962252558932
2004-09-29,1066.7885816381515,0.024898648410661296
2004-09-30,1054.7582261935895,-0.011277169301988991
2004-10-01,1128.4160296501293,0.06983382696369764
2004-10-04,1136.2528581047172,0.006944981503867505
2004-10-05,1150.4643237605273,0.012507309050482864
2004-10-06,1161.5957007723503,0.009675551672421933
2004-10-07,1130.86579975165,-0.02645490251063063
2004-10-08,1089.185227512155,-0.036857222358876146
2004-10-11,1108.8575988963953,0.01806154810708778
2004-10-12,1105.6854511875076,-0.0028607349690752703
2004-10-13,1084.6465506221389,-0.019027925657132416
2004-10-14,1078.7858755807304,-0.005403303996169982
2004-10-15,1109.4424314802338,0.02841764672067149
2004-10-18,1133.1361324593083,0.02135640417814371
2004-10-19,1111.455374529707,-0.019133409754171844
2004-10-20,1131.104352346048,0.017678602548172863
2004-10-21,1165.65192744652,0.03054322532559982
2004-10-22,1102.007086077777,-0.05460021115236646
2004-10-25,1103.9324138907045,0.0017471101930750564
2004-10-26,1107.9643464383332,0.0036523364083661585
2004-10-27,1170.8996389711524,0.05680263334748202
2004-10-28,1184.6330712357649,0.011728957638657793
2004-10-29,1158.6951048309973,-0.02189535902261293
2004-11-01,1188.8864587210596,0.026056340243593205
2004-11-02,1212.1849832503503,0.019596929848417897
2004-11-03,1188.5079009321116,-0.019532565281208905
2004-11-04,1227.1919983243447,0.03254845622977705
2004-11-05,1216.6859739767017,-0.008561027420312641
2004-11-08,1231.6159398527006,0.012271010100659662
2004-11-09,1251.3864901796796,0.016052528785348134
2004-11-10,1218.6277605399696,-0.026177947338241078
2004-11-11,1263.7526970070996,0.037029302899792275
2004-11-12,1289.9496757687637,0.020729513633248948
2004-11-15,1295.7909116305455,0.004528266467682704
2004-11-16,1262.2207827900268,-0.0259070568709855
2004-11-17,1325.0706890157758,0.04979311629366838
2004-11-18,1327.5789783848738,0.001892947591317684
2004-11-19,1277.1303921323695,-0.03800044070739943
2004-11-22,1305.09460808366,0.021896132237993166
2004-11-23,1278.4012902686015,-0.020453166881329504
2004-11-24,1328.1036653788653,0.03887853953888069
2004-11-26,1319.917652223619,-0.006163685387398788
2004-11-29,1301.363494148342,-0.014057057305067035
2004-11-30,1307.6839536634138,0.004856797922711278
2004-12-01,1367.63822772699,0.045847678940784606
2004-12-02,1395.5585701060543,0.02041500582026557
2004-12-03,1376.794226649637,-0.013445758464290905
2004-12-06,1398.6234203734905,0.015855088074398532
2004-12-07,1335.652525540277,-0.045023480885510656
2004-12-08,1366.593440998542,0.023165392844781543
2004-12-09,1380.3233624897603,0.010046822324264902
2004-12-10,1372.796186562606,-0.005453197512774899
2004-12-13,1367.794853805725,-0.003643172093450967
2004-12-14,1408.1637889357573,0.02951388142579325
2004-12-15,1379.252067726681,-0.02053150452826709
2004-12-16,1355.5763691562934,-0.01716560672583256
2004-12-17,1346.8167107196298,-0.006461943890417351
2004-12-20,1331.0005349067885,-0.011743376576008178
2004-12-21,1371.4125219235912,0.030362111777537937
2004-12-22,1385.345038858129,0.01015924582269073
2004-12-23,1384.6347643113795,-0.0005127058796376751
2004-12-27,1352.0183406195456,-0.023555976299681418
2004-12-28,1392.4124334852024,0.02987688232627593
2004-12-29,1402.1422696858858,0.006987754466059747
2004-12-30,1387.766584650515,-0.01025265791223257
2004-12-31,1385.5325355764148,-0.0016098161598715782
2005-01-03,1348.443973530632,-0.026768452629914626
2005-01-04,1291.3703498037305,-0.04232554325372945
2005-01-05,1287.3379289299032,-0.0031225905677951227
2005-01-06,1277.6771905780329,-0.007504430759606911
2005-01-07,1311.9110891539208,0.0267938559350818
2005-01-10,1279.6289684534495,-0.024606942472977157
2005-01-11,1257.7511250421544,-0.017097021051138295
2005-01-12,1292.5016472863472,0.027629092554401737
2005-01-13,1254.1008522712953,-0.02971044183632245
2005-01-14,1287.0035144113222,0.026236057555049874
2005-01-18,1304.0336905238175,0.013232423938084563
2005-01-19,1256.28534836385,-0.036615880791229675
2005-01-20,1205.6761859634564,-0.04028476688540997
2005-01-21,1186.3456719275398,-0.016032923483903363
2005-01-24,1151.5992687658722,-0.029288599422470744
2005-01-25,1163.856719901068,0.010643851092690938
2005-01-26,1202.6044706915654,0.033292543771016085
2005-01-27,1176.9520761789363,-0.021330699442583697
2005-01-28,1160.193046284657,-0.014239347747011789
2005-01-31,1200.957191384843,0.035135657148374806
2005-02-01,1224.4335026985989,0.019548000113713312
2005-02-02,1204.3638657167141,-0.016390957073334083
2005-02-03,1182.8245542761695,-0.017884388641738958
2005-02-04,1234.7207470843248,0.04387480173668962
2005-02-07,1214.7127003301218,-0.016204511669096026
2005-02-08,1246.0286255957476,0.02578052016506878
2005-02-09,1184.8383183453466,-0.049108267654079725
2005-02-10,1199.8932957306658,0.01270635592402493
2005-02-11,1233.5846396634552,0.028078616700890086
2005-02-14,1240.4665226863067,0.0055787684132716335
2005-02-15,1274.4543690372113,0.02739924514633566
2005-02-16,1232.2275794730876,-0.03313322986685194
2005-02-17,1206.2049411641294,-0.021118370293323436
2005-02-18,1195.8014791251082,-0.008624953922822339
2005-02-22,1165.1377241188466,-0.025642847530759395
2005-02-23,1159.4421376294995,-0.0048883375513864916
2005-02-24,1202.7535589466643,0.03735539697195738
2005-02-25,1218.6940025198048,0.013253291544695756
2005-02-28,1170.8142081223034,-0.03928779028903382
2005-03-01,1219.484624704537,0.041569718102660344
2005-03-02,1238.1559865898541,0.015310862890002165
2005-03-03,1175.6793941431602,-0.05045938728509303
2005-03-04,1219.8308915596062,0.03755402845060824
2005-03-07,1254.5050672745776,0.028425395646964755
2005-03-08,1213.952890745756,-0.032325239320811626
2005-03-09,1202.6487251636647,-0.00931186512118013
2005-03-10,1177.3821450562218,-0.021009110622891583
2005-03-11,1173.295644396238,-0.0034708362761766477
2005-03-14,1173.9632121539644,0.0005689680694843051
2005-03-15,1171.180378154798,-0.0023704609909031725
2005-03-16,1142.5877805692635,-0.02441348755396863
2005-03-17,1164.350883126373,0.019047204011114805
2005-03-18,1130.744810173753,-0.02886249621109504
2005-03-21,1153.9390725829835,0.02051237573725098
2005-03-22,1114.2394878124094,-0.03440353629911357
2005-03-23,1137.1794360973727,0.02058798717500259
2005-03-24,1121.4293226930417,-0.01385015671614931
2005-03-28,1125.2920610459732,0.00344447775242338
2005-03-29,1103.1184253572394,-0.01970478283488753
2005-03-30,1153.6816693589428,0.045836641687250115
2005-03-31,1133.3564934316807,-0.01761766392505497
2005-04-01,1114.608571996133,-0.016541945578642293
2005-04-04,1138.0054189371192,0.02099108828768936
2005-04-05,1130.987090000336,-0.00616721925923542
2005-04-06,1131.5383475727597,0.000487412789498449
2005-04-07,1164.7350053053437,0.029337633853765185
2005-04-08,1142.459707285708,-0.019124777668888097
2005-04-11,1129.414527772067,-0.011418502928767671
2005-04-12,1149.1566772230967,0.017479985395596094
2005-04-13,1102.5913147670508,-0.04052133480055106
2005-04-14,1072.8672606285006,-0.026958360491738546
2005-04-15,1024.3192953357407,-0.04525067272937367
2005-04-18,1039.9898153214767,0.015298471928716056
2005-04-19,1047.6315841869607,0.007347926636302484
2005-04-20,1019.3406222297875,-0.027004685983316408
2005-04-21,1082.3980721737091,0.06186101933815274
2005-04-22,1028.8917517775608,-0.04943312610368489
2005-04-25,1049.1809588246601,0.019719476817698985
2005-04-26,1039.8301549912437,-0.008912479543940293
2005-04-27,1052.4542704902328,0.012140555299721377
2005-04-28,1022.5136289311035,-0.028448401416227703
2005-04-29,1042.143002614333,0.019197175595350596
2005-05-02,1031.896049044686,-0.009832579160385397
2005-05-03,1062.428101228886,0.029588302244655446
2005-05-04,1086.8947847759769,0.02302902522889871
2005-05-05,1069.9632133988023,-0.015577930462390026
2005-05-06,1081.392754494001,0.010682181361069673
2005-05-09,1101.5386501128646,0.01862958257778425
2005-05-10,1081.8480772190273,-0.017875517025044765
2005-05-11,1095.470296941881,0.012591619849129645
2005-05-12,1088.2361899000655,-0.006603654213181663
2005-05-13,1111.845738440663,0.021695242962619574
2005-05-16,1126.7715160589564,0.01342432416859081
2005-05-17,1141.077927754596,0.012696816960441401
2005-05-18,1170.2677537264037,0.025580922443436717
2005-05-19,1189.045885033981,0.016046012758860966
2005-05-20,1200.1566239206081,0.009344247372177324
2005-05-23,1210.2598216262318,0.008418232674181382
2005-05-24,1218.439138427403,0.00675831474780376
2005-05-25,1206.0647397725627,-0.010155943177277941
2005-05-26,1231.2888550464445,0.020914395755105696
2005-05-27,1232.7789933539534,0.0012102264236386279
2005-05-31,1220.9724342437764,-0.009577190375426061
2005-06-01,1247.578208224417,0.02179064263405685
2005-06-02,1262.6127703789023,0.012050997729339008
2005-06-03,1223.1100607501653,-0.03128648034890578
2005-06-06,1224.0637323365236,0.000779710360467066
2005-06-07,1201.547021840136,-0.01839504749757358
2005-06-08,1196.0504986101953,-0.004574538599016198
2005-06-09,1214.3990878183406,0.015340982031666927
2005-06-10,1185.4918963483108,-0.023803699920395487
2005-06-13,1197.563394982325,0.010182691818643619
2005-06-14,1190.0888490526856,-0.006241461588553086
2005-06-15,1197.908463824705,0.0065706142682066615
2005-06-16,1210.2329937245925,0.010288373671338466
2005-06-17,1211.2526506073916,0.0008425294039133459
2005-06-20,1209.666494132634,-0.0013095174437490668
2005-06-21,1208.262187307452,-0.0011609041268758583
2005-06-22,1204.8299370878262,-0.0028406501963571715
2005-06-23,1175.8199553217862,-0.02407807182826108
2005-06-24,1151.2611548737766,-0.02088653142588374
2005-06-27,1141.1121058693384,-0.008815592328007483
2005-06-28,1163.7234001989782,0.019815138419212338
2005-06-29,1156.686536507956,-0.006046852447771708
2005-06-30,1140.3049486197556,-0.0141625128080565
2005-07-01,1135.6467348505016,-0.004085059680651476
2005-07-05,1159.3851189145228,0.02090296509957055
2005-07-06,1147.2073544803145,-0.01050364045176776
2005-07-07,1155.198744878158,0.006965951156636052
2005-07-08,1200.413300896469,0.039140066779660476
2005-07-11,1222.6534215554163,0.018527052842831966
2005-07-12,1235.0836901038829,0.01016663293891827
2005-07-13,1238.2070269460382,0.0025288463180115337
2005-07-14,1263.2583644061244,0.020231945801401117
2005-07-15,1270.1890081637714,0.005486323267612076
2005-07-18,1258.7384016932651,-0.009014883924290697
2005-07-19,1290.0306643736767,0.02486002066697642
2005-07-20,1309.8139769966733,0.01533553671966517
2005-07-21,1308.3021223742599,-0.0011542514043712147
2005-07-22,1306.3502280478642,-0.001491929343394758
2005-07-25,1294.2971607114928,-0.009226520635574883
2005-07-26,1302.8989798851233,0.006645938378557619
2005-07-27,1324.0121911498572,0.01620479529932215
2005-07-28,1334.8947898078318,0.008219409708398006
2005-07-29,1312.5195955960965,-0.016761766082671128
2005-08-01,1320.3281928143404,0.005949318581180993
2005-08-02,1348.0855214298924,0.021023052273379104
2005-08-03,1348.1253309038136,2.9530377181869468e-05
2005-08-04,1317.4443894024744,-0.02275822640374996
2005-08-05,1305.6268604882407,-0.008970040033032005
2005-08-08,1286.3638144156464,-0.01475386778224742
2005-08-09,1304.3336527280194,0.013969483680272857
2005-08-10,1279.0884531413017,-0.01935486333110954
2005-08-11,1303.0869643176345,0.018762198280654434
2005-08-12,1288.4903337926294,-0.011201578194475046
2005-08-15,1302.6827477019592,0.011014761645556866
2005-08-16,1259.2658399632498,-0.03332884220298491
2005-08-17,1272.2675713301128,0.010324850364591971
2005-08-18,1261.663277354363,-0.008334955802310764
2005-08-19,1258.2942292950947,-0.0026703226762158578
2005-08-22,1260.9784815706673,0.0021332469092514416
2005-08-23,1254.0094633124513,-0.005526675006805406
2005-08-24,1238.6007604028553,-0.012287549145677194
2005-08-25,1245.1148146811063,0.005259204165297301
2005-08-26,1233.8180810364152,-0.009072844938869576
2005-08-29,1253.590286830658,0.016025219680387642
2005-08-30,1244.2513424656686,-0.007449758077338218
2005-08-31,1269.5483508906023,0.020331108001703284
2005-09-01,1262.285820789335,-0.0057205620378084415
2005-09-02,1255.572910371213,-0.00531805895904321
2005-09-06,1293.7158746149403,0.030378932142180532
2005-09-07,1297.8065233989917,0.0031619375353716802
2005-09-08,1294.1644443743116,-0.0028063343487758617
2005-09-09,1310.503047498442,0.012624827698793216
2005-09-12,1317.3079792554802,0.0051926104025686055
2005-09-13,1309.3244304113698,-0.006060502911872236
2005-09-14,1280.3009946196053,-0.022166725921890756
2005-09-15,1278.4574858159929,-0.001439902656765588
2005-09-16,1295.8822485953076,0.013629520709633233
2005-09-19,1274.598742167837,-0.01642395090336419
2005-09-20,1261.158888875604,-0.010544379848809892
2005-09-21,1234.9096625809818,-0.020813575930963647
2005-09-22,1243.5385813512505,0.006987489880218533
2005-09-23,1250.4037603553008,0.00552068034478721
2005-09-26,1251.865670779059,0.001169150693646907
2005-09-27,1245.3649786852031,-0.005192803226092433
2005-09-28,1245.216355946632,-0.00011934070823810855
2005-09-29,1278.6426583127134,0.026843770728236446
2005-09-30,1297.405806806875,0.014674270698055223
2005-10-03,1303.4570643363008,0.004664120892382168
2005-10-04,1287.0336898121918,-0.012599858463670576
2005-10-05,1248.178111147124,-0.03019002452899098
2005-10-06,1218.5625980204143,-0.023726992856405574
2005-10-07,1223.1404766911053,0.003756785804953985
2005-10-10,1208.8027910743333,-0.011722026938033307
2005-10-11,1196.7026090054508,-0.010010054707210114
2005-10-12,1168.4315726388538,-0.023624111917072116
2005-10-13,1187.7083913829795,0.0164980296626099
2005-10-14,1203.858077841046,0.013597349800031093
2005-10-17,1212.2806123022747,0.006996285206918437
2005-10-18,1194.2704462012132,-0.014856433335890666
2005-10-19,1242.5831464380954,0.04045373507362359
2005-10-20,1220.28448722114,-0.017945406133082684
2005-10-21,1235.1371675876214,0.012171489945188362
2005-10-24,1275.1314141393993,0.03238040891433271
2005-10-25,1267.284147132558,-0.006154084920053123
2005-10-26,1250.111853593272,-0.013550468202526882
2005-10-27,1199.5977463049312,-0.04040767003620116
2005-10-28,1220.8438492283256,0.01771102270643465
2005-10-31,1255.1545662110525,0.028104099475468595
2005-11-01,1250.8243672013884,-0.003449932881761004
2005-11-02,1283.681119543473,0.026268078239952097
2005-11-03,1319.5489250163432,0.027941367156374672
2005-11-04,1333.503677260415,0.010575395864082094
2005-11-07,1334.76802406353,0.0009481389700494757
2005-11-08,1333.2342970619336,-0.0011490588431442576
2005-11-09,1336.0900117736087,0.002141945131450924
2005-11-10,1369.9451191138587,0.02533894201881549
2005-11-11,1373.866860218568,0.002862699424956544
2005-11-14,1371.106228336547,-0.0020093882179980206
2005-11-15,1358.3953686647028,-0.00927051413606765
2005-11-16,1370.0821845396385,0.008603397909420095
2005-11-17,1411.3527104416921,0.03012266444141871
2005-11-18,1417.0642034108123,0.004046821837563807
2005-11-21,1427.483350244518,0.007352628630818032
2005-11-22,1440.7600583455292,0.009300779654443637
2005-11-23,1445.1165194786086,0.0030237242543231027
2005-11-25,1452.1725719998963,0.004882687607663231
2005-11-28,1423.374262884313,-0.019831189261426997
2005-11-29,1410.4987529514428,-0.009045765592796013
2005-11-30,1403.1839967657263,-0.005185935946707293
2005-12-01,1456.2928048474887,0.037848784054105265
2005-12-02,1464.4120037224138,0.0055752516581138575
2005-12-05,1439.4989179633087,-0.017012347410276733
2005-12-06,1450.559983853191,0.007683969575699402
2005-12-07,1443.092993264393,-0.005147660677197858
2005-12-08,1423.5027465470048,-0.013575179706938613
2005-12-09,1435.2611597622072,0.008260197069324177
2005-12-12,1444.62951270759,0.006527281032906291
2005-12-13,1457.1353768072063,0.008656796770112577
2005-12-14,1445.4166425587252,-0.008042309887608663
2005-12-15,1449.9275353313435,0.003120825262280688
2005-12-16,1427.6226612107153,-0.015383440604520357
2005-12-19,1386.1547196039514,-0.029046850217126902
2005-12-20,1387.2249487484048,0.0007720849118193716
2005-12-21,1396.343565373308,0.006573279000734716
2005-12-22,1417.527239582346,0.015170818081132381
2005-12-23,1416.688089083645,-0.0005919819212421424
2005-12-27,1391.7320544352606,-0.01761575807736672
2005-12-28,1389.5003564826882,-0.001603539952579401
2005-12-29,1369.8174809420454,-0.014165433962512224
2005-12-30,1352.891507453214,-0.012356371359190987
2006-01-03,1409.4595103792064,0.041812667619209404
2006-01-04,1435.9670665498504,0.01880689439848627
2006-01-05,1451.8119765238134,0.011034312933118259
2006-01-06,1502.2048337722954,0.03471031928607014
2006-01-09,1513.6186860223806,0.007598066517615331
2006-01-10,1517.11765462255,0.002311657904649733
2006-01-11,1541.6717285306722,0.016184686687487747
2006-01-12,1522.3856416154115,-0.012509853140812158
2006-01-13,1521.2059719738286,-0.0007748822698637641
2006-01-17,1502.3642574716393,-0.012386037689387468
2006-01-18,1467.9693588830921,-0.022893847758619582
2006-01-19,1490.536600272912,0.01537310111635454
2006-01-20,1398.091609629488,-0.06202128188365029
2006-01-23,1397.4445154911145,-0.00046284101407699415
2006-01-24,1413.8129571314093,0.011713124534710012
2006-01-25,1398.1787757985828,-0.011058168093570103
2006-01-26,1420.5018004313797,0.01596578707901423
2006-01-27,1454.9813961916302,0.024272827918824087
2006-01-30,1458.4263111948878,0.002367669450808478
2006-01-31,1453.6514203493693,-0.003274002127407027
2006-02-01,1457.3311078714723,0.0025313410564540297
2006-02-02,1410.7874169291422,-0.03193762261090443
2006-02-03,1375.0639758582943,-0.025321632899595263
2006-02-06,1363.0099388756048,-0.00876616447984948
2006-02-07,1353.4686950686048,-0.0070001278309613025
2006-02-08,1383.8326802075776,0.022434198330263968
2006-02-09,1356.5079552285026,-0.01974568556581291
2006-02-10,1372.2025277658183,0.011569834498074754
2006-02-13,1342.1388119077844,-0.021909095231724098
2006-02-14,1368.2654694210003,0.019466434679791554
2006-02-15,1386.5395816167575,0.013355677391676033
2006-02-16,1411.9931852661389,0.0183576466094834
2006-02-17,1389.4104615034798,-0.015993507616258427
2006-02-21,1356.3336798522919,-0.023806342738628604
2006-02-22,1391.9502478847082,0.026259443794313934
2006-02-23,1383.1004218839362,-0.006357860860487486
2006-02-24,1389.894966490228,0.004912546116526173
2006-02-27,1421.1533506929618,0.02248974559686898
2006-02-28,1378.9228373590845,-0.029715662502773164
2006-03-01,1418.3906621836734,0.0286222142061101
2006-03-02,1416.877732218637,-0.0010666525135657598
2006-03-03,1400.8772895969973,-0.011292747608211036
2006-03-06,1376.442435113779,-0.0174425373761663
2006-03-07,1361.5693079844357,-0.01080548430498947
2006-03-08,1360.3041391919353,-0.0009291989655474169
2006-03-09,1335.1328914735514,-0.018504132269520652
2006-03-10,1340.0661468525705,0.003694954570083601
2006-03-13,1348.6147423445752,0.006379233974444416
2006-03-14,1393.0720556668243,0.032965169315115034
2006-03-15,1414.9599109135208,0.015711933318639043
2006-03-16,1389.050365994248,-0.01831115123434493
2006-03-17,1399.816942806513,0.007751034142349891
2006-03-20,1404.816686679392,0.0035717126432652188
2006-03-21,1377.180111717125,-0.01967272685775981
2006-03-22,1383.3519488313766,0.004481503226586834
2006-03-23,1373.956448218025,-0.006791836756574316
2006-03-24,1388.7224054382546,0.010747034405188557
2006-03-27,1389.568003553236,0.0006089036308984381
2006-03-28,1376.8302599622475,-0.009166693215745496
2006-03-29,1427.372200877661,0.03670891204613655
2006-03-30,1435.3067044084655,0.005558818874240083
2006-03-31,1426.6972373894587,-0.005998346550297075
2006-04-03,1431.3818918735005,0.00328356596008678
2006-04-04,1447.610581803027,0.011337777864637499
2006-04-05,1474.7401824466403,0.018740952148762934
2006-04-06,1485.5558278170895,0.007333932782997468
2006-04-07,1457.7503496491468,-0.01871722196317635
2006-04-10,1450.158812010634,-0.005207707643726463
2006-04-11,1425.5821429237615,-0.01694757076488552
2006-04-12,1425.9930469609837,0.0002882359597880965
2006-04-13,1438.064511197902,0.00846530371423915
2006-04-17,1407.5415969707822,-0.021224996507072148
2006-04-18,1461.0683388673453,0.038028532877294643
2006-04-19,1473.4130443522308,0.00844909519732346
2006-04-20,1464.4976901222547,-0.0060508180405689825
2006-04-21,1430.6388736609942,-0.023119747261898378
2006-04-24,1425.7937698119863,-0.0033866714642036247
2006-04-25,1417.3139210565644,-0.005947458135225397
2006-04-26,1418.356519553206,0.0007356157878308663
2006-04-27,1443.0803008329522,0.017431288212031874
2006-04-28,1415.2881084318924,-0.019258936862361683
2006-05-01,1391.300804368529,-0.016948707418972562
2006-05-02,1396.607817505423,0.00381442540695049
2006-05-03,1390.4369035120176,-0.004418501683907114
2006-05-04,1414.5578348354902,0.01734773527842023
2006-05-05,1435.689910096854,0.01493899700737315
2006-05-08,1437.4912575203057,0.0012546911493793206
2006-05-09,1430.51004566089,-0.004856524742598057
2006-05-10,1402.998193663461,-0.019232197691221763
2006-05-11,1341.005116067256,-0.04418614213203704
2006-05-12,1305.7761147924678,-0.026270594237629685
2006-05-15,1303.651992833359,-0.001626712217389986
2006-05-16,1285.8049441293274,-0.013690040595299303
2006-05-17,1246.4007655361531,-0.0306455335804113
2006-05-18,1227.8511799174312,-0.014882521041089605
2006-05-19,1248.9758997929728,0.0172046256265049
2006-05-22,1223.098420212182,-0.020718958296217112
2006-05-23,1198.9277165610135,-0.019761863192477455
2006-05-24,1215.851554673639,0.014115811886615972
2006-05-25,1245.7107615684617,0.024558266821345303
2006-05-26,1255.9775447731354,0.00824170708114204
2006-05-30,1200.5060688115718,-0.04416597748296776
2006-05-31,1213.0265953738447,0.01042937381788295
2006-06-01,1269.6904264285326,0.046712768929212514
2006-06-02,1263.7699317946158,-0.004662943431471195
2006-06-05,1207.8310703088894,-0.04426348505244967
2006-06-06,1204.4520606922406,-0.0027975846123785716
2006-06-07,1188.7537691933824,-0.013033554436227102
2006-06-08,1183.033602099621,-0.00481190238214148
2006-06-09,1166.8578599816412,-0.0136731045418079
2006-06-12,1120.2956276987359,-0.03990394535598193
2006-06-13,1115.0591765774993,-0.004674169024468111
2006-06-14,1134.6384041177814,0.017558913420521457
2006-06-15,1197.9987459221602,0.05584188017471819
2006-06-16,1182.2552319934905,-0.01314151119294459
2006-06-19,1160.790765724388,-0.018155526563337455
2006-06-20,1159.7193404966324,-0.0009230132245986452
2006-06-21,1197.387736411207,0.03248061371335225
2006-06-22,1168.2187733479343,-0.024360499257072357
2006-06-23,1162.9053000811346,-0.004548354630162435
2006-06-26,1170.1555285839722,0.0062345820440684
2006-06-27,1126.1437053964632,-0.037611943124149026
2006-06-28,1142.5992644248806,0.014612308313372986
2006-06-29,1212.7422816101628,0.06138899207202627
2006-06-30,1196.7916131059537,-0.013152562375438239
2006-07-03,1213.0969537455303,0.013624210314492863
2006-07-05,1163.3964785380876,-0.040969911806297644
2006-07-06,1159.6603840506175,-0.003211368227764361
2006-07-07,1132.8503994610196,-0.023118824233654002
2006-07-10,1113.510389457479,-0.017071989393076064
2006-07-11,1131.179645996662,0.015868066168463504
2006-07-12,1084.408528359013,-0.04134720581578348
2006-07-13,1050.619525871472,-0.031158923601119506
2006-07-14,1027.7607015470458,-0.021757471436165375
2006-07-17,1036.281831276793,0.008290966678255646
2006-07-18,1041.5744962723488,0.00510736059999709
2006-07-19,1067.2822085045898,0.024681587658151462
2006-07-20,1033.1983818743247,-0.03193515862877661
2006-07-21,1011.9273778481072,-0.020587531300261832
2006-07-24,1054.0154545908958,0.041591993322969555
2006-07-25,1064.0970285210635,0.009564920406295871
2006-07-26,1061.6235164405514,-0.002324517421075811
2006-07-27,1048.1507882693672,-0.012690683620457126
2006-07-28,1093.0668286386258,0.042852651423771586
2006-07-31,1091.405928623035,-0.0015194862492164225
2006-08-01,1055.8568719789064,-0.032571800932929516
2006-08-02,1077.826796334833,0.020807672838033534
2006-08-03,1092.2336232790822,0.01336655109451719
2006-08-04,1082.3242771411349,-0.009072551811944439
2006-08-07,1067.9499229064252,-0.013281005090893996
2006-08-08,1054.4816445250772,-0.012611338876914787
2006-08-09,1055.5456162553523,0.001008999763816918
2006-08-10,1070.5357650944768,0.01420132735930773
2006-08-11,1056.753591540865,-0.012874089781013027
2006-08-14,1067.1550707043762,0.009842861426517153
2006-08-15,1124.2980998598334,0.05354707176506207
2006-08-16,1176.3736001934321,0.04631823209528774
2006-08-17,1181.5192673469194,0.004374177686953383
2006-08-18,1185.6844113621949,0.003525244259984322
2006-08-21,1162.1738047889496,-0.019828722000514953
2006-08-22,1165.4708314410316,0.0028369480008032977
2006-08-23,1145.916384342961,-0.01677815228879878
2006-08-24,1152.8418963372299,0.006043645146272807
2006-08-25,1156.4219726730921,0.0031054356605504717
2006-08-28,1174.6905038997254,0.0157974611848694
2006-08-29,1179.573690620369,0.004156998549347604
2006-08-30,1191.8722308974914,0.01042625854994643
2006-08-31,1188.381084077021,-0.002929128416593566
2006-09-01,1202.889738059996,0.01220875540462135
2006-09-05,1223.82350029389,0.017402893691366616
2006-09-06,1175.6117140759127,-0.0393943948669067
2006-09-07,1164.4608697281,-0.009485142257686362
2006-09-08,1179.0075972474085,0.012492242459555736
2006-09-11,1192.1561070542857,0.011152184122964766
2006-09-12,1240.1395594934183,0.040249303052848975
2006-09-13,1252.6366094790544,0.01007713195661713
2006-09-14,1255.5531085830355,0.0023282882536813086
2006-09-15,1265.3759426939064,0.007823511441866843
2006-09-18,1264.492469321906,-0.0006981904287824407
2006-09-19,1247.1385871857904,-0.01372399010444218
2006-09-20,1284.344544305896,0.02983305745038514
2006-09-21,1267.826079647816,-0.01286139667997526
2006-09-22,1248.283553004682,-0.01541420148776439
2006-09-25,1290.9124441931435,0.0341500062913203
2006-09-26,1304.5679290467308,0.010578165014221574
2006-09-27,1298.857145842938,-0.004377528434234653
2006-09-28,1307.9864461256084,0.007028717755366159
2006-09-29,1296.0813930416844,-0.00910181685688557
2006-10-02,1262.1949579661068,-0.026145298634410424
2006-10-03,1273.6047630833523,0.009039653537858492
2006-10-04,1336.884834440291,0.0496857998581442
2006-10-05,1349.905945072945,0.009739889553093496
2006-10-06,1342.4694510959869,-0.005508897863662968
2006-10-09,1351.8562355297438,0.00699217730883459
2006-10-10,1355.224045428918,0.002491248559322269
2006-10-11,1351.8406713339946,-0.0024965422553823737
2006-10-12,1395.252971436214,0.03211347388992238
2006-10-13,1409.1601475164844,0.00996749432897095
2006-10-16,1409.2951132891264,9.577745501816167e-05
2006-10-17,1379.7555800852458,-0.020960502115798113
2006-10-18,1365.2855275708716,-0.010487402785847139
2006-10-19,1374.1412927944732,0.00648638328376469
2006-10-20,1379.1430393089208,0.0036399070027771474
2006-10-23,1405.0159113165437,0.018760107740954556
2006-10-24,1385.2249244819782,-0.014085952105710038
2006-10-25,1405.875522523443,0.014907758066212518
2006-10-26,1433.8899029520844,0.019926643561129706
2006-10-27,1390.2060390276365,-0.030465284562302786
2006-10-30,1406.1905269009123,0.011497927231316152
2006-10-31,1413.733727179869,0.005364280397750258
2006-11-01,1372.940656624189,-0.028854847112585052
2006-11-02,1376.8246490651454,0.0028289587188032365
2006-11-03,1366.689137663336,-0.007361512164015481
2006-11-06,1411.551365424821,0.03282548059040499
2006-11-07,1426.4860243343944,0.010580315584249806
2006-11-08,1439.777321333301,0.009317509440801142
2006-11-09,1423.7858699771596,-0.011106892100045488
2006-11-10,1441.5628548519662,0.012485715197533082
2006-11-13,1468.841871833107,0.01892322411702397
2006-11-14,1500.614284476465,0.021630927911733735
2006-11-15,1511.4968514183088,0.0072520747366073115
2006-11-16,1525.0463439848074,0.008964287655501647
2006-11-17,1522.6591415716578,-0.0015653310619480564
2006-11-20,1527.4101326819864,0.0031201934698430094
2006-11-21,1535.8093134634214,0.005498968876608621
2006-11-22,1554.0963138140278,0.011907077389293358
2006-11-24,1546.4907277608859,-0.004893896205490913
2006-11-27,1477.1642649942116,-0.04482824340437504
2006-11-28,1485.5875408693107,0.005702328491633388
2006-11-29,1506.1497944866478,0.013841159172151429
2006-11-30,1503.4113645855557,-0.00181816570378079
2006-12-01,1476.151155718658,-0.01813223546731173
2006-12-04,1516.871733826787,0.02758564253421899
2006-12-05,1524.9785236202108,0.005344413514102241
2006-12-06,1515.12572485925,-0.00646094263515976
2006-12-07,1478.4416723948984,-0.024211886751351514
2006-12-08,1492.8166260213943,0.009723044131467268
2006-12-11,1501.5115123857834,0.005824483873523255
2006-12-12,1484.952744483136,-0.01102806589630251
2006-12-13,1487.2208519080089,0.0015273936718182223
2006-12-14,1520.3449135182343,0.02227245641945475
2006-12-15,1528.8420247503818,0.005588936534463137
2006-12-18,1498.5752030221895,-0.01979721988158589
2006-12-19,1488.568467761071,-0.006677499561542088
2006-12-20,1476.378356778176,-0.008189150346056882
2006-12-21,1456.8659229386071,-0.013216418237226064
2006-12-22,1427.538310865681,-0.020130618481191572
2006-12-26,1434.9048926949044,0.005160339146874688
2006-12-27,1450.8657600290373,0.011123292850550283
2006-12-28,1443.3325913407884,-0.005192188619916315
2006-12-29,1439.8079087935541,-0.0024420445906788717
2007-01-03,1442.9596929493255,0.0021890310065126447
2007-01-04,1497.7916028061366,0.0379996129654445
2007-01-05,1484.8856358411992,-0.00861666398767213
2007-01-08,1487.3776667169952,0.0016782645179162648
2007-01-09,1501.3196652297584,0.00937354299768162
2007-01-10,1535.4413835590071,0.02272781681310156
2007-01-11,1566.8816245142718,0.02047635376505827
2007-01-12,1583.6752155558956,0.010717842866291667
2007-01-16,1578.7974084430823,-0.0030800552189618083
2007-01-17,1553.2999840373545,-0.016149902621687192
2007-01-18,1495.310155792672,-0.03733330898127906
2007-01-19,1500.3379274968645,0.0033623604338641573
2007-01-22,1470.053946280845,-0.020184773484027554
2007-01-23,1460.5783365441557,-0.006445756470816579
2007-01-24,1508.5397196793438,0.0328372548977199
2007-01-25,1466.705223521938,-0.027731783002901737
2007-01-26,1458.6306368787548,-0.005505255257627068
2007-01-29,1461.5437749236762,0.0019971732193661065
2007-01-30,1465.7704294187124,0.002891910983136159
2007-01-31,1489.5268921014228,0.016207492118756786
2007-02-01,1487.9571306506296,-0.0010538658006896962
2007-02-02,1498.863818933742,0.007329974808039935
2007-02-05,1493.72178033633,-0.0034306242718367555
2007-02-06,1489.6540658635886,-0.0027232075787404575
2007-02-07,1519.1895011636743,0.019827043054431132
2007-02-08,1518.3076538174012,-0.000580472248918107
2007-02-09,1476.1673467598334,-0.027754788004668542
2007-02-12,1463.8457253859974,-0.008347035585688771
2007-02-13,1472.5484857926494,0.005945134965883832
2007-02-14,1523.8058210412116,0.0348085891521398
2007-02-15,1537.766453521489,0.009161687327548266
2007-02-16,1534.3316743973116,-0.0022336155898782344
2007-02-20,1554.135142600576,0.012906901769490714
2007-02-21,1563.124013923598,0.00578384149269066
2007-02-22,1575.1803778121634,0.007712992559242178
2007-02-23,1563.7690566156912,-0.00724445362398554
2007-02-26,1547.5644653530615,-0.010362522006733935
2007-02-27,1421.7079550915032,-0.08132553640202976
2007-02-28,1430.2367091603733,0.005998949389237324
2007-03-01,1416.739385930364,-0.009437125437741521
2007-03-02,1372.2492969847315,-0.031403156704375844
2007-03-05,1350.9097656997762,-0.015550768604396456
2007-03-06,1398.3086485206886,0.035086638667061236
2007-03-07,1386.899374298861,-0.00815933895130939
2007-03-08,1403.2267372322774,0.0117725649286349
2007-03-09,1400.3318131565745,-0.002063047972854902
2007-03-12,1418.5442496051778,0.013005800680589763
2007-03-13,1363.5409564661863,-0.03877446414117889
2007-03-14,1396.0922344415715,0.023872607435090492
2007-03-15,1398.6690963333806,0.0018457676564900087
2007-03-16,1394.258135098803,-0.003153684632155596
2007-03-19,1419.3328236986117,0.017984251243426883
2007-03-20,1433.714422720273,0.01013264738300401
2007-03-21,1496.9725826819704,0.044121869013268325
2007-03-22,1485.8422545014323,-0.0074352251399267405
2007-03-23,1476.2244020863386,-0.00647299697256282
2007-03-26,1490.322160893706,0.009549875200168197
2007-03-27,1468.6071723184775,-0.014570667433547815
2007-03-28,1436.6013419074288,-0.02179332296227406
2007-03-29,1438.332813496856,0.0012052554448600953
2007-03-30,1439.1883202702306,0.000594790555667609
2007-04-02,1440.2124064556986,0.0007115720514432424
2007-04-03,1477.3550101807496,0.025789670717014195
2007-04-04,1486.0980796279182,0.005918055840958053
2007-04-05,1504.384152699964,0.012304755199349964
2007-04-09,1495.7327521080133,-0.005750792160648464
2007-04-10,1510.0012265756166,0.009539454456348434
2007-04-11,1478.4936171803424,-0.020865949537489596
2007-04-12,1503.63039785185,0.017001615955195178
2007-04-13,1509.0102234751262,0.0035778909703887037
2007-04-16,1536.8541523462736,0.018451782789797776
2007-04-17,1538.2501357984017,0.0009083382766000978
2007-04-18,1533.8285896768743,-0.0028743999552663466
2007-04-19,1533.7666942072347,-4.0353576700977654e-05
2007-04-20,1556.0357996622613,0.014519226124242448
2007-04-23,1562.6725266891738,0.00426515060151772
2007-04-24,1577.1522649824417,0.009266009381982196
2007-04-25,1615.0631373428314,0.024037547421467097
2007-04-26,1629.0045063262942,0.008632089149406046
2007-04-27,1631.365597105204,0.001449407150035812
2007-04-30,1590.5229663510024,-0.0250358539046521
2007-05-01,1599.9937563707529,0.005954513213649926
2007-05-02,1627.63135423273,0.017273566069824702
2007-05-03,1637.604161722343,0.006127190572778151
2007-05-04,1637.498752296398,-6.436807404914442e-05
2007-05-07,1637.320741947961,-0.00010870869256378584
2007-05-08,1643.7958434372085,0.0039546933739714185
2007-05-09,1653.6572915431282,0.0059991927496903215
2007-05-10,1600.5992491995594,-0.03208527100198441
2007-05-11,1640.665948515953,0.025032311702276787
2007-05-14,1621.529414423612,-0.011663882041100908
2007-05-15,1593.3418886488344,-0.017383295994539315
2007-05-16,1626.8135057904583,0.02100717829618368
2007-05-17,1614.754547324757,-0.0074126250014392
2007-05-18,1635.5394790416342,0.012871883068118681
2007-05-21,1659.4513535326525,0.01462017566523676
2007-05-22,1668.4260542042407,0.0054082336625794125
2007-05-23,1647.249439932331,-0.012692569873592581
2007-05-24,1595.4698750503662,-0.031433955068815585
2007-05-25,1620.2033752936359,0.01550232983401766
2007-05-29,1637.4539754213429,0.010647181946884007
2007-05-30,1668.7737025300046,0.019127088503725718
2007-05-31,1686.1525130536993,0.010414120558915213
2007-06-01,1686.0596662791888,-5.5064280242442553e-05
2007-06-04,1694.9797566154518,0.005290495060562116
2007-06-05,1692.3441230986587,-0.0015549645985483511
2007-06-06,1661.4752044642987,-0.018240331982740866
2007-06-07,1604.551580002364,-0.0342608931562648
2007-06-08,1645.4202172888681,0.025470441583712564
2007-06-11,1637.3667648980527,-0.0048944654418340595
2007-06-12,1617.7189615359332,-0.011999634891418389
2007-06-13,1657.21377981023,0.024413893397650897
2007-06-14,1675.4804375596138,0.011022511381407512
2007-06-15,1706.3813236051196,0.018443000200297054
2007-06-18,1709.1714239919131,0.0016350978226241906
2007-06-19,1704.3470627989916,-0.0028226315542146173
2007-06-20,1669.6694869551823,-0.020346545959283414
2007-06-21,1702.8128767323365,0.019850269790576608
2007-06-22,1668.5974611924273,-0.020093467701258926
2007-06-25,1652.2615996881923,-0.00979017521251711
2007-06-26,1644.6915291357932,-0.004581641644293922
2007-06-27,1686.5673980511624,0.025461229764692075
2007-06-28,1683.9265613917146,-0.0015658055898029046
2007-06-29,1687.9482604008851,0.0023882864617604006
2007-07-02,1722.245886462264,0.02031912166148566
2007-07-03,1741.5565196294854,0.011212471644735876
2007-07-05,1769.2220302435685,0.01588550833823589
2007-07-06,1781.9456428885858,0.007191642669781461
2007-07-09,1782.8583891900098,0.0005122189361200781
2007-07-10,1751.6019350386555,-0.017531652732977198
2007-07-11,1773.0347142683995,0.012236101594207786
2007-07-12,1838.8476543050065,0.03711881076381701
2007-07-13,1858.8662961463979,0.010886514603058539
2007-07-16,1850.580407024303,-0.004457496022856674
2007-07-17,1875.4563061116335,0.013442214665684437
2007-07-18,1868.2359613912163,-0.0038499135900356175
2007-07-19,1895.5170655211925,0.0146026008993324
2007-07-20,1863.6798798931434,-0.016796042730058552
2007-07-23,1863.789940586659,5.90555785372973e-05
2007-07-24,1798.0553309326838,-0.035269323126233855
2007-07-25,1816.8619419993536,0.010459417317772005
2007-07-26,1772.2911561927372,-0.024531740566687575
2007-07-27,1717.8059768473743,-0.030742792545672297
2007-07-30,1748.3043916790637,0.017754283803146285
2007-07-31,1673.9128949814674,-0.042550654823986955
2007-08-01,1696.2599184860123,0.013350171070157337
2007-08-02,1733.5775575415444,0.021999953337835016
2007-08-03,1648.6607491707312,-0.04898356465299262
2007-08-06,1709.573928652717,0.03694706719537365
2007-08-07,1722.074446701875,0.007312066380779054
2007-08-08,1766.9773553040598,0.026074893967669585
2007-08-09,1676.8087089625046,-0.051029882228478804
2007-08-10,1656.473893893751,-0.012127092947492762
2007-08-13,1671.7920612469684,0.009247454734834421
2007-08-14,1614.3833016732308,-0.034339653180861004
2007-08-15,1552.3637647148598,-0.03841685979661124
2007-08-16,1520.8173005400997,-0.02032156694958322
2007-08-17,1590.959566495312,0.04612142821514593
2007-08-20,1597.543630824789,0.004138423419509595
2007-08-21,1627.6187784992712,0.018825869349780963
2007-08-22,1671.32540193203,0.026853108363039512
2007-08-23,1662.672422615095,-0.005177315744098874
2007-08-24,1713.238494141795,0.03041252795133763
2007-08-27,1688.3168518354685,-0.014546510828202273
2007-08-28,1604.443580760333,-0.04967863169993945
2007-08-29,1698.195382681351,0.05843259497887104
2007-08-30,1713.4415884866078,0.008977886738323218
2007-08-31,1756.8147048757432,0.02531344907266118
2007-09-04,1812.0654911828274,0.031449410204585
2007-09-05,1764.965509098923,-0.025992428150684473
2007-09-06,1772.3332122485324,0.004174417636847175
2007-09-07,1700.5989083258041,-0.04047450187525406
2007-09-10,1703.1605747512679,0.0015063319239604484
2007-09-11,1752.9553343459236,0.02923667934359505
2007-09-12,1752.6962790245498,-0.00014778204344291393
2007-09-13,1769.515158567291,0.00959600345138046
2007-09-14,1773.167136940435,0.002063829945430255
2007-09-17,1741.0448962959726,-0.01811574327950199
2007-09-18,1832.638615943309,0.052608476577599886
2007-09-19,1843.191382492896,0.005758236489060832
2007-09-20,1827.1549032999276,-0.008700387461273468
2007-09-21,1857.2512076068936,0.01647167640390567
2007-09-24,1870.6222972141372,0.007199397449563534
2007-09-25,1905.9909918975966,0.018907448465750026
2007-09-26,1926.9474571086027,0.010995049452013416
2007-09-27,1941.483089452885,0.0075433464937820025
2007-09-28,1931.4555197537322,-0.005164901900834244
2007-10-01,1978.486967566078,0.02435026193010261
2007-10-02,1976.2156695648498,-0.0011479974538434027
2007-10-03,1951.903835225815,-0.01230221716862919
2007-10-04,1956.3881863827821,0.002297424225537396
2007-10-05,2038.108322889868,0.04177092106560932
2007-10-08,2063.097135822509,0.012260787442940565
2007-10-09,2077.9975388101584,0.007222346795469226
2007-10-10,2088.776813261988,0.005187337448918215
2007-10-11,2019.312172503384,-0.03325613359817171
2007-10-12,2088.9830887479284,0.03450230092862368
2007-10-15,2051.601629370739,-0.017894572521213997
2007-10-16,2036.5531753435635,-0.007334978590259292
2007-10-17,2089.3101607146004,0.02590503700554571
2007-10-18,2105.1125249597676,0.007563436268247685
2007-10-19,1996.2161378415217,-0.051729485159149435
2007-10-22,2044.8539468193812,0.024365001392309564
2007-10-23,2135.07087624838,0.04411900887558468
2007-10-24,2102.6731783898977,-0.015174062003697862
2007-10-25,2050.3900852646566,-0.024865059231542665
2007-10-26,2112.8678631927837,0.03047116662196633
2007-10-29,2129.0609828229517,0.007664047483640744
2007-10-30,2136.886362352501,0.0036755074620612063
2007-10-31,2197.3435865025835,0.02829220365444477
2007-11-01,2114.801778439379,-0.037564361154180034
2007-11-02,2146.854392260211,0.015156320629012041
2007-11-05,2120.0820469113405,-0.012470498905463548
2007-11-06,2165.074886185233,0.02122221606444004
2007-11-07,2058.6071220358745,-0.049175095433742703
2007-11-08,1938.2684499121567,-0.05845635664793965
2007-11-09,1805.7575607397066,-0.06836560187442332
2007-11-12,1712.50121649194,-0.051643889675624555
2007-11-13,1857.28913995896,0.08454763247620817
2007-11-14,1806.6572462169322,-0.027261180099909906
2007-11-15,1781.5701472532878,-0.013885920539812246
2007-11-16,1824.6313882318182,0.024170387590361993
2007-11-19,1774.981654632531,-0.027210829496581726
2007-11-20,1790.211504275395,0.008580285662736609
2007-11-21,1748.4276455687518,-0.023340179976977467
2007-11-23,1787.2305827824716,0.022193047171304343
2007-11-26,1716.885546011428,-0.039359799148874296
2007-11-27,1793.3037784842013,0.044509800114692445
2007-11-28,1901.761505877682,0.060479283373369726
2007-11-29,1914.2794646280504,0.006582296839892749
2007-11-30,1889.7790160676116,-0.012798783570088271
2007-12-03,1849.8864568415208,-0.021109642390411375
2007-12-04,1834.636085866212,-0.00824394974021655
2007-12-05,1906.1278883254324,0.03896783836859192
2007-12-06,1957.3487396824491,0.026871676171746853
2007-12-07,1961.4226453787553,0.0020813387076679345
2007-12-10,1969.658945288836,0.004199145925783111
2007-12-11,1875.0061503010243,-0.048055423612401844
2007-12-12,1906.5129780088648,0.01680358632572073
2007-12-13,1894.148367075675,-0.006485458570601129
2007-12-14,1853.0879616181608,-0.021677502233315642
2007-12-17,1760.605138107773,-0.049907411534652515
2007-12-18,1775.5225394575632,0.008472883003069502
2007-12-19,1777.9379378481908,0.0013603873434158448
2007-12-20,1845.4319108061154,0.03796193979617286
2007-12-21,1920.2554699612547,0.04054528304024778
2007-12-24,1950.1637629924724,0.015575163564992237
2007-12-26,1964.9107625516438,0.007561928817989247
2007-12-27,1907.926910721375,-0.029000732713311266
2007-12-28,1909.4226695547966,0.0007839707197464294
2007-12-31,1868.6007534185633,-0.02137919319128607
2008-01-02,1805.1931564002462,-0.0339331967528721
2008-01-03,1808.7675550820168,0.001980064387623931
2008-01-04,1653.151726505043,-0.08603417732684701
2008-01-07,1642.8135515410684,-0.006253615320494935
2008-01-08,1563.7046593693694,-0.04815451643766243
2008-01-09,1627.3072848020493,0.04067432110762554
2008-01-10,1634.6879314365783,0.004535496585961062
2008-01-11,1566.3267254986592,-0.04181911704568749
2008-01-14,1625.746582482696,0.037935799738793165
2008-01-15,1533.864847992721,-0.056516640096306685
2008-01-16,1498.5258472233072,-0.023039188110777778
2008-01-17,1450.1691730879973,-0.032269496201825544
2008-01-18,1453.2730557616449,0.0021403590224153275
2008-01-22,1376.7442009165213,-0.052659653009953816
2008-01-23,1367.392954406971,-0.006792290465669028
2008-01-24,1424.5052523035815,0.04176728987270504
2008-01-25,1365.6067977819162,-0.041346603971041944
2008-01-28,1389.8109863033214,0.017724127150449763
2008-01-29,1393.7711975707705,0.002849460326963252
2008-01-30,1395.038351054895,0.0009091545917530043
2008-01-31,1445.7820096400267,0.03637438250121256
2008-02-01,1467.50129905099,0.015022520176725002
2008-02-04,1425.5372395024378,-0.028595585963494187
2008-02-05,1339.280874823514,-0.060507970110293526
2008-02-06,1290.1075372078762,-0.03671622475914008
2008-02-07,1308.3850552198553,0.014167437585502565
2008-02-08,1338.864950165461,0.023295814044959465
2008-02-11,1367.9955039262168,0.02175764908712838
2008-02-12,1348.8183950854707,-0.014018400488676168
2008-02-13,1413.120854262561,0.04767317780613131
2008-02-14,1358.1952896046284,-0.038868271239684865
2008-02-15,1347.2116386051416,-0.008086945289498298
2008-02-19,1323.5390791456678,-0.017571522380836542
2008-02-20,1357.470563581605,0.02563693431541102
2008-02-21,1325.3185797959397,-0.023685216201546188
2008-02-22,1336.0065826499135,0.008064478244634245
2008-02-25,1354.0358844242512,0.013494919866769978
2008-02-26,1362.8814143590848,0.006532714558443732
2008-02-27,1375.9857752585397,0.009615187910987389
2008-02-28,1367.5794509994162,-0.006109310437852501
2008-02-29,1292.5752245860326,-0.054844511124067456
2008-03-03,1274.7220338305965,-0.01381210966746937
2008-03-04,1290.0376107109241,0.012014836547779358
2008-03-05,1304.6157273498145,0.011300536137746033
2008-03-06,1243.4790800554947,-0.04686180460089357
2008-03-07,1236.1927469668342,-0.0058596346376291325
2008-03-10,1186.2067088682177,-0.04043547272159953
2008-03-11,1282.4955945193885,0.08117378272379015
2008-03-12,1273.9685590445122,-0.00664878344324598
2008-03-13,1296.2918387379586,0.017522630001315778
2008-03-14,1242.100418701019,-0.04180495349696824
2008-03-17,1203.4103320839201,-0.03114892003463037
2008-03-18,1308.7492226762986,0.08753364316721907
2008-03-19,1241.1542772984953,-0.051648508519895414
2008-03-20,1293.79679662225,0.0424141625957545
2008-03-24,1385.86832488414,0.0711638245683278
2008-03-25,1401.330499496756,0.011157030098013563
2008-03-26,1390.1501398535165,-0.007978388857770923
2008-03-27,1329.8583267847735,-0.04337072042815189
2008-03-28,1314.392758331564,-0.011629485744245365
2008-03-31,1335.669675049841,0.016187639945068753
2008-04-01,1445.9034595243716,0.08253072337695853
2008-04-02,1435.4632965840735,-0.007220511764825832
2008-04-03,1445.3570455863653,0.006892373372301267
2008-04-04,1461.969151168007,0.011493426923381832
2008-04-07,1453.9824701789823,-0.00546296136457063
2008-04-08,1430.996647374675,-0.015808872029576843
2008-04-09,1400.0400676568372,-0.021632880674200734
2008-04-10,1441.073285662732,0.02930860262775879
2008-04-11,1356.662614971715,-0.05857486328476177
2008-04-14,1344.8293006815677,-0.008722370735036315
2008-04-15,1350.5090348617787,0.004223386698469857
2008-04-16,1428.981059479983,0.05810551621095641
2008-04-17,1419.652018432888,-0.0065284567525966675
2008-04-18,1511.2396397730795,0.06451413455622182
2008-04-21,1531.570561588914,0.01345314222891044
2008-04-22,1481.1522432575346,-0.03291935715914611
2008-04-23,1520.495843726714,0.02656283352928679
2008-04-24,1549.046270122012,0.018777049942682773
2008-04-25,1539.3564509650198,-0.006255345204264849
2008-04-28,1546.7729970717298,0.004817952399563337
2008-04-29,1563.3735182737796,0.010732357775495971
2008-04-30,1537.6306565580649,-0.01646622602648349
2008-05-01,1638.2106617575155,0.0654123308289102
2008-05-02,1640.5433180260832,0.0014239049488697277
2008-05-05,1630.4277267956604,-0.0061660006896946595
2008-05-06,1654.8038943546048,0.014950780803299837
2008-05-07,1589.6127566439345,-0.03939508357036817
2008-05-08,1614.7352437811994,0.015804155466331665
2008-05-09,1603.9150357007964,-0.006700917764738706
2008-05-12,1663.9229368154413,0.03741339146959606
2008-05-13,1669.8716917725708,0.003575138502817203
2008-05-14,1664.3123393446397,-0.0033292093370537834
2008-05-15,1721.0084665442876,0.03406579754252938
2008-05-16,1720.8550582547393,-8.913860247080355e-05
2008-05-19,1695.8943633055055,-0.014504821210537259
2008-05-20,1669.066861195832,-0.015819087963346686
2008-05-21,1595.8356729776785,-0.043875527050897076
2008-05-22,1609.0476691653594,0.008279045525425818
2008-05-23,1599.2540021018658,-0.006086623318359248
2008-05-27,1658.687682676459,0.03716337773516941
2008-05-28,1666.351420123074,0.004620361944358703
2008-05-29,1697.8939831072864,0.01892911819397801
2008-05-30,1720.649387212491,0.01340213483975043
2008-06-02,1676.9821328382895,-0.025378356973086744
2008-06-03,1660.1519993046306,-0.010035964727408175
2008-06-04,1701.1235949770903,0.02467942434766278
2008-06-05,1757.7414257677056,0.033282608599275586
2008-06-06,1646.995486729827,-0.0630046816979975
2008-06-09,1629.2207476019832,-0.010792220908349932
2008-06-10,1617.3865707706104,-0.007263703736151968
2008-06-11,1538.2941733063196,-0.048901356604319414
2008-06-12,1538.151156291617,-9.297117364438927e-05
2008-06-13,1604.8655184589181,0.043373085859874094
2008-06-16,1635.3796445677142,0.01901350970397646
2008-06-17,1615.6702126430903,-0.012051899991597228
2008-06-18,1580.0617135034618,-0.02203946007110958
2008-06-19,1631.1949040329744,0.032361514801934776
2008-06-20,1541.8147404303259,-0.054794288151381855
2008-06-23,1517.6072536503905,-0.015700645573785952
2008-06-24,1502.3950242804303,-0.010023824894991372
2008-06-25,1549.9048983698124,0.03162275787763403
2008-06-26,1424.0929596155931,-0.08117397324606691
2008-06-27,1424.570745340486,0.00033550178144383573
2008-06-30,1395.8811500632369,-0.02013911585022201
2008-07-01,1434.786757533479,0.027871719213687658
2008-07-02,1363.0303494681461,-0.05001189736981423
2008-07-03,1363.3029930838143,0.00020002754580956448
2008-07-07,1379.074858356358,0.011568862793198744
2008-07-08,1446.002983553852,0.04853117638389981
2008-07-09,1365.4547920143818,-0.0557040285916328
2008-07-10,1396.0361656578896,0.022396474656178642
2008-07-11,1352.4626791120481,-0.031212290639553233
2008-07-14,1333.1865008403802,-0.01425265078983442
2008-07-15,1333.6340869294518,0.00033572653847711923
2008-07-16,1401.121259186989,0.05060396469988198
2008-07-17,1415.682640288147,0.010392663023047331
2008-07-18,1369.4593196375413,-0.03265090588466749
2008-07-21,1364.1635010579396,-0.0038670871808031857
2008-07-22,1366.9245775781521,0.002024007032933555
2008-07-23,1402.825591052652,0.026264077816281164
2008-07-24,1359.3494338635592,-0.03099184778662994
2008-07-25,1403.566754600609,0.03252829598889449
2008-07-28,1337.2615148050425,-0.047240531722649755
2008-07-29,1400.3672179691118,0.047190248478263905
2008-07-30,1411.3412207322797,0.007836517894986805
2008-07-31,1405.7520253837918,-0.003960201308077658
2008-08-01,1371.3770781815685,-0.024453066103773433
2008-08-04,1338.679243461554,-0.023843066389421838
2008-08-05,1434.9566214144143,0.07191967636990186
2008-08-06,1473.9910670580816,0.02720252658591996
2008-08-07,1450.442240845643,-0.015976234007604517
2008-08-08,1521.6046185450762,0.04906253809730722
2008-08-11,1545.2105010135256,0.015513808370942543
2008-08-12,1544.92454046677,-0.00018506251838703796
2008-08-13,1546.4055406452603,0.0009586229875297969
2008-08-14,1581.9842351703214,0.023007350652801902
2008-08-15,1570.9674784367116,-0.006963885283233347
2008-08-18,1530.971240579551,-0.02545962179749353
2008-08-19,1492.8858246765928,-0.024876637061151445
2008-08-20,1499.644756138741,0.004527426913985388
2008-08-21,1489.768465134748,-0.006585753701711447
2008-08-22,1528.3822852500655,0.025919343185871982
2008-08-25,1462.2155945719178,-0.043291976959365104
2008-08-26,1456.9243696404455,-0.0036186352758885414
2008-08-27,1478.4901910061546,0.014802292977658893
2008-08-28,1501.5211038349125,0.015577318651728492
2008-08-29,1434.722324850072,-0.044487406013964836
2008-09-02,1400.280959075969,-0.024005596886284057
2008-09-03,1374.444016305452,-0.018451256230439944
2008-09-04,1286.97498779125,-0.06363957169337553
2008-09-05,1277.4495516550983,-0.007401415121904999
2008-09-08,1269.7430440519054,-0.006032729506388825
2008-09-09,1210.0816905219217,-0.04698695047747382
2008-09-10,1233.2811209098682,0.019171788623576425
2008-09-11,1283.7491374193753,0.04092174578353541
2008-09-12,1274.2849675589775,-0.00737228916813355
2008-09-15,1185.2666756741676,-0.06985744488168422
2008-09-16,1211.1238993337683,0.021815532479130383
2008-09-17,1082.3637584519772,-0.10631459007011694
2008-09-18,1168.4960274159387,0.07957793144067378
2008-09-19,1234.0627106088803,0.05611202918501886
2008-09-22,1122.08449422941,-0.0907394862650219
2008-09-23,1098.433871060425,-0.021077399510120796
2008-09-24,1115.6438267540884,0.01566772124119676
2008-09-25,1150.8366470231308,0.03154485277925495
2008-09-26,1129.659070548457,-0.018401896159158524
2008-09-29,891.9219132273985,-0.21045035933331252
2008-09-30,1009.3205426208576,0.13162433577694593
2008-10-01,970.2724585411347,-0.038687495627829506
2008-10-02,880.0506348315585,-0.09298607099002927
2008-10-03,856.1062010787048,-0.027208018272081223
2008-10-06,786.7201712665003,-0.08104839063749
2008-10-07,696.0626488885979,-0.11523477557713753
2008-10-08,696.7080131797662,0.000927164088173382
2008-10-09,638.5638032389471,-0.08345563541812842
2008-10-10,633.2424645652707,-0.008333292063667496
2008-10-13,792.5270210540491,0.2515380212192962
2008-10-14,720.4953418736013,-0.0908886098099806
2008-10-15,593.3820571408404,-0.17642485293827306
2008-10-16,658.9352408469986,0.11047382191167106
2008-10-17,657.667252657875,-0.0019242986419934513
2008-10-20,698.7804489895045,0.062513674149771
2008-10-21,627.1402398461554,-0.10252177096103209
2008-10-22,581.8400433623008,-0.07223296099604018
2008-10-23,583.7754439222566,0.0033263447265878274
2008-10-24,549.0054560317045,-0.05956055235372752
2008-10-27,519.29964076407,-0.054108415392358215
2008-10-28,632.7485970466863,0.21846530861391242
2008-10-29,637.1733387252476,0.006992890540118827
2008-10-30,668.3017573068997,0.04885392512487858
2008-10-31,669.1299224459242,0.0012392083814977712
2008-11-03,669.0592576652074,-0.00010560696562258643
2008-11-04,712.8058899635141,0.06538528806995039
2008-11-05,631.6855031558631,-0.11380431608358796
2008-11-06,575.29636244668,-0.08926774546426397
2008-11-07,602.753247960484,0.047726506381915244
2008-11-10,583.1687534288611,-0.03249172791335471
2008-11-11,559.466606031052,-0.04064371977827587
2008-11-12,504.48506072920037,-0.0982749367149897
2008-11-13,569.8850211144621,0.12963706059150754
2008-11-14,513.5706424520854,-0.09881708866860336
2008-11-17,489.44634414268296,-0.04697367083565948
2008-11-18,492.657049025209,0.006559871007208938
2008-11-19,434.5470183037712,-0.11795229731598617
2008-11-20,393.7125480017455,-0.0939702001901212
2008-11-21,430.9749229626488,0.0946436052140713
2008-11-24,485.55262215137896,0.12663776076238256
2008-11-25,475.6495346369829,-0.020395497959660138
2008-11-26,517.6939672766057,0.08839372180130729
2008-11-28,511.3032308922855,-0.012344622090034067
2008-12-01,429.69655204111,-0.1596052477680653
2008-12-02,460.2780875849514,0.0711700743200647
2008-12-03,489.7591650807024,0.0640505778809421
2008-12-04,457.4542192904754,-0.0659608805583124
2008-12-05,498.1057646667079,0.08886472932588564
2008-12-08,537.9876150535881,0.08006703237728241
2008-12-09,526.9013229110077,-0.02060696535082151
2008-12-10,535.521343369868,0.016359838330328412
2008-12-11,498.7804406031312,-0.06860772819163058
2008-12-12,520.9025074027412,0.04435231416223879
2008-12-15,499.476200479037,-0.0411330462403365
2008-12-16,551.5491963224796,0.10425520934431012
2008-12-17,535.8984942724368,-0.02837589494173103
2008-12-18,517.3782516911124,-0.034559236085312084
2008-12-19,528.1045418138849,0.020732008134691428
2008-12-22,503.74097291380065,-0.046133988578099534
2008-12-23,498.6813052496651,-0.01004418527813761
2008-12-24,499.60689017993184,0.0018560650269481426
2008-12-26,500.54852462402897,0.001884750716224136
2008-12-29,490.1393313750398,-0.020795572730551392
2008-12-30,513.6848538395259,0.04803842694776469
2008-12-31,522.4914403141773,0.017143948101305376
2009-01-02,567.3815051956096,0.08591540725421182
2009-01-05,566.3554787123858,-0.0018083537687223028
2009-01-06,577.1059262005218,0.018981801875700696
2009-01-07,544.6143769696959,-0.056300841415266235
2009-01-08,556.8664120346056,0.022496716177566923
2009-01-09,530.6372923366714,-0.04710127802842618
2009-01-12,511.6821874449421,-0.035721396075010334
2009-01-13,512.9873229453931,0.0025506760494597874
2009-01-14,479.5305271194869,-0.06521953726616282
2009-01-15,496.1093483966389,0.03457302578157015
2009-01-16,508.37599331126853,0.02472568790383385
2009-01-20,456.20121507093353,-0.1026302951492625
2009-01-21,495.66489024331077,0.08650497602519791
2009-01-22,480.89367452381737,-0.029800811012138672
2009-01-23,487.3338496361496,0.01339209778275678
2009-01-26,494.54904919724396,0.014805455370033065
2009-01-27,502.783475676411,0.016650373694041647
2009-01-28,537.7320063691423,0.06951010202893777
2009-01-29,509.8446468040335,-0.05186107435450785
2009-01-30,489.8649483718963,-0.039187816440518025
2009-02-02,502.76054505335816,0.026324799772511627
2009-02-03,519.513029867682,0.03332100137759602
2009-02-04,519.3266965201423,-0.0003586692475974227
2009-02-05,544.7001724730364,0.048858408633552834
2009-02-06,573.0415733055597,0.052031194893602035
2009-02-09,576.8075734258966,0.006571949219343668
2009-02-10,529.6896345821378,-0.0816874483181731
2009-02-11,527.7696928965914,-0.003624654061922606
2009-02-12,541.3372535432894,0.02570735081856305
2009-02-13,536.15587521651,-0.009571442373243281
2009-02-17,493.0144082066782,-0.08046441157137461
2009-02-18,494.4611783849936,0.0029345393445559375
2009-02-19,477.1011307405199,-0.035109020492114305
2009-02-20,481.04863116876805,0.008273928049847896
2009-02-23,445.1925797228304,-0.07453726946238447
2009-02-24,478.70407786137446,0.07527416148626688
2009-02-25,470.0339573323599,-0.0181116496181704
2009-02-26,442.72786801798435,-0.05809386510997862
2009-02-27,434.7941316754571,-0.017920119594109087
2009-03-02,403.4303250973712,-0.0721348433504082
2009-03-03,406.43589860107977,0.007450043580593689
2009-03-04,428.73137777387035,0.05485607755006353
2009-03-05,401.107647790006,-0.06443132323856685
2009-03-06,393.7841430432378,-0.01825820272218383
2009-03-09,378.3993057374796,-0.03906921489235532
2009-03-10,428.11955113529007,0.13139623842836703
2009-03-11,438.526570782632,0.024308676442700537
2009-03-12,468.7271300174833,0.06886825393716232
2009-03-13,471.8029770386819,0.006562127140120505
2009-03-16,453.2013580504008,-0.03942666726063493
2009-03-17,490.1801655597829,0.0815946529120278
2009-03-18,502.3521349562885,0.024831623659446318
2009-03-19,500.07287426962154,-0.0045371772668295575
2009-03-20,485.93862590196017,-0.02826437724362685
2009-03-23,545.4254639837917,0.12241636064928335
2009-03-24,523.3821251138625,-0.04041494269248912
2009-03-25,525.359891932928,0.003778819956136771
2009-03-26,563.2983285164369,0.07221418529671926
2009-03-27,537.0810952867588,-0.0465423593546365
2009-03-30,510.7967762420813,-0.048939199825389024
2009-03-31,524.3632742401837,0.02655948241864577
2009-04-01,537.5143859073634,0.02508015399483487
2009-04-02,573.3933272069178,0.06674973217505271
2009-04-03,592.7732204297486,0.03379860264023838
2009-04-06,590.0519689919479,-0.004590712508618109
2009-04-07,556.1999906874472,-0.057371180986538976
2009-04-08,578.3033644365099,0.03973997504340756
2009-04-09,613.464235060754,0.06080004507410105
2009-04-13,610.2079485192779,-0.005308029963887993
2009-04-14,597.1089167364588,-0.021466504680257025
2009-04-15,591.8825413093923,-0.008752800838466197
2009-04-16,624.6869130681035,0.05542378676373808
2009-04-17,625.5672539570734,0.0014092513714526855
2009-04-20,584.4363744481788,-0.0657497323408763
2009-04-21,602.025138234687,0.030095258535397375
2009-04-22,608.0705825177657,0.010041846924873796
2009-04-23,615.9946148307373,0.01303143506821428
2009-04-24,642.462630656642,0.04296793379139766
2009-04-27,639.3755408640045,-0.004805088491267263
2009-04-28,631.9019978422872,-0.01168881595254344
2009-04-29,650.9004749703645,0.030065543696570243
2009-04-30,662.1667481148415,0.017308749306090263
2009-05-01,664.3548501656213,0.0033044577623523477
2009-05-04,694.210265716844,0.044938959268198214
2009-05-05,690.1888710658028,-0.0057927617173576225
2009-05-06,690.2412655803356,7.5913299575379e-05
2009-05-07,657.2710587679276,-0.04776620647953814
2009-05-08,661.3794655493541,0.006250703916779637
2009-05-11,662.9651252445602,0.002397503668924841
2009-05-12,645.5086284735814,-0.02633094276948461
2009-05-13,610.3075398520405,-0.0545323285682179
2009-05-14,628.3942622859809,0.029635423541261176
2009-05-15,624.1916972664346,-0.006687783883095981
2009-05-18,658.8857361187107,0.05558234594310363
2009-05-19,663.9324040442872,0.0076593977512776044
2009-05-20,659.8328763382863,-0.006174616091983201
2009-05-21,634.9149166521553,-0.037764046896862885
2009-05-22,631.0085284038067,-0.006152616903295559
2009-05-26,676.8296617812205,0.07261571169778394
2009-05-27,666.5607945361498,-0.015172011253238997
2009-05-28,684.1000016302354,0.026312989359493923
2009-05-29,698.8136194531791,0.021507992673411146
2009-06-01,739.30678870586,0.05794559253777383
2009-06-02,742.5145978333852,0.004338941798627837
2009-06-03,737.6437192439777,-0.006559976872670821
2009-06-04,754.9564811922795,0.02347035770337182
2009-06-05,755.4467805160913,0.0006494405121702646
2009-06-08,750.7155891072654,-0.006262772614629198
2009-06-09,763.9039435433017,0.01756771089797072
2009-06-10,757.5291927930101,-0.0083449637931215
2009-06-11,759.3071629741477,0.002347064902650571
2009-06-12,752.1805422646088,-0.009385688766091044
2009-06-15,718.8962231449102,-0.044250438889962
2009-06-16,705.380770876114,-0.018800282758019
2009-06-17,717.7501509477665,0.017535748892458892
2009-06-18,715.7035796975549,-0.0028513700032096476
2009-06-19,732.8792238850799,0.02399826502863548
2009-06-22,688.4685375035382,-0.060597551321096774
2009-06-23,686.406978788401,-0.0029944123846422795
2009-06-24,708.2011202509059,0.031751048774262616
2009-06-25,736.3657740022112,0.03976928720661581
2009-06-26,740.7511335373109,0.005955409240797417
2009-06-29,744.4281634111752,0.004963920684542655
2009-06-30,737.8405589247312,-0.008849214484655908
2009-07-01,741.9407698897265,0.0055570419861042065
2009-07-02,706.835252879461,-0.04731579451481445
2009-07-06,701.73984857401,-0.007208758030522115
2009-07-07,666.4672812844988,-0.050264449654936684
2009-07-08,672.8852090677848,0.009629771728503484
2009-07-09,676.1877557208592,0.004908038709380704
2009-07-10,680.8460679894303,0.006889081071284665
2009-07-13,707.6053858812184,0.03930303654511737
2009-07-14,712.6439924402986,0.00712064472602249
2009-07-15,759.8851112740781,0.06628992783902153
2009-07-16,778.0140591900372,0.02385748535796778
2009-07-17,786.6246619430439,0.011067412794533488
2009-07-20,803.915292921918,0.021980789333714126
2009-07-21,813.3136338646103,0.011690710483355798
2009-07-22,825.8880387774805,0.015460708377800683
2009-07-23,864.4492902370857,0.046690652544969125
2009-07-24,861.8106836957465,-0.0030523554951563596
2009-07-27,862.131158153941,0.00037186178386651474
2009-07-28,868.7894385439706,0.007723048085034719
2009-07-29,862.4643760679744,-0.007280316950671626
2009-07-30,873.5451914887988,0.012847852883318382
2009-07-31,866.4975306246811,-0.008067883531138511
2009-08-03,893.310706872571,0.03094431928566448
2009-08-04,893.7343487375617,0.00047423797983334393
2009-08-05,878.3303700821692,-0.017235522699951333
2009-08-06,862.9511811770235,-0.01750957205738767
2009-08-07,883.6752789665361,0.02401537681569194
2009-08-10,873.8403889039295,-0.011129529473890624
2009-08-11,856.7761664183226,-0.019527848222958246
2009-08-12,883.5490217122343,0.03124836607656025
2009-08-13,893.451611852548,0.011207742747678533
2009-08-14,874.7405724688264,-0.020942420535707353
2009-08-17,824.1071255026121,-0.05788395846703298
2009-08-18,846.8840295527433,0.02763828068619104
2009-08-19,857.6943028608366,0.012764762270700003
2009-08-20,876.6313045292403,0.02207896403793224
2009-08-21,902.2379634066608,0.029210294847012857
2009-08-24,898.986011212838,-0.003604317625412415
2009-08-25,904.6348489766716,0.0062835658101204625
2009-08-26,901.4531803678706,-0.003517074997055561
2009-08-27,905.843313253435,0.00487006200784934
2009-08-28,908.3673390591623,0.0027863823343376453
2009-08-31,888.4653601299398,-0.02190961527726874
2009-09-01,856.3925355770256,-0.036099127768159114
2009-09-02,854.7351101267204,-0.0019353571889652139
2009-09-03,867.2973212689687,0.014697197989662417
2009-09-04,901.9743519393467,0.03998286379997216
2009-09-08,920.4806928760163,0.020517591100987467
2009-09-09,936.5409718657036,0.017447708696102515
2009-09-10,955.556994253934,0.02030452800196046
2009-09-11,954.7824551929868,-0.0008105629131541055
2009-09-14,964.2425556671177,0.009908121397369778
2009-09-15,970.8311960595029,0.006832969934444282
2009-09-16,998.4981257289937,0.02849818771974755
2009-09-17,995.4592978232943,-0.003043398707915231
2009-09-18,1000.279561889885,0.004842251287552268
2009-09-21,1007.6905132830507,0.007408880152628263
2009-09-22,1010.6317728595991,0.002918812410931363
2009-09-23,999.2054699375042,-0.011306099045119087
2009-09-24,982.4082416816772,-0.01681058477079559
2009-09-25,964.4889712308938,-0.018240146703278275
2009-09-28,999.2053687773467,0.035994602926508794
2009-09-29,991.2063603016542,-0.008005369792478588
2009-09-30,992.749363115636,0.0015566918007995276
2009-10-01,932.0370494651096,-0.06115573165414821
2009-10-02,927.6704572862533,-0.004684998500180074
2009-10-05,942.4007714543208,0.015878822110125892
2009-10-06,975.7254256385539,0.035361446205955785
2009-10-07,981.6954392385442,0.006118538518234434
2009-10-08,990.140241383408,0.008602262786729504
2009-10-09,1001.6532595556907,0.01162766413391788
2009-10-12,1003.8807667050718,0.0022238305802240515
2009-10-13,1004.6434838856109,0.0007597686954821947
2009-10-14,1032.5218405574863,0.027749502305088034
2009-10-15,1031.4827646351475,-0.0010063476446924994
2009-10-16,1014.9839507494588,-0.015995239524457423
2009-10-19,1035.3049467043866,0.02002100224335836
2009-10-20,1034.7478030403563,-0.0005381445010996875
2009-10-21,1031.6690205419436,-0.0029753940905855427
2009-10-22,1042.9735085791283,0.010957475519858479
2009-10-23,1031.7311633210008,-0.01077912829583103
2009-10-26,1023.696656954656,-0.007787403009600796
2009-10-27,995.2461570811186,-0.027791924180130965
2009-10-28,948.5791379795322,-0.04688992644639033
2009-10-29,981.5431627108798,0.034750948457037155
2009-10-30,930.927247697745,-0.051567691504610984
2009-11-02,937.4374550544662,0.006993250410084593
2009-11-03,944.5053179384961,0.007539556741542029
2009-11-04,946.1776210454142,0.0017705597577450775
2009-11-05,991.707301147721,0.048119590962214735
2009-11-06,1002.8707428813534,0.011256790910698046
2009-11-09,1046.5502978814145,0.04355452116846614
2009-11-10,1052.216774462659,0.005414433107243428
2009-11-11,1063.8446297308735,0.011050817236925928
2009-11-12,1052.1588193234534,-0.010984508527693958
2009-11-13,1070.5389783845194,0.01746899681255782
2009-11-16,1093.2866651888057,0.021248816963781447
2009-11-17,1098.9332540664238,0.005164783452877013
2009-11-18,1086.256810387519,-0.011535226213237132
2009-11-19,1051.8530356850988,-0.03167186099403752
2009-11-20,1041.4334970466343,-0.00990588826097562
2009-11-23,1075.1984765027048,0.0324216376291173
2009-11-24,1067.1959061748394,-0.007442877294520991
2009-11-25,1076.0831227196954,0.008327633655109029
2009-11-27,1042.2773157021686,-0.031415609355609886
2009-11-30,1044.665059490411,0.002290891063511128
2009-12-01,1068.6592411014567,0.02296830107704559
2009-12-02,1072.3985199129866,0.0034990375488407827
2009-12-03,1062.9461677572235,-0.008814215965656038
2009-12-04,1073.6984853452993,0.0101155805573511
2009-12-07,1063.8633697084633,-0.009160034936319183
2009-12-08,1050.8578222771457,-0.012224828677842076
2009-12-09,1070.9978672088503,0.019165337598251283
2009-12-10,1082.592496983904,0.010826006409584046
2009-12-11,1073.8177167491265,-0.008105339967923264
2009-12-14,1094.290307245572,0.019065238147144933
2009-12-15,1081.1496088458948,-0.012008420720415044
2009-12-16,1084.3093905173766,0.002922612787008095
2009-12-17,1057.1751763465445,-0.02502442052806076
2009-12-18,1091.7838328300984,0.03273691745502065
2009-12-21,1117.739164371355,0.023773324682758425
2009-12-22,1130.8651382984087,0.011743324690994534
2009-12-23,1146.2319635281679,0.01358855685734656
2009-12-24,1168.3499856064839,0.019296287995874312
2009-12-28,1178.8644969285829,0.008999453461405394
2009-12-29,1171.1549404345908,-0.00653981565657348
2009-12-30,1179.473634868989,0.007102983684901036
2009-12-31,1156.46808107367,-0.0195049326370694
2010-01-04,1189.3682978295494,0.028448875757413644
2010-01-05,1191.572278094434,0.0018530679427949696
2010-01-06,1178.9627969535666,-0.010582220963576387
2010-01-07,1176.8514470039077,-0.001790853753074076
2010-01-08,1196.7774999240098,0.016931663695389156
2010-01-11,1188.8155226043918,-0.006652846765688179
2010-01-12,1158.0187659408998,-0.025905412637971133
2010-01-13,1188.319552407921,0.026166058235163003
2010-01-14,1188.8337659398433,0.0004327232779098625
2010-01-15,1161.1289582033094,-0.02330418981213216
2010-01-19,1199.7786821576556,0.03328633196277484
2010-01-20,1164.9504590799156,-0.029028873071078074
2010-01-21,1143.2946625524642,-0.01858945705258175
2010-01-22,1074.4311346078298,-0.060232528148861354
2010-01-25,1083.5561928434947,0.00849292052486527
2010-01-26,1085.3444350252266,0.0016503455875594313
2010-01-27,1103.463750069293,0.01669452982789288
2010-01-28,1045.4876973090998,-0.0525400610183637
2010-01-29,1010.0186616747383,-0.03392582784632716
2010-02-01,1032.9104433177513,0.022664711565878824
2010-02-02,1051.9374191520553,0.01842074107914762
2010-02-03,1061.1691201171607,0.008775903202062087
2010-02-04,999.6967215985226,-0.05792893644686076
2010-02-05,1014.8642997462604,0.015172179542096202
2010-02-08,1001.8570640082447,-0.012816724109092976
2010-02-09,1023.7742878658304,0.02187659761553104
2010-02-10,1019.0306605986325,-0.00463346982183587
2010-02-11,1049.3108297523797,0.029714679179485143
2010-02-12,1053.3137184493144,0.0038147787895024127
2010-02-16,1080.569399990547,0.025876128890980867
2010-02-17,1091.143612823364,0.009785778528347796
2010-02-18,1106.2645791429968,0.013857906642102763
2010-02-19,1106.200856111378,-5.7601981316479844e-05
2010-02-22,1099.3603006546823,-0.006183827664663307
2010-02-23,1070.5792972090146,-0.026179773299552768
2010-02-24,1092.9087863595353,0.02085738927395021
2010-02-25,1093.4121309190289,0.00046055495735394927
2010-02-26,1100.3931679774355,0.006384634723723883
2010-03-01,1134.000475691966,0.030541181727165693
2010-03-02,1139.9305233517516,0.005229316730371965
2010-03-03,1140.3957436886105,0.0004081128869950176
2010-03-04,1150.4569056079997,0.008822517950519838
2010-03-05,1186.1608752130305,0.031034599758573082
2010-03-08,1189.1559583528153,0.002525022703389163
2010-03-09,1202.372811334417,0.01111448240978356
2010-03-10,1222.593720308144,0.016817503508986843
2010-03-11,1230.8555749394347,0.0067576452373799695
2010-03-12,1231.67253363728,0.0006637323780943057
2010-03-15,1226.1880285979046,-0.004452892217364781
2010-03-16,1241.7297593533224,0.012674834848280966
2010-03-17,1246.868967339336,0.004138749149968059
2010-03-18,1256.835787651079,0.00799347852325739
2010-03-19,1241.9765308401293,-0.011822751195460812
2010-03-22,1264.1055179765403,0.017817556601848087
2010-03-23,1281.7790884927579,0.013981088022230586
2010-03-24,1266.9697153361178,-0.011553764053097671
2010-03-25,1263.501771670708,-0.0027371953910435534
2010-03-26,1268.0376992486936,0.0035899653484360596
2010-03-29,1279.267344882496,0.008855924110502372
2010-03-30,1288.0846321695758,0.006892450840984787
2010-03-31,1275.5162192846872,-0.0097574433938546
2010-04-01,1277.1299147613636,0.001265131287457493
2010-04-05,1301.042583081433,0.01872375554254979
2010-04-06,1306.4879149415967,0.004185360211090745
2010-04-07,1300.3824743384987,-0.00467317036252185
2010-04-08,1304.9189307923484,0.0034885555160663203
2010-04-09,1322.9952703947888,0.013852461770528955
2010-04-12,1324.6899498557361,0.0012809414355967944
2010-04-13,1335.548386703537,0.008196964768233776
2010-04-14,1368.9125551640607,0.024981624621534325
2010-04-15,1382.1905716629426,0.009699682020441762
2010-04-16,1347.2324654210283,-0.025291813559294878
2010-04-19,1348.233637926614,0.000743132704475677
2010-04-20,1361.7449779005954,0.01002151229126732
2010-04-21,1376.4813847303226,0.010821708226489136
2010-04-22,1390.8914461784223,0.010468765947693994
2010-04-23,1404.7511373040704,0.00996461022442011
2010-04-26,1396.302284927811,-0.006014483385629493
2010-04-27,1337.9445220081782,-0.04179450506496148
2010-04-28,1339.7574416887098,0.0013550036273630387
2010-04-29,1386.8977733088047,0.03518572105162297
2010-04-30,1329.5445810511842,-0.041353583055216483
2010-05-03,1370.7841047178622,0.031017781768605705
2010-05-04,1286.2935513590412,-0.06163665968114734
2010-05-05,1272.324909860585,-0.01085960625682815
2010-05-06,1188.5221580022023,-0.06586584229303927
2010-05-07,1132.92682160178,-0.046776861521768555
2010-05-10,1247.1398451677512,0.10081235732815662
2010-05-11,1244.4288775112466,-0.002173747929719907
2010-05-12,1289.471969029781,0.0361957941771785
2010-05-13,1250.2560428328788,-0.030412391380953165
2010-05-14,1200.9000734262963,-0.0394766893465677
2010-05-17,1211.4851493318358,0.008814285334614917
2010-05-18,1175.5961293694284,-0.029623986709371664
2010-05-19,1158.623845838529,-0.014437172007365386
2010-05-20,1067.9807289378623,-0.07823342944842086
2010-05-21,1094.8769340567776,0.025184167082925167
2010-05-24,1085.9419423308302,-0.008160726971241507
2010-05-25,1086.4413468801931,0.00045988144475853744
2010-05-26,1063.4729574667365,-0.021140938237864657
2010-05-27,1141.9187634522232,0.07376379947859697
2010-05-28,1129.2874841446412,-0.011061451752833462
2010-06-01,1108.2196730201651,-0.018655843990366683
2010-06-02,1162.0503110117475,0.04857397797756186
2010-06-03,1181.9430457804397,0.017118651903610456
2010-06-04,1102.6316379014133,-0.06710256315832615
2010-06-07,1061.913041773003,-0.03692855776014927
2010-06-08,1059.0278748146181,-0.002716952184302899
2010-06-09,1039.255917032259,-0.018669912523143158
2010-06-10,1099.0635003348664,0.057548465515016016
2010-06-11,1119.575399280056,0.018663069912648395
2010-06-14,1117.6154070497626,-0.0017506567503659703
2010-06-15,1180.618830459938,0.05637308058994044
2010-06-16,1190.3851803748717,0.008272229497753397
2010-06-17,1197.080579354139,0.005624565132068332
2010-06-18,1200.6496999294725,0.0029815207404493655
2010-06-21,1178.5816662257114,-0.018380076807629663
2010-06-22,1159.5812508762103,-0.016121424500304588
2010-06-23,1152.0560432027867,-0.006489590675718065
2010-06-24,1115.4099075024938,-0.03180933420427566
2010-06-25,1108.0903308635966,-0.006562230252451621
2010-06-28,1105.1164367311817,-0.002683801175394483
2010-06-29,1018.5340616181944,-0.0783468349897037
2010-06-30,989.7769449032251,-0.028233829185134555
2010-07-01,984.4120648462663,-0.005420292000722783
2010-07-02,977.5405533202439,-0.006980320306309396
2010-07-06,984.7872880003254,0.007413231763600716
2010-07-07,1047.299190140599,0.06347756810225308
2010-07-08,1057.372579806451,0.009618445006626796
2010-07-09,1076.772720516784,0.01834749744870814
2010-07-12,1084.2394533976446,0.006934362970559946
2010-07-13,1112.8393993585742,0.026377887164414478
2010-07-14,1122.969622279069,0.009103041217208674
2010-07-15,1126.4205175737466,0.0030730085892031024
2010-07-16,1062.4095096052172,-0.05682691940520208
2010-07-19,1081.0858343182858,0.01757921455353739
2010-07-20,1106.528081472491,0.023533975144766094
2010-07-21,1078.4513151261347,-0.025373749493093435
2010-07-22,1132.8307389996546,0.05042362423857758
2010-07-23,1147.7858137503647,0.013201508606586823
2010-07-26,1166.2371837655953,0.01607562124760978
2010-07-27,1164.2977248183095,-0.0016630055826412126
2010-07-28,1144.3604176799947,-0.017123890834215963
2010-07-29,1129.3248295851822,-0.013138857183905919
2010-07-30,1133.838776069838,0.0039970311166486385
2010-08-02,1176.471627340591,0.03760045270151098
2010-08-03,1167.5978119626634,-0.007542736409195813
2010-08-04,1189.0859179839667,0.018403688154556445
2010-08-05,1183.8147613915146,-0.00443294846295802
2010-08-06,1181.2646973651972,-0.0021541073058760807
2010-08-09,1196.5913664281331,0.012974796501683351
2010-08-10,1176.7083007024387,-0.01661642084636293
2010-08-11,1109.9910043173425,-0.056698245729438025
2010-08-12,1094.1207343405954,-0.014297656390924906
2010-08-13,1078.1733365764846,-0.014575537473679255
2010-08-16,1081.4483107830292,0.003037521051061857
2010-08-17,1109.80088183588,0.026217222561771798
2010-08-18,1116.3533424045888,0.00590417675454482
2010-08-19,1082.838310469645,-0.030021885241776188
2010-08-20,1086.1260057603336,0.00303618301910895
2010-08-23,1065.4386252409663,-0.019046943365365013
2010-08-24,1026.5253664346942,-0.03652322891660816
2010-08-25,1044.597587169544,0.01760523541431605
2010-08-26,1019.1162991243527,-0.024393401208436433
2010-08-27,1045.1981955024405,0.025592659444754237
2010-08-30,1022.4250280945238,-0.021788372297150138
2010-08-31,1017.0903871129723,-0.005217635361972245
2010-09-01,1077.6716081808133,0.05956326186485915
2010-09-02,1102.004353123645,0.022578997867362487
2010-09-03,1137.6257758610177,0.03232421236486357
2010-09-07,1120.9130372666293,-0.014690893041465562
2010-09-08,1149.3120794762442,0.02533563377839431
2010-09-09,1156.8413297671132,0.006551092975808909
2010-09-10,1164.4689069287117,0.006593451465927684
2010-09-13,1200.6328768722492,0.03105619199306927
2010-09-14,1209.3029435716137,0.007221247115896679
2010-09-15,1223.1335549982393,0.011436845912057115
2010-09-16,1233.8900156053105,0.00879418323789398
2010-09-17,1243.693035569646,0.007944808565070086
2010-09-20,1286.496408711508,0.03441634866296137
2010-09-21,1286.1072151120713,-0.0003025221032886469
2010-09-22,1277.920387789914,-0.006365586963481821
2010-09-23,1277.1585864283609,-0.0005961258375966958
2010-09-24,1330.9073101036413,0.04208461208062765
2010-09-27,1314.083180292677,-0.01264109805637342
2010-09-28,1315.990320415329,0.0014513085254063713
2010-09-29,1311.6342210254043,-0.003310130266421723
2010-09-30,1297.244377943786,-0.010970926841454827
2010-10-01,1295.3993922317661,-0.0014222345021409199
2010-10-04,1267.8738568762308,-0.0212486863284021
2010-10-05,1331.1849963847792,0.049934888368574494
2010-10-06,1307.3960410571035,-0.01787051040409967
2010-10-07,1314.0801995580418,0.0051125736127622485
2010-10-08,1334.2252393100948,0.015330144810665568
2010-10-11,1334.2361812720662,8.200985597503421e-06
2010-10-12,1353.4428379096564,0.014395244940276159
2010-10-13,1374.2853822883571,0.015399648802967706
2010-10-14,1370.650985550547,-0.0026445720697098178
2010-10-15,1428.3450717220855,0.04209247049741468
2010-10-18,1437.1700108543807,0.006178436364579158
2010-10-19,1390.178689599437,-0.032697120660768624
2010-10-20,1411.7257059764179,0.015499458118718267
2010-10-21,1417.6413160146146,0.004190339534906545
2010-10-22,1436.8091370891098,0.013520924410118797
2010-10-25,1449.6469910766018,0.008934975186405632
2010-10-26,1457.219500198544,0.005223691815010971
2010-10-27,1466.6410989220778,0.0064654629740064406
2010-10-28,1471.981443561147,0.003641207547636593
2010-10-29,1464.711037344263,-0.004939196923090767
2010-11-01,1470.2695749705454,0.003794972171685611
2010-11-02,1502.4881113249999,0.021913353104038715
2010-11-03,1511.7899924187195,0.006190984822846074
2010-11-04,1553.060574058211,0.0272991499126557
2010-11-05,1551.5428352184047,-0.0009772566924678274
2010-11-08,1554.7966191012156,0.0020971279741386845
2010-11-09,1537.694083352489,-0.01099985396071478
2010-11-10,1553.0660430989183,0.00999676067746545
2010-11-11,1532.3242954684983,-0.013355354540514442
2010-11-12,1482.768965464926,-0.03233997538910079
2010-11-15,1473.8797763310731,-0.005994992706814401
2010-11-16,1421.5628649573102,-0.03549605077287597
2010-11-17,1430.2405153631034,0.0061043029609907
2010-11-18,1477.6293376991423,0.03313346379647748
2010-11-19,1478.3498484130791,0.0004876126208071821
2010-11-22,1500.0223138406423,0.014659903033660954
2010-11-23,1452.2787817079802,-0.03182854794367694
2010-11-24,1512.5629503861412,0.0415100526410381
2010-11-26,1503.3657491423253,-0.006080541138117806
2010-11-29,1490.400194857473,-0.008624351254675786
2010-11-30,1452.58083022507,-0.025375308432524543
2010-12-01,1515.0386613261426,0.04299783516446049
2010-12-02,1546.54769330039,0.02079751017486689
2010-12-03,1554.885809587086,0.005391438183779564
2010-12-06,1553.0451175719413,-0.0011838117010235453
2010-12-07,1552.4224246112417,-0.0004009496914507145
2010-12-08,1568.4064778432382,0.01029620094285819
2010-12-09,1569.819229127791,0.0009007558337143244
2010-12-10,1589.4866039128929,0.012528432841295494
2010-12-13,1578.2560451919617,-0.007065525870607868
2010-12-14,1585.6361838468572,0.004676135204663708
2010-12-15,1571.13308198932,-0.009146550769516242
2010-12-16,1593.37714968553,0.014157978054949541
2010-12-17,1593.7956318155277,0.0002626384657771243
2010-12-20,1600.7128837904688,0.004340112268384934
2010-12-21,1617.3480695375447,0.01039236075096985
2010-12-22,1619.3188307583778,0.001218513972318016
2010-12-23,1611.1805428732268,-0.0050257476974682885
2010-12-27,1610.7117599697258,-0.00029095615980139487
2010-12-28,1607.2176427583836,-0.002169300118233407
2010-12-29,1613.338434282079,0.0038083152902619244
2010-12-30,1604.8097833906415,-0.0052863371442785035
2010-12-31,1593.505976791723,-0.007043704939931104
2011-01-03,1645.9006460996557,0.03288012098543952
2011-01-04,1641.9079855695657,-0.0024258211086748836
2011-01-05,1669.5846746268082,0.016856419056663314
2011-01-06,1680.094700724727,0.006294994352573312
2011-01-07,1678.9530388897015,-0.0006795223117680155
2011-01-10,1690.4403506214524,0.006841949396838145
2011-01-11,1696.9320709703625,0.0038402540181460263
2011-01-12,1720.9341755712153,0.014144410970515582
2011-01-13,1721.9595107489831,0.0005958015084612212
2011-01-14,1748.7526217817383,0.015559663781584033
2011-01-18,1757.0434432322575,0.00474099157722601
2011-01-19,1718.6656793714208,-0.021842239592116775
2011-01-20,1692.9923973757984,-0.014937915095280179
2011-01-21,1666.7413089933596,-0.015505733175842343
2011-01-24,1714.0297202719203,0.02837177612590694
2011-01-25,1719.5085504427832,0.0031964615934394437
2011-01-26,1734.7281105103875,0.00885111043134117
2011-01-27,1758.5906924918875,0.01375580521058089
2011-01-28,1668.742277233502,-0.05109114681544926
2011-01-31,1685.6585500579795,0.010137139242688682
2011-02-01,1749.2998565035166,0.03775456568196923
2011-02-02,1743.5468978649963,-0.0032887206942435483
2011-02-03,1746.5769658304619,0.0017378758031550874
2011-02-04,1769.3831521038146,0.013057647455294894
2011-02-07,1786.1998818515249,0.00950428951904228
2011-02-08,1808.1697598513867,0.012299786951664369
2011-02-09,1804.1574067189138,-0.0022190135138654295
2011-02-10,1809.411072228482,0.002911977352975299
2011-02-11,1832.12113151351,0.012551077880306103
2011-02-14,1842.2297627521725,0.005517446998884852
2011-02-15,1836.6047040849617,-0.0030533969111471116
2011-02-16,1861.367855050457,0.013483114200032927
2011-02-17,1860.8525960561094,-0.0002768173915486595
2011-02-18,1852.9950963507215,-0.0042225266644124035
2011-02-22,1745.4031892910393,-0.058063784017331276
2011-02-23,1712.517166902209,-0.01884150469679625
2011-02-24,1730.984794843837,0.010783908213331658
2011-02-25,1780.3958193732246,0.028545036719311603
2011-02-28,1787.6984107660182,0.004101667344604563
2011-03-01,1733.4168706260791,-0.03036392481698288
2011-03-02,1750.7068521728013,0.009974508636504302
2011-03-03,1818.4651873276052,0.03870341574930662
2011-03-04,1800.4284935170497,-0.009918635746369186
2011-03-07,1751.941983163601,-0.026930539328853153
2011-03-08,1766.2656257713547,0.008175865836543672
2011-03-09,1743.8651638213903,-0.01268238571997445
2011-03-10,1686.259492082388,-0.03303332902916012
2011-03-11,1708.4147464160717,0.013138698069728073
2011-03-14,1695.886711260388,-0.0073331345224953316
2011-03-15,1649.8921369552215,-0.027121254031752574
2011-03-16,1567.217042866572,-0.05010939335781161
2011-03-17,1598.9530952858204,0.02024994085133263
2011-03-18,1593.01117849398,-0.0037161295158431693
2011-03-21,1652.8793728404958,0.037581779183191104
2011-03-22,1646.006858972554,-0.004157904067815503
2011-03-23,1664.341979695072,0.011139152077387315
2011-03-24,1725.3682127064735,0.03666688322227028
2011-03-25,1731.7959143966207,0.0037254086651245877
2011-03-28,1712.133700882025,-0.011353655099392079
2011-03-29,1745.552084414353,0.019518559511510148
2011-03-30,1762.0907521178326,0.009474748906749734
2011-03-31,1765.8722626776646,0.0021460362102729688
2011-04-01,1771.86246449248,0.003392205620655974
2011-04-04,1759.356439243924,-0.007058124148557016
2011-04-05,1749.3590599265408,-0.005682406983817003
2011-04-06,1756.1329306393875,0.0038722014639641896
2011-04-07,1757.0019268424828,0.0004948350935934331
2011-04-08,1739.4341224622156,-0.009998739393438552
2011-04-11,1729.5883152064814,-0.005660350759244065
2011-04-12,1705.431288383176,-0.013966923001802061
2011-04-13,1732.6886868562528,0.01598270106731652
2011-04-14,1724.6959723976977,-0.004612897007515557
2011-04-15,1719.2735457403764,-0.0031439898649400157
2011-04-18,1696.7281953429115,-0.013113300354863657
2011-04-19,1718.143511797909,0.012621536268317414
2011-04-20,1794.1555261002313,0.044240783019796434
2011-04-21,1823.9507710851906,0.016606835110734283
2011-04-25,1834.0339513371825,0.005528208552467108
2011-04-26,1853.034864205803,0.010360175096413472
2011-04-27,1880.2547608532643,0.014689360234529457
2011-04-28,1874.5652885110792,-0.003025905031934797
2011-04-29,1865.570571044762,-0.004798295114843189
2011-05-02,1865.996759740832,0.00022844951709934862
2011-05-03,1848.2982656500599,-0.00948473999131182
2011-05-04,1840.1845739372316,-0.004389817305798643
2011-05-05,1821.2824906879541,-0.01027184094301736
2011-05-06,1833.5629730289634,0.0067427663768790955
2011-05-09,1845.7246771820705,0.006632825996162344
2011-05-10,1877.2482801163676,0.01707925527789184
2011-05-11,1848.861364146074,-0.015121556520234914
2011-05-12,1871.8041353862216,0.01240913552798693
2011-05-13,1827.3207338753048,-0.02376498730287202
2011-05-16,1763.917674012125,-0.03469728038860332
2011-05-17,1772.5147204550667,0.004873836556888238
2011-05-18,1801.977955891343,0.016622279689001457
2011-05-19,1812.2845243555098,0.005719586319283605
2011-05-20,1784.4428180454636,-0.015362767786116421
2011-05-23,1732.022873147604,-0.029376085558895097
2011-05-24,1712.2964434424068,-0.011389243185540835
2011-05-25,1723.3521367769106,0.006456646789662929
2011-05-26,1745.749072973414,0.012996146126229905
2011-05-27,1761.0559252333276,0.008768071251982609
2011-05-31,1816.2352891557262,0.03133311278293881
2011-06-01,1739.6487908456406,-0.04216771844890582
2011-06-02,1746.0260426774737,0.0036658271861489747
2011-06-03,1694.4669408163506,-0.029529400249986498
2011-06-06,1668.2687574313004,-0.015461017712407408
2011-06-07,1660.2242388884094,-0.004822075883790733
2011-06-08,1636.759792956617,-0.014133299214751118
2011-06-09,1642.2752080499843,0.0033697156522914337
2011-06-10,1590.5698785623867,-0.03148396153954715
2011-06-13,1592.425896132363,0.0011668884184163554
2011-06-14,1632.6905827510834,0.02528512423498902
2011-06-15,1572.7701096809158,-0.03670044630820469
2011-06-16,1559.8905436319958,-0.008189096403627012
2011-06-17,1550.0557700162085,-0.006304784432431012
2011-06-20,1566.3193410107185,0.010492248930075703
2011-06-21,1633.8150143581329,0.04309189804415014
2011-06-22,1610.5476612411965,-0.014241118432907322
2011-06-23,1638.404789960109,0.017296680743644464
2011-06-24,1583.253651039025,-0.03366148540277809
2011-06-27,1633.6503002013437,0.03183106454815069
2011-06-28,1682.3148193482123,0.029788822700225825
2011-06-29,1695.1452661085104,0.007626662151896884
2011-06-30,1740.4733475869216,0.026739939275215865
2011-07-01,1794.9046516472665,0.03127385095313941
2011-07-05,1810.061290570166,0.008444258534284595
2011-07-06,1821.3705832252908,0.006248016414716329
2011-07-07,1873.9734524588637,0.028880926110283093
2011-07-08,1863.15989475319,-0.00577039001885819
2011-07-11,1795.3592897996004,-0.03639011613792328
2011-07-12,1767.7334581514267,-0.015387355503230402
2011-07-13,1780.8225609853678,0.007404454994945147
2011-07-14,1739.4402079083138,-0.02323777448897339
2011-07-15,1786.792078919219,0.027222476975995665
2011-07-18,1767.765189357309,-0.01064863102226132
2011-07-19,1849.5122869417462,0.04624318776984025
2011-07-20,1833.5760010457186,-0.008616480143735077
2011-07-21,1858.8826105251187,0.013801778309144207
2011-07-22,1898.0021594598097,0.021044658072109323
2011-07-25,1889.8239416018084,-0.004308855928977927
2011-07-26,1898.1475719932214,0.0044044475298358225
2011-07-27,1800.872604942698,-0.051247315269790164
2011-07-28,1807.9441698502815,0.003926743562079123
2011-07-29,1794.341635676388,-0.007523757868596058
2011-08-01,1781.2078487384783,-0.007319557589688836
2011-08-02,1688.6496694151854,-0.05196371630006369
2011-08-03,1718.0596288357083,0.017416258655182343
2011-08-04,1561.2530193348546,-0.09126959674101544
2011-08-05,1543.1662982503824,-0.011584746905519406
2011-08-08,1354.71968448455,-0.12211685414559023
2011-08-09,1486.927946682333,0.09759086231044613
2011-08-10,1366.2752909385151,-0.08114223423738903
2011-08-11,1490.1942332202414,0.09069837030910843
2011-08-12,1510.8437049910374,0.01385689953058898
2011-08-15,1555.398061777358,0.029489719313213116
2011-08-16,1527.558624415449,-0.017898593322211605
2011-08-17,1509.9943739715798,-0.011498249666581866
2011-08-18,1359.7226104759277,-0.0995180949584653
2011-08-19,1314.1013188958718,-0.03355191068278803
2011-08-22,1322.6209914841186,0.0064832691861270745
2011-08-23,1432.03138081892,0.08272240501190863
2011-08-24,1453.2889833042545,0.014844369173794256
2011-08-25,1403.429682707617,-0.03430790515130407
2011-08-26,1475.050057424029,0.05103239271541965
2011-08-29,1559.7786866718475,0.0574411890778713
2011-08-30,1579.08738231629,0.012379125198615247
2011-08-31,1583.8232653065563,0.0029991266115492257
2011-09-01,1552.8333473168177,-0.019566525298983065
2011-09-02,1481.1978558806788,-0.04613211814385606
2011-09-06,1481.0718496786064,-8.50704729096413e-05
2011-09-07,1557.8509588125785,0.051840232565782074
2011-09-08,1544.6460379542111,-0.008476369824512803
2011-09-09,1474.05810320313,-0.045698453248597
2011-09-12,1512.5955796070357,0.02614379739859897
2011-09-13,1552.3107773494664,0.0262563227592853
2011-09-14,1597.3374032173447,0.029006192912452784
2011-09-15,1645.334879800839,0.030048427143080786
2011-09-16,1673.4934869855228,0.017114210323002584
2011-09-19,1677.5281965588742,0.0024109502694385134
2011-09-20,1658.879013301039,-0.011117060980608521
2011-09-21,1604.6109587937137,-0.03271369043323788
2011-09-22,1499.9142472825185,-0.06524741149088388
2011-09-23,1530.5425650533352,0.020420045896828873
2011-09-26,1568.7221468403293,0.024945129040343635
2011-09-27,1595.8315253391784,0.01728118555185316
2011-09-28,1549.5556470766587,-0.028997972234371186
2011-09-29,1517.2858528779657,-0.020825192215311622
2011-09-30,1436.5568698789764,-0.053206179208659894
2011-10-03,1363.9788795504535,-0.050522183876115775
2011-10-04,1421.8119558005985,0.042400272553491374
2011-10-05,1493.3881309731323,0.05034152011489496
2011-10-06,1541.6286036825304,0.03230270263227785
2011-10-07,1520.506173658491,-0.013701373971385647
2011-10-10,1625.420807358455,0.06899980777291341
2011-10-11,1648.6840999971814,0.014312166137784643
2011-10-12,1666.3518095425356,0.010716249125823621
2011-10-13,1694.8612648099572,0.017108905276880384
2011-10-14,1760.5570602289415,0.03876175400489239
2011-10-17,1704.9675839535507,-0.03157493587180987
2011-10-18,1749.5599006641035,0.026154348698612932
2011-10-19,1678.504745377754,-0.04061315949192604
2011-10-20,1663.31482849773,-0.009049671692530922
2011-10-21,1706.1209010257644,0.025735400054538057
2011-10-24,1777.115999698221,0.04161199750250559
2011-10-25,1704.80353133942,-0.04069091065022232
2011-10-26,1703.2812642368272,-0.0008929281730176355
2011-10-27,1798.2316507613762,0.05574557092723774
2011-10-28,1800.4768035332431,0.0012485336752449494
2011-10-31,1738.850307712993,-0.034227875471272116
2011-11-01,1647.9726755903876,-0.052263056641219066
2011-11-02,1676.6340679757097,0.01739190995691372
2011-11-03,1748.1261158691966,0.04264022141683125
2011-11-04,1731.3627578870783,-0.00958932987153694
2011-11-07,1753.159577918605,0.012589400997701377
2011-11-08,1796.0564387181596,0.02446831500101243
2011-11-09,1667.5313807516702,-0.07155958754738091
2011-11-10,1664.658756198719,-0.0017226809558789555
2011-11-11,1727.6528639614096,0.037842054732309824
2011-11-14,1706.60858994417,-0.012180846312485661
2011-11-15,1742.9916385183194,0.021318917992402507
2011-11-16,1681.3634668178222,-0.035357697844658614
2011-11-17,1605.7820571812078,-0.04495245146468006
2011-11-18,1580.1924804926332,-0.015935896514807694
2011-11-21,1520.3169280987524,-0.037891303200743125
2011-11-22,1527.5022375733142,0.004726191849713475
2011-11-23,1458.9199053102113,-0.044898351423731504
2011-11-25,1437.9221553213322,-0.014392668104980334
2011-11-28,1536.1188453879317,0.06829068576709955
2011-11-29,1518.4460319473787,-0.011504847748996875
2011-11-30,1633.59019012209,0.07583026051116298
2011-12-01,1653.5708823720488,0.012231153425612477
2011-12-02,1643.369175147634,-0.006169501007286985
2011-12-05,1679.09111852755,0.02173701680677257
2011-12-06,1671.264778372459,-0.004661057442763458
2011-12-07,1669.9500627939544,-0.0007866590593651766
2011-12-08,1615.382568515692,-0.03267612337279534
2011-12-09,1666.515491127658,0.031653754106651104
2011-12-12,1628.6676963434772,-0.0227107368552396
2011-12-13,1594.7995374383547,-0.02079500869401411
2011-12-14,1545.1579617033053,-0.031127157093854038
2011-12-15,1536.4607473381452,-0.005628689480765239
2011-12-16,1552.338495118824,0.010333975539685097
2011-12-19,1520.707039763825,-0.020376648169494728
2011-12-20,1612.2887156651748,0.060223089330587246
2011-12-21,1565.8352957778457,-0.02881209763237972
2011-12-22,1590.587191471597,0.01580747078603548
2011-12-23,1619.8283640520372,0.01838388535832881
2011-12-27,1627.894192187449,0.004979433818059135
2011-12-28,1590.9741474030245,-0.022679634193432423
2011-12-29,1616.2744804213144,0.015902416176647453
2011-12-30,1606.083861159532,-0.006305005359687338
2012-01-03,1668.5632157239877,0.038901676354152585
2012-01-04,1679.7772121500086,0.006720750116234005
2012-01-05,1707.6416701637156,0.016588186702474944
2012-01-06,1718.1729717038395,0.006167161251759734
2012-01-09,1710.3561357752963,-0.004549504652486511
2012-01-10,1734.779535481984,0.014279715899996983
2012-01-11,1741.9955384520435,0.0041596080784146935
2012-01-12,1756.3791409812852,0.008256968638405979
2012-01-13,1741.6968967623732,-0.008359382024264447
2012-01-17,1773.2344519911248,0.018107372923139756
2012-01-18,1821.8016411544313,0.027389039903195668
2012-01-19,1845.524525406069,0.013021661478252315
2012-01-20,1838.5336054677794,-0.0037880395746847976
2012-01-23,1839.0855341015347,0.00030020045981969787
2012-01-24,1834.2490629983356,-0.002629823906239303
2012-01-25,1882.1109335055423,0.026093441437538455
2012-01-26,1865.3572489657524,-0.008901539352191776
2012-01-27,1876.2937127648963,0.005862932585813137
2012-01-30,1881.9604374110154,0.003020169287765042
2012-01-31,1886.0611397215523,0.0021789524524640203
2012-02-01,1917.0670955675166,0.016439528492985
2012-02-02,1928.9422296766188,0.006194428007532254
2012-02-03,1980.5644242616493,0.026761918418720353
2012-02-06,1979.4713365743303,-0.0005519071603674986
2012-02-07,1985.4487179997557,0.0030196857691152834
2012-02-08,2006.9610328768197,0.010834988928213978
2012-02-09,2035.7643764434579,0.014351720384600985
2012-02-10,2009.4799776637656,-0.012911316792767438
2012-02-13,2044.7314706481045,0.017542594788788328
2012-02-14,2053.9756024897747,0.004520951515819293
2012-02-15,2023.3935999234957,-0.014889175182610896
2012-02-16,2080.9254594373674,0.028433350543387484
2012-02-17,2068.095784684556,-0.006165369689061484
2012-02-21,2078.0742482503574,0.004824952325563496
2012-02-22,2061.3849918939345,-0.008031116487042926
2012-02-23,2085.689839796795,0.011790542765390778
2012-02-24,2100.7021428880785,0.007197763926752741
2012-02-27,2105.101922751032,0.002094432986536883
2012-02-28,2148.320833998055,0.02053055520967035
2012-02-29,2131.5153348009476,-0.007822620779519356
2012-03-01,2164.830853015473,0.01562996881635694
2012-03-02,2161.7188980284554,-0.001437504912997341
2012-03-05,2118.3789767956446,-0.020048823772756855
2012-03-06,2076.397821008321,-0.01981758516638337
2012-03-07,2106.8084713061226,0.014645868913036002
2012-03-08,2154.293785743008,0.022538980208033042
2012-03-09,2170.1902040656814,0.007378946375779748
2012-03-12,2170.485492240989,0.0001360655737704918
2012-03-13,2253.5377527315995,0.038264370246888946
2012-03-14,2271.986198988899,0.008186437628984609
2012-03-15,2282.793143179124,0.0047566064419907374
2012-03-16,2279.516370932464,-0.0014354223274460993
2012-03-19,2314.244729458931,0.015234967806904042
2012-03-20,2321.7498296464446,0.0032430019573895003
2012-03-21,2320.5830017782546,-0.000502563994316092
2012-03-22,2311.564917262544,-0.0038861288343490486
2012-03-23,2306.676812360666,-0.0021146301647745206
2012-03-26,2390.6331205165843,0.0363970833304543
2012-03-27,2397.798081781021,0.0029970977993013436
2012-03-28,2378.6873552608236,-0.007970115025700086
2012-03-29,2363.4808268439233,-0.006392823497072251
2012-03-30,2351.984757274172,-0.00486404181459042
2012-04-02,2402.071487178683,0.021295516371695987
2012-04-03,2399.350833717552,-0.00113262801529956
2012-04-04,2334.3107951649686,-0.02710734822043953
2012-04-05,2364.1801938989474,0.012795810564663026
2012-04-09,2326.0633402346916,-0.016122651633162708
2012-04-10,2250.0024428539746,-0.03269940936906852
2012-04-11,2271.8271106418856,0.00969984181893962
2012-04-12,2325.837314565459,0.02377390588860157
2012-04-13,2255.8857241267906,-0.03007587418113881
2012-04-16,2207.8986524750626,-0.021271942607067433
2012-04-17,2296.4437342285582,0.04010377996935505
2012-04-18,2284.001505054339,-0.00541804224887715
2012-04-19,2234.7947337853143,-0.021544106323981498
2012-04-20,2216.963304953371,-0.007979000738801898
2012-04-23,2179.918465585758,-0.016709721484718894
2012-04-24,2155.7494667969618,-0.011087111362351597
2012-04-25,2271.676507351501,0.05377574822123707
2012-04-26,2297.9535938068384,0.011567266012700524
2012-04-27,2325.226190800098,0.011868210509890582
2012-04-30,2295.5838717008837,-0.012748144338170609
2012-05-01,2301.1494902440922,0.0024244893039280964
2012-05-02,2314.5025233787233,0.005802766483117178
2012-05-03,2263.523358535535,-0.02202597073377514
2012-05-04,2152.0312120135027,-0.04925601766008113
2012-05-07,2154.543021951363,0.0011671809980442584
2012-05-08,2139.2772714456482,-0.007085377432792386
2012-05-09,2125.513049091837,-0.006434052536121315
2012-05-10,2117.3225986657794,-0.003853399267323769
2012-05-11,2116.9977943233234,-0.00015340333242583117
2012-05-14,2075.690080873652,-0.019512402686690078
2012-05-15,2060.5107198080727,-0.007312922678317268
2012-05-16,2029.9609889926087,-0.014826290648130985
2012-05-17,1946.8277958963859,-0.040953098875795874
2012-05-18,1899.5537986901575,-0.024282577691706827
2012-05-21,2002.357036391177,0.05411967682721478
2012-05-22,1992.646221468653,-0.004849692010984063
2012-05-23,2005.1043143124978,0.006252034460318039
2012-05-24,1980.4294138539562,-0.012306043272866806
2012-05-25,1973.7909323604097,-0.003352041454801381
2012-05-29,2024.0122243880496,0.025444078805034142
2012-05-30,1989.982526778467,-0.016812990158629814
2012-05-31,1970.419215337624,-0.00983089608958198
2012-06-01,1867.4327940524488,-0.05226624897054157
2012-06-04,1897.0028245609283,0.015834588855168703
2012-06-05,1911.4342904548757,0.007607508912005856
2012-06-06,2001.917418065051,0.04733781750281475
2012-06-07,1984.8533259789783,-0.008523874127917748
2012-06-08,2022.2071522046435,0.01881943906723758
2012-06-11,1956.06074003944,-0.03271000801925251
2012-06-12,2001.2514229827057,0.02310290371778253
2012-06-13,1971.8523804503877,-0.014690329358267765
2012-06-14,1991.493067893245,0.009960526273458383
2012-06-15,2040.6029267692795,0.02465981914161862
2012-06-18,2074.6733092575114,0.01669623327560966
2012-06-19,2120.0777619349774,0.02188510956152201
2012-06-20,2124.218587068394,0.0019531477607863308
2012-06-21,2016.8298741541776,-0.050554454973686117
2012-06-22,2061.991141289008,0.02239220457490003
2012-06-25,1979.346411952579,-0.040080060326915426
2012-06-26,2004.9051708926668,0.012912726537278747
2012-06-27,2029.6697790641294,0.012352009726443396
2012-06-28,1984.0661206183026,-0.022468511339245725
2012-06-29,2107.8468880121645,0.0623874205136306
2012-07-02,2123.138399208254,0.0072545644956737544
2012-07-03,2156.897174670946,0.015900412085844657
2012-07-05,2159.7503899967537,0.0013228332622037817
2012-07-06,2102.450136488777,-0.02653096106539563
2012-07-09,2099.549079596895,-0.0013798457530730197
2012-07-10,2059.7656533287995,-0.018948557409162254
2012-07-11,2036.7083001258204,-0.011194163358203392
2012-07-12,1996.0980385137211,-0.019939164390693785
2012-07-13,2058.409299685227,0.031216533441364568
2012-07-16,2046.091926472875,-0.0059839280818617625
2012-07-17,2069.3525862470938,0.01136833564184793
2012-07-18,2124.109640498983,0.02646095915012474
2012-07-19,2172.6275387964306,0.022841522571335
2012-07-20,2110.945743646041,-0.02839041393379336
2012-07-23,2065.886400294839,-0.021345571522541913
2012-07-24,2030.1332093492908,-0.017306465128211112
2012-07-25,2001.3641309911213,-0.01417102987413854
2012-07-26,2057.4162541163064,0.028006958982235108
2012-07-27,2156.4941462056477,0.04815646415309237
2012-07-30,2148.78736964418,-0.0035737525998054097
2012-07-31,2149.551719152708,0.0003557120259201382
2012-08-01,2137.6102326243113,-0.0055553380837486295
2012-08-02,2122.1159730307972,-0.0072484026119636
2012-08-03,2203.814658338165,0.03849869014966509
2012-08-06,2233.9104911279455,0.013656244945967911
2012-08-07,2272.2706029817514,0.01717173181564555
2012-08-08,2267.1219069658123,-0.0022658815412137435
2012-08-09,2276.5638027718974,0.0041647058224239895
2012-08-10,2282.2755732291666,0.0025089437204944116
2012-08-13,2292.1746603262222,0.004337375912519354
2012-08-14,2290.7833679026558,-0.0006069748730965365
2012-08-15,2303.78651219159,0.005676287191154064
2012-08-16,2358.8355011035683,0.023895004428865243
2012-08-17,2379.7520566528956,0.008867322685088344
2012-08-20,2386.9746834169123,0.003035033311064845
2012-08-21,2366.285120922807,-0.008667692471915357
2012-08-22,2385.546703710921,0.008140009256620265
2012-08-23,2348.972905495675,-0.015331411520198924
2012-08-24,2376.345021467193,0.011652801915031605
2012-08-27,2384.3669636224354,0.003375748084884402
2012-08-28,2384.7150390288766,0.0001459823138601065
2012-08-29,2387.0684908848557,0.0009868901807813162
2012-08-30,2335.2854547249176,-0.021693150555869768
2012-08-31,2366.7689029013245,0.013481627315713026
2012-09-04,2366.8397136224557,2.9918730571732973e-05
2012-09-05,2358.2721590444125,-0.0036198288074736173
2012-09-06,2465.359845506592,0.04540938417624046
2012-09-07,2457.456243628285,-0.003205861364503236
2012-09-10,2393.838353943359,-0.025887699872530867
2012-09-11,2388.006007969995,-0.0024363992513346923
2012-09-12,2399.7589852010747,0.00492166987514019
2012-09-13,2468.069367695496,0.02846551796062873
2012-09-14,2509.8133886168007,0.016913633574360373
2012-09-17,2512.2821239403233,0.0009836330201758855
2012-09-18,2514.0495573722437,0.0007035170990861947
2012-09-19,2525.8655120001727,0.004699968858322528
2012-09-20,2521.8702930882364,-0.001581722737396418
2012-09-21,2521.878923116455,3.422074577971581e-06
2012-09-24,2491.0955898418983,-0.012206507216657274
2012-09-25,2422.0985795008633,-0.02769745593962301
2012-09-26,2382.653815488689,-0.01628536689051808
2012-09-27,2451.235886021973,0.028783900576516405
2012-09-28,2412.410149758425,-0.015839249288470886
2012-10-01,2404.275280446048,-0.0033720921432832665
2012-10-02,2413.005810094959,0.003631252094931311
2012-10-03,2446.8197014826715,0.01401318274753016
2012-10-04,2463.8744985239396,0.006970189520271435
2012-10-05,2434.962597351054,-0.01173432380188455
2012-10-08,2391.962429622313,-0.017659477716626872
2012-10-09,2314.8255647212077,-0.03224835973418057
2012-10-10,2292.3388183185593,-0.009714229333455858
2012-10-11,2276.765890120935,-0.006793467036014843
2012-10-12,2278.4265116809634,0.0007293773888802847
2012-10-15,2311.788763429012,0.01464267185138857
2012-10-16,2376.8798992754323,0.028156177967520096
2012-10-17,2372.2653911792463,-0.0019414140771659323
2012-10-18,2318.613647958332,-0.022616248342367962
2012-10-19,2207.4423876790092,-0.04794729832510688
2012-10-22,2234.5124094406046,0.012263070561971888
2012-10-23,2187.2791381587094,-0.02113806622077331
2012-10-24,2170.1985670943964,-0.0078090495018811054
2012-10-25,2173.745712933005,0.0016344798546973024
2012-10-26,2187.2090699399178,0.006193620958887057
2012-10-31,2158.316169766933,-0.01320993981328844
2012-11-01,2222.9698782496926,0.029955624383679488
2012-11-02,2171.390655188241,-0.023202843891912624
2012-11-05,2198.8746761283633,0.012657335921775712
2012-11-06,2212.367180575332,0.006136095246103667
2012-11-07,2099.647977984293,-0.05094959081870204
2012-11-08,2035.259570843384,-0.030666286832863824
2012-11-09,2053.595537825085,0.009009154038323962
2012-11-12,2051.761047881449,-0.0008933063545603988
2012-11-13,2018.6321592952909,-0.016146562788276662
2012-11-14,1971.4621325665137,-0.02336732153580885
2012-11-15,1959.8560977240093,-0.0058870189037794575
2012-11-16,1975.161984755807,0.0078096994210812044
2012-11-19,2071.563766263111,0.04880702557629604
2012-11-20,2069.7903200181113,-0.000856090589090937
2012-11-21,2079.169558508599,0.004531492103222302
2012-11-23,2141.89763151325,0.030169772709468787
2012-11-26,2161.793723333291,0.009289002204080446
2012-11-27,2145.1789941691763,-0.00768562189111013
2012-11-28,2184.0149365752213,0.018103823742263412
2012-11-29,2208.3037077013455,0.01112115614200495
2012-11-30,2204.86073154094,-0.0015591044603143016
2012-12-03,2195.2145418190794,-0.0043749655403944165
2012-12-04,2188.823375132594,-0.002911408686819905
2012-12-05,2139.6967060965153,-0.022444327666732072
2012-12-06,2169.6599078689464,0.014003480814387676
2012-12-07,2144.0128476004656,-0.011820774387480673
2012-12-10,2155.720731481242,0.005460734012802055
2012-12-11,2212.0001090492015,0.026106989066848406
2012-12-12,2199.7293923573525,-0.005547340003126611
2012-12-13,2166.00956709743,-0.015329078829912884
2012-12-14,2123.7997764015986,-0.01948735191986941
2012-12-17,2182.5478142743914,0.027661759138298395
2012-12-18,2250.033764580554,0.030920720208184344
2012-12-19,2226.183271511192,-0.010600060072346635
2012-12-20,2230.519878051342,0.0019480006860378594
2012-12-21,2182.7901780626976,-0.02139846430346212
2012-12-24,2172.241506728258,-0.004832654755576024
2012-12-26,2138.3273194834487,-0.015612530715283854
2012-12-27,2131.5483924632263,-0.0031702008193300706
2012-12-28,2088.608345075511,-0.020145002355819768
2012-12-31,2176.3519454287575,0.042010557201941356
2013-01-02,2316.4751022830683,0.06438441960117136
2013-01-03,2292.6106023249763,-0.010302074878582321
2013-01-04,2279.676046707695,-0.005641845852131963
2013-01-07,2279.5371187849555,-6.0941958371786e-05
2013-01-08,2270.4369795371153,-0.003992099612175027
2013-01-09,2285.4559685520935,0.006615021315429877
2013-01-10,2313.2610013426397,0.012166076779926534
2013-01-11,2320.2454749267304,0.003019319298616518
2013-01-14,2299.356145942304,-0.009003068515880175
2013-01-15,2278.0790266084427,-0.009253511845657049
2013-01-16,2297.843649596854,0.008676004105896471
2013-01-17,2318.8204736165267,0.009128917027645816
2013-01-18,2312.325844625581,-0.002800833037676382
2013-01-22,2317.7222469916087,0.0023337551576350164
2013-01-23,2344.801807854223,0.011683695446149141
2013-01-24,2279.3062190164565,-0.027932249377487065
2013-01-25,2301.5045096207946,0.009739055866708708
2013-01-28,2311.4074589370257,0.004302815516908383
2013-01-29,2313.451727090082,0.0008844256970583547
2013-01-30,2305.344576420105,-0.0035043526411396293
2013-01-31,2293.3623380372424,-0.005197591069648059
2013-02-01,2347.923004934814,0.023790687582437117
2013-02-04,2266.219693074382,-0.03479812229306903
2013-02-05,2331.9313284028885,0.02899614522339667
2013-02-06,2317.4115541457836,-0.006226501647048623
2013-02-07,2317.7707281857306,0.00015498931957266959
2013-02-08,2366.924228975607,0.021207231669696635
2013-02-11,2365.680010262335,-0.0005256690087667888
2013-02-12,2345.2915540779263,-0.008618433641051878
2013-02-13,2364.330164139285,0.008117800973723341
2013-02-14,2360.449161293243,-0.0016414809170507874
2013-02-15,2349.0420674789957,-0.004832594576193841
2013-02-19,2380.3827703695906,0.013341907888533492
2013-02-20,2307.152016540151,-0.030764276544511124
2013-02-21,2259.295584499381,-0.020742643613287544
2013-02-22,2302.343327121571,0.01905361251424229
2013-02-25,2241.5782112273746,-0.026392725697503023
2013-02-26,2261.681746642106,0.008968473780677914
2013-02-27,2308.869208402954,0.02086388229949092
2013-02-28,2304.460303050205,-0.0019095517999474217
2013-03-01,2319.998483232199,0.006742654738477159
2013-03-04,2340.2092621393804,0.008711548327834998
2013-03-05,2407.6851344087713,0.028833264341371467
2013-03-06,2396.286916255637,-0.004734098321345898
2013-03-07,2408.2897768144694,0.0050089413239326344
2013-03-08,2416.348768400701,0.0033463546055871652
2013-03-11,2430.037047894602,0.005664860831725331
2013-03-12,2411.0491932054424,-0.0078138128410884
2013-03-13,2407.492328695671,-0.0014752351465058859
2013-03-14,2422.4327453207297,0.006205800303900854
2013-03-15,2408.9269416071465,-0.005575305956242495
2013-03-18,2397.021105637575,-0.0049423815076882986
2013-03-19,2388.494874427545,-0.003557011321251
2013-03-20,2420.5505012085437,0.013420848051299282
2013-03-21,2367.0727179291,-0.022093231788695673
2013-03-22,2411.4711309750915,0.01875667473571942
2013-03-25,2392.240423337054,-0.007974678772231979
2013-03-26,2421.5941355893406,0.012270385520590555
2013-03-27,2427.710381728196,0.0025257106667740626
2013-03-28,2442.8716413699512,0.006245085804247451
2013-04-01,2405.8439466824966,-0.015157445876562516
2013-04-02,2446.4661474306163,0.01688480285852921
2013-04-03,2402.2044304157394,-0.01809210279135166
2013-04-04,2402.1080708681266,-4.011296723660027e-05
2013-04-05,2362.3908291431526,-0.01653432757944997
2013-04-08,2387.227533242669,0.010513376446066123
2013-04-09,2419.1078506493504,0.013354536575479616
2013-04-10,2513.3031435531693,0.03893802952131059
2013-04-11,2513.172010143019,-5.217572360360968e-05
2013-04-12,2508.733686722204,-0.0017660245311114015
2013-04-15,2405.425726462075,-0.041179325173851436
2013-04-16,2475.9409198836825,0.029315057474388225
2013-04-17,2377.606588602121,-0.039715944145460834
2013-04-18,2309.292456379106,-0.02873231111930051
2013-04-19,2374.264981059991,0.028135251774372313
2013-04-22,2425.1594742649186,0.02143589431294466
2013-04-23,2468.939477233556,0.018052422297674738
2013-04-24,2466.8755284755757,-0.0008359657160542601
2013-04-25,2492.3002182680057,0.010306433988642097
2013-04-26,2478.2233283541636,-0.005648151779894551
2013-04-29,2524.6285800860283,0.01872520979079127
2013-04-30,2560.830969999811,0.014339689489116444
2013-05-01,2535.9556809314377,-0.00971375672966612
2013-05-02,2602.7769596851267,0.02634954516600472
2013-05-03,2662.7096508312584,0.023026441402563286
2013-05-06,2682.5531493029703,0.007452370357209985
2013-05-07,2678.1737388165766,-0.0016325531099101787
2013-05-08,2706.1583945557695,0.010449156204316492
2013-05-09,2693.2995354701043,-0.004751702306684871
2013-05-10,2729.6230257210036,0.01348661363971136
2013-05-13,2731.9572228998873,0.0008551353637070988
2013-05-14,2757.6603358759394,0.009408314581430157
2013-05-15,2769.88098494576,0.004431528027884923
2013-05-16,2763.9561950616785,-0.002139005219459767
2013-05-17,2818.6735871933242,0.019796765313939767
2013-05-20,2804.189895164635,-0.005138477933200972
2013-05-21,2814.4917239157844,0.003673727221153374
2013-05-22,2763.807224302891,-0.018008402434517217
2013-05-23,2749.7788800686794,-0.005075731806059567
2013-05-24,2749.114168933507,-0.00024173257711407236
2013-05-28,2788.0733853268307,0.014171552725450468
2013-05-29,2756.5058846847755,-0.011322334917075629
2013-05-30,2787.9448478446543,0.011405367691958917
2013-05-31,2732.402928126639,-0.019922173051936238
2013-06-03,2749.3276662298695,0.00619408577300656
2013-06-04,2718.01460471338,-0.011389352350070821
2013-06-05,2651.3240404491967,-0.024536499601044662
2013-06-06,2675.2041227200657,0.009006851635842776
2013-06-07,2748.900756452477,0.02754804132758246
2013-06-10,2748.5795573208484,-0.00011684639064345155
2013-06-11,2692.364070217038,-0.020452559560839585
2013-06-12,2631.1780835395944,-0.022725747737567633
2013-06-13,2697.4074769589793,0.025171003754443682
2013-06-14,2662.863075003747,-0.012806519686146045
2013-06-17,2712.7978181598373,0.018752275933684743
2013-06-18,2758.262143671165,0.016759201591428484
2013-06-19,2691.017328829792,-0.024379414043609538
2013-06-20,2565.3505087634067,-0.046698629072385936
2013-06-21,2543.4740665394934,-0.008527662067691002
2013-06-24,2491.255779510312,-0.02053030055078416
2013-06-25,2523.382950807306,0.012895974616989662
2013-06-26,2571.6508714819474,0.01912825822144798
2013-06-27,2594.8559392430834,0.009023412943983164
2013-06-28,2599.9022146267444,0.001944722752174538
2013-07-01,2631.9804583883106,0.012338250100752915
2013-07-02,2636.2007766222323,0.0016034762797996936
2013-07-03,2657.521642480884,0.008087724595078198
2013-07-05,2697.17486673128,0.014921129377286312
2013-07-08,2702.8425478692266,0.0021013398900661152
2013-07-09,2736.116954685573,0.012310893523034917
2013-07-10,2766.204177005619,0.010996321728324493
2013-07-11,2874.742093560926,0.03923713132152035
2013-07-12,2911.7256767843546,0.012865009110301489
2013-07-15,2913.600556634937,0.0006439067613858445
2013-07-16,2909.2308073098957,-0.0014997763901062429
2013-07-17,2924.130000104057,0.005121351237146625
2013-07-18,2910.1230888370224,-0.004790112363860873
2013-07-19,2848.0603005952516,-0.021326516558642546
2013-07-22,2867.719334822015,0.00690260463328476
2013-07-23,2823.115611717935,-0.015553726810872968
2013-07-24,2841.423579723928,0.006485022409284944
2013-07-25,2879.879484976965,0.013534027635813947
2013-07-26,2907.4022126246377,0.00955690256875206
2013-07-29,2894.0403565299625,-0.004595805849171765
2013-07-30,2925.065667687621,0.010720414139234252
2013-07-31,2934.4146039342895,0.0031961457651852104
2013-08-01,3003.128278535043,0.023416484674192436
2013-08-02,3036.348795495311,0.011061970678279898
2013-08-05,3036.1280667700944,-7.269544445764566e-05
2013-08-06,2995.716884027876,-0.013310104795812903
2013-08-07,2989.118334816633,-0.0022026611548055133
2013-08-08,3011.1653368158054,0.007375754162146568
2013-08-09,2989.0809825027527,-0.007334155332834017
2013-08-12,3003.5808923371083,0.004850959180843322
2013-08-13,3032.8132483156164,0.009732501645981094
2013-08-14,3010.532214162087,-0.007346655507359127
2013-08-15,2908.274631623164,-0.03396661296560261
2013-08-16,2904.0210289063466,-0.001462586328872055
2013-08-19,2896.5783603340906,-0.002562883842152877
2013-08-20,2920.1306592833857,0.008131076055742604
2013-08-21,2899.9893303589215,-0.006897406751452331
2013-08-22,2957.433123930064,0.019808277558053183
2013-08-23,3000.3783828051014,0.014521125947885714
2013-08-26,2997.7171102225466,-0.0008869789883190104
2013-08-27,2876.7233284296844,-0.04036197457734085
2013-08-28,2900.5300584901274,0.008275641187030242
2013-08-29,2940.675027372409,0.013840562956682165
2013-08-30,2903.6395079048593,-0.012594223816918087
2013-09-03,2938.083438666294,0.011862330247148278
2013-09-04,3000.5191928752324,0.021250504116819762
2013-09-05,3011.027797893084,0.003502262222752672
2013-09-06,3017.784178818101,0.002243878628335595
2013-09-09,3088.601614952851,0.02346670004827366
2013-09-10,3118.2460590604073,0.009598014831061036
2013-09-11,3108.187344931859,-0.0032257602312433004
2013-09-12,3099.9429445986275,-0.002652478572977559
2013-09-13,3105.3561751492257,0.0017462355428283305
2013-09-16,3087.0619735775067,-0.005891176580039124
2013-09-17,3130.342528492896,0.014019982522486525
2013-09-18,3209.9110213912954,0.02541846209293508
2013-09-19,3222.574443763406,0.003945100748188971
2013-09-20,3197.0815177794434,-0.00791073299588114
2013-09-23,3186.8327766051084,-0.003205655256939984
2013-09-24,3185.6323176921487,-0.000376693412271955
2013-09-25,3165.7655550581867,-0.006236363978236634
2013-09-26,3216.210606308412,0.015934550544851878
2013-09-27,3208.918996501457,-0.0022671431381554065
2013-09-30,3185.319630763532,-0.0073543039770259805
2013-10-01,3254.4532447156494,0.021703823153077374
2013-10-02,3255.002319642097,0.00016871495306922056
2013-10-03,3176.2687810329603,-0.0241884738864929
2013-10-04,3233.222316204051,0.01793095581557444
2013-10-07,3180.0610885627248,-0.01644218134178287
2013-10-08,3057.936482545922,-0.03840322642103665
2013-10-09,3036.105659024563,-0.007139070299845966
2013-10-10,3168.2180809083907,0.0435137761069465
2013-10-11,3213.732681617058,0.014365993611026074
2013-10-14,3258.2779905779585,0.01386092540170044
2013-10-15,3235.691312048244,-0.006932090691779175
2013-10-16,3309.654754513316,0.022858621336858023
2013-10-17,3349.360634850536,0.011996985571704694
2013-10-18,3456.246037637857,0.031912180992146454
2013-10-21,3471.7660593808637,0.004490427352102845
2013-10-22,3483.803265644122,0.0034671709030431016
2013-10-23,3440.7530835987855,-0.012357236836500052
2013-10-24,3474.474318101825,0.009800538918000257
2013-10-25,3518.9842770480814,0.012810559201535175
2013-10-28,3517.075429002616,-0.0005424429026054707
2013-10-29,3536.0970577742773,0.005408365318185841
2013-10-30,3522.9766537938794,-0.003710419642343212
2013-10-31,3507.215983105284,-0.004473680139669123
2013-11-01,3511.592091193192,0.0012477441107101197
2013-11-04,3522.443376628345,0.003090132667278507
2013-11-05,3531.0756798764623,0.002450657775052786
2013-11-06,3524.068430459933,-0.0019844517795138614
2013-11-07,3391.0483670054646,-0.03774616358318221
2013-11-08,3483.9685359345535,0.027401605306840278
2013-11-11,3476.458176386958,-0.002155690980022317
2013-11-12,3481.269081282646,0.0013838523726144058
2013-11-13,3564.869660699857,0.02401439746978962
2013-11-14,3585.0890567895635,0.005671847224208814
2013-11-15,3600.8735666274456,0.00440282224174852
2013-11-18,3530.4356916595593,-0.01956132967863627
2013-11-19,3508.2199217714283,-0.006292642559844545
2013-11-20,3485.616307745848,-0.00644304363170207
2013-11-21,3559.397561533974,0.02116734811693618
2013-11-22,3599.916705942391,0.011383708537170113
2013-11-25,3611.9195569745407,0.003334202430944099
2013-11-26,3650.5909928326814,0.01070661603840721
2013-11-27,3703.1369489581257,0.014393821775326065
2013-11-29,3740.4807182792892,0.010084360863745433
2013-12-02,3726.6877764699047,-0.0036874783879996737
2013-12-03,3722.9829538420545,-0.0009941328198306064
2013-12-04,3731.007281140678,0.0021553489226543224
2013-12-05,3719.8660943717505,-0.0029861069489849185
2013-12-06,3776.790580411377,0.015302832036280748
2013-12-09,3802.9814942156645,0.00693470110313474
2013-12-10,3798.8941106360794,-0.001074783978255439
2013-12-11,3701.3227732354594,-0.025684142426460808
2013-12-12,3682.9267706331125,-0.0049701157476374665
2013-12-13,3674.814708096354,-0.002202613041736827
2013-12-16,3716.5496761361865,0.011357026504732859
2013-12-17,3702.8833981012467,-0.0036771412266302594
2013-12-18,3789.1003600274157,0.023283736660565404
2013-12-19,3765.5218736029856,-0.0062227136217262715
2013-12-20,3835.7818175532043,0.01865875337035053
2013-12-23,3919.320120410876,0.021778689933662415
2013-12-24,3926.9660692818584,0.0019508355112827886
2013-12-26,3953.220879481156,0.006685774650479278
2013-12-27,3930.109756329997,-0.005846150229327002
2013-12-30,3921.984097506995,-0.0020675399230045016
2013-12-31,3970.324866620913,0.012325590291058328
2014-01-02,3907.824210499323,-0.015741950147969523
2014-01-03,3853.5087438326896,-0.013899158135286993
2014-01-06,3828.3593948121356,-0.006526350578756109
2014-01-07,3895.5793341872204,0.017558419271235418
2014-01-08,3916.9622771384393,0.0054890277201041955
2014-01-09,3884.27595680285,-0.008344813665008893
2014-01-10,3911.772967759525,0.007079057014092093
2014-01-13,3797.536751050437,-0.02920318169040285
2014-01-14,3944.39535960726,0.03867207039305174
2014-01-15,4008.871314315646,0.016346220099702602
2014-01-16,4012.259923093806,0.0008452775139124043
2014-01-17,3967.89793267038,-0.0110566093108989
2014-01-21,4027.0113521373296,0.014897918361313784
2014-01-22,4049.4875076728895,0.005581348938495311
2014-01-23,4018.491206536521,-0.007654376282835028
2014-01-24,3857.9093294451213,-0.039960738704665016
2014-01-27,3787.673907741646,-0.018205565684867316
2014-01-28,3780.708567784289,-0.0018389492144824206
2014-01-29,3699.121297158083,-0.02157988883920254
2014-01-30,3837.072576655381,0.037292986202772355
2014-01-31,3814.4439395701456,-0.005897370100035969
2014-02-03,3638.558439988262,-0.046110390496839876
2014-02-04,3701.5304259652685,0.017306850230832067
2014-02-05,3669.0243959775075,-0.00878178111403311
2014-02-06,3759.8925327964425,0.02476629398227974
2014-02-07,3898.315629177443,0.036815705548383836
2014-02-10,3943.021445505364,0.011467982734213518
2014-02-11,4030.388449908821,0.022157374899151438
2014-02-12,4043.110210117173,0.003156460069907176
2014-02-13,4115.06090053791,0.017795876610212816
2014-02-14,4124.948804970209,0.0024028573747245305
2014-02-18,4160.654116388842,0.008655940499337255
2014-02-19,4100.693233024886,-0.014411407842764639
2014-02-20,4143.726150391927,0.01049405915577324
2014-02-21,4122.842274415582,-0.005039878413386314
2014-02-24,4175.61387262387,0.012799810105703805
2014-02-25,4160.676164977098,-0.00357736804753577
2014-02-26,4155.105686750773,-0.0013388396514045187
2014-02-27,4207.718771675723,0.012662273571696452
2014-02-28,4199.479257567776,-0.001958190305733075
2014-03-03,4136.994148050644,-0.014879251851173756
2014-03-04,4253.460857314379,0.028152495530749867
2014-03-05,4270.241683669075,0.00394521706385045
2014-03-06,4256.076518502863,-0.003317181137635591
2014-03-07,4216.152572409707,-0.00938045778067916
2014-03-10,4223.37688077577,0.0017134836185334614
2014-03-11,4189.733535852328,-0.007965982168577416
2014-03-12,4225.2293574103,0.008472095242866311
2014-03-13,4098.731425178292,-0.029938713743468768
2014-03-14,4045.8771901617065,-0.012895266738363116
2014-03-17,4123.648491227853,0.01922235831954094
2014-03-18,4223.148929594615,0.02412922405448181
2014-03-19,4168.887664370237,-0.012848532251403807
2014-03-20,4194.510002715955,0.006146085097159601
2014-03-21,4101.801770872928,-0.022102279356348824
2014-03-24,4022.191945766179,-0.01940850132545691
2014-03-25,4049.8023484308783,0.006864516422137028
2014-03-26,3945.450425490785,-0.025767164410017515
2014-03-27,3902.0966954395976,-0.010988284067919785
2014-03-28,3920.548962551192,0.004728808266888892
2014-03-31,3974.304228019106,0.01371115779483447
2014-04-01,4112.984676273196,0.03489427087045411
2014-04-02,4130.223316734227,0.004191272717468954
2014-04-03,4066.381190503077,-0.015457306139472908
2014-04-04,3846.9998362706783,-0.05395002188795235
2014-04-07,3778.725462868672,-0.017747433404674214
2014-04-08,3844.5530496114684,0.01742057934339131
2014-04-09,3979.9058940360433,0.03520639270103284
2014-04-10,3730.9610609822935,-0.06255043201569115
2014-04-11,3643.592156504121,-0.02341726516308636
2014-04-14,3702.781650350721,0.016244818658131696
2014-04-15,3731.112969890704,0.0076513611158518175
2014-04-16,3828.0599720632376,0.02598340038344474
2014-04-17,3831.3408808605272,0.0008570682855634033
2014-04-21,3887.092557157442,0.01455147898100708
2014-04-22,3950.2578524863884,0.016250010618511668
2014-04-23,3880.5058119126725,-0.01765759177715767
2014-04-24,3954.8303574324827,0.019153313800392584
2014-04-25,3827.3985810102545,-0.03222180597019553
2014-04-28,3853.7057031292898,0.006873368833222292
2014-04-29,3916.852417973924,0.016385972284639512
2014-04-30,3934.6172825887516,0.004535495014646841
2014-05-01,3961.8915968027754,0.00693188492174738
2014-05-02,3947.2433996289733,-0.003697273591640744
2014-05-05,3986.137944552552,0.009853596798017332
2014-05-06,3878.875494070994,-0.026908865667366683
2014-05-07,3857.1380174774827,-0.005604066597842055
2014-05-08,3844.139749647174,-0.0033699255176793787
2014-05-09,3877.4825187645183,0.008673662064550204
2014-05-12,4002.3522882203333,0.03220382525298962
2014-05-13,3998.974947482448,-0.0008438389463680228
2014-05-14,3959.5418568250457,-0.00986079962372047
2014-05-15,3897.8229450113968,-0.015587387138555984
2014-05-16,3946.1574103096104,0.012400374768195698
2014-05-19,4009.1814149385555,0.01597098090012591
2014-05-20,3975.3964740604847,-0.00842689252029983
2014-05-21,4053.5183431196006,0.01965134033016878
2014-05-22,4087.694190556616,0.008431156477933476
2014-05-23,4147.139936221417,0.014542610795624775
2014-05-27,4250.980079012264,0.025038977316366645
2014-05-28,4226.495447804594,-0.00575976145561204
2014-05-29,4280.092138374193,0.012681118726258099
2014-05-30,4282.792136234101,0.0006308270412454026
2014-06-02,4274.482773045044,-0.0019401742892811236
2014-06-03,4268.043472853179,-0.001506451314407302
2014-06-04,4299.162253799116,0.0072911115230824275
2014-06-05,4375.964132046665,0.017864382340926913
2014-06-06,4416.976532281987,0.009372197531276326
2014-06-09,4420.255802056847,0.0007424240882634858
2014-06-10,4432.365883975406,0.0027396789825885216
2014-06-11,4425.53146713341,-0.0015419342673638312
2014-06-12,4346.361895098216,-0.017889280106390258
2014-06-13,4373.7045164810215,0.006290921474726306
2014-06-16,4384.379162597608,0.002440641812075502
2014-06-17,4387.787496371644,0.0007773811633608487
2014-06-18,4442.022162119941,0.012360367450143142
2014-06-19,4433.311731582158,-0.0019609155965187295
2014-06-20,4437.78997504184,0.0010101350256469252
2014-06-23,4444.579975529921,0.001530040972256083
2014-06-24,4431.264269731242,-0.0029959424449532285
2014-06-25,4496.2944318463515,0.014675306674736734
2014-06-26,4495.496086253724,-0.00017755634216768315
2014-06-27,4536.869737801109,0.009203356148812607
2014-06-30,4549.335793564351,0.0027477217737538724
2014-07-01,4655.5344254660995,0.023343766369583265
2014-07-02,4667.540767466172,0.002578939580898974
2014-07-03,4724.571375713269,0.012218555999470483
2014-07-07,4695.737203344666,-0.006103023973100423
2014-07-08,4583.92921919856,-0.023810528422772058
2014-07-09,4652.546897375505,0.014969183618621002
2014-07-10,4621.9791873474815,-0.006570102505633385
2014-07-11,4680.637982108607,0.01269127193858895
2014-07-14,4740.8766777440205,0.012869761743093889
2014-07-15,4704.856403344427,-0.007597808769987608
2014-07-16,4748.034285836206,0.009177300812217242
2014-07-17,4617.057535609042,-0.02758546849964395
2014-07-18,4764.596499862836,0.03195519291581284
2014-07-21,4751.28845872254,-0.002793109792335834
2014-07-22,4817.86319962409,0.014011934126906373
2014-07-23,4877.826008698995,0.012445934346907979
2014-07-24,4870.688388903769,-0.001463278883358494
2014-07-25,4826.797994257617,-0.009011127615172726
2014-07-28,4832.468957790573,0.0011748914165670295
2014-07-29,4812.67043026572,-0.004096979762887981
2014-07-30,4854.300448098266,0.008650086980971071
2014-07-31,4650.446210202608,-0.04199456545289049
2014-08-01,4619.984640676754,-0.006550246610534799
2014-08-04,4689.871283731246,0.015127029306369076
2014-08-05,4608.8871712398595,-0.017267875298052064
2014-08-06,4607.486558091526,-0.0003038939978991477
2014-08-07,4568.838696431926,-0.008388057387107904
2014-08-08,4640.441632063622,0.015672020920242745
2014-08-11,4694.422445030126,0.011632688706505377
2014-08-12,4682.038212152885,-0.0026380738040209352
2014-08-13,4787.691292559023,0.022565616857184424
2014-08-14,4836.166535733202,0.010124972604127367
2014-08-15,4881.208258550975,0.009313517738682223
2014-08-18,4962.5898146597265,0.016672420392263777
2014-08-19,5011.257299824317,0.009806872415855098
2014-08-20,5012.881382899945,0.00032408694634082717
2014-08-21,5028.797473319814,0.003175038307142821
2014-08-22,5043.223494750543,0.002868682126744022
2014-08-25,5080.517586132191,0.007394891664124572
2014-08-26,5091.197654587537,0.0021021614971863294
2014-08-27,5095.187260702837,0.0007836282120582728
2014-08-28,5078.113244357888,-0.0033510086030859227
2014-08-29,5119.0132557849565,0.008054174741477405
2014-09-02,5153.099211291078,0.006658696471942396
2014-09-03,5090.7856985283815,-0.012092434127051212
2014-09-04,5078.919143943197,-0.0023309868629148678
2014-09-05,5138.5632380554025,0.011743462028399036
2014-09-08,5153.13030879409,0.002834852869145428
2014-09-09,5068.841955419926,-0.016356728497690255
2014-09-10,5151.64080903619,0.0163348659012203
2014-09-11,5146.019443545158,-0.0010911796259499167
2014-09-12,5087.33943773157,-0.011402989525659884
2014-09-15,4989.613682338838,-0.01920959994686491
2014-09-16,5082.387029793117,0.01859329265964198
2014-09-17,5098.34480442949,0.0031398188573259164
2014-09-18,5172.425986013957,0.014530437705999141
2014-09-19,5165.104293314169,-0.0014155239184835827
2014-09-22,5067.845751172663,-0.018829928035993388
2014-09-23,5043.94953236807,-0.004715261666964377
2014-09-24,5150.578181206939,0.021139911919143974
2014-09-25,4933.187937582725,-0.04220695929195144
2014-09-26,5046.390482472239,0.022947138102543594
2014-09-29,5030.742067384404,-0.003100912452610735
2014-09-30,5036.5714137634395,0.0011587448334566116
2014-10-01,4875.838716173357,-0.03191311794981169
2014-10-02,4878.808499516901,0.0006090815378477657
2014-10-03,4980.460283083463,0.020835370680490507
2014-10-06,4953.7808819998045,-0.005356814343902603
2014-10-07,4811.70025059119,-0.028681250703857863
2014-10-08,5012.5337986089025,0.041738582529748686
2014-10-09,4834.625011972275,-0.03549278544236468
2014-10-10,4594.9550836634535,-0.04957363347008554
2014-10-13,4446.318697447993,-0.03234773431059437
2014-10-14,4452.226443353415,0.0013286825141014356
2014-10-15,4395.206964912162,-0.012806958308774888
2014-10-16,4347.352347264015,-0.010887909950584827
2014-10-17,4463.432261951032,0.026701289753997236
2014-10-20,4591.761842324619,0.028751322489543454
2014-10-21,4832.358337565574,0.05239742467112638
2014-10-22,4779.508737971277,-0.010936606083919206
2014-10-23,4931.410708060857,0.031781921200976324
2014-10-24,5004.7478287488375,0.014871428284832167
2014-10-27,5015.282631948437,0.0021049618402517174
2014-10-28,5165.752267302602,0.030002224479960857
2014-10-29,5125.514564971646,-0.007789320944724197
2014-10-30,5151.0152286881,0.00497523973314377
2014-10-31,5295.86415486067,0.028120461645278618
2014-11-03,5324.727460995152,0.005450159839917807
2014-11-04,5291.617475658418,-0.0062181558735676925
2014-11-05,5284.302079353635,-0.0013824499481365229
2014-11-06,5312.031214873389,0.005247454650273506
2014-11-07,5303.120018836238,-0.0016775496371708852
2014-11-10,5343.173134019592,0.00755274537274061
2014-11-11,5372.083740309335,0.00541075603664626
2014-11-12,5393.452598855798,0.003977759763147952
2014-11-13,5440.190363607616,0.008665648560948428
2014-11-14,5470.114541956382,0.005500575595469178
2014-11-17,5441.8010416161,-0.005176034271881307
2014-11-18,5515.382188266134,0.013521469470736597
2014-11-19,5464.83045324851,-0.009165590577779444
2014-11-20,5515.3508862992785,0.009244647840947503
2014-11-21,5539.582836157714,0.004393546368669127
2014-11-24,5626.279210026606,0.015650343434348644
2014-11-25,5636.78447643772,0.0018671782929634805
2014-11-26,5715.258495345374,0.013921770334786187
2014-11-28,5768.125422447164,0.009250137530060187
2014-12-01,5635.956433701701,-0.022913681493664437
2014-12-02,5683.90589987187,0.008507778002583963
2014-12-03,5702.54508203525,0.0032792911233453076
2014-12-04,5700.13972531059,-0.0004218040699471728
2014-12-05,5699.426861369148,-0.00012506078373411526
2014-12-08,5612.290688186676,-0.01528858520373053
2014-12-09,5655.3690584029,0.0076757197033466935
2014-12-10,5471.77604120219,-0.03246349005781019
2014-12-11,5527.981130876284,0.010271818373206822
2014-12-12,5405.324855375783,-0.02218825871445363
2014-12-15,5298.214233380961,-0.019815760358657647
2014-12-16,5125.601838378797,-0.03257935360835987
2014-12-17,5315.068912051679,0.03696484425579374
2014-12-18,5577.325332830074,0.04934205465967536
2014-12-19,5614.176994140093,0.006607407513615348
2014-12-22,5646.0628159464895,0.00567951844761543
2014-12-23,5608.507144465375,-0.006651656686327394
2014-12-24,5618.702901250256,0.0018179092086819555
2014-12-26,5700.481227469514,0.014554662821033055
2014-12-29,5697.366128244642,-0.000546462500369444
2014-12-30,5617.573590352015,-0.014005162402510195
2014-12-31,5496.940097440035,-0.021474305760615976
2015-01-02,5481.753199055033,-0.002762791319497019
2015-01-05,5302.9707804555765,-0.03261409481737997
2015-01-06,5175.442013233071,-0.024048551746225107
2015-01-07,5299.492315418401,0.023969025615231756
2015-01-08,5504.968528583855,0.03877281085353012
2015-01-09,5434.424064134572,-0.012814689872065457
2015-01-12,5323.462599138205,-0.020418256596623923
2015-01-13,5314.086293055605,-0.0017613171705419242
2015-01-14,5262.395934630067,-0.009727045361135084
2015-01-15,5119.996338598563,-0.027059840764625875
2015-01-16,5251.664866004962,0.025716527649400397
2015-01-20,5326.362551858545,0.014223620082293368
2015-01-21,5379.936878983888,0.010058332793483681
2015-01-22,5581.0852131209385,0.037388604859438734
2015-01-23,5601.682599999083,0.003690570219161195
2015-01-26,5596.132537855112,-0.0009907848302530481
2015-01-27,5307.879221488614,-0.051509379811254204
2015-01-28,5244.109682394898,-0.012014127758512056
2015-01-29,5348.138676867522,0.019837303331366636
2015-01-30,5264.17684982511,-0.015699261390804044
2015-02-02,5366.839298107215,0.019502089540459518
2015-02-03,5471.029766151273,0.019413748438639668
2015-02-04,5450.7170832385655,-0.0037127714125007906
2015-02-05,5541.309830027576,0.016620335527520153
2015-02-06,5469.962493129252,-0.012875536486283892
2015-02-09,5438.159973130111,-0.005814028896740539
2015-02-10,5606.251149104144,0.030909568090046965
2015-02-11,5648.758910324759,0.007582207805193861
2015-02-12,5782.287191608765,0.02363851660228297
2015-02-13,5878.469180165593,0.016633900283681197
2015-02-17,5883.083901378601,0.0007850209079225518
2015-02-18,5898.304211612344,0.002587131254439082
2015-02-19,5954.864763586213,0.009589290403589926
2015-02-20,6039.340538100217,0.01418601057585216
2015-02-23,6057.696856861364,0.003039457478071236
2015-02-24,6062.173879374754,0.0007390634789389428
2015-02-25,6034.019933123268,-0.004644199723019141
2015-02-26,6093.221618791048,0.009811317550145495
2015-02-27,6034.517560140798,-0.009634321927371054
2015-03-02,6150.547801974423,0.019227757758139164
2015-03-03,6084.241201747035,-0.010780600746831523
2015-03-04,6047.901644309902,-0.005972734517280299
2015-03-05,6066.41565229954,0.00306122835298701
2015-03-06,5922.726625344923,-0.02368598447423391
2015-03-09,5960.609499123373,0.00639618813678456
2015-03-10,5734.21488762401,-0.037981788864487706
2015-03-11,5671.698416657211,-0.010902359292764957
2015-03-12,5753.244713884322,0.014377756226885547
2015-03-13,5696.913603391774,-0.009791189718838808
2015-03-16,5844.451176222826,0.025897807673125304
2015-03-17,5858.525499607872,0.002408151417588293
2015-03-18,5984.308335528873,0.021470050088442792
2015-03-19,5996.279917082553,0.002000495442824156
2015-03-20,6082.492500229901,0.014377678217079535
2015-03-23,6047.877294309469,-0.0056909574354796775
2015-03-24,6008.571915252813,-0.006499037123924378
2015-03-25,5733.036151225142,-0.04585711345623084
2015-03-26,5696.146454410179,-0.0064345829752145535
2015-03-27,5742.87734151664,0.008203947612737442
2015-03-30,5876.120873553948,0.023201528452307045
2015-03-31,5744.657322527885,-0.022372506259652855
2015-04-01,5685.46089007256,-0.01030460637280922
2015-04-02,5698.25534585752,0.002250381461123243
2015-04-06,5791.662167426366,0.016392178991548618
2015-04-07,5773.56409228302,-0.0031248499342958506
2015-04-08,5858.575755503741,0.014724295402617577
2015-04-09,5933.796767962326,0.012839470819835348
2015-04-10,5982.76909695216,0.008253118686882714
2015-04-13,5948.947400437313,-0.005653184330994266
2015-04-14,5918.005399967284,-0.005201256354654522
2015-04-15,5990.655638706171,0.012276135932435725
2015-04-16,5975.501103865546,-0.00252969553828308
2015-04-17,5794.494223136561,-0.03029149816605196
2015-04-20,5970.003613852871,0.03028899226709502
2015-04-21,6020.5040981785005,0.00845903748005239
2015-04-22,6088.184617585486,0.011241669850779132
2015-04-23,6132.85365941059,0.007337005138786296
2015-04-24,6296.726847841746,0.026720544387962168
2015-04-27,6265.02327564056,-0.005034928934872365
2015-04-28,6238.263202571105,-0.004271344557250659
2015-04-29,6163.617883307766,-0.011965721361768461
2015-04-30,5960.931538325711,-0.03288431385906768
2015-05-01,6136.247547612649,0.029410840933123836
2015-05-04,6146.836882112744,0.0017257019730592133
2015-05-05,5946.317115065513,-0.032621618385668065
2015-05-06,5866.653191752561,-0.013397187161632513
2015-05-07,5925.33002209292,0.010001755417015035
2015-05-08,6079.34271045792,0.025992254910824287
2015-05-11,6025.630118022387,-0.008835263118681262
2015-05-12,5977.068135417121,-0.008059237233964855
2015-05-13,5993.329731023641,0.00272066425178629
2015-05-14,6179.047160471468,0.030987353905540353
2015-05-15,6177.2746894791335,-0.0002868518310837102
2015-05-18,6229.43817885372,0.008444417966944107
2015-05-19,6204.248813297645,-0.004043601498700578
2015-05-20,6208.892640879396,0.0007484915130736653
2015-05-21,6275.802365557147,0.010776434470330106
2015-05-22,6269.695146488216,-0.0009731375708145794
2015-05-26,6120.746161620796,-0.023756974045356854
2015-05-27,6321.0912848676835,0.03273214048691012
2015-05-28,6292.4659622839645,-0.004528541242909424
2015-05-29,6216.707223352082,-0.012039594554180902
2015-06-01,6255.088745959033,0.006173931187040056
2015-06-02,6219.526578390216,-0.005685317828910204
2015-06-03,6250.081818377034,0.004912791930656518
2015-06-04,6159.579700454828,-0.014480149308782657
2015-06-05,6132.852511895888,-0.004339125371974004
2015-06-08,6008.5695916701015,-0.02026510828113264
2015-06-09,5998.275271132565,-0.0017132730811353044
2015-06-10,6155.300093572667,0.02617832882658842
2015-06-11,6163.849581431382,0.0013889636132676604
2015-06-12,6068.88883491399,-0.015406077851649916
2015-06-15,6012.865432069018,-0.009231245516093726
2015-06-16,6075.487821540493,0.010414733238080667
2015-06-17,6111.440840036176,0.005917717153215637
2015-06-18,6283.679721247761,0.02818302356512144
2015-06-19,6232.865523752595,-0.008086694381214609
2015-06-22,6318.311707534459,0.013708972776043243
2015-06-23,6331.678052210121,0.0021154930770071285
2015-06-24,6264.7707104250085,-0.010567078937590228
2015-06-25,6235.73833793558,-0.00463422746519944
2015-06-26,6153.891315360105,-0.01312547418443659
2015-06-29,5868.159796970461,-0.04643103099277345
2015-06-30,5913.720136579318,0.0077639909588655765
2015-07-01,6001.342641437925,0.014816816290750288
2015-07-02,6012.896904308478,0.0019252796517187753
2015-07-06,5974.067837353351,-0.006457630585234981
2015-07-07,6002.469504360116,0.00475415877087661
2015-07-08,5792.741667886238,-0.03494025855883724
2015-07-09,5794.211116983304,0.000253670745445422
2015-07-10,5975.869952539961,0.03135178057703125
2015-07-13,6177.665316299669,0.033768366005678827
2015-07-14,6257.675946052615,0.012951596704638342
2015-07-15,6271.498565998226,0.0022089063199781833
2015-07-16,6456.099951736848,0.029434972167491875
2015-07-17,6643.837122242295,0.029079037175522793
2015-07-20,6696.307099988263,0.007897541252224496
2015-07-21,6681.538786815952,-0.0022054414398551066
2015-07-22,6535.568392725235,-0.0218468228275121
2015-07-23,6478.170047353889,-0.008782456539699961
2015-07-24,6350.509831401892,-0.019706215647139556
2015-07-27,6244.719134783026,-0.016658614729758256
2015-07-28,6358.710579755367,0.018254054748020446
2015-07-29,6418.604442198572,0.009419183605225263
2015-07-30,6466.509518842836,0.007463472328862705
2015-07-31,6439.588555166143,-0.004163136789367993
2015-08-03,6416.777962346106,-0.003542243828875868
2015-08-04,6380.6831364973,-0.005625070099138718
2015-08-05,6478.128344023063,0.015271908264552355
2015-08-06,6270.866653031286,-0.03199406988949258
2015-08-07,6247.813507559016,-0.0036762295784308215
2015-08-10,6395.291486109267,0.02360473441978104
2015-08-11,6230.237705892527,-0.025808640712505694
2015-08-12,6269.727448878943,0.006338400692009877
2015-08-13,6245.458394651798,-0.003870830817611404
2015-08-14,6277.31464784791,0.005100706975070472
2015-08-17,6376.927238534919,0.01586866299925851
2015-08-18,6309.3561833171025,-0.010596177859689655
2015-08-19,6223.0557347402655,-0.013678170334562655
2015-08-20,5876.332840168974,-0.05571585879196094
2015-08-21,5373.121181926378,-0.08563362081922613
2015-08-24,4967.6346212040735,-0.075465738998451
2015-08-25,4913.056823399387,-0.010986677154500043
2015-08-26,5410.620969667253,0.10127384318009926
2015-08-27,5680.713082062824,0.04991887509950272
2015-08-28,5692.275442892174,0.0020353713807268014
2015-08-31,5549.648316256279,-0.025056258796118374
2015-09-01,5207.289344911088,-0.06169021023230216
2015-09-02,5493.12389123585,0.05489123561073064
2015-09-03,5437.678605097563,-0.01009358012600961
2015-09-04,5309.703966818499,-0.023534792615197
2015-09-08,5612.19869844434,0.05697016886745414
2015-09-09,5481.843779449513,-0.02322706767865523
2015-09-10,5592.550708082059,0.02019519947787768
2015-09-11,5662.922991801178,0.012583217818198806
2015-09-14,5625.810906641699,-0.006553521072635046
2015-09-15,5760.610523194995,0.023960922041328263
2015-09-16,5822.684086247795,0.010775518116154813
2015-09-17,5826.383803802212,0.0006353972668987921
2015-09-18,5664.287188787223,-0.027821135797680707
2015-09-21,5697.230866318848,0.005816032350343683
2015-09-22,5534.495639537529,-0.028563916506066826
2015-09-23,5533.2787505896595,-0.00021987350377085005
2015-09-24,5501.349764203193,-0.005770355665357236
2015-09-25,5407.72137657804,-0.01701916650244369
2015-09-28,5098.027110458212,-0.057268902103791396
2015-09-29,5048.322684485148,-0.009749737476110855
2015-09-30,5290.109993940773,0.047894582927256714
2015-10-01,5320.470917612973,0.005739185708231774
2015-10-02,5509.761751837393,0.03557783458561712
2015-10-05,5675.747004386299,0.030125667864595505
2015-10-06,5611.202339333259,-0.011372012354172598
2015-10-07,5681.196464474284,0.012473997711752833
2015-10-08,5725.224038838571,0.007749701077862934
2015-10-09,5777.767677183024,0.009177568945426337
2015-10-12,5811.7654598119325,0.005884241895562655
2015-10-13,5733.478861445406,-0.01347036436825851
2015-10-14,5717.888974103965,-0.002719097378430396
2015-10-15,5905.731266366388,0.032851685843001
2015-10-16,5960.5443509146335,0.009281337412084775
2015-10-19,6024.363274276319,0.01070689514320838
2015-10-20,5960.1364211148075,-0.010661185296669744
2015-10-21,5894.182660160373,-0.011065813983851267
2015-10-22,6134.044519101646,0.040694676899400185
2015-10-23,6463.617144562337,0.05372843715665735
2015-10-26,6483.424036211812,0.0030643664694990024
2015-10-27,6507.192627212462,0.00366605529237253
2015-10-28,6617.885643920626,0.017010871361830722
2015-10-29,6596.072792889856,-0.003296045323903036
2015-10-30,6534.442482732645,-0.009343485448439067
2015-11-02,6690.202895745079,0.02383683281688284
2015-11-03,6733.582487805664,0.006484047305676446
2015-11-04,6729.617270577598,-0.0005888718576251635
2015-11-05,6688.135898575461,-0.006164001656304591
2015-11-06,6700.764880290116,0.0018882663130909592
2015-11-09,6554.487784247696,-0.021829910264824254
2015-11-10,6515.965087025747,-0.005877300940972024
2015-11-11,6502.822148601282,-0.0020170363482509865
2015-11-12,6368.468819439659,-0.020660772521746005
2015-11-13,6127.87467835326,-0.0377789619306903
2015-11-16,6301.13320001904,0.02827383567059826
2015-11-17,6302.394524092294,0.0002001741644265896
2015-11-18,6544.580973296199,0.03842768780629237
2015-11-19,6550.260016441886,0.0008677474033647917
2015-11-20,6637.831463843288,0.013369155908557407
2015-11-23,6605.98855004776,-0.004797186245082808
2015-11-24,6591.09298157118,-0.0022548583552226254
2015-11-25,6601.197907881462,0.0015331184582794148
2015-11-27,6623.2606334250695,0.0033422305847346416
2015-11-30,6579.02202128677,-0.006679279978058652
2015-12-01,6725.028929311642,0.02219279819287115
2015-12-02,6639.957845045399,-0.012649920938697113
2015-12-03,6415.06504820772,-0.03386961214000628
2015-12-04,6719.968906189186,0.04752934782269313
2015-12-07,6656.793174860369,-0.009401193995203162
2015-12-08,6660.367048701788,0.000536876202630991
2015-12-09,6454.601911890198,-0.030893963546903488
2015-12-10,6513.3039758417235,0.009094606414593759
2015-12-11,6217.64485634856,-0.04539310933280296
2015-12-14,6307.859798938954,0.014509503947990873
2015-12-15,6383.156871728796,0.011937023838498777
2015-12-16,6570.146730743603,0.029294260312321452
2015-12-17,6383.346151894001,-0.02843172101096443
2015-12-18,6152.335778731302,-0.03618954192138816
2015-12-21,6277.805297797225,0.02039380222056037
2015-12-22,6357.140660322732,0.012637435976765015
2015-12-23,6455.318224405703,0.015443667102685637
2015-12-24,6450.539691312132,-0.0007402474870262694
2015-12-28,6447.785613973287,-0.00042695301023486633
2015-12-29,6642.664636980545,0.030224178450494098
2015-12-30,6532.328012893961,-0.016610295734685383
2015-12-31,6367.669248910042,-0.025206750741681074
2016-01-04,6104.158509280502,-0.0413826047379339
2016-01-05,6067.259392317658,-0.00604491461136597
2016-01-06,5958.732738464853,-0.01788726125509333
2016-01-07,5588.159836758463,-0.062189884656894484
2016-01-08,5497.678612861516,-0.016191595541303054
2016-01-11,5531.182052746041,0.006094106666429396
2016-01-12,5660.957268839282,0.02346247417924197
2016-01-13,5267.72729286645,-0.06946351249414381
2016-01-14,5494.220308419913,0.042996344146398816
2016-01-15,5155.258454290202,-0.061694259622288944
2016-01-19,5170.955585736205,0.0030448776885160923
2016-01-20,5144.244002303395,-0.005165695777100151
2016-01-21,5160.159594181025,0.00309386410724357
2016-01-22,5452.257223251199,0.056606316866549086
2016-01-25,5290.991397788406,-0.029577809494217223
2016-01-26,5385.298565176425,0.017824101439181787
2016-01-27,5118.416396387308,-0.04955754366431753
2016-01-28,5260.428825086213,0.027745384060417513
2016-01-29,5494.6427045747805,0.04452372368800736
2016-02-01,5514.246904345996,0.0035678752605503355
2016-02-02,5274.001734253571,-0.043568083595074046
2016-02-03,5221.0482037317015,-0.010040484093501044
2016-02-04,5210.7342362593,-0.0019754591549317776
2016-02-05,4852.611869762567,-0.06872781267651504
2016-02-08,4699.307651462331,-0.03159210388440505
2016-02-09,4668.945789878952,-0.0064609222964856034
2016-02-10,4712.834601861948,0.009400154544123221
2016-02-11,4703.365196393119,-0.0020092802461363314
2016-02-12,4838.79664197375,0.028794584287116533
2016-02-16,5044.535782041128,0.042518658106586046
2016-02-17,5277.6865346060495,0.046218475324320836
2016-02-18,5158.2086326851,-0.022638309633875763
2016-02-19,5189.71542447112,0.00610808790989498
2016-02-22,5357.759904238221,0.032380287939242094
2016-02-23,5183.907442195848,-0.03244872206849879
2016-02-24,5279.051417791779,0.01835371805088213
2016-02-25,5380.794843551562,0.019273050725908826
2016-02-26,5367.195324493111,-0.002527418244676106
2016-02-29,5280.373003198781,-0.016176478783642957
2016-03-01,5613.625975207858,0.06311163469080626
2016-03-02,5615.859946624989,0.00039795515892880595
2016-03-03,5593.969407862459,-0.0038979851653326847
2016-03-04,5602.302814544721,0.0014897125948791028
2016-03-07,5536.500308939453,-0.011745617433322385
2016-03-08,5439.395034790724,-0.0175391075101973
2016-03-09,5510.298917738957,0.013035251621683556
2016-03-10,5494.438948839342,-0.0028782411147531147
2016-03-11,5686.537786800795,0.0349624119496374
2016-03-14,5701.5264296981595,0.002635811711680798
2016-03-15,5701.090215699016,-7.650828326804416e-05
2016-03-16,5798.224796211042,0.01703789570713136
2016-03-17,5788.070811154208,-0.0017512230749434326
2016-03-18,5816.098037471233,0.004842239708438358
2016-03-21,5859.351307227534,0.007436819234757444
2016-03-22,5887.7390839105055,0.004844866811101585
2016-03-23,5794.928976509095,-0.015763284697012693
2016-03-24,5802.967662256764,0.0013871931442567547
2016-03-28,5784.196569968194,-0.0032347401159340404
2016-03-29,5967.619007446405,0.03171096197362105
2016-03-30,6029.716155966609,0.0104056824744876
2016-03-31,6010.557171230262,-0.0031774273018455148
2016-04-01,6140.604017023082,0.021636404427744938
2016-04-04,6086.0771203561435,-0.008879728527646024
2016-04-05,5975.828900996108,-0.01811482457086976
2016-04-06,6171.286980719175,0.03270811178855629
2016-04-07,5985.477380196544,-0.030108727904430938
2016-04-08,5984.7417333830535,-0.00012290528670673702
2016-04-11,5942.038560429567,-0.0071353409814306126
2016-04-12,6041.762199158734,0.016782731669442007
2016-04-13,6199.699595204191,0.026140948756217076
2016-04-14,6199.662816411492,-5.932350775028771e-06
2016-04-15,6168.699996496122,-0.004994274823044643
2016-04-18,6229.852053807799,0.009913281136448923
2016-04-19,6152.7719062671085,-0.012372709155039612
2016-04-20,6162.091482786185,0.0015146955975378026
2016-04-21,6163.302660858387,0.00019655308195042778
2016-04-22,5982.7150305150435,-0.029300464423110507
2016-04-25,5983.236208328109,8.711392911182179e-05
2016-04-26,5926.869073274649,-0.009420844019997399
2016-04-27,5830.357639634426,-0.01628371277432318
2016-04-28,5691.599786945763,-0.023799200883560842
2016-04-29,5632.630473535905,-0.010360762459987021
2016-05-02,5737.0684228645405,0.018541594343765726
2016-05-03,5632.766460010969,-0.018180358881181368
2016-05-04,5556.741813909747,-0.013496857475087635
2016-05-05,5550.432197347659,-0.0011354885242812539
2016-05-06,5603.938722869277,0.00964006470472467
2016-05-09,5633.204053831567,0.005222278902312198
2016-05-10,5791.232776981284,0.028053079852882152
2016-05-11,5683.5489016551655,-0.01859429235069513
2016-05-12,5636.274016842759,-0.008317846055417827
2016-05-13,5594.230390513621,-0.007459471665767106
2016-05-16,5734.383141807255,0.025053088898751283
2016-05-17,5582.957508799339,-0.02640661240507777
2016-05-18,5623.647840975291,0.007288311277995571
2016-05-19,5565.1390236231655,-0.010404068499064995
2016-05-20,5687.393012829628,0.02196782302966969
2016-05-23,5667.70514099176,-0.0034616689568410515
2016-05-24,5900.08924874718,0.041001446259915274
2016-05-25,5985.6225361273655,0.014496948058598838
2016-05-26,6016.684353331717,0.005189404613617327
2016-05-27,6082.818122986341,0.01099172995804631
2016-05-31,6114.341347914387,0.005182338891396937
2016-06-01,6104.247585818124,-0.0016508339201091906
2016-06-02,6134.94616000902,0.005029051289174073
2016-06-03,6076.799448387506,-0.009477949782272928
2016-06-06,6114.789729945215,0.006251692503656682
2016-06-07,6086.527194688759,-0.004621996259012871
2016-06-08,6107.095819154539,0.003379369516943817
2016-06-09,6085.8748424149635,-0.0034748065804070935
2016-06-10,5946.821166072314,-0.02284859283886809
2016-06-13,5845.41342777739,-0.01705242775307804
2016-06-14,5851.318591375659,0.001010221718485639
2016-06-15,5810.812163145382,-0.006922615406718675
2016-06-16,5849.828611169316,0.006714456934504389
2016-06-17,5718.2249195160275,-0.022497016647977118
2016-06-20,5786.276071250177,0.011900747643188138
2016-06-21,5821.317418472056,0.006055941125240653
2016-06-22,5798.666873060682,-0.003890965529469278
2016-06-23,5964.103282020406,0.028530076409166653
2016-06-24,5478.975764909173,-0.0813412334044776
2016-06-27,5263.161481441055,-0.03938953058532037
2016-06-28,5487.415781346371,0.04260828794557804
2016-06-29,5677.603542144851,0.034658893799335275
2016-06-30,5815.598683555757,0.02430517389715013
2016-07-01,5867.792258070542,0.008974755198010487
2016-07-05,5798.0972864390715,-0.011877545858173943
2016-07-06,5887.574599173784,0.015432185476429989
2016-07-07,5927.219131130828,0.00673359314421393
2016-07-08,6110.274965180178,0.030883932245377596
2016-07-11,6182.08109412983,0.011751701741549122
2016-07-12,6244.479948707798,0.010093503082193277
2016-07-13,6212.414375663562,-0.005135026985052822
2016-07-14,6296.24863988398,0.013494634960093767
2016-07-15,6278.242091409595,-0.0028598852275815863
2016-07-18,6360.618605259479,0.013120952115337977
2016-07-19,6315.699403135302,-0.0070620807364607735
2016-07-20,6463.895723933649,0.02346475209456259
2016-07-21,6435.882832916216,-0.004333747358223841
2016-07-22,6488.893789165942,0.008236780815617512
2016-07-25,6489.243714143876,5.39267538202139e-05
2016-07-26,6506.680102612601,0.0026869677325758803
2016-07-27,6592.631766034945,0.013209757059953196
2016-07-28,6644.833910484611,0.007918255759196116
2016-07-29,6669.912511553575,0.003774150175430822
2016-08-01,6743.459789400336,0.01102672302213305
2016-08-02,6639.275382442601,-0.015449696477985535
2016-08-03,6682.071024897844,0.0064458303037730124
2016-08-04,6709.085092372611,0.004042768682660059
2016-08-05,6843.413824518537,0.020021915104138487
2016-08-08,6825.710975675801,-0.002586844708895128
2016-08-09,6857.383019174429,0.004640109083360761
2016-08-10,6822.296630629414,-0.0051165857947424185
2016-08-11,6879.377417533154,0.008366799333741858
2016-08-12,6890.4375921187575,0.0016077290013795779
2016-08-15,6948.673064705042,0.008451636315942167
2016-08-16,6862.768072945582,-0.012362790846471655
2016-08-17,6886.6619035106805,0.0034816607979647283
2016-08-18,6896.181233833578,0.0013822851268543998
2016-08-19,6889.15785373414,-0.0010184448263888405
2016-08-22,6896.880459018248,0.0011209795809691008
2016-08-23,6925.59874844842,0.0041639534860460755
2016-08-24,6825.279552936574,-0.014485274003828342
2016-08-25,6802.5380877973985,-0.0033319463272960645
2016-08-26,6826.328961256813,0.0034973524811409674
2016-08-29,6848.226325436664,0.003207780390328581
2016-08-30,6805.319522519663,-0.0062653891501264665
2016-08-31,6791.499940387319,-0.002030702906250483
2016-09-01,6828.455214062921,0.005441400868729722
2016-09-02,6870.964715282967,0.0062253467127526335
2016-09-06,6960.123124722143,0.012976112254057036
2016-09-07,6967.160935049715,0.0010111617569771672
2016-09-08,6887.081690622783,-0.01149381292802887
2016-09-09,6536.19383426442,-0.05094869962644983
2016-09-12,6769.037196726753,0.035623692988067154
2016-09-13,6650.497111764153,-0.017512104235432653
2016-09-14,6716.144465943696,0.009871044686782762
2016-09-15,6925.38134380434,0.031154314640139832
2016-09-16,6920.328082522711,-0.000729672639059809
2016-09-19,6857.975312125056,-0.00901008877817911
2016-09-20,6884.403220767471,0.003853602184261269
2016-09-21,7023.7218230919925,0.020236845207476106
2016-09-22,7132.837266445758,0.015535274047304284
2016-09-23,7038.467580151241,-0.013230315338673153
2016-09-26,6918.342943516962,-0.01706687361508008
2016-09-27,7060.902809596674,0.02060607102648787
2016-09-28,7086.009650338849,0.003555755038583753
2016-09-29,6978.809935725239,-0.015128361363222794
2016-09-30,7086.967209362492,0.015497953753344772
2016-10-03,7061.407658232919,-0.0036065569903874738
2016-10-04,7040.897730623524,-0.002904509780777651
2016-10-05,7094.137002468245,0.007561432345929905
2016-10-06,7083.265818914159,-0.001532418044689907
2016-10-07,7056.212796355957,-0.0038192866468406876
2016-10-10,7141.873716205065,0.012139786925551125
2016-10-11,6932.402750400854,-0.029329973355439964
2016-10-12,6926.110172324054,-0.000907705207467452
2016-10-13,6878.863922511387,-0.006821469574864318
2016-10-14,6894.563979976632,0.002282361977515872
2016-10-17,6860.019902310941,-0.005010335354928281
2016-10-18,6984.8606155360085,0.018198301900408744
2016-10-19,6976.1489564554795,-0.0012472201751817609
2016-10-20,6965.163463575538,-0.0015747216621250504
2016-10-21,7020.62802244177,0.007963138145469893
2016-10-24,7189.5979327461855,0.02406763465665684
2016-10-25,7135.633844973145,-0.007505856137970192
2016-10-26,7045.867876359058,-0.012579957234958803
2016-10-27,6976.149208297608,-0.009894972384505795
2016-10-28,6887.388535833681,-0.012723448110650052
2016-10-31,6875.790368024116,-0.001683971762188442
2016-11-01,6777.725061914473,-0.014262404881582168
2016-11-02,6664.151651648379,-0.01675686299290726
2016-11-03,6529.596553844424,-0.020190881726209333
2016-11-04,6477.820992902031,-0.007929366005302406
2016-11-07,6793.439023183514,0.0487228700248612
2016-11-08,6882.469269777304,0.01310532799219392
2016-11-09,6940.770673571199,0.008471000960354524
2016-11-10,6716.204843792124,-0.03235459581371397
2016-11-11,6730.381766156521,0.002110853181838237
2016-11-14,6589.769426545093,-0.02089217885358188
2016-11-15,6765.007275857586,0.02659240983555435
2016-11-16,6844.209895171047,0.011707691667400487
2016-11-17,6942.49989630758,0.014361044246448629
2016-11-18,6889.399435783771,-0.007648608039886407
2016-11-21,7036.224672744237,0.021311761399382824
2016-11-22,7079.470934028902,0.006146230868975102
2016-11-23,7021.69610908867,-0.008160895846400949
2016-11-25,7068.984243764663,0.0067345743736738255
2016-11-28,7032.049842469191,-0.005224852683474352
2016-11-29,7079.197045898779,0.006704617357068247
2016-11-30,6898.17188883268,-0.02557142510547476
2016-12-01,6678.446479520384,-0.03185270139006051
2016-12-02,6693.569007413065,0.002264378091380289
2016-12-05,6803.84394202149,0.016474758755201685
2016-12-06,6834.090777012084,0.004445550963299718
2016-12-07,7014.940308803686,0.026462851854401438
2016-12-08,7036.170839511024,0.0030264734655965795
2016-12-09,7142.751182977693,0.01514749227920637
2016-12-12,7080.539425804693,-0.00870977520836248
2016-12-13,7259.597653599237,0.025288783385906368
2016-12-14,7216.867379819158,-0.005886038843887341
2016-12-15,7252.89422895775,0.004992034250114592
2016-12-16,7198.626803187592,-0.00748217526094501
2016-12-19,7258.004308807188,0.00824844893935936
2016-12-20,7314.021945126913,0.007718049471498803
2016-12-21,7299.8305398723005,-0.0019403011586625442
2016-12-22,7257.302083262212,-0.0058259512159623775
2016-12-23,7274.1384566240395,0.0023199218068456467
2016-12-27,7351.194611656977,0.010593165842584237
2016-12-28,7234.466012724727,-0.01587886120538159
2016-12-29,7211.214714166933,-0.0032139619588920634
2016-12-30,7051.202874579766,-0.02218930456651262
2017-01-03,7190.223753243521,0.019715909630814644
2017-01-04,7266.046356292321,0.010545235537989568
2017-01-05,7347.801005632727,0.011251600296990474
2017-01-06,7472.576787818521,0.016981377433893833
2017-01-09,7525.999389308256,0.007149153900542469
2017-01-10,7556.841344928196,0.004098054494099014
2017-01-11,7602.0644306318,0.005984389990396577
2017-01-12,7575.710565418155,-0.003466672172292314
2017-01-13,7630.126735771308,0.007182979059621535
2017-01-17,7585.624458139417,-0.005832442785420216
2017-01-18,7619.386241842378,0.004450758653987308
2017-01-19,7605.359639128557,-0.0018409097883491875
2017-01-20,7641.665069344639,0.004773663829031128
2017-01-23,7649.450020616646,0.0010187506520322846
2017-01-24,7756.32025142993,0.013970969223310049
2017-01-25,7909.700945261212,0.019774930490138738
2017-01-26,7926.51943616719,0.002126311857094264
2017-01-27,7960.847759242864,0.004330819264637116
2017-01-30,7841.777493015318,-0.014956983204370503
2017-01-31,7803.455394426901,-0.004886914812687693
2017-02-01,7913.097987188983,0.014050518292241023
2017-02-02,7897.853867288192,-0.0019264414424628588
2017-02-03,7940.5882152863105,0.005410881071770262
2017-02-06,7960.404628251301,0.0024955850155838695
2017-02-07,8015.69321385637,0.006945449155794207
2017-02-08,8048.854143519488,0.004137000853001087
2017-02-09,8097.200892580459,0.00600666233961986
2017-02-10,8142.430517357065,0.005585834583658433
2017-02-13,8236.56123306792,0.011560518141382745
2017-02-14,8281.301735898247,0.005431939563649945
2017-02-15,8379.800748972859,0.011894146139806895
2017-02-16,8374.356654370402,-0.0006496687410047995
2017-02-17,8450.53069245122,0.009096106271168261
2017-02-21,8533.440299380227,0.009811171622992792
2017-02-22,8537.994630962543,0.000533704042277984
2017-02-23,8475.039171383341,-0.00737356514033123
2017-02-24,8509.902534126224,0.004113652106836646
2017-02-27,8523.673804201138,0.0016182641363621643
2017-02-28,8468.803492894785,-0.006437401590768089
2017-03-01,8661.708587835989,0.022778317515933393
2017-03-02,8572.691131555088,-0.010277124354646672
2017-03-03,8605.451892237159,0.003821525840524372
2017-03-06,8563.538019587642,-0.004870618437519478
2017-03-07,8534.774832362915,-0.003358797165253133
2017-03-08,8562.040842017577,0.003194695840278449
2017-03-09,8575.484707264055,0.0015701706514297193
2017-03-10,8645.661728885703,0.008183446652549527
2017-03-13,8673.766618126258,0.003250750506077922
2017-03-14,8633.98174733202,-0.004586804389121641
2017-03-15,8743.412699634158,0.012674447955134227
2017-03-16,8730.04052603701,-0.0015293997957693537
2017-03-17,8719.420657989656,-0.0012164740834454896
2017-03-20,8734.363031030693,0.0017136887446007843
2017-03-21,8473.77728178242,-0.029834545269355733
2017-03-22,8585.164146440802,0.013144889339710383
2017-03-23,8545.555009382579,-0.004613672654662547
2017-03-24,8573.920965784575,0.0033193814059884704
2017-03-27,8607.020285812603,0.0038604647931927295
2017-03-28,8712.618268503986,0.0122688200079469
2017-03-29,8787.021967412813,0.008539763434580253
2017-03-30,8817.761316350394,0.003498266995528198
2017-03-31,8806.473771548366,-0.0012800918960118308
2017-04-03,8793.691947502884,-0.0014514122652333746
2017-04-04,8820.364335089174,0.0030331273537349468
2017-04-05,8749.477036858123,-0.008036776661146371
2017-04-06,8757.189679243254,0.0008814975286684262
2017-04-07,8749.171264052615,-0.0009156379482844717
2017-04-10,8760.133997723287,0.00125300252330361
2017-04-11,8684.995410762323,-0.008577333061399801
2017-04-12,8616.325326066311,-0.007906749681285536
2017-04-13,8541.293014722736,-0.008708156726230473
2017-04-17,8687.1840857648,0.017080677456046717
2017-04-18,8663.01116718099,-0.002782595412410146
2017-04-19,8688.744973357389,0.0029705382666351137
2017-04-20,8830.085224799583,0.016267050290414885
2017-04-21,8825.375664930561,-0.0005333538407753498
2017-04-24,9039.650915908285,0.024279448163231035
2017-04-25,9171.564345967421,0.01459275709717854
2017-04-26,9148.186190926948,-0.002548982284658009
2017-04-27,9247.967140762548,0.010907183976487147
2017-04-28,9288.731848142885,0.004407964124424421
2017-05-01,9442.405408703558,0.016544084065834755
2017-05-02,9490.94324975806,0.00514041062140399
2017-05-03,9427.444784259878,-0.00669042726599383
2017-05-04,9431.431119629364,0.00042284367192910963
2017-05-05,9497.810429052106,0.007038095129019012
2017-05-08,9541.77679110684,0.004629105032487232
2017-05-09,9606.757386423227,0.0068101147971675316
2017-05-10,9618.260362505596,0.0011973838434419
2017-05-11,9593.103101307966,-0.0026155729050234737
2017-05-12,9635.773466529423,0.0044480252917992544
2017-05-15,9695.954780202448,0.006245613170760895
2017-05-16,9763.9080991588,0.007008419541632084
2017-05-17,9273.156938516417,-0.0502617554014733
2017-05-18,9425.331559837745,0.016410228181220985
2017-05-19,9510.028516675828,0.008986098398806994
2017-05-22,9671.328792384245,0.016961071717669245
2017-05-23,9684.835013661015,0.0013965217775870334
2017-05-24,9776.463208844838,0.009460997017974591
2017-05-25,9940.589418002632,0.0167878920680955
2017-05-26,9975.064708829246,0.0034681334654240387
2017-05-30,9997.09025595006,0.0022080605754185366
2017-05-31,9977.07811171057,-0.002001796895609441
2017-06-01,10072.699131111403,0.00958407043928002
2017-06-02,10297.75738321197,0.022343390701051832
2017-06-05,10286.383103075414,-0.001104539533539597
2017-06-06,10211.767568840749,-0.007253816379088124
2017-06-07,10284.476700311747,0.00712013184601414
2017-06-08,10311.565345778854,0.002633935226503597
2017-06-09,9809.31393809106,-0.04870758132696087
2017-06-12,9694.271687356451,-0.01172785899815899
2017-06-13,9842.601302126515,0.015300748684763986
2017-06-14,9757.998625029246,-0.00859556071614831
2017-06-15,9668.887265422558,-0.009132134880416655
2017-06-16,9603.147996914873,-0.0067990521249304365
2017-06-19,9910.195344990902,0.03197361408724223
2017-06-20,9752.65481641144,-0.015896813644454683
2017-06-21,9943.779499176702,0.019597195467601657
2017-06-22,9935.21590680122,-0.0008612009524337409
2017-06-23,10015.215401066873,0.00805211431901421
2017-06-26,9927.44154220147,-0.00876405103139885
2017-06-27,9563.30668320233,-0.036679627621195816
2017-06-28,9838.016607920395,0.028725412016806423
2017-06-29,9496.073173199735,-0.034757354896653506
2017-06-30,9475.678195486866,-0.0021477275228279076
2017-07-03,9308.305797058101,-0.017663368782245132
2017-07-05,9480.99637587696,0.018552310440148802
2017-07-06,9310.166521676767,-0.01801813305559806
2017-07-07,9505.085240886256,0.020936115240867213
2017-07-10,9632.01643057487,0.013354029603292468
2017-07-11,9685.062647350469,0.005507280553136979
2017-07-12,9919.75035756252,0.02423192484730638
2017-07-13,9969.324072725669,0.004997476083191343
2017-07-14,10123.337916020786,0.015448774878978213
2017-07-17,10129.41103794608,0.0005999129907223645
2017-07-18,10269.530615145637,0.013832944153875319
2017-07-19,10395.5943254131,0.012275508491258828
2017-07-20,10413.484935092465,0.0017209799766454825
2017-07-21,10414.648552769184,0.00011174142796291231
2017-07-24,10484.797382161034,0.006735592568142722
2017-07-25,10447.071148149615,-0.0035981843650700765
2017-07-26,10517.923317590514,0.00678201272262307
2017-07-27,10398.903228164803,-0.01131593051516708
2017-07-28,10370.505600033797,-0.0027308291564915104
2017-07-31,10270.47520416608,-0.009645662393489383
2017-08-01,10322.420666624357,0.005057746737678479
2017-08-02,10389.276110641045,0.0064767215148336214
2017-08-03,10308.472631442724,-0.0077775851115901885
2017-08-04,10339.061618952106,0.002967363701978538
2017-08-07,10461.422373953224,0.011834802761676578
2017-08-08,10431.987662157224,-0.002813643378866674
2017-08-09,10407.593283628557,-0.0023384209528122205
2017-08-10,9946.344558032546,-0.044318481038413425
2017-08-11,10095.397805949924,0.014985731395862865
2017-08-14,10361.067588253092,0.026315930031661487
2017-08-15,10359.632214328085,-0.00013853533072550816
2017-08-16,10393.724300947442,0.0032908587789637635
2017-08-17,9968.417375000097,-0.04091958893970047
2017-08-18,9949.91309480754,-0.0018562906724757505
2017-08-21,9935.206834180979,-0.0014780290527598582
2017-08-22,10233.338659626917,0.030007611358452015
2017-08-23,10158.350338129752,-0.00732784519220614
2017-08-24,10098.253629744515,-0.005915990922232962
2017-08-25,10057.131086333915,-0.0040722430747306025
2017-08-28,10111.163561896714,0.005372553574072474
2017-08-29,10194.60944602824,0.008252846828231148
2017-08-30,10440.8272625423,0.02415176548131378
2017-08-31,10636.979744041075,0.018787063186314224
2017-09-01,10634.60379855515,-0.00022336655169961334
2017-09-05,10439.081103177328,-0.01838551760662544
2017-09-06,10503.94212983836,0.006213288891997491
2017-09-07,10550.577761553433,0.004439821843895797
2017-09-08,10370.466779259428,-0.017071196133953404
2017-09-11,10606.351974239235,0.022745860914531665
2017-09-12,10660.056970369445,0.005063474817793065
2017-09-13,10691.246835080015,0.0029258628539477684
2017-09-14,10564.723671888905,-0.011834275753129573
2017-09-15,10632.730296987926,0.006437141870541683
2017-09-18,10608.629126405307,-0.0022666963150044742
2017-09-19,10644.071398586548,0.0033408908690212903
2017-09-20,10582.070418024634,-0.0058249309160164605
2017-09-21,10445.10401578476,-0.012943251824007537
2017-09-22,10436.09625397752,-0.0008623908190504494
2017-09-25,10207.832655310383,-0.021872507986895617
2017-09-26,10256.617660550653,0.00477917368824522
2017-09-27,10453.613608849131,0.01920671656272903
2017-09-28,10437.103107456358,-0.0015794061279245774
2017-09-29,10599.861888693385,0.01559424866855543
2017-10-02,10609.482213538344,0.0009075896408820111
2017-10-03,10656.202651933947,0.004403649250288925
2017-10-04,10669.751472417136,0.0012714492137338343
2017-10-05,10877.251486902087,0.01944750212986389
2017-10-06,10904.049923703593,0.002463714002914775
2017-10-09,10882.670742042803,-0.001960664322924237
2017-10-10,10900.710675760298,0.001657675229280155
2017-10-11,10964.572480512727,0.00585849919807857
2017-10-12,10924.082780672486,-0.003692775063706445
2017-10-13,11005.03845597743,0.00741075263986241
2017-10-16,11085.150166224414,0.007279548414796327
2017-10-17,11114.562351054932,0.002653296021206503
2017-10-18,11084.688799918022,-0.002687784745215313
2017-10-19,11006.01568412305,-0.007097458234060138
2017-10-20,11064.659259452112,0.00532832016709363
2017-10-23,10916.517773351801,-0.013388707471832819
2017-10-24,10961.21265239535,0.004094243235022698
2017-10-25,10870.539483608132,-0.008272184078775544
2017-10-26,10809.00247305155,-0.005660897570849641
2017-10-27,11437.833687140102,0.05817661857847869
2017-10-30,11490.17547060186,0.004576197284684006
2017-10-31,11567.676225608666,0.006744958352037009
2017-11-01,11568.129882060995,3.9217595953041196e-05
2017-11-02,11522.856425151773,-0.003913636635376034
2017-11-03,11741.70481112571,0.018992546457164996
2017-11-06,11809.326005047964,0.005759060971979086
2017-11-07,11836.271282089412,0.0022816947410826327
2017-11-08,11930.13669596565,0.007930319577777305
2017-11-09,11803.924752974894,-0.010579253717473015
2017-11-10,11792.303951567157,-0.0009844862324125063
2017-11-13,11819.250908958104,0.0022851308363167023
2017-11-14,11735.017301509057,-0.0071268143893285126
2017-11-15,11603.574462503117,-0.011200907133646673
2017-11-16,11903.242351086023,0.025825480721589755
2017-11-17,11810.868914693883,-0.007760359208658086
2017-11-20,11789.166690778304,-0.0018374790265075712
2017-11-21,12050.988106316225,0.02220864480122451
2017-11-22,12079.414912650926,0.0023588776359177574
2017-11-24,12167.319039435693,0.007277184153406696
2017-11-27,12155.093763682919,-0.0010047633100727
2017-11-28,12218.178146238919,0.005189954416023061
2017-11-29,11795.253099594209,-0.03461441154178113
2017-11-30,11997.926143087005,0.017182593860556372
2017-12-01,11893.66979671069,-0.008689530601618612
2017-12-04,11615.665888970307,-0.023374106772097152
2017-12-05,11621.0163445201,0.00046062409171693735
2017-12-06,11724.787927692865,0.008929647811888498
2017-12-07,11811.471144313924,0.007393158593198947
2017-12-08,11917.398959791177,0.008968215236105236
2017-12-11,12103.052798477056,0.015578385796453344
2017-12-12,12064.41202374779,-0.003192646960453493
2017-12-13,12106.190855738096,0.0034629811969342137
2017-12-14,12088.29392414209,-0.0014783288822449157
2017-12-15,12377.521354940583,0.02392624075932379
2017-12-18,12557.646842299102,0.014552629900058133
2017-12-19,12432.071355977769,-0.00999992179254036
2017-12-20,12400.778520963366,-0.002517105486154969
2017-12-21,12401.712312957778,7.530107830194054e-05
2017-12-22,12373.024697743625,-0.00231319792704579
2017-12-26,12251.0186567084,-0.009860647983469592
2017-12-27,12258.725533374345,0.0006290804774610184
2017-12-28,12282.741400101915,0.0019590834840202097
2017-12-29,12111.253897551263,-0.013961663521567587
2018-01-02,12546.830960659157,0.035964654592532584
2018-01-03,12795.25979334279,0.019800125901320072
2018-01-04,12829.43873999119,0.002671219435980836
2018-01-05,13097.19931156313,0.020870793882610844
2018-01-08,13189.122574835666,0.007018543513450192
2018-01-09,13194.309005462663,0.00039323545577557415
2018-01-10,13133.939241228763,-0.004575439623924634
2018-01-11,13314.63715983625,0.0137580900359472
2018-01-12,13513.32100587474,0.014922212573529606
2018-01-16,13427.789237921328,-0.006329440995017419
2018-01-17,13719.350844839419,0.021713299319197955
2018-01-18,13723.794034516415,0.0003238629675155334
2018-01-19,13816.286154673802,0.006739544467423662
2018-01-22,14107.228559645475,0.021057931322105077
2018-01-23,14340.839524778072,0.0165596640151458
2018-01-24,14159.167369752719,-0.01266816734902168
2018-01-25,14146.696487974654,-0.0008807637802704101
2018-01-26,14583.076727044925,0.030846794475389606
2018-01-29,14439.212424146996,-0.009865154356016374
2018-01-30,14201.240271940329,-0.01648096483494499
2018-01-31,14280.180394049281,0.005558678016660785
2018-02-01,14080.92682366328,-0.013953154994388714
2018-02-02,13504.72520373083,-0.04092071687810572
2018-02-05,12448.518548225773,-0.07821015530277262
2018-02-06,13100.321001559772,0.052359841117551896
2018-02-07,12770.326893057396,-0.025189772713438537
2018-02-08,11699.666502062573,-0.08383970120427287
2018-02-09,12095.150486153061,0.03380301344664535
2018-02-12,12514.542535759645,0.03467439698966288
2018-02-13,12629.687725613874,0.009200910822365899
2018-02-14,13096.702058571347,0.03697750436143688
2018-02-15,13567.171715244292,0.035922757849182405
2018-02-16,13470.304732146482,-0.007139806669430546
2018-02-20,13506.279592567795,0.002670679033374749
2018-02-21,13424.890720441934,-0.006026002317517992
2018-02-22,13435.190001231,0.0007671779982075958
2018-02-23,13970.67339318509,0.03985677849773826
2018-02-26,14345.468531868213,0.026827277979739075
2018-02-27,13981.1529179331,-0.025395867212408833
2018-02-28,13795.042153602988,-0.01331154629539844
2018-03-01,13376.92067290297,-0.030309547157912297
2018-03-02,13616.706174771167,0.01792531388437682
2018-03-05,13897.588913251033,0.020627803440473855
2018-03-06,14025.805981419142,0.009225849819594135
2018-03-07,14092.243599354428,0.0047368128450729725
2018-03-08,14242.911070322281,0.010691517635613094
2018-03-09,14793.917265171052,0.03868634664137538
2018-03-12,14918.701991619755,0.008434867128970583
2018-03-13,14564.696546527326,-0.02372897087771329
2018-03-14,14541.84818753118,-0.0015687494018949118
2018-03-15,14500.512514729226,-0.0028425322743636967
2018-03-16,14455.069638552704,-0.003133880690793563
2018-03-19,13816.483168824592,-0.044177336097015796
2018-03-20,13901.186116205248,0.006130572182925735
2018-03-21,13770.097699494692,-0.009430016662947948
2018-03-22,13082.191829637919,-0.04995649884764557
2018-03-23,12400.240087109782,-0.052128248187216154
2018-03-26,13336.71591779836,0.07552078218727845
2018-03-27,12452.105561377939,-0.06632894948597298
2018-03-28,12188.841704460214,-0.021142115734569096
2018-03-29,12642.838586215968,0.03724692573451222
2018-04-02,11911.757759487939,-0.05782568698813412
2018-04-03,12165.217928974833,0.02127815009375998
2018-04-04,12546.561702151932,0.03134705645254608
2018-04-05,12679.61025367908,0.010604383470598817
2018-04-06,12058.102820316566,-0.04901628842906907
2018-04-09,12204.819374090066,0.012167465807829882
2018-04-10,12746.135246848364,0.04435263285481083
2018-04-11,12621.186446096006,-0.009802877368906995
2018-04-12,12900.404892354669,0.02212299512816652
2018-04-13,12792.192768371888,-0.00838827346007668
2018-04-16,12973.019595638918,0.014135717819552873
2018-04-17,13521.8276351571,0.042303801013502895
2018-04-18,13588.650725854326,0.004941868251854096
2018-04-19,13356.709383173216,-0.017068754459911684
2018-04-20,12934.266906455625,-0.031627735889034496
2018-04-23,12860.779438701422,-0.005681610584170429
2018-04-24,12320.152923848758,-0.042036839013487655
2018-04-25,12338.674368181184,0.0015033453275222076
2018-04-26,12852.806991037363,0.04166838409983631
2018-04-27,12878.717807434674,0.002015965571985726
2018-04-30,12682.251094718811,-0.015255145399835208
2018-05-01,12975.588865294323,0.023129787321248145
2018-05-02,12830.035931855027,-0.011217443381595091
2018-05-03,12826.18461403022,-0.0003001798159617673
2018-05-04,13311.326995107864,0.03782437222577944
2018-05-07,13518.823268934811,0.01558794806131697
2018-05-08,13493.508397629334,-0.0018725647049214215
2018-05-09,13801.30423929422,0.022810660696588433
2018-05-10,14082.97934766487,0.0204093108511209
2018-05-11,14038.5388995297,-0.0031556140954320908
2018-05-14,14086.266780435662,0.0033997755213373373
2018-05-15,13779.527967282198,-0.021775735042835722
2018-05-16,13945.288738721316,0.012029495628057501
2018-05-17,13831.242136034987,-0.008178145667910086
2018-05-18,13689.446613119295,-0.010251828543024977
2018-05-21,13846.107773843305,0.01144393671646846
2018-05-22,13798.358260085792,-0.0034485874685820663
2018-05-23,14038.603173458183,0.017411123036813973
2018-05-24,14022.746248953774,-0.0011295229524251095
2018-05-25,14068.036049219347,0.003229738273909995
2018-05-29,13929.118175045463,-0.009874716960338842
2018-05-30,14129.543671244655,0.014388957985743994
2018-05-31,14094.55735374759,-0.002476110928356857
2018-06-01,14564.67543340205,0.03335458275526912
2018-06-04,14809.95296863377,0.016840576801952643
2018-06-05,14906.078067875394,0.006490574240526494
2018-06-06,15086.333906199412,0.012092774336966117
2018-06-07,14846.767101220854,-0.0158797230969489
2018-06-08,14845.907531306671,-5.789610009519427e-05
2018-06-11,14911.781856824471,0.004437204352707066
2018-06-12,15081.121368393657,0.011356088306219914
2018-06-13,15064.73300930787,-0.001086680405618321
2018-06-14,15375.56321175632,0.020632971208742877
2018-06-15,15274.910929522928,-0.006546250101357675
2018-06-18,15256.633251794787,-0.0011965816241072242
2018-06-19,15158.306980394696,-0.006444821067487024
2018-06-20,15379.191610872096,0.014571853622115294
2018-06-21,15112.164350820574,-0.017362893109593002
2018-06-22,15028.507506221436,-0.005535728877551265
2018-06-25,14363.136001787565,-0.04427395762077007
2018-06-26,14485.715171670807,0.008534290134688387
2018-06-27,14081.868240731555,-0.027878977748301892
2018-06-28,14332.132725021538,0.01777210807626344
2018-06-29,14369.648236886404,0.0026175805502673516
2018-07-02,14602.429192832598,0.016199488818985256
2018-07-03,14259.81647938497,-0.02346272040927236
2018-07-05,14611.53008575411,0.024664665697318188
2018-07-06,15048.917812206255,0.029934423286619802
2018-07-09,15335.721082508946,0.019058066093633884
2018-07-10,15363.555501159683,0.0018150055351805017
2018-07-11,15200.620688689345,-0.010605280298433451
2018-07-12,15713.770957884091,0.033758507609927865
2018-07-13,15754.613545958995,0.002599158927820019
2018-07-16,15678.098823383825,-0.0048566549951836535
2018-07-17,15874.101262187492,0.01250167134495474
2018-07-18,15815.110830582817,-0.0037161430830224837
2018-07-19,15653.465851414316,-0.010220919783623402
2018-07-20,15644.409008431197,-0.000578583878425945
2018-07-23,15736.18267609338,0.005866227839781188
2018-07-24,15883.358497832176,0.009352701653774366
2018-07-25,16322.325924608398,0.027636940061268173
2018-07-26,15853.489761879866,-0.02872361236346167
2018-07-27,15408.064875571386,-0.028096330397835535
2018-07-30,14970.236256678323,-0.028415548768049026
2018-07-31,15132.08220312794,0.010811181846072583
2018-08-01,15303.293532855918,0.011314459400212975
2018-08-02,15721.023116406997,0.02729671117228596
2018-08-03,15820.58058844579,0.006332760361817131
2018-08-06,16006.731743633198,0.011766392146402002
2018-08-07,16108.56497839785,0.006361900505089519
2018-08-08,16138.323151468354,0.0018473509658006421
2018-08-09,16127.187971968611,-0.0006899836739684974
2018-08-10,15873.812740729729,-0.015711060829655232
2018-08-13,15843.296886607577,-0.0019224022999749374
2018-08-14,16040.249488800691,0.012431288992608555
2018-08-15,15641.75331123713,-0.024843514924240563
2018-08-16,15725.263601072536,0.00533893408070905
2018-08-17,15739.137414711202,0.0008822627073621965
2018-08-20,15713.06358410564,-0.0016566238618129126
2018-08-21,15823.110704330966,0.0070035432388018655
2018-08-22,15940.215794090822,0.007400889240306183
2018-08-23,15894.026616203622,-0.002897650727182815
2018-08-24,16200.864899823053,0.01930525794556158
2018-08-27,16520.056734585738,0.01970214780114435
2018-08-28,16568.674591484363,0.0029429594389250384
2018-08-29,16962.339913549076,0.023759614560059213
2018-08-30,16884.80722525327,-0.004570872219927503
2018-08-31,16937.313624726685,0.003109683088053725
2018-09-04,16794.737902071833,-0.008417847470610985
2018-09-05,16358.22142736861,-0.025991264481083323
2018-09-06,16053.434097327652,-0.018632057977343654
2018-09-07,15954.755278956734,-0.006146897777301339
2018-09-10,16029.605416637842,0.004691399922619294
2018-09-11,16288.711879774553,0.016164244621254018
2018-09-12,16202.767630680539,-0.005276307281285395
2018-09-13,16521.424169538313,0.01966679681651341
2018-09-14,16450.691167721263,-0.004281289620749854
2018-09-17,15967.730455965382,-0.02935808026738256
2018-09-18,16224.052679800814,0.01605251444732848
2018-09-19,16206.401055486844,-0.0010879910625504292
2018-09-20,16547.01553226303,0.021017280493676817
2018-09-21,16381.056819160945,-0.010029525431852182
2018-09-24,16458.00981009665,0.004697681705474045
2018-09-25,16520.988374262688,0.0038266208911480705
2018-09-26,16520.56507431712,-2.5621950453573617e-05
2018-09-27,16811.0121043077,0.017580937981480492
2018-09-28,16802.564856736713,-0.0005024829866621699
2018-10-01,16881.02772930277,0.004669696158595367
2018-10-02,16805.21944947591,-0.0044907384220017514
2018-10-03,16845.548446525394,0.002399789968273212
2018-10-04,16195.202365486088,-0.03860640590621119
2018-10-05,15801.730639699284,-0.02429557327578318
2018-10-08,15604.477819713864,-0.012482988381655711
2018-10-09,15684.287018135186,0.005114506191325097
2018-10-10,14292.300872653559,-0.08875036167548604
2018-10-11,13965.787968966595,-0.022845370146923203
2018-10-12,14740.612571662,0.0554801923398197
2018-10-15,14375.94428148871,-0.024739018707699147
2018-10-16,15221.02205285879,0.05878415739675976
2018-10-17,15230.238595626888,0.0006055140539243689
2018-10-18,14550.03437467534,-0.04466142908272347
2018-10-19,14513.814834410918,-0.0024893096010456966
2018-10-22,14652.63308090912,0.009564559564937857
2018-10-23,14560.14809645436,-0.006311833780595822
2018-10-24,13212.194783459201,-0.09257826940121638
2018-10-25,14096.657788527928,0.06694292807248169
2018-10-26,13437.72341807196,-0.04674401410185451
2018-10-29,12894.552800680509,-0.040421327370152485
2018-10-30,13264.158975428134,0.028663745107012785
2018-10-31,13875.673838041976,0.04610279956284251
2018-11-01,14282.250392810596,0.029301391738824054
2018-11-02,13862.512664366737,-0.02938876695896235
2018-11-05,13750.298007124191,-0.008094828113736598
2018-11-06,13955.50065694083,0.014923505636774016
2018-11-07,14811.27085168912,0.06132135390804974
2018-11-08,14628.114318473064,-0.01236602416160447
2018-11-09,14139.990556684974,-0.03336887798119438
2018-11-12,13296.143699073042,-0.059678035443452605
2018-11-13,13303.202706980202,0.0005309064091758929
2018-11-14,13065.462743147087,-0.017870881852260472
2018-11-15,13530.898518869135,0.03562336710700681
2018-11-16,13438.88982946192,-0.006799895016499229
2018-11-19,12561.786971278712,-0.06526602043126692
2018-11-20,12123.23569445345,-0.03491153590074147
2018-11-21,12304.157316962073,0.014923542449265382
2018-11-23,12123.385397400141,-0.014691938253481687
2018-11-26,12684.289140297638,0.04626626346612576
2018-11-27,12770.528587768622,0.006798918450778933
2018-11-28,13579.683788168497,0.0633611361376905
2018-11-29,13497.470382900365,-0.006054147250450865
2018-11-30,13719.201573739087,0.016427610844742403
2018-12-03,14165.893582575205,0.03255962137703144
2018-12-04,13095.078063131568,-0.07559110289807597
2018-12-06,13263.297248130817,0.012845985658753717
2018-12-07,12388.326363576214,-0.06596933388324018
2018-12-10,12648.626650362014,0.021011739531751974
2018-12-11,12730.024463326357,0.006435308370969648
2018-12-12,12956.827839785055,0.01781641324508775
2018-12-13,12972.201347569291,0.0011865178710664343
2018-12-14,12308.993775782474,-0.051125291229856505
2018-12-17,11761.900499678579,-0.044446628706587145
2018-12-18,11919.248903810889,0.013377804389401938
2018-12-19,11373.745654307124,-0.04576657924555573
2018-12-20,11015.91873933071,-0.03146078045458221
2018-12-21,10322.032492642,-0.06298941224133132
2018-12-24,9819.456000895294,-0.04868968317092242
2018-12-26,11029.295834855073,0.12320843780444353
2018-12-27,11119.226108269488,0.008153763826899483
2018-12-28,11108.519710534525,-0.00096287256241688
2018-12-31,11266.516367916676,0.014223016342341157
2019-01-02,11376.279489135488,0.00974241883066711
2019-01-03,10611.460171962332,-0.06722930092422304
2019-01-04,11562.498308456199,0.089623682422774
2019-01-07,11797.765559692943,0.02034744092154221
2019-01-08,12028.765956187932,0.01958001244610263
2019-01-09,12207.803416111497,0.014884108692086211
2019-01-10,12282.40609190286,0.006111064640253364
2019-01-11,12209.606518544166,-0.00592714267986033
2019-01-14,11985.425901186522,-0.018361002626673943
2019-01-15,12456.408873522478,0.03929630671608682
2019-01-16,12452.067651917534,-0.00034851309466660615
2019-01-17,12638.077797099393,0.01493809304458886
2019-01-18,12886.673354847177,0.019670361406133974
2019-01-22,12361.92830490013,-0.04071997756889448
2019-01-23,12406.073397250726,0.003571052287457315
2019-01-24,12568.939602411241,0.013127941448146533
2019-01-25,12886.746655870926,0.02528511262785582
2019-01-28,12542.97563019666,-0.026676323734326702
2019-01-29,12301.811492586956,-0.019227027518822017
2019-01-30,12951.097014586649,0.052779667644147404
2019-01-31,13327.178661216294,0.029038593889465048
2019-02-01,13205.982258073758,-0.009093927996570795
2019-02-04,13529.377393237324,0.024488533215001943
2019-02-05,13776.15073733858,0.018239815250079887
2019-02-06,13674.20891913818,-0.007399876797522125
2019-02-07,13311.81187100025,-0.026502231337911342
2019-02-08,13342.907698551644,0.0023359575580492883
2019-02-11,13326.673041230324,-0.001216725595956928
2019-02-12,13733.29019430428,0.030511527657049578
2019-02-13,13737.689430628829,0.0003203337483084234
2019-02-14,13762.962444957344,0.0018396845012500307
2019-02-15,13891.03313368026,0.009305459433978116
2019-02-19,13934.672402305434,0.0031415423320362837
2019-02-20,13917.48875246627,-0.0012331577910881235
2019-02-21,13810.020366839095,-0.007721823062952441
2019-02-22,14027.455086081589,0.015744706630889758
2019-02-25,14124.541550718928,0.006921174513948122
2019-02-26,14155.12047866146,0.002164950121228909
2019-02-27,14130.050928815706,-0.0017710587404427209
2019-02-28,14052.391264223885,-0.005496064025745874
2019-03-01,14266.032231253528,0.015203175247016757
2019-03-04,14262.024615081013,-0.00028092016809943914
2019-03-05,14285.44687893738,0.0016422818280372538
2019-03-06,14108.163076151646,-0.01241009849311213
2019-03-07,13768.265742567566,-0.024092245868538358
2019-03-08,13724.075525396045,-0.003209570326268215
2019-03-11,14303.385882279072,0.042211248095438456
2019-03-12,14451.816744387466,0.010377323476414842
2019-03-13,14675.0223740539,0.015444814559603358
2019-03-14,14618.160420131318,-0.0038747439338230787
2019-03-15,14876.05445595399,0.017642030762469726
2019-03-18,14953.497756076946,0.005205903242170412
2019-03-19,15047.018557536472,0.006254108770071578
2019-03-20,15175.51177057072,0.00853944670453607
2019-03-21,15637.840851061379,0.030465468807927443
2019-03-22,14939.548106790895,-0.04465403829858578
2019-03-25,14901.328937022015,-0.0025582547407512527
2019-03-26,15040.220553470868,0.009320753674780016
2019-03-27,14864.060094376104,-0.01171262472305378
2019-03-28,14913.645940307208,0.0033359556955683736
2019-03-29,15150.821850168324,0.01590328151884706
2019-04-01,15558.923616424572,0.026935949105078686
2019-04-02,15646.836793558803,0.0056503379861976505
2019-04-03,15835.599023411283,0.012063922717605494
2019-04-04,15816.738864671297,-0.0011909974931862517
2019-04-05,15976.895504948896,0.010125768759787017
2019-04-08,16063.831917483105,0.005441383309246708
2019-04-09,15931.327422599206,-0.008248623090962989
2019-04-10,16111.96068619851,0.011338243123612523
2019-04-11,16041.285825319334,-0.004386484193678423
2019-04-12,16181.388218018545,0.008733862997321179
2019-04-15,16184.306508130085,0.00018034856294271457
2019-04-16,16292.564821522961,0.006689091889015786
2019-04-17,16402.798931737765,0.0067659150920905235
2019-04-18,16440.834935364855,0.002318872759788359
2019-04-19,16440.408164636654,-2.595797171376768e-05
2019-04-22,16540.85267264565,0.0061096115743070525
2019-04-23,16957.403079212014,0.025183127787313513
2019-04-24,16842.78798320377,-0.006759000506908519
2019-04-25,16983.05361625399,0.008327934377022287
2019-04-26,17025.044041050747,0.002472489679745692
2019-04-29,17077.55701859199,0.003084454725322664
2019-04-30,16826.25680694376,-0.014715231890290153
2019-05-01,16697.78741826871,-0.007635054554857019
2019-05-02,16577.65420297745,-0.007194558912627211
2019-05-03,17099.51046192699,0.031479499605910066
2019-05-06,16873.15020386735,-0.013237820963567699
2019-05-07,16206.215613929879,-0.03952638255923359
2019-05-08,16109.938186090303,-0.005940771746663728
2019-05-09,15962.347736740921,-0.00916145348570083
2019-05-10,15977.868601614575,0.0009723422349663739
2019-05-13,14871.413852472764,-0.06924920818475143
2019-05-14,15186.784982051096,0.021206533064500308
2019-05-15,15602.38169735803,0.027365681136469484
2019-05-16,15921.769647264291,0.020470461247614705
2019-05-17,15600.174938775863,-0.02019842741184779
2019-05-20,15071.03729355459,-0.03391869945676348
2019-05-21,15374.346048656455,0.020125274006957655
2019-05-22,15248.67802937075,-0.008173877372604431
2019-05-23,14785.005380565946,-0.03040739977011227
2019-05-24,14756.438171116966,-0.0019321744371179092
2019-05-28,14663.706971315409,-0.006284118072819376
2019-05-29,14415.457476806523,-0.016929518231269935
2019-05-30,14529.1175841819,0.007884599400209675
2019-05-31,14057.757159806866,-0.032442467455023785
2019-06-03,13465.294168507076,-0.042144915761792134
2019-06-04,14193.336376468718,0.05406805071250524
2019-06-05,14407.468327894832,0.015086794658169691
2019-06-06,14626.709796458756,0.015217209823008244
2019-06-07,15194.697568048627,0.03883223086352516
2019-06-10,15540.352306462493,0.022748378956927034
2019-06-11,15589.354011179357,0.0031531913659697884
2019-06-12,15416.516465579098,-0.0110868959340018
2019-06-13,15574.545619707229,0.010250639596887342
2019-06-14,15443.231126737548,-0.008431353066475512
2019-06-17,15637.877711647154,0.012604006461614393
2019-06-18,16089.932856430187,0.02890770430097055
2019-06-19,16225.835049280715,0.008446411433980406
2019-06-20,16523.003334272315,0.018314514112157815
2019-06-21,16483.00758712356,-0.0024206100028918895
2019-06-24,16457.219832900548,-0.0015645053905792836
2019-06-25,15896.464521376996,-0.03407351406964347
2019-06-26,16044.786373393175,0.009330493067607653
2019-06-27,16170.610870642151,0.007842079933057298
2019-06-28,16229.428672960405,0.003637327172657396
2019-07-01,16638.96370644011,0.02523410045616878
2019-07-02,16774.267351901148,0.008131735115731252
2019-07-03,17022.763804844937,0.01481414643815276
2019-07-05,16950.910300646647,-0.004221024565813462
2019-07-08,16709.659195497115,-0.014232339200115216
2019-07-09,16885.533899664053,0.010525331612647884
2019-07-10,17215.369717876107,0.019533632763522893
2019-07-11,17186.105553337293,-0.001699885916967908
2019-07-12,17387.90762118703,0.011742163879038344
2019-07-15,17490.337138509192,0.0058908477980036756
2019-07-16,17314.935100762803,-0.01002851096335926
2019-07-17,17147.105200946407,-0.009692782493247799
2019-07-18,17213.49923550604,0.003872025848186124
2019-07-19,16911.538620937958,-0.01754208196932051
2019-07-22,17213.425702870816,0.01785095305042758
2019-07-23,17428.312798747545,0.012483691485123278
2019-07-24,17673.448533731782,0.014065373843981752
2019-07-25,17316.79036969126,-0.020180451107761784
2019-07-26,17696.68389136766,0.02193787148577517
2019-07-29,17572.33386960429,-0.007026741423800078
2019-07-30,17410.849959342475,-0.009189667773222696
2019-07-31,16956.39038532806,-0.026102090080361306
2019-08-01,16750.17396127012,-0.012161575628523675
2019-08-02,16284.475351105595,-0.027802613348453315
2019-08-05,15110.072180006184,-0.07211796178743206
2019-08-06,15540.15905422941,0.028463588333636283
2019-08-07,15666.141473975646,0.008106893842373468
2019-08-08,16383.229157693773,0.045773088728283465
2019-08-09,16049.596758651363,-0.020364263713282097
2019-08-12,15693.299026009885,-0.022199793427795638
2019-08-13,16383.886425200324,0.04400524058363182
2019-08-14,15374.264800346018,-0.061622840799322835
2019-08-15,15352.374427357681,-0.0014238321814155246
2019-08-16,15841.063872444882,0.031831522048886736
2019-08-19,16319.908524279583,0.030228061428856357
2019-08-20,16087.58232369905,-0.01423575384842955
2019-08-21,16375.795628296746,0.01791526525232575
2019-08-22,16266.166507411423,-0.006694582869359236
2019-08-23,15242.449115289934,-0.06293538134231243
2019-08-26,15690.652850280097,0.029404968427322112
2019-08-27,15653.022763623992,-0.0023982486270755555
2019-08-28,15743.128538162182,0.005756445633464864
2019-08-29,16217.48865756354,0.03013124857943462
2019-08-30,16169.461556806024,-0.0029614388375180352
2019-09-03,15825.219660802044,-0.02128963260740622
2019-09-04,16281.273979337606,0.02881819831323895
2019-09-05,16885.320817725355,0.03710071086294226
2019-09-06,16841.953154369443,-0.002568364784066608
2019-09-09,16754.315663071928,-0.005203523041196666
2019-09-10,16678.34940098281,-0.004534131003425845
2019-09-11,16988.850857535028,0.01861703751894781
2019-09-12,17116.630515016845,0.007521383203216681
2019-09-13,17010.75015863809,-0.006185817721885436
2019-09-16,16834.749606955436,-0.0103464309358091
2019-09-17,16990.324369250753,0.009241287570504733
2019-09-18,16988.91471390596,-8.296812433696016e-05
2019-09-19,17045.48044049027,0.0033295668108809418
2019-09-20,16707.506652544253,-0.019827765437645622
2019-09-23,16685.17161620042,-0.0013368264222974736
2019-09-24,16221.376279220493,-0.02779685745213472
2019-09-25,16614.411011729913,0.024229431938700387
2019-09-26,16479.65598846358,-0.008110731290516211
2019-09-27,16095.840578773874,-0.023290256177579842
2019-09-30,16379.07701158553,0.01759687115596614
2019-10-01,16102.597417365074,-0.01688004727158264
2019-10-02,15543.313786188806,-0.03473251033234769
2019-10-03,15903.58001808448,0.023178212629007964
2019-10-04,16385.018010395524,0.030272302950881843
2019-10-07,16261.374229464847,-0.007546148612850572
2019-10-08,15752.153428193591,-0.03131474585638476
2019-10-09,16109.13811449859,0.02266259581157079
2019-10-10,16317.495917741606,0.01293413724322648
2019-10-11,16753.513580631396,0.02672086851363756
2019-10-14,16745.695789439134,-0.0004666359181694727
2019-10-15,17174.56278739838,0.02561058097267686
2019-10-16,17076.23185329327,-0.005725382085257945
2019-10-17,17170.374390310753,0.005513074419830473
2019-10-18,16851.498283400673,-0.018571296097656575
2019-10-21,17157.96303248697,0.01818620183987891
2019-10-22,16873.559381574665,-0.01657560692803752
2019-10-23,16936.78381606614,0.0037469530323586357
2019-10-24,17268.04032688761,0.01955840698086027
2019-10-25,17538.55478110419,0.015665613995316408
2019-10-28,17893.086564297635,0.020214424028564392
2019-10-29,17613.968671756455,-0.015599203163645837
2019-10-30,17769.37318802804,0.008822799629521958
2019-10-31,17772.10063964134,0.00015349171771220156
2019-11-01,18111.72258392222,0.01910983688238518
2019-11-04,18330.04473630302,0.01205419039349728
2019-11-05,18327.4495922617,-0.00014157870745300783
2019-11-06,18263.82405864698,-0.0034715977962139466
2019-11-07,18368.642128038216,0.005739108581787402
2019-11-08,18530.16193642331,0.008793236171689757
2019-11-11,18466.035612447766,-0.003460645632540163
2019-11-12,18563.624758049322,0.005284791367767889
2019-11-13,18545.285828305932,-0.0009878959514864573
2019-11-14,18535.937382491153,-0.0005040874484938918
2019-11-15,18794.468038822444,0.01394753612922204
2019-11-18,18851.661304670903,0.003043090431201417
2019-11-19,18897.64385093843,0.0024391774032210584
2019-11-20,18647.9360452543,-0.013213700483181254
2019-11-21,18565.849655676666,-0.0044019021396485255
2019-11-22,18594.277399066057,0.0015311846167350746
2019-11-25,19041.93123586008,0.02407481760041452
2019-11-26,19104.32881104082,0.0032768511979095007
2019-11-27,19372.501868273772,0.014037292798162364
2019-11-29,19183.29759603192,-0.009766641063109625
2019-12-02,18750.80860750599,-0.02254508049832834
2019-12-03,18504.284856153135,-0.013147366415663317
2019-12-04,18691.186168338325,0.010100434231212029
2019-12-05,18744.208946151648,0.0028367797172306037
2019-12-06,19145.189220805223,0.021392221768627907
2019-12-09,18985.866918181986,-0.008321793051285168
2019-12-10,18947.030828213574,-0.0020455262925719348
2019-12-11,19165.737390116785,0.011543051989842176
2019-12-12,19458.500745181595,0.015275350439466076
2019-12-13,19553.717473950983,0.004893322975716282
2019-12-16,19932.945713069654,0.019394176049841668
2019-12-17,19957.433398255136,0.0012285030791722314
2019-12-18,19979.84101900412,0.0011227706640346317
2019-12-19,20261.886679549763,0.014116511751888942
2019-12-20,20435.8383823535,0.008585168082067402
2019-12-23,20516.83779258194,0.003963596144818993
2019-12-24,20532.847272766794,0.0007803093413664932
2019-12-26,20903.80699245859,0.018066647784586914
2019-12-27,20868.381669080954,-0.0016946828580275597
2019-12-30,20575.379471437842,-0.014040484896690915
2019-12-31,20685.146356938123,0.005334865665668955
2020-01-02,21344.054959353794,0.03185419097577068
2020-01-03,20967.468301199264,-0.01764363233095479
2020-01-06,21228.653207300424,0.012456673469072168
2020-01-07,21218.96446178374,-0.0004563994438117103
2020-01-08,21535.43743711329,0.0149146286520971
2020-01-09,21909.059525143064,0.01734917570728745
2020-01-10,21797.250871704648,-0.005103306844828428
2020-01-13,22303.682786840433,0.023233751729361037
2020-01-14,22120.850173657913,-0.008197418109371394
2020-01-15,22132.123525467505,0.0005096256120850477
2020-01-16,22569.990338337713,0.019784220541077008
2020-01-17,22811.309202158278,0.010692023355041448
2020-01-21,22777.046694576227,-0.0015019965438375763
2020-01-22,22886.340158536586,0.004798403648458223
2020-01-23,23028.126643611948,0.00619524502795942
2020-01-24,22651.07558865967,-0.016373501014111957
2020-01-27,21713.79572457188,-0.041379044470499365
2020-01-28,22387.12992589263,0.031009511642351495
2020-01-29,22439.9875068759,0.002361070005768559
2020-01-30,22610.265652868497,0.007588156898056185
2020-01-31,21894.903397526527,-0.03163882575838795
2020-02-03,22551.7608333455,0.030000471977107732
2020-02-04,23579.154038581506,0.04555711692884226
2020-02-05,23748.27190049279,0.0071723464563046065
2020-02-06,24146.263861212134,0.01675877564426422
2020-02-07,23917.39745763772,-0.009478336064324145
2020-02-10,24507.130562898918,0.0246570767704023
2020-02-11,24512.66506397685,0.00022583227619095577
2020-02-12,25004.031009749204,0.0200453905966533
2020-02-13,24913.2825851442,-0.0036293517861028515
2020-02-14,25058.33796962361,0.005822411558319073
2020-02-18,25091.880055511076,0.0013385598808717074
2020-02-19,25555.608750551735,0.018481225560410385
2020-02-20,25077.85501672487,-0.018694672409889278
2020-02-21,24134.502814681084,-0.0376169413777473
2020-02-24,22259.796189387613,-0.07767744957037542
2020-02-25,21059.934947535043,-0.05390261580313151
2020-02-26,21245.58305276866,0.008815226908160187
2020-02-27,19152.86245240867,-0.09850144357828174
2020-02-28,19267.318311004583,0.005975913985719644
2020-03-02,21163.102292907293,0.09839376457594144
2020-03-03,19811.79268489027,-0.06385215122595266
2020-03-04,21447.725218088184,0.08257367514478273
2020-03-05,20117.290552904145,-0.0620315045840854
2020-03-06,19461.827917936826,-0.03258205339549064
2020-03-09,16805.43688023444,-0.13649237106110398
2020-03-10,18599.668891936693,0.10676497281736994
2020-03-11,16973.019182585744,-0.08745584229492036
2020-03-12,13825.132848859557,-0.18546413574762854
2020-03-13,16610.284013686163,0.20145565292389597
2020-03-16,12560.197408197522,-0.2438300634806451
2020-03-17,14183.31030923727,0.12922670307557488
2020-03-18,13049.521778765213,-0.0799382165201339
2020-03-19,13461.9351356491,0.03160371421081393
2020-03-20,12375.200872665451,-0.08072645218040186
2020-03-23,12420.320157387961,0.003645943624411785
2020-03-24,14359.309738016145,0.15611429947518848
2020-03-25,14039.357310072866,-0.02228188079934017
2020-03-26,15646.552147046981,0.11447780703045404
2020-03-27,14423.241786520151,-0.07818402092870723
2020-03-30,15566.593354009221,0.07927146923083794
2020-03-31,15268.779345598088,-0.01913161098503483
2020-04-01,13990.117346105968,-0.08374356394512651
2020-04-02,14548.552769048021,0.03991642165156593
2020-04-03,14138.880399853808,-0.02815897743903363
2020-04-06,16218.661219440171,0.1470965706455702
2020-04-07,16089.00428554207,-0.007994305580702873
2020-04-08,16809.678307553073,0.044792953573803036
2020-04-09,16846.59719698639,0.002196287683669058
2020-04-13,17232.66201526073,0.02291648656165422
2020-04-14,18719.46882525086,0.08627841761612118
2020-04-15,18288.101436868503,-0.023043783582175296
2020-04-16,18994.42431419951,0.03862199035636767
2020-04-17,19318.148029370197,0.01704309168921119
2020-04-20,18855.56649731522,-0.023945438835632493
2020-04-21,17457.75220117518,-0.0741327128166142
2020-04-22,18545.057548149667,0.06228209304639425
2020-04-23,18446.25928166152,-0.005327471550391712
2020-04-24,19065.935687644727,0.03359360814142211
2020-04-27,19288.18099276067,0.011656669190380317
2020-04-28,18589.740865660766,-0.03621078251816738
2020-04-29,19897.422919827874,0.07034428632529652
2020-04-30,19976.28615974191,0.00396349015808716
2020-05-01,18723.2742191504,-0.06272496952495095
2020-05-04,19221.8642749722,0.026629426562146497
2020-05-05,19642.07104843056,0.02186087506639461
2020-05-06,19880.888155906072,0.012158448408351235
2020-05-07,20398.97890879524,0.026059738821842177
2020-05-08,20930.23890026801,0.026043460010819856
2020-05-11,21287.66800617814,0.017077163218884892
2020-05-12,20434.15476784469,-0.04009425729890846
2020-05-13,19930.42249371582,-0.024651485703805338
2020-05-14,20348.522014026516,0.020977955707789053
2020-05-15,20609.241877906432,0.012812717488778698
2020-05-18,21417.375458692663,0.03921219351850916
2020-05-19,21264.35686605458,-0.007144600557300296
2020-05-20,22117.50408492453,0.04012099798004592
2020-05-21,21618.605236432184,-0.022556742685645156
2020-05-22,21784.831271101564,0.007689026782784853
2020-05-26,21674.70857188429,-0.005055017312131194
2020-05-27,21915.34163866195,0.011102020863606938
2020-05-28,21797.963001984208,-0.005356003050879594
2020-05-29,22440.852715027788,0.029493109653643365
2020-06-01,22645.33156277054,0.009111901866626632
2020-06-02,22921.235854846593,0.012183716158505978
2020-06-03,23146.407924233543,0.009823731617827942
2020-06-04,22788.769270493758,-0.015451151423169555
2020-06-05,23710.69510556691,0.0404552709332501
2020-06-08,24083.810503078075,0.01573616445447708
2020-06-09,24403.452418454573,0.013272065703043498
2020-06-10,25026.062521242155,0.02551319756366712
2020-06-11,22518.452761759712,-0.10019993186518968
2020-06-12,22872.346847303364,0.01571573719063988
2020-06-15,23408.602272146778,0.023445579433692274
2020-06-16,24234.801374346138,0.03529467896434091
2020-06-17,24396.37899276521,0.006667173207786843
2020-06-18,24541.19235910651,0.00593585492274262
2020-06-19,24524.75703008165,-0.000669703769253103
2020-06-22,25121.969599404845,0.024351416350044158
2020-06-23,25516.5086862909,0.01570494245385137
2020-06-24,24481.527756522813,-0.0405612281246041
2020-06-25,24967.048446654317,0.019832123834761173
2020-06-26,23719.35696931793,-0.049973527307493236
2020-06-29,24258.64996813207,0.02273640889640214
2020-06-30,25212.06537274684,0.03930208011852472
2020-07-01,25820.014901461866,0.024113436155539632
2020-07-02,26134.996749343194,0.012199135015351917
2020-07-06,27461.256333630543,0.05074649891895178
2020-07-07,27046.961668155553,-0.015086515359736962
2020-07-08,27780.705584224226,0.027128515397445447
2020-07-09,28238.831613645754,0.01649079891195001
2020-07-10,28668.41277298176,0.01521242681756054
2020-07-13,27430.631833195654,-0.04317577501021057
2020-07-14,27882.733260203833,0.01648162644438477
2020-07-15,27946.48994465887,0.0022866009533590403
2020-07-16,27553.949899913652,-0.014046130498769157
2020-07-17,27651.553825501825,0.0035422843527954744
2020-07-20,29246.677760101793,0.05768659311755759
2020-07-21,28611.399481500335,-0.02172138264087215
2020-07-22,28810.762345406485,0.0069679521980411255
2020-07-23,27273.07013760547,-0.0533721457754547
2020-07-24,26770.947342223022,-0.018410937707012985
2020-07-27,27748.66571925224,0.036521620416740445
2020-07-28,27011.333680260814,-0.026571801558006414
2020-07-29,27680.893837431853,0.024788119131649418
2020-07-30,27953.945254381662,0.009864255777050607
2020-07-31,28947.516486116347,0.03554314865730614
2020-08-03,29740.55723258686,0.027395812930994138
2020-08-04,29963.971259407244,0.007512099557287002
2020-08-05,30120.39236646561,0.0052203062706268405
2020-08-06,30887.674396610182,0.025473839145562366
2020-08-07,30187.92781761251,-0.022654556960574106
2020-08-10,29895.092912942844,-0.00970039767018458
2020-08-11,28767.6652692377,-0.037712799454690166
2020-08-12,30257.893450028194,0.05180219412466704
2020-08-13,30370.23944923829,0.0037129484706408637
2020-08-14,30294.950146595762,-0.002479048700566448
2020-08-17,30969.5971095896,0.022269287776650954
2020-08-18,31576.034880273965,0.019581713269901768
2020-08-19,31131.026447714547,-0.014093233499606447
2020-08-20,32002.77210661763,0.02800247079444055
2020-08-21,32438.745457511075,0.013622987078775486
2020-08-24,32838.5542686364,0.012325039254338699
2020-08-25,33379.208655969094,0.016464013089914614
2020-08-26,34804.13986074906,0.04268918473970936
2020-08-27,34538.36125249037,-0.007636407890614931
2020-08-28,34942.40443384088,0.011698388884081003
2020-08-31,35612.694619954185,0.01918271501271245
2020-09-01,36684.421785760765,0.03009396444845478
2020-09-02,37446.88949932964,0.020784509512559154
2020-09-03,33532.93268441395,-0.10452021161826416
2020-09-04,32683.04179867431,-0.025344961436512593
2020-09-08,29569.423456577504,-0.09526709176203725
2020-09-09,31320.109703207934,0.0592059648779187
2020-09-10,29991.738020342116,-0.042412740423120585
2020-09-11,29633.282253683574,-0.011951817077603762
2020-09-14,30651.85235720036,0.03437250368680216
2020-09-15,31527.966650712657,0.028582751975395285
2020-09-16,30473.966577166953,-0.033430639064758086
2020-09-17,29571.281581227824,-0.029621512961016318
2020-09-18,28803.207130897612,-0.025973661243609922
2020-09-21,29031.949096865686,0.00794154501366978
2020-09-22,30122.412740719617,0.03756081412982556
2020-09-23,28221.441609900885,-0.06310819611899783
2020-09-24,28550.732054176005,0.011668094381103333
2020-09-25,29885.570664755847,0.0467532183779716
2020-09-28,31030.015459211478,0.03829422590900284
2020-09-29,30803.744534935668,-0.007292001661205648
2020-09-30,31321.58580290302,0.016810984371722987
2020-10-01,32227.956703900087,0.02893758019471217
2020-10-02,30405.863293030525,-0.056537664724151115
2020-10-05,31775.80588761927,0.04505521127245073
2020-10-06,30573.560972713996,-0.03783522970769726
2020-10-07,31721.550486614015,0.037548439807995014
2020-10-08,31985.268241193553,0.008313520320856398
2020-10-09,32954.308530561284,0.030296456545570446
2020-10-12,34991.63277626494,0.06182269744225613
2020-10-13,34963.434535851535,-0.0008058566627543574
2020-10-14,34397.79662315392,-0.01617798480631574
2020-10-15,33900.0194540983,-0.014471193446168406
2020-10-16,33636.01352196566,-0.007787781139480304
2020-10-19,32400.841517290846,-0.03672171209790353
2020-10-20,32643.446475625384,0.007487612882062667
2020-10-21,32574.10547830681,-0.002124193515239007
2020-10-22,32560.74078695733,-0.00041028575161889823
2020-10-23,32726.725173758852,0.0050976845977659824
2020-10-26,31675.17296468756,-0.0321312995262494
2020-10-27,32195.521044691497,0.016427631842264413
2020-10-28,29663.372515745486,-0.07864909300368421
2020-10-29,30771.048658818276,0.037341544441207034
2020-10-30,29156.826758224986,-0.05245911241086972
2020-11-02,29325.65515454781,0.005790355642017886
2020-11-03,30358.562812775363,0.035221980644049466
2020-11-04,33034.7384188186,0.08815224958267975
2020-11-05,34724.0180939029,0.051136462885445225
2020-11-06,34800.77561371981,0.002210502241109714
2020-11-09,33299.80718159946,-0.04313031550735344
2020-11-10,32139.94180218886,-0.03483099385787168
2020-11-11,33625.83343002534,0.04623193274529474
2020-11-12,33254.192628708006,-0.011052240596228188
2020-11-13,33877.08130251599,0.018731132063938533
2020-11-16,34306.98085474347,0.01268998200844292
2020-11-17,34102.39017516459,-0.005963529126772186
2020-11-18,33631.3979673151,-0.013811120142320632
2020-11-19,34144.79185595058,0.015265315141952472
2020-11-20,33695.12104559696,-0.013169528525775721
2020-11-23,33693.451050315125,-4.9561931520624656e-05
2020-11-24,34677.93140669302,0.02921874505843147
2020-11-25,35094.069169446564,0.012000074568266513
2020-11-27,35707.04594554967,0.017466677151157205
2020-11-30,35767.174217416454,0.0016839329682572608
2020-12-01,36858.006046603594,0.03049812720894144
2020-12-02,36864.82091288728,0.00018489514259303425
2020-12-03,36928.69576179733,0.0017326775860649062
2020-12-04,37292.56733364842,0.009853355618031594
2020-12-07,37698.612432566086,0.01088809722551087
2020-12-08,37933.97919781106,0.0062433800624887535
2020-12-09,36306.78377622732,-0.04289545826707351
2020-12-10,36525.07681999956,0.006012458859414924
2020-12-11,36370.40396947719,-0.004234702949007118
2020-12-14,36881.85347530413,0.014062244297757938
2020-12-15,37673.70497613266,0.02146994866618481
2020-12-16,38106.26904277167,0.01148185629507506
2020-12-17,38611.454605822204,0.013257282219980496
2020-12-18,38527.84428966803,-0.0021654277728652706
2020-12-21,38239.293407425095,-0.007489411555795523
2020-12-22,38404.25725000039,0.004313987730308502
2020-12-23,38015.62925713016,-0.010119398751559686
2020-12-24,38363.79965580922,0.00915861200992123
2020-12-28,39137.30287613785,0.020162320397570457
2020-12-29,39165.9796877598,0.0007327232464818736
2020-12-30,39177.834192647635,0.00030267351876141224
2020-12-31,39440.09234079858,0.0066940440571920095
2021-01-04,38257.476766889806,-0.02998511169015266
2021-01-05,38907.37005585972,0.016987353685917105
2021-01-06,37819.83907623133,-0.02795179879973926
2021-01-07,39715.265164502795,0.05011724360992022
2021-01-08,40732.65031595736,0.02561697995066884
2021-01-11,39474.56144759866,-0.030886496670358744
2021-01-12,39411.57372256727,-0.0015956535733778422
2021-01-13,39910.76289447495,0.012666055291820133
2021-01-14,39450.34329196115,-0.011536226549494046
2021-01-15,38871.34927971763,-0.014676526588337764
2021-01-19,40043.39153907228,0.030151828559401413
2021-01-20,41892.14374953351,0.046168721963955356
2021-01-21,42576.770323213736,0.016342600602478104
2021-01-22,42332.33201428965,-0.005741119090726683
2021-01-25,43074.81739307776,0.01753943955975501
2021-01-26,43119.61207724509,0.001039927430418462
2021-01-27,40706.807318308165,-0.05595608686401426
2021-01-28,41259.31321436646,0.013572813307070726
2021-01-29,39533.86435011942,-0.0418196215550734
2021-02-01,41514.86538117459,0.05010896515228186
2021-02-02,42814.17795329699,0.031297525842672876
2021-02-03,42472.842279718054,-0.00797249158797999
2021-02-04,43478.25753334512,0.023671955999685433
2021-02-05,43755.150069328905,0.006368528816303757
2021-02-08,44343.070233405764,0.013436593478603341
2021-02-09,44292.381349200296,-0.0011431072304795948
2021-02-10,44087.23051926199,-0.004631740802575024
2021-02-11,44598.588599183975,0.01159877982579478
2021-02-12,45075.69031691782,0.01069768646765133
2021-02-16,44857.12299831126,-0.004848895647961408
2021-02-17,44375.477044277606,-0.01073733493901933
2021-02-18,43973.25568665268,-0.009064045829267118
2021-02-19,43608.13421338875,-0.008303262234339243
2021-02-22,41317.36074574319,-0.0525308754654822
2021-02-23,41136.63240870323,-0.0043741500855322395
2021-02-24,41807.48102993823,0.01630781573391674
2021-02-25,38829.451371621784,-0.07123198013733195
2021-02-26,39321.227372647074,0.012665025738290482
2021-03-01,41598.535787393586,0.057915496715412025
2021-03-02,40202.47061161661,-0.03356044027395919
2021-03-03,37884.4312522096,-0.0576591270173632
2021-03-04,36574.79995106578,-0.03456911606842284
2021-03-05,37775.643853630994,0.032832548754110506
2021-03-08,35574.33431184681,-0.0582732500950502
2021-03-09,38440.805155427726,0.0805769355640856
2021-03-10,38186.536870837896,-0.006614541073261889
2021-03-11,39988.857321771924,0.04719779793151175
2021-03-12,39281.14920694399,-0.017697632846403438
2021-03-15,40165.12377573754,0.022503785827052324
2021-03-16,40594.006025903815,0.010677976558990408
2021-03-17,40903.93676821811,0.007634889301551579
2021-03-18,38343.98860236093,-0.0625843957358705
2021-03-19,38811.43365148916,0.012190830066631292
2021-03-22,40137.64895913712,0.03417073740580754
2021-03-23,39716.76638362169,-0.010485979782819859
2021-03-24,38381.64762499969,-0.033615998486034124
2021-03-25,38272.1015927606,-0.0028541253181569607
2021-03-26,39462.23287879845,0.031096575220812286
2021-03-29,39382.81679275265,-0.002012457994703895
2021-03-30,38963.02003406457,-0.010659388862335929
2021-03-31,40141.38541935758,0.030243173764836304
2021-04-01,41602.00073364692,0.03638676889275924
2021-04-05,43281.673694056124,0.040374812047217504
2021-04-06,43156.97865218654,-0.0028810124754188203
2021-04-07,43400.767615831326,0.005648888575114339
2021-04-08,44305.468488477156,0.020845273536494343
2021-04-09,44863.55297099907,0.012596288935914525
2021-04-12,44699.208663605146,-0.0036632031239292543
2021-04-13,45781.18470987082,0.02420570919741226
2021-04-14,44586.6797531616,-0.026091613056305783
2021-04-15,46023.34310974621,0.03222180625554951
2021-04-16,46127.26194977675,0.00225795939644679
2021-04-19,45247.587803912735,-0.01907059098417344
2021-04-20,44608.25239002035,-0.014129712652595645
2021-04-21,45422.05347317679,0.018243285480928184
2021-04-22,44296.371412638095,-0.024782720605167077
2021-04-23,45449.895196258105,0.02604104460102354
2021-04-26,46004.52069358563,0.012203009378406522
2021-04-27,45573.11619501768,-0.009377437088005538
2021-04-28,45190.8760330363,-0.008387404546700006
2021-04-29,45637.49359025463,0.009882914349609742
2021-04-30,44923.21218569937,-0.015651197039177202
2021-05-03,44529.76198984354,-0.008758282783284221
2021-05-04,42884.47279194891,-0.03694807976449303
2021-05-05,42623.6536553971,-0.0060819014335830625
2021-05-06,43321.0613502059,0.01636198765237692
2021-05-07,43995.754876459614,0.015574261230571273
2021-05-10,41685.51968820008,-0.05251041139643328
2021-05-11,41637.46446114951,-0.0011528038371602302
2021-05-12,39457.36415218961,-0.052359103446226136
2021-05-13,40110.61644664778,0.01655590302328696
2021-05-14,41849.025653715675,0.04334037621636145
2021-05-17,41349.83053406941,-0.011928476514050865
2021-05-18,40758.942469087546,-0.01428997549324939
2021-05-19,40884.37770358032,0.003077489917406532
2021-05-20,42467.438518192015,0.038720433171055904
2021-05-21,41949.80694994174,-0.012188904871871053
2021-05-24,43390.74569705485,0.0343491150944406
2021-05-25,43493.11515244301,0.002359246280367592
2021-05-26,43780.4992852903,0.006607577586475749
2021-05-27,43494.37025959329,-0.006535535920513042
2021-05-28,43677.62474968883,0.004213292180155694
2021-06-01,43476.764738993676,-0.004598693538081699
2021-06-02,43612.48273394376,0.0031216213019724564
2021-06-03,42681.301771746905,-0.021351248629377304
2021-06-04,44203.10883984016,0.035655123084849784
2021-06-07,44411.49416098712,0.004714268444375397
2021-06-08,44463.511966229926,0.0011712689749697445
2021-06-09,44490.51366724855,0.0006072777390847703
2021-06-10,45427.8202899081,0.021067561270921863
2021-06-11,45675.550223088685,0.005453264796762064
2021-06-14,46525.5133628377,0.018608711566639565
2021-06-15,45882.214526869,-0.013826797158621769
2021-06-16,45572.95401299292,-0.006740313584798088
2021-06-17,46752.21766691489,0.02587639268645511
2021-06-18,45998.88036989721,-0.016113402414080286
2021-06-21,46575.087938315664,0.01252655638104479
2021-06-22,47453.44215913018,0.01885888486088992
2021-06-23,47479.62751549426,0.0005518115266806975
2021-06-24,48090.57448924501,0.012867560377371728
2021-06-25,47952.24140509785,-0.002876511366652447
2021-06-28,49156.656339792666,0.025116968454508424
2021-06-29,49480.79888070959,0.006594072198001059
2021-06-30,49359.71621252598,-0.0024470637282055165
2021-07-01,49396.1362716939,0.0007378498492800567
2021-07-02,50534.00541819232,0.02303559007611039
2021-07-06,50940.36143124628,0.008041238957632138
2021-07-07,51107.80342636296,0.0032870201626401204
2021-07-08,50498.54698518312,-0.011921006193460605
2021-07-09,51212.496788643104,0.014138026657865187
2021-07-12,51572.878970734964,0.007036996918529036
2021-07-13,51550.501791550705,-0.000433894318697246
2021-07-14,51730.871790215584,0.0034988989902410856
2021-07-15,50997.44321434203,-0.01417777335838901
2021-07-16,50217.12014008471,-0.015301219533254225
2021-07-19,49314.61044509764,-0.017972151578375065
2021-07-20,50529.68714625967,0.02463928418363524
2021-07-21,51315.6242849816,0.015553968035602697
2021-07-22,51990.92053669352,0.013159661625895002
2021-07-23,53186.23036988985,0.022990741861412423
2021-07-26,53288.52602745418,0.0019233485218431313
2021-07-27,52098.77329849927,-0.022326621088035997
2021-07-28,52525.491105960806,0.008190553835436059
2021-07-29,52738.0219747673,0.004046242392627081
2021-07-30,52118.86048292458,-0.011740324507031464
2021-08-02,52147.35097636231,0.0005466445960971005
2021-08-03,52829.862889679905,0.013088141593749844
2021-08-04,52984.856512874285,0.002933825959723589
2021-08-05,53675.99170829594,0.013044013722179585
2021-08-06,53165.76976151317,-0.009505589567037434
2021-08-09,53335.53134608231,0.0031930617261940724
2021-08-10,52775.8128424163,-0.010494289445325282
2021-08-11,52595.63754339401,-0.003413974874442517
2021-08-12,53025.02972486716,0.008164026552941461
2021-08-13,53361.151852375326,0.006338933316062366
2021-08-16,53392.62021463576,0.0005897241938760148
2021-08-17,52420.630863419596,-0.018204563614012893
2021-08-18,51408.84714240214,-0.019301250373228652
2021-08-19,51935.75516217134,0.010249364633866841
2021-08-20,53039.94383317205,0.0212606645951876
2021-08-23,54590.61230235172,0.02923586182626867
2021-08-24,54911.363878683194,0.005875581218158528
2021-08-25,54992.6437405577,0.0014802011119972676
2021-08-26,54346.61417837432,-0.011747563278303052
2021-08-27,55446.141135911406,0.020231747168798105
2021-08-30,56685.77427489451,0.022357428552953276
2021-08-31,56522.661571506535,-0.002877489202087434
2021-09-01,56734.41021908019,0.003746261086905386
2021-09-02,56682.13923696281,-0.0009213276724925305
2021-09-03,57036.22078597749,0.006246792266156929
2021-09-07,57206.85811698765,0.0029917362801867645
2021-09-08,56807.0232201754,-0.006989282578578155
2021-09-09,56373.01783586812,-0.007639995192586304
2021-09-10,55502.322864676586,-0.015445243214166572
2021-09-13,55460.128272716785,-0.0007602310999248342
2021-09-14,55090.21580288909,-0.0066698812525045545
2021-09-15,55955.13698841558,0.015700087082997558
2021-09-16,56045.42026590562,0.0016134939944608487
2021-09-17,54728.34906461344,-0.023500068248991295
2021-09-20,52437.617483453396,-0.04185639838058248
2021-09-21,52547.32143017336,0.0020920848807553893
2021-09-22,53588.377956878096,0.01981179056078287
2021-09-23,54578.43543794592,0.018475227629851116
2021-09-24,54672.692558925424,0.0017270029861275167
2021-09-27,53784.77232229815,-0.016240653150021593
2021-09-28,50711.55768035275,-0.05713912152550478
2021-09-29,50592.84217017271,-0.0023409951421396263
2021-09-30,50159.723722660914,-0.008560864124908628
2021-10-01,50858.84158483553,0.013937833191429013
2021-10-04,48662.558789149654,-0.043183893444020814
2021-10-05,50022.01201528988,0.027936328462105853
2021-10-06,50654.153766611176,0.012637271590116657
2021-10-07,51549.467426081144,0.01767502944763667
2021-10-08,51021.70986557928,-0.010237885798890877
2021-10-11,50287.37484806563,-0.014392599139627281
2021-10-12,49935.35631874769,-0.007000137318392507
2021-10-13,50702.40089373881,0.015360751009663748
2021-10-14,52610.0394173975,0.03762422469217344
2021-10-15,53271.48223671649,0.012572558900236367
2021-10-18,54357.12951771453,0.02037952081329135
2021-10-19,55138.37551422167,0.014372466012071974
2021-10-20,54981.78171093607,-0.002840014814096347
2021-10-21,55703.54674190236,0.01312734888732665
2021-10-22,54736.94279763201,-0.017352646300046716
2021-10-25,55874.08730283651,0.020774717166953244
2021-10-26,56201.30011601768,0.005856253390013946
2021-10-27,56483.239684255175,0.005016602243284031
2021-10-28,57786.09638743679,0.02306625311268739
2021-10-29,58316.704079766205,0.009182272648629348
2021-11-01,58722.89148904498,0.006965198319904789
2021-11-02,59220.14048842675,0.008467719943159285
2021-11-03,60496.614078864346,0.021554720740438873
2021-11-04,62009.527392187156,0.025008231226801417
2021-11-05,62110.24001291595,0.0016241475296500804
2021-11-08,61936.00114161811,-0.00280531634174349
2021-11-09,61056.73802766527,-0.014196317129715617
2021-11-10,59293.263201193404,-0.02888255880412114
2021-11-11,59642.15842132277,0.0058842303710877975
2021-11-12,60888.77225341993,0.020901554623339695
2021-11-15,60810.81492196532,-0.0012803235895469493
2021-11-16,61718.204129532736,0.014921510404552392
2021-11-17,61706.35265124454,-0.00019202565037902295
2021-11-18,63030.93761222144,0.021465941577575802
2021-11-19,63723.124158781575,0.01098169522431363
2021-11-22,62247.05002792865,-0.023163869479702996
2021-11-23,61683.70337775088,-0.009050174264081806
2021-11-24,62146.889692669305,0.007509054897075144
2021-11-26,59550.10871534954,-0.041784568627029346
2021-11-29,62330.04241194179,0.04668226064675012
2021-11-30,60329.41977222443,-0.03209724496086756
2021-12-01,58399.68102088946,-0.03198669502575629
2021-12-02,59232.1835724616,0.014255258539414988
2021-12-03,57168.31553043269,-0.03484369336990734
2021-12-06,58147.12701985633,0.017121573031176417
2021-12-07,61667.11175155594,0.06053583232921527
2021-12-08,62186.97703656236,0.008430187019311882
2021-12-09,60331.07715910982,-0.029843867090715508
2021-12-10,61694.95246997213,0.02260651350986815
2021-12-13,59813.52388077691,-0.030495664780857665
2021-12-14,58567.47386912155,-0.020832245465741923
2021-12-15,61326.18524561051,0.047103130701073935
2021-12-16,58122.264217725846,-0.052243931610176035
2021-12-17,57665.39151262372,-0.007860545545691192
2021-12-20,56399.56791503384,-0.021951183619602722
2021-12-21,58989.131707907974,0.04591460340219836
2021-12-22,60420.78233528533,0.024269735558515245
2021-12-23,61378.26784524678,0.015846956509900964
2021-12-27,63334.053263985086,0.0318644609468198
2021-12-28,62732.31703543926,-0.009500990344605212
2021-12-29,62751.22974653205,0.00030148274424668316
2021-12-30,62281.10412389993,-0.007491894972115674
2021-12-31,61455.55970287348,-0.013255134645399746
2022-01-03,62823.9856185978,0.022266918116772658
2022-01-04,61132.84410141322,-0.02691872380481304
2022-01-05,57317.51725419027,-0.06241042606971969
2022-01-06,57270.41466269573,-0.0008217835271136434
2022-01-07,56011.83498650743,-0.02197608806573052
2022-01-10,56170.33148196783,0.0028296965364298233
2022-01-11,57822.44421906691,0.029412550959031735
2022-01-12,58267.08849906474,0.007689821590959457
2022-01-13,55266.44568228067,-0.05149807368240542
2022-01-14,56093.25544277987,0.014960429430407407
2022-01-18,53211.12811921374,-0.05138099582232578
2022-01-19,52070.84828166026,-0.021429349045162235
2022-01-20,50676.75679228081,-0.026772974425893253
2022-01-21,47890.63226413125,-0.054978351112120585
2022-01-24,48361.72305414943,0.009836804563781252
2022-01-25,45958.46146064373,-0.04969346503255928
2022-01-26,46111.681425670096,0.003333879337052643
2022-01-27,45007.40061607678,-0.023947962326495688
2022-01-28,47909.38796110468,0.06447800373504113
2022-01-31,51059.94972465795,0.06576084349295076
2022-02-01,51672.61737112103,0.011998986480928803
2022-02-02,52498.3124053646,0.015979353790292822
2022-02-03,48068.9039953379,-0.0843723961224718
2022-02-04,49349.65579739556,0.026644081632938358
2022-02-07,48521.67947338871,-0.016777752765006038
2022-02-08,49691.987985624815,0.024119291107348135
2022-02-09,51780.30367511982,0.04202519911457609
2022-02-10,49363.55464467902,-0.046673133583842605
2022-02-11,46329.99223605649,-0.06145348385986871
2022-02-14,46424.811384990244,0.002046604032451452
2022-02-15,48716.51232224292,0.04936371024209728
2022-02-16,48601.65122734308,-0.00235774462137343
2022-02-17,45726.508381296866,-0.05915730789880379
2022-02-18,44679.44920131278,-0.02289829722516826
2022-02-22,43791.41238155332,-0.019875733377066118
2022-02-23,41510.97914603309,-0.05207489577296283
2022-02-24,44369.78473055222,0.0688686618174444
2022-02-25,45731.46222862477,0.030689296924510872
2022-02-28,46044.0063039704,0.006834333741246449
2022-03-01,44544.276213402154,-0.03257166808351592
2022-03-02,46055.88395635965,0.03393494903173875
2022-03-03,44707.32233032061,-0.029280984538628433
2022-03-04,43449.52311800521,-0.028134076181573483
2022-03-07,40192.75182937435,-0.07495528270323575
2022-03-08,39879.93936237486,-0.007782807913412719
2022-03-09,42732.75219276071,0.07153503430542718
2022-03-10,41792.08118422959,-0.022012881461224532
2022-03-11,40013.37546257395,-0.042560831412407296
2022-03-14,38477.175132588025,-0.03839217042368233
2022-03-15,40906.550436789235,0.0631380889015334
2022-03-16,43934.92181549992,0.07403145330942223
2022-03-17,44953.31612185416,0.023179608936847056
2022-03-18,46872.782834343,0.04269911272587268
2022-03-21,46585.72321981954,-0.006124228116303241
2022-03-22,48388.639428264665,0.038701045810491795
2022-03-23,47022.691929000386,-0.028228681678253698
2022-03-24,49093.24277472581,0.044033013865981054
2022-03-25,49017.193294576784,-0.0015490824368232965
2022-03-28,50564.82183980278,0.031573177516004795
2022-03-29,52264.30048889347,0.0336099008610155
2022-03-30,51113.14195220669,-0.022025714032686734
2022-03-31,49531.96634028884,-0.030934815421762327
2022-04-01,49683.268416910476,0.003054634972134626
2022-04-04,51677.11692255107,0.040131186396786166
2022-04-05,49365.912147136056,-0.044723949652199745
2022-04-06,47222.039526056156,-0.04342819828164117
2022-04-07,47436.1796034695,0.0045347485954135135
2022-04-08,46100.390798498585,-0.028159704599676757
2022-04-11,43930.298693820914,-0.04707318239801873
2022-04-12,43616.14267000443,-0.007151238055676276
2022-04-13,45349.47297093877,0.03974056839570947
2022-04-14,43281.66255121569,-0.04559723154992753
2022-04-18,43389.68185380195,0.002495729050575203
2022-04-19,45257.71704391494,0.04305252102117699
2022-04-20,43908.70820010613,-0.029807266736407198
2022-04-21,42163.88339833137,-0.03973755715661298
2022-04-22,39928.94742193621,-0.05300593295169787
2022-04-25,40982.387783144004,0.026382873309328845
2022-04-26,37811.403028293425,-0.07737432898321259
2022-04-27,37774.20170589985,-0.0009838651680218532
2022-04-28,40404.06000250968,0.0696204864125317
2022-04-29,36792.98358594105,-0.08937409795808457
2022-05-02,38057.51460440171,0.03436880881124962
2022-05-03,38139.008250426974,0.0021413286409363514
2022-05-04,40736.558482448,0.06810744041809076
2022-05-05,36612.1829806095,-0.10124506476450525
2022-05-06,35717.178552302576,-0.024445535760075722
2022-05-09,32869.85034253688,-0.0797187326987824
2022-05-10,33722.59417854502,0.025943039810698502
2022-05-11,31655.69008649894,-0.06129137281381171
2022-05-12,31538.744340917354,-0.0036943040970527836
2022-05-13,33871.92856440405,0.07397834860723039
2022-05-16,33084.63036317148,-0.0232433827833452
2022-05-17,34816.59634277687,0.052349564150891835
2022-05-18,31292.631771060125,-0.10121507964255202
2022-05-19,31015.9911479725,-0.008840439663610035
2022-05-20,30806.76223204234,-0.0067458400710770266
2022-05-23,31840.231672702146,0.03354683731044245
2022-05-24,30440.679630862982,-0.04395546038187449
2022-05-25,31340.954177480686,0.02957471901202044
2022-05-26,33087.56759622106,0.05572942702540186
2022-05-27,35268.37616492423,0.0659102112103351
2022-05-31,35048.58776330445,-0.0062318832200265436
2022-06-01,34528.55483656049,-0.014837485899743734
2022-06-02,36424.334223582824,0.05490468384778703
2022-06-03,34475.49309283447,-0.05350382298783604
2022-06-06,34758.239880351146,0.008201384872300686
2022-06-07,35376.19151941368,0.017778565347086526
2022-06-08,34838.52912817591,-0.015198424933410568
2022-06-09,32930.792662621185,-0.054759386038827754
2022-06-10,30585.031132028624,-0.07123307217731106
2022-06-13,27769.52073592039,-0.09205517509380053
2022-06-14,27884.2891592414,0.004132891756124451
2022-06-15,29274.778195257273,0.04986639709820378
2022-06-16,26920.202690964954,-0.0804301740080742
2022-06-17,27589.737094770717,0.02487107587902644
2022-06-21,28964.068449832692,0.04981313704951753
2022-06-22,28868.275640086842,-0.003307298141204432
2022-06-23,29719.349161975937,0.02948127323224276
2022-06-24,31793.130169017037,0.06977881634414712
2022-06-27,31279.69968294169,-0.016149101499156424
2022-06-28,29349.419966128436,-0.06171030209301931
2022-06-29,29452.542731925358,0.0035136219358316884
2022-06-30,28671.48055424746,-0.026519346216965396
2022-07-01,29079.809242689615,0.014241632470621103
2022-07-05,30053.893030733245,0.03349691120441255
2022-07-06,30424.568427638675,0.012333689899221269
2022-07-07,31740.956096081733,0.043267258550402574
2022-07-08,31827.948102791983,0.0027406864004638452
2022-07-11,30433.900158068594,-0.043799491573291265
2022-07-12,29841.99021453704,-0.019449033494138818
2022-07-13,29758.11725781148,-0.002810568468208394
2022-07-14,29960.208642182144,0.006791134755597373
2022-07-15,31055.800859996034,0.03656824392976242
2022-07-18,30505.06176999691,-0.017733855664580456
2022-07-19,32415.2369479554,0.06261830224639083
2022-07-20,33421.945834047736,0.03105665671081372
2022-07-21,34387.45807155558,0.028888570471089878
2022-07-22,33172.18661812813,-0.03534054337190706
2022-07-25,32807.17450661923,-0.011003558966758805
2022-07-26,31521.55664192098,-0.03918709501907464
2022-07-27,34205.220118811434,0.085137403186536
2022-07-28,34836.866162146216,0.018466363939210587
2022-07-29,36097.181534331554,0.036177633381810896
2022-08-01,36056.26131802402,-0.0011336125029212636
2022-08-02,35837.65409306767,-0.00606294765361801
2022-08-03,37791.03909817487,0.05450649755239021
2022-08-04,38120.26302549032,0.008711692908474268
2022-08-05,37528.02147959991,-0.015536134824001128
2022-08-08,37251.37380695205,-0.007371762798586399
2022-08-09,36396.23333628822,-0.022955944526916724
2022-08-10,38467.277887981094,0.0569027166233705
2022-08-11,37970.525827337944,-0.012913626539671577
2022-08-12,39534.99160909212,0.04120210999626972
2022-08-15,40124.57688022422,0.014912998514371976
2022-08-16,39936.55182518748,-0.0046860320944445205
2022-08-17,38973.50674534046,-0.024114377326878718
2022-08-18,39176.48199232766,0.005208031402292713
2022-08-19,37649.90450516944,-0.038966681272125984
2022-08-22,35645.500998905314,-0.05323794396314905
2022-08-23,35596.835766850876,-0.0013652559422837659
2022-08-24,35795.910435899,0.005592482161954241
2022-08-25,37046.59426269229,0.03493929366688212
2022-08-26,34011.177051547,-0.08193512174483765
2022-08-29,33358.241164956926,-0.01919768567846069
2022-08-30,32601.16485238862,-0.02269533063282785
2022-08-31,32227.58893788064,-0.011458974432338755
2022-09-01,32240.944915164877,0.0004144268226202422
2022-09-02,31315.17652436937,-0.02871405888479592
2022-09-06,30863.167166047773,-0.0144341948055073
2022-09-07,32137.817911125152,0.04130006289437501
2022-09-08,32461.587030505492,0.01007439647196033
2022-09-09,33868.74912800678,0.0433485305625668
2022-09-12,34682.8134273576,0.024035853709095372
2022-09-13,30837.95195071325,-0.11085783120499518
2022-09-14,31354.24304687022,0.0167420682470136
2022-09-15,30284.72733181954,-0.03411071711895264
2022-09-16,29948.77922735205,-0.011092987590299874
2022-09-19,30412.1158207007,0.015470967608772753
2022-09-20,29894.22927050002,-0.017028954948546074
2022-09-21,28815.67737980954,-0.03607893285794822
2022-09-22,28141.27913142453,-0.02340386587120602
2022-09-23,27209.30459946229,-0.033117703271758066
2022-09-26,26933.824803083637,-0.010124470302857295
2022-09-27,27018.051815604955,0.003127183500194036
2022-09-28,28082.482954655497,0.039397035223529775
2022-09-29,26474.354235435076,-0.05726447771078691
2022-09-30,25556.197363804033,-0.03468099215814372
2022-10-03,26759.947951150913,0.04710210091943426
2022-10-04,28441.203797390088,0.06282732123800217
2022-10-05,28395.018210876893,-0.001623897034816629
2022-10-06,27964.551276201528,-0.015159945715776018
2022-10-07,25792.37579314899,-0.07767603569241276
2022-10-10,25266.097145752075,-0.02040442693676566
2022-10-11,24638.723401864183,-0.024830655097570948
2022-10-12,24612.369012782914,-0.0010696328966165714
2022-10-13,25743.85052594137,0.0459720684575628
2022-10-14,24149.96543582078,-0.06191323588188464
2022-10-17,25822.9576334541,0.06927513838805871
2022-10-18,26220.566229312644,0.015397484730541984
2022-10-19,26011.687036072017,-0.007966235031458414
2022-10-20,25745.96793107095,-0.010215373752289736
2022-10-21,26974.580103394295,0.04772056640529806
2022-10-24,27546.01360728026,0.021184148249783447
2022-10-25,28701.2625984981,0.04193888116400657
2022-10-26,27402.032495605024,-0.045267350118634135
2022-10-27,26372.27906887523,-0.03757945425745179
2022-10-28,28043.161797252178,0.06335754009022815
2022-10-31,27359.35020823291,-0.024384254313515787
2022-11-01,26799.650987326542,-0.02045732872478619
2022-11-02,24982.83456217602,-0.06779254050769865
2022-11-03,23994.26427667333,-0.039569980861954804
2022-11-04,24741.15996405739,0.03112809289635837
2022-11-07,25287.369386454135,0.02207695286681167
2022-11-08,25667.280707592276,0.015023758119405331
2022-11-09,24451.198065989774,-0.04737870970658723
2022-11-10,28112.3212607506,0.149731853011049
2022-11-11,29134.529497497944,0.03636157353446715
2022-11-14,28561.52389765817,-0.01966757691724461
2022-11-15,29392.256322976264,0.029085717845265577
2022-11-16,28540.010340780325,-0.02899559573892701
2022-11-17,28431.330928605006,-0.0038079668114216355
2022-11-18,28431.891975281123,1.9733394737193184e-05
2022-11-21,27829.486710457444,-0.02118766015808635
2022-11-22,28654.947931938,0.029661388658324517
2022-11-23,29211.362654950804,0.019417753762261677
2022-11-25,28802.848815085235,-0.013984758078251851
2022-11-28,27977.597484472888,-0.02865172594247447
2022-11-29,27570.313073808542,-0.014557519132598278
2022-11-30,30094.353442182255,0.09154920952898148
2022-12-01,30153.310349566276,0.0019590687501325043
2022-12-02,29914.544691485004,-0.00791838956695869
2022-12-05,28879.01600830531,-0.03461622745254258
2022-12-06,27716.900914173348,-0.04024081339190185
2022-12-07,27465.66962025401,-0.009064191364586065
2022-12-08,28134.865628400523,0.024364816783968953
2022-12-09,27776.022433681705,-0.012754395185615715
2022-12-12,28462.906015226705,0.024729371643654584
2022-12-13,29084.004739834258,0.021821339123815606
2022-12-14,28625.238676277608,-0.015773827148649555
2022-12-15,26695.52685750468,-0.0674129512279709
2022-12-16,26217.659058335863,-0.017900669341331197
2022-12-19,25474.949684352356,-0.028328592279384408
2022-12-20,25418.815314633375,-0.0022035124863646754
2022-12-21,26169.126452672816,0.029517942860519154
2022-12-22,24865.85884349401,-0.049801723857148206
2022-12-23,24998.710992339024,0.00534275327794577
2022-12-27,24256.3648255279,-0.029695377775222943
2022-12-28,23614.408263147336,-0.026465489243670894
2022-12-29,24815.850221036515,0.050877495828008906
2022-12-30,24764.49198330624,-0.0020695739727964557
2023-01-03,24409.298212764905,-0.014342865211237657
2023-01-04,24640.925660279052,0.009489312043925014
2023-01-05,23854.372497853055,-0.03192060124972953
2023-01-06,25180.27812632034,0.05558333712557811
2023-01-09,25482.28599301404,0.011993825690829924
2023-01-10,25925.916036976687,0.017409350326115423
2023-01-11,26833.31726334674,0.03499977493855479
2023-01-12,27098.94910905388,0.009899329371027308
2023-01-13,27483.054973783954,0.014174197795800876
2023-01-17,27545.314212487865,0.0022653681973600994
2023-01-18,26841.926684462043,-0.025535650913248067
2023-01-19,26299.58866781974,-0.020204884061331127
2023-01-20,27802.335347267068,0.057139550676170825
2023-01-23,29006.017818169807,0.043294293657998674
2023-01-24,28876.15046042118,-0.00447725567027943
2023-01-25,28717.095395426233,-0.005508181058031044
2023-01-26,29864.910534909715,0.03996975055026964
2023-01-27,30432.058950593557,0.018990460896271117
2023-01-30,29149.928494908887,-0.04213091390780389
2023-01-31,30074.21684557681,0.0317080829487918
2023-02-01,31368.83561240828,0.043047463994789745
2023-02-02,33598.274684325086,0.07107178281857962
2023-02-03,32388.448984467286,-0.036008566250047086
2023-02-06,31816.5620902047,-0.017657125061371386
2023-02-07,33159.46005987069,0.04220751336548156
2023-02-08,31942.23002713046,-0.036708379163667704
2023-02-09,31354.66538700403,-0.018394602995075057
2023-02-10,30964.88495087882,-0.01243133777108568
2023-02-13,31947.721608279997,0.03174036199263464
2023-02-14,32396.776699420436,0.014055934775143953
2023-02-15,32892.243899582965,0.015293719025182994
2023-02-16,31616.078198546573,-0.0387983776641208
2023-02-17,31184.057140153414,-0.01366459988111419
2023-02-21,29666.493353570426,-0.0486647321021271
2023-02-22,29692.474632056055,0.0008757785484108678
2023-02-23,30249.501136926054,0.018759854534610983
2023-02-24,29200.53713834132,-0.034677067692341086
2023-02-27,29620.572496597448,0.014384507937856048
2023-02-28,29540.20014860978,-0.0027133961707492644
2023-03-01,29028.793851331102,-0.01731221503936725
2023-03-02,29542.417176261446,0.017693581330344918
2023-03-03,30745.47468366076,0.040723055944319214
2023-03-06,30793.322023667813,0.001556240080836442
2023-03-07,30037.346888576016,-0.024549970104256875
2023-03-08,30346.14897861254,0.010280604714591735
2023-03-09,29252.33696970036,-0.03604450797638537
2023-03-10,28441.35319966894,-0.027723725829886282
2023-03-13,28878.241696444176,0.015361030598935229
2023-03-14,30214.904767940923,0.04628616539563518
2023-03-15,30466.698858469204,0.008333439819259216
2023-03-16,32104.860560131085,0.05376892682964569
2023-03-17,31787.273484799,-0.009892180492024203
2023-03-20,31993.356872705874,0.006483204292605591
2023-03-21,32900.55896113386,0.02835595189456147
2023-03-22,31996.70750761314,-0.02747222181205054
2023-03-23,32818.382534146476,0.02567998680294934
2023-03-24,33009.647491654076,0.005827982451864947
2023-03-27,32512.35672048775,-0.015065013078132947
2023-03-28,32187.958783499133,-0.009977681402105042
2023-03-29,33386.28525830979,0.037229029739685476
2023-03-30,33991.198801432234,0.018118623813407796
2023-03-31,35131.67080185214,0.03355197935448641
2023-04-03,34943.72289350509,-0.00534981411522122
2023-04-04,34683.10793160643,-0.007458133831157934
2023-04-05,33975.58521121718,-0.020399634363346495
2023-04-06,34471.62200013603,0.014599801175906783
2023-04-10,34395.859089743004,-0.0021978342183237316
2023-04-11,33932.9395755413,-0.013458582703048427
2023-04-12,33322.86277042888,-0.017978896398122866
2023-04-13,34673.097332208294,0.04051976479576729
2023-04-14,34511.129396745244,-0.004671285461209616
2023-04-17,34542.52071346561,0.0009095998093681969
2023-04-18,34560.11111639606,0.0005092391223084977
2023-04-19,34539.90138402499,-0.0005847704685613069
2023-04-20,33993.76528316992,-0.015811744648108927
2023-04-21,34067.314010311165,0.0021635946041450855
2023-04-24,33893.12012103189,-0.005113226397201523
2023-04-25,32610.588691889654,-0.03784046510213088
2023-04-26,33023.916193349745,0.01267464090775182
2023-04-27,34843.53360302882,0.05509998871804043
2023-04-28,35294.74180315279,0.01294955343119234
2023-05-01,35205.26605595281,-0.002535101338862744
2023-05-02,34574.32460853516,-0.017921791768733597
2023-05-03,34130.340723768066,-0.012841433340898495
2023-05-04,33876.40078790876,-0.007440298879948388
2023-05-05,35316.30802804157,0.04250472915194533
2023-05-08,35477.38751347403,0.004561051095844056
2023-05-09,34990.057954440876,-0.013736342870457116
2023-05-10,35763.83464778512,0.022114187245752783
2023-05-11,35984.54826840266,0.006171419334397279
2023-05-12,35713.84075375396,-0.007522882116777853
2023-05-15,36094.23297619987,0.010651114929606922
2023-05-16,36157.38149619195,0.001749545974109542
2023-05-17,37032.54277873169,0.024204221830386417
2023-05-18,38365.5892721719,0.03599662333221697
2023-05-19,38188.549308265945,-0.0046145508843876025
2023-05-22,38431.36982807216,0.006358464099961538
2023-05-23,37443.561619320164,-0.025703174598539852
2023-05-24,37066.50615038492,-0.010069968043336168
2023-05-25,38882.56391787395,0.04899457640061856
2023-05-26,40885.945656894815,0.05152391038955974
2023-05-30,41190.83952861207,0.007457180378701548
2023-05-31,40607.07982264068,-0.014172075943387952
2023-06-01,41670.285537217824,0.026182767123883524
2023-06-02,42272.22001097631,0.01444517276515575
2023-06-05,42315.037533720875,0.0010128997893521796
2023-06-06,42319.44729093548,0.00010421253227270897
2023-06-07,40833.23745510552,-0.035118838523874076
2023-06-08,41863.442597182846,0.025229572923528076
2023-06-09,42111.958332156224,0.0059363425355301895
2023-06-12,43581.2621629594,0.03489041804264005
2023-06-13,44263.41695103621,0.01565247893753283
2023-06-14,44881.22066728575,0.013957433899261351
2023-06-15,45951.577796184494,0.0238486634941044
2023-06-16,45331.68264814078,-0.013490182008400822
2023-06-20,45228.200768553244,-0.002282771640989861
2023-06-21,44006.3560905613,-0.027015106885292784
2023-06-22,45036.52843027608,0.023409626045718845
2023-06-23,44128.15680397689,-0.02016966355889289
2023-06-26,42913.126529556845,-0.027534127015940706
2023-06-27,44409.2025521187,0.03486289961957039
2023-06-28,44515.01891797748,0.0023827576217923833
2023-06-29,44363.459289299935,-0.003404685258177854
2023-06-30,45779.3329231153,0.031915311756512514
2023-07-03,45941.46136411577,0.003541520390276598
2023-07-05,45901.3004118657,-0.0008741766382173691
2023-07-06,45205.715433415564,-0.015153927496797516
2023-07-07,44885.38750830798,-0.007086004989333746
2023-07-10,44922.48025915259,0.0008263881165724897
2023-07-11,45355.77516538188,0.009645391432744937
2023-07-12,46479.57845459227,0.02477751256841384
2023-07-13,48082.066518711115,0.03447725038393756
2023-07-14,48037.17387516915,-0.0009336670986155757
2023-07-17,48932.22345758231,0.01863243630316522
2023-07-18,49724.27051301232,0.016186614861607645
2023-07-19,49624.42295620882,-0.002008024567748416
2023-07-20,47359.521986650034,-0.04564085252049093
2023-07-21,47106.5669371603,-0.005341165596245625
2023-07-24,47226.925508166874,0.0025550274374086628
2023-07-25,47914.89177758493,0.014567246586887985
2023-07-26,47526.6261626015,-0.008103234726809344
2023-07-27,47310.65873411819,-0.004544135486167876
2023-07-28,49055.12880935711,0.03687266510159367
2023-07-31,49076.12481723363,0.00042800841392366716
2023-08-01,48827.64463490403,-0.0050631581701891725
2023-08-02,46664.49335092455,-0.044301774131311755
2023-08-03,46554.726094409896,-0.002352265044199386
2023-08-04,46072.627094375435,-0.010355532949690115
2023-08-07,46858.7303018477,0.01706226141309481
2023-08-08,46033.46273786768,-0.0176118208637735
2023-08-09,44995.35505746474,-0.022551153414513442
2023-08-10,45151.88147998278,0.0034787240220271066
2023-08-11,44545.22878715673,-0.013435823113927109
2023-08-14,45582.347870277285,0.02328238312740627
2023-08-15,44570.26060198738,-0.022203491385968097
2023-08-16,43609.72215908031,-0.021551106723038452
2023-08-17,42662.80434951066,-0.021713456602990133
2023-08-18,42536.34144742126,-0.0029642426000260334
2023-08-21,43921.90221863119,0.032573576477483546
2023-08-22,43753.802062856535,-0.0038272512637977235
2023-08-23,45152.19218526981,0.03196042529982527
2023-08-24,43170.09804516902,-0.04389807103867295
2023-08-25,43895.85416299401,0.016811546665138975
2023-08-28,44530.82317654598,0.014465352723157101
2023-08-29,46443.29526854685,0.042947153355300124
2023-08-30,46956.772779059764,0.011056009431369185
2023-08-31,47186.09435838833,0.0048836741913157395
2023-09-01,47118.54392573349,-0.0014315749920258466
2023-09-05,47202.74087754242,0.0017869175232078814
2023-09-06,46364.58632302854,-0.017756480639298047
2023-09-07,45678.092369361206,-0.014806428960336985
2023-09-08,45802.85644757931,0.002731376722329802
2023-09-11,46876.098514891644,0.02343177152151289
2023-09-12,45827.04230793088,-0.02237934128898331
2023-09-13,46174.22237359751,0.007575877651753727
2023-09-14,46923.20835141561,0.016220868253243564
2023-09-15,45271.30851591516,-0.035204324118868986
2023-09-18,45392.59721249063,0.002679151554296915
2023-09-19,45183.84271085249,-0.0045988666535410555
2023-09-20,43862.17941576166,-0.029250794438813624
2023-09-21,42241.671953767735,-0.036945438726001964
2023-09-22,42276.28700233896,0.0008194526156331249
2023-09-25,42651.74523759453,0.008881059853595798
2023-09-26,41358.44541499775,-0.03032231894362984
2023-09-27,41548.94268684695,0.004606006583122871
2023-09-28,42242.996954170725,0.01670449889795832
2023-09-29,42309.826745087536,0.0015820324251451085
2023-10-02,42998.78137398925,0.016283560626532252
2023-10-03,41417.66491013419,-0.03677119242294405
2023-10-04,42610.795277064244,0.028807282340007408
2023-10-05,42300.07816258458,-0.0072919811155675775
2023-10-06,43731.86951503722,0.03384843278419987
2023-10-09,44148.61407488637,0.009529539086039977
2023-10-10,44638.65650172769,0.011099837154799229
2023-10-11,45280.20643016789,0.014372070727876293
2023-10-12,44936.22916937909,-0.007596636320978014
2023-10-13,43812.55048801475,-0.025006074210829527
2023-10-16,44835.41145482539,0.023346300441707008
2023-10-17,44530.53400068872,-0.006799925421535517
2023-10-18,43272.455553873326,-0.028252040426821202
2023-10-19,42535.355456901474,-0.017033932730121576
2023-10-20,41251.54043280625,-0.030182303881203944
2023-10-23,41486.53933789202,0.005696730415887262
2023-10-24,42282.84888972918,0.01919440774154542
2023-10-25,40189.31714123564,-0.04951255186123659
2023-10-26,38664.13307237677,-0.03794998714456819
2023-10-27,39048.013107824656,0.009928582511582275
2023-10-30,39888.75913759228,0.021531083475260032
2023-10-31,40297.51663235538,0.010247435708720038
2023-11-01,41719.874942062524,0.03529642589849116
2023-11-02,43163.94788728534,0.03461354923110973
2023-11-03,44200.190152840834,0.024007124377534873
2023-11-06,44509.61599955239,0.007000554650140343
2023-11-07,45333.28589078294,0.018505436920391288
2023-11-08,45430.17760754694,0.0021373195183210293
2023-11-09,44681.28864954312,-0.01648439423841052
2023-11-10,46683.8544547354,0.04481889098811281
2023-11-13,46389.298274875444,-0.0063095942548094435
2023-11-14,48359.562790137905,0.0424723931711113
2023-11-15,48382.847231957916,0.00048148578019730084
2023-11-16,48475.142622921514,0.0019076056132271506
2023-11-17,48499.118516235416,0.0004946018106724268
2023-11-20,49640.43685938084,0.023532764678256192
2023-11-21,49055.94423859708,-0.011774526127549633
2023-11-22,49467.63619114695,0.008392294938764009
2023-11-24,49336.50823621522,-0.002650782714278994
2023-11-27,49195.93332619881,-0.0028493080487853803
2023-11-28,49488.96540361073,0.005956428867177914
2023-11-29,49342.17432754301,-0.002966137498946632
2023-11-30,49091.301522238056,-0.005084348404259822
2023-12-01,49391.73119465695,0.006119814775797107
2023-12-04,48399.724171495385,-0.020084475663587936
2023-12-05,48626.66485374412,0.004688883792903723
2023-12-06,48071.92861993427,-0.011408066653930607
2023-12-07,49494.0964671703,0.029584164564728732
2023-12-08,49872.71838759444,0.007649840030422397
2023-12-11,50705.44648054963,0.01669706644990749
2023-12-12,51528.108446472295,0.016224331369180153
2023-12-13,52833.688577822664,0.025337241569940747
2023-12-14,52671.08811504624,-0.003077590589514017
2023-12-15,53210.450345666206,0.010240195331485572
2023-12-18,53873.05018860717,0.012452438170257495
2023-12-19,54395.32772753353,0.009694597523212122
2023-12-20,52721.58326108581,-0.030770004270063593
2023-12-21,54010.178609949005,0.02444151463513273
2023-12-22,54132.866167996006,0.002271563642346497
2023-12-26,54760.275418110316,0.01159017237637492
2023-12-27,54937.911163862336,0.0032438796992110357
2023-12-28,54877.49875035589,-0.0010996488986677678
2023-12-29,54400.08431007456,-0.008699639217398329
2024-01-02,52551.86148745841,-0.03397463158478725
2024-01-03,51431.26812292724,-0.021323571283932467
2024-01-04,50881.980555585214,-0.010680031572022707
2024-01-05,51026.02570968929,0.0028309659437630624
2024-01-08,53160.926745000055,0.041839453604660584
2024-01-09,53339.000014234945,0.0033497021240631356
2024-01-10,54064.34170770287,0.013598711885756013
2024-01-11,54237.53468330183,0.0032034603609032053
2024-01-12,54308.89969607345,0.0013157864417756206
2024-01-16,54270.00732157946,-0.0007161326175201655
2024-01-17,53654.8816094518,-0.011334542641254958
2024-01-18,55226.165930631614,0.02928502074828961
2024-01-19,57377.33636673897,0.03895201486211081
2024-01-22,57466.38292288834,0.0015519464964390839
2024-01-23,57949.49762659428,0.008406909903381363
2024-01-24,58576.15498632593,0.010813853189368559
2024-01-25,58687.94214104223,0.001908407179378776
2024-01-26,58038.155601931765,-0.011071891693678044
2024-01-29,59186.17171764083,0.019780368686816978
2024-01-30,58375.1654103289,-0.013702631607615973
2024-01-31,56100.77201014983,-0.038961660908229896
2024-02-01,57452.76578104648,0.024099379071861018
2024-02-02,59420.579322979356,0.03425098017791248
2024-02-05,59200.37520036642,-0.003705856205406819
2024-02-06,58922.685276761775,-0.004690678440208966
2024-02-07,60138.803618985265,0.02063922132047005
2024-02-08,60322.341539872206,0.0030519050902601936
2024-02-09,61531.50273919726,0.020044997731492552
2024-02-12,60964.19343808814,-0.009219818724624206
2024-02-13,59032.89889320142,-0.03167916175005314
2024-02-14,60416.195622343745,0.02343264103707492
2024-02-15,60667.802104657225,0.004164553555908232
2024-02-16,59574.8279845933,-0.018015719741724785
2024-02-20,58605.442405809874,-0.01627173105785751
2024-02-21,58149.956807134244,-0.007772069964452275
2024-02-22,61641.82696841655,0.06004940249334624
2024-02-23,61175.45190238818,-0.007565886492418919
2024-02-26,61125.44870599979,-0.0008173735515378554
2024-02-27,61375.65376519035,0.004093304253584829
2024-02-28,60709.20945756111,-0.010858447393145572
2024-02-29,61852.691325343,0.01883539380596361
2024-03-01,63621.746630336245,0.028601104771465276
2024-03-04,63068.756502515374,-0.008691841345286066
2024-03-05,60787.43887786977,-0.036171913815275805
2024-03-06,61593.63261146879,0.013262505354416572
2024-03-07,63503.89790312043,0.03101400600450951
2024-03-08,61556.38807528345,-0.03066756360071055
2024-03-11,61079.30475224296,-0.007750346275304833
2024-03-12,62892.13285213611,0.02967990724921556
2024-03-13,61844.98696423937,-0.016649870824998966
2024-03-14,61470.63823687537,-0.006053016513374981
2024-03-15,60054.00859384783,-0.02304563094934203
2024-03-18,61225.74093620635,0.01951130939956205
2024-03-19,61540.093208489285,0.005134315526054178
2024-03-20,62952.2212099518,0.02294647160637893
2024-03-21,63499.15602725045,0.008688094030464277
2024-03-22,63624.08140227913,0.001967354888544932
2024-03-25,63169.6152960444,-0.00714298888436989
2024-03-26,62702.636566480585,-0.00739245802551298
2024-03-27,63179.641573821755,0.007607415468652942
2024-03-28,62991.72593362457,-0.0029743068418268364
2024-04-01,63228.92995701058,0.003765637786079224
2024-04-02,62036.76250548767,-0.018854778221511406
2024-04-03,62292.708193643484,0.004125709947116907
2024-04-04,60355.07142426653,-0.031105354471884696
2024-04-05,61898.93244117943,0.02557964029336194
2024-04-08,61821.33908580408,-0.0012535491698355838
2024-04-09,62290.51937861911,0.007589293595919055
2024-04-10,61198.422927055944,-0.01753230607895716
2024-04-11,63205.172531491415,0.03279087120966116
2024-04-12,61095.606435638685,-0.03337647871780838
2024-04-15,59061.36734450147,-0.033295996386911816
2024-04-16,59100.23360744208,0.0006580657490353017
2024-04-17,57625.24003884826,-0.02495749134243843
2024-04-18,56964.43749168822,-0.011467241554474213
2024-04-19,54621.934464374484,-0.04112220063009548
2024-04-22,55714.15324421983,0.01999597397191625
2024-04-23,57394.9066211761,0.03016744003249558
2024-04-24,57751.92397115094,0.006220366422603609
2024-04-25,57110.74631200097,-0.011102273570491997
2024-04-26,58990.21456451476,0.032909187392615995
2024-04-29,59399.10016588904,0.006931414038630091
2024-04-30,57107.41938605891,-0.038581068962828605
2024-05-01,56301.07892491547,-0.014119714562698012
2024-05-02,57744.53671352746,0.025638190531606327
2024-05-03,60037.42889493282,0.03970751714193272
2024-05-06,61377.90572291235,0.022327352330916903
2024-05-07,61356.563067945885,-0.00034772536982309707
2024-05-08,61305.923871077815,-0.0008253264905335463
2024-05-09,61491.856405701285,0.0030328640836484043
2024-05-10,61808.885168387525,0.005155621918365954
2024-05-13,62042.63493273928,0.003781814923775747
2024-05-14,62882.17168342526,0.013531610183805439
2024-05-15,64754.90683772212,0.029781655184000003
2024-05-16,64478.12154284126,-0.004274352452926762
2024-05-17,64389.300638471155,-0.00137753554608592
2024-05-20,65255.9076668248,0.013458866919822761
2024-05-21,65525.338270082604,0.00412883082760003
2024-05-22,65457.68363337351,-0.0010324958023144567
2024-05-23,64877.68350878852,-0.008860688194124939
2024-05-24,66159.00514359672,0.019749805565031225
2024-05-28,66558.77086889734,0.00604249904352302
2024-05-29,65615.14066014811,-0.014177398356828323
2024-05-30,64220.298585098266,-0.02125793012125656
2024-05-31,64199.09097912212,-0.00033023212976882835
2024-06-03,64622.779386064096,0.006599601341392185
2024-06-04,64989.75813192071,0.0056787830753028765
2024-06-05,67631.54135248266,0.04064922376229624
2024-06-06,67525.38357607697,-0.0015696489283366474
2024-06-07,67374.02267082183,-0.0022415408434462943
2024-06-10,67873.90073430375,0.007419448084972539
2024-06-11,68830.58225525833,0.01409498364768443
2024-06-12,70650.12116312255,0.02643503582631993
2024-06-13,71453.2453040498,0.011367625811609465
2024-06-14,72050.14608975175,0.008353725336924953
2024-06-17,73806.38606554922,0.02437524517451697
2024-06-18,73843.33335984421,0.0005005975263736896
2024-06-20,72665.20381492066,-0.015954446953016396
2024-06-21,72275.32341795471,-0.0053654345752471196
2024-06-24,70593.87150732297,-0.023264536651164017
2024-06-25,72228.02668700587,0.023148683374213146
2024-06-26,72585.86900715281,0.004954341639397452
2024-06-27,72856.7945660757,0.0037324835071713184
2024-06-28,72066.84005724732,-0.01084256469877971
2024-07-01,72989.52943241078,0.012803244521759499
2024-07-02,74452.44828112349,0.020042859024969967
2024-07-03,75744.21537549545,0.017350229901028916
2024-07-05,77267.99073054902,0.02011738252881218
2024-07-08,77602.20554690824,0.004325398049040764
2024-07-09,77695.76463562883,0.0012056240935581243
2024-07-10,79376.33181521756,0.021630100269559298
2024-07-11,75804.42667728764,-0.04499962465190579
2024-07-12,76696.9469547513,0.011773986251004405
2024-07-15,77088.75535929618,0.005108526741957982
2024-07-16,77168.79916784106,0.0010383331287656956
2024-07-17,72624.33529414929,-0.05888991305679932
2024-07-18,71926.13941430228,-0.00961380062232756
2024-07-19,70585.90542642039,-0.01863347593511169
2024-07-22,72733.06000343373,0.030419027198731106
2024-07-23,72221.91941200355,-0.007027623908660597
2024-07-24,66934.82808656756,-0.07320618682639525
2024-07-25,65507.75121228868,-0.021320393509239085
2024-07-26,66843.69538324769,0.02039368084289244
2024-07-29,67072.75029490113,0.0034267242458715414
2024-07-30,65212.53626354303,-0.027734273951481463
2024-07-31,69133.65856446628,0.06012835147335547
2024-08-01,65754.97701318556,-0.048871730810111084
2024-08-02,62617.87167794751,-0.047709017290189025
2024-08-05,58890.74012505998,-0.0595218498012306
2024-08-06,60086.94336463109,0.020312246662732708
2024-08-07,58680.48846291352,-0.0234069969774074
2024-08-08,62263.16584639661,0.061053980246728264
2024-08-09,62927.50244706602,0.010669817244891366
2024-08-12,63102.76753185765,0.0027851905442942758
2024-08-13,66256.53119706926,0.0499782147212389
2024-08-14,66362.31370168322,0.0015965596553693191
2024-08-15,69616.41048664627,0.04903531241528316
2024-08-16,69739.7475684683,0.0017716667802870766
2024-08-19,71560.4251891208,0.026106742340370748
2024-08-20,71214.39323281037,-0.004835521245100639
2024-08-21,71964.83803639,0.010537824862543125
2024-08-22,69539.07561987214,-0.033707606140810725
2024-08-23,71165.36528072756,0.023386702316052707
2024-08-26,69665.73205394107,-0.02107251499196074
2024-08-27,70122.45091857767,0.006555861126715342
2024-08-28,68461.91577339488,-0.023680506363231855
2024-08-29,68274.92092980817,-0.002731370302368605
2024-08-30,70027.90707265324,0.025675403485963408
2024-09-03,65589.33285973611,-0.06338293401103856
2024-09-04,65323.603221750695,-0.004051415472599575
2024-09-05,65377.85557211467,0.0008305168069161423
2024-09-06,61854.53591456726,-0.053891636957425625
2024-09-09,63441.66595579042,0.025659072819094287
2024-09-10,64579.23046407059,0.01793087383728049
2024-09-11,67371.68093589973,0.04324068979705104
2024-09-12,68665.2261804139,0.019200133150082822
2024-09-13,69304.4601089468,0.009309427261673466
2024-09-16,68630.83340431738,-0.009719817506268456
2024-09-17,68689.05674478068,0.0008483554340700202
2024-09-18,68059.78504071769,-0.00916116385760111
2024-09-19,71537.58069685794,0.051099127833854015
2024-09-20,71180.8647312835,-0.004986413603865697
2024-09-23,71593.34332800526,0.005794796091322122
2024-09-24,72253.40407579635,0.00921958267498447
2024-09-25,72446.41402833861,0.0026712921697057313
2024-09-26,73475.09610156414,0.014199213129074285
2024-09-27,72685.68150030731,-0.010743975076475195
2024-09-30,73039.26774431721,0.004864592815414561
2024-10-01,70938.26082815994,-0.02876544331621863
2024-10-02,71140.30586397105,0.0028481814108827675
2024-10-03,71065.85044040206,-0.001046599711158845
2024-10-04,72793.24432521037,0.02430694734677027
2024-10-07,71066.06349677531,-0.02372721321114258
2024-10-08,73261.97603193886,0.030899594364941788
2024-10-09,74427.44742262963,0.01590827130000815
2024-10-10,74219.98532741187,-0.0027874406875694623
2024-10-11,74433.11026632397,0.0028715303293571494
2024-10-14,75634.73461760118,0.016143680506937694
2024-10-15,73559.65050576924,-0.027435597180624337
2024-10-16,73655.08225061212,0.0012973382035764722
2024-10-17,73766.263782314,0.001509488935516706
2024-10-18,74734.26838403528,0.01312259225406732
2024-10-21,74984.1169162393,0.0033431588695045137
2024-10-22,75138.97686263619,0.0020652366496475955
2024-10-23,72795.66784086682,-0.031186331243946024
2024-10-24,73991.13654828201,0.0164222507035516
2024-10-25,74854.2044185986,0.011664476457303953
2024-10-28,74821.75356694075,-0.00043352076092313034
2024-10-29,76280.80191026056,0.019500322750581448
2024-10-30,75062.46270386787,-0.0159717671534967
2024-10-31,71392.22789026979,-0.04889574204456472
2024-11-01,72408.65610917218,0.014237239107661157
2024-11-04,71881.32846988096,-0.007282660218084295
2024-11-05,73773.29694087394,0.02632072210220421
2024-11-06,77805.06509909208,0.05465077914911984
2024-11-07,80194.19283522555,0.030706583602117504
2024-11-08,80303.74794953252,0.0013661227881184986
2024-11-11,80195.88887281105,-0.0013431387634517099
2024-11-12,79914.74667331958,-0.0035056934145009833
2024-11-13,79643.00434132274,-0.003400402845643582
2024-11-14,78577.75414166138,-0.013375314109147128
2024-11-15,74789.44175926069,-0.0482110035312419
2024-11-18,75827.93040753259,0.01388549805752907
2024-11-19,76892.92696804313,0.014044911351091593
2024-11-20,76754.17352823257,-0.0018045019910378217
2024-11-21,77292.74106932187,0.00701678509887408
2024-11-22,77548.19345554334,0.003304998408483762
2024-11-25,77735.7637813099,0.002418758160679558
2024-11-26,78608.81883726911,0.011231060370299278
2024-11-27,77259.30750193121,-0.017167429243932178
2024-11-29,78626.34352997283,0.017694127377564723
2024-12-02,80359.39920121394,0.02204166686932923
2024-12-03,80841.75526965848,0.006002484752738845
2024-12-04,82835.9139335992,0.02466743401709855
2024-12-05,82308.97898579767,-0.006361189522504762
2024-12-06,83813.50112943501,0.018278955251005518
2024-12-09,82378.45045204462,-0.01712195121373345
2024-12-10,81810.92485809786,-0.006889248229755532
2024-12-11,84832.39457892756,0.0369323501240266
2024-12-12,83663.48163437693,-0.013779086990914477
2024-12-13,84931.12948651418,0.015151746345879742
2024-12-16,87369.89281076685,0.02871459898151825
2024-12-17,86604.14207776869,-0.008764469182269589
2024-12-18,80360.9407958405,-0.07208894554167991
2024-12-19,79603.13300373714,-0.009430051273647957
2024-12-20,80941.33199029295,0.016810883391900906
2024-12-23,82541.20642042218,0.0197658525105701
2024-12-24,84792.60548780701,0.02727606204248309
2024-12-26,84545.11204472894,-0.0029188092718021234
2024-12-27,82241.7167473575,-0.027244570876585078
2024-12-30,80100.19160838505,-0.026039402187470237
2024-12-31,78693.5468619269,-0.017561065937711236
2025-01-02,78404.29992431826,-0.003675611903935932
2025-01-03,81018.32103322464,0.03334027740097961
2025-01-06,82771.00010562778,0.02163312013938661
2025-01-07,79796.7201656651,-0.03593384079166694
2025-01-08,79849.77170036845,0.0006648335244006509
2025-01-10,77322.8625426695,-0.0316457906377118
2025-01-13,76837.2518339751,-0.0062802991602442316
2025-01-14,76628.93223662919,-0.0027111796996076936
2025-01-15,80169.7752187164,0.04620765132356452
2025-01-16,79056.31097978997,-0.013888828250905353
2025-01-17,81672.78619386692,0.033096348433787115
2025-01-21,82600.60962284592,0.011360251954385593
2025-01-22,84788.2666926125,0.026484756949802388
2025-01-23,85153.13565120484,0.004303295406605434
2025-01-24,84159.08663735556,-0.01167366305711849
2025-01-27,79138.68472812085,-0.05965371191429155
2025-01-28,81647.47685938708,0.03170121085389691
2025-01-29,81248.24602895077,-0.004889689746614718
2025-01-30,81975.05401218045,0.008945522134357202
2025-01-31,81739.0116857631,-0.002879440937999076
2025-02-03,80344.95882572995,-0.01705492678810995
2025-02-04,82370.43329071971,0.025209726840274675
2025-02-05,83060.51783095289,0.008377818504336153
2025-02-06,83942.64539341062,0.01062029933708176
2025-02-07,81755.48076214705,-0.026055464668918508
2025-02-10,83754.43112868267,0.02445035302711026
2025-02-11,83260.79059283576,-0.005893903512859732
2025-02-12,83451.43875290104,0.0022897711961153413
2025-02-13,85837.84335434365,0.028596326643435373
2025-02-14,86485.11352707667,0.007540615507557055
2025-02-18,86846.75063682429,0.004181495462041559
2025-02-19,86925.64077348587,0.0009083832853053129
2025-02-20,86075.31363534149,-0.009782236064962676
2025-02-21,82526.69413889988,-0.041226913345623784
2025-02-24,80505.3414825135,-0.024493319131192407
2025-02-25,78501.61973490025,-0.0248893018862416
2025-02-26,78835.11343029124,0.00424823967348948
2025-02-27,74486.53781788026,-0.055160390125602414
2025-02-28,76897.57320100219,0.03236874009390685
2025-03-03,73499.48356664176,-0.04418981630900341
2025-03-04,72967.63517866812,-0.007236083332360041
2025-03-05,74940.07942168796,0.027031768786121596
2025-03-06,70750.03100571118,-0.05591198259077589
2025-03-07,71793.7124075681,0.014751674126795409
2025-03-10,66299.77768989526,-0.07652389789351106
2025-03-11,65925.82032760866,-0.005640401451053379
2025-03-12,67410.93590992884,0.02252707019708097
2025-03-13,64855.982494091084,-0.03790117109858199
2025-03-14,68083.41477647753,0.04976306206879961
2025-03-17,68809.96166292623,0.010671422531229081
2025-03-18,66519.76203097614,-0.0332829662537658
2025-03-19,68243.84700665338,0.02591838760448951
2025-03-20,67829.80638565999,-0.006067076214988433
2025-03-21,68350.59125763824,0.007677817462978096
2025-03-24,71284.76547088676,0.04292829307340665
2025-03-25,72037.51059377339,0.01055969137184082
2025-03-26,69397.97228336244,-0.03664116497994456
2025-03-27,68567.3047944029,-0.011969621901455679
2025-03-28,64979.08354710609,-0.052331373648942185
2025-03-31,64942.96444321053,-0.0005558573917003029
2025-04-01,66001.85683587613,0.016304959309203573
2025-04-02,66983.58161229925,0.014874199355699098
2025-04-03,59724.04606000411,-0.10837783494936584
2025-04-04,52471.62843844925,-0.12143212156571635
2025-04-07,52657.45370570342,0.0035414427336127458
2025-04-08,50597.12084902853,-0.03912708860154642
2025-04-09,62758.78703080181,0.24036281072318733
2025-04-10,57498.884356207076,-0.08381141388238098
2025-04-11,59666.21495201666,0.03769343736102634
2025-04-14,60327.90495413037,0.01108986052904215
2025-04-15,60542.481940392885,0.003556844654653042
2025-04-16,56855.48556183763,-0.06089932656188903
2025-04-17,56853.552859735595,-3.39932388746171e-05
2025-04-21,54033.42534836826,-0.04960336460106412
2025-04-22,56869.576494949,0.052488827578397984
2025-04-23,59459.01277240655,0.04553289187387456
2025-04-24,62769.31643370683,0.05567370709586533
2025-04-25,64189.45221670229,0.022624681351999684
2025-04-28,64138.598016340315,-0.0007922516644991871
2025-04-29,64910.15777514601,0.01202957006651643
2025-04-30,65077.91217755295,0.002584409099544199
2025-05-01,66506.92462310847,0.02195848633952371
2025-05-02,68624.98630677693,0.03184723539197485
2025-05-05,67688.38403634551,-0.013648123239609782
2025-05-06,66485.45030069494,-0.017771642103387476
2025-05-07,66994.76231212338,0.007660503299969783
2025-05-08,68308.30823391225,0.019606695754350967
2025-05-09,68288.1835158154,-0.0002946159642534091
2025-05-12,73763.05462210976,0.08017303762409184
2025-05-13,76086.64462481765,0.0315007291199057
2025-05-14,76952.5991796901,0.011381163660751101
2025-05-15,77066.0989859554,0.001474931418498927
2025-05-16,77725.16485686715,0.00855195578320187
2025-05-19,77844.37890207669,0.0015337895445968089
2025-05-20,77259.48113394408,-0.007513680196078978
2025-05-21,75177.52246019669,-0.026947613978120285
2025-05-22,75400.28472579234,0.0029631498658870374
2025-05-23,73988.17365692974,-0.018728192791287488
2025-05-27,77496.31014818314,0.047414827503649774
2025-05-28,76789.11354076154,-0.00912555199169283
2025-05-29,77112.52164927902,0.004211640082885088
2025-05-30,76940.35229667724,-0.002232702924498226
2025-06-02,78008.19329803057,0.013878816115057663
2025-06-03,79241.81293473669,0.01581397523197433
2025-06-04,79669.34503075211,0.005395284133233305
2025-06-05,78382.75787506241,-0.016149086642962628
2025-06-06,79935.77777092412,0.019813284681015217
2025-06-09,80180.86411793575,0.003066040687237562
2025-06-10,81233.92751762921,0.01313360003385017
2025-06-11,80626.51272867982,-0.0074773534594591564
2025-06-12,81007.20370858116,0.004721659997653938
2025-06-13,78913.44183525449,-0.02584661335624992
2025-06-16,81130.26375089765,0.0280918163507701
2025-06-17,79507.45237657033,-0.02000254035054038
2025-06-18,79505.29646339607,-2.7115862850850957e-05
2025-06-20,78809.0003521676,-0.008757858183058714
2025-06-23,80465.16340161083,0.02101489730922187
2025-06-24,82919.13578041422,0.030497326732008535
2025-06-25,83265.12281934555,0.004172583754943812
2025-06-26,84827.43064274808,0.018763051929823638
2025-06-27,85477.22454275379,0.007660186039847602
2025-06-30,86554.4599188223,0.012602601240634576
2025-07-01,85014.0099660694,-0.017797464789193404
2025-07-02,86245.5588896321,0.01448642316783121
2025-07-03,87953.08682798936,0.019798444816647044
2025-07-07,86528.34977620967,-0.016198829434674163
2025-07-08,86648.38628558857,0.0013872506489416036
2025-07-09,87882.82854300027,0.014246569501514305
2025-07-10,87601.46261296667,-0.0032016030286955966
2025-07-11,87220.72581276114,-0.004346237937689157
2025-07-14,87773.47153422925,0.006337320818158518
2025-07-15,87988.59378532115,0.002450880058993691
2025-07-16,88161.05219577866,0.001960008712927907
2025-07-17,89485.9021418283,0.01502761041358198
2025-07-18,89357.64084316984,-0.0014333129083861351
2025-07-21,90223.17696584928,0.009686201588496784
2025-07-22,89308.91801380846,-0.010133304798021983
2025-07-23,90066.87693319713,0.008486934297776106
2025-07-24,90506.16335708094,0.004877336028978003
2025-07-25,90907.03585963328,0.004429228769434674
2025-07-28,91540.72642669464,0.006970753815357472
2025-07-29,91157.08252754486,-0.004190964111006963
2025-07-30,91439.75934075427,0.0031009857421006207
2025-07-31,90434.99960365164,-0.010988215020977505
2025-08-01,86884.48104239674,-0.03926044757909774
2025-08-04,90109.3971863656,0.03711728613991737
2025-08-05,88780.28618989009,-0.014749971012752638
2025-08-06,91059.87936536504,0.025676794627572917
2025-08-07,91634.15569989546,0.006306579127194059
2025-08-08,93363.9641476768,0.01887733274311505
2025-08-11,92671.26696052698,-0.007419320649818959
2025-08-12,95125.97162915327,0.026488303755163485
2025-08-13,95196.57825251328,0.0007422433868563331
2025-08-14,95056.12738687167,-0.001475377248004284
2025-08-15,94088.01444427384,-0.010184645316526351
2025-08-18,94077.91695856511,-0.00010731957485093018
2025-08-19,91459.72407422529,-0.02783004735843541
2025-08-20,90394.55036871108,-0.011646369112701041
2025-08-21,89555.06533199619,-0.00928689874877091
2025-08-22,92299.27964261328,0.03064275929500833
2025-08-25,91706.50859103315,-0.006422271700010594
2025-08-26,92479.40313570024,0.00842791374943531
2025-08-27,92790.58859300606,0.003364916367909482
2025-08-28,93866.4609141231,0.011594627617203755
2025-08-29,91577.42597934342,-0.024386079037046923
2025-09-02,90105.24851091528,-0.016075768156665744
2025-09-03,91522.99106051667,0.015734294872175474
2025-09-04,93220.9166819197,0.01855190266105197
2025-09-05,93366.43663538039,0.0015610225541679752
2025-09-08,94210.43792912747,0.009039664832054331
2025-09-09,94817.12016850166,0.006439649923191906
2025-09-10,94884.55240534038,0.0007111820810302434
2025-09-11,96016.81100623569,0.011933013037342342
2025-09-12,96806.24076532749,0.00822178690188457
2025-09-15,98402.09365603502,0.01648502078059323
2025-09-16,98235.68522330714,-0.0016911066273606456
2025-09-17,97818.27994531849,-0.004249018847273438
2025-09-18,99677.36173136419,0.01900546387735454
2025-09-19,101065.97576624258,0.01393108736786978
2025-09-22,102147.32398820481,0.01069942890041738
2025-09-23,100646.27579386334,-0.014694934098467357
2025-09-24,100010.59853713817,-0.006315954084849914
2025-09-25,99134.87477283338,-0.008756309602322787
2025-09-26,99992.43724727922,0.008650462074128168
2025-09-29,100844.79962017559,0.008524268398303975
2025-09-30,101398.90413700414,0.0054946265837757325
2025-10-01,102383.65906173881,0.0097116919863763
2025-10-02,103133.90047465719,0.0073277456558370575
2025-10-03,102236.6925167838,-0.00869944755065147
2025-10-06,103803.67162280879,0.01532697378456107
2025-10-07,102645.30710611519,-0.011159186361950174
2025-10-08,105086.25567299445,0.023780420515043935
2025-10-09,104756.09844320641,-0.0031417736570176556
2025-10-10,97431.1946607738,-0.06992341153678809
2025-10-13,101658.59802873831,0.04338860241509987
2025-10-14,100245.98335175024,-0.01389567340471034
2025-10-15,101592.01192997122,0.013427256965478055
2025-10-16,100859.99770049413,-0.007205430974058051
2025-10-17,102166.36004769224,0.012952234552665589
2025-10-20,104800.75286878798,0.025785325227070627
2025-10-21,104676.22287399796,-0.0011882547728062748
2025-10-22,102600.15263899423,-0.019833255136677677
2025-10-23,104393.1206629881,0.01747529587312166
2025-10-24,106553.53041951878,0.020694943716694777
2025-10-27,110421.18291051788,0.03629774138662059
2025-10-28,112042.2044875237,0.014680349678190421
2025-10-29,112960.57925674904,0.00819668600261802
2025-10-30,109620.80417140566,-0.02956584595544946
2025-10-31,110662.2695928676,0.00950061833001599
2025-11-03,111617.29930671617,0.008630129468356156
2025-11-04,106990.48350657462,-0.04145249731788805
2025-11-05,108532.2714041589,0.0144105143471899
2025-11-06,104371.81394047182,-0.0383338283614661
2025-11-07,103779.75290348093,-0.005672614230203698
2025-11-10,108325.218295199,0.0437991541177162
2025-11-11,107654.27716602969,-0.006193766693743647
2025-11-12,107509.04333757024,-0.0013490762492925036
2025-11-13,103085.77445411973,-0.041143226152257545
2025-11-14,103199.10919414928,0.0010994217255455186
2025-11-17,101454.01516357435,-0.016909971841829144
2025-11-18,99017.04288186991,-0.024020461662116695
2025-11-19,100119.42459997389,0.011133252276773855
2025-11-20,95347.87475799605,-0.04765858234845555
2025-11-21,96808.06299590303,0.015314323907198885
2025-11-24,101850.25274552757,0.052084398691438785
2025-11-25,103025.2119256894,0.011536143980883868
2025-11-26,104816.84918143848,0.01739027974085953
2025-11-28,106443.68492610115,0.015520746496077332
2025-12-01,105646.72340981079,-0.007487165789531423
2025-12-02,107413.87365561553,0.016726976367736856
2025-12-03,107830.9537728787,0.003882925948657065
2025-12-04,107612.76678478172,-0.0020234170288110694
2025-12-05,108532.20738256811,0.008543973222296367
2025-12-08,107963.52754828194,-0.005239733421081346
2025-12-09,108297.78842007274,0.003096053633865499
2025-12-10,109197.97635885444,0.008312154402359504
2025-12-11,108428.37227674034,-0.007047787035768739
2025-12-12,104282.99685677048,-0.038231464080173284
2025-12-15,103185.25215374616,-0.010526593367200944
2025-12-16,103717.37992529149,0.005157013821630747
2025-12-17,99703.06962731594,-0.03870431648839459
2025-12-18,102702.40918505064,0.03008272031087966
2025-12-19,105376.91045711662,0.026041271020692727
2025-12-22,106311.13098794002,0.008865514530373132
2025-12-23,107355.54662634483,0.009824141919093065
2025-12-24,107919.8879962417,0.005256750933056718
2025-12-26,107802.97680553354,-0.0010833146038126068
2025-12-29,106776.97415316525,-0.00951738702187337
2025-12-30,106241.00539109485,-0.005019516298538212
2025-12-31,104457.11737455812,-0.0167909557140379
2026-01-02,104074.88009937253,-0.003659274588393753
2026-01-05,105650.13780303372,0.015135810890746313
2026-01-06,107620.90655875692,0.018653726315031927
2026-01-07,107727.52792649099,0.0009907124102868303
2026-01-08,106482.10958006847,-0.011560818022969523
2026-01-09,108633.52227632933,0.020204452229067773
2026-01-12,108776.11397150294,0.0013125938677648907
2026-01-13,108377.85515717213,-0.003661270841456554
2026-01-14,106041.17026497632,-0.02156053825578205
2026-01-15,106704.59232541273,0.006256268756546521
2026-01-16,106543.33652998316,-0.0015112357576680658
2026-01-20,101972.47252282844,-0.04290145358708936
2026-01-21,104727.57771413295,0.02701812678600803
2026-01-22,106301.38285274289,0.015027609469836391
2026-01-23,107014.86320205664,0.006711863290641636
2026-01-26,107878.1409972151,0.008066896217289801
2026-01-27,109766.39388184718,0.01750357270877358
2026-01-28,110456.51035229916,0.00628713803966999
2026-01-29,109268.00805943378,-0.010759911652782322
2026-01-30,106453.06464412736,-0.02576182603946888
2026-02-02,107967.57787141671,0.014227051446121956
2026-02-03,104599.3028845044,-0.03119709688147055
2026-02-04,100893.5306458398,-0.035428268989100335
2026-02-05,98104.84317898197,-0.02763990365890533
2026-02-06,102306.22571828534,0.04282543453678822
2026-02-09,103840.26716069077,0.014994604987477844
2026-02-10,102673.42571381787,-0.01123688795086814
2026-02-11,103263.13242564115,0.005743518419916835
2026-02-12,99041.73565389702,-0.04087999920769328
2026-02-13,99392.25529740621,0.0035391104688845005
2026-02-17,99095.87061221943,-0.0029819696142313586
2026-02-18,100667.14269695182,0.015856080329331484
2026-02-19,99834.46893293585,-0.008271554567935378
2026-02-20,101556.31284827943,0.017246988277167197
2026-02-23,99054.91632122883,-0.024630635525214294
2026-02-24,101192.9655020363,0.02158448323628787
2026-02-25,104033.42386488471,0.028069721534065104
2026-02-26,101600.7553182007,-0.02338352864213614
2026-02-27,100985.62365475198,-0.006054400496553351
2026-03-02,101213.89933710577,0.002260477027247289
2026-03-03,98994.86358471615,-0.02192421956789595
2026-03-04,101975.62615213373,0.030110275013074495
2026-03-05,101368.27137685359,-0.005955881794479487
2026-03-06,98298.48170754996,-0.030283535741585068
2026-03-09,100850.94668245749,0.025966474055025866
2026-03-10,100752.14345278204,-0.0009796956094674874
2026-03-11,100809.39356912991,0.0005682272792013378
2026-03-12,97313.43081515722,-0.03467893844213375
2026-03-13,96089.55512760383,-0.01257663692772374
2026-03-16,98220.65944190313,0.02217831388093394
2026-03-17,99205.82407921333,0.010030116300460407
2026-03-18,96349.24678774936,-0.028794451515095177
2026-03-19,95787.29774217507,-0.005832417629711509
2026-03-20,92180.46186110422,-0.03765463653415875
2026-03-23,94388.92052052611,0.023957990824015927
2026-03-24,92925.24172446923,-0.015506891995216512
2026-03-25,94157.42765461994,0.013259970136039384
2026-03-26,89657.49586262454,-0.047791575280727305
2026-03-27,86193.9715119201,-0.038630616630329975
2026-03-30,84827.0995183969,-0.015858092736035015
2026-03-31,90632.75604108389,0.06844105899704701
2026-04-01,92758.60871876219,0.02345567729083127
2026-04-02,92945.0904124569,0.002010397700768719
2026-04-06,94035.54117425425,0.011732204003012068
2026-04-07,94103.91287961576,0.000727083659090233
2026-04-08,99542.69740885914,0.05779551947219292
2026-04-09,100961.48849507903,0.014253090614898545
2026-04-10,101225.4894604266,0.00261486799850859
2026-04-13,103345.43722928471,0.020942825568523442
2026-04-14,107065.0481015441,0.03599201834142893
2026-04-15,110056.99491572719,0.02794513118179721
2026-04-16,111122.91624712707,0.009685175687525034
2026-04-17,113974.73650053446,0.02566365561415987
2026-04-20,113233.45475172263,-0.006503912810610941
2026-04-21,112276.03384379687,-0.008455283025895587
2026-04-22,116145.24190304134,0.034461566968312034
2026-04-23,114798.14327861584,-0.011598396992879621
2026-04-24,119251.5532389624,0.03879339711564936
2026-04-27,119227.55264794998,-0.00020126019628707674
2026-04-28,116797.5982385387,-0.020380812617921813
2026-04-29,118149.35500184006,0.011573497945913482
2026-04-30,120440.03677367471,0.019388017579943503
2026-05-01,122691.98641917184,0.018697683144425385
2026-05-04,122130.83894890458,-0.004573627721293243
2026-05-05,125325.32338053317,0.026156247341959614
2026-05-06,130536.79522963279,0.04158354998435311
2026-05-07,130200.11826160572,-0.0025791729254177557
2026-05-08,136302.45900676536,0.0468689339659314
2026-05-11,137053.79798317008,0.0055122921617094455
2026-05-12,134645.94028191746,-0.01756870467426455
2026-05-13,137429.6939783403,0.02067462034573286
2026-05-14,139410.66892464287,0.014414460870550675
2026-05-15,135104.74130953258,-0.030886643384788713
2026-05-18,133843.8809327983,-0.009332465792933002
2026-05-19,132207.76901964494,-0.01222403222135214
2026-05-20,136585.9962343761,0.03311626273703035
2026-05-21,137125.56096956402,0.003950366436263783
2026-05-22,138271.4773630917,0.008356694298461514
2026-05-26,143081.9180391066,0.03478982627330283
2026-05-27,142800.60711428212,-0.0019660829871430865
2026-05-28,145169.17662537837,0.016586550708434386
2026-05-29,146202.18059750178,0.007115862996103971
2026-06-01,147892.94070080548,0.011564534101980321
2026-06-02,149298.18393809933,0.00950176006126428
2026-06-03,148410.58479616445,-0.00594514359466625
2026-06-04,146806.57617038593,-0.010807912575653313
2026-06-05,132786.5170084025,-0.09550021210025039
2026-06-08,136928.31616384012,0.03119141347141081
2026-06-09,133842.23369955886,-0.02253794211993838
2026-06-10,128521.03986714425,-0.039757210301490514
2026-06-11,136964.9209262082,0.06570037923590287
2026-06-12,138714.38942239518,0.012773113614467334
2026-06-15,147165.7593442509,0.060926411146292055
2026-06-16,141600.15721204877,-0.03781859419610681
2026-06-17,138775.34258185615,-0.019949233714213924
2026-06-18,145636.8703633905,0.04944342167620375
2026-06-22,145002.95943013977,-0.004352681650388515
2026-06-23,135431.62705169065,-0.06600784160588427
2026-06-24,134241.79864400893,-0.008785454576482424
2026-06-25,136250.0264210804,0.014959780019016477
2026-06-26,133253.0216076181,-0.021996361337942444
2026-06-29,139215.32209126855,0.04474420475962822
2026-06-30,143889.72902908333,0.0335768137270857
2026-07-01,139432.04560964325,-0.030979858322890363
2026-07-02,134926.2021228257,-0.03231569519844969
2026-07-06,138255.47719997595,0.024674785362442418
2026-07-07,133352.64299105637,-0.03546213363994256
2026-07-08,134064.32194045963,0.005336819229379414
2026-07-09,138398.37687254435,0.032328175530620035
2026-07-10,139294.89649179627,0.006477818884231181
2026-07-13,134006.08214906504,-0.03796847175260808
2026-07-14,136941.25844893145,0.021903306572319613
2026-07-15,136150.62611307367,-0.005773514460235828
2026-07-16,131733.79454907408,-0.032440773062118664
2026-07-17,127787.14223484039,-0.029959300327931117
2026-07-20,127846.02724763838,0.0004608054595178065
2026-07-21,132756.09584841284,0.03840611011919552
2026-07-22,131310.1684847032,-0.010891608061151817
2026-07-23,126374.62693995096,-0.037586895224547584
2026-07-24,123460.08377175956,-0.023062724209475163
2026-07-27,122634.64522184874,-0.006685873884848485
2026-07-28,120205.42606532888,-0.019808587957549507
2026-07-29,115248.52835401197,-0.04123688816362532
2026-07-30,122983.0490771765,0.06711166583755582
2026-07-31,124437.66254460091,0.011827755762597656
2026-08-03,128818.2854685358,0.03520335270171751
2026-08-04,137365.54201418377,0.06635126771451741
2026-08-05,135082.3935822014,-0.01662096912009143
2026-08-06,134018.02840087257,-0.007879377564339119
2026-08-07,137186.86404760522,0.023644846029625934
2026-08-10,136211.31559822618,-0.007111092276593761
2026-08-11,135309.66712581558,-0.006619482885475755
2026-08-12,137283.98840742663,0.014591132500350082
2026-08-13,140424.2811479892,0.022874428234434193
2026-08-14,140049.8658098341,-0.0026663147932410856
2026-08-17,139527.85842802539,-0.003727296551055056
2026-08-18,134818.88475125536,-0.03374934389320625
2026-08-19,134209.47294582275,-0.004520225831544259
2026-08-20,132252.21134238294,-0.0145836322912162
2026-08-21,133103.34389952582,0.006435677320656642
2026-08-24,130462.18229396452,-0.0198429395399338
2026-08-25,132119.65504597768,0.012704622311762528
2026-08-26,132242.62739146771,0.0009307649603478581
2026-08-27,136001.52529600766,0.028424253046733253
2026-08-28,134075.84094964038,-0.01415928492107728
2026-08-31,134243.57634206704,0.001251048594874514
2026-09-01,130766.73002298697,-0.025899535857273975
2026-09-02,131346.16235445486,0.0044310378592938
2026-09-03,134386.49472645324,0.02314747776028382
2026-09-04,134934.64274877653,0.004078892179151206
2026-09-08,134538.9027560726,-0.0029328272165119796
2026-09-09,133737.68077563794,-0.005955318231540405
2026-09-10,130830.79979543044,-0.021735691566867818
2026-09-11,133197.51418658346,0.018089887051471472
2026-09-14,130962.49492546037,-0.01677973703016909
2026-09-15,129244.82812466295,-0.013115715318153255
2026-09-16,129294.30772778818,0.00038283623293227303
2026-09-17,133763.328024234,0.03456471034946695
2026-09-18,135539.26628310734,0.013276720048050611
2026-09-21,143156.69583846832,0.05620090593857953
2026-09-22,145488.72571703023,0.016290051016497928
2026-09-23,142990.14129001103,-0.017173732292348497
2026-09-24,143053.96505034267,0.00044635077464654573
2026-09-25,144250.81694264035,0.008366436343630938
