date,A,B,C
2013-01-02,10321.0,10643.0,10964.0
2013-01-03,10267.33,10533.38,10794.06
2013-01-04,10238.58,10473.34,10702.31
2013-01-07,10237.56,10471.24,10699.1
2013-01-08,10217.08,10429.36,10633.83
2013-01-09,10250.8,10498.19,10739.11
2013-01-10,10313.33,10625.22,10934.56
2013-01-11,10328.8,10657.09,10983.77
2013-01-14,10281.29,10560.12,10833.29
2013-01-15,10233.99,10461.91,10682.71
2013-01-16,10278.0,10551.88,10820.51
2013-01-17,10324.25,10647.9,10967.67
2013-01-18,10309.8,10618.09,10920.51
2013-01-22,10321.14,10641.45,10955.46
2013-01-23,10381.0,10764.89,11147.18
2013-01-24,10235.67,10463.47,10678.99
2013-01-25,10284.8,10564.97,10833.84
2013-01-28,10306.4,10609.34,10901.01
2013-01-29,10310.52,10617.83,10915.18
2013-01-30,10291.96,10579.6,10857.33
2013-01-31,10265.2,10524.59,10771.56
2013-02-01,10893.31,11285.87,11672.83
2013-02-04,10702.67,10891.99,11061.17
2013-02-05,10857.86,11207.86,11541.22
2013-02-06,10824.2,11137.25,11432.74
2013-02-07,10825.28,11138.37,11435.02
2013-02-08,10940.03,11374.5,11797.51
2013-02-11,10936.75,11366.54,11785.72
2013-02-12,10889.72,11267.65,11632.5
2013-02-13,10933.28,11358.92,11773.25
2013-02-14,10924.53,11339.61,11743.82
2013-02-15,10898.32,11284.04,11658.09
2013-02-19,10970.24,11432.99,11887.76
2013-02-20,10801.3,11080.86,11338.54
2013-02-21,10688.97,10850.37,10984.78
2013-02-22,10790.51,11056.53,11297.85
2013-02-25,10647.0,10763.53,10848.19
2013-02-26,10694.91,10859.33,10993.56
2013-02-27,10806.14,11085.2,11336.56
2013-02-28,10795.33,11063.03,11303.68
2013-03-01,11332.61,11640.5,11921.72
2013-03-04,11381.34,11740.61,12075.51
2013-03-05,11545.23,12078.74,12597.17
2013-03-06,11517.52,12020.76,12506.47
2013-03-07,11546.31,12080.87,12599.02
2013-03-08,11565.94,12120.73,12662.01
2013-03-11,11598.33,12187.4,12767.11
2013-03-12,11553.09,12091.12,12616.46
2013-03-13,11543.85,12072.98,12587.44
2013-03-14,11579.64,12147.83,12703.24
2013-03-15,11547.21,12079.81,12596.53
2013-03-18,11518.35,12018.2,12500.8
2013-03-19,11497.61,11974.93,12433.3
2013-03-20,11574.65,12135.4,12683.21
2013-03-21,11446.17,11867.21,12262.12
2013-03-22,11553.76,12089.12,12606.69
2013-03-25,11506.39,11991.2,12452.89
2013-03-26,11576.58,12137.49,12680.78
2013-03-27,11590.47,12167.84,12727.69
2013-03-28,11626.4,12243.28,12846.06
2013-04-01,12033.03,12548.31,13039.1
2013-04-02,12134.11,12759.12,13368.99
2013-04-03,12023.69,12528.18,13005.35
2013-04-04,12023.69,12526.92,13004.05
2013-04-05,11923.89,12318.98,12680.25
2013-04-08,11985.9,12447.09,12878.07
2013-04-09,12066.2,12612.64,13135.63
2013-04-10,12300.29,13103.27,13901.43
2013-04-11,12300.29,13101.96,13900.04
2013-04-12,12289.22,13078.38,13862.51
2013-04-15,12034.83,12538.24,13003.04
2013-04-16,12210.54,12905.61,13573.87
2013-04-17,11967.55,12391.97,12764.87
2013-04-18,11795.21,12035.08,12213.43
2013-04-19,11960.35,12373.27,12727.61
2013-04-22,12087.13,12636.82,13133.62
2013-04-23,12195.91,12864.28,13488.23
2013-04-24,12191.03,12852.7,13470.7
2013-04-25,12253.21,12985.08,13678.14
2013-04-26,12218.9,12911.07,13561.88
2013-04-29,12332.53,13151.21,13940.26
2013-04-30,12420.09,13339.28,14238.58
2013-05-01,12856.79,13703.65,14523.39
2013-05-02,13026.5,14064.06,15097.07
2013-05-03,13176.3,14387.53,15617.92
2013-05-06,13225.05,14492.56,15789.71
2013-05-07,13214.47,14467.92,15750.24
2013-05-08,13283.19,14618.39,15995.94
2013-05-09,13251.31,14548.22,15880.77
2013-05-10,13340.09,14743.17,16201.56
2013-05-13,13345.43,14753.49,16219.39
2013-05-14,13408.15,14892.17,16446.46
2013-05-15,13437.65,14957.7,16555.0
2013-05-16,13422.87,14924.79,16500.37
2013-05-17,13555.75,15220.3,16988.78
2013-05-20,13520.51,15139.63,16854.57
2013-05-21,13544.85,15194.13,16945.59
2013-05-22,13422.94,14919.12,16486.36
2013-05-23,13388.04,14843.03,16359.42
2013-05-24,13386.7,14838.58,16352.87
2013-05-28,13480.41,15046.32,16696.28
2013-05-29,13403.57,14874.79,16410.78
2013-05-30,13479.97,15044.37,16689.76
2013-05-31,13345.17,14743.48,16189.07
2013-06-03,13886.71,15336.46,16840.94
2013-06-04,13807.56,15161.63,16551.27
2013-06-05,13637.72,14788.65,15940.53
2013-06-06,13699.09,14921.75,16154.13
2013-06-07,13888.14,15332.1,16821.3
2013-06-10,13886.75,15327.5,16814.57
2013-06-11,13745.11,15013.28,16298.36
2013-06-12,13588.41,14670.98,15740.96
2013-06-13,13759.63,15039.22,16334.39
2013-06-14,13671.56,14845.22,16019.14
2013-06-17,13798.71,15121.34,16466.08
2013-06-18,13914.62,15373.86,16879.37
2013-06-19,13744.86,14998.74,16261.59
2013-06-20,13423.23,14298.3,15121.65
2013-06-21,13365.51,14175.34,14926.58
2013-06-24,13227.85,13881.91,14463.86
2013-06-25,13312.5,14060.98,14743.01
2013-06-26,13438.97,14329.55,15164.66
2013-06-27,13499.45,14458.51,15369.38
2013-06-28,13511.6,14485.98,15412.42
2013-07-01,14097.07,15168.81,16203.61
2013-07-02,14108.35,15193.08,16240.88
2013-07-03,14164.78,15314.63,16437.4
2013-07-05,14269.6,15541.28,16802.31
2013-07-08,14283.87,15572.37,16851.03
2013-07-09,14371.0,15763.91,17161.09
2013-07-10,14450.04,15937.31,17442.54
2013-07-11,14733.26,16562.05,18468.16
2013-07-12,14827.55,16774.05,18822.75
2013-07-15,14832.0,16782.43,18837.8
2013-07-16,14820.14,16757.26,18794.48
2013-07-17,14857.19,16842.72,18937.31
2013-07-18,14821.53,16761.88,18799.07
2013-07-19,14662.94,16403.17,18195.62
2013-07-22,14712.79,16514.71,18379.4
2013-07-23,14598.03,16257.09,17949.32
2013-07-24,14644.75,16361.13,18123.43
2013-07-25,14742.87,16582.01,18489.52
2013-07-26,14813.63,16739.54,18753.92
2013-07-29,14778.08,16660.86,18620.77
2013-07-30,14856.4,16839.13,18918.7
2013-07-31,14880.17,16893.02,19007.62
2013-08-01,15560.12,17800.01,20192.34
2013-08-02,15645.7,17995.81,20525.51
2013-08-05,15644.14,17992.21,20519.35
2013-08-06,15539.32,17751.12,20108.97
2013-08-07,15522.23,17712.07,20040.59
2013-08-08,15579.66,17841.36,20261.04
2013-08-09,15522.02,17709.34,20036.14
2013-08-12,15559.27,17792.57,20178.4
2013-08-13,15633.95,17965.16,20470.99
2013-08-14,15576.11,17832.22,20243.76
2013-08-15,15311.32,17225.92,19211.33
2013-08-16,15299.07,17200.08,19167.14
2013-08-19,15277.65,17153.64,19088.56
2013-08-20,15338.76,17292.59,19319.53
2013-08-21,15285.07,17173.27,19118.6
2013-08-22,15436.39,17513.3,19684.52
2013-08-23,15547.54,17767.24,20111.67
2013-08-26,15539.76,17749.47,20081.5
2013-08-27,15225.86,17032.4,18864.56
2013-08-28,15288.29,17172.06,19096.6
2013-08-29,15393.77,17409.04,19491.9
2013-08-30,15296.79,17189.68,19121.55
2013-09-03,15888.42,17896.65,19964.93
2013-09-04,16056.83,18276.06,20599.81
2013-09-05,16084.13,18340.03,20706.93
2013-09-06,16101.82,18380.37,20775.26
2013-09-09,16290.21,18808.64,21502.4
2013-09-10,16368.41,18989.2,21809.88
2013-09-11,16342.22,18926.54,21703.01
2013-09-12,16320.97,18875.43,21616.2
2013-09-13,16335.66,18907.52,21672.4
2013-09-16,16286.65,18794.08,21477.35
2013-09-17,16400.66,19057.19,21928.38
2013-09-18,16608.95,19541.25,22763.85
2013-09-19,16640.51,19617.46,22895.88
2013-09-20,16573.94,19460.52,22623.42
2013-09-23,16545.77,19396.3,22510.3
2013-09-24,16542.46,19388.54,22496.79
2013-09-25,16491.18,19266.39,22285.32
2013-09-26,16621.46,19572.73,22815.72
2013-09-27,16601.51,19527.71,22735.86
2013-09-30,16540.09,19381.25,22481.22
2013-10-01,17224.12,20312.68,23728.11
2013-10-02,17225.84,20314.71,23732.85
2013-10-03,17017.41,19823.09,22868.98
2013-10-04,17168.86,20177.92,23481.87
2013-10-07,17026.36,19842.97,22897.17
2013-10-08,16699.46,19081.0,21576.0
2013-10-09,16639.34,18943.62,21342.98
2013-10-10,17000.41,19767.66,22734.54
2013-10-11,17122.81,20050.34,23223.34
2013-10-14,17240.96,20325.03,23701.74
2013-10-15,17180.62,20182.76,23452.87
2013-10-16,17376.48,20642.92,24254.96
2013-10-17,17480.74,20890.64,24689.12
2013-10-18,17758.68,21557.05,25869.26
2013-10-21,17797.75,21651.9,26037.41
2013-10-22,17828.01,21725.52,26170.2
2013-10-23,17717.47,21456.12,25683.44
2013-10-24,17804.29,21666.39,26058.41
2013-10-25,17918.23,21943.72,26556.13
2013-10-28,17912.86,21928.36,26529.57
2013-10-29,17961.22,22046.77,26741.81
2013-10-30,17927.1,21963.0,26592.06
2013-10-31,17885.87,21864.16,26411.23
2013-11-01,18396.9,22391.0,26959.67
2013-11-04,18424.49,22458.17,27078.29
2013-11-05,18446.6,22512.07,27175.77
2013-11-06,18428.16,22467.05,27094.25
2013-11-07,18079.86,21617.79,25558.0
2013-11-08,18327.56,22210.12,26605.88
2013-11-11,18307.4,22159.04,26515.42
2013-11-12,18320.21,22187.84,26568.45
2013-11-13,18540.05,22720.35,27524.92
2013-11-14,18591.97,22847.59,27756.13
2013-11-15,18632.87,22948.12,27936.54
2013-11-18,18450.27,22496.04,27112.41
2013-11-19,18391.23,22354.31,26854.84
2013-11-20,18332.37,22209.01,26594.35
2013-11-21,18526.7,22677.62,27437.39
2013-11-22,18632.3,22933.88,27903.83
2013-11-25,18662.11,23007.27,28037.77
2013-11-26,18761.02,23253.44,28486.37
2013-11-27,18896.1,23585.97,29098.83
2013-11-29,18990.58,23821.83,29535.31
2013-12-02,19453.55,24229.4,29864.11
2013-12-03,19443.82,24205.18,29816.33
2013-12-04,19465.21,24256.01,29911.74
2013-12-05,19436.01,24183.24,29777.14
2013-12-06,19583.73,24553.24,30459.03
2013-12-09,19650.31,24720.2,30769.72
2013-12-10,19638.52,24693.01,30717.41
2013-12-11,19385.18,24058.4,29531.71
2013-12-12,19336.72,23938.11,29310.23
2013-12-13,19315.45,23885.45,29210.57
2013-12-16,19423.62,24152.96,29701.31
2013-12-17,19386.71,24063.6,29534.98
2013-12-18,19611.6,24621.87,30565.75
2013-12-19,19550.8,24466.75,30278.44
2013-12-20,19732.62,24921.84,31123.2
2013-12-23,19945.74,25460.15,32134.71
2013-12-24,19965.68,25508.52,32227.9
2013-12-26,20031.57,25676.88,32546.95
2013-12-27,19973.48,25525.38,32260.54
2013-12-30,19951.51,25469.23,32154.08
2013-12-31,20073.21,25782.5,32745.72
2014-01-02,20410.68,25867.24,32457.79
2014-01-03,20267.81,25507.68,31779.43
2014-01-06,20200.92,25336.78,31461.63
2014-01-07,20378.69,25780.17,32289.07
2014-01-08,20433.71,25919.39,32553.84
2014-01-09,20347.89,25701.66,32143.66
2014-01-10,20419.11,25881.58,32484.39
2014-01-13,20118.95,25123.25,31055.07
2014-01-14,20507.24,26093.0,32853.16
2014-01-15,20675.4,26518.32,33658.07
2014-01-16,20683.67,26539.53,33698.45
2014-01-17,20569.91,26244.94,33139.06
2014-01-21,20722.13,26630.75,33871.43
2014-01-22,20780.15,26777.21,34152.57
2014-01-23,20701.19,26571.03,33759.81
2014-01-24,20287.17,25508.19,31734.22
2014-01-27,20100.52,25041.39,30861.53
2014-01-28,20082.43,24993.81,30775.12
2014-01-29,19865.54,24453.94,29778.01
2014-01-30,20235.04,25366.08,31442.6
2014-01-31,20174.34,25216.42,31162.76
2014-02-03,20196.76,24528.32,29465.36
2014-02-04,20370.45,24952.66,30228.51
2014-02-05,20280.82,24733.07,29829.5
2014-02-06,20532.3,25343.98,30936.17
2014-02-07,20910.1,26276.64,32643.85
2014-02-10,21029.29,26573.57,33198.8
2014-02-11,21262.71,27160.84,34301.0
2014-02-12,21296.73,27245.04,34462.21
2014-02-13,21486.27,27730.0,35378.9
2014-02-14,21512.06,27796.55,35502.73
2014-02-18,21602.41,28032.82,35953.62
2014-02-19,21446.87,27626.35,35173.42
2014-02-20,21558.39,27916.42,35725.64
2014-02-21,21504.5,27774.05,35454.13
2014-02-24,21639.97,28126.78,36127.76
2014-02-25,21601.02,28025.53,35932.67
2014-02-26,21585.9,27986.29,35857.21
2014-02-27,21721.89,28338.92,36534.91
2014-02-28,21700.17,28282.24,36425.31
2014-03-03,22033.67,28350.51,36094.49
2014-03-04,22344.34,29147.15,37617.67
2014-03-05,22389.03,29260.83,37839.62
2014-03-06,22350.97,29161.34,37650.42
2014-03-07,22245.92,28887.22,37119.55
2014-03-10,22263.72,28933.44,37208.64
2014-03-11,22174.66,28701.98,36762.13
2014-03-12,22267.8,28943.07,37225.34
2014-03-13,21933.78,28074.78,35550.2
2014-03-14,21791.21,27712.62,34860.52
2014-03-17,21998.23,28241.93,35857.53
2014-03-18,22262.21,28922.56,37151.99
2014-03-19,22119.73,28549.46,36434.96
2014-03-20,22188.3,28723.61,36770.16
2014-03-21,21942.01,28088.82,35549.39
2014-03-24,21726.98,27541.09,34507.79
2014-03-25,21800.85,27728.36,34859.77
2014-03-26,21519.62,27012.97,33510.7
2014-03-27,21401.26,26715.83,32957.77
2014-03-28,21450.48,26841.39,33188.48
2014-03-31,21596.35,27206.44,33865.52
2014-04-01,22480.82,28673.39,36162.84
2014-04-02,22528.03,28790.95,36387.05
2014-04-03,22354.57,28344.69,35542.87
2014-04-04,21750.99,26814.08,32663.9
2014-04-07,21557.41,26334.11,31788.5
2014-04-08,21744.96,26792.32,32618.18
2014-04-09,22127.67,27735.41,34337.16
2014-04-10,21435.07,25999.17,31112.9
2014-04-11,21184.28,25388.19,30017.73
2014-04-14,21355.88,25796.94,30744.16
2014-04-15,21437.03,25993.0,31094.64
2014-04-16,21715.71,26666.22,32304.22
2014-04-17,21724.4,26687.55,32342.99
2014-04-21,21880.81,27071.85,33041.59
2014-04-22,22058.05,27510.42,33844.51
2014-04-23,21863.94,27023.48,32947.63
2014-04-24,22073.83,27539.63,33893.22
2014-04-25,21718.44,26650.1,32252.79
2014-04-28,21792.28,26828.66,32578.54
2014-04-29,21970.98,27265.96,33376.72
2014-04-30,22019.32,27388.66,33600.34
2014-05-01,22595.88,28081.09,34451.58
2014-05-02,22552.95,27977.19,34258.65
2014-05-05,22663.46,28248.57,34758.82
2014-05-06,22357.5,27485.86,33354.57
2014-05-07,22294.9,27331.94,33071.05
2014-05-08,22257.0,27239.01,32902.39
2014-05-09,22352.71,27473.27,33326.83
2014-05-12,22710.35,28355.16,34929.85
2014-05-13,22701.27,28329.64,34884.44
2014-05-14,22587.76,28049.17,34364.67
2014-05-15,22411.57,27611.61,33560.53
2014-05-16,22550.53,27953.99,34181.4
2014-05-19,22728.68,28395.66,34994.92
2014-05-20,22633.22,28154.3,34550.48
2014-05-21,22855.02,28706.13,35566.27
2014-05-22,22951.01,28947.26,36014.4
2014-05-23,23118.55,29366.99,36799.52
2014-05-27,23405.22,30098.23,38172.14
2014-05-28,23337.35,29923.66,37840.04
2014-05-29,23484.37,30300.7,38559.0
2014-05-30,23491.42,30318.88,38593.71
2014-06-02,23967.43,30754.16,38972.51
2014-06-03,23948.25,30708.03,38882.88
2014-06-04,24034.47,30929.13,39306.7
2014-06-05,24248.37,31479.66,40356.19
2014-06-06,24362.34,31772.43,40921.18
2014-06-09,24369.65,31791.49,40958.01
2014-06-10,24401.33,31877.33,41121.84
2014-06-11,24381.81,31826.32,41023.15
2014-06-12,24162.37,31256.63,39919.62
2014-06-13,24237.28,31450.42,40294.87
2014-06-16,24266.36,31522.76,40435.9
2014-06-17,24276.07,31544.82,40480.38
2014-06-18,24426.58,31932.83,41229.27
2014-06-19,24402.15,31868.96,41105.58
2014-06-20,24414.35,31900.83,41167.24
2014-06-23,24431.44,31945.49,41253.69
2014-06-24,24394.8,31849.65,41063.92
2014-06-25,24572.88,32314.66,41967.33
2014-06-26,24570.42,32308.2,41954.74
2014-06-27,24683.45,32605.43,42529.52
2014-06-30,24715.53,32690.2,42695.38
2014-07-01,25510.56,33963.54,44707.22
2014-07-02,25543.72,34048.45,44877.11
2014-07-03,25699.54,34463.84,45698.36
2014-07-07,25619.87,34246.71,45268.79
2014-07-08,25314.99,33428.22,43648.17
2014-07-09,25504.85,33926.3,44625.89
2014-07-10,25420.69,33702.38,44184.09
2014-07-11,25580.84,34127.03,45023.59
2014-07-14,25744.56,34560.45,45883.54
2014-07-15,25646.73,34297.79,45355.88
2014-07-16,25764.7,34609.9,45977.26
2014-07-17,25409.15,33654.67,44073.8
2014-07-18,25815.7,34728.25,46184.93
2014-07-21,25776.97,34627.54,45981.72
2014-07-22,25957.41,35112.32,46947.34
2014-07-23,26118.35,35547.72,47820.56
2014-07-24,26097.45,35494.39,47710.57
2014-07-25,25980.01,35171.39,47061.71
2014-07-28,25993.0,35206.57,47137.0
2014-07-29,25938.42,35062.22,46844.76
2014-07-30,26049.95,35363.75,47449.05
2014-07-31,25502.9,33878.48,44455.02
2014-08-01,25917.09,34151.58,44509.96
2014-08-04,26111.47,34663.85,45511.44
2014-08-05,25884.3,34064.17,44328.14
2014-08-06,25879.13,34053.95,44305.98
2014-08-07,25770.43,33767.9,43747.72
2014-08-08,25971.44,34294.67,44771.42
2014-08-11,26122.08,34689.06,45545.96
2014-08-12,26088.12,34595.4,45363.78
2014-08-13,26382.91,35373.8,46897.07
2014-08-14,26514.83,35731.07,47605.22
2014-08-15,26636.8,36063.37,48266.93
2014-08-18,26857.88,36658.42,49463.95
2014-08-19,26989.49,37017.67,50186.13
2014-08-20,26992.19,37028.78,50206.2
2014-08-21,27035.37,37143.57,50442.17
2014-08-22,27073.22,37247.57,50654.03
2014-08-25,27170.69,37519.48,51206.16
2014-08-26,27197.86,37598.27,51364.89
2014-08-27,27208.74,37624.59,51421.4
2014-08-28,27162.48,37496.66,51159.15
2014-08-29,27271.13,37796.64,51773.06
2014-09-02,27860.0,38545.56,52780.11
2014-09-03,27690.05,38079.16,51819.51
2014-09-04,27656.82,37987.77,51632.96
2014-09-05,27820.0,38432.23,52541.7
2014-09-08,27858.95,38536.0,52757.12
2014-09-09,27630.5,37904.01,51459.29
2014-09-10,27854.31,38521.84,52714.9
2014-09-11,27837.6,38479.47,52625.28
2014-09-12,27678.92,38040.8,51720.13
2014-09-15,27410.44,37306.61,50220.25
2014-09-16,27665.36,38000.52,51616.37
2014-09-17,27706.85,38118.32,51853.8
2014-09-18,27906.34,38671.03,52979.03
2014-09-19,27886.81,38613.03,52862.48
2014-09-22,27621.88,37879.38,51361.18
2014-09-23,27555.59,37697.56,50996.52
2014-09-24,27844.93,38492.98,52608.01
2014-09-25,27257.4,36868.57,49272.66
2014-09-26,27570.86,37712.86,50967.64
2014-09-29,27526.74,37592.18,50723.0
2014-09-30,27543.26,37633.53,50809.23
2014-10-01,27594.57,36913.26,48851.51
2014-10-02,27602.85,36935.41,48895.48
2014-10-03,27889.92,37703.67,50421.02
2014-10-06,27814.61,37496.3,50007.57
2014-10-07,27414.08,36420.15,47852.24
2014-10-08,27984.3,37938.87,50843.01
2014-10-09,27486.18,36592.04,48133.07
2014-10-10,26804.52,34777.08,44551.97
2014-10-13,26370.28,33646.82,42382.29
2014-10-14,26386.11,33690.56,42462.82
2014-10-15,26217.24,33259.32,41643.29
2014-10-16,26073.04,32896.8,40960.34
2014-10-17,26419.81,33775.14,42598.75
2014-10-20,26797.62,34741.11,44426.24
2014-10-21,27499.71,36561.54,47913.69
2014-10-22,27348.47,36159.37,47123.12
2014-10-23,27783.31,37305.62,49366.18
2014-10-24,27988.9,37857.74,50462.11
2014-10-27,28016.89,37933.46,50613.49
2014-10-28,28437.14,39071.46,52886.04
2014-10-29,28326.24,38766.7,52267.27
2014-10-30,28397.06,38956.66,52654.05
2014-10-31,28794.61,40051.34,54870.79
2014-11-03,29373.71,40766.27,55813.75
2014-11-04,29282.65,40509.44,55289.1
2014-11-05,29262.15,40452.72,55173.0
2014-11-06,29338.23,40663.08,55603.35
2014-11-07,29311.83,40593.95,55458.78
2014-11-10,29420.28,40894.35,56074.37
2014-11-11,29499.72,41115.18,56528.57
2014-11-12,29558.72,41275.53,56862.09
2014-11-13,29685.82,41630.5,57595.61
2014-11-14,29765.97,41859.46,58067.9
2014-11-17,29685.6,41637.61,57603.35
2014-11-18,29884.5,42199.72,58766.94
2014-11-19,29747.03,41811.48,57955.96
2014-11-20,29883.87,42196.14,58755.75
2014-11-21,29949.61,42381.81,59137.66
2014-11-24,30183.22,43038.72,60515.57
2014-11-25,30210.38,43116.19,60678.96
2014-11-26,30418.83,43715.51,61941.08
2014-11-28,30558.76,44117.69,62789.68
2014-12-01,30701.58,43591.49,61099.85
2014-12-02,30830.53,43962.01,61875.82
2014-12-03,30879.86,44102.69,62179.01
2014-12-04,30873.68,44080.64,62135.49
2014-12-05,30870.6,44071.82,62116.85
2014-12-08,30632.89,43393.12,60681.95
2014-12-09,30749.3,43722.91,61379.79
2014-12-10,30248.08,42301.91,58384.46
2014-12-11,30402.35,42733.39,59277.74
2014-12-12,30064.88,41784.71,57303.79
2014-12-15,29764.23,40953.19,55590.41
2014-12-16,29279.08,39618.12,52872.04
2014-12-17,29820.74,41080.03,55801.15
2014-12-18,30557.31,43105.27,59930.43
2014-12-19,30658.15,43389.77,60517.75
2014-12-22,30743.99,43632.75,61020.05
2014-12-23,30642.54,43340.41,60409.85
2014-12-24,30670.12,43418.42,60572.95
2014-12-26,30890.94,44047.99,61887.39
2014-12-29,30881.68,44017.16,61825.5
2014-12-30,30665.5,43400.92,60520.98
2014-12-31,30334.32,42467.8,58566.15
2015-01-02,30791.15,42843.19,58812.17
2015-01-05,30286.17,41437.93,55924.49
2015-01-06,29922.74,40439.28,53905.62
2015-01-07,30281.81,41405.78,55840.83
2015-01-08,30869.28,43008.18,59085.18
2015-01-09,30671.72,42453.38,57944.84
2015-01-12,30355.8,41578.84,56160.14
2015-01-13,30328.48,41504.0,56008.5
2015-01-14,30179.87,41097.26,55185.18
2015-01-15,29769.42,39983.52,52939.14
2015-01-16,30150.47,41011.1,54977.3
2015-01-20,30361.52,41585.25,56137.32
2015-01-21,30513.33,42001.11,56979.38
2015-01-22,31083.93,43567.75,60170.22
2015-01-23,31139.88,43724.59,60501.16
2015-01-26,31121.2,43676.49,60398.31
2015-01-27,30318.27,41422.79,55729.52
2015-01-28,30136.36,40921.57,54720.82
2015-01-29,30434.71,41731.82,56346.02
2015-01-30,30194.28,41076.63,55016.26
2015-02-02,30992.01,42383.21,57126.23
2015-02-03,31292.63,43205.45,58788.6
2015-02-04,31233.18,43041.27,58459.39
2015-02-05,31492.41,43755.75,59915.02
2015-02-06,31287.71,43191.3,58752.67
2015-02-09,31193.85,42932.16,58229.77
2015-02-10,31674.23,44258.76,60925.81
2015-02-11,31794.6,44590.7,61614.27
2015-02-12,32169.77,45643.04,63795.42
2015-02-13,32436.78,46400.72,65383.93
2015-02-17,32446.51,46428.56,65442.77
2015-02-18,32488.69,46544.63,65691.45
2015-02-19,32644.64,46986.8,66630.84
2015-02-20,32876.42,47649.32,68043.42
2015-02-23,32922.44,47787.5,68336.0
2015-02-24,32932.32,47820.95,68404.34
2015-02-25,32856.58,47596.19,67925.51
2015-02-26,33017.57,48062.63,68917.22
2015-02-27,32859.09,47596.43,67917.92
2015-03-02,33676.0,49015.07,70374.67
2015-03-03,33494.15,48485.71,69234.6
2015-03-04,33393.67,48194.79,68611.49
2015-03-05,33443.76,48339.38,68920.24
2015-03-06,33045.78,47193.73,66466.68
2015-03-09,33148.22,47491.05,67091.47
2015-03-10,32518.4,45686.39,63267.26
2015-03-11,32339.55,45188.41,62229.67
2015-03-12,32572.4,45834.61,63567.61
2015-03-13,32412.79,45385.43,62626.81
2015-03-16,32830.92,46556.37,65044.21
2015-03-17,32870.31,46668.11,65271.86
2015-03-18,33222.03,47666.8,67367.09
2015-03-19,33255.25,47762.14,67562.45
2015-03-20,33494.69,48445.14,69015.04
2015-03-23,33397.55,48164.15,68414.61
2015-03-24,33287.34,47851.09,67744.15
2015-03-25,32521.73,45654.72,63076.58
2015-03-26,32417.66,45357.97,62464.74
2015-03-27,32550.57,45729.9,63226.81
2015-03-30,32924.9,46786.26,65414.45
2015-03-31,32556.15,45738.25,63216.53
2015-04-01,32884.25,45757.37,62728.92
2015-04-02,32920.43,45858.04,62935.93
2015-04-06,33187.08,46600.94,64465.27
2015-04-07,33133.98,46451.82,64155.84
2015-04-08,33375.86,47134.66,65567.26
2015-04-09,33589.47,47737.98,66826.16
2015-04-10,33727.18,48129.43,67648.12
2015-04-13,33629.37,47850.28,67059.58
2015-04-14,33541.94,47601.46,66529.81
2015-04-15,33746.54,48182.2,67747.3
2015-04-16,33702.67,48056.92,67483.09
2015-04-17,33190.39,46600.8,64412.61
2015-04-20,33691.57,48003.48,67324.06
2015-04-21,33833.07,48406.71,68172.34
2015-04-22,34022.54,48948.87,69317.64
2015-04-23,34145.02,49306.19,70073.2
2015-04-24,34599.15,50622.67,72876.13
2015-04-27,34509.19,50359.43,72307.69
2015-04-28,34433.27,50142.89,71837.69
2015-04-29,34226.67,49541.17,70544.62
2015-04-30,33661.93,47911.27,67059.71
2015-05-01,34664.11,49834.56,70532.34
2015-05-04,34691.84,49914.29,70701.62
2015-05-05,34126.36,48282.1,67237.24
2015-05-06,33897.72,47635.12,65879.04
2015-05-07,34067.21,48111.47,66860.64
2015-05-08,34510.08,49357.55,69461.52
2015-05-11,34354.78,48913.34,68523.79
2015-05-12,34213.93,48517.14,67687.8
2015-05-13,34258.41,48648.13,67958.55
2015-05-14,34789.41,50151.36,71111.83
2015-05-15,34782.46,50136.32,71076.27
2015-05-18,34928.54,50552.45,71964.73
2015-05-19,34858.68,50345.18,71525.74
2015-05-20,34872.63,50380.42,71604.42
2015-05-21,35060.94,50919.49,72757.25
2015-05-22,35043.41,50868.58,72648.11
2015-05-26,34622.89,49652.82,70040.05
2015-05-27,35187.24,51276.46,73472.01
2015-05-28,35106.31,51040.59,72965.05
2015-05-29,34895.67,50423.0,71644.39
2015-06-01,35501.86,51228.54,72800.9
2015-06-02,35398.9,50936.54,72174.81
2015-06-03,35483.86,51186.13,72701.69
2015-06-04,35224.83,50443.93,71116.79
2015-06-05,35147.34,50221.97,70647.42
2015-06-08,34788.83,49197.44,68485.61
2015-06-09,34757.52,49108.89,68307.55
2015-06-10,35212.85,50390.63,70985.2
2015-06-11,35237.5,50456.14,71127.17
2015-06-12,34966.17,49674.07,69477.02
2015-06-15,34801.83,49207.13,68497.4
2015-06-16,34982.79,49718.89,69565.96
2015-06-17,35084.24,50012.23,70178.14
2015-06-18,35578.93,51417.57,73139.65
2015-06-19,35433.06,51001.09,72247.35
2015-06-22,35674.0,51694.7,73721.2
2015-06-23,35709.68,51803.26,73949.73
2015-06-24,35520.42,51254.15,72773.93
2015-06-25,35438.72,51013.25,72264.51
2015-06-26,35204.82,50339.88,70833.68
2015-06-29,34384.55,47994.04,65882.4
2015-06-30,34518.65,48363.6,66646.64
2015-07-01,35277.79,49586.78,68637.29
2015-07-02,35309.54,49680.99,68829.48
2015-07-06,35193.02,49353.1,68141.18
2015-07-07,35277.48,49585.06,68624.99
2015-07-08,34660.13,47849.58,65022.17
2015-07-09,34663.59,47859.15,65041.68
2015-07-10,35207.81,49357.14,68098.64
2015-07-13,35799.3,51015.54,71530.81
2015-07-14,36032.0,51673.64,72918.51
2015-07-15,36071.63,51787.32,73151.85
2015-07-16,36601.88,53309.87,76377.84
2015-07-17,37132.61,54855.86,79700.28
2015-07-20,37277.43,55283.73,80624.8
2015-07-21,37236.42,55156.58,80350.68
2015-07-22,36830.55,53948.65,77715.18
2015-07-23,36668.49,53473.9,76689.34
2015-07-24,36305.47,52415.12,74419.33
2015-07-27,36000.51,51534.55,72543.96
2015-07-28,36328.11,52472.47,74524.42
2015-07-29,36498.86,52965.72,75575.21
2015-07-30,36633.9,53357.66,76414.09
2015-07-31,36556.97,53133.56,75932.69
2015-08-03,36990.27,53435.11,76012.31
2015-08-04,36886.69,53130.53,75366.2
2015-08-05,37167.03,53938.12,77084.55
2015-08-06,36572.36,52212.1,73376.78
2015-08-07,36502.87,52018.91,72965.87
2015-08-10,36929.96,53241.36,75534.27
2015-08-11,36453.56,51862.41,72603.54
2015-08-12,36566.57,52189.14,73286.02
2015-08-13,36493.43,51985.6,72853.63
2015-08-14,36584.67,52250.73,73407.32
2015-08-17,36873.69,53071.07,75139.73
2015-08-18,36678.26,52508.51,73937.49
2015-08-19,36425.18,51789.15,72414.38
2015-08-20,35408.91,48899.31,66360.54
2015-08-21,33893.41,44708.64,57833.21
2015-08-24,32612.24,41328.67,51274.92
2015-08-25,32432.87,40874.05,50423.76
2015-08-26,34073.98,45010.51,58078.09
2015-08-27,34922.42,47256.53,62422.33
2015-08-28,34957.34,47351.04,62609.59
2015-08-31,34516.88,46157.8,60242.95
2015-09-01,33934.86,43779.01,55118.15
2015-09-02,34864.67,46178.1,59654.38
2015-09-03,34686.86,45711.7,58747.63
2015-09-04,34277.56,44632.91,56667.97
2015-09-08,35251.04,47168.06,61496.08
2015-09-09,34842.13,46069.04,59349.86
2015-09-10,35194.03,46995.03,61142.23
2015-09-11,35415.76,47582.47,62291.7
2015-09-14,35298.88,47263.66,61668.79
2015-09-15,35722.47,48393.26,63882.7
2015-09-16,35915.37,48911.07,64911.21
2015-09-17,35926.15,48940.42,64969.63
2015-09-18,35426.77,47574.98,62253.9
2015-09-21,35525.97,47846.16,62783.05
2015-09-22,35017.95,46477.76,60089.66
2015-09-23,35014.44,46463.81,60065.63
2015-09-24,34912.9,46194.32,59543.05
2015-09-25,34616.14,45404.4,58018.75
2015-09-28,33622.66,42798.19,53023.34
2015-09-29,33457.91,42378.77,52243.89
2015-09-30,34257.55,44404.47,55995.01
2015-10-01,34854.87,45160.43,56975.21
2015-10-02,35475.29,46763.62,60011.99
2015-10-05,36007.42,48166.53,62712.53
2015-10-06,35802.18,47617.43,61640.15
2015-10-07,36024.15,48207.89,62786.65
2015-10-08,36164.65,48579.09,63514.98
2015-10-09,36331.0,49021.16,64385.14
2015-10-12,36436.36,49300.58,64938.85
2015-10-13,36188.6,48635.02,63620.59
2015-10-14,36137.93,48498.84,63359.74
2015-10-15,36730.59,50089.61,66477.04
2015-10-16,36899.55,50550.43,67401.07
2015-10-19,37095.12,51086.27,68466.01
2015-10-20,36894.81,50539.64,67363.71
2015-10-21,36688.2,49978.65,66238.74
2015-10-22,37432.97,52007.79,70279.3
2015-10-23,38436.17,54800.6,75936.78
2015-10-26,38493.83,54959.53,76270.9
2015-10-27,38563.11,55157.38,76682.77
2015-10-28,38890.9,56095.06,78630.51
2015-10-29,38824.79,55909.94,78237.36
2015-10-30,38642.31,55384.39,77134.21
2015-11-02,39604.19,57208.85,80390.22
2015-11-03,39730.92,57574.98,81170.01
2015-11-04,39719.0,57540.44,81088.84
2015-11-05,39595.87,57183.69,80334.71
2015-11-06,39631.51,57286.62,80559.65
2015-11-09,39195.56,56026.31,77901.18
2015-11-10,39077.98,55695.76,77207.86
2015-11-11,39038.9,55578.8,76968.52
2015-11-12,38632.89,54428.32,74574.8
2015-11-13,37902.73,52370.93,70346.4
2015-11-16,38437.16,53842.55,73315.02
2015-11-17,38441.01,53853.32,73329.69
2015-11-18,39179.07,55921.28,77553.48
2015-11-19,39194.74,55966.02,77646.54
2015-11-20,39457.35,56710.37,79199.47
2015-11-23,39358.71,56432.49,78613.39
2015-11-24,39311.48,56302.69,78338.25
2015-11-25,39338.99,56387.15,78510.59
2015-11-27,39401.94,56567.59,78895.29
2015-11-30,39267.97,56182.93,78090.56
2015-12-01,40209.39,57935.62,81199.77
2015-12-02,39956.07,57199.84,79656.97
2015-12-03,39276.82,55260.76,75602.43
2015-12-04,40207.68,57885.65,80985.33
2015-12-07,40014.68,57335.74,79827.24
2015-12-08,40022.69,57364.4,79883.12
2015-12-09,39402.34,55591.84,76176.54
2015-12-10,39579.65,56092.17,77212.54
2015-12-11,38681.19,53545.59,71946.64
2015-12-14,38959.69,54316.64,73500.69
2015-12-15,39189.56,54963.01,74809.0
2015-12-16,39761.72,56567.93,78093.12
2015-12-17,39197.11,54955.74,74758.54
2015-12-18,38487.64,52966.35,70691.68
2015-12-21,38876.36,54041.56,72840.71
2015-12-22,39121.29,54722.49,74217.39
2015-12-23,39422.52,55565.21,75931.82
2015-12-24,39406.75,55520.76,75840.7
2015-12-28,39394.93,55487.45,75772.44
2015-12-29,39989.79,57163.17,79204.93
2015-12-30,39657.88,56208.54,77224.81
2015-12-31,39158.19,54786.47,74297.99
2016-01-04,38833.3,52992.08,70138.08
2016-01-05,38716.8,52668.83,69499.82
2016-01-06,38368.35,51726.06,67630.27
2016-01-07,37175.09,48508.7,61320.37
2016-01-08,36873.97,47722.85,59830.28
2016-01-11,36984.59,48009.19,60368.76
2016-01-12,37417.31,49132.61,62487.7
2016-01-13,36115.19,45717.89,55970.23
2016-01-14,36891.67,47683.76,59574.72
2016-01-15,35751.72,44741.67,54058.1
2016-01-19,35801.77,44871.42,54290.55
2016-01-20,35708.68,44638.09,53867.08
2016-01-21,35762.25,44776.47,54114.87
2016-01-22,36774.32,47310.82,58709.22
2016-01-25,36230.06,45905.69,56096.66
2016-01-26,36552.51,46722.81,57594.44
2016-01-27,35646.0,44405.36,53309.42
2016-01-28,36141.48,45635.38,55527.09
2016-01-29,36943.82,47666.16,59230.74
2016-02-01,37507.48,48334.74,60041.34
2016-02-02,36689.81,46227.35,56114.64
2016-02-03,36506.37,45760.45,55267.31
2016-02-04,36469.86,45668.93,55101.51
2016-02-05,35215.3,42526.91,49420.54
2016-02-08,34655.37,41178.8,47068.12
2016-02-09,34544.48,40911.14,46611.56
2016-02-10,34706.83,41295.71,47264.12
2016-02-11,34672.13,41213.12,47117.61
2016-02-12,35171.41,42400.05,49148.37
2016-02-16,35917.04,44197.82,52274.21
2016-02-17,36746.72,46239.75,55896.81
2016-02-18,36331.49,45190.11,53996.32
2016-02-19,36440.48,45465.77,54487.69
2016-02-22,37027.17,46934.32,57124.89
2016-02-23,36427.33,45408.95,54342.91
2016-02-24,36762.46,46239.93,55837.34
2016-02-25,37115.38,47127.74,57451.04
2016-02-26,37067.13,47005.21,57232.73
2016-02-29,36766.89,46239.02,55836.25
2016-03-01,38440.8,49688.26,61665.66
2016-03-02,38448.48,49708.13,61696.49
2016-03-03,38371.59,49514.27,61332.48
2016-03-04,38398.45,49588.54,61467.41
2016-03-07,38171.9,48998.44,60373.29
2016-03-08,37835.98,48136.07,58779.44
2016-03-09,38081.92,48761.83,59925.64
2016-03-10,38024.8,48620.42,59661.96
2016-03-11,38690.23,50317.28,62788.25
2016-03-14,38740.53,50443.07,63026.85
2016-03-15,38736.65,50438.03,63014.24
2016-03-16,39065.91,51295.47,64621.1
2016-03-17,39030.75,51203.14,64446.63
2016-03-18,39124.43,51448.92,64910.64
2016-03-21,39269.19,51824.49,65624.66
2016-03-22,39363.43,52073.25,66097.16
2016-03-23,39052.46,51250.49,64530.65
2016-03-24,39079.8,51317.12,64659.72
2016-03-28,39013.36,51142.64,64329.95
2016-03-29,39629.78,52763.86,67385.62
2016-03-30,39835.85,53312.61,68436.84
2016-03-31,39772.11,53142.01,68108.34
2016-04-01,40707.05,54800.67,70831.25
2016-04-04,40523.87,54307.47,69875.03
2016-04-05,40155.1,53319.07,67974.43
2016-04-06,40809.63,55062.61,71305.18
2016-04-07,40193.41,53405.22,68082.18
2016-04-08,40189.39,53394.54,68068.57
2016-04-11,40044.7,53010.1,67326.62
2016-04-12,40381.08,53895.37,69016.52
2016-04-13,40910.07,55302.04,71721.96
2016-04-14,40910.07,55302.04,71714.79
2016-04-15,40807.8,55025.53,71176.93
2016-04-18,41007.76,55564.78,72223.23
2016-04-19,40753.51,54875.77,70879.88
2016-04-20,40782.03,54958.09,71035.82
2016-04-21,40786.11,54969.08,71050.02
2016-04-22,40186.56,53358.49,67923.82
2016-04-25,40186.56,53358.49,67923.82
2016-04-26,39997.68,52851.58,66959.3
2016-04-27,39669.7,51990.1,65318.8
2016-04-28,39197.63,50752.73,62980.39
2016-04-29,38993.8,50224.91,61997.89
2016-05-02,39857.15,51658.24,64222.84
2016-05-03,39494.45,50718.06,62469.55
2016-05-04,39225.88,50033.37,61201.42
2016-05-05,39202.35,49973.33,61091.26
2016-05-06,39390.52,50453.07,61970.97
2016-05-09,39492.93,50710.38,62448.15
2016-05-10,40045.84,52130.28,65070.97
2016-05-11,39673.41,51160.65,63255.49
2016-05-12,39506.78,50730.9,62464.8
2016-05-13,39360.61,50350.42,61765.19
2016-05-16,39852.61,51604.15,64075.21
2016-05-17,39326.56,50241.8,61531.42
2016-05-18,39468.13,50608.56,62202.12
2016-05-19,39262.9,50082.23,61225.54
2016-05-20,39694.79,51179.03,63239.86
2016-05-23,39623.34,50994.79,62898.37
2016-05-24,40435.62,53085.58,66760.33
2016-05-25,40726.76,53855.32,68209.03
2016-05-26,40832.65,54135.36,68734.24
2016-05-27,41057.23,54730.85,69861.48
2016-05-31,41159.87,55004.51,70385.44
2016-06-01,41626.54,55410.15,70708.23
2016-06-02,41730.61,55687.2,71238.54
2016-06-03,41530.3,55158.17,70219.83
2016-06-06,41659.04,55494.64,70865.85
2016-06-07,41563.23,55233.81,70369.79
2016-06-08,41633.89,55416.08,70721.64
2016-06-09,41558.94,55222.13,70346.81
2016-06-10,41085.17,53957.54,67933.92
2016-06-13,40731.84,53029.47,66188.01
2016-06-14,40752.21,53082.5,66287.3
2016-06-15,40609.57,52710.92,65597.91
2016-06-16,40743.58,53064.09,66253.89
2016-06-17,40283.18,51870.14,64014.51
2016-06-20,40520.85,52482.21,65147.56
2016-06-21,40642.42,52797.11,65733.89
2016-06-22,40561.13,52591.2,65346.06
2016-06-23,41137.1,54090.05,68136.34
2016-06-24,39462.82,49687.12,59816.89
2016-06-27,38681.46,47724.48,56269.75
2016-06-28,39505.37,49757.54,59865.39
2016-06-29,40188.81,51479.15,62972.4
2016-06-30,40675.1,52730.09,65264.6
2016-07-01,41360.39,53703.84,66645.84
2016-07-05,41112.22,53059.39,65446.22
2016-07-06,41428.79,53876.51,66958.02
2016-07-07,41565.5,54237.48,67627.6
2016-07-08,42205.61,55908.0,70758.76
2016-07-11,42450.4,56556.53,71997.04
2016-07-12,42662.66,57127.75,73084.2
2016-07-13,42551.73,56830.68,72514.14
2016-07-14,42836.83,57597.9,73978.92
2016-07-15,42776.86,57430.87,73660.81
2016-07-18,43054.91,58177.47,75097.2
2016-07-19,42899.91,57764.41,74293.66
2016-07-20,43401.84,59116.09,76901.37
2016-07-21,43306.35,58855.98,76393.82
2016-07-22,43483.91,59338.6,77333.46
2016-07-25,43483.91,59332.67,77325.73
2016-07-26,43540.44,59486.93,77635.03
2016-07-27,43827.81,60272.16,79172.21
2016-07-28,43998.74,60748.31,80106.44
2016-07-29,44082.33,60973.08,80555.03
2016-08-01,44827.54,62143.14,82384.34
2016-08-02,44482.36,61179.92,80473.02
2016-08-03,44624.71,61571.47,81245.56
2016-08-04,44713.96,61817.75,81733.03
2016-08-05,45161.1,63054.11,84185.03
2016-08-08,45097.87,62883.86,83839.87
2016-08-09,45201.6,63173.13,84418.36
2016-08-10,45084.07,62844.63,83768.34
2016-08-11,45273.42,63366.24,84815.45
2016-08-12,45309.64,63467.63,85019.0
2016-08-15,45499.94,63994.41,86081.74
2016-08-16,45217.84,63200.88,84480.62
2016-08-17,45294.71,63415.76,84919.92
2016-08-18,45326.42,63498.2,85089.76
2016-08-19,45303.76,63428.35,84953.61
2016-08-22,45326.41,63491.78,85081.05
2016-08-23,45421.6,63752.1,85608.55
2016-08-24,45090.02,62827.69,83742.28
2016-08-25,45013.36,62614.08,83315.2
2016-08-26,45089.89,62833.23,83748.43
2016-08-29,45157.52,63028.01,84133.68
2016-08-30,45013.02,62630.93,83334.41
2016-08-31,44968.0,62499.41,83076.07
2016-09-01,45590.77,63339.6,84253.04
2016-09-02,45732.1,63732.31,85036.59
2016-09-06,46024.79,64548.08,86669.29
2016-09-07,46047.8,64612.63,86799.3
2016-09-08,45780.72,63869.59,85297.67
2016-09-09,44613.31,60612.24,78772.4
2016-09-12,45407.43,62763.97,82970.97
2016-09-13,45007.84,61659.33,80788.83
2016-09-14,45228.38,62263.59,81976.43
2016-09-15,45933.94,64199.98,85804.72
2016-09-16,45915.57,64148.62,85701.76
2016-09-19,45704.36,63564.87,84527.64
2016-09-20,45791.2,63806.42,85009.45
2016-09-21,46253.69,65095.31,87585.24
2016-09-22,46609.84,66104.29,89617.22
2016-09-23,46302.22,65225.1,87833.83
2016-09-26,45904.02,64103.23,85567.72
2016-09-27,46376.83,65423.75,88211.76
2016-09-28,46460.31,65652.74,88679.29
2016-09-29,46107.21,64654.82,86666.27
2016-09-30,46462.24,65656.96,88676.92
2016-10-03,46873.01,65912.18,88677.53
2016-10-04,46802.7,65721.04,88287.35
2016-10-05,46980.55,66213.95,89285.0
2016-10-06,46942.96,66108.0,89070.71
2016-10-07,46853.77,65850.18,88554.1
2016-10-10,47134.89,66640.39,90148.08
2016-10-11,46442.01,64681.16,86172.55
2016-10-12,46418.79,64622.94,86051.91
2016-10-13,46260.97,64177.05,85165.57
2016-10-14,46311.85,64318.24,85455.13
2016-10-17,46191.44,63990.21,84797.13
2016-10-18,46611.78,65154.83,87103.61
2016-10-19,46583.82,65070.13,86938.12
2016-10-20,46546.55,64966.02,86729.46
2016-10-21,46732.74,65479.25,87761.54
2016-10-24,47293.53,67050.75,90912.18
2016-10-25,47113.81,66547.87,89884.88
2016-10-26,46817.0,65709.37,88186.05
2016-10-27,46582.91,65058.85,86872.08
2016-10-28,46284.78,64226.09,85212.82
2016-10-31,46243.13,64110.49,84982.75
2016-11-01,46406.57,63686.56,83644.87
2016-11-02,46016.76,62616.62,81537.02
2016-11-03,45551.99,61351.77,79066.45
2016-11-04,45369.78,60860.95,78117.65
2016-11-07,46472.27,63818.8,83812.43
2016-11-08,46774.34,64654.82,85455.15
2016-11-09,46970.79,65197.92,86531.88
2016-11-10,46209.86,63085.51,82326.44
2016-11-11,46256.07,63217.99,82581.65
2016-11-14,45770.38,61890.41,79980.33
2016-11-15,46379.13,63536.7,83163.54
2016-11-16,46648.13,64280.08,84618.9
2016-11-17,46984.0,65199.28,86438.21
2016-11-18,46805.46,64697.25,85444.17
2016-11-21,47301.59,66068.83,88161.3
2016-11-22,47448.23,66471.85,88972.38
2016-11-23,47253.69,65926.78,87878.02
2016-11-25,47409.63,66368.49,88756.8
2016-11-28,47281.62,66016.74,88046.75
2016-11-29,47437.65,66459.05,88927.21
2016-11-30,46830.45,64757.7,85512.41
2016-12-01,46577.9,63175.98,81901.01
2016-12-02,46629.13,63314.96,82171.29
2016-12-05,47011.49,64353.33,84184.48
2016-12-06,47114.92,64636.48,84740.1
2016-12-07,47736.83,66342.89,88095.81
2016-12-08,47808.44,66541.91,88492.24
2016-12-09,48171.78,67546.7,90501.02
2016-12-12,47959.83,66952.29,89306.4
2016-12-13,48564.12,68646.18,92691.11
2016-12-14,48418.43,68241.17,91866.16
2016-12-15,48539.47,68582.37,92545.97
2016-12-16,48355.02,68068.01,91500.2
2016-12-19,48553.28,68619.36,92616.51
2016-12-20,48737.78,69147.73,93681.6
2016-12-21,48689.04,69009.43,93400.55
2016-12-22,48547.85,68602.27,92578.63
2016-12-23,48601.25,68760.06,92893.39
2016-12-27,48853.98,69475.16,94351.82
2016-12-28,48463.14,68370.51,92096.81
2016-12-29,48385.6,68144.89,91645.54
2016-12-30,47848.52,66632.07,88593.74
2017-01-03,48822.34,68447.86,91713.1
2017-01-04,49081.1,69166.56,93162.16
2017-01-05,49355.95,69941.23,94736.6
2017-01-06,49775.48,71130.23,97152.39
2017-01-09,49954.67,71635.25,98191.92
2017-01-10,50054.58,71928.96,98790.89
2017-01-11,50204.74,72360.53,99680.01
2017-01-12,50119.39,72107.27,99161.67
2017-01-13,50299.82,72626.44,100232.62
2017-01-17,50153.95,72197.94,99350.57
2017-01-18,50264.29,72515.62,100016.22
2017-01-19,50219.05,72377.84,99736.17
2017-01-20,50339.58,72725.25,100444.3
2017-01-23,50364.75,72797.97,100594.97
2017-01-24,50717.3,73817.15,102697.4
2017-01-25,51219.4,75278.73,105737.24
2017-01-26,51275.75,75436.81,106075.6
2017-01-27,51388.55,75761.19,106765.09
2017-01-30,51003.14,74624.77,104362.88
2017-01-31,50880.73,74259.11,103601.03
2017-02-01,51740.4,75805.74,106297.56
2017-02-02,51688.65,75661.71,105989.3
2017-02-03,51828.21,76070.28,106847.81
2017-02-06,51890.41,76260.46,107243.15
2017-02-07,52072.02,76786.65,108358.48
2017-02-08,52181.38,77101.48,109030.3
2017-02-09,52337.92,77564.09,110011.57
2017-02-10,52484.47,77998.45,110935.67
2017-02-13,52788.88,78895.43,112854.86
2017-02-14,52931.41,79321.46,113768.98
2017-02-15,53243.7,80265.39,115794.07
2017-02-16,53227.73,80209.2,115678.28
2017-02-17,53467.25,80939.11,117251.5
2017-02-21,53729.24,81732.31,118975.1
2017-02-22,53745.36,81773.18,119070.28
2017-02-23,53546.5,81168.05,117748.6
2017-02-24,53658.95,81500.84,118478.64
2017-02-27,53701.88,81631.24,118762.99
2017-02-28,53530.03,81108.8,117610.99
2017-03-01,54645.97,83469.49,122150.38
2017-03-02,54367.28,82609.75,120269.27
2017-03-03,54470.58,82923.67,120954.8
2017-03-06,54334.4,82517.34,120059.74
2017-03-07,54242.03,82236.78,119447.43
2017-03-08,54328.82,82499.94,120020.78
2017-03-09,54372.28,82631.94,120296.83
2017-03-10,54595.21,83309.52,121776.48
2017-03-13,54682.56,83576.11,122361.01
2017-03-14,54556.79,83191.66,121516.71
2017-03-15,54900.5,84248.2,123825.53
2017-03-16,54856.58,84121.82,123540.73
2017-03-17,54823.67,84020.88,123318.36
2017-03-20,54867.52,84163.71,123626.66
2017-03-21,54050.0,81655.63,118088.18
2017-03-22,54406.73,82725.32,120414.52
2017-03-23,54281.59,82344.79,119583.66
2017-03-24,54373.87,82616.52,120181.58
2017-03-27,54477.18,82930.47,120866.61
2017-03-28,54809.49,83950.51,123090.56
2017-03-29,55045.17,84664.09,124666.12
2017-03-30,55138.75,84960.42,125314.38
2017-03-31,55105.67,84849.97,125076.28
2017-04-03,55566.74,85221.94,125300.02
2017-04-04,55650.09,85477.61,125863.87
2017-04-05,55427.49,84793.79,124340.91
2017-04-06,55449.66,84870.1,124502.56
2017-04-07,55421.94,84793.72,124328.25
2017-04-10,55455.19,84895.47,124552.04
2017-04-11,55216.73,84165.37,122945.32
2017-04-12,54995.87,83500.46,121482.27
2017-04-13,54753.89,82774.01,119890.86
2017-04-17,55219.29,84181.17,122960.06
2017-04-18,55141.99,83945.46,122443.63
2017-04-19,55224.7,84197.3,122982.38
2017-04-20,55672.02,85569.71,125983.15
2017-04-21,55655.32,85526.93,125882.36
2017-04-24,56328.75,87596.68,130464.48
2017-04-25,56739.95,88875.59,133321.65
2017-04-26,56666.19,88644.51,132815.03
2017-04-27,56972.18,89610.74,134979.92
2017-04-28,57097.52,90005.03,135870.78
2017-05-01,58075.58,91998.36,139752.78
2017-05-02,58226.58,92467.55,140828.88
2017-05-03,58028.61,91848.02,139406.5
2017-05-04,58040.21,91884.76,139490.15
2017-05-05,58243.35,92527.95,140954.8
2017-05-08,58377.31,92953.58,141927.38
2017-05-09,58575.8,93585.66,143375.04
2017-05-10,58610.94,93697.97,143633.12
2017-05-11,58534.75,93454.35,143072.95
2017-05-12,58663.52,93865.55,144031.54
2017-05-15,58845.38,94447.52,145371.03
2017-05-16,59051.34,95108.65,146897.43
2017-05-17,57569.15,90324.69,135821.36
2017-05-18,58041.22,91806.01,139162.57
2017-05-19,58302.4,92632.26,141041.26
2017-05-22,58797.97,94197.75,144623.71
2017-05-23,58839.13,94329.63,144927.42
2017-05-24,59115.68,95225.76,146985.39
2017-05-25,59612.25,96825.55,150689.42
2017-05-26,59713.59,97164.44,151473.0
2017-05-30,59779.27,97378.2,151957.72
2017-05-31,59719.5,97183.45,151501.84
2017-06-01,60508.55,98621.21,154190.67
2017-06-02,61186.24,100820.46,159356.06
2017-06-05,61149.53,100709.56,159085.15
2017-06-06,60929.39,99974.38,157351.13
2017-06-07,61148.74,100684.2,159034.78
2017-06-08,61228.23,100945.97,159655.02
2017-06-09,59734.26,96029.91,147984.24
2017-06-12,59381.83,94896.75,145379.71
2017-06-13,59833.13,96348.67,148708.91
2017-06-14,59575.85,95520.07,146790.56
2017-06-15,59301.8,94650.84,144779.53
2017-06-16,59100.18,94007.22,143302.78
2017-06-19,60045.78,97006.05,150166.99
2017-06-20,59565.41,95463.65,146577.99
2017-06-21,60149.15,97334.74,150887.39
2017-06-22,60125.09,97247.14,150691.23
2017-06-23,60365.6,98025.11,152514.6
2017-06-26,60099.99,97162.49,150501.41
2017-06-27,59000.16,93596.63,142223.83
2017-06-28,59849.76,96282.85,148353.68
2017-06-29,58808.37,92932.21,140609.61
2017-06-30,58743.68,92727.76,140159.66
2017-07-03,58722.34,91577.63,136932.18
2017-07-05,59268.46,93271.81,140738.9
2017-07-06,58735.04,91592.92,136938.95
2017-07-07,59351.76,93507.21,141238.83
2017-07-10,59749.42,94750.86,144063.61
2017-07-11,59910.74,95271.99,145244.93
2017-07-12,60635.66,97577.57,150517.32
2017-07-13,60787.25,98065.46,151646.2
2017-07-14,61255.31,99575.67,155164.39
2017-07-17,61273.69,99635.41,155304.04
2017-07-18,61696.48,101010.38,158518.83
2017-07-19,62072.82,102252.81,161435.58
2017-07-20,62128.69,102426.64,161855.31
2017-07-21,62134.9,102436.88,161887.68
2017-07-24,62346.16,103123.21,163522.75
2017-07-25,62233.94,102751.96,162639.72
2017-07-26,62445.53,103450.68,164298.65
2017-07-27,62089.59,102281.68,161505.57
2017-07-28,62002.67,102005.52,160843.4
2017-07-31,61705.06,101016.07,158511.17
2017-08-01,62360.57,102023.65,160219.65
2017-08-02,62560.12,102686.8,161773.79
2017-08-03,62316.14,101885.85,159881.03
2017-08-04,62409.61,102191.5,160584.51
2017-08-07,62777.83,103397.36,163426.85
2017-08-08,62689.94,103107.85,162740.46
2017-08-09,62614.71,102870.7,162170.87
2017-08-10,61224.67,98313.53,151386.51
2017-08-11,61683.85,99788.23,154792.7
2017-08-14,62491.91,102412.66,160891.54
2017-08-15,62485.66,102402.42,160859.36
2017-08-16,62585.64,102740.35,161647.57
2017-08-17,61302.63,98538.27,151722.41
2017-08-18,61247.46,98351.05,151297.59
2017-08-21,61198.46,98203.52,150949.6
2017-08-22,62116.44,101149.63,157742.33
2017-08-23,61886.61,100411.24,156007.17
2017-08-24,61700.95,99818.81,154618.7
2017-08-25,61577.54,99409.55,153675.53
2017-08-28,61743.8,99936.42,154904.93
2017-08-29,61996.95,100755.9,156825.75
2017-08-30,62747.12,103184.12,162502.85
2017-08-31,63336.94,105123.98,167085.43
2017-09-01,63830.56,105602.85,167518.39
2017-09-05,63243.31,103659.76,162894.89
2017-09-06,63439.37,104302.45,164409.81
2017-09-07,63578.94,104761.38,165494.91
2017-09-08,63038.51,102969.96,161258.24
2017-09-11,63757.15,105307.38,166757.15
2017-09-12,63916.55,105844.45,168024.5
2017-09-13,64012.42,106151.4,168763.81
2017-09-14,63634.75,104898.81,165759.82
2017-09-15,63838.38,105570.16,167351.11
2017-09-18,63768.16,105327.35,166782.12
2017-09-19,63876.56,105674.93,167616.03
2017-09-20,63691.32,105062.02,166141.01
2017-09-21,63277.33,103696.21,162917.87
2017-09-22,63252.02,103602.89,162706.08
2017-09-25,62556.24,101333.98,157353.05
2017-09-26,62706.38,101820.39,158485.99
2017-09-27,63308.36,103775.34,163050.38
2017-09-28,63257.71,103609.3,162659.06
2017-09-29,63751.12,105225.6,166465.29
2017-10-02,64276.82,105820.76,167182.34
2017-10-03,64418.23,106286.37,168285.74
2017-10-04,64456.88,106424.54,168605.49
2017-10-05,65082.12,108489.17,173528.77
2017-10-06,65160.21,108760.4,174170.82
2017-10-09,65095.05,108542.88,173648.31
2017-10-10,65147.13,108716.55,174082.43
2017-10-11,65336.06,109347.1,175614.36
2017-10-12,65211.92,108942.52,174630.92
2017-10-13,65453.2,109748.69,176569.32
2017-10-16,65688.83,110538.88,178493.93
2017-10-17,65774.23,110826.28,179207.9
2017-10-18,65688.72,110527.05,178491.07
2017-10-19,65452.24,109742.31,176581.22
2017-10-20,65628.97,110323.94,177993.87
2017-10-23,65189.25,108845.6,174416.19
2017-10-24,65319.63,109291.87,175480.13
2017-10-25,65051.82,108384.75,173304.17
2017-10-26,64869.67,107766.96,171831.09
2017-10-27,66757.38,114038.99,186814.76
2017-10-30,66910.92,114552.17,188085.1
2017-10-31,67138.42,115319.67,189984.76
2017-11-01,67638.42,115819.67,190484.76
2017-11-02,67503.14,115367.97,189360.9
2017-11-03,68144.42,117559.96,194757.68
2017-11-06,68342.04,118230.05,196432.6
2017-11-07,68417.22,118501.98,197100.47
2017-11-08,68690.89,119438.15,199445.97
2017-11-09,68326.83,118172.1,196274.78
2017-11-10,68292.66,118053.93,195980.36
2017-11-13,68367.78,118325.46,196646.7
2017-11-14,68121.66,117485.35,194542.58
2017-11-15,67740.18,116169.51,191274.26
2017-11-16,68614.03,119166.68,198676.58
2017-11-17,68346.43,118237.18,196352.06
2017-11-20,68284.92,118012.53,195802.27
2017-11-21,69042.88,120632.41,202322.49
2017-11-22,69125.74,120909.86,203030.62
2017-11-24,69374.59,121792.51,205243.65
2017-11-27,69339.9,121670.71,204915.26
2017-11-28,69520.18,122303.4,206513.6
2017-11-29,68317.48,118071.7,195795.55
2017-11-30,68905.02,120102.54,200847.07
2017-12-01,69106.57,119553.3,198729.56
2017-12-04,68298.03,116755.75,191754.15
2017-12-05,68311.69,116814.13,191888.38
2017-12-06,68619.09,117853.77,194459.68
2017-12-07,68872.98,118725.89,196618.19
2017-12-08,69182.91,119794.42,199252.87
2017-12-11,69722.53,121651.24,203895.46
2017-12-12,69610.98,121261.95,202916.76
2017-12-13,69729.32,121686.37,203971.93
2017-12-14,69680.51,121503.84,203523.19
2017-12-15,70516.67,124407.78,210829.68
2017-12-18,71031.44,126211.69,215425.76
2017-12-19,70676.29,124949.58,212194.38
2017-12-20,70584.41,124637.2,211388.04
2017-12-21,70584.41,124649.67,211409.18
2017-12-22,70499.71,124362.97,210669.24
2017-12-26,70147.21,123131.78,207530.27
2017-12-27,70168.25,123205.66,207717.05
2017-12-28,70238.42,123439.75,208319.43
2017-12-29,69746.75,121711.59,203944.72
2018-01-02,71511.19,126598.99,215464.29
2018-01-03,72219.15,129105.65,221863.58
2018-01-04,72313.04,129454.23,222751.04
2018-01-05,73065.09,132159.83,229723.14
2018-01-08,73320.82,133084.95,232135.24
2018-01-09,73335.49,133138.18,232274.52
2018-01-10,73166.82,132525.74,230671.82
2018-01-11,73671.67,134354.6,235423.66
2018-01-12,74224.2,136356.48,240697.15
2018-01-16,73986.69,135497.44,238410.53
2018-01-17,74793.14,138437.73,246182.71
2018-01-18,74808.1,138479.26,246305.8
2018-01-19,75062.45,139407.07,248793.49
2018-01-22,75850.6,142348.56,256655.37
2018-01-23,76480.16,144711.55,263020.42
2018-01-24,75998.34,142873.71,258023.03
2018-01-25,75967.94,142745.13,257687.6
2018-01-26,77137.84,147141.68,269618.54
2018-01-29,76759.87,145684.97,265628.18
2018-01-30,76130.44,143281.17,259067.17
2018-01-31,76343.6,144083.55,261217.43
2018-02-01,76305.7,142559.38,256247.53
2018-02-02,74741.43,136728.7,240513.93
2018-02-05,71819.04,126036.51,212301.65
2018-02-06,73700.7,132640.83,228967.33
2018-02-07,72772.07,129298.28,220312.36
2018-02-08,69722.92,118463.08,192597.07
2018-02-09,70901.24,122467.14,202361.74
2018-02-12,72127.83,126716.74,212884.55
2018-02-13,72459.62,127882.54,215822.36
2018-02-14,73800.12,132614.19,227800.5
2018-02-15,75128.52,137375.04,240078.94
2018-02-16,74858.06,136399.68,237510.1
2018-02-20,74955.38,136767.96,238460.14
2018-02-21,74730.51,135947.35,236314.0
2018-02-22,74760.4,136056.11,236573.94
2018-02-23,76248.13,141484.75,250721.07
2018-02-26,77269.86,145276.54,260800.05
2018-02-27,76288.53,141586.51,250863.57
2018-02-28,75777.4,139703.41,245846.3
2018-03-01,75117.98,135955.25,235137.54
2018-03-02,75794.04,138388.85,241462.74
2018-03-05,76574.72,141239.66,248923.94
2018-03-06,76926.97,142539.06,252359.09
2018-03-07,77111.59,143209.0,254150.84
2018-03-08,77520.28,144741.33,258217.25
2018-03-09,79016.42,150342.82,273193.85
2018-03-12,79348.29,151605.7,276636.1
2018-03-13,78404.05,148012.65,266787.85
2018-03-14,78341.33,147775.83,266147.56
2018-03-15,78231.65,147362.06,265003.13
2018-03-16,78106.48,146905.23,263757.61
2018-03-19,76380.32,140412.02,246270.48
2018-03-20,76617.1,141268.54,248536.17
2018-03-21,76257.0,139940.61,245031.81
2018-03-22,74350.58,132943.58,226678.93
2018-03-23,72410.03,126017.22,208952.64
2018-03-26,75147.13,135531.52,232626.97
2018-03-27,72652.24,126545.78,209480.59
2018-03-28,71882.13,123875.66,202840.05
2018-03-29,73219.14,128483.84,214178.81
2018-04-02,71588.65,121528.57,196066.16
2018-04-03,72347.49,124117.13,202320.67
2018-04-04,73483.35,128002.0,211829.74
2018-04-05,73872.81,129358.82,215197.83
2018-04-06,72062.93,123020.24,199380.79
2018-04-09,72502.51,124521.08,203009.52
2018-04-10,74112.07,130049.82,216509.66
2018-04-11,73748.92,128775.33,213326.96
2018-04-12,74567.53,131621.27,220409.42
2018-04-13,74254.35,130515.65,217632.26
2018-04-16,74781.55,132355.92,222246.06
2018-04-17,76366.92,137954.57,236358.69
2018-04-18,76557.84,138630.55,238107.74
2018-04-19,75907.1,136259.97,232012.18
2018-04-20,74707.76,131954.15,221014.81
2018-04-23,74498.58,131202.02,219136.18
2018-04-24,72934.11,125691.53,205308.69
2018-04-25,72992.46,125880.07,205780.9
2018-04-26,74510.7,131129.27,218642.2
2018-04-27,74585.21,131391.53,219298.13
2018-04-30,74018.37,129381.24,214276.2
2018-05-01,75382.78,132881.49,222228.94
2018-05-02,74960.64,131393.22,218495.49
2018-05-03,74945.64,131353.8,218386.24
2018-05-04,76362.12,136318.97,230768.74
2018-05-07,76957.74,138445.55,236168.73
2018-05-08,76888.48,138182.5,235507.46
2018-05-09,77765.01,141333.07,243561.82
2018-05-10,78558.21,144216.26,251014.81
2018-05-11,78432.52,143754.77,249835.04
2018-05-14,78565.85,144243.53,251109.2
2018-05-15,77709.48,141099.03,242897.93
2018-05-16,78175.74,142792.21,247270.09
2018-05-17,77855.22,141621.32,244228.67
2018-05-18,77458.16,140162.62,240467.54
2018-05-21,77899.67,141760.47,244603.59
2018-05-22,77767.24,141278.49,243331.65
2018-05-23,78443.82,143736.73,249682.6
2018-05-24,78396.75,143578.62,249258.14
2018-05-25,78522.18,144038.07,250454.58
2018-05-29,78137.43,142612.1,246747.85
2018-05-30,78700.02,144665.71,252077.61
2018-05-31,78605.58,144304.05,251144.92
2018-06-01,80426.64,149640.5,264227.17
2018-06-04,81102.22,152154.46,270912.11
2018-06-05,81361.75,153143.47,273539.96
2018-06-06,81849.92,154996.5,278491.04
2018-06-07,81203.31,152532.06,271862.95
2018-06-08,81203.31,152516.8,271835.76
2018-06-11,81381.95,153187.88,273657.06
2018-06-12,81845.83,154934.22,278309.23
2018-06-13,81804.91,154763.79,277863.94
2018-06-14,82647.5,157951.93,286449.93
2018-06-15,82374.76,156925.24,283642.72
2018-06-18,82325.34,156736.93,283132.17
2018-06-19,82061.9,155733.81,280385.78
2018-06-20,82660.95,158007.53,286526.23
2018-06-21,81941.8,155258.19,279076.55
2018-06-22,81712.36,154404.27,276760.22
2018-06-25,79906.52,147564.17,258383.34
2018-06-26,80250.11,148818.46,261690.64
2018-06-27,79134.64,144666.43,250751.98
2018-06-28,79838.94,147241.49,257447.05
2018-06-29,79942.73,147624.32,258451.1
2018-07-02,81094.31,150523.93,265243.61
2018-07-03,80145.51,146986.62,255907.03
2018-07-05,81131.3,150617.19,265375.59
2018-07-06,82348.27,155120.64,277290.96
2018-07-09,83130.58,158083.44,285221.48
2018-07-10,83205.39,158368.0,285991.58
2018-07-11,82764.41,156689.29,281444.31
2018-07-12,84163.12,161985.39,295685.39
2018-07-13,84272.54,162406.55,296838.57
2018-07-16,84070.28,161610.76,294671.64
2018-07-17,84599.93,163630.9,300211.47
2018-07-18,84439.19,163025.46,298530.29
2018-07-19,84008.55,161362.6,293962.77
2018-07-20,83983.34,161265.79,293698.21
2018-07-23,84226.89,162217.25,296282.75
2018-07-24,84622.76,163742.1,300430.71
2018-07-25,85790.56,168261.38,312898.58
2018-07-26,84555.17,163432.28,299412.66
2018-07-27,83371.4,158839.83,286807.38
2018-07-30,82187.53,154328.78,274589.39
2018-07-31,82631.34,155995.53,279037.74
2018-08-01,83605.19,158263.93,284289.88
2018-08-02,84742.22,162584.53,295917.33
2018-08-03,85013.39,163608.82,298728.55
2018-08-06,85514.97,165539.4,303986.17
2018-08-07,85788.62,166598.85,306874.04
2018-08-08,85865.83,166898.73,307733.29
2018-08-09,85840.07,166781.9,307425.55
2018-08-10,85161.93,164163.43,300170.31
2018-08-13,85076.77,163851.51,299299.82
2018-08-14,85604.25,165883.27,304866.79
2018-08-15,84542.75,161769.37,293495.26
2018-08-16,84771.02,162626.75,295843.22
2018-08-17,84804.93,162773.11,296227.82
2018-08-20,84737.08,162496.4,295487.25
2018-08-21,85033.66,163633.87,298589.87
2018-08-22,85348.29,164844.76,301904.21
2018-08-23,85228.8,164366.71,300606.03
2018-08-24,86055.52,167538.99,309323.6
2018-08-27,86898.86,170839.51,318448.65
2018-08-28,87029.21,171334.94,319849.82
2018-08-29,88064.86,175412.71,331236.47
2018-08-30,87862.31,174605.81,328950.94
2018-08-31,88002.89,175147.09,330497.01
2018-09-04,88131.18,174171.66,326826.45
2018-09-05,86985.47,169643.19,314080.22
2018-09-06,86176.51,166487.83,305317.38
2018-09-07,85909.36,165472.25,302508.46
2018-09-10,86106.95,166249.97,304626.02
2018-09-11,86804.42,168943.22,311997.97
2018-09-12,86578.73,168047.82,309533.19
2018-09-13,87427.2,171358.37,318664.41
2018-09-14,87243.6,170621.53,316624.96
2018-09-17,85961.12,165605.25,302693.46
2018-09-18,86648.81,168271.5,309988.38
2018-09-19,86605.49,168086.4,309492.4
2018-09-20,87514.84,171616.21,319241.41
2018-09-21,87077.27,169900.05,314452.78
2018-09-24,87277.55,170698.58,316653.95
2018-09-25,87443.37,171347.24,318458.88
2018-09-26,87443.37,171347.24,318458.88
2018-09-27,88212.88,174362.95,326866.2
2018-09-28,88186.41,174275.77,326604.7
2018-10-01,88890.39,175597.21,329394.44
2018-10-02,88694.83,174807.02,327187.49
2018-10-03,88801.27,175226.56,328365.37
2018-10-04,87087.4,168462.82,309353.01
2018-10-05,86033.64,164369.17,298092.56
2018-10-08,85500.23,162314.56,292518.23
2018-10-09,85722.54,163142.36,294770.62
2018-10-10,81916.45,148655.32,255536.65
2018-10-11,80982.61,145265.98,246771.75
2018-10-12,83225.83,153328.24,267303.16
2018-10-15,82193.82,149541.03,257386.21
2018-10-16,84610.32,158334.04,280087.67
2018-10-17,84635.71,158429.04,280339.75
2018-10-18,82748.33,151347.27,261556.99
2018-10-19,82649.03,150968.9,260589.23
2018-10-22,83045.75,152418.2,264315.65
2018-10-23,82780.0,151457.96,261804.65
2018-10-24,78947.29,137432.96,225439.99
2018-10-25,81592.02,146627.22,248074.16
2018-10-26,79682.77,139779.73,230684.16
2018-10-29,78073.18,134132.63,216704.7
2018-10-30,79189.62,137982.24,226023.01
2018-10-31,81018.9,144343.22,241663.8
2018-11-01,82717.23,149087.12,252819.0
2018-11-02,81501.29,144703.96,241669.69
2018-11-05,81175.28,143531.86,238745.48
2018-11-06,81784.1,145670.48,244093.38
2018-11-07,84294.87,154600.08,266549.97
2018-11-08,83772.24,152683.04,261592.14
2018-11-09,82373.24,147583.43,248486.38
2018-11-12,79918.52,138772.7,226246.85
2018-11-13,79942.5,138842.09,226427.84
2018-11-14,79231.01,136356.81,220359.58
2018-11-15,80641.32,141211.11,232126.78
2018-11-16,80367.14,140250.88,229759.09
2018-11-19,77747.17,131092.5,207265.67
2018-11-20,76386.6,126517.37,196404.95
2018-11-21,76959.5,128402.48,200804.42
2018-11-23,76397.69,126514.96,196386.72
2018-11-26,78162.48,132372.6,210015.96
2018-11-27,78428.23,133272.74,212158.13
2018-11-28,80914.4,141722.23,232313.15
2018-11-29,80671.66,140857.72,230199.1
2018-11-30,81333.17,143167.79,235862.0
2018-12-03,83167.05,148351.36,247896.46
2018-12-04,80023.34,137136.0,219785.0
2018-12-06,80535.48,138891.34,224026.85
2018-12-07,77877.81,129724.51,201848.19
2018-12-10,78695.53,132448.72,208206.41
2018-12-11,78947.36,133296.4,210226.01
2018-12-12,79649.99,135669.07,215839.05
2018-12-13,79697.78,135831.88,216227.56
2018-12-14,77657.51,128890.87,199642.91
2018-12-17,75933.52,123168.11,186326.72
2018-12-18,76442.27,124818.56,190071.89
2018-12-19,74691.74,119101.87,177013.95
2018-12-20,73519.08,115350.17,168658.89
2018-12-21,71203.23,108083.1,152720.63
2018-12-24,69472.99,102819.46,141572.02
2018-12-26,73752.53,115486.81,167734.53
2018-12-27,74054.92,116433.81,169780.89
2018-12-28,74017.89,116317.37,169543.2
2018-12-31,74543.42,117969.08,173154.47
2019-01-02,75411.13,119630.08,176189.83
2019-01-03,72877.31,111590.94,158429.89
2019-01-04,76142.22,121589.48,179738.71
2019-01-07,76918.87,124069.91,185238.72
2019-01-08,77672.67,126501.68,190684.73
2019-01-09,78255.22,128386.55,194956.07
2019-01-10,78497.81,129169.71,196749.67
2019-01-11,78262.32,128407.61,194998.6
2019-01-14,77550.13,126057.75,189655.63
2019-01-15,79077.87,131011.82,200845.32
2019-01-16,79062.05,130972.52,200744.89
2019-01-17,79655.02,132937.11,205241.58
2019-01-18,80435.64,135555.97,211296.21
2019-01-22,78802.79,130052.39,198428.27
2019-01-23,78944.64,130520.58,199499.78
2019-01-24,79465.67,132243.45,203429.93
2019-01-25,80474.89,135589.21,211160.26
2019-01-28,79404.57,131982.54,202734.97
2019-01-29,78642.29,129448.48,196896.2
2019-01-30,80718.44,136283.36,212490.38
2019-01-31,81888.86,140249.2,221754.96
2019-02-01,82018.11,139468.38,219232.29
2019-02-04,83026.93,142899.31,227300.04
2019-02-05,83782.48,145514.36,233528.06
2019-02-06,83472.48,144437.56,230935.9
2019-02-07,82370.65,140609.96,221767.75
2019-02-08,82469.49,140947.42,222543.93
2019-02-11,82420.01,140792.38,222165.61
2019-02-12,83681.04,145086.55,232340.79
2019-02-13,83697.77,145130.08,232456.96
2019-02-14,83773.1,145405.82,233107.84
2019-02-15,84166.83,146758.1,236371.35
2019-02-19,84301.5,147227.72,237529.57
2019-02-20,84250.92,147051.05,237102.02
2019-02-21,83930.77,145918.76,234375.35
2019-02-22,84593.82,148224.27,239930.04
2019-02-25,84889.9,149261.84,242449.31
2019-02-26,84983.28,149590.22,243249.39
2019-02-27,84906.79,149335.92,242616.94
2019-02-28,84677.54,148514.57,240627.48
2019-03-01,85824.89,151279.59,246625.19
2019-03-04,85816.31,151249.33,246551.2
2019-03-05,85884.96,151506.46,247167.58
2019-03-06,85352.48,149627.78,242570.26
2019-03-07,84328.25,146021.75,233813.48
2019-03-08,84193.32,145554.48,232691.17
2019-03-11,85969.8,151711.43,247443.79
2019-03-12,86416.84,153289.23,251303.92
2019-03-13,87082.25,155665.22,257134.17
2019-03-14,86916.8,155058.12,255642.79
2019-03-15,87681.66,157802.65,262417.32
2019-03-18,87909.64,158639.0,264490.42
2019-03-19,88182.16,159638.43,266976.63
2019-03-20,88561.34,161011.32,270393.93
2019-03-21,89907.47,165922.17,282750.93
2019-03-22,87902.54,158522.04,263834.89
2019-03-25,87797.05,158125.73,262858.71
2019-03-26,88209.7,159596.3,266538.73
2019-03-27,87698.08,157729.02,261874.3
2019-03-28,87847.17,158265.3,263183.67
2019-03-29,88549.95,160781.72,269473.76
2019-04-01,90252.12,165636.33,280907.7
2019-04-02,90504.83,166580.45,283295.41
2019-04-03,91047.86,168596.08,288423.06
2019-04-04,90993.23,168393.76,287932.74
2019-04-05,91457.29,170111.38,292309.32
2019-04-08,91713.37,171046.99,294735.49
2019-04-09,91337.35,169644.41,291110.24
2019-04-10,91857.97,171578.35,296059.11
2019-04-11,91655.88,170823.41,294134.73
2019-04-12,92059.17,172326.65,297987.9
2019-04-15,92068.38,172378.35,298107.09
2019-04-16,92381.41,173533.29,301117.97
2019-04-17,92695.5,174713.31,304189.38
2019-04-18,92806.74,175115.15,305254.04
2019-04-19,92806.74,175115.15,305254.04
2019-04-22,93094.44,176200.87,308092.9
2019-04-23,94267.43,180641.13,319738.81
2019-04-24,93946.92,179430.83,316509.45
2019-04-25,94341.5,180938.05,320465.82
2019-04-26,94454.71,181390.4,321651.54
2019-04-29,94605.84,181970.85,323163.3
2019-04-30,93915.21,179295.88,316053.71
2019-05-01,94056.43,178429.43,312945.0
2019-05-02,93717.83,177144.74,309565.19
2019-05-03,95198.57,182724.79,324207.63
2019-05-06,94570.26,180312.83,317820.74
2019-05-07,92697.77,173190.47,298973.97
2019-05-08,92419.68,172168.65,296313.1
2019-05-09,91994.55,170601.91,292253.61
2019-05-10,92040.55,170772.51,292691.99
2019-05-13,88855.94,158955.06,262310.56
2019-05-14,89797.82,162324.9,270652.04
2019-05-15,91028.05,166772.61,281775.84
2019-05-16,91956.53,170191.44,290426.35
2019-05-17,91027.77,166753.58,281626.44
2019-05-20,89489.4,161117.31,267319.81
2019-05-21,90393.24,164355.76,275392.87
2019-05-22,90022.63,163024.48,272033.08
2019-05-23,88654.29,158068.54,259628.37
2019-05-24,88565.63,157768.21,258875.45
2019-05-28,88291.08,156790.05,256467.91
2019-05-29,87540.61,154140.29,249953.62
2019-05-30,87890.77,155358.0,252928.07
2019-05-31,86466.94,150324.4,240635.76
2019-06-03,85140.63,144474.7,225920.1
2019-06-04,87439.43,152290.78,244242.22
2019-06-05,88103.97,154590.37,249786.52
2019-06-06,88773.56,156940.14,255506.63
2019-06-07,90495.77,163045.11,270402.66
2019-06-10,91527.42,166762.54,279650.43
2019-06-11,91673.86,167296.18,280992.76
2019-06-12,91169.66,165439.19,276328.28
2019-06-13,91634.62,167143.22,280583.73
2019-06-14,91249.76,165739.21,277048.38
2019-06-17,91824.63,167844.1,282312.3
2019-06-18,93156.09,172694.8,294564.65
2019-06-19,93547.34,174162.7,298305.62
2019-06-20,94407.98,177349.88,306509.03
2019-06-21,94294.69,176924.24,305405.59
2019-06-24,94228.68,176658.85,304733.7
2019-06-25,92626.79,170652.45,289161.81
2019-06-26,93062.14,172256.59,293210.07
2019-06-27,93425.08,173617.41,296669.95
2019-06-28,93593.25,174259.8,298301.64
2019-07-01,95288.23,179181.22,310156.1
2019-07-02,95678.91,180650.51,313940.0
2019-07-03,96386.94,183324.13,320940.87
2019-07-05,96184.52,182554.17,318918.94
2019-07-08,95501.61,179961.9,312157.86
2019-07-09,96007.77,181851.5,317089.95
2019-07-10,96948.65,185415.79,326380.69
2019-07-11,96871.09,185100.59,325564.74
2019-07-12,97442.63,187284.77,331327.23
2019-07-15,97734.96,188408.48,334276.04
2019-07-16,97246.28,186524.4,329261.9
2019-07-17,96779.5,184715.11,324487.61
2019-07-18,96963.38,185435.5,326369.63
2019-07-19,96110.1,182190.38,317786.11
2019-07-22,96975.09,185451.58,326334.56
2019-07-23,97586.04,187769.73,332469.65
2019-07-24,98269.14,190417.28,339484.76
2019-07-25,97276.62,186570.85,329232.32
2019-07-26,98346.66,190675.41,340064.06
2019-07-29,98002.45,189340.68,336527.4
2019-07-30,97551.64,187598.75,331916.97
2019-07-31,96283.47,182702.42,318939.02
2019-08-01,96193.09,180985.67,313625.23
2019-08-02,94856.01,175954.27,300547.05
2019-08-05,91441.19,163285.56,268057.92
2019-08-06,92739.65,167939.2,279503.99
2019-08-07,93119.89,169299.51,282913.94
2019-08-08,95252.33,177053.43,302350.13
2019-08-09,94280.76,173459.24,293128.45
2019-08-12,93234.24,169625.79,283396.58
2019-08-13,95285.4,177089.33,302100.76
2019-08-14,92350.6,166180.63,274186.65
2019-08-15,92285.96,165947.97,273610.86
2019-08-16,93753.31,171241.71,286689.46
2019-08-19,95178.36,176430.34,299733.83
2019-08-20,94502.59,173925.03,293349.5
2019-08-21,95353.11,177038.28,301240.6
2019-08-22,95038.45,175852.13,298228.19
2019-08-23,92044.74,164791.03,270075.45
2019-08-26,93397.79,169652.36,282012.78
2019-08-27,93285.72,169245.2,280997.54
2019-08-28,93556.25,170226.82,283442.22
2019-08-29,94968.95,175367.67,296253.81
2019-08-30,94826.49,174859.11,294950.29
2019-09-03,94316.03,171641.49,286054.97
2019-09-04,95674.18,176584.77,298441.15
2019-09-05,97453.72,183136.06,315064.32
2019-09-06,97327.03,182678.22,313867.08
2019-09-09,97073.98,181746.56,311450.3
2019-09-10,96850.71,180928.7,309332.44
2019-09-11,97751.42,184293.98,317993.75
2019-09-12,98122.88,185676.18,321587.08
2019-09-13,97818.7,184524.99,318628.47
2019-09-16,97319.82,182624.38,313721.6
2019-09-17,97767.49,184322.79,318082.33
2019-09-18,97767.49,184304.36,318050.52
2019-09-19,97933.7,184930.99,319640.77
2019-09-20,96964.15,181269.36,310147.44
2019-09-23,96905.98,181033.71,309558.16
2019-09-24,95558.98,176000.97,296649.58
2019-09-25,96715.25,180277.79,307447.63
2019-09-26,96328.39,178817.54,303727.51
2019-09-27,95210.98,174651.1,293127.42
2019-09-30,96048.83,177742.42,300895.3
2019-10-01,95737.82,175230.12,293770.0
2019-10-02,94071.98,169149.64,278464.58
2019-10-03,95163.22,173073.91,288155.15
2019-10-04,96600.18,178318.05,301237.39
2019-10-07,96242.76,176980.66,297863.53
2019-10-08,94741.38,171441.17,283893.73
2019-10-09,95811.95,175332.88,293546.12
2019-10-10,96434.73,177612.21,299240.92
2019-10-11,97726.96,182354.46,311240.48
2019-10-14,97707.41,182281.51,311053.73
2019-10-15,98958.07,186947.92,323029.3
2019-10-16,98671.09,185882.32,320251.25
2019-10-17,98947.37,186904.67,322909.33
2019-10-18,98027.16,183446.93,313932.46
2019-10-21,98919.2,186804.01,322534.2
2019-10-22,98098.17,183703.07,314535.36
2019-10-23,98284.56,184401.14,316328.21
2019-10-24,99247.75,188015.4,325628.26
2019-10-25,100021.88,190967.24,333280.52
2019-10-28,101032.1,194843.88,343412.25
2019-10-29,100244.05,191804.31,335376.4
2019-10-30,100685.13,193492.19,339836.91
2019-10-31,100695.2,193530.89,339938.86
2019-11-01,102166.67,197736.88,350209.45
2019-11-04,102789.89,200129.5,356583.27
2019-11-05,102779.61,200109.48,356511.95
2019-11-06,102604.88,199429.11,354658.09
2019-11-07,102902.44,200585.8,357708.15
2019-11-08,103355.21,202350.95,362429.9
2019-11-11,103179.5,201662.96,360581.5
2019-11-12,103458.09,202731.77,363466.15
2019-11-13,103406.36,202529.04,362957.3
2019-11-14,103385.68,202427.78,362703.23
2019-11-15,104109.38,205261.77,370320.0
2019-11-18,104275.95,205898.08,372060.5
2019-11-19,104401.08,206412.82,373437.13
2019-11-20,103712.04,203688.17,366043.07
2019-11-21,103483.87,202791.95,363627.19
2019-11-22,103566.66,203116.41,364463.53
2019-11-25,104819.81,208011.52,377657.11
2019-11-26,104998.01,208697.96,379545.4
2019-11-27,105732.99,211640.6,387553.8
2019-11-29,105214.9,209587.69,381895.52
2019-12-02,104530.89,205360.71,369508.79
2019-12-03,103840.99,202670.49,362229.47
2019-12-04,104370.58,204717.46,367735.35
2019-12-05,104516.7,205311.14,369316.62
2019-12-06,105635.03,209704.8,381171.68
2019-12-09,105201.92,207985.22,376445.15
2019-12-10,105096.72,207569.25,375315.82
2019-12-11,105706.28,209977.05,381846.31
2019-12-12,106520.22,213189.7,390628.78
2019-12-13,106786.52,214234.33,393519.43
2019-12-16,107822.35,218411.9,405010.2
2019-12-17,107887.04,218695.83,405779.72
2019-12-18,107951.78,218936.4,406469.54
2019-12-19,108718.23,222023.4,415086.7
2019-12-20,109185.72,223932.8,420441.31
2019-12-23,109404.09,224828.54,423006.01
2019-12-24,109447.85,225008.4,423513.61
2019-12-26,110443.83,229081.05,435033.18
2019-12-27,110355.48,228691.61,433945.6
2019-12-30,109582.99,225489.93,424876.14
2019-12-31,109878.86,226707.58,428275.15
2020-01-02,112133.88,234455.5,449270.6
2020-01-03,111147.11,230305.64,437364.93
2020-01-06,111836.22,233161.43,445499.91
2020-01-07,111813.85,233044.84,445188.06
2020-01-08,112652.46,236517.21,455160.28
2020-01-09,113632.53,240608.96,466994.44
2020-01-10,113337.09,239381.85,463398.59
2020-01-13,114651.8,244935.51,479524.86
2020-01-14,114181.72,242927.04,473626.7
2020-01-15,114204.56,243048.51,473958.24
2020-01-16,115335.19,247860.87,488034.8
2020-01-17,115946.46,250512.98,495843.36
2020-01-21,115853.71,250137.21,494702.92
2020-01-22,116131.75,251337.87,498264.78
2020-01-23,116491.76,252896.16,502898.64
2020-01-24,115536.53,248748.66,490527.34
2020-01-27,113144.92,238450.47,460065.59
2020-01-28,114898.67,245842.43,481458.64
2020-01-29,115036.55,246407.87,483143.74
2020-01-30,115473.69,248280.57,488651.58
2020-01-31,113649.2,240410.08,465440.63
2020-02-03,115861.44,248137.38,486861.37
2020-02-04,118503.08,259427.63,520114.0
2020-02-05,118929.69,261295.51,525679.22
2020-02-06,119928.7,265659.14,538873.76
2020-02-07,119365.04,263135.38,531221.76
2020-02-10,120833.23,269608.51,550823.84
2020-02-11,120845.31,269662.43,550989.09
2020-02-12,122053.76,275055.68,567573.86
2020-02-13,121834.07,274065.48,564452.2
2020-02-14,122187.39,275655.06,569362.94
2020-02-18,122260.7,276013.41,570444.73
2020-02-19,123385.5,281119.66,586246.05
2020-02-20,122225.67,275862.73,569772.53
2020-02-21,119927.83,265490.29,537637.36
2020-02-24,115262.64,244861.69,474948.84
2020-02-25,112150.55,231663.65,436525.48
2020-02-26,112644.01,233702.29,442287.62
2020-02-27,107090.66,210682.61,376917.51
2020-02-28,107411.93,211946.71,380272.08
2020-03-02,113221.2,233351.46,436935.96
2020-03-03,109609.44,218440.3,395077.49
2020-03-04,114136.31,236483.47,443988.08
2020-03-05,110598.09,221821.5,402652.79
2020-03-06,108795.34,214590.12,382963.07
2020-03-09,101364.62,185298.57,304532.24
2020-03-10,106777.49,205088.45,353287.85
2020-03-11,102111.31,187143.21,306936.48
2020-03-12,92645.59,152428.15,221546.75
2020-03-13,101975.0,183127.18,288498.18
2020-03-16,89544.25,138462.46,182965.55
2020-03-17,95328.81,156351.81,218424.27
2020-03-18,91515.66,143859.3,192235.2
2020-03-19,92961.6,148405.25,201347.15
2020-03-20,89205.96,136428.95,176964.01
2020-03-23,89366.53,136920.09,177919.61
2020-03-24,96346.05,158293.32,219588.39
2020-03-25,95276.61,154763.38,212254.13
2020-03-26,100726.43,172483.78,248698.17
2020-03-27,96788.03,158995.55,219525.87
2020-03-30,100620.84,171588.0,245627.5
2020-03-31,99654.88,168310.67,238577.99
2020-04-01,95958.39,154664.34,209049.8
2020-04-02,97877.55,160835.44,221571.88
2020-04-03,96497.48,156299.88,212199.39
2020-04-06,103590.05,179291.6,259010.57
2020-04-07,103175.68,177857.26,255902.45
2020-04-08,105486.82,185825.27,273099.09
2020-04-09,105602.86,186234.08,274000.32
2020-04-13,106806.73,190498.84,283398.53
2020-04-14,111410.1,206938.89,320070.3
2020-04-15,110128.88,202158.61,308995.87
2020-04-16,112254.37,209961.93,326886.73
2020-04-17,113208.53,213531.28,335222.34
2020-04-20,111850.03,208406.53,323154.33
2020-04-21,107700.39,192963.61,287219.57
2020-04-22,111049.88,204985.24,314045.88
2020-04-23,110750.04,203898.82,311533.51
2020-04-24,112610.64,210749.82,327234.8
2020-04-27,113263.78,213194.52,332928.69
2020-04-28,111213.71,205476.87,314850.66
2020-04-29,115128.43,219921.9,348067.4
2020-04-30,115358.69,220801.59,350121.0
2020-05-01,112220.73,207425.98,317627.57
2020-05-04,113713.26,212943.51,330300.91
2020-05-05,114952.74,217585.68,341134.78
2020-05-06,115653.95,220218.46,347343.43
2020-05-07,117157.45,225944.14,360924.56
2020-05-08,118680.5,231818.69,375000.61
2020-05-11,119689.28,235759.61,384600.63
2020-05-12,117283.53,226305.65,361447.67
2020-05-13,115840.94,220715.9,348074.11
2020-05-14,117057.27,225350.93,359003.63
2020-05-15,117806.43,228235.42,365896.5
2020-05-18,120115.44,237182.25,387411.22
2020-05-19,119683.02,235474.54,383265.92
2020-05-20,122088.65,244917.07,406338.53
2020-05-21,120709.05,239381.94,392563.65
2020-05-22,121167.75,241225.18,397078.13
2020-05-26,120852.71,239994.94,394020.63
2020-05-27,121517.4,242658.88,400561.37
2020-05-28,121189.3,241348.52,397316.83
2020-05-29,122970.79,248468.3,414878.23
2020-06-01,124026.4,251233.92,421027.37
2020-06-02,124782.97,254298.97,428732.18
2020-06-03,125394.4,256791.1,435034.54
2020-06-04,124428.86,252810.84,424941.74
2020-06-05,126942.33,263024.39,450735.7
2020-06-08,127945.17,267153.88,461373.06
2020-06-09,128789.61,270707.02,470554.39
2020-06-10,130438.12,277610.05,488576.62
2020-06-11,123903.17,249793.53,415143.55
2020-06-12,124882.0,253715.28,424940.94
2020-06-15,126343.12,259652.22,439856.37
2020-06-16,128566.76,268817.95,463124.77
2020-06-17,128991.03,270619.03,467756.02
2020-06-18,129378.0,272215.68,471919.05
2020-06-19,129339.19,272025.13,471447.13
2020-06-22,130917.13,278635.34,488654.95
2020-06-23,131938.28,283009.91,500138.34
2020-06-24,129259.94,271519.71,469679.92
2020-06-25,130539.61,276895.8,483629.41
2020-06-26,127276.12,263051.01,447357.2
2020-06-29,128727.07,269022.27,462612.08
2020-06-30,131250.12,279594.84,489859.94
2020-07-01,133344.29,286845.13,508110.96
2020-07-02,134157.69,290344.64,517409.4
2020-07-06,137565.3,305065.11,556784.25
2020-07-07,136533.56,300458.63,544200.93
2020-07-08,138390.42,308601.06,566349.9
2020-07-09,139525.22,313692.98,580338.75
2020-07-10,140585.61,318461.11,593570.47
2020-07-13,137548.96,304703.59,555107.1
2020-07-14,138676.86,309731.2,568818.25
2020-07-15,138829.41,310443.58,570752.23
2020-07-16,137857.6,306066.33,558709.36
2020-07-17,138105.74,307137.56,561670.52
2020-07-20,142083.19,324859.39,610255.02
2020-07-21,140534.48,317809.95,590360.71
2020-07-22,141026.35,320034.62,596500.46
2020-07-23,137260.95,302944.77,548720.77
2020-07-24,135998.15,297370.58,533576.08
2020-07-27,138473.31,308224.61,562762.69
2020-07-28,136631.62,300025.83,540308.46
2020-07-29,138325.85,307466.48,560407.93
2020-07-30,139003.65,310510.39,568701.97
2020-07-31,141477.91,321533.51,599013.78
2020-08-03,143923.01,330857.23,624093.85
2020-08-04,144469.92,333338.66,631146.11
2020-08-05,144845.54,335072.02,636069.05
2020-08-06,146685.08,343616.36,660366.89
2020-08-07,145027.54,335816.27,637914.41
2020-08-10,144316.9,332558.85,628600.86
2020-08-11,141589.31,320021.38,593022.05
2020-08-12,145256.48,336598.49,639099.87
2020-08-13,145532.46,337843.9,642678.83
2020-08-14,145357.82,336999.29,640300.91
2020-08-17,146971.3,344480.68,661686.96
2020-08-18,148411.61,351232.5,681140.56
2020-08-19,147357.89,346280.12,666700.38
2020-08-20,149420.9,355975.96,694701.8
2020-08-21,150436.96,360817.24,708873.71
2020-08-24,151354.63,365255.29,721916.99
2020-08-25,152595.74,371282.0,739748.34
2020-08-26,155846.03,387135.74,787092.23
2020-08-27,155253.81,384193.51,778040.67
2020-08-28,156154.28,388688.57,791656.39
2020-08-31,157653.37,396112.53,814376.92
2020-09-01,160525.67,408550.56,851627.87
2020-09-02,162195.13,417048.41,878198.66
2020-09-03,153712.33,373466.86,740497.11
2020-09-04,151760.18,363980.8,712358.22
2020-09-08,144521.22,329293.43,610491.0
2020-09-09,148799.05,348787.6,664702.6
2020-09-10,145644.51,333999.0,622427.51
2020-09-11,144770.64,329991.02,611286.06
2020-09-14,147260.7,341309.71,642767.29
2020-09-15,149366.52,351071.17,670342.01
2020-09-16,146872.1,339345.39,636690.84
2020-09-17,144698.4,329300.76,608421.77
2020-09-18,142817.32,320738.95,584693.32
2020-09-21,143388.59,323272.78,591651.17
2020-09-22,146084.29,335395.51,624961.13
2020-09-23,141468.03,314232.06,565777.31
2020-09-24,142288.54,317908.57,575678.41
2020-09-25,145618.1,332754.9,616033.47
2020-09-28,148399.4,345499.41,651393.79
2020-09-29,147850.32,342977.27,644228.46
2020-09-30,149092.27,348739.29,660463.02
2020-10-01,151761.35,359332.3,689648.81
2020-10-02,147466.51,339030.03,631166.59
2020-10-05,150784.5,354286.38,673770.34
2020-10-06,147934.68,340894.35,635500.18
2020-10-07,150715.85,353677.89,671278.84
2020-10-08,151348.86,356613.42,679669.83
2020-10-09,153634.22,367418.8,710526.84
2020-10-12,158381.52,390125.29,776392.67
2020-10-13,158318.17,389813.19,775461.0
2020-10-14,157035.79,383498.21,756617.3
2020-10-15,155905.13,377937.49,740198.71
2020-10-16,155297.1,374989.58,731538.38
2020-10-19,152439.64,361189.96,691230.62
2020-10-20,153003.66,363898.88,698972.4
2020-10-21,152835.36,363134.7,696735.69
2020-10-22,152804.79,362989.44,696317.65
2020-10-23,153186.8,364840.69,701609.66
2020-10-26,150720.5,353092.82,667792.07
2020-10-27,151956.4,358883.54,684219.76
2020-10-28,145984.52,330639.41,603481.83
2020-10-29,148714.43,342972.26,637276.81
2020-10-30,144818.11,324966.21,587123.13
2020-11-02,145739.53,327353.92,592676.68
2020-11-03,148304.55,338876.77,623970.01
2020-11-04,154844.78,368731.82,706458.85
2020-11-05,158808.81,387574.01,760644.24
2020-11-06,158983.49,388426.68,763154.37
2020-11-09,155549.45,371646.64,713778.28
2020-11-10,152842.89,358713.34,676447.68
2020-11-11,156373.56,375285.9,723325.5
2020-11-12,155513.51,371120.22,711318.3
2020-11-13,156975.33,378060.17,731306.34
2020-11-16,157964.28,382861.54,745201.16
2020-11-17,157490.39,380564.37,738494.35
2020-11-18,156403.7,375312.58,723207.52
2020-11-19,157592.37,381054.86,739768.97
2020-11-20,156552.26,376024.94,725121.55
2020-11-23,156552.26,375987.33,725049.03
2020-11-24,158837.92,386966.16,756806.18
2020-11-25,159790.95,391609.76,770428.69
2020-11-27,161181.13,398423.77,790613.92
2020-11-30,161310.08,399061.25,792590.46
2020-12-01,164269.59,411747.86,829334.69
2020-12-02,164286.02,411830.21,829583.49
2020-12-03,164433.88,412530.33,831740.41
2020-12-04,165239.6,416573.12,844050.17
2020-12-07,166131.89,421113.77,857808.19
2020-12-08,166646.9,423724.67,865785.8
2020-12-09,163064.0,405546.89,810029.2
2020-12-10,163553.19,407980.17,817319.46
2020-12-11,163209.73,406266.65,812088.61
2020-12-14,164352.19,411954.38,829142.48
2020-12-15,166110.76,420811.4,855840.86
2020-12-16,167057.59,425650.73,870561.33
2020-12-17,168160.17,431269.32,887885.5
2020-12-18,167975.2,430320.53,884955.47
2020-12-21,167336.89,427093.13,874955.48
2020-12-22,167705.03,428929.63,880642.69
2020-12-23,166849.74,424597.44,867256.92
2020-12-24,167617.25,428461.28,879138.34
2020-12-28,169310.18,437073.35,905688.32
2020-12-29,169377.9,437379.3,906684.57
2020-12-30,169394.84,437510.51,907047.25
2020-12-31,169953.84,440441.83,916117.72
2021-01-04,167897.04,427713.58,875278.26
2021-01-05,169324.16,434984.71,897597.86
2021-01-06,166953.62,422805.14,859898.75
2021-01-07,171144.16,443987.67,924563.13
2021-01-08,173334.81,455353.76,960066.36
2021-01-11,170648.12,441283.33,915519.28
2021-01-12,170511.6,440577.27,913322.03
2021-01-13,171585.82,446128.55,930675.15
2021-01-14,170590.62,440953.46,914574.47
2021-01-15,169345.31,434471.44,894453.83
2021-01-19,171885.49,447549.03,934793.7
2021-01-20,175856.05,468225.8,999481.42
2021-01-21,177298.06,475857.88,1023968.72
2021-01-22,176783.9,473097.9,1015162.59
2021-01-25,178321.92,481377.11,1041759.85
2021-01-26,178411.08,481858.49,1043322.49
2021-01-27,173415.57,454874.42,955683.4
2021-01-28,174594.8,461060.71,975083.77
2021-01-29,170945.77,441788.37,913848.51
2021-02-01,175731.91,464447.02,983016.08
2021-02-02,178473.33,478984.21,1029119.54
2021-02-03,177759.43,475152.34,1016770.1
2021-02-04,179857.0,486413.45,1052865.44
2021-02-05,180432.54,489526.49,1062867.66
2021-02-08,181641.44,496086.15,1084231.3
2021-02-09,181532.45,495490.84,1082388.11
2021-02-10,181114.93,493211.59,1074811.39
2021-02-11,182165.39,498932.84,1093513.11
2021-02-12,183130.87,504271.42,1111009.32
2021-02-16,182673.04,501800.49,1102787.85
2021-02-17,181686.61,496381.05,1085032.97
2021-02-18,180869.02,491863.98,1070276.52
2021-02-19,180109.37,487781.51,1056898.06
2021-02-22,175372.49,462124.2,973508.81
2021-02-23,174986.67,460090.85,967083.65
2021-02-24,176404.06,467590.33,990680.49
2021-02-25,170124.08,434297.9,884776.74
2021-02-26,171195.86,439770.06,901587.5
2021-03-01,176657.87,465761.69,980388.7
2021-03-02,173690.02,450112.1,930977.11
2021-03-03,168687.75,424140.63,850447.59
2021-03-04,165769.45,409465.37,806309.36
2021-03-05,168488.07,422895.83,845979.78
2021-03-08,163568.22,398241.0,771956.55
2021-03-09,170160.02,430339.23,865208.9
2021-03-10,169598.49,427498.99,856643.33
2021-03-11,173601.01,447676.94,917293.68
2021-03-12,172055.96,439753.06,892893.67
2021-03-15,173982.99,449647.5,922984.18
2021-03-16,174905.1,454458.73,937751.93
2021-03-17,175569.74,457912.62,948442.3
2021-03-18,170074.41,429247.29,859383.57
2021-03-19,171111.86,434484.1,875110.29
2021-03-22,174037.87,449300.01,919915.94
2021-03-23,173115.47,444582.36,905381.26
2021-03-24,170207.13,429644.4,859750.05
2021-03-25,169968.84,428398.43,856053.12
2021-03-26,172603.36,441721.62,895945.2
2021-03-29,172430.76,440794.0,893167.77
2021-03-30,171516.87,436077.51,878877.08
2021-03-31,174106.78,449247.05,918690.22
2021-04-01,177784.62,466117.84,969378.0
2021-04-05,181375.87,484902.39,1028025.37
2021-04-06,181121.94,483496.17,1023604.86
2021-04-07,181629.09,486203.75,1032203.14
2021-04-08,183518.03,496316.79,1064407.88
2021-04-09,184674.19,502570.38,1084525.19
2021-04-12,184323.31,500710.87,1078451.85
2021-04-13,186553.62,512828.07,1117599.65
2021-04-14,184109.77,499443.26,1073789.74
2021-04-15,187073.94,515525.33,1125653.79
2021-04-16,187279.72,516659.49,1129481.01
2021-04-19,185481.83,506791.29,1097064.91
2021-04-20,184164.91,499645.53,1073807.13
2021-04-21,185840.81,508739.08,1103122.07
2021-04-22,183536.39,496122.35,1062085.93
2021-04-23,185922.36,509021.54,1103507.28
2021-04-26,187056.49,515231.6,1123591.11
2021-04-27,186177.32,510388.42,1107748.47
2021-04-28,185395.38,506101.16,1093790.84
2021-04-29,186303.81,511111.56,1109978.95
2021-04-30,184850.64,503087.11,1083894.44
2021-05-03,184535.1,499155.54,1070080.44
2021-05-04,181121.2,480686.79,1010797.98
2021-05-05,180577.84,477754.6,1001599.72
2021-05-06,182058.58,485542.0,1026138.91
2021-05-07,183478.63,493116.45,1050047.95
2021-05-10,178653.15,467178.53,967304.17
2021-05-11,178545.95,466617.91,965563.02
2021-05-12,173868.05,442167.13,889669.77
2021-05-13,175311.15,449462.89,911733.58
2021-05-14,179115.41,468924.64,970996.26
2021-05-17,178040.71,463297.54,953518.33
2021-05-18,176758.82,456672.38,933017.68
2021-05-19,177023.96,458088.07,937309.57
2021-05-20,180458.22,475816.08,991767.25
2021-05-21,179357.43,470011.12,973617.91
2021-05-24,182424.44,486132.5,1023661.87
2021-05-25,182643.35,487250.61,1027244.69
2021-05-26,183246.07,490466.46,1037414.41
2021-05-27,182641.36,487229.38,1027247.75
2021-05-28,183024.91,489275.75,1033719.41
2021-06-01,183102.8,487473.8,1026979.87
2021-06-02,183395.77,488984.97,1031806.68
2021-06-03,181433.43,478520.69,998685.69
2021-06-04,184662.95,495556.03,1052115.37
2021-06-07,185087.67,497885.14,1059480.18
2021-06-08,185198.72,498482.6,1061281.29
2021-06-09,185254.28,498781.69,1062236.45
2021-06-10,187199.45,509305.99,1095803.12
2021-06-11,187704.89,512056.24,1104788.7
2021-06-14,189450.55,521580.48,1135501.83
2021-06-15,188143.34,514382.67,1111883.39
2021-06-16,187503.65,510884.87,1100653.37
2021-06-17,189922.45,524116.79,1143358.72
2021-06-18,188384.08,515678.51,1115689.44
2021-06-21,189552.06,522124.49,1136552.83
2021-06-22,191333.85,531940.43,1168717.28
2021-06-23,191391.25,532206.4,1169652.25
2021-06-24,192616.15,539071.86,1192226.54
2021-06-25,192346.49,537508.56,1187099.97
2021-06-28,194750.82,551000.02,1231734.92
2021-06-29,195393.5,554636.62,1243929.1
2021-06-30,195159.02,553250.03,1239326.56
2021-07-01,195737.29,554137.65,1241190.37
2021-07-02,197988.27,566882.82,1284011.44
2021-07-06,198780.22,571417.88,1299419.58
2021-07-07,199098.27,573303.56,1305786.73
2021-07-08,197903.68,566481.25,1282413.15
2021-07-09,199308.79,574468.63,1309600.31
2021-07-12,200006.38,578489.92,1323351.11
2021-07-13,199966.37,578200.67,1322424.77
2021-07-14,200306.32,580224.37,1329301.37
2021-07-15,198884.14,571985.19,1300987.26
2021-07-16,197352.73,563233.81,1271064.55
2021-07-19,195576.56,553095.6,1236745.81
2021-07-20,197982.15,566701.76,1282381.73
2021-07-21,199526.41,575485.63,1312261.22
2021-07-22,200843.29,583024.5,1338112.77
2021-07-23,203152.98,596434.06,1384277.66
2021-07-26,203335.82,597567.28,1388153.63
2021-07-27,201058.46,584241.53,1341650.49
2021-07-28,201882.8,589032.31,1358152.79
2021-07-29,202286.57,591388.44,1366301.7
2021-07-30,201093.08,584410.06,1342254.79
2021-08-02,201633.39,585202.51,1343694.72
2021-08-03,202944.01,592868.67,1370031.14
2021-08-04,203248.43,594587.99,1376059.28
2021-08-05,204569.54,602317.63,1402892.43
2021-08-06,203587.61,596595.61,1382831.07
2021-08-09,203913.35,598445.06,1389330.38
2021-08-10,202832.61,592161.39,1367378.96
2021-08-11,202487.79,590148.04,1360405.32
2021-08-12,203317.99,594928.24,1377002.27
2021-08-13,203968.61,598676.28,1390083.79
2021-08-16,204029.8,598975.62,1391195.86
2021-08-17,202173.13,588074.27,1353216.21
2021-08-18,200212.05,576724.43,1313972.94
2021-08-19,201233.13,582607.02,1334076.73
2021-08-20,203366.2,594958.29,1376633.77
2021-08-23,206335.35,612331.07,1436930.33
2021-08-24,206933.72,615943.83,1449575.32
2021-08-25,207078.57,616867.74,1452764.39
2021-08-26,205856.81,609588.7,1427195.73
2021-08-27,207935.96,621902.39,1470439.76
2021-08-30,210264.85,635770.82,1519699.5
2021-08-31,209970.48,633927.08,1513164.79
2021-09-01,210870.37,636774.46,1522141.31
2021-09-02,210764.94,636201.37,1520010.31
2021-09-03,211418.31,640145.81,1534146.41
2021-09-07,211735.43,642002.24,1540896.65
2021-09-08,210994.36,637508.22,1524717.24
2021-09-09,210192.58,632599.41,1507182.99
2021-09-10,208574.1,622794.12,1472216.34
2021-09-13,208490.67,622295.88,1470449.69
2021-09-14,207802.65,618126.5,1455745.19
2021-09-15,209423.51,627831.09,1489955.2
2021-09-16,209591.05,628835.62,1493531.09
2021-09-17,207117.88,614057.98,1440809.45
2021-09-20,202768.4,588328.95,1350182.53
2021-09-21,202971.17,589564.44,1354368.1
2021-09-22,204980.58,601237.82,1394592.83
2021-09-23,206866.4,612360.72,1433223.05
2021-09-24,207052.58,613401.73,1436949.43
2021-09-27,205375.46,603403.28,1401887.86
2021-09-28,199501.72,568888.61,1281746.07
2021-09-29,199262.32,567523.28,1277259.96
2021-09-30,198405.49,562642.58,1260783.31
2021-10-01,200297.83,570970.26,1287644.13
2021-10-04,195971.4,546304.35,1204204.79
2021-10-05,198714.99,561546.24,1254660.97
2021-10-06,199966.9,568621.72,1278374.06
2021-10-07,201726.61,578686.32,1312250.98
2021-10-08,200697.8,572725.86,1292042.31
2021-10-11,199252.78,564478.6,1264004.99
2021-10-12,198555.39,560527.25,1250732.94
2021-10-13,200084.27,569103.32,1279499.8
2021-10-14,203845.85,590501.6,1351663.59
2021-10-15,205130.08,597941.93,1377074.86
2021-10-18,207222.41,610080.15,1419075.65
2021-10-19,208714.41,618865.3,1449585.77
2021-10-20,208422.21,617070.59,1443352.55
2021-10-21,209797.8,625154.22,1471786.6
2021-10-22,207972.56,614276.53,1433372.97
2021-10-25,210135.47,626992.06,1477950.87
2021-10-26,210744.86,630628.61,1490956.84
2021-10-27,211271.73,633781.75,1502139.01
2021-10-28,213701.35,648358.73,1554113.02
2021-10-29,214684.38,654323.63,1575404.37
2021-11-01,215937.52,659341.92,1592293.78
2021-11-02,216844.46,664946.32,1612515.91
2021-11-03,219186.38,679242.67,1664600.17
2021-11-04,221926.21,696223.74,1727022.68
2021-11-05,222103.75,697337.69,1731167.53
2021-11-08,221792.81,695315.42,1723723.51
2021-11-09,220218.08,685441.94,1687008.2
2021-11-10,217046.94,665632.66,1613960.75
2021-11-11,217676.37,669559.9,1628163.6
2021-11-12,219940.21,683553.7,1679125.12
2021-11-15,219786.25,682665.08,1675766.87
2021-11-16,221434.65,692836.79,1713304.05
2021-11-17,221412.5,692698.22,1712790.06
2021-11-18,223781.62,707521.96,1767941.9
2021-11-19,225012.42,715304.7,1796936.14
2021-11-22,222402.27,698709.64,1734402.77
2021-11-23,221401.46,692351.38,1710814.89
2021-11-24,222220.65,697544.01,1729976.02
2021-11-26,217576.23,668386.67,1621506.52
2021-11-29,222645.76,699533.49,1734849.82
2021-11-30,219061.16,677078.47,1651230.06
2021-12-01,216048.19,655895.96,1572447.02
2021-12-02,217582.13,665209.68,1606097.39
2021-12-03,213796.2,641993.86,1522098.49
2021-12-06,215613.47,652971.96,1561064.21
2021-12-07,222146.55,692476.76,1702808.85
2021-12-08,223079.57,698293.56,1724264.24
2021-12-09,219755.68,677414.59,1647017.2
2021-12-10,222238.92,692724.16,1702851.08
2021-12-13,218838.67,671596.07,1624860.5
2021-12-14,216562.75,657626.87,1574002.37
2021-12-15,221651.97,688601.1,1685126.94
2021-12-16,215866.85,652587.26,1553012.98
2021-12-17,215024.97,647431.82,1534687.43
2021-12-20,212659.7,633188.32,1484042.75
2021-12-21,217529.61,662251.66,1586144.89
2021-12-22,220161.71,678344.38,1643880.56
2021-12-23,221900.99,689062.22,1682840.53
2021-12-27,225429.22,710974.4,1763112.02
2021-12-28,224347.16,704220.14,1737899.52
2021-12-29,224369.59,704431.41,1738594.68
2021-12-30,223516.99,699148.17,1718948.56
2021-12-31,222041.78,689849.5,1684741.48
2022-01-03,225011.99,705744.3,1741528.55
2022-01-04,221974.33,686759.77,1671170.8
2022-01-05,215048.73,643905.96,1514749.21
2022-01-06,214962.71,643390.84,1512931.51
2022-01-07,212598.12,629236.24,1463004.77
2022-01-10,212895.76,631061.03,1469295.69
2022-01-11,216025.32,649614.22,1534091.63
2022-01-12,216846.22,654616.25,1551733.69
2022-01-13,211273.27,620903.51,1431939.85
2022-01-14,212857.82,630217.07,1464158.49
2022-01-18,207387.38,597823.91,1351418.29
2022-01-19,205168.33,585030.48,1308037.76
2022-01-20,202419.08,569351.66,1255585.45
2022-01-21,196852.55,538037.32,1151999.65
2022-01-24,197817.13,543363.89,1169049.24
2022-01-25,192911.26,516358.7,1081955.07
2022-01-26,193239.21,518062.69,1087364.85
2022-01-27,190920.34,505680.99,1048328.45
2022-01-28,197067.98,538297.41,1149701.81
2022-01-31,203551.51,573717.38,1263177.38
2022-02-01,205275.82,581107.99,1286423.57
2022-02-02,206918.03,590405.72,1317297.74
2022-02-03,198186.09,540575.48,1150659.58
2022-02-04,200821.96,555008.84,1196685.96
2022-02-07,199135.06,545684.69,1166649.14
2022-02-08,201544.59,558835.69,1208881.84
2022-02-09,205777.03,582306.79,1285041.4
2022-02-10,200982.42,555113.07,1195088.5
2022-02-11,194812.26,521029.12,1084901.34
2022-02-14,195007.08,522123.28,1088264.53
2022-02-15,199823.75,547916.18,1168904.93
2022-02-16,199583.96,546601.18,1164813.77
2022-02-17,193676.28,514297.05,1061494.79
2022-02-18,191468.37,502519.64,1025085.51
2022-02-22,189572.83,492569.76,994537.97
2022-02-23,184643.94,466906.87,916864.55
2022-02-24,190995.69,499076.75,1011576.66
2022-02-25,193917.92,514398.41,1058109.19
2022-02-28,194577.24,517947.76,1069007.71
2022-03-01,191897.48,501546.36,1017315.73
2022-03-02,195159.74,518548.78,1069097.11
2022-03-03,192310.41,503355.31,1022163.74
2022-03-04,189598.83,489211.02,979028.43
2022-03-07,182488.88,452569.12,868985.64
2022-03-08,181777.17,449039.08,858818.5
2022-03-09,188284.79,481145.37,950969.73
2022-03-10,186213.66,470560.17,919587.73
2022-03-11,182247.31,450514.31,860918.03
2022-03-14,178748.16,433214.56,811329.15
2022-03-15,184396.6,460550.4,888162.02
2022-03-16,191219.28,494631.13,986836.82
2022-03-17,193437.42,506106.57,1021178.75
2022-03-18,197576.98,527717.32,1086636.3
2022-03-21,196964.49,524498.24,1076639.25
2022-03-22,200785.6,544796.33,1139191.99
2022-03-23,197954.53,529433.07,1091004.17
2022-03-24,202309.53,552728.13,1163119.54
2022-03-25,202147.68,551899.03,1160444.37
2022-03-28,205341.61,569339.04,1215449.43
2022-03-29,208791.35,588468.83,1276708.08
2022-03-30,206494.65,575522.52,1234576.72
2022-03-31,203293.98,557738.87,1177292.36
2022-04-01,204099.67,559969.42,1183210.2
2022-04-04,208202.07,582480.19,1254439.46
2022-04-05,203538.35,556443.32,1170266.57
2022-04-06,199121.57,532293.68,1094082.22
2022-04-07,199579.54,534689.0,1101521.97
2022-04-08,196765.47,519610.77,1055037.75
2022-04-11,192141.48,495137.11,980552.08
2022-04-12,191449.78,491621.63,970060.18
2022-04-13,195259.63,511139.01,1027875.76
2022-04-14,190807.71,487831.07,957569.06
2022-04-18,191055.76,489050.65,961207.82
2022-04-19,195163.45,510128.73,1023301.85
2022-04-20,192255.52,494926.9,977560.25
2022-04-21,188429.63,475278.3,919297.66
2022-04-22,183436.25,450088.55,846213.5
2022-04-25,185857.61,461970.89,879723.55
2022-04-26,178664.92,426214.34,777675.62
2022-04-27,178575.59,425788.13,776509.11
2022-04-28,184790.02,455422.98,857576.66
2022-04-29,176529.9,414708.16,742661.39
2022-05-02,180074.82,429491.33,781508.51
2022-05-03,180272.9,430393.26,784009.34
2022-05-04,186420.21,459703.04,864135.1
2022-05-05,176987.34,413181.09,732872.98
2022-05-06,174828.1,403099.47,705976.54
2022-05-09,167869.94,370972.44,621612.34
2022-05-10,170052.25,380617.73,645793.06
2022-05-11,164848.65,357285.86,586444.68
2022-05-12,164551.92,355963.9,583219.23
2022-05-13,170640.34,382305.23,647956.57
2022-05-16,168660.91,373435.75,625407.68
2022-05-17,173079.83,393003.78,674502.18
2022-05-18,164321.99,353231.8,572112.75
2022-05-19,163598.97,350123.36,564560.86
2022-05-20,163042.74,347777.53,558858.8
2022-05-23,165781.86,359462.86,587025.28
2022-05-24,162134.66,343682.44,548340.32
2022-05-25,164534.25,353855.44,572686.63
2022-05-26,169124.75,373565.19,620563.23
2022-05-27,174705.87,398183.13,681936.93
2022-05-31,174164.28,395714.4,675594.92
2022-06-01,173371.77,390350.43,661085.61
2022-06-02,178139.49,411780.66,715559.06
2022-06-03,173383.17,389750.4,658171.23
2022-06-06,174094.04,392946.35,666266.73
2022-06-07,175643.47,399940.8,684056.05
2022-06-08,174308.58,393861.7,668459.58
2022-06-09,169532.53,372278.08,613579.05
2022-06-10,163497.17,345771.88,548048.8
2022-06-13,155976.3,313960.86,472418.07
2022-06-14,156303.85,315248.1,475347.06
2022-06-15,160195.82,330978.98,510903.02
2022-06-16,153755.94,304368.27,449288.12
2022-06-17,155662.52,311947.04,466046.56
2022-06-21,159538.52,327482.01,500906.85
2022-06-22,159283.25,326401.32,498452.4
2022-06-23,161624.72,336030.16,520484.0
2022-06-24,167265.42,359485.06,574978.67
2022-06-27,165910.57,353697.35,561064.19
2022-06-28,160783.93,331874.22,509109.65
2022-06-29,161073.34,333035.78,511807.93
2022-06-30,158931.07,324210.34,491437.97
2022-07-01,160563.03,329321.22,502465.44
2022-07-05,163260.49,340353.48,527739.46
2022-07-06,164272.7,344539.83,537502.64
2022-07-07,167820.99,359458.41,572386.56
2022-07-08,168055.94,360428.94,574733.34
2022-07-11,164375.52,344642.16,536973.36
2022-07-12,162781.08,337956.1,521293.74
2022-07-13,162553.18,337009.82,519104.3
2022-07-14,163105.86,339301.49,524399.17
2022-07-15,166090.7,351719.92,553188.68
2022-07-18,164612.49,345494.48,538473.86
2022-07-19,169764.86,367122.43,589036.56
2022-07-20,172396.22,378539.94,616485.66
2022-07-21,174878.72,389479.75,643179.49
2022-07-22,171783.37,375731.11,609090.98
2022-07-25,170838.56,371598.07,599040.98
2022-07-26,167490.13,357031.42,563817.37
2022-07-27,174625.21,387414.8,635816.85
2022-07-28,176231.76,394581.97,653428.97
2022-07-29,179421.55,408865.84,688910.17
2022-08-01,179813.6,408915.54,688238.17
2022-08-02,179274.16,406421.15,681975.2
2022-08-03,184168.34,428571.11,737760.77
2022-08-04,184978.68,432299.67,747425.44
2022-08-05,183535.85,425599.03,730010.43
2022-08-08,182856.77,422492.16,721980.31
2022-08-09,180753.92,412817.09,697144.19
2022-08-10,185905.4,436306.38,756680.3
2022-08-11,184697.02,430678.03,742000.71
2022-08-12,188501.78,448421.96,787856.35
2022-08-15,189915.54,455103.45,805504.33
2022-08-16,189478.73,452964.46,799865.8
2022-08-17,187186.04,442048.02,770910.66
2022-08-18,187672.72,444346.67,776923.76
2022-08-19,184013.11,427017.15,731551.41
2022-08-22,179118.36,404299.83,673173.61
2022-08-23,178992.97,403733.82,671827.26
2022-08-24,179494.15,405994.72,677470.61
2022-08-25,182635.3,420163.94,712970.07
2022-08-26,175147.26,385752.51,625346.05
2022-08-29,173465.84,378346.07,607336.09
2022-08-30,171505.68,369757.61,586686.66
2022-08-31,170528.1,365505.4,576595.65
2022-09-01,171062.3,366151.8,577441.91
2022-09-02,168599.0,355643.24,552554.16
2022-09-06,167385.09,350521.98,540618.99
2022-09-07,170849.96,364998.54,574137.37
2022-09-08,171704.21,368685.02,582806.84
2022-09-09,175430.19,384685.95,620689.29
2022-09-12,177535.36,393956.88,643096.17
2022-09-13,167699.9,350267.07,536149.28
2022-09-14,169108.58,356116.53,549606.62
2022-09-15,166216.82,343972.95,521466.76
2022-09-16,165302.63,340154.85,512810.42
2022-09-19,166575.46,345427.25,524707.62
2022-09-20,165159.57,339554.99,511327.57
2022-09-21,162186.69,327297.05,483664.75
2022-09-22,160289.11,319638.3,466688.12
2022-09-23,157628.31,309058.28,443493.72
2022-09-26,156824.41,305936.79,436752.61
2022-09-27,157075.32,306885.19,438805.35
2022-09-28,160169.71,318976.47,464738.75
2022-09-29,155588.86,300699.12,424817.69
2022-09-30,152897.17,290264.86,402727.17
2022-10-03,157017.34,304459.88,431735.33
2022-10-04,161947.69,323579.96,472447.97
2022-10-05,161818.13,323062.23,471314.1
2022-10-06,160588.31,318151.69,460615.27
2022-10-07,154357.48,293431.3,406953.59
2022-10-10,152783.04,287445.3,394500.81
2022-10-11,150888.53,280316.66,379825.38
2022-10-12,150813.08,280008.31,379217.66
2022-10-13,154281.78,292888.69,405383.68
2022-10-14,149499.05,274758.88,367723.53
2022-10-17,154671.72,293799.67,405930.01
2022-10-18,155862.69,298324.19,415306.99
2022-10-19,155239.24,295937.6,410364.84
2022-10-20,154447.52,292919.03,404086.26
2022-10-21,158138.81,306891.27,433018.83
2022-10-24,159815.08,313397.37,446788.83
2022-10-25,163171.2,326528.71,474891.85
2022-10-26,159483.53,311736.96,442646.69
2022-10-27,156485.24,300015.65,417681.42
2022-10-28,161445.82,319036.65,457361.15
2022-10-31,159476.18,311252.15,440667.47
2022-11-01,158344.43,305392.41,427623.63
2022-11-02,152976.55,284686.8,384134.31
2022-11-03,149947.62,273413.21,361355.14
2022-11-04,152286.8,281916.36,378230.43
2022-11-07,153961.95,288146.71,390749.85
2022-11-08,155116.67,292468.91,399541.73
2022-11-09,151440.4,278605.88,371134.31
2022-11-10,162783.29,320313.18,454491.08
2022-11-11,165745.94,331972.58,479306.29
2022-11-14,164121.63,325465.92,465166.75
2022-11-15,166501.4,334936.98,485448.02
2022-11-16,164087.13,325223.81,464331.03
2022-11-17,163775.36,323987.96,461684.35
2022-11-18,163775.36,323987.96,461684.35
2022-11-21,162039.34,317119.41,447048.95
2022-11-22,164437.53,326537.86,466942.63
2022-11-23,166032.57,332872.69,480530.66
2022-11-25,164870.34,328212.47,470439.52
2022-11-28,162512.7,318825.6,450257.66
2022-11-29,161326.35,314202.63,440442.05
2022-11-30,168715.1,342983.59,500914.74
2022-12-01,169384.32,344170.55,502918.98
2022-12-02,168706.78,341451.61,496934.25
2022-12-05,165788.15,329637.38,471143.36
2022-12-06,162455.81,316385.96,442733.42
2022-12-07,161724.76,313506.85,436712.24
2022-12-08,163697.8,321156.41,452695.91
2022-12-09,162650.13,317077.73,444049.42
2022-12-12,164667.0,324941.25,460523.65
2022-12-13,166461.87,332024.97,475582.77
2022-12-14,165146.82,326778.98,464359.02
2022-12-15,159581.37,304754.08,417412.32
2022-12-16,158161.1,299298.98,406225.67
2022-12-19,155915.21,290828.82,388961.08
2022-12-20,155743.7,290188.99,387677.51
2022-12-21,158048.71,298749.57,404851.62
2022-12-22,154113.29,283871.84,374609.21
2022-12-23,154529.4,285404.75,377606.08
2022-12-27,152242.37,276928.23,360802.61
2022-12-28,150232.77,269589.63,346478.75
2022-12-29,154048.68,283311.74,372915.08
2022-12-30,153894.63,282716.79,371759.04
2023-01-03,153313.87,279223.43,364404.37
