date,A,B,C
2015-01-02,9986.0,9971.0,9957.0
2015-01-05,9822.23,9643.95,9468.11
2015-01-06,9704.36,9411.53,9126.31
2015-01-07,9820.82,9636.47,9453.95
2015-01-08,10011.34,10009.4,10003.22
2015-01-09,9947.27,9880.28,9810.16
2015-01-12,9844.81,9676.74,9508.01
2015-01-13,9835.95,9659.33,9482.33
2015-01-14,9787.75,9564.66,9342.94
2015-01-15,9654.64,9305.46,8962.69
2015-01-16,9778.22,9544.61,9307.75
2015-01-20,9846.67,9678.24,9504.14
2015-01-21,9895.9,9775.02,9646.71
2015-01-22,10080.95,10139.63,10186.92
2015-01-23,10099.1,10176.13,10242.95
2015-01-26,10093.04,10164.94,10225.54
2015-01-27,9832.64,9640.43,9435.1
2015-01-28,9773.64,9523.78,9264.33
2015-01-29,9870.4,9712.35,9539.48
2015-01-30,9792.43,9559.86,9314.35
2015-02-02,10392.26,10255.02,10098.96
2015-02-03,10493.07,10453.97,10392.84
2015-02-04,10473.13,10414.25,10334.64
2015-02-05,10560.06,10587.12,10591.97
2015-02-06,10491.42,10450.55,10386.49
2015-02-09,10459.94,10387.85,10294.05
2015-02-10,10621.03,10708.83,10770.66
2015-02-11,10661.39,10789.15,10892.37
2015-02-12,10787.19,11043.77,11277.96
2015-02-13,10876.72,11227.1,11558.78
2015-02-17,10879.99,11233.83,11569.19
2015-02-18,10894.13,11261.92,11613.15
2015-02-19,10946.42,11368.91,11779.22
2015-02-20,11024.14,11529.21,12028.94
2015-02-23,11039.58,11562.64,12080.66
2015-02-24,11042.89,11570.74,12092.74
2015-02-25,11017.49,11516.35,12008.09
2015-02-26,11071.48,11629.21,12183.41
2015-02-27,11018.33,11516.41,12006.75
2015-03-02,11627.76,12245.92,12864.45
2015-03-03,11564.97,12113.67,12656.04
2015-03-04,11530.27,12040.99,12542.14
2015-03-05,11547.57,12077.11,12598.58
2015-03-06,11410.15,11790.88,12150.07
2015-03-09,11445.52,11865.16,12264.28
2015-03-10,11228.06,11414.29,11565.21
2015-03-11,11166.3,11289.87,11375.54
2015-03-12,11246.7,11451.32,11620.12
2015-03-13,11191.59,11339.1,11448.14
2015-03-16,11335.96,11631.64,11890.04
2015-03-17,11349.57,11659.56,11931.65
2015-03-18,11471.01,11909.07,12314.66
2015-03-19,11482.48,11932.89,12350.37
2015-03-20,11565.15,12103.53,12615.91
2015-03-23,11531.61,12033.33,12506.15
2015-03-24,11493.56,11955.12,12383.59
2015-03-25,11229.21,11406.38,11530.36
2015-03-26,11193.27,11332.23,11418.51
2015-03-27,11239.17,11425.16,11557.82
2015-03-30,11368.42,11689.08,11957.72
2015-03-31,11241.09,11427.24,11555.94
2015-04-01,11680.04,11803.2,11869.07
2015-04-02,11692.88,11829.17,11908.24
2015-04-06,11787.6,12020.8,12197.61
2015-04-07,11768.74,11982.33,12139.06
2015-04-08,11854.65,12158.47,12406.12
2015-04-09,11930.52,12314.1,12644.32
2015-04-10,11979.43,12415.08,12799.85
2015-04-13,11944.69,12343.07,12688.49
2015-04-14,11913.64,12278.89,12588.25
2015-04-15,11986.31,12428.69,12818.61
2015-04-16,11970.73,12396.37,12768.62
2015-04-17,11788.77,12020.76,12187.65
2015-04-20,11966.78,12382.59,12738.53
2015-04-21,12017.04,12486.6,12899.04
2015-04-22,12084.34,12626.45,13115.74
2015-04-23,12127.84,12718.63,13258.7
2015-04-24,12289.14,13058.21,13789.05
2015-04-27,12257.19,12990.31,13681.49
2015-04-28,12230.23,12934.45,13592.56
2015-04-29,12156.84,12779.24,13347.9
2015-04-30,11956.26,12358.8,12688.51
2015-05-01,12639.36,13236.85,13768.81
2015-05-04,12649.47,13258.03,13801.85
2015-05-05,12443.29,12824.49,13125.56
2015-05-06,12359.92,12652.64,12860.42
2015-05-07,12421.72,12779.17,13052.04
2015-05-08,12583.2,13110.15,13559.77
2015-05-11,12526.58,12992.16,13376.71
2015-05-12,12475.22,12886.92,13213.52
2015-05-13,12491.43,12921.72,13266.37
2015-05-14,12685.05,13321.0,13881.93
2015-05-15,12682.51,13317.0,13874.99
2015-05-18,12735.78,13427.53,14048.43
2015-05-19,12710.31,13372.48,13962.73
2015-05-20,12715.39,13381.84,13978.09
2015-05-21,12784.06,13525.03,14203.14
2015-05-22,12777.66,13511.5,14181.83
2015-05-26,12624.33,13188.58,13672.71
2015-05-27,12830.11,13619.84,14342.67
2015-05-28,12800.6,13557.19,14243.7
2015-05-29,12723.8,13393.15,13985.89
2015-06-01,13263.47,13976.51,14617.71
2015-06-02,13225.0,13896.84,14492.0
2015-06-03,13256.74,13964.94,14597.79
2015-06-04,13159.97,13762.45,14279.56
2015-06-05,13131.02,13701.89,14185.32
2015-06-08,12997.08,13422.37,13751.25
2015-06-09,12985.38,13398.21,13715.49
2015-06-10,13155.49,13747.91,14253.14
2015-06-11,13164.7,13765.78,14281.65
2015-06-12,13063.33,13552.41,13950.31
2015-06-15,13001.94,13425.02,13753.61
2015-06-16,13069.55,13564.64,13968.17
2015-06-17,13107.45,13644.67,14091.09
2015-06-18,13292.26,14028.08,14685.73
2015-06-19,13237.76,13914.46,14506.57
2015-06-22,13327.78,14103.69,14802.5
2015-06-23,13341.11,14133.31,14848.39
2015-06-24,13270.4,13983.5,14612.3
2015-06-25,13239.88,13917.77,14510.01
2015-06-26,13152.5,13734.06,14222.71
2015-06-29,12846.04,13094.05,13228.55
2015-06-30,12896.14,13194.88,13382.0
2015-07-01,13495.27,13897.56,14190.18
2015-07-02,13507.42,13923.97,14229.91
2015-07-06,13462.84,13832.07,14087.61
2015-07-07,13495.16,13897.08,14187.63
2015-07-08,13258.99,13410.68,13442.78
2015-07-09,13260.32,13413.36,13446.82
2015-07-10,13468.5,13833.2,14078.82
2015-07-13,13694.77,14298.0,14788.39
2015-07-14,13783.79,14482.44,15075.28
2015-07-15,13798.95,14514.3,15123.52
2015-07-16,14001.8,14941.02,15790.47
2015-07-17,14204.82,15374.31,16477.36
2015-07-20,14260.22,15494.23,16668.49
2015-07-21,14244.54,15458.6,16611.82
2015-07-22,14089.27,15120.05,16066.95
2015-07-23,14027.28,14987.0,15854.87
2015-07-24,13888.41,14690.25,15385.57
2015-07-27,13771.74,14443.46,14997.85
2015-07-28,13897.07,14706.33,15407.29
2015-07-29,13962.38,14844.57,15624.53
2015-07-30,14014.04,14954.42,15797.97
2015-07-31,13984.61,14891.61,15698.44
2015-08-03,14458.54,15334.66,16109.35
2015-08-04,14418.06,15247.25,15972.42
2015-08-05,14527.64,15479.01,16336.59
2015-08-06,14295.19,14983.68,15550.8
2015-08-07,14268.03,14928.24,15463.71
2015-08-10,14434.97,15279.06,16008.04
2015-08-11,14248.76,14883.33,15386.93
2015-08-12,14292.93,14977.09,15531.56
2015-08-13,14264.34,14918.68,15439.93
2015-08-14,14300.0,14994.77,15557.27
2015-08-17,14412.97,15230.19,15924.42
2015-08-18,14336.58,15068.75,15669.63
2015-08-19,14237.66,14862.3,15346.84
2015-08-20,13840.43,14032.99,14063.84
2015-08-21,13248.06,12830.36,12256.64
2015-08-24,12747.28,11860.39,10866.73
2015-08-25,12677.17,11729.92,10686.35
2015-08-26,13318.64,12916.99,12308.53
2015-08-27,13650.27,13561.55,13229.21
2015-08-28,13663.92,13588.67,13268.9
2015-08-31,13491.76,13246.24,12767.34
2015-09-01,13559.41,12898.09,12038.78
2015-09-02,13930.94,13604.91,13029.57
2015-09-03,13859.89,13467.5,12831.52
2015-09-04,13696.35,13149.67,12377.29
2015-09-08,14085.32,13896.57,13431.83
2015-09-09,13921.93,13572.78,12963.06
2015-09-10,14062.54,13845.59,13354.54
2015-09-11,14151.14,14018.66,13605.61
2015-09-14,14104.44,13924.73,13469.55
2015-09-15,14273.69,14257.54,13953.11
2015-09-16,14350.77,14410.09,14177.76
2015-09-17,14355.08,14418.74,14190.52
2015-09-18,14155.54,14016.45,13597.35
2015-09-21,14195.18,14096.35,13712.93
2015-09-22,13992.19,13693.19,13124.65
2015-09-23,13990.79,13689.09,13119.4
2015-09-24,13950.21,13609.69,13005.26
2015-09-25,13831.64,13376.96,12672.32
2015-09-28,13434.67,12609.13,11581.24
2015-09-29,13368.84,12485.56,11410.99
2015-09-30,13688.35,13082.37,12230.3
2015-10-01,14228.08,13659.78,12838.51
2015-10-02,14481.34,14144.71,13522.8
2015-10-05,14698.56,14569.05,14131.33
2015-10-06,14614.78,14402.96,13889.68
2015-10-07,14705.39,14581.56,14148.03
2015-10-08,14762.74,14693.84,14312.15
2015-10-09,14830.65,14827.55,14508.22
2015-10-12,14873.66,14912.07,14632.99
2015-10-13,14772.52,14710.75,14335.94
2015-10-14,14751.84,14669.56,14277.17
2015-10-15,14993.77,15150.73,14979.6
2015-10-16,15062.74,15290.11,15187.82
2015-10-19,15142.57,15452.19,15427.79
2015-10-20,15060.8,15286.85,15179.4
2015-10-21,14976.46,15117.16,14925.9
2015-10-22,15280.48,15730.92,15836.38
2015-10-23,15690.0,16575.67,17111.21
2015-10-26,15713.53,16623.74,17186.5
2015-10-27,15741.82,16683.59,17279.31
2015-10-28,15875.62,16967.21,17718.2
2015-10-29,15848.64,16911.22,17629.61
2015-10-30,15774.15,16752.25,17381.03
2015-11-02,16466.18,17661.13,18515.81
2015-11-03,16518.87,17774.16,18695.41
2015-11-04,16513.92,17763.5,18676.72
2015-11-05,16462.72,17653.36,18503.03
2015-11-06,16477.54,17685.14,18554.83
2015-11-09,16296.29,17296.07,17942.52
2015-11-10,16247.4,17194.02,17782.84
2015-11-11,16231.15,17157.91,17727.71
2015-11-12,16062.35,16802.74,17176.38
2015-11-13,15758.77,16167.6,16202.48
2015-11-16,15980.97,16621.91,16886.22
2015-11-17,15982.57,16625.23,16889.6
2015-11-18,16289.43,17263.64,17862.44
2015-11-19,16295.95,17277.45,17883.87
2015-11-20,16405.13,17507.24,18241.55
2015-11-23,16364.12,17421.46,18106.56
2015-11-24,16344.48,17381.39,18043.19
2015-11-25,16355.92,17407.46,18082.89
2015-11-27,16382.09,17463.16,18171.49
2015-11-30,16326.39,17344.41,17986.14
2015-12-01,17013.17,18238.78,19099.88
2015-12-02,16905.98,18007.14,18736.99
2015-12-03,16618.58,17396.7,17783.27
2015-12-04,17012.44,18223.04,19049.44
2015-12-07,16930.78,18049.93,18777.04
2015-12-08,16934.17,18058.95,18790.18
2015-12-09,16671.69,17500.93,17918.31
2015-12-10,16746.71,17658.44,18162.0
2015-12-11,16366.56,16856.74,16923.36
2015-12-14,16484.4,17099.48,17288.9
2015-12-15,16581.66,17302.97,17596.64
2015-12-16,16823.75,17808.21,18369.13
2015-12-17,16584.85,17300.68,17584.77
2015-12-18,16284.67,16674.39,16628.16
2015-12-21,16449.14,17012.88,17133.66
2015-12-22,16552.77,17227.25,17457.48
2015-12-23,16680.23,17492.55,17860.75
2015-12-24,16673.56,17478.55,17839.32
2015-12-28,16668.55,17468.06,17823.26
2015-12-29,16920.25,17995.6,18630.66
2015-12-30,16779.81,17695.07,18164.89
2015-12-31,16568.38,17247.39,17476.44
2016-01-04,16713.36,17010.87,16856.51
2016-01-05,16663.22,16907.1,16703.11
2016-01-06,16513.25,16604.47,16253.8
2016-01-07,15999.69,15571.67,14737.32
2016-01-08,15870.09,15319.41,14379.2
2016-01-11,15917.7,15411.33,14508.62
2016-01-12,16103.94,15771.95,15017.87
2016-01-13,15543.52,14675.8,13451.51
2016-01-14,15877.71,15306.86,14317.78
2016-01-15,15387.09,14362.43,12991.96
2016-01-19,15408.63,14404.08,13047.82
2016-01-20,15368.57,14329.18,12946.05
2016-01-21,15391.62,14373.6,13005.6
2016-01-22,15827.2,15187.14,14109.78
2016-01-25,15592.96,14736.08,13481.89
2016-01-26,15731.74,14998.39,13841.86
2016-01-27,15341.59,14254.47,12812.02
2016-01-28,15554.84,14649.31,13345.0
2016-01-29,15900.16,15301.21,14235.11
2016-02-01,16428.04,15856.51,14811.74
2016-02-02,16069.91,15165.17,13843.05
2016-02-03,15989.56,15012.0,13634.02
2016-02-04,15973.57,14981.98,13593.12
2016-02-05,15424.08,13951.22,12191.67
2016-02-08,15178.83,13508.96,11611.34
2016-02-09,15130.26,13421.16,11498.71
2016-02-10,15201.37,13547.31,11659.7
2016-02-11,15186.17,13520.22,11623.55
2016-02-12,15404.85,13909.6,12124.53
2016-02-16,15731.44,14499.37,12895.65
2016-02-17,16094.83,15169.24,13789.31
2016-02-18,15912.96,14824.9,13320.48
2016-02-19,15960.7,14915.33,13441.69
2016-02-22,16217.67,15397.1,14092.27
2016-02-23,15954.94,14896.69,13405.98
2016-02-24,16101.73,15169.3,13774.64
2016-02-25,16256.3,15460.55,14172.73
2016-02-26,16235.17,15420.35,14118.87
2016-02-29,16103.66,15169.0,13774.37
2016-03-01,17126.68,16657.71,15624.73
2016-03-02,17130.1,16664.38,15632.54
2016-03-03,17095.84,16599.39,15540.31
2016-03-04,17107.81,16624.29,15574.5
2016-03-07,17006.88,16426.46,15297.27
2016-03-08,16857.21,16137.35,14893.42
2016-03-09,16966.79,16347.14,15183.85
2016-03-10,16941.34,16299.73,15117.04
2016-03-11,17237.81,16868.59,15909.17
2016-03-14,17260.22,16910.76,15969.62
2016-03-15,17258.49,16909.07,15966.43
2016-03-16,17405.19,17196.52,16373.57
2016-03-17,17389.53,17165.57,16329.37
2016-03-18,17431.26,17247.97,16446.94
2016-03-21,17495.76,17373.88,16627.85
2016-03-22,17537.75,17457.27,16747.57
2016-03-23,17399.2,17181.45,16350.66
2016-03-24,17411.38,17203.78,16383.36
2016-03-28,17381.78,17145.29,16299.8
2016-03-29,17656.41,17688.79,17074.04
2016-03-30,17748.22,17872.76,17340.4
2016-03-31,17719.83,17815.56,17257.16
2016-04-01,18416.6,18711.18,18332.5
2016-04-04,18333.73,18542.78,18085.01
2016-04-05,18166.89,18205.3,17593.09
2016-04-06,18463.01,18800.62,18455.16
2016-04-07,18184.22,18234.72,17620.98
2016-04-08,18182.4,18231.07,17617.46
2016-04-11,18116.94,18099.81,17425.43
2016-04-12,18269.12,18402.07,17862.81
2016-04-13,18508.45,18882.37,18563.03
2016-04-14,18508.45,18882.37,18561.17
2016-04-15,18462.18,18787.95,18421.96
2016-04-18,18552.64,18972.08,18692.77
2016-04-19,18437.62,18736.82,18345.08
2016-04-20,18450.52,18764.93,18385.44
2016-04-21,18452.37,18768.68,18389.12
2016-04-22,18181.12,18218.76,17580.0
2016-04-25,18181.12,18218.76,17580.0
2016-04-26,18095.67,18045.68,17330.36
2016-04-27,17947.28,17751.54,16905.77
2016-04-28,17733.71,17329.05,16300.54
2016-04-29,17641.5,17148.83,16046.25
2016-05-02,18308.4,17973.57,17002.93
2016-05-03,18141.79,17646.45,16538.75
2016-05-04,18018.43,17408.22,16203.01
2016-05-05,18007.62,17387.33,16173.85
2016-05-06,18094.05,17554.25,16406.75
2016-05-09,18141.1,17643.78,16533.08
2016-05-10,18395.07,18137.8,17227.47
2016-05-11,18224.0,17800.44,16746.82
2016-05-12,18147.46,17650.91,16537.49
2016-05-13,18080.31,17518.53,16352.27
2016-05-16,18306.32,17954.74,16963.84
2016-05-17,18064.67,17480.74,16290.38
2016-05-18,18129.7,17608.35,16467.95
2016-05-19,18035.43,17425.22,16209.4
2016-05-20,18233.82,17806.83,16742.69
2016-05-23,18201.0,17742.73,16652.28
2016-05-24,18574.12,18470.18,17674.73
2016-05-25,18707.85,18738.0,18058.27
2016-05-26,18756.49,18835.44,18197.32
2016-05-27,18859.65,19042.63,18495.75
2016-05-31,18906.8,19137.84,18634.47
2016-06-01,19391.28,19604.45,19086.64
2016-06-02,19439.76,19702.48,19229.78
2016-06-03,19346.45,19515.3,18954.8
2016-06-06,19406.42,19634.35,19129.18
2016-06-07,19361.78,19542.07,18995.28
2016-06-08,19394.7,19606.55,19090.26
2016-06-09,19359.79,19537.93,18989.08
2016-06-10,19139.09,19090.51,18337.75
2016-06-13,18974.49,18762.16,17866.47
2016-06-14,18983.98,18780.92,17893.27
2016-06-15,18917.53,18649.45,17707.18
2016-06-16,18979.96,18774.4,17884.25
2016-06-17,18765.49,18351.98,17279.77
2016-06-20,18876.21,18568.53,17585.62
2016-06-21,18932.83,18679.94,17743.89
2016-06-22,18894.97,18607.09,17639.2
2016-06-23,19163.28,19137.39,18392.39
2016-06-24,18383.33,17579.61,16146.68
2016-06-27,18019.34,16885.22,15189.18
2016-06-28,18403.15,17604.53,16159.77
2016-06-29,18721.53,18213.64,16998.46
2016-06-30,18948.06,18656.23,17617.21
2016-07-01,19535.57,19326.72,18359.98
2016-07-05,19418.36,19094.8,18029.5
2016-07-06,19567.88,19388.86,18445.98
2016-07-07,19632.46,19518.77,18630.44
2016-07-08,19934.8,20119.95,19493.03
2016-07-11,20050.42,20353.34,19834.16
2016-07-12,20150.67,20558.91,20133.65
2016-07-13,20098.28,20452.0,19976.61
2016-07-14,20232.94,20728.1,20380.14
2016-07-15,20204.61,20667.99,20292.5
2016-07-18,20335.94,20936.67,20688.21
2016-07-19,20262.73,20788.02,20466.84
2016-07-20,20499.81,21274.46,21185.23
2016-07-21,20454.71,21180.86,21045.41
2016-07-22,20538.57,21354.54,21304.27
2016-07-25,20538.57,21352.4,21302.14
2016-07-26,20565.27,21407.92,21387.34
2016-07-27,20701.0,21690.5,21810.81
2016-07-28,20781.74,21861.86,22068.18
2016-07-29,20821.22,21942.75,22191.76
2016-08-01,21438.49,22687.37,23063.91
2016-08-02,21273.41,22335.72,22528.83
2016-08-03,21341.49,22478.67,22745.1
2016-08-04,21384.17,22568.58,22881.57
2016-08-05,21598.01,23019.96,23568.02
2016-08-08,21567.77,22957.8,23471.39
2016-08-09,21617.38,23063.41,23633.34
2016-08-10,21561.17,22943.48,23451.37
2016-08-11,21651.73,23133.91,23744.51
2016-08-12,21669.05,23170.92,23801.5
2016-08-15,21760.06,23363.24,24099.01
2016-08-16,21625.15,23073.54,23650.77
2016-08-17,21661.91,23151.99,23773.76
2016-08-18,21677.08,23182.08,23821.3
2016-08-19,21666.24,23156.58,23783.19
2016-08-22,21677.07,23179.74,23818.87
2016-08-23,21722.59,23274.78,23966.54
2016-08-24,21564.02,22937.29,23444.07
2016-08-25,21527.36,22859.31,23324.51
2016-08-26,21563.96,22939.31,23445.79
2016-08-29,21596.3,23010.43,23553.64
2016-08-30,21527.19,22865.46,23329.89
2016-08-31,21505.67,22817.44,23257.56
2016-09-01,22065.08,23443.36,23950.0
2016-09-02,22133.48,23588.71,24172.73
2016-09-06,22275.14,23890.64,24636.85
2016-09-07,22286.27,23914.53,24673.81
2016-09-08,22157.01,23639.52,24246.95
2016-09-09,21592.01,22433.9,22392.06
2016-09-12,21976.35,23230.3,23585.55
2016-09-13,21782.96,22821.45,22965.25
2016-09-14,21889.69,23045.1,23302.84
2016-09-15,22231.17,23761.8,24391.09
2016-09-16,22222.28,23742.79,24361.82
2016-09-19,22120.06,23526.73,24028.06
2016-09-20,22162.09,23616.14,24165.02
2016-09-21,22385.92,24093.18,24897.22
2016-09-22,22558.29,24466.63,25474.83
2016-09-23,22409.41,24141.22,24967.89
2016-09-26,22216.69,23725.99,24323.71
2016-09-27,22445.52,24214.75,25075.32
2016-09-28,22485.92,24299.5,25208.22
2016-09-29,22315.03,23930.15,24635.99
2016-09-30,22486.85,24301.06,25207.54
2016-10-03,22943.18,24709.3,25563.58
2016-10-04,22908.77,24637.64,25451.1
2016-10-05,22995.82,24822.42,25738.7
2016-10-06,22977.42,24782.71,25676.93
2016-10-07,22933.76,24686.06,25528.0
2016-10-10,23071.37,24982.29,25987.51
2016-10-11,22732.22,24247.81,24841.46
2016-10-12,22720.85,24225.99,24806.68
2016-10-13,22643.6,24058.83,24551.17
2016-10-14,22668.51,24111.76,24634.64
2016-10-17,22609.57,23988.79,24444.96
2016-10-18,22815.32,24425.38,25109.86
2016-10-19,22801.63,24393.63,25062.15
2016-10-20,22783.39,24354.6,25002.0
2016-10-21,22874.52,24547.0,25299.53
2016-10-24,23149.02,25136.13,26207.78
2016-10-25,23061.05,24947.61,25911.63
2016-10-26,22915.76,24633.27,25421.9
2016-10-27,22801.19,24389.4,25043.11
2016-10-28,22655.26,24077.21,24564.79
2016-10-31,22634.87,24033.88,24498.47
2016-11-01,22968.3,24183.04,24461.0
2016-11-02,22775.36,23776.77,23844.58
2016-11-03,22545.33,23296.47,23122.09
2016-11-04,22455.15,23110.1,22844.63
2016-11-07,23000.81,24233.25,24510.0
2016-11-08,23150.32,24550.71,24990.39
2016-11-09,23247.55,24756.94,25305.27
2016-11-10,22870.94,23954.81,24075.44
2016-11-11,22893.81,24005.12,24150.07
2016-11-14,22653.42,23501.01,23389.34
2016-11-15,22954.71,24126.14,24320.24
2016-11-16,23087.85,24408.41,24745.84
2016-11-17,23254.08,24757.45,25277.88
2016-11-18,23165.72,24566.82,24987.18
2016-11-21,23411.27,25087.64,25781.78
2016-11-22,23483.85,25240.67,26018.97
2016-11-23,23387.57,25033.7,25698.94
2016-11-25,23464.75,25201.42,25955.93
2016-11-28,23401.39,25067.86,25748.28
2016-11-29,23478.61,25235.81,26005.76
2016-11-30,23178.09,24589.77,25007.14
2016-12-01,23301.61,24289.41,24287.9
2016-12-02,23327.24,24342.85,24368.05
2016-12-05,23518.52,24742.07,24965.07
2016-12-06,23570.26,24850.93,25129.83
2016-12-07,23881.39,25507.0,26124.98
2016-12-08,23917.21,25583.52,26242.54
2016-12-09,24098.98,25969.83,26838.24
2016-12-12,23992.95,25741.3,26483.98
2016-12-13,24295.26,26392.55,27487.72
2016-12-14,24222.37,26236.83,27243.08
2016-12-15,24282.93,26368.02,27444.68
2016-12-16,24190.65,26170.26,27134.56
2016-12-19,24289.84,26382.24,27465.6
2016-12-20,24382.14,26585.38,27781.45
2016-12-21,24357.75,26532.21,27698.11
2016-12-22,24287.12,26375.67,27454.36
2016-12-23,24313.83,26436.33,27547.71
2016-12-27,24440.27,26711.27,27980.21
2016-12-28,24244.74,26286.56,27311.48
2016-12-29,24205.95,26199.82,27177.65
2016-12-30,23937.27,25618.18,26272.64
2017-01-03,24676.75,26630.1,27559.75
2017-01-04,24807.54,26909.71,27995.2
2017-01-05,24946.46,27211.1,28468.32
2017-01-06,25158.5,27673.69,29194.26
2017-01-09,25249.08,27870.17,29506.64
2017-01-10,25299.57,27984.44,29686.63
2017-01-11,25375.47,28152.35,29953.81
2017-01-12,25332.33,28053.82,29798.05
2017-01-13,25423.53,28255.8,30119.87
2017-01-17,25349.8,28089.09,29854.81
2017-01-18,25405.57,28212.69,30054.84
2017-01-19,25382.71,28159.08,29970.69
2017-01-20,25443.62,28294.25,30183.48
2017-01-23,25456.35,28322.54,30228.75
2017-01-24,25634.54,28719.06,30860.53
2017-01-25,25888.32,29287.69,31774.01
2017-01-26,25916.8,29349.2,31875.68
2017-01-27,25973.82,29475.4,32082.87
2017-01-30,25779.01,29033.27,31361.01
2017-01-31,25717.14,28891.0,31132.07
2017-02-01,26400.66,29802.48,32299.51
2017-02-02,26374.26,29745.85,32205.84
2017-02-03,26445.47,29906.48,32466.71
2017-02-06,26477.21,29981.25,32586.84
2017-02-07,26569.88,30188.12,32925.74
2017-02-08,26625.68,30311.89,33129.88
2017-02-09,26705.55,30493.76,33428.05
2017-02-10,26780.33,30664.53,33708.84
2017-02-13,26935.65,31017.17,34292.01
2017-02-14,27008.38,31184.66,34569.77
2017-02-15,27167.73,31555.76,35185.11
2017-02-16,27159.58,31533.67,35149.93
2017-02-17,27281.8,31820.63,35627.97
2017-02-21,27415.48,32132.47,36151.7
2017-02-22,27423.7,32148.53,36180.62
2017-02-23,27322.23,31910.63,35779.02
2017-02-24,27379.61,32041.47,36000.85
2017-02-27,27401.52,32092.73,36087.25
2017-02-28,27313.83,31887.34,35737.2
2017-03-01,28130.91,33125.77,37476.51
2017-03-02,27987.44,32784.58,36899.38
2017-03-03,28040.62,32909.16,37109.7
2017-03-06,27970.52,32747.9,36835.09
2017-03-07,27922.97,32636.56,36647.23
2017-03-08,27967.64,32741.0,36823.14
2017-03-09,27990.02,32793.38,36907.83
2017-03-10,28104.78,33062.29,37361.8
2017-03-13,28149.74,33168.09,37541.13
2017-03-14,28085.0,33015.51,37282.1
2017-03-15,28261.93,33434.81,37990.46
2017-03-16,28239.32,33384.66,37903.08
2017-03-17,28222.38,33344.6,37834.86
2017-03-20,28244.96,33401.28,37929.44
2017-03-21,27824.11,32405.93,36230.2
2017-03-22,28007.75,32830.44,36943.94
2017-03-23,27943.33,32679.42,36689.03
2017-03-24,27990.83,32787.27,36872.47
2017-03-27,28044.02,32911.86,37082.64
2017-03-28,28215.08,33316.67,37764.96
2017-03-29,28336.41,33599.86,38248.36
2017-03-30,28384.58,33717.46,38447.25
2017-03-31,28367.55,33673.63,38374.2
2017-04-03,28847.34,34122.37,38788.67
2017-04-04,28890.61,34224.74,38963.22
2017-04-05,28775.05,33950.94,38491.77
2017-04-06,28786.56,33981.5,38541.81
2017-04-07,28772.17,33950.91,38487.85
2017-04-10,28789.43,33991.65,38557.13
2017-04-11,28665.64,33699.33,38059.74
2017-04-12,28550.98,33433.1,37606.83
2017-04-13,28425.35,33142.23,37114.18
2017-04-17,28666.97,33705.65,38064.3
2017-04-18,28626.83,33611.27,37904.43
2017-04-19,28669.77,33712.11,38071.21
2017-04-20,28902.0,34261.62,39000.15
2017-04-21,28893.33,34244.49,38968.95
2017-04-24,29242.94,35073.2,40387.42
2017-04-25,29456.41,35585.27,41271.9
2017-04-26,29418.12,35492.75,41115.07
2017-04-27,29576.97,35879.62,41785.25
2017-04-28,29642.04,36037.49,42061.03
2017-05-01,30392.22,37140.36,43616.54
2017-05-02,30471.24,37329.77,43952.39
2017-05-03,30367.64,37079.67,43508.47
2017-05-04,30373.71,37094.5,43534.58
2017-05-05,30480.02,37354.16,43991.69
2017-05-08,30550.13,37525.99,44295.23
2017-05-09,30654.0,37781.16,44747.04
2017-05-10,30672.39,37826.5,44827.59
2017-05-11,30632.51,37728.15,44652.76
2017-05-12,30699.91,37894.16,44951.93
2017-05-15,30795.08,38129.1,45369.99
2017-05-16,30902.86,38396.0,45846.37
2017-05-17,30127.2,36464.69,42389.56
2017-05-18,30374.24,37062.71,43432.34
2017-05-19,30510.92,37396.27,44018.68
2017-05-22,30770.27,38028.27,45136.75
2017-05-23,30791.81,38081.51,45231.54
2017-05-24,30936.53,38443.28,45873.82
2017-05-25,31196.39,39089.13,47029.84
2017-05-26,31249.43,39225.94,47274.4
2017-05-30,31283.8,39312.24,47425.68
2017-05-31,31252.52,39233.61,47283.4
2017-06-01,31904.93,40115.06,48471.48
2017-06-02,32262.27,41009.62,50095.28
2017-06-05,32242.91,40964.51,50010.11
2017-06-06,32126.83,40665.47,49465.0
2017-06-07,32242.49,40954.19,49994.28
2017-06-08,32284.41,41060.68,50189.26
2017-06-09,31496.67,39061.02,46520.42
2017-06-12,31310.84,38600.1,45701.66
2017-06-13,31548.8,39190.68,46748.23
2017-06-14,31413.14,38853.64,46145.18
2017-06-15,31268.64,38500.07,45512.99
2017-06-16,31162.33,38238.27,45048.76
2017-06-19,31660.92,39458.07,47206.59
2017-06-20,31407.63,38830.69,46078.36
2017-06-21,31715.43,39591.77,47433.06
2017-06-22,31702.74,39556.14,47371.4
2017-06-23,31829.55,39872.59,47944.59
2017-06-26,31689.5,39521.71,47311.72
2017-06-27,31109.59,38071.26,44709.58
2017-06-28,31557.56,39163.91,46636.56
2017-06-29,31008.46,37801.0,44202.13
2017-06-30,30974.35,37717.84,44060.68
2017-07-03,31197.38,37541.39,43379.83
2017-07-05,31487.51,38235.9,44585.79
2017-07-06,31204.13,37547.66,43381.97
2017-07-07,31531.77,38332.4,44744.16
2017-07-10,31743.03,38842.22,45639.05
2017-07-11,31828.74,39055.86,46013.29
2017-07-12,32213.87,40001.01,47683.57
2017-07-13,32294.4,40201.01,48041.2
2017-07-14,32543.07,40820.11,49155.75
2017-07-17,32552.83,40844.6,49199.99
2017-07-18,32777.45,41408.26,50218.43
2017-07-19,32977.39,41917.58,51142.45
2017-07-20,33007.07,41988.84,51275.42
2017-07-21,33010.37,41993.04,51285.68
2017-07-24,33122.6,42274.39,51803.66
2017-07-25,33062.98,42122.2,51523.92
2017-07-26,33175.4,42408.63,52049.47
2017-07-27,32986.3,41929.41,51164.63
2017-07-28,32940.12,41816.21,50954.85
2017-07-31,32782.0,41410.59,50216.0
2017-08-01,33365.21,42120.14,51101.45
2017-08-02,33471.98,42393.92,51597.13
2017-08-03,33341.44,42063.25,50993.44
2017-08-04,33391.45,42189.44,51217.82
2017-08-07,33588.46,42687.27,52124.37
2017-08-08,33541.44,42567.75,51905.45
2017-08-09,33501.19,42469.84,51723.78
2017-08-10,32757.46,40588.43,48284.15
2017-08-11,33003.14,41197.26,49370.54
2017-08-14,33435.48,42280.74,51315.74
2017-08-15,33432.14,42276.52,51305.48
2017-08-16,33485.63,42416.03,51556.87
2017-08-17,32799.17,40681.21,48391.28
2017-08-18,32769.65,40603.92,48255.79
2017-08-21,32743.44,40543.01,48144.8
2017-08-22,33234.59,41759.3,50311.31
2017-08-23,33111.62,41454.46,49757.89
2017-08-24,33012.29,41209.88,49315.04
2017-08-25,32946.26,41040.92,49014.22
2017-08-28,33035.22,41258.44,49406.34
2017-08-29,33170.66,41596.75,50018.97
2017-08-30,33572.03,42599.24,51829.66
2017-08-31,33887.6,43400.1,53291.26
2017-09-01,34384.17,43891.32,53769.74
2017-09-05,34067.83,43083.72,52285.7
2017-09-06,34173.44,43350.84,52771.95
2017-09-07,34248.62,43541.58,53120.25
2017-09-08,33957.51,42797.02,51760.37
2017-09-11,34344.63,43768.52,53525.4
2017-09-12,34430.49,43991.74,53932.19
2017-09-13,34482.13,44119.31,54169.49
2017-09-14,34278.69,43598.7,53205.28
2017-09-15,34388.38,43877.74,53716.05
2017-09-18,34350.55,43776.82,53533.41
2017-09-19,34408.95,43921.28,53801.08
2017-09-20,34309.16,43666.54,53327.63
2017-09-21,34086.15,43098.87,52293.07
2017-09-22,34072.52,43060.08,52225.09
2017-09-25,33697.72,42117.07,50506.89
2017-09-26,33778.6,42319.23,50870.54
2017-09-27,34102.87,43131.76,52335.61
2017-09-28,34075.59,43062.75,52210.0
2017-09-29,34341.38,43734.53,53431.72
2017-10-02,34855.31,44274.34,54001.83
2017-10-03,34932.0,44469.14,54358.24
2017-10-04,34952.96,44526.95,54461.52
2017-10-05,35292.0,45390.78,56051.8
2017-10-06,35334.35,45504.25,56259.19
2017-10-09,35299.01,45413.25,56090.41
2017-10-10,35327.25,45485.91,56230.64
2017-10-11,35429.7,45749.72,56725.47
2017-10-12,35362.39,45580.45,56407.8
2017-10-13,35493.23,45917.75,57033.93
2017-10-16,35621.0,46248.35,57655.6
2017-10-17,35667.31,46368.6,57886.22
2017-10-18,35620.94,46243.4,57654.68
2017-10-19,35492.71,45915.08,57037.77
2017-10-20,35588.54,46158.43,57494.08
2017-10-23,35350.09,45539.9,56338.45
2017-10-24,35420.79,45726.62,56682.11
2017-10-25,35275.57,45347.09,55979.25
2017-10-26,35176.8,45088.61,55503.43
2017-10-27,36200.44,47712.76,60343.33
2017-10-30,36283.7,47927.47,60753.66
2017-10-31,36407.07,48248.59,61367.27
2017-11-01,36907.07,48748.59,61867.27
2017-11-02,36833.25,48558.47,61502.26
2017-11-03,37183.17,49481.08,63255.07
2017-11-06,37291.0,49763.12,63799.06
2017-11-07,37332.02,49877.57,64015.98
2017-11-08,37481.35,50271.61,64777.77
2017-11-09,37282.7,49738.73,63747.8
2017-11-10,37264.06,49688.99,63652.18
2017-11-13,37305.05,49803.27,63868.6
2017-11-14,37170.75,49449.67,63185.21
2017-11-15,36962.59,48895.83,62123.7
2017-11-16,37439.41,50157.35,64527.88
2017-11-17,37293.4,49766.12,63772.91
2017-11-20,37259.83,49671.56,63594.34
2017-11-21,37673.42,50774.27,65712.03
2017-11-22,37718.63,50891.05,65942.03
2017-11-24,37854.41,51262.56,66660.79
2017-11-27,37835.48,51211.3,66554.14
2017-11-28,37933.86,51477.59,67073.26
2017-11-29,37277.6,49696.47,63592.16
2017-11-30,37598.19,50551.25,65232.83
2017-12-01,37934.37,50607.1,64878.31
2017-12-04,37490.53,49422.9,62601.08
2017-12-05,37498.03,49447.61,62644.9
2017-12-06,37666.77,49887.69,63484.34
2017-12-07,37806.14,50256.86,64189.02
2017-12-08,37976.27,50709.17,65049.15
2017-12-11,38272.48,51495.17,66564.8
2017-12-12,38211.25,51330.38,66245.28
2017-12-13,38276.21,51510.04,66589.76
2017-12-14,38249.41,51432.77,66443.26
2017-12-15,38708.41,52662.02,68828.58
2017-12-18,38990.98,53425.61,70329.04
2017-12-19,38796.02,52891.36,69274.1
2017-12-20,38745.59,52759.13,69010.86
2017-12-21,38745.59,52764.41,69017.76
2017-12-22,38699.09,52643.05,68776.2
2017-12-26,38505.6,52121.88,67751.43
2017-12-27,38517.15,52153.15,67812.41
2017-12-28,38555.67,52252.25,68009.07
2017-12-29,38285.78,51520.71,66580.88
2018-01-02,39483.92,53888.26,70696.54
2018-01-03,39874.81,54955.25,72796.22
2018-01-04,39926.65,55103.62,73087.41
2018-01-05,40341.89,56255.29,75375.04
2018-01-08,40483.08,56649.08,76166.48
2018-01-09,40491.18,56671.74,76212.18
2018-01-10,40398.05,56411.05,75686.32
2018-01-11,40676.8,57189.52,77245.46
2018-01-12,40981.87,58041.64,78975.75
2018-01-16,40850.73,57675.98,78225.48
2018-01-17,41296.0,58927.55,80775.63
2018-01-18,41304.26,58945.23,80816.02
2018-01-19,41444.7,59340.16,81632.26
2018-01-22,41879.87,60592.24,84211.84
2018-01-23,42227.47,61598.07,86300.3
2018-01-24,41961.44,60815.77,84660.59
2018-01-25,41944.65,60761.04,84550.53
2018-01-26,42590.6,62632.48,88465.22
2018-01-29,42381.9,62012.42,87155.94
2018-01-30,42034.37,60989.21,85003.19
2018-01-31,42152.07,61330.75,85708.71
2018-02-01,42353.51,60965.12,84406.95
2018-02-02,41485.26,58471.65,79224.36
2018-02-05,39863.18,53899.17,69931.35
2018-02-06,40907.6,56723.48,75420.96
2018-02-07,40392.16,55294.05,72570.04
2018-02-08,38699.73,50660.41,63440.73
2018-02-09,39353.76,52372.73,66657.18
2018-02-12,40034.58,54190.06,70123.35
2018-02-13,40218.74,54688.61,71091.05
2018-02-14,40962.78,56712.09,75036.61
2018-02-15,41700.11,58748.06,79081.08
2018-02-16,41549.99,58330.95,78234.91
2018-02-20,41604.01,58488.44,78547.85
2018-02-21,41479.2,58137.51,77840.92
2018-02-22,41495.79,58184.02,77926.55
2018-02-23,42321.55,60505.56,82586.55
2018-02-26,42888.66,62127.11,85906.53
2018-02-27,42343.98,60549.08,82633.49
2018-02-28,42060.27,59743.78,80980.82
2018-03-01,41913.36,58418.39,77773.45
2018-03-02,42290.58,59464.08,79865.55
2018-03-05,42726.17,60689.04,82333.4
2018-03-06,42922.71,61247.38,83469.6
2018-03-07,43025.72,61535.24,84062.23
2018-03-08,43253.76,62193.67,85407.23
2018-03-09,44088.56,64600.56,90360.85
2018-03-12,44273.73,65143.21,91499.4
2018-03-13,43746.87,63599.32,88242.02
2018-03-14,43711.88,63497.56,88030.24
2018-03-15,43650.68,63319.76,87651.71
2018-03-16,43580.84,63123.47,87239.74
2018-03-19,42617.7,60333.41,81455.75
2018-03-20,42749.82,60701.45,82205.14
2018-03-21,42548.89,60130.85,81046.05
2018-03-22,41485.17,57124.31,74975.7
2018-03-23,40402.41,54148.14,69112.6
2018-03-26,41929.62,58236.32,76943.06
2018-03-27,40537.55,54375.25,69287.22
2018-03-28,40107.86,53227.93,67090.82
2018-03-29,40853.86,55208.01,70841.19
2018-04-02,40158.74,52488.09,65155.91
2018-04-03,40584.42,53606.09,67234.39
2018-04-04,41221.59,55283.96,70394.4
2018-04-05,41440.07,55869.97,71513.67
2018-04-06,40424.79,53132.34,66257.42
2018-04-09,40671.38,53780.55,67463.3
2018-04-10,41574.28,56168.41,71949.61
2018-04-11,41370.57,55617.96,70891.95
2018-04-12,41829.78,56847.12,73245.57
2018-04-13,41654.1,56369.6,72322.67
2018-04-16,41949.84,57164.41,73855.91
2018-04-17,42839.18,59582.47,78545.76
2018-04-18,42946.28,59874.42,79127.0
2018-04-19,42581.23,58850.57,77101.35
2018-04-20,41908.45,56990.89,73446.75
2018-04-23,41791.1,56666.04,72822.45
2018-04-24,40913.49,54286.07,68227.35
2018-04-25,40946.22,54367.5,68384.28
2018-04-26,41797.9,56634.62,72658.29
2018-04-27,41839.7,56747.89,72876.27
2018-04-30,41521.72,55879.65,71207.4
2018-05-01,42509.17,57682.02,74195.65
2018-05-02,42271.12,57035.98,72949.16
2018-05-03,42262.67,57018.87,72912.69
2018-05-04,43061.43,59174.18,77046.84
2018-05-07,43397.31,60097.3,78849.73
2018-05-08,43358.25,59983.11,78628.95
2018-05-09,43852.54,61350.73,81318.06
2018-05-10,44299.83,62602.28,83806.4
2018-05-11,44228.95,62401.96,83412.51
2018-05-14,44304.14,62614.12,83837.91
2018-05-15,43821.23,61249.14,81096.41
2018-05-16,44084.15,61984.12,82556.15
2018-05-17,43903.41,61475.86,81540.71
2018-05-18,43679.5,60842.65,80284.98
2018-05-21,43928.47,61536.26,81665.88
2018-05-22,43853.8,61327.04,81241.22
2018-05-23,44235.32,62394.13,83361.61
2018-05-24,44208.78,62325.49,83219.9
2018-05-25,44279.52,62524.94,83619.35
2018-05-29,44062.55,61905.94,82381.79
2018-05-30,44379.8,62797.38,84161.23
2018-05-31,44326.54,62640.39,83849.84
2018-06-01,45575.15,65249.28,88567.33
2018-06-04,45957.98,66345.47,90808.08
2018-06-05,46105.04,66776.71,91688.92
2018-06-06,46381.67,67584.71,93348.49
2018-06-07,46015.26,66510.11,91126.8
2018-06-08,46015.26,66503.46,91117.68
2018-06-11,46116.49,66796.08,91728.17
2018-06-12,46379.35,67557.55,93287.55
2018-06-13,46356.16,67483.24,93138.29
2018-06-14,46833.63,68873.4,96016.26
2018-06-15,46679.08,68425.72,95075.31
2018-06-18,46651.07,68343.61,94904.17
2018-06-19,46501.79,67906.21,93983.6
2018-06-20,46841.25,68897.64,96041.84
2018-06-21,46433.74,67698.82,93544.75
2018-06-22,46303.72,67326.48,92768.33
2018-06-25,45280.41,64343.91,86608.51
2018-06-26,45475.11,64890.84,87717.1
2018-06-27,44843.01,63080.38,84050.53
2018-06-28,45242.11,64203.21,86294.68
2018-06-29,45300.93,64370.14,86631.23
2018-07-02,46171.92,65921.04,89248.51
2018-07-03,45631.7,64371.89,86106.97
2018-07-05,46192.97,65961.88,89292.92
2018-07-06,46885.87,67934.14,93302.18
2018-07-09,47331.28,69231.68,95970.62
2018-07-10,47373.88,69356.3,96229.74
2018-07-11,47122.8,68621.12,94699.69
2018-07-12,47919.18,70940.52,99491.49
2018-07-13,47981.47,71124.96,99879.51
2018-07-16,47866.32,70776.45,99150.39
2018-07-17,48167.87,71661.15,101014.42
2018-07-18,48076.35,71396.01,100448.73
2018-07-19,47831.17,70667.77,98911.87
2018-07-20,47816.82,70625.37,98822.85
2018-07-23,47955.48,71042.06,99692.49
2018-07-24,48180.88,71709.85,101088.18
2018-07-25,48845.77,73689.05,105283.34
2018-07-26,48142.39,71574.17,100745.63
2018-07-27,47468.4,69562.94,96504.24
2018-07-30,46794.35,67587.35,92393.16
2018-07-31,47047.04,68317.29,93889.93
2018-08-01,47818.06,69594.93,95994.56
2018-08-02,48468.38,71494.87,99920.74
2018-08-03,48623.48,71945.29,100869.98
2018-08-06,48910.36,72794.24,102645.29
2018-08-07,49066.87,73260.12,103620.42
2018-08-08,49111.03,73391.99,103910.56
2018-08-09,49096.3,73340.62,103806.65
2018-08-10,48708.44,72189.17,101356.81
2018-08-13,48659.73,72052.01,101062.88
2018-08-14,48961.42,72945.46,102942.65
2018-08-15,48354.3,71136.41,99102.89
2018-08-16,48484.85,71513.43,99895.71
2018-08-17,48504.25,71577.79,100025.58
2018-08-20,48465.44,71456.11,99775.51
2018-08-21,48635.07,71956.3,100823.15
2018-08-22,48815.02,72488.78,101942.29
2018-08-23,48746.68,72278.56,101503.94
2018-08-24,49219.53,73673.54,104447.55
2018-08-27,49701.88,75124.91,107528.76
2018-08-28,49776.43,75342.77,108001.88
2018-08-29,50368.77,77135.93,111846.75
2018-08-30,50252.92,76781.1,111075.01
2018-08-31,50333.33,77019.12,111597.06
2018-09-04,50619.83,76867.96,110684.64
2018-09-05,49961.77,74869.4,106367.94
2018-09-06,49497.12,73476.83,103400.27
2018-09-07,49343.68,73028.62,102448.99
2018-09-10,49457.17,73371.85,103166.13
2018-09-11,49857.78,74560.48,105662.75
2018-09-12,49728.15,74165.3,104828.02
2018-09-13,50215.48,75626.36,107920.44
2018-09-14,50110.03,75301.17,107229.75
2018-09-17,49373.41,73087.31,102511.64
2018-09-18,49768.4,74264.02,104982.17
2018-09-19,49743.51,74182.33,104814.2
2018-09-20,50265.82,75740.16,108115.85
2018-09-21,50014.49,74982.76,106494.11
2018-09-24,50129.53,75335.18,107239.57
2018-09-25,50224.77,75621.45,107850.84
2018-09-26,50224.77,75621.45,107850.84
2018-09-27,50666.75,76952.39,110698.1
2018-09-28,50651.55,76913.91,110609.54
2018-10-01,51269.2,77777.76,111887.31
2018-10-02,51156.41,77427.76,111137.66
2018-10-03,51217.79,77613.58,111537.76
2018-10-04,50229.29,74617.7,105079.72
2018-10-05,49621.52,72804.49,101254.82
2018-10-08,49313.86,71894.43,99361.35
2018-10-09,49442.08,72261.09,100126.44
2018-10-10,47246.85,65844.31,86799.61
2018-10-11,46708.24,64343.06,83822.38
2018-10-12,48002.05,67914.1,90796.4
2018-10-15,47406.83,66236.62,87427.86
2018-10-16,48800.59,70131.33,95138.99
2018-10-17,48815.23,70173.41,95224.62
2018-10-18,47726.65,67036.66,88844.57
2018-10-19,47669.38,66869.07,88515.84
2018-10-22,47898.19,67511.01,89781.62
2018-10-23,47744.92,67085.69,88928.7
2018-10-24,45534.33,60873.56,76576.5
2018-10-25,47059.73,64946.0,84264.78
2018-10-26,45958.53,61913.02,78357.82
2018-10-29,45030.17,59411.73,73609.34
2018-10-30,45674.1,61116.85,76774.54
2018-10-31,46729.17,63934.34,82087.33
2018-11-01,47923.44,66322.26,86221.18
2018-11-02,47218.97,64372.39,82418.82
2018-11-05,47030.09,63850.97,81421.56
2018-11-06,47382.81,64802.35,83245.4
2018-11-07,48837.47,68774.74,90903.97
2018-11-08,48534.67,67921.93,89213.16
2018-11-09,47724.15,65653.34,84743.58
2018-11-12,46301.97,61733.83,77159.03
2018-11-13,46315.86,61764.7,77220.76
2018-11-14,45903.65,60659.11,75151.24
2018-11-15,46720.73,62818.58,79164.32
2018-11-16,46561.88,62391.41,78356.84
2018-11-19,45043.96,58317.25,70685.71
2018-11-20,44255.69,56281.98,66981.78
2018-11-21,44587.61,57120.58,68482.17
2018-11-23,44262.12,56280.91,66975.56
2018-11-26,45284.58,58886.71,71623.66
2018-11-27,45438.54,59287.14,72354.23
2018-11-28,46878.95,63045.95,79227.88
2018-11-29,46738.31,62661.37,78506.9
2018-11-30,47121.56,63689.01,80438.17
2018-12-03,48397.79,66281.58,84887.96
2018-12-04,46568.36,61270.69,75261.66
2018-12-06,46866.4,62054.95,76714.21
2018-12-07,45319.8,57959.33,69119.5
2018-12-10,45795.66,59176.47,71296.77
2018-12-11,45942.21,59555.2,71988.35
2018-12-12,46351.09,60615.28,73910.44
2018-12-13,46378.91,60688.02,74043.48
2018-12-14,45191.61,57586.87,68364.34
2018-12-17,44188.35,55030.01,63804.44
2018-12-18,44484.41,55767.41,65086.91
2018-12-19,43465.72,53213.26,60615.44
2018-12-20,42783.31,51537.05,57754.39
2018-12-21,41435.63,48290.21,52296.6
2018-12-24,40428.75,45938.48,48478.95
2018-12-26,42919.16,51598.1,57437.86
2018-12-27,43095.13,52021.2,58138.6
2018-12-28,43073.58,51969.18,58057.21
2018-12-31,43379.4,52707.14,59293.82
2019-01-02,44094.41,53728.57,60666.81
2019-01-03,42612.84,50118.01,54551.6
2019-01-04,44521.89,54608.59,61888.79
2019-01-07,44976.02,55722.6,63782.59
2019-01-08,45416.78,56814.77,65657.79
2019-01-09,45757.41,57661.31,67128.53
2019-01-10,45899.26,58013.04,67746.11
2019-01-11,45761.56,57670.76,67143.17
2019-01-14,45345.13,56615.39,65303.45
2019-01-15,46238.43,58840.37,69156.35
2019-01-16,46229.18,58822.72,69121.77
2019-01-17,46575.9,59705.06,70670.1
2019-01-18,47032.34,60881.25,72754.87
2019-01-22,46077.59,58409.47,68324.1
2019-01-23,46160.53,58619.75,68693.05
2019-01-24,46465.19,59393.53,70046.3
2019-01-25,47055.29,60896.18,72708.06
2019-01-28,46429.46,59276.35,69807.01
2019-01-29,45983.74,58138.24,67796.57
2019-01-30,47197.71,61207.94,73166.05
2019-01-31,47882.07,62989.09,76356.09
2019-02-01,48164.35,62911.34,75810.85
2019-02-04,48756.77,64458.96,78600.69
2019-02-05,49200.46,65638.56,80754.35
2019-02-06,49018.42,65152.83,79857.98
2019-02-07,48371.38,63426.28,76687.61
2019-02-08,48429.42,63578.5,76956.02
2019-02-11,48400.36,63508.57,76825.2
2019-02-12,49140.89,65445.58,80343.79
2019-02-13,49150.72,65465.21,80383.96
2019-02-14,49194.95,65589.6,80609.04
2019-02-15,49426.17,66199.58,81737.56
2019-02-19,49505.25,66411.42,82138.08
2019-02-20,49475.55,66331.73,81990.23
2019-02-21,49287.54,65820.97,81047.34
2019-02-22,49676.91,66860.94,82968.16
2019-02-25,49850.78,67328.97,83839.33
2019-02-26,49905.62,67477.09,84116.0
2019-02-27,49860.7,67362.38,83897.3
2019-02-28,49726.08,66991.89,83209.34
2019-03-01,50607.8,68517.77,85617.91
2019-03-04,50602.74,68504.06,85592.23
2019-03-05,50643.22,68620.52,85806.21
2019-03-06,50329.23,67769.62,84210.21
2019-03-07,49725.28,66136.38,81170.22
2019-03-08,49645.72,65924.74,80780.61
2019-03-11,50693.24,68713.36,85902.1
2019-03-12,50956.85,69427.98,87242.17
2019-03-13,51349.22,70504.11,89266.19
2019-03-14,51251.65,70229.14,88748.44
2019-03-15,51702.67,71472.2,91100.28
2019-03-18,51837.1,71851.0,91819.97
2019-03-19,51997.79,72303.66,92683.08
2019-03-20,52221.38,72925.47,93869.42
2019-03-21,53015.15,75149.7,98159.25
2019-03-22,51832.91,71798.02,91592.4
2019-03-25,51770.71,71618.53,91253.51
2019-03-26,52014.03,72284.58,92531.06
2019-03-27,51712.35,71438.85,90911.76
2019-03-28,51800.26,71681.74,91366.32
2019-03-29,52214.66,72821.48,93549.98
2019-04-01,53426.31,75301.16,97859.0
2019-04-02,53575.9,75730.38,98690.8
2019-04-03,53897.36,76646.72,100477.11
2019-04-04,53865.02,76554.74,100306.3
2019-04-05,54139.73,77335.6,101830.95
2019-04-08,54291.32,77760.95,102676.15
2019-04-09,54068.73,77123.31,101413.23
2019-04-10,54376.92,78002.51,103137.26
2019-04-11,54257.29,77659.3,102466.86
2019-04-12,54496.02,78342.7,103809.18
2019-04-15,54501.47,78366.21,103850.7
2019-04-16,54686.78,78891.26,104899.6
2019-04-17,54872.71,79427.72,105969.57
2019-04-18,54938.56,79610.4,106340.46
2019-04-19,54938.56,79610.4,106340.46
2019-04-22,55108.87,80103.99,107329.43
2019-04-23,55803.24,82122.61,111386.48
2019-04-24,55613.51,81572.39,110261.48
2019-04-25,55847.09,82257.6,111639.75
2019-04-26,55914.1,82463.24,112052.82
2019-04-29,56003.57,82727.12,112579.46
2019-04-30,55594.74,81511.03,110102.72
2019-05-01,55881.58,81387.75,109341.84
2019-05-02,55680.41,80801.76,108160.95
2019-05-03,56560.16,83347.01,113276.97
2019-05-06,56186.86,82246.83,111045.41
2019-05-07,55074.36,78998.08,104460.42
2019-05-08,54909.14,78531.99,103530.72
2019-05-09,54656.56,77817.35,102112.35
2019-05-10,54683.88,77895.17,102265.52
2019-05-13,52791.82,72504.82,91650.36
2019-05-14,53351.42,74041.93,94564.84
2019-05-15,54082.33,76070.67,98451.45
2019-05-16,54633.97,77630.12,101473.91
2019-05-17,54082.17,76062.0,98399.25
2019-05-20,53168.18,73491.1,93400.57
2019-05-21,53705.18,74968.27,96221.27
2019-05-22,53484.98,74361.03,95047.37
2019-05-23,52672.01,72100.45,90713.21
2019-05-24,52619.34,71963.46,90450.14
2019-05-28,52456.22,71517.29,89608.95
2019-05-29,52010.34,70308.65,87332.89
2019-05-30,52218.38,70864.08,88372.15
2019-05-31,51372.45,68568.09,84077.26
2019-06-03,50783.13,66160.32,79240.44
2019-06-04,52154.27,69739.59,85666.84
2019-06-05,52550.64,70792.66,87611.47
2019-06-06,52950.03,71868.71,89617.78
2019-06-07,53977.26,74664.4,94842.49
2019-06-10,54592.6,76366.75,98086.1
2019-06-11,54679.95,76611.13,98556.92
2019-06-12,54379.21,75760.74,96920.87
2019-06-13,54656.54,76541.08,98413.45
2019-06-14,54426.98,75898.13,97173.45
2019-06-17,54769.87,76862.04,99019.74
2019-06-18,55564.04,79083.35,103317.2
2019-06-19,55797.41,79755.56,104629.33
2019-06-20,56310.74,81215.09,107506.63
2019-06-21,56243.17,81020.17,107119.61
2019-06-24,56203.8,80898.64,106883.95
2019-06-25,55248.33,78148.09,101422.18
2019-06-26,55508.0,78882.68,102842.09
2019-06-27,55724.48,79505.85,104055.62
2019-06-28,55824.79,79800.02,104627.93
2019-07-01,57040.11,82331.62,109122.79
2019-07-02,57273.98,83006.73,110454.09
2019-07-03,57697.8,84235.23,112917.21
2019-07-05,57576.64,83881.45,112205.84
2019-07-08,57167.84,82690.33,109827.07
2019-07-09,57470.83,83558.58,111562.34
2019-07-10,58034.05,85196.33,114831.12
2019-07-11,57987.62,85051.49,114544.04
2019-07-12,58329.75,86055.1,116571.47
2019-07-15,58504.74,86571.43,117608.95
2019-07-16,58212.21,85705.72,115844.82
2019-07-17,57932.79,84874.37,114165.07
2019-07-18,58042.87,85205.38,114827.23
2019-07-19,57532.09,83714.29,111807.27
2019-07-22,58049.88,85212.77,114814.89
2019-07-23,58415.59,86277.93,116973.41
2019-07-24,58824.5,87494.45,119441.55
2019-07-25,58230.37,85727.06,115834.41
2019-07-26,58870.91,87613.06,119645.36
2019-07-29,58664.86,86999.77,118401.05
2019-07-30,58395.0,86199.37,116778.96
2019-07-31,57635.87,83949.57,112212.9
2019-08-01,57781.24,83427.73,110661.52
2019-08-02,56978.08,81108.43,106046.94
2019-08-05,54926.87,75268.63,94583.27
2019-08-06,55706.83,77413.78,98621.97
2019-08-07,55935.23,78040.84,99825.16
2019-08-08,57216.14,81615.11,106683.15
2019-08-09,56632.54,79958.32,103429.31
2019-08-12,56003.92,78191.24,99995.46
2019-08-13,57236.0,81631.65,106595.16
2019-08-14,55473.14,76603.14,96745.77
2019-08-15,55434.3,76495.9,96542.6
2019-08-16,56315.71,78936.12,101157.34
2019-08-19,57171.71,81327.88,105759.99
2019-08-20,56765.79,80173.03,103507.31
2019-08-21,57276.68,81608.13,106291.65
2019-08-22,57087.67,81061.35,105228.74
2019-08-23,55289.41,75962.59,95295.14
2019-08-26,56102.16,78203.49,99507.19
2019-08-27,56034.84,78015.8,99148.96
2019-08-28,56197.34,78468.29,100011.56
2019-08-29,57045.92,80838.03,104532.08
2019-08-30,56960.35,80603.6,104072.14
2019-09-03,56851.27,79384.21,101246.75
2019-09-04,57669.93,81670.47,105630.73
2019-09-05,58742.59,84700.45,111514.36
2019-09-06,58666.22,84488.7,111090.61
2019-09-09,58513.69,84057.8,110235.21
2019-09-10,58379.11,83679.54,109485.61
2019-09-11,58922.04,85235.98,112551.21
2019-09-12,59145.94,85875.25,113823.04
2019-09-13,58962.59,85342.83,112775.86
2019-09-16,58661.88,84463.79,111039.12
2019-09-17,58931.72,85249.31,112582.56
2019-09-18,58931.72,85240.78,112571.3
2019-09-19,59031.91,85530.6,113134.16
2019-09-20,58447.49,83837.1,109774.07
2019-09-23,58412.42,83728.11,109565.5
2019-09-24,57600.49,81400.47,104996.62
2019-09-25,58297.46,83378.5,108818.5
2019-09-26,58064.27,82703.13,107501.79
2019-09-27,57390.72,80776.15,103749.98
2019-09-30,57895.76,82205.89,106499.36
2019-10-01,57905.23,81308.16,104292.27
2019-10-02,56897.68,78486.76,98858.65
2019-10-03,57557.7,80307.66,102298.93
2019-10-04,58426.82,82740.98,106943.3
2019-10-07,58210.64,82120.42,105745.53
2019-10-08,57302.55,79550.05,100786.07
2019-10-09,57950.07,81355.84,104212.79
2019-10-10,58326.75,82413.46,106234.52
2019-10-11,59108.33,84613.9,110494.53
2019-10-14,59096.5,84580.06,110428.23
2019-10-15,59852.94,86745.31,114679.72
2019-10-16,59679.37,86250.86,113693.47
2019-10-17,59846.47,86725.24,114637.13
2019-10-18,59289.9,85120.82,111450.21
2019-10-21,59829.43,86678.53,114503.95
2019-10-22,59332.85,85239.67,111664.25
2019-10-23,59445.58,85563.58,112300.74
2019-10-24,60028.15,87240.63,115602.38
2019-10-25,60496.37,88610.3,118319.04
2019-10-28,61107.38,90409.09,121915.93
2019-10-29,60630.74,88998.71,119063.1
2019-10-30,60897.52,89781.9,120646.64
2019-10-31,60903.61,89799.86,120682.83
2019-11-01,61993.08,92024.58,124660.78
2019-11-04,62371.24,93138.08,126929.61
2019-11-05,62365.0,93128.77,126904.22
2019-11-06,62258.98,92812.13,126244.32
2019-11-07,62439.53,93350.44,127330.02
2019-11-08,62714.27,94171.92,129010.78
2019-11-11,62607.65,93851.74,128352.82
2019-11-12,62776.69,94349.15,129379.65
2019-11-13,62745.31,94254.81,129198.51
2019-11-14,62732.76,94207.68,129108.08
2019-11-15,63171.89,95526.59,131819.34
2019-11-18,63272.96,95822.72,132438.9
2019-11-19,63348.89,96062.27,132928.92
2019-11-20,62930.79,94794.25,130296.93
2019-11-21,62792.34,94377.16,129436.97
2019-11-22,62842.57,94528.16,129734.67
2019-11-25,63602.97,96806.29,134431.07
2019-11-26,63711.09,97125.75,135103.22
2019-11-27,64157.07,98495.22,137953.9
2019-11-29,63842.7,97539.82,135939.77
2019-12-02,63622.06,95833.92,131841.75
2019-12-03,63202.16,94578.5,129244.47
2019-12-04,63524.49,95533.74,131208.99
2019-12-05,63613.42,95810.79,131773.19
2019-12-06,64294.09,97861.14,136003.1
2019-12-09,64030.48,97058.68,134316.67
2019-12-10,63966.45,96864.56,133913.72
2019-12-11,64337.46,97988.19,136243.81
2019-12-12,64832.85,99487.41,139377.42
2019-12-13,64994.94,99974.9,140408.82
2019-12-16,65625.39,101924.41,144508.75
2019-12-17,65664.76,102056.91,144783.32
2019-12-18,65704.16,102169.17,145029.45
2019-12-19,66170.66,103609.76,148104.08
2019-12-20,66455.19,104500.8,150014.62
2019-12-23,66588.1,104918.81,150929.71
2019-12-24,66614.74,105002.74,151110.82
2019-12-26,67220.93,106903.29,155221.04
2019-12-27,67167.16,106721.56,154832.98
2019-12-30,66696.99,105227.45,151596.98
2019-12-31,66877.07,105795.68,152809.75
2020-01-02,68448.36,109686.51,160637.96
2020-01-03,67846.02,107745.06,156381.05
2020-01-06,68266.66,109081.1,159289.74
2020-01-07,68253.01,109026.56,159178.24
2020-01-08,68764.91,110651.06,162743.83
2020-01-09,69363.16,112565.32,166975.17
2020-01-10,69182.82,111991.24,165689.46
2020-01-13,69985.34,114589.43,171455.45
2020-01-14,69698.4,113649.8,169346.55
2020-01-15,69712.34,113706.63,169465.09
2020-01-16,70402.49,115958.02,174498.21
2020-01-17,70775.62,117198.77,177290.18
2020-01-21,70719.0,117022.97,176882.41
2020-01-22,70888.73,117584.68,178155.96
2020-01-23,71108.48,118313.7,179812.81
2020-01-24,70525.39,116373.36,175389.42
2020-01-27,69065.52,111555.5,164497.74
2020-01-28,70136.03,115013.72,172146.88
2020-01-29,70220.2,115278.25,172749.39
2020-01-30,70487.03,116154.37,174718.74
2020-01-31,69373.34,112472.28,166419.6
2020-02-03,70921.44,116361.44,174414.29
2020-02-04,72538.45,121655.89,186326.78
2020-02-05,72799.59,122531.81,188320.48
2020-02-06,73411.1,124578.09,193047.32
2020-02-07,73066.07,123394.6,190306.05
2020-02-10,73964.78,126430.11,197328.35
2020-02-11,73972.18,126455.39,197387.54
2020-02-12,74711.9,128984.5,203328.91
2020-02-13,74577.42,128520.16,202210.6
2020-02-14,74793.7,129265.58,203969.83
2020-02-18,74838.57,129433.62,204357.38
2020-02-19,75527.09,131828.14,210018.07
2020-02-20,74817.13,129362.96,204116.57
2020-02-21,73410.57,124498.91,192604.39
2020-02-24,70554.9,114825.34,170146.72
2020-02-25,68649.92,108636.26,156381.85
2020-02-26,68951.98,109592.26,158446.09
2020-02-27,65552.64,98797.42,135027.76
2020-02-28,65749.3,99390.2,136229.51
2020-03-02,69508.77,109719.4,156897.11
2020-03-03,67291.44,102708.33,141866.36
2020-03-04,70070.57,111192.04,159429.42
2020-03-05,67898.39,104298.13,144586.54
2020-03-06,66791.64,100898.01,137516.26
2020-03-09,62229.77,87125.43,109352.93
2020-03-10,65552.84,96430.43,126860.33
2020-03-11,62688.18,87992.77,110216.26
2020-03-12,56876.99,71670.11,79554.1
2020-03-13,62604.5,86104.47,103595.34
2020-03-16,54973.01,65103.59,65700.17
2020-03-17,58524.27,73514.97,78432.86
2020-03-18,56183.3,67641.13,69028.76
2020-03-19,57071.0,69778.59,72300.72
2020-03-20,54765.33,64147.45,63545.1
2020-03-23,54863.9,64378.39,63888.25
2020-03-24,59148.78,74427.85,78850.88
2020-03-25,58492.22,72768.11,76217.26
2020-03-26,61837.98,81100.06,89303.76
2020-03-27,59420.11,74758.03,78828.43
2020-03-30,61773.15,80678.87,88201.13
2020-03-31,61180.13,79137.9,85669.76
2020-04-01,59095.73,72964.25,75346.83
2020-04-02,60277.65,75875.52,79860.11
2020-04-03,59427.73,73735.83,76482.03
2020-04-06,63795.67,84582.37,93353.96
2020-04-07,63540.49,83905.71,92233.72
2020-04-08,64963.79,87664.69,98431.82
2020-04-09,65035.25,87857.55,98756.65
2020-04-13,65776.66,89869.49,102144.0
2020-04-14,68611.63,97625.23,115361.43
2020-04-15,67822.6,95370.08,111369.93
2020-04-16,69131.57,99051.37,117818.25
2020-04-17,69719.19,100735.24,120822.61
2020-04-20,68882.56,98317.6,116473.0
2020-04-21,66327.02,91032.26,103521.2
2020-04-22,68389.79,96703.57,113190.08
2020-04-23,68205.13,96191.04,112284.56
2020-04-24,69350.98,99423.06,117943.7
2020-04-27,69753.22,100576.37,119995.92
2020-04-28,68490.68,96935.51,113480.14
2020-04-29,70901.56,103750.07,125452.3
2020-04-30,71043.36,104165.07,126192.47
2020-05-01,69296.9,98102.57,114770.71
2020-05-04,70218.55,100712.1,119350.06
2020-05-05,70983.93,102907.62,123264.74
2020-05-06,71416.93,104152.81,125508.16
2020-05-07,72345.35,106860.78,130415.53
2020-05-08,73285.84,109639.16,135501.73
2020-05-11,73908.77,111503.03,138970.58
2020-05-12,72423.2,107031.75,130604.55
2020-05-13,71532.4,104388.07,125772.18
2020-05-14,72283.49,106580.22,129721.42
2020-05-15,72746.1,107944.45,132212.08
2020-05-18,74171.93,112175.87,139986.15
2020-05-19,73904.91,111368.2,138488.29
2020-05-20,75390.4,115834.07,146825.29
2020-05-21,74538.48,113216.22,141847.91
2020-05-22,74821.73,114087.98,143479.16
2020-05-26,74627.19,113506.13,142374.37
2020-05-27,75037.64,114766.05,144737.79
2020-05-28,74835.04,114146.31,143565.41
2020-05-29,75935.12,117513.63,149911.0
2020-06-01,76779.07,119087.56,152456.59
2020-06-02,77247.43,120540.42,155246.55
2020-06-03,77625.94,121721.72,157528.67
2020-06-04,77028.22,119835.03,153874.01
2020-06-05,78584.19,124676.37,163214.16
2020-06-08,79205.0,126633.79,167066.01
2020-06-09,79727.76,128318.02,170390.63
2020-06-10,80748.27,131590.13,176916.59
2020-06-11,76702.78,118404.8,150326.03
2020-06-12,77308.74,120263.75,153873.72
2020-06-15,78213.25,123077.92,159274.69
2020-06-16,79589.8,127422.57,167700.32
2020-06-17,79852.45,128276.3,169377.32
2020-06-18,80092.01,129033.13,170884.78
2020-06-19,80067.98,128942.81,170713.9
2020-06-22,81044.81,132076.12,176944.95
2020-06-23,81676.96,134149.72,181103.16
2020-06-24,80018.91,128703.24,170073.98
2020-06-25,80811.1,131251.56,175125.17
2020-06-26,78790.82,124688.98,161990.79
2020-06-29,79689.04,127519.42,167514.67
2020-06-30,81250.95,132530.94,177381.29
2020-07-01,82740.13,136236.98,184320.59
2020-07-02,83244.85,137899.07,187693.65
2020-07-06,85359.27,144890.56,201977.14
2020-07-07,84719.07,142702.71,197412.46
2020-07-08,85871.25,146569.95,205447.15
2020-07-09,86575.39,148988.36,210521.69
2020-07-10,87233.37,151252.98,215321.58
2020-07-13,85349.13,144718.85,201368.75
2020-07-14,86048.99,147106.71,206342.55
2020-07-15,86143.64,147445.06,207044.12
2020-07-16,85540.64,145366.08,202675.49
2020-07-17,85694.61,145874.86,203749.67
2020-07-20,88162.62,154291.84,221374.01
2020-07-21,87201.64,150943.71,214157.22
2020-07-22,87506.85,152000.32,216384.46
2020-07-23,85170.42,143883.5,199052.06
2020-07-24,84386.85,141236.04,193558.22
2020-07-27,85922.69,146391.16,204145.86
2020-07-28,84779.92,142497.15,196000.44
2020-07-29,85831.19,146031.08,203291.66
2020-07-30,86251.76,147476.79,206300.37
2020-07-31,87787.04,152712.22,217296.18
2020-08-03,89496.58,157410.23,226725.83
2020-08-04,89836.66,158590.81,229287.83
2020-08-05,90070.24,159415.48,231076.27
2020-08-06,91214.13,163480.58,239903.39
2020-08-07,90183.41,159769.57,231746.67
2020-08-10,89741.51,158219.8,228363.17
2020-08-11,88045.4,152254.92,215437.81
2020-08-12,90325.77,160141.72,232177.33
2020-08-13,90497.39,160734.24,233477.53
2020-08-14,90388.79,160332.41,232613.66
2020-08-17,91392.11,163891.79,240382.95
2020-08-18,92287.75,167104.07,247450.21
2020-08-19,91632.51,164747.9,242204.27
2020-08-20,92915.36,169360.84,252376.85
2020-08-21,93547.19,171664.15,257525.34
2020-08-24,94117.83,173775.62,262263.8
2020-08-25,94889.59,176642.92,268741.72
2020-08-26,96910.74,184185.57,285941.19
2020-08-27,96542.48,182785.76,282652.86
2020-08-28,97102.43,184924.35,287599.29
2020-08-31,98034.61,188456.41,295853.39
2020-09-01,100012.63,194643.99,309718.93
2020-09-02,101052.76,198692.59,319382.16
2020-09-03,95767.7,177929.21,269303.04
2020-09-04,94551.45,173409.81,259069.52
2020-09-08,90041.35,156883.86,222022.58
2020-09-09,92706.57,166171.38,241738.18
2020-09-10,90741.19,159125.71,226363.64
2020-09-11,90196.74,157216.21,222311.73
2020-09-14,91748.13,162608.72,233760.78
2020-09-15,93060.13,167259.33,243789.12
2020-09-16,91506.02,161672.87,231550.9
2020-09-17,90151.73,156887.35,221270.04
2020-09-18,88979.76,152808.28,212640.51
2020-09-21,89335.68,154015.47,215170.93
2020-09-22,91015.19,159791.05,227285.06
2020-09-23,88139.11,149708.23,205761.16
2020-09-24,88650.32,151459.82,209361.98
2020-09-25,90724.74,158532.99,224038.26
2020-09-28,92457.58,164604.81,236898.05
2020-09-29,92115.48,163403.19,234292.18
2020-09-30,92889.25,166148.36,240196.34
2020-10-01,94743.4,171464.5,251142.56
2020-10-02,92062.16,161776.76,229845.67
2020-10-05,94133.56,169056.71,245360.25
2020-10-06,92354.44,162666.37,231423.79
2020-10-07,94090.7,168766.36,244452.95
2020-10-08,94485.88,170167.12,247508.61
2020-10-09,95912.62,175323.18,258745.5
2020-10-12,98876.32,186158.15,282731.21
2020-10-13,98836.77,186009.23,282391.93
2020-10-14,98036.19,182995.88,275529.81
2020-10-15,97330.33,180342.44,269550.81
2020-10-16,96950.74,178935.77,266397.07
2020-10-19,95166.85,172350.93,251718.59
2020-10-20,95518.96,173643.56,254537.84
2020-10-21,95413.89,173278.91,253723.32
2020-10-22,95394.81,173209.6,253571.08
2020-10-23,95633.3,174092.97,255498.22
2020-10-26,94093.6,168487.17,243183.21
2020-10-27,94865.17,171250.36,249165.52
2020-10-28,91136.97,157772.96,219763.98
2020-10-29,92841.23,163657.89,232070.77
2020-10-30,90408.79,155065.85,213806.8
2020-11-02,91172.42,156468.13,216149.84
2020-11-03,92777.06,161975.81,227562.55
2020-11-04,96868.53,176245.88,257646.32
2020-11-05,99348.36,185252.05,277407.79
2020-11-06,99457.64,185659.6,278323.24
2020-11-09,97309.36,177639.11,260315.72
2020-11-10,95616.18,171457.26,246701.21
2020-11-11,97824.91,179378.59,263797.6
2020-11-12,97286.87,177387.49,259418.56
2020-11-13,98201.37,180704.63,266708.23
2020-11-16,98820.04,182999.58,271775.68
2020-11-17,98523.58,181901.59,269329.7
2020-11-18,97843.76,179391.34,263754.58
2020-11-19,98587.38,182136.03,269794.56
2020-11-20,97936.7,179731.84,264452.62
2020-11-23,97936.7,179713.86,264426.18
2020-11-24,99366.58,184961.51,276008.04
2020-11-25,99962.78,187181.05,280976.19
2020-11-27,100832.45,190438.0,288337.77
2020-11-30,100913.12,190742.7,289058.61
2020-12-01,102954.6,197075.6,302791.44
2020-12-02,102964.89,197115.01,302882.28
2020-12-03,103057.56,197450.11,303669.77
2020-12-04,103562.54,199385.12,308164.08
2020-12-07,104121.78,201558.42,313187.16
2020-12-08,104444.56,202808.08,316099.8
2020-12-09,102199.0,194107.61,295742.97
2020-12-10,102505.6,195272.26,298404.66
2020-12-11,102290.34,194452.12,296494.87
2020-12-14,103006.37,197174.45,302721.26
2020-12-15,104108.54,201413.7,312468.88
2020-12-16,104701.95,203729.95,317843.35
2020-12-17,105392.99,206419.19,324168.43
2020-12-18,105277.06,205965.07,323098.68
2020-12-21,104877.0,204420.33,319447.66
2020-12-22,105107.73,205299.34,321524.07
2020-12-23,104571.68,203225.81,316636.9
2020-12-24,105052.71,205075.17,320974.83
2020-12-28,106113.74,209197.18,330668.27
2020-12-29,106156.19,209343.62,331032.01
2020-12-30,106166.81,209406.42,331164.42
2020-12-31,106517.16,210809.44,334476.06
2021-01-04,105411.9,204970.16,319868.64
2021-01-05,106307.9,208454.65,328025.29
2021-01-06,104819.59,202617.92,314248.23
2021-01-07,107450.56,212769.08,337879.7
2021-01-08,108825.93,218215.97,350854.28
2021-01-11,107139.13,211473.09,334574.64
2021-01-12,107053.42,211134.74,333771.66
2021-01-13,107727.85,213795.04,340113.32
2021-01-14,107103.03,211315.01,334229.36
2021-01-15,106321.18,208208.68,326876.31
2021-01-19,107916.0,214475.76,341618.44
2021-01-20,110408.86,224384.54,365258.43
2021-01-21,111314.21,228042.01,374207.26
2021-01-22,110991.4,226719.37,370989.08
2021-01-25,111957.02,230686.96,380709.0
2021-01-26,112013.0,230917.64,381280.06
2021-01-27,108876.64,217986.26,349252.53
2021-01-28,109617.0,220950.87,356342.36
2021-01-29,107326.0,211715.12,333964.06
2021-02-01,110521.65,222847.1,359582.31
2021-02-02,112245.79,229822.21,376446.72
2021-02-03,111796.81,227983.64,371929.36
2021-02-04,113116.01,233386.85,385132.85
2021-02-05,113477.98,234880.53,388791.61
2021-02-08,114238.28,238027.92,396606.33
2021-02-09,114169.74,237742.29,395932.1
2021-02-10,113907.15,236648.68,393160.57
2021-02-11,114567.81,239393.8,400001.56
2021-02-12,115175.02,241955.31,406401.59
2021-02-16,114887.08,240769.73,403394.22
2021-02-17,114266.69,238169.42,396899.57
2021-02-18,113752.49,236002.08,391501.74
2021-02-19,113274.73,234043.26,386607.97
2021-02-22,110295.61,221732.59,356104.6
2021-02-23,110052.96,220756.96,353754.31
2021-02-24,110944.39,224355.3,362385.91
2021-02-25,106994.77,208381.2,323646.86
2021-02-26,107668.83,211006.81,329796.15
2021-03-01,111294.91,223753.05,358965.85
2021-03-02,109425.16,216234.95,340873.97
2021-03-03,106273.71,203758.19,311388.38
2021-03-04,104435.18,196708.16,295227.32
2021-03-05,106147.91,203160.19,309752.5
2021-03-08,103048.39,191315.95,282649.16
2021-03-09,107201.25,206736.01,316793.18
2021-03-10,106847.48,205371.55,313656.93
2021-03-11,109369.08,215065.09,335863.84
2021-03-12,108395.7,211258.44,326929.86
2021-03-15,109609.73,216011.75,337947.39
2021-03-16,110190.66,218323.08,343354.55
2021-03-17,110609.38,219982.34,347268.79
2021-03-18,107147.31,206211.44,314660.25
2021-03-19,107800.91,208727.22,320418.54
2021-03-22,109644.31,215844.82,336823.97
2021-03-23,109063.19,213578.45,331502.15
2021-03-24,107230.93,206402.21,314794.44
2021-03-25,107080.81,205803.65,313440.82
2021-03-26,108740.56,212204.14,328047.17
2021-03-29,108631.82,211758.51,327030.22
2021-03-30,108056.07,209492.7,321797.74
2021-03-31,109687.72,215819.37,336375.17
2021-04-01,112193.13,224193.4,355268.56
2021-04-05,114459.43,233228.39,376762.31
2021-04-06,114299.19,232552.03,375142.23
2021-04-07,114619.23,233854.32,378293.42
2021-04-08,115811.27,238718.49,390096.18
2021-04-09,116540.88,241726.35,397468.99
2021-04-12,116319.45,240831.96,395243.17
2021-04-13,117726.92,246660.09,409590.49
2021-04-14,116184.69,240222.26,393534.55
2021-04-15,118055.27,247957.42,412542.27
2021-04-16,118185.13,248502.93,413944.91
2021-04-19,117050.55,243756.52,402064.69
2021-04-20,116219.49,240319.55,393540.92
2021-04-21,117277.09,244693.37,404284.59
2021-04-22,115822.85,238624.97,389245.2
2021-04-23,117328.55,244829.22,404425.76
2021-04-26,118044.25,247816.14,411786.31
2021-04-27,117489.45,245486.67,405980.12
2021-04-28,116995.99,243424.58,400864.78
2021-04-29,117569.27,245834.48,406797.57
2021-04-30,116652.23,241974.88,397237.83
2021-05-03,116636.76,240341.1,392487.69
2021-05-04,114478.98,231448.48,370743.87
2021-05-05,114135.54,230036.65,367370.1
2021-05-06,115071.46,233786.24,376370.67
2021-05-07,115969.01,237433.31,385140.11
2021-05-10,112919.03,224944.32,354791.07
2021-05-11,112851.28,224674.38,354152.44
2021-05-12,109894.57,212901.45,326316.06
2021-05-13,110806.7,216414.32,334408.7
2021-05-14,113211.2,225785.06,356145.27
2021-05-17,112531.94,223075.64,349734.65
2021-05-18,111721.71,219885.66,342215.36
2021-05-19,111889.29,220567.3,343789.55
2021-05-20,114059.94,229103.26,363763.72
2021-05-21,113364.18,226308.2,357106.84
2021-05-24,115302.7,234070.57,375462.13
2021-05-25,115441.07,234608.93,376776.25
2021-05-26,115822.02,236157.35,380506.34
2021-05-27,115439.81,234598.71,376777.38
2021-05-28,115682.23,235584.03,379151.07
2021-06-01,115915.01,234974.43,376993.52
2021-06-02,116100.48,235702.85,378765.38
2021-06-03,114858.2,230658.81,366607.02
2021-06-04,116902.68,238870.27,386220.49
2021-06-07,117171.55,239992.96,388924.03
2021-06-08,117241.86,240280.95,389585.21
2021-06-09,117277.03,240425.12,389935.83
2021-06-10,118508.44,245498.09,402257.8
2021-06-11,118828.41,246823.78,405556.32
2021-06-14,119933.52,251414.7,416830.78
2021-06-15,119105.97,247945.18,408160.7
2021-06-16,118701.01,246259.15,404038.28
2021-06-17,120232.26,252637.26,419714.97
2021-06-18,119258.38,248569.8,409557.86
2021-06-21,119997.78,251676.92,417216.6
2021-06-22,121125.76,256408.45,429023.83
2021-06-23,121162.09,256536.65,429367.04
2021-06-24,121937.53,259845.98,437653.83
2021-06-25,121766.82,259092.42,435771.92
2021-06-28,123288.9,265595.64,452156.94
2021-06-29,123695.76,267348.57,456633.29
2021-06-30,123547.32,266680.2,454943.75
2021-07-01,124096.94,267367.23,455944.74
2021-07-02,125524.06,273516.67,471674.83
2021-07-06,126026.15,275704.81,477334.93
2021-07-07,126227.8,276614.63,479673.87
2021-07-08,125470.43,273322.92,471087.71
2021-07-09,126361.27,277176.77,481074.77
2021-07-12,126803.53,279117.01,486126.05
2021-07-13,126778.17,278977.45,485785.77
2021-07-14,126993.69,279953.87,488311.85
2021-07-15,126092.04,275978.53,477910.81
2021-07-16,125121.13,271756.06,466918.86
2021-07-19,123995.04,266864.45,454312.05
2021-07-20,125520.18,273429.31,471076.17
2021-07-21,126499.24,277667.47,482052.24
2021-07-22,127334.13,281304.91,491548.67
2021-07-23,128798.47,287774.92,508507.1
2021-07-26,128914.39,288321.7,509930.92
2021-07-27,127470.55,281892.12,492848.23
2021-07-28,127993.18,284203.64,498910.27
2021-07-29,128249.17,285340.45,501903.73
2021-07-30,127492.5,281973.43,493070.22
2021-08-02,128018.1,282614.67,493915.72
2021-08-03,128850.21,286316.92,503596.47
2021-08-04,129043.49,287147.24,505812.29
2021-08-05,129882.27,290880.16,515675.63
2021-08-06,129258.84,288116.8,508301.47
2021-08-09,129465.65,289009.96,510690.49
2021-08-10,128779.48,285975.35,502621.58
2021-08-11,128560.56,285003.04,500058.21
2021-08-12,129087.66,287311.56,506158.92
2021-08-13,129500.74,289121.62,510967.43
2021-08-16,129539.59,289266.18,511376.2
2021-08-17,128360.78,284001.54,497415.63
2021-08-18,127115.68,278520.31,482990.58
2021-08-19,127763.97,281361.22,490380.34
2021-08-20,129118.27,287326.08,506023.47
2021-08-23,131003.39,295716.0,528187.3
2021-08-24,131383.3,297460.72,532835.34
2021-08-25,131475.27,297906.91,534007.58
2021-08-26,130699.57,294391.61,524609.05
2021-08-27,132019.63,300338.32,540504.7
2021-08-30,133498.25,307035.87,558611.61
2021-08-31,133311.35,306145.46,556209.58
2021-09-01,134065.6,307780.05,559827.15
2021-09-02,133998.56,307503.05,559043.4
2021-09-03,134413.96,309409.57,564242.5
2021-09-07,134615.58,310306.85,566725.17
2021-09-08,134144.42,308134.71,560774.55
2021-09-09,133634.68,305762.07,554325.65
2021-09-10,132605.69,301022.76,541465.29
2021-09-13,132552.65,300781.94,540815.53
2021-09-14,132115.22,298766.7,535407.38
2021-09-15,133145.72,303457.34,547989.45
2021-09-16,133252.24,303942.87,549304.63
2021-09-17,131679.86,296800.21,529914.17
2021-09-20,128914.58,284364.28,496582.57
2021-09-21,129043.5,284961.45,498121.98
2021-09-22,130321.03,290603.68,512916.2
2021-09-23,131519.98,295979.85,527123.98
2021-09-24,131638.35,296483.02,528494.5
2021-09-27,130572.08,291650.35,515599.23
2021-09-28,126837.72,274967.95,471412.38
2021-09-29,126685.51,274308.02,469762.44
2021-09-30,126140.77,271948.97,463702.5
2021-10-01,127527.25,276236.01,473904.33
2021-10-04,124772.66,264302.62,443195.33
2021-10-05,126519.48,271676.66,461765.22
2021-10-06,127316.55,275099.79,470492.58
2021-10-07,128436.94,279969.05,482960.63
2021-10-08,127781.91,277085.37,475523.04
2021-10-11,126861.88,273095.34,465204.19
2021-10-12,126417.86,271183.68,460319.55
2021-10-13,127391.28,275332.79,470906.89
2021-10-14,129786.24,285685.3,497466.04
2021-10-15,130603.89,289284.93,506818.41
2021-10-18,131936.05,295157.42,522276.37
2021-10-19,132885.99,299407.68,533505.31
2021-10-20,132699.95,298539.4,531211.24
2021-10-21,133575.77,302450.27,541676.1
2021-10-22,132413.66,297187.63,527538.35
2021-10-25,133790.76,303339.42,543944.79
2021-10-26,134178.76,305098.79,548731.51
2021-10-27,134514.2,306624.28,552846.99
2021-10-28,136061.12,313676.64,571975.5
2021-10-29,136687.0,316562.46,579811.56
2021-11-01,137667.15,319250.19,586346.8
2021-11-02,138245.35,321963.82,593793.41
2021-11-03,139738.4,328886.04,612972.94
2021-11-04,141485.13,337108.19,635959.42
2021-11-05,141598.32,337647.57,637485.72
2021-11-08,141400.08,336668.39,634744.54
2021-11-09,140396.14,331887.7,621224.48
2021-11-10,138374.44,322296.14,594325.46
2021-11-11,138775.72,324197.69,599555.52
2021-11-12,140218.99,330973.42,618321.61
2021-11-15,140120.84,330543.16,617084.97
2021-11-16,141171.74,335468.25,630907.67
2021-11-17,141157.63,335401.16,630718.4
2021-11-18,142668.01,342578.74,651027.53
2021-11-19,143452.69,346347.11,661704.38
2021-11-22,141788.64,338311.85,638677.07
2021-11-23,141150.59,335233.22,629991.06
2021-11-24,141672.85,337747.47,637046.96
2021-11-26,138711.88,323629.62,597104.12
2021-11-29,141943.87,338710.76,638841.69
2021-11-30,139658.57,327838.15,608049.52
2021-12-01,137916.04,317831.33,579339.15
2021-12-02,138895.24,322344.53,591737.0
2021-12-03,136478.46,311094.71,560789.16
2021-12-06,137638.53,316414.43,575145.36
2021-12-07,141808.98,335557.5,627368.56
2021-12-08,142404.58,338376.18,635273.4
2021-12-09,140282.75,328258.73,606813.16
2021-12-10,141867.94,335677.38,627384.12
2021-12-13,139697.36,325439.22,598649.93
2021-12-14,138244.51,318670.09,579912.19
2021-12-15,141493.26,333679.45,620853.99
2021-12-16,137800.28,316228.01,572179.03
2021-12-17,137262.86,313729.81,565427.32
2021-12-20,135752.97,306827.75,546768.22
2021-12-21,138861.71,320911.15,584385.87
2021-12-22,140541.94,328709.29,605657.52
2021-12-23,141652.22,333902.9,620011.6
2021-12-27,143904.49,344521.01,649586.16
2021-12-28,143213.75,341248.06,640297.07
2021-12-29,143228.07,341350.43,640553.19
2021-12-30,142683.8,338790.31,633314.94
2021-12-31,141742.09,334284.39,620711.97
2022-01-03,143820.98,342250.09,641960.45
2022-01-04,141879.39,333043.56,616025.25
2022-01-05,137452.76,312261.64,558365.29
2022-01-06,137397.78,312011.83,557695.25
2022-01-07,135886.4,305147.57,539291.31
2022-01-10,136076.64,306032.5,541610.26
2022-01-11,138076.97,315029.85,565495.27
2022-01-12,138601.66,317455.58,571998.47
2022-01-13,135039.6,301106.62,527840.19
2022-01-14,136052.4,305623.22,539716.59
2022-01-18,132555.85,289914.19,498158.41
2022-01-19,131137.5,283710.02,482167.53
2022-01-20,129380.26,276106.6,462832.61
2022-01-21,125822.3,260920.73,424648.92
2022-01-24,126438.83,263503.85,430933.72
2022-01-25,123303.15,250407.71,398829.16
2022-01-26,123512.76,251234.05,400823.31
2022-01-27,122030.61,245229.56,386433.75
2022-01-28,125960.0,261046.86,423801.89
2022-01-31,130104.08,278223.75,465631.14
2022-02-01,131387.7,282068.43,474521.5
2022-02-02,132438.81,286581.53,485910.02
2022-02-03,126849.89,262394.05,424442.4
2022-02-04,128536.99,269399.97,441420.1
2022-02-07,127457.28,264874.05,430340.45
2022-02-08,128999.51,271257.51,445918.78
2022-02-09,131708.5,282650.33,474011.66
2022-02-10,128639.7,269450.56,440830.84
2022-02-11,124690.46,252906.29,400186.24
2022-02-14,124815.15,253437.4,401426.82
2022-02-15,127898.08,265957.2,431172.54
2022-02-16,127744.6,265318.91,429663.44
2022-02-17,123963.36,249638.56,391552.29
2022-02-18,122550.18,243921.84,378122.05
2022-02-22,121336.93,239092.18,366854.01
2022-02-23,118182.17,226635.48,338202.71
2022-02-24,122247.64,242250.67,373139.05
2022-02-25,124118.03,249687.76,390303.45
2022-02-28,124540.03,251410.61,394323.58
2022-03-01,123001.88,243698.32,375556.18
2022-03-02,125092.91,251959.7,394671.99
2022-03-03,123266.55,244577.28,377345.89
2022-03-04,121528.5,237704.65,361421.9
2022-03-07,116971.18,219900.58,320798.08
2022-03-08,116514.99,218185.35,317044.74
2022-03-09,120686.23,233785.6,351063.64
2022-03-10,119358.68,228642.32,339478.54
2022-03-11,116816.34,218902.16,317819.81
2022-03-14,114573.46,210496.32,299513.39
2022-03-15,118193.99,223778.63,327877.3
2022-03-16,122567.16,240338.25,364304.47
2022-03-17,123988.94,245914.1,376982.27
2022-03-18,126642.31,256414.63,401146.83
2022-03-21,126249.71,254850.5,397456.28
2022-03-22,128698.96,264713.22,420548.49
2022-03-23,126884.3,257248.3,402759.29
2022-03-24,129675.76,268567.23,429381.68
2022-03-25,129572.02,268164.38,428394.1
2022-03-28,131619.26,276638.37,448699.98
2022-03-29,133830.46,285933.42,471314.46
2022-03-30,132358.32,279642.89,455761.08
2022-03-31,130306.77,271001.92,434613.77
2022-04-01,131002.98,272343.58,437115.29
2022-04-04,133636.14,283291.79,463429.63
2022-04-05,130642.69,270628.65,432333.51
2022-04-06,127807.74,258883.36,404188.59
2022-04-07,128101.7,260048.34,406937.08
2022-04-08,126295.47,252714.97,389764.33
2022-04-11,123327.52,240812.1,362246.97
2022-04-12,122883.55,239102.33,358370.93
2022-04-13,125328.93,248594.7,379729.83
2022-04-14,122471.43,237258.78,353756.31
2022-04-18,122630.64,237851.92,355100.59
2022-04-19,125267.2,248103.34,378040.09
2022-04-20,123400.72,240709.86,361141.69
2022-04-21,120945.04,231153.68,339617.65
2022-04-22,117740.0,218902.54,312618.05
2022-04-25,119294.17,224681.56,324997.72
2022-04-26,114677.48,207291.21,287297.99
2022-04-27,114620.15,207083.92,286867.04
2022-04-28,118608.93,221496.96,316815.96
2022-04-29,113307.11,201695.13,274362.62
2022-05-02,115764.59,209150.64,289045.53
2022-05-03,115891.93,209589.86,289970.48
2022-05-04,119843.85,223862.93,319605.46
2022-05-05,113779.75,201208.0,271057.39
2022-05-06,112391.63,196298.53,261109.58
2022-05-09,107918.45,180653.53,229906.99
2022-05-10,109321.39,185350.53,238850.37
2022-05-11,105976.15,173988.54,216900.02
2022-05-12,105785.4,173344.78,215707.07
2022-05-13,109699.46,186172.29,239650.56
2022-05-16,108426.94,181853.1,231310.72
2022-05-17,111267.73,191382.2,249468.61
2022-05-18,105637.58,172014.32,211599.27
2022-05-19,105172.77,170500.6,208806.16
2022-05-20,104815.19,169358.24,206697.22
2022-05-23,106576.08,175048.68,217114.76
2022-05-24,104231.41,167364.04,202806.9
2022-05-25,105774.03,172318.02,211811.52
2022-05-26,108725.13,181916.13,229518.97
2022-05-27,112313.06,193904.4,252218.39
2022-05-31,111964.89,192702.2,249872.76
2022-06-01,111632.65,190342.8,244814.49
2022-06-02,114702.55,200792.62,264987.2
2022-06-03,111639.99,190050.22,243735.23
2022-06-06,112097.71,191608.63,246733.17
2022-06-07,113095.38,195019.26,253320.95
2022-06-08,112235.86,192054.97,247545.23
2022-06-09,109160.59,181530.36,227221.76
2022-06-10,105274.48,168605.4,202954.48
2022-06-13,100431.85,153093.7,174946.76
2022-06-14,100642.76,153721.38,176031.43
2022-06-15,103148.76,161392.08,189198.58
2022-06-16,99002.18,148416.16,166381.23
2022-06-17,100229.81,152111.72,172587.25
2022-06-21,102725.53,159686.88,185496.78
2022-06-22,102561.17,159159.92,184587.85
2022-06-23,104068.82,163855.13,192746.63
2022-06-24,107700.82,175292.22,212927.2
2022-06-27,106828.45,172470.02,207774.36
2022-06-28,103527.45,161828.62,188534.46
2022-06-29,103713.8,162395.02,189533.69
2022-06-30,102334.4,158091.55,181990.25
2022-07-01,103564.53,160843.55,186395.54
2022-07-05,105304.41,166231.81,195771.24
2022-07-06,105957.3,168276.46,199393.0
2022-07-07,108245.98,175562.83,212333.61
2022-07-08,108397.52,176036.85,213204.18
2022-07-11,106023.61,168326.44,199196.66
2022-07-12,104995.18,165060.9,193380.12
2022-07-13,104848.19,164598.73,192567.92
2022-07-14,105204.68,165718.01,194532.12
2022-07-15,107129.92,171783.28,205211.93
2022-07-18,106176.46,168742.72,199753.29
2022-07-19,109499.79,179306.01,218510.13
2022-07-20,111197.03,184882.43,228692.7
2022-07-21,112798.27,190225.53,238595.09
2022-07-22,110801.74,183510.57,225949.55
2022-07-25,110192.33,181491.96,222221.38
2022-07-26,108032.56,174377.47,209154.77
2022-07-27,112634.75,189216.99,235863.83
2022-07-28,113670.99,192717.51,242397.26
2022-07-29,115728.44,199693.88,255559.43
2022-08-01,116158.7,199973.67,255624.13
2022-08-02,115810.22,198753.83,253297.95
2022-08-03,118971.84,209585.91,274017.72
2022-08-04,119495.32,211409.31,277607.35
2022-08-05,118563.25,208132.47,271139.1
2022-08-08,118124.57,206613.1,268156.57
2022-08-09,116766.14,201881.66,258931.99
2022-08-10,120093.97,213368.73,281044.78
2022-08-11,119313.36,210616.27,275592.51
2022-08-12,121771.22,219293.66,292624.13
2022-08-15,122684.5,222561.14,299178.91
2022-08-16,122402.33,221515.1,297084.65
2022-08-17,120921.26,216176.58,286330.19
2022-08-18,121235.65,217300.7,288563.57
2022-08-19,118871.56,208825.97,271711.45
2022-08-22,115709.57,197716.43,250028.88
2022-08-23,115628.58,197439.63,249528.82
2022-08-24,115952.34,198545.29,251624.86
2022-08-25,117981.5,205474.52,264810.01
2022-08-26,113144.26,188646.16,232264.86
2022-08-29,112058.08,185024.15,225575.63
2022-08-30,110791.82,180824.1,217906.06
2022-08-31,110160.31,178744.63,214158.07
2022-09-01,110682.44,179316.33,214786.87
2022-09-02,109088.61,174169.95,205529.55
2022-09-06,108303.17,171661.9,201090.12
2022-09-07,110545.05,178751.54,213557.7
2022-09-08,111097.78,180556.93,216782.42
2022-09-09,113508.6,188393.1,230873.28
2022-09-12,114870.7,192933.37,239207.81
2022-09-13,108506.86,171537.06,199427.55
2022-09-14,109418.32,174401.73,204433.18
2022-09-15,107547.27,168454.63,193966.2
2022-09-16,106955.76,166584.78,190746.36
2022-09-19,107779.32,169166.85,195171.68
2022-09-20,106863.19,166291.01,190194.8
2022-09-21,104939.66,160287.91,179905.26
2022-09-22,103711.86,156537.17,173590.59
2022-09-23,101990.24,151355.79,164963.14
2022-09-26,101470.09,149827.09,162455.7
2022-09-27,101632.45,150291.56,163219.24
2022-09-28,103634.61,156213.05,172865.49
2022-09-29,100670.66,147262.04,158016.35
2022-09-30,98929.05,142152.05,149799.5
2022-10-03,101775.58,149370.96,160925.67
2022-10-04,104971.33,158751.45,176100.96
2022-10-05,104887.36,158497.45,175678.32
2022-10-06,104090.21,156088.29,171690.42
2022-10-07,100051.51,143960.23,151688.49
2022-10-10,99030.99,141023.44,147046.82
2022-10-11,97803.0,137526.06,141576.68
2022-10-12,97754.1,137374.78,141350.16
2022-10-13,100002.44,143694.02,151103.32
2022-10-14,96902.37,134799.36,137065.82
2022-10-17,100255.19,144140.96,151306.96
2022-10-18,101027.16,146360.73,154802.15
2022-10-19,100623.05,145189.84,152960.0
2022-10-20,100109.87,143708.91,150619.72
2022-10-21,102502.5,150563.82,161404.09
2022-10-24,103589.02,153755.77,166536.74
2022-10-25,105764.39,160198.14,177011.9
2022-10-26,103374.12,152941.16,164992.79
2022-10-27,101430.68,147190.58,155687.2
2022-10-28,104646.04,156522.46,170477.48
2022-10-31,103369.35,152703.31,164255.05
2022-11-01,102809.89,150077.96,159697.07
2022-11-02,99324.63,139902.68,143455.88
2022-11-03,97358.0,134362.53,134948.95
2022-11-04,98876.79,138541.21,141251.06
2022-11-07,99964.43,141602.97,145926.47
2022-11-08,100714.17,143727.01,149209.82
2022-11-09,98327.24,136914.35,138601.0
2022-11-10,105691.95,157410.43,169730.78
2022-11-11,107615.54,163140.17,178998.08
2022-11-14,106560.91,159942.62,173717.64
2022-11-15,108106.05,164596.95,181291.73
2022-11-16,106538.51,159823.64,173405.54
2022-11-17,106336.08,159216.31,172417.13
2022-11-18,106336.08,159216.31,172417.13
2022-11-21,105208.92,155840.92,166951.51
2022-11-22,106766.01,160469.4,174380.85
2022-11-23,107801.64,163582.51,179455.33
2022-11-25,107047.03,161292.35,175686.77
2022-11-28,105516.26,156679.39,168149.81
2022-11-29,104745.99,154407.54,164484.14
2022-11-30,109543.36,168551.27,187067.81
2022-12-01,110153.4,169389.37,188130.52
2022-12-02,109712.79,168051.2,185891.76
2022-12-05,107814.76,162236.62,176243.98
2022-12-06,105647.68,155714.71,165616.47
2022-12-07,105172.27,154297.71,163364.08
2022-12-08,106455.37,158062.57,169343.21
2022-12-09,105774.05,156055.18,166108.75
2022-12-12,107085.65,159925.35,172271.39
2022-12-13,108252.88,163411.72,177904.66
2022-12-14,107397.69,160829.81,173706.11
2022-12-15,103778.38,149989.88,156144.43
2022-12-16,102854.76,147305.07,151959.76
2022-12-19,101394.22,143136.33,145501.47
2022-12-20,101282.69,142821.43,145021.31
2022-12-21,102781.67,147034.66,151445.75
2022-12-22,100222.41,139712.34,140132.76
2022-12-23,100493.01,140466.78,141253.82
2022-12-27,99005.71,136294.92,134968.02
2022-12-28,97698.83,132683.11,129609.79
2022-12-29,100180.39,139436.68,139499.02
2022-12-30,100080.2,139143.86,139066.57
2023-01-03,99876.14,137674.88,136621.72
2023-01-04,100355.55,138996.56,138589.07
2023-01-05,98759.9,134576.47,131978.37
2023-01-06,101505.42,142072.38,142998.57
2023-01-09,102134.75,143819.87,145644.04
2023-01-10,103033.54,146336.72,149474.48
2023-01-11,104846.93,151473.13,157351.78
2023-01-12,105371.17,152987.87,159712.06
2023-01-13,106119.3,155175.59,163129.9
2023-01-17,106267.87,155594.57,163798.73
2023-01-18,104918.27,151642.46,157558.0
2023-01-19,103869.08,148594.45,152815.5
2023-01-20,106839.74,157108.91,165942.36
2023-01-23,109168.84,163958.86,176811.58
2023-01-24,108928.67,163237.44,175662.3
2023-01-25,108634.57,162355.96,174239.44
2023-01-26,110807.26,168866.43,184711.23
2023-01-27,111871.01,172091.78,190012.44
2023-01-30,109532.9,164898.35,178098.66
2023-01-31,111274.48,170142.11,186593.97
2023-02-01,114188.8,178013.85,199198.95
2023-02-02,118253.93,190688.44,220473.4
2023-02-03,116137.18,183842.73,208611.93
2023-02-06,115126.79,180662.25,203188.02
2023-02-07,117567.48,188304.26,216090.46
2023-02-08,115415.99,181412.32,204227.09
2023-02-09,114365.71,178092.48,198631.27
2023-02-10,113656.64,175901.94,194956.59
2023-02-13,115475.14,181548.39,204334.0
2023-02-14,116295.02,184126.38,208686.32
2023-02-15,117190.49,186961.93,213506.97
2023-02-16,114928.71,179726.5,201123.57
2023-02-17,114147.2,177282.22,197040.76
2023-02-21,111396.25,168737.22,182794.71
2023-02-22,111451.95,168905.95,183068.9
2023-02-23,112499.6,172098.28,188249.75
2023-02-24,110553.35,166143.68,178498.42
2023-02-27,111371.45,168585.99,182443.23
2023-02-28,111226.67,168147.66,181731.7
2023-03-01,110765.82,165746.92,177530.12
2023-03-02,111751.63,168697.22,182270.18
2023-03-03,114031.36,175580.07,193443.34
2023-03-06,114133.99,175913.67,193984.98
2023-03-07,112741.56,171621.37,186865.73
2023-03-08,113327.81,173406.24,189780.84
2023-03-09,111287.91,167180.95,179551.65
2023-03-10,109752.14,162566.76,172118.21
2023-03-13,110619.18,165119.06,176180.2
2023-03-14,113185.55,172780.58,188442.34
2023-03-15,113660.93,174231.94,190835.56
2023-03-16,116718.41,183623.04,206255.08
2023-03-17,116146.49,181823.53,203223.13
2023-03-20,116541.38,183059.93,205296.0
2023-03-21,118196.27,188277.14,214062.14
2023-03-22,116576.98,183118.35,205285.59
2023-03-23,118080.83,187842.8,213230.15
2023-03-24,118435.07,188951.07,215127.89
2023-03-27,117558.65,186173.49,210373.57
2023-03-28,116982.61,184330.38,207260.04
2023-03-29,119170.19,191205.9,218866.6
2023-03-30,120254.63,194685.85,224841.66
2023-03-31,122274.91,201246.76,236196.16
2023-04-03,122467.98,200738.03,234920.94
2023-04-04,122014.84,199272.64,232336.81
2023-04-05,120782.49,195227.4,225273.77
2023-04-06,121676.28,198097.25,230252.32
2023-04-10,121566.78,197760.48,229653.67
2023-04-11,120752.28,195130.27,225060.59
2023-04-12,119677.58,191637.43,219028.97
2023-04-13,122107.04,199417.91,232389.74
2023-04-14,121826.19,198500.59,230809.49
2023-04-17,121899.29,198758.64,231248.02
2023-04-18,121935.86,198877.9,231456.15
2023-04-19,121911.47,198778.46,231294.13
2023-04-20,120960.56,195657.64,225858.72
2023-04-21,121093.62,196107.65,226626.64
2023-04-24,120802.99,195166.33,224994.92
2023-04-25,118519.82,187808.56,212260.21
2023-04-26,119278.34,190212.51,216335.61
2023-04-27,122570.43,200712.24,234248.2
2023-04-28,123367.13,203341.57,238839.46
2023-05-01,123730.88,203393.12,238549.64
2023-05-02,122629.67,199772.72,232180.36
2023-05-03,121844.84,197235.61,227745.72
2023-05-04,121394.02,195795.79,225240.52
2023-05-05,123979.71,204136.69,239633.39
2023-05-08,124289.66,205136.96,241406.67
2023-05-09,123444.49,202347.1,236481.98
2023-05-10,124814.72,206839.2,244356.83
2023-05-11,125201.65,208142.29,246653.78
2023-05-12,124738.4,206602.04,243915.92
2023-05-15,125424.47,208874.66,247940.54
2023-05-16,125537.35,209271.52,248634.77
2023-05-17,127068.9,214356.82,257709.94
2023-05-18,129368.85,222095.1,271677.82
2023-05-19,129071.3,221095.67,269830.41
2023-05-22,129510.14,222577.01,272555.7
2023-05-23,127852.41,216879.04,262089.56
2023-05-24,127213.15,214710.25,258184.42
2023-05-25,130342.6,225252.53,277212.61
2023-05-26,133705.43,236875.56,298696.59
2023-05-30,134240.26,238746.87,302251.08
2023-05-31,133300.57,235380.54,295873.58
2023-06-01,135553.36,242084.2,308050.7
2023-06-02,136542.9,245618.63,314766.21
2023-06-05,136638.48,245962.5,315395.74
2023-06-06,136652.15,246011.69,315490.36
2023-06-07,134260.73,237401.28,298927.12
2023-06-08,135965.84,243407.53,310286.35
2023-06-09,136373.74,244892.32,313109.95
2023-06-12,138773.92,253512.53,329642.16
2023-06-13,139870.23,257518.02,337454.68
2023-06-14,140849.33,261149.03,344574.97
2023-06-15,142539.52,267416.61,356945.21
2023-06-16,141584.5,263833.22,349770.61
2023-06-20,141457.08,263358.32,348826.23
2023-06-21,139547.41,256273.98,334733.65
2023-06-22,141194.07,262296.42,346549.75
2023-06-23,139782.12,257024.26,336118.6
2023-06-26,137881.09,250033.2,322404.96
2023-06-27,140294.01,258784.37,339331.22
2023-06-28,140462.36,259431.33,340586.75
2023-06-29,140237.62,258575.2,338917.87
2023-06-30,142481.42,266849.61,355185.93
2023-07-03,143253.09,268392.27,357748.91
2023-07-05,143210.11,268231.24,357391.16
2023-07-06,142136.03,264207.77,349314.12
2023-07-07,141638.56,262358.32,345646.32
2023-07-10,141723.54,262673.15,346268.49
2023-07-11,142417.99,265247.34,351324.01
2023-07-12,144183.97,271852.0,364428.39
2023-07-13,146678.35,281258.08,383342.23
2023-07-14,146619.68,281033.07,382882.22
2023-07-17,148012.57,286372.7,393794.36
2023-07-18,149226.27,291040.58,403442.32
2023-07-19,149091.97,290487.6,402312.68
2023-07-20,145692.67,277270.41,374834.73
2023-07-21,145313.87,275828.61,371911.01
2023-07-24,145517.31,276628.51,373510.23
2023-07-25,146579.59,280694.95,381727.46
2023-07-26,145993.27,278449.39,377146.73
2023-07-27,145672.08,277224.21,374657.56
2023-07-28,148367.02,287481.51,395451.05
2023-07-31,148426.36,287711.5,395925.6
2023-08-01,148554.05,286799.26,393492.05
2023-08-02,145271.0,274122.73,367403.52
2023-08-03,145111.2,273519.66,366154.35
2023-08-04,144371.14,270729.76,360515.57
2023-08-07,145627.17,275440.46,369925.03
2023-08-08,144360.21,270620.25,360232.99
2023-08-09,142743.37,264558.36,348093.14
2023-08-10,143000.31,265510.77,349972.85
2023-08-11,142042.21,261979.47,342973.39
2023-08-14,143718.31,268162.19,355114.65
2023-08-15,142137.41,262235.81,343360.35
2023-08-16,140616.54,256623.96,332304.15
2023-08-17,139097.88,251080.88,321537.49
2023-08-18,138903.14,250377.86,320154.88
2023-08-21,141195.04,258615.29,335970.53
2023-08-22,140926.77,257658.41,334089.1
2023-08-23,143181.6,265929.24,350158.79
2023-08-24,140045.92,254281.54,327153.35
2023-08-25,141236.31,258578.9,335463.05
2023-08-28,142281.46,262405.87,342910.33
2023-08-29,145340.51,273715.56,365062.33
2023-08-30,146154.42,276781.18,371195.38
2023-08-31,146519.81,278165.08,373979.35
2023-09-01,146916.89,278302.82,373730.39
2023-09-05,147078.5,278915.08,375001.07
2023-09-06,145784.21,274006.18,365063.54
2023-09-07,144719.99,269978.29,357032.15
2023-09-08,144922.59,270734.23,358567.38
2023-09-11,146647.17,277177.7,371368.24
2023-09-12,145019.39,270996.64,358964.54
2023-09-13,145570.46,273083.31,363092.63
2023-09-14,146764.14,277534.57,371988.4
2023-09-15,144195.77,267793.11,352421.81
2023-09-18,144412.06,268596.49,354007.71
2023-09-19,144094.36,267387.8,351635.86
2023-09-20,141990.58,259606.82,336269.37
2023-09-21,139377.95,250053.29,317707.3
2023-09-22,139447.64,250278.34,318152.09
2023-09-25,140089.1,252580.9,322542.59
2023-09-26,137973.75,244952.95,307931.41
2023-09-27,138304.89,246104.23,310117.73
2023-09-28,139466.65,250238.78,317932.69
2023-09-29,139578.23,250664.19,318727.52
2023-10-02,141240.88,255333.51,327176.29
2023-10-03,138656.17,245962.77,309181.59
2023-10-04,140666.68,253071.1,322600.07
2023-10-05,140160.28,251248.99,319115.99
2023-10-06,142543.01,259791.45,335359.0
2023-10-09,143241.47,262363.39,340322.31
2023-10-10,144043.62,265301.86,346039.73
2023-10-11,145080.73,269148.73,353548.79
2023-10-12,144543.93,267130.12,349589.04
2023-10-13,142751.59,260478.58,336549.37
2023-10-16,144436.06,266651.92,348496.87
2023-10-17,143959.42,264865.35,345011.9
2023-10-18,141929.59,257422.64,330452.4
2023-10-19,140723.19,253072.19,322058.91
2023-10-20,138612.34,245454.72,307534.05
2023-10-23,139028.18,246927.45,310332.61
2023-10-24,140376.75,251693.15,319332.26
2023-10-25,136909.45,239259.51,295669.74
2023-10-26,134321.86,230215.5,278875.7
2023-10-27,134993.47,232517.65,283086.72
2023-10-30,136464.9,237609.79,292371.97
2023-10-31,137174.51,240080.93,296903.73
2023-11-01,140111.35,249097.5,313195.87
2023-11-02,142549.29,257741.18,329513.37
2023-11-03,144274.14,263952.74,341441.76
2023-11-06,144807.95,265879.6,345197.62
2023-11-07,146154.67,270824.96,354828.63
2023-11-08,146315.44,271447.86,356035.05
2023-11-09,145115.65,266996.11,347276.59
2023-11-10,148380.75,278984.24,370683.03
2023-11-13,147935.61,277310.33,367346.88
2023-11-14,151086.64,289123.75,390820.35
2023-11-15,151131.96,289297.22,391172.08
2023-11-16,151283.1,289875.82,392345.6
2023-11-17,151328.48,290049.74,392698.71
2023-11-20,153129.29,296981.93,406757.33
2023-11-21,152241.14,293507.24,399639.07
2023-11-22,152895.78,296002.06,404754.45
2023-11-24,152712.3,295291.65,403297.34
2023-11-27,152513.78,294553.42,401764.81
2023-11-28,152971.32,296350.2,405420.87
2023-11-29,152757.16,295490.78,403677.56
2023-11-30,152375.26,294013.33,400649.97
2023-12-01,153349.18,296339.31,404920.78
2023-12-04,151831.02,290501.43,392935.13
2023-12-05,152195.41,291895.83,395764.26
2023-12-06,151343.12,288597.41,389075.85
2023-12-07,153583.0,297168.75,406389.72
2023-12-08,154181.97,299486.67,411103.84
2023-12-11,155492.52,304577.94,421628.1
2023-12-12,156767.56,309542.56,431957.99
2023-12-13,158758.51,317435.9,448458.78
2023-12-14,158520.37,316483.59,446485.57
2023-12-15,159344.67,319775.02,453406.09
2023-12-18,160364.48,323868.14,462111.49
2023-12-19,161150.27,327042.05,468904.53
2023-12-20,158684.67,317001.86,447334.92
2023-12-21,160636.49,324800.1,463796.84
2023-12-22,160829.25,325579.62,465466.51
2023-12-26,161794.23,329486.58,473891.46
2023-12-27,162069.28,330606.83,476260.91
2023-12-28,161988.24,330276.23,475546.52
2023-12-29,161291.69,327435.85,469411.97
2024-01-02,159073.59,316950.0,446275.4
2024-01-03,157387.41,310230.66,432083.84
2024-01-04,156553.26,306942.22,425256.92
2024-01-05,156788.09,307832.35,427128.05
2024-01-08,160096.32,320822.87,454165.25
2024-01-09,160368.48,321945.75,456526.91
2024-01-10,161475.02,326356.41,465931.37
2024-01-11,161749.53,327433.39,468261.02
2024-01-12,161862.76,327891.79,469244.37
2024-01-16,161846.57,327793.43,469056.67
2024-01-17,160940.23,324122.14,461176.52
2024-01-18,163306.05,333651.33,481514.41
2024-01-19,166490.52,346697.1,509731.15
2024-01-22,166640.36,347355.82,511158.4
2024-01-23,167356.91,350308.35,517701.23
2024-01-24,168277.38,354126.71,526191.53
2024-01-25,168445.65,354834.96,527770.1
2024-01-26,167519.2,350931.78,519114.67
2024-01-29,169211.15,357985.5,534791.93
2024-01-30,168060.51,353116.9,523882.18
2024-01-31,164800.14,339415.97,493339.85
2024-02-01,167300.27,348141.93,511766.23
2024-02-02,170177.83,360118.01,538122.2
2024-02-05,169888.53,358893.61,535431.58
2024-02-06,169497.79,357242.7,531737.11
2024-02-07,171260.56,364673.35,548274.13
2024-02-08,171534.58,365840.31,550851.02
2024-02-09,173267.08,373230.28,567486.72
2024-02-12,172504.71,369908.53,559939.15
2024-02-13,169779.13,358219.42,533454.02
2024-02-14,171782.53,366637.58,552284.95
2024-02-15,172143.27,368214.12,555819.58
2024-02-16,170593.98,361623.09,540868.03
2024-02-20,169246.29,355909.44,528049.46
2024-02-21,168603.15,353168.94,521976.89
2024-02-22,173678.11,374429.71,569059.2
2024-02-23,173035.5,371621.49,562685.74
2024-02-26,173000.89,371435.68,562291.86
2024-02-27,173364.19,372995.7,565834.3
2024-02-28,172428.02,369004.65,556724.37
2024-02-29,174066.09,375978.84,572535.34
2024-03-01,177079.84,387283.78,597733.16
2024-03-04,176336.11,384030.6,590261.5
2024-03-05,173162.06,370167.09,558328.35
2024-03-06,174322.24,375127.33,569550.75
2024-03-07,177041.67,386793.79,596148.77
2024-03-08,174332.93,374957.9,568845.16
2024-03-11,173687.9,372183.21,562530.97
2024-03-12,176275.85,383274.27,587676.11
2024-03-13,174812.76,376950.25,573101.74
2024-03-14,174288.32,374726.24,568001.14
2024-03-15,172284.01,366145.01,548461.9
2024-03-18,173989.62,373431.3,564806.06
2024-03-19,174441.99,375373.14,569268.03
2024-03-20,176448.07,384044.26,588964.7
2024-03-21,177224.45,387423.85,596739.04
2024-03-22,177401.67,388237.44,598588.93
2024-03-25,176798.5,385597.42,592483.32
2024-03-26,176162.03,382782.56,586025.25
2024-03-27,176849.06,385729.99,592823.15
2024-03-28,176601.47,384611.37,590274.01
2024-04-01,177473.39,386728.84,594495.88
2024-04-02,175805.14,379497.01,577790.55
2024-04-03,176174.33,381090.9,581488.41
2024-04-04,173443.63,369277.08,554449.2
2024-04-05,175663.7,378767.5,575795.49
2024-04-08,175575.87,378426.61,574989.38
2024-04-09,176260.62,381340.49,581659.25
2024-04-10,174727.15,374705.17,566477.95
2024-04-11,177610.15,387032.97,594461.96
2024-04-12,174661.82,374144.77,564798.31
2024-04-15,171779.9,361797.99,536897.27
2024-04-16,171848.61,362087.43,537541.55
2024-04-17,169717.69,353107.66,517491.25
2024-04-18,168750.3,349082.24,508693.9
2024-04-19,165290.92,334769.87,477409.22
2024-04-22,166976.88,341565.69,491970.2
2024-04-23,169498.24,351915.13,514305.65
2024-04-24,170040.63,354132.2,519191.55
2024-04-25,169105.41,350236.75,510624.89
2024-04-26,171895.65,361794.56,535900.83
2024-04-29,172514.47,364435.66,541742.14
2024-04-30,169202.19,350404.89,510483.62
2024-05-01,168514.28,345992.22,500252.97
2024-05-02,170688.11,354918.82,519562.73
2024-05-03,174084.8,369044.59,550580.63
2024-05-06,176051.96,377421.9,569300.37
2024-05-07,176034.36,377346.41,569072.65
2024-05-08,175963.94,377082.27,568446.67
2024-05-09,176245.49,378251.23,571118.37
2024-05-10,176703.72,380255.96,575630.2
2024-05-13,177074.8,381815.01,579199.11
2024-05-14,178278.91,387007.69,591072.69
2024-05-15,180935.27,398579.22,617552.75
2024-05-16,180555.3,396905.19,613723.92
2024-05-17,180446.97,396389.21,612557.84
2024-05-20,181692.05,401859.38,625237.79
2024-05-21,182073.61,403547.19,629239.31
2024-05-22,181982.57,403184.0,628358.38
2024-05-23,181181.85,399676.3,620126.88
2024-05-24,182975.55,407629.86,638606.67
2024-05-28,183561.07,410279.45,644801.15
2024-05-29,182276.14,404494.51,631195.85
2024-05-30,180344.01,395959.68,611186.94
2024-05-31,180325.98,395880.48,611003.58
2024-06-03,181458.87,399115.51,617863.22
2024-06-04,181985.1,401430.38,623238.63
2024-06-05,185697.6,417808.74,661318.51
2024-06-06,185567.61,417182.03,659863.61
2024-06-07,185363.48,416305.94,657752.04
2024-06-10,186086.4,419553.13,665381.97
2024-06-11,187407.62,425510.78,679554.6
2024-06-12,189900.14,436786.82,706600.88
2024-06-13,190982.57,441809.87,718754.41
2024-06-14,191784.69,445565.25,727882.59
2024-06-17,194162.82,456570.71,754887.04
2024-06-18,194221.07,456844.66,755566.44
2024-06-20,192686.73,449672.2,737735.07
2024-06-21,192185.74,447288.93,731906.96
2024-06-24,189975.61,437046.02,706729.36
2024-06-25,192179.32,447229.19,731394.22
2024-06-26,192659.77,449510.06,736952.81
2024-06-27,193025.82,451218.2,741227.14
2024-06-28,191983.49,446390.16,729293.38
2024-07-01,193753.88,452744.42,744170.31
2024-07-02,195710.79,461889.86,766644.26
2024-07-03,197413.47,469972.93,786730.33
2024-07-05,199427.09,479513.38,810725.61
2024-07-08,199885.77,481767.1,816400.69
2024-07-09,200025.69,482393.39,818033.49
2024-07-10,202205.97,492861.33,844701.38
2024-07-11,197676.56,470731.86,787852.98
2024-07-12,198842.85,476333.56,801876.76
2024-07-15,199379.73,478905.77,808452.15
2024-07-16,199499.36,479480.45,809826.52
2024-07-17,193634.07,451287.0,738399.82
2024-07-18,192704.63,446999.78,727840.7
2024-07-19,190912.48,438730.28,707606.73
2024-07-22,193852.53,452243.17,740227.4
2024-07-23,193174.05,449122.69,732529.04
2024-07-24,186123.19,416291.83,652243.86
2024-07-25,184150.29,407466.44,631502.5
2024-07-26,186047.04,415819.5,650952.78
2024-07-29,186400.52,417399.61,654663.21
2024-07-30,183828.2,405879.39,627560.15
2024-07-31,189361.43,430313.32,684291.59
2024-08-01,185228.81,409789.63,634733.32
2024-08-02,180820.36,390283.65,589413.36
2024-08-05,175468.08,367178.86,537073.46
2024-08-06,177257.85,374669.3,553507.91
2024-08-07,175201.66,365939.51,534190.48
2024-08-08,180562.83,388335.01,583229.17
2024-08-09,181537.87,392529.03,592677.48
2024-08-12,181828.33,393745.87,595463.06
2024-08-13,186374.04,413472.53,640182.34
2024-08-14,186541.78,414175.44,641846.81
2024-08-15,191130.71,434511.45,689150.92
2024-08-16,191302.72,435337.02,691080.55
2024-08-19,193827.92,446829.92,718516.44
2024-08-20,193362.73,444729.82,713414.98
2024-08-21,194387.56,449488.43,724829.62
2024-08-22,191121.84,434385.62,688298.2
2024-08-23,193377.08,444593.68,712595.13
2024-08-26,191365.96,435390.59,690433.42
2024-08-27,191997.47,438307.71,697337.76
2024-08-28,189731.9,427963.64,672652.0
2024-08-29,189485.25,426850.94,670028.66
2024-08-30,191929.61,437863.69,695958.76
2024-09-03,186368.07,410790.62,630713.06
2024-09-04,185995.34,409188.53,626991.85
2024-09-05,186088.33,409556.8,627869.64
2024-09-06,181082.56,387522.65,577200.56
2024-09-09,183436.63,397598.24,599711.38
2024-09-10,185087.56,404755.0,615963.56
2024-09-11,189103.96,422321.37,656001.19
2024-09-12,190938.27,430472.17,675025.23
2024-09-13,191835.68,434518.61,684543.08
2024-09-16,190934.05,430434.14,674891.02
2024-09-17,191029.52,430864.57,675835.87
2024-09-18,190169.89,426986.79,666644.5
2024-09-19,195038.24,448848.51,717842.8
2024-09-20,194570.14,446649.16,712602.55
2024-09-23,195173.31,449373.72,719158.49
2024-09-24,196090.63,453552.89,729226.71
2024-09-25,196365.15,454822.84,732289.46
2024-09-26,197778.98,461326.81,748033.69
2024-09-27,196730.75,456436.74,736139.95
2024-09-30,197242.25,458810.21,741881.84
2024-10-01,194914.54,446128.01,710459.42
2024-10-02,195206.91,447466.39,713585.44
2024-10-03,195109.31,447063.68,712586.43
2024-10-04,197489.64,457972.03,738667.09
2024-10-07,195179.01,447255.48,712739.87
2024-10-08,198204.29,461120.4,745882.28
2024-10-09,199789.92,468498.33,763783.45
2024-10-10,199530.19,467233.38,760728.32
2024-10-11,199829.49,468635.08,764151.6
2024-10-14,201468.09,476367.56,783026.14
2024-10-15,198707.98,463362.73,750922.07
2024-10-16,198847.07,464011.44,752499.0
2024-10-17,199006.15,464753.85,754305.0
2024-10-18,200319.59,470888.61,769315.67
2024-10-21,200680.17,472630.89,773546.91
2024-10-22,200900.92,473670.68,776099.61
2024-10-23,197786.95,458939.52,739933.37
2024-10-24,199428.58,466512.03,758283.72
2024-10-25,200605.21,472016.87,771705.34
2024-10-28,200605.21,471969.67,771628.17
2024-10-29,202571.14,481220.27,794314.04
2024-10-30,200970.83,473568.87,775409.36
2024-10-31,196067.14,450458.71,718649.4
2024-11-01,197982.43,457452.51,734611.11
2024-11-04,197289.49,454296.09,726971.16
2024-11-05,199893.71,466289.51,755831.91
2024-11-06,205370.8,491842.17,817885.71
2024-11-07,208533.51,506990.91,855672.03
2024-11-08,208679.48,507751.4,857554.51
2024-11-11,208575.14,507243.65,856268.18
2024-11-12,208220.56,505519.02,851901.21
2024-11-13,207887.41,503850.81,847726.89
2024-11-14,206515.35,497149.59,830857.13
2024-11-15,201558.98,473236.69,770952.33
2024-11-18,202990.05,479956.66,787373.61
2024-11-19,204431.28,486772.04,804065.93
2024-11-20,204267.74,485944.53,802055.77
2024-11-21,205003.1,489394.73,810637.77
2024-11-22,205351.61,491058.68,814772.02
2024-11-25,205639.1,492433.64,818112.58
2024-11-26,206811.24,497998.14,832020.5
2024-11-27,205053.35,489482.37,810720.77
2024-11-29,206898.83,498244.11,832529.16
2024-12-02,209721.69,509915.97,861018.94
2024-12-03,210371.83,513026.46,868940.32
2024-12-04,212980.44,525749.52,901264.9
2024-12-05,212320.2,522489.87,892793.01
2024-12-06,214273.55,532103.69,917434.09
2024-12-09,212473.65,523164.34,894314.75
2024-12-10,211751.24,519606.83,885192.74
2024-12-11,215668.64,538832.28,934409.46
2024-12-12,214202.09,531450.28,915254.07
2024-12-13,215830.03,539581.47,936213.38
2024-12-16,218959.56,555283.29,977032.29
2024-12-17,218018.04,550452.32,964330.87
2024-12-18,210169.39,510819.75,860183.13
2024-12-19,209181.59,506069.13,848140.57
2024-12-20,210959.63,514621.7,869683.34
2024-12-23,213090.33,524965.59,895947.78
2024-12-24,216009.66,539349.65,932771.23
2024-12-26,215728.85,537893.41,929040.15
2024-12-27,212794.94,523316.5,891228.21
2024-12-30,210071.16,509867.26,856915.93
2024-12-31,208243.54,500995.57,834464.73
2025-01-02,208388.68,499740.34,830622.91
