date,A,B,C
1994-01-03,9931.0,9862.0,9793.0
1994-01-04,9997.54,9995.14,9990.82
1994-01-05,10069.52,10140.07,10207.62
1994-01-06,10148.06,10299.27,10447.5
1994-01-07,10162.27,10328.1,10491.38
1994-01-10,10265.92,10538.8,10812.41
1994-01-11,10239.23,10484.0,10728.08
1994-01-12,10254.59,10515.45,10777.43
1994-01-13,10242.29,10491.26,10739.71
1994-01-14,10336.52,10684.3,11036.12
1994-01-17,10312.74,10634.08,10958.87
1994-01-18,10316.87,10642.59,10972.02
1994-01-19,10202.35,10406.33,10605.55
1994-01-20,10331.92,10669.61,11008.56
1994-01-21,10332.95,10672.81,11012.97
1994-01-24,10274.05,10550.07,10823.55
1994-01-25,10205.22,10408.7,10604.91
1994-01-26,10222.57,10445.13,10660.05
1994-01-27,10291.06,10586.14,10875.39
1994-01-28,10355.89,10719.52,11082.02
1994-01-31,10393.17,10795.63,11200.6
1994-02-01,10794.05,11090.05,11381.17
1994-02-02,10835.06,11174.34,11510.92
1994-02-03,10789.56,11080.47,11365.88
1994-02-04,10458.32,10401.24,10320.22
1994-02-07,10514.79,10513.57,10487.41
1994-02-08,10563.16,10610.3,10632.13
1994-02-09,10627.59,10739.74,10826.7
1994-02-10,10559.58,10601.2,10617.75
1994-02-11,10573.31,10628.76,10659.15
1994-02-14,10660.01,10802.01,10920.3
1994-02-15,10743.15,10971.6,11176.93
1994-02-16,10754.97,10996.84,11214.93
1994-02-17,10719.48,10924.26,11103.9
1994-02-18,10734.49,10953.75,11149.43
1994-02-22,10801.04,11090.68,11357.92
1994-02-23,10760.0,11006.39,11227.31
1994-02-24,10598.6,10677.3,10723.2
1994-02-25,10695.05,10871.62,11015.95
1994-02-28,10845.85,11177.12,11480.82
1994-03-01,11277.77,11536.99,11763.97
1994-03-02,11236.04,11451.62,11633.39
1994-03-03,11236.04,11451.62,11632.22
1994-03-04,11341.66,11665.76,11959.09
1994-03-07,11432.39,11853.58,12247.3
1994-03-08,11340.94,11663.92,11952.14
1994-03-09,11371.56,11726.91,12048.95
1994-03-10,11280.58,11539.28,11759.78
1994-03-11,11271.56,11519.66,11730.38
1994-03-14,11367.37,11716.65,12030.68
1994-03-15,11365.09,11710.79,12022.26
1994-03-16,11433.28,11851.32,12238.66
1994-03-17,11520.18,12030.27,12516.47
1994-03-18,11494.83,11977.34,12432.61
1994-03-21,11370.69,11717.43,12028.55
1994-03-22,11307.01,11586.2,11825.27
1994-03-23,11302.49,11576.93,11811.08
1994-03-24,11121.65,11205.31,11242.97
1994-03-25,11009.32,10980.08,10903.43
1994-03-28,10845.28,10653.97,10417.14
1994-03-29,10544.87,10063.74,9550.43
1994-03-30,10468.95,9918.83,9345.1
1994-03-31,10543.27,10060.66,9545.08
1994-04-04,10825.72,10144.57,9451.42
1994-04-05,11226.27,10895.27,10500.53
1994-04-06,11210.56,10864.77,10456.42
1994-04-07,11274.46,10988.62,10635.23
1994-04-08,11099.7,10646.88,10139.63
1994-04-11,11069.73,10588.32,10056.48
1994-04-12,10827.31,10125.61,9396.78
1994-04-13,10590.19,9683.12,8780.35
1994-04-14,10543.59,9598.88,8665.33
1994-04-15,10562.57,9632.47,8711.25
1994-04-18,10394.63,9326.16,8295.72
1994-04-19,10305.23,9165.75,8081.7
1994-04-20,10248.55,9064.01,7947.54
1994-04-21,10584.71,9657.71,8728.78
1994-04-22,10643.98,9765.87,8875.43
1994-04-25,10808.96,10067.64,9287.25
1994-04-26,10828.42,10103.88,9337.4
1994-04-28,10741.79,9942.22,9112.37
1994-04-29,10764.35,9984.97,9170.68
1994-05-02,11462.6,10854.04,10181.3
1994-05-03,11380.07,10696.66,9960.36
1994-05-04,11393.73,10722.33,9997.22
1994-05-05,11415.37,10762.0,10053.2
1994-05-06,11304.65,10553.22,9761.66
1994-05-09,11106.81,10182.8,9248.19
1994-05-10,11167.9,10294.81,9400.79
1994-05-11,11021.6,10025.09,9032.28
1994-05-12,11065.69,10105.29,9140.67
1994-05-13,11010.36,10005.25,9004.47
1994-05-16,10879.34,9768.12,8683.91
1994-05-17,10879.34,9769.1,8684.78
1994-05-18,11123.03,10207.73,9269.26
1994-05-19,11217.58,10380.24,9504.7
1994-05-20,11177.2,10305.5,9402.05
1994-05-23,11162.67,10278.71,9365.39
1994-05-24,11376.99,10673.41,9905.77
1994-05-25,11414.53,10743.86,10003.84
1994-05-26,11340.34,10605.26,9809.76
1994-05-27,11370.96,10662.53,9889.22
1994-05-31,11432.36,10777.68,10049.43
1994-06-01,11944.29,11300.24,10581.07
1994-06-02,11989.68,11384.99,10700.64
1994-06-03,12056.82,11511.37,10879.34
1994-06-06,12058.03,11512.52,10881.52
1994-06-07,11970.01,11343.28,10642.12
1994-06-08,11686.32,10806.74,9886.53
1994-06-09,11664.11,10765.68,9830.18
1994-06-10,11800.58,11017.6,10176.2
1994-06-13,11713.26,10855.64,9951.31
1994-06-14,11886.61,11176.96,10393.15
1994-06-15,11899.69,11200.44,10426.4
1994-06-16,11900.88,11201.56,10428.49
1994-06-17,11716.42,10854.31,9943.56
1994-06-20,11586.36,10614.43,9613.44
1994-06-21,11370.86,10219.57,9076.05
1994-06-22,11441.36,10347.32,9245.77
1994-06-23,11134.73,9792.7,8502.41
1994-06-24,11080.17,9696.73,8377.42
1994-06-27,11376.01,10214.54,9049.29
1994-06-28,11404.45,10264.59,9116.26
1994-06-29,11426.12,10303.59,9167.31
1994-06-30,11349.56,10165.52,8983.05
1994-07-01,11841.27,10649.53,9462.18
1994-07-05,11738.25,10465.29,9216.17
1994-07-06,11630.26,10272.73,8960.88
1994-07-07,11815.18,10598.37,9387.42
1994-07-08,11817.54,10602.61,9393.99
1994-07-11,11801.0,10571.87,9353.59
1994-07-12,11883.6,10719.87,9550.95
1994-07-13,12141.48,11184.04,10171.77
1994-07-14,12088.05,11085.62,10037.5
1994-07-15,12078.38,11068.99,10014.41
1994-07-18,12109.79,11125.45,10091.52
1994-07-19,11995.96,10916.29,9806.94
1994-07-20,11825.61,10605.17,9388.19
1994-07-21,11914.31,10763.19,9598.48
1994-07-22,12008.43,10932.17,9825.01
1994-07-25,12043.25,10995.58,9909.5
1994-07-26,11974.61,10869.13,9739.06
1994-07-27,11902.76,10737.61,9562.78
1994-07-28,11913.47,10756.94,9588.6
1994-07-29,12176.76,11233.47,10225.28
1994-08-01,12793.39,11950.54,11022.37
1994-08-02,12766.52,11899.16,10951.83
1994-08-03,12687.37,11752.8,10749.22
1994-08-04,12587.14,11567.1,10494.46
1994-08-05,12573.29,11541.65,10459.83
1994-08-08,12632.39,11651.3,10608.36
1994-08-09,12693.02,11763.15,10761.12
1994-08-10,12804.72,11970.18,11046.29
1994-08-11,12823.93,12006.09,11096.0
1994-08-12,12908.56,12164.58,11315.7
1994-08-15,12912.44,12171.87,11327.02
1994-08-16,13029.94,12394.62,11637.38
1994-08-17,13247.54,12809.84,12221.57
1994-08-18,13203.82,12725.29,12101.8
1994-08-19,13152.33,12626.04,11960.21
1994-08-22,13107.61,12540.18,11838.22
1994-08-23,13242.62,12797.25,12202.83
1994-08-24,13300.89,12909.87,12363.91
1994-08-25,13405.96,13112.55,12655.7
1994-08-26,13671.4,13633.12,13408.71
1994-08-29,13642.69,13577.23,13325.58
1994-08-30,13755.93,13802.61,13656.05
1994-08-31,13623.87,13538.98,13264.13
1994-09-01,13900.71,13595.35,13111.71
1994-09-02,13893.76,13581.75,13092.04
1994-09-06,13974.35,13740.66,13321.15
1994-09-07,14093.13,13975.62,13662.17
1994-09-08,14224.19,14235.57,14044.71
1994-09-09,14015.1,13815.62,13423.94
1994-09-12,13902.98,13593.19,13100.42
1994-09-13,14080.93,13941.17,13604.78
1994-09-14,14120.36,14017.85,13717.7
1994-09-15,14450.78,14673.89,14680.69
1994-09-16,14356.85,14484.59,14395.88
1994-09-19,14335.31,14442.59,14332.54
1994-09-20,14085.88,13939.99,13584.38
1994-09-21,13974.6,13719.73,13262.43
1994-09-22,13969.01,13708.76,13246.52
1994-09-23,13850.27,13475.71,12908.73
1994-09-26,13804.57,13385.42,12779.64
1994-09-27,13819.75,13414.87,12821.82
1994-09-28,13913.73,13597.31,13082.1
1994-09-29,13887.29,13545.64,13007.53
1994-09-30,13980.34,13727.15,13270.28
1994-10-03,14438.34,14146.06,13651.86
1994-10-04,14070.16,13424.61,12607.49
1994-10-05,14227.75,13725.32,13031.1
1994-10-06,14075.51,13431.6,12612.8
1994-10-07,14241.6,13748.59,13058.04
1994-10-10,14443.84,14137.67,13613.0
1994-10-11,14716.82,14673.49,14386.22
1994-10-12,14700.64,14641.21,14338.75
1994-10-13,14700.64,14642.67,14340.18
1994-10-14,14660.94,14565.06,14225.46
1994-10-17,14589.11,14422.33,14016.35
1994-10-18,14631.41,14505.98,14138.29
1994-10-19,14842.11,14923.75,14749.06
1994-10-20,14815.39,14868.53,14667.94
1994-10-21,14725.02,14685.65,14398.05
1994-10-24,14661.7,14559.35,14210.88
1994-10-25,14649.97,14536.06,14178.19
1994-10-26,14846.28,14927.08,14749.57
1994-10-27,14911.6,15059.93,14945.74
1994-10-28,15139.75,15522.27,15633.25
1994-10-31,15183.66,15613.85,15770.82
1994-11-01,15570.73,15880.2,15917.74
1994-11-02,15527.13,15791.27,15784.03
1994-11-03,15499.19,15734.42,15698.8
1994-11-04,15245.0,15216.76,14924.85
1994-11-07,15196.22,15120.89,14783.06
1994-11-08,15471.27,15668.27,15585.78
1994-11-09,15505.3,15735.64,15687.09
1994-11-10,15421.58,15565.7,15432.96
1994-11-11,15370.68,15462.96,15280.17
1994-11-14,15651.97,16027.36,16117.53
1994-11-15,15637.88,15996.91,16072.4
1994-11-16,15673.85,16070.5,16181.69
1994-11-17,15608.02,15935.5,15977.8
1994-11-18,15662.65,16048.65,16147.17
1994-11-21,15543.61,15803.1,15777.4
1994-11-22,15113.05,14926.03,14464.72
1994-11-23,15084.34,14869.31,14382.27
1994-11-25,15236.69,15168.18,14816.61
1994-11-28,15337.25,15368.4,15109.98
1994-11-29,15538.17,15771.06,15702.29
1994-11-30,15375.02,15441.44,15209.24
1994-12-01,15628.96,15448.85,14980.33
1994-12-02,15764.93,15719.2,15372.82
1994-12-05,15791.73,15771.08,15449.68
1994-12-06,15684.34,15556.59,15136.05
1994-12-07,15518.09,15226.79,14656.24
1994-12-08,15147.21,14498.95,13606.85
1994-12-09,15238.09,14674.39,13853.14
1994-12-12,15247.23,14693.47,13879.46
1994-12-13,15193.87,14592.08,13735.11
1994-12-14,15354.92,14902.89,14173.26
1994-12-15,15434.77,15059.37,14395.78
1994-12-16,15368.4,14929.86,14210.08
1994-12-19,15305.39,14808.93,14036.71
1994-12-20,15313.04,14823.74,14057.77
1994-12-21,15594.8,15369.25,14833.76
1994-12-22,15672.78,15524.48,15057.75
1994-12-23,15726.06,15630.05,15209.83
1994-12-27,15839.29,15855.12,15536.84
1994-12-28,15691.99,15558.63,15101.81
1994-12-29,15928.93,16028.5,15785.92
1994-12-30,15849.29,15868.22,15547.55
1995-01-03,16095.88,15860.8,15301.34
1995-01-04,16161.87,15992.45,15491.08
1995-01-05,16095.6,15861.31,15302.09
1995-01-06,16240.47,16145.22,15713.71
1995-01-09,16318.42,16301.83,15941.56
1995-01-10,16481.6,16627.87,16419.81
1995-01-11,16461.83,16589.63,16362.34
1995-01-12,16470.06,16607.87,16388.52
1995-01-13,16598.52,16865.3,16770.37
1995-01-16,16726.33,17125.02,17159.45
1995-01-17,16856.8,17393.88,17562.69
1995-01-18,16952.88,17592.18,17863.01
1995-01-19,16895.24,17472.55,17680.81
1995-01-20,16584.37,16827.81,16703.06
1995-01-23,16655.68,16972.53,16918.53
1995-01-24,16725.64,17113.4,17130.01
1995-01-25,16615.25,16887.51,16790.84
1995-01-26,16439.12,16527.8,16255.21
1995-01-27,16468.71,16585.65,16341.36
1995-01-30,16246.39,16136.18,15677.9
1995-01-31,16392.6,16426.63,16101.21
1995-02-01,16965.24,17070.51,16813.7
1995-02-02,17134.9,17413.62,17319.8
1995-02-03,17342.23,17836.77,17950.24
1995-02-06,17541.66,18247.02,18569.52
1995-02-07,17525.88,18216.0,18521.24
1995-02-08,17737.94,18656.83,19193.56
1995-02-09,17769.87,18723.99,19297.21
1995-02-10,17951.12,19105.96,19885.77
1995-02-13,17868.54,18928.28,19609.36
1995-02-14,17911.43,19021.02,19752.51
1995-02-15,18022.48,19258.79,20121.88
1995-02-16,17953.99,19114.35,19894.5
1995-02-17,17736.75,18653.69,19174.32
1995-02-21,17701.28,18580.94,19061.19
1995-02-22,17883.6,18965.57,19652.09
1995-02-23,17958.71,19126.77,19901.67
1995-02-24,17849.16,18895.34,19539.46
1995-02-27,17695.66,18572.23,19037.3
1995-02-28,18017.72,19250.12,20078.64
1995-03-01,18402.91,19503.24,20193.82
1995-03-02,18483.89,19672.92,20458.35
1995-03-03,18698.3,20129.33,21168.26
1995-03-06,18722.61,20181.67,21248.7
1995-03-07,18503.55,19709.41,20502.87
1995-03-08,18712.64,20154.85,21197.92
1995-03-09,18712.64,20154.85,21200.04
1995-03-10,18914.74,20592.21,21889.04
1995-03-13,18875.02,20503.66,21748.95
1995-03-14,19109.07,21010.1,22555.83
1995-03-15,18992.5,20755.88,22145.32
1995-03-16,19039.98,20859.66,22311.41
1995-03-17,19007.62,20790.82,22199.85
1995-03-20,19121.66,21040.31,22599.45
1995-03-21,19144.61,21088.7,22678.55
1995-03-22,19144.61,21088.7,22678.55
1995-03-23,19217.36,21248.98,22934.81
1995-03-24,19499.85,21875.82,23948.53
1995-03-27,19572.0,22037.7,24214.36
1995-03-28,19718.79,22368.27,24756.76
1995-03-29,19348.08,21524.99,23358.0
1995-03-30,19201.03,21195.65,22823.11
1995-03-31,19147.27,21074.84,22629.11
1995-04-03,19706.21,21704.29,23337.27
1995-04-04,19414.56,21061.84,22303.43
1995-04-05,19536.87,21329.33,22727.2
1995-04-06,19327.83,20875.01,21999.93
1995-04-07,19507.58,21263.29,22613.72
1995-04-10,19741.67,21775.73,23430.08
1995-04-11,19915.39,22161.16,24050.98
1995-04-12,20076.71,22517.96,24633.01
1995-04-13,20163.04,22709.36,24948.31
1995-04-17,20080.37,22525.41,24643.94
1995-04-18,19921.73,22167.26,24057.42
1995-04-19,19642.83,21544.36,23044.6
1995-04-20,19729.26,21731.8,23346.48
1995-04-21,19831.85,21957.81,23710.69
1995-04-24,20053.97,22451.86,24509.74
1995-04-25,20172.29,22716.79,24943.56
1995-04-26,20345.77,23105.25,25584.61
1995-04-27,20447.5,23336.3,25968.38
1995-04-28,20633.57,23758.69,26674.72
1995-05-01,20975.07,23894.8,26566.01
1995-05-02,20945.7,23825.51,26451.77
1995-05-03,21375.09,24802.36,28081.2
1995-05-04,21338.75,24715.55,27935.18
1995-05-05,21168.04,24320.1,27264.74
1995-05-08,21460.16,24991.33,28390.77
1995-05-09,21425.82,24908.86,28251.65
1995-05-10,21284.41,24582.56,27695.1
1995-05-11,21584.52,25278.24,28869.37
1995-05-12,21746.41,25659.94,29521.82
1995-05-15,21887.76,25993.52,30100.44
1995-05-16,22100.07,26495.2,30973.36
1995-05-17,22263.61,26889.98,31664.06
1995-05-18,21963.05,26163.95,30384.84
1995-05-19,22046.51,26362.79,30731.22
1995-05-22,22282.41,26924.32,31714.62
1995-05-23,22643.38,27796.67,33259.12
1995-05-24,22525.64,27507.58,32740.28
1995-05-25,22577.45,27634.12,32969.46
1995-05-26,22324.58,27017.88,31864.99
1995-05-30,21695.03,25494.07,29172.39
1995-05-31,21966.21,26131.42,30266.36
1995-06-01,22598.77,26943.01,31307.85
1995-06-02,22675.6,27128.92,31630.32
1995-06-05,23052.02,28026.88,33202.35
1995-06-06,22789.22,27390.67,32070.15
1995-06-07,22882.66,27615.28,32464.61
1995-06-08,23054.28,28026.74,33191.82
1995-06-09,23033.53,27976.3,33102.2
1995-06-12,23093.42,28118.97,33357.08
1995-06-13,23259.69,28526.7,34080.93
1995-06-14,23294.58,28612.28,34237.71
1995-06-15,23567.13,29278.95,35436.02
1995-06-16,23824.01,29917.23,36594.78
1995-06-19,24419.61,31416.08,39343.05
1995-06-20,24834.74,32484.23,41349.55
1995-06-21,24648.48,32000.21,40423.32
1995-06-22,25134.06,33261.02,42808.29
1995-06-23,25068.71,33091.39,42478.67
1995-06-26,24692.68,32098.65,40567.13
1995-06-27,24295.12,31065.07,38603.68
1995-06-28,24423.89,31394.36,39221.34
1995-06-29,24680.34,32053.64,40452.89
1995-06-30,24764.25,32271.61,40865.51
1995-07-03,25307.2,32886.31,41580.61
1995-07-05,25514.72,33425.64,42603.49
1995-07-06,26007.15,34715.87,45070.23
1995-07-07,26649.53,36430.84,48414.45
1995-07-10,26932.02,37199.53,49949.18
1995-07-11,26482.25,35957.06,47446.73
1995-07-12,27221.11,37963.47,51418.02
1995-07-13,27387.16,38426.62,52358.97
1995-07-14,27696.63,39295.06,54133.94
1995-07-17,28028.99,40234.21,56077.35
1995-07-18,27162.89,37747.74,50878.98
1995-07-19,26155.15,34950.63,45221.23
1995-07-20,25841.29,34108.32,43588.75
1995-07-21,25722.42,33791.12,42982.86
1995-07-24,26419.5,35625.97,46481.67
1995-07-25,26892.41,36901.38,48977.74
1995-07-26,27086.03,37432.76,50035.65
1995-07-27,27432.73,38394.78,51962.03
1995-07-28,26960.89,37070.16,49275.59
1995-07-31,26712.85,36384.37,47910.66
1995-08-01,26750.23,35630.3,45941.71
1995-08-02,26383.75,34654.03,44058.1
1995-08-03,26454.99,34841.16,44419.38
1995-08-04,26814.78,35788.84,46231.69
1995-08-07,26962.26,36182.52,46989.89
1995-08-08,27062.02,36446.65,47506.78
1995-08-09,27530.19,37707.7,49972.38
1995-08-10,27254.89,36957.32,48478.21
1995-08-11,27535.61,37722.34,49981.03
1995-08-14,27970.68,38914.36,52350.13
1995-08-15,27937.11,38824.86,52166.91
1995-08-16,28529.38,40471.03,55484.72
1995-08-17,28520.82,40450.8,55440.33
1995-08-18,28483.74,40349.67,55229.66
1995-08-21,27689.05,38094.12,50601.41
1995-08-22,28184.68,39457.89,53318.71
1995-08-23,28283.33,39734.1,53878.56
1995-08-24,27893.02,38637.44,51647.98
1995-08-25,27747.97,38231.74,50837.11
1995-08-28,27076.47,36381.33,47141.25
1995-08-29,27114.38,36479.56,47334.53
1995-08-30,27401.79,37252.92,48839.77
1995-08-31,27590.86,37767.01,49845.87
1995-09-01,27916.7,37796.33,49414.47
1995-09-05,28994.29,40717.99,55141.61
1995-09-06,28933.4,40546.97,54799.73
1995-09-07,29176.44,41232.21,56186.16
1995-09-08,29427.36,41937.29,57630.15
1995-09-11,29695.14,42696.35,59197.69
1995-09-12,29511.03,42171.19,58102.53
1995-09-13,29593.67,42407.34,58596.4
1995-09-14,29419.06,41906.94,57559.25
1995-09-15,28683.59,39811.59,53242.3
1995-09-18,28786.85,40098.23,53817.32
1995-09-19,29267.59,41441.52,56518.95
1995-09-20,29372.95,41739.9,57129.35
1995-09-21,28967.6,40583.71,54758.49
1995-09-22,28860.42,40283.39,54150.67
1995-09-25,28632.43,39642.88,52861.88
1995-09-26,28283.11,38675.6,50932.42
1995-09-27,28062.5,38068.39,49735.51
1995-09-28,28999.79,40607.55,54714.03
1995-09-29,28495.19,39194.41,51857.96
1995-10-02,28438.49,38174.11,49347.38
1995-10-03,28404.36,38078.68,49164.79
1995-10-04,27702.77,36197.59,45516.77
1995-10-05,28384.26,37978.51,48875.9
1995-10-06,28120.29,37272.11,47512.27
1995-10-09,27105.14,34581.07,42366.69
1995-10-10,27294.88,35065.2,43256.39
1995-10-11,27966.33,36793.91,46453.03
1995-10-12,28399.81,37938.21,48617.75
1995-10-13,28246.45,37528.47,47830.14
1995-10-16,28170.19,37325.82,47442.71
1995-10-17,29209.67,40080.46,52694.62
1995-10-18,29633.21,41242.8,54986.84
1995-10-19,29796.19,41696.47,55894.12
1995-10-20,29325.41,40378.86,53239.15
1995-10-23,29401.66,40584.79,53649.09
1995-10-24,29448.7,40714.66,53911.97
1995-10-25,28956.91,39358.87,51216.37
1995-10-26,28864.24,39106.97,50729.82
1995-10-27,29412.67,40593.03,53621.42
1995-10-30,30086.22,42448.14,57299.85
1995-10-31,29674.03,41285.06,54944.82
1995-11-01,30282.66,42081.73,56038.08
1995-11-02,30976.13,44013.28,59893.5
1995-11-03,31329.26,45016.78,61947.85
1995-11-06,31028.5,44147.96,60157.56
1995-11-07,30044.9,41353.39,54442.59
1995-11-08,30171.09,41700.76,55123.12
1995-11-09,31088.29,44240.34,60155.86
1995-11-10,30920.41,43762.54,59181.34
1995-11-13,30654.49,43009.83,57648.54
1995-11-14,29814.56,40657.19,52915.6
1995-11-15,29904.01,40905.2,53397.13
1995-11-16,29814.29,40659.77,52916.55
1995-11-17,29668.2,40261.3,52138.68
1995-11-20,28804.86,37918.09,47586.97
1995-11-21,28934.48,38255.57,48224.64
1995-11-22,28674.07,37566.97,46917.75
1995-11-24,29141.46,38791.65,49212.03
1995-11-27,28919.98,38198.14,48085.07
1995-11-28,30134.62,41406.78,54138.99
1995-11-29,30212.97,41626.24,54566.68
1995-11-30,29916.88,40814.52,52967.88
1995-12-01,30073.17,40380.82,51655.32
1995-12-04,30635.54,41891.06,54553.18
1995-12-05,30289.36,40944.32,52698.37
1995-12-06,30225.75,40772.35,52366.37
1995-12-07,30080.67,40376.86,51607.06
1995-12-08,30709.36,42060.58,54837.66
1995-12-11,30540.45,41602.12,53938.33
1995-12-12,29972.4,40058.68,50933.96
1995-12-13,30101.28,40399.18,51585.92
1995-12-14,29011.62,37478.32,45988.84
1995-12-15,28857.85,37081.05,45257.62
1995-12-18,28075.81,35074.96,41582.7
1995-12-19,29457.14,38526.34,47720.31
1995-12-20,28953.42,37204.89,45267.49
1995-12-21,29752.53,39258.6,49020.16
1995-12-22,29978.65,39855.33,50137.82
1995-12-26,29972.66,39843.37,50112.75
1995-12-27,29729.88,39201.89,48900.02
1995-12-28,29298.8,38065.04,46772.87
1995-12-29,29518.54,38632.21,47820.58
1996-01-02,30525.85,40450.96,50765.61
1996-01-03,29814.6,38565.95,47217.09
1996-01-04,29355.45,37378.11,45035.66
1996-01-05,29440.58,37598.65,45431.97
1996-01-08,29337.54,37335.45,44950.39
1996-01-09,27841.33,33527.24,38072.98
1996-01-10,27885.87,33637.88,38259.54
1996-01-11,28923.23,36140.54,42529.31
1996-01-12,28793.07,35815.27,41955.16
1996-01-15,27840.02,33447.88,37793.21
1996-01-16,28444.15,34899.52,40257.33
1996-01-17,28415.71,34829.72,40136.55
1996-01-18,28876.04,35954.72,42083.18
1996-01-19,29413.14,37292.24,44435.63
1996-01-22,29757.27,38164.88,45995.32
1996-01-23,29554.92,37642.02,45052.41
1996-01-24,30326.3,39603.17,48575.51
1996-01-25,29810.76,38260.62,46103.02
1996-01-26,30061.17,38899.57,47260.2
1996-01-29,30019.08,38790.65,47056.99
1996-01-30,30424.34,39834.12,48958.09
1996-01-31,30832.02,40901.67,50926.2
1996-02-01,31864.67,42809.33,54048.94
1996-02-02,31839.18,42745.12,53924.63
1996-02-05,32584.21,44741.31,57704.74
1996-02-06,32782.98,45282.68,58754.97
1996-02-07,32563.33,44680.42,57579.87
1996-02-08,33025.73,45949.35,60032.77
1996-02-09,32982.8,45834.48,59804.65
1996-02-12,33104.83,46169.07,60462.5
1996-02-13,32747.3,45171.82,58503.51
1996-02-14,32698.18,45031.78,58234.4
1996-02-15,32838.78,45414.55,58979.8
1996-02-16,32776.39,45241.98,58637.72
1996-02-20,32658.39,44920.76,58010.29
1996-02-21,33210.32,46443.57,60957.21
1996-02-22,34063.83,48830.77,65657.02
1996-02-23,34019.54,48708.7,65407.52
1996-02-26,33771.2,48002.42,63981.64
1996-02-27,33409.85,46975.17,61927.82
1996-02-28,33426.55,47026.84,62026.91
1996-02-29,32971.95,45743.01,59490.01
1996-03-01,32501.27,43560.91,54770.88
1996-03-04,32325.76,43090.46,53883.59
1996-03-05,33098.34,45150.18,57747.04
1996-03-06,32664.76,43971.76,55483.36
1996-03-07,32756.22,44218.0,55949.42
1996-03-08,31796.46,41631.25,51037.06
1996-03-11,32537.32,43567.1,54599.45
1996-03-12,32189.17,42639.12,52852.26
1996-03-13,33035.74,44877.68,57017.02
1996-03-14,32811.1,44267.34,55853.88
1996-03-15,33411.54,45883.1,58914.67
1996-03-18,34033.0,47589.95,62196.22
1996-03-19,33825.4,47009.35,61058.02
1996-03-20,33064.33,44898.63,56942.71
1996-03-21,32862.63,44350.87,55900.66
1996-03-22,32934.93,44550.45,56275.2
1996-03-25,32124.73,42363.02,52127.71
1996-03-26,32352.82,42968.81,53243.25
1996-03-27,32673.11,43823.89,54829.9
1996-03-28,32673.11,43828.27,54835.38
1996-03-29,32758.06,44060.56,55268.58
1996-04-01,33437.65,45041.82,56672.03
1996-04-02,33591.47,45456.2,57454.1
1996-04-03,33742.63,45865.31,58223.99
1996-04-04,33712.26,45782.75,58060.96
1996-04-08,33307.71,44688.54,55976.57
1996-04-09,33331.03,44755.58,56099.72
1996-04-10,33224.37,44469.14,55561.16
1996-04-11,32948.61,43735.4,54183.25
1996-04-12,33001.32,43875.35,54448.75
1996-04-15,33331.34,44748.47,56076.76
1996-04-16,34141.29,46923.25,60170.37
1996-04-17,33854.5,46139.63,58660.09
1996-04-18,34548.52,48031.35,62267.69
1996-04-19,34524.34,47964.11,62143.15
1996-04-22,35138.87,49671.63,65467.81
1996-04-23,35694.06,51246.22,68577.53
1996-04-24,36211.63,52737.49,71567.51
1996-04-25,36356.47,53159.39,72433.48
1996-04-26,36356.47,53154.07,72426.23
1996-04-29,36374.65,53212.54,72542.12
1996-04-30,36360.1,53169.97,72455.07
1996-05-01,37225.02,54738.0,75129.13
1996-05-02,36305.56,52033.95,69562.06
1996-05-03,36545.18,52720.79,70939.39
1996-05-06,36647.5,53016.03,71535.28
1996-05-07,36530.23,52676.73,70855.69
1996-05-08,36680.0,53108.68,71727.22
1996-05-09,36624.98,52949.35,71404.45
1996-05-10,37178.02,54548.42,74639.07
1996-05-13,38062.86,57139.47,79960.83
1996-05-14,38443.49,58287.98,82367.65
1996-05-15,38151.32,57402.0,80497.91
1996-05-16,38433.64,58251.55,82276.91
1996-05-17,38187.66,57505.93,80697.19
1996-05-20,38325.14,57914.22,81560.65
1996-05-21,38026.2,57010.76,79652.14
1996-05-22,38056.62,57107.68,79851.27
1996-05-23,38258.32,57713.02,81120.9
1996-05-24,38082.33,57182.06,80001.43
1996-05-28,37869.07,56547.34,78665.41
1996-05-29,37429.79,55229.78,75919.99
1996-05-30,37815.32,56362.0,78258.32
1996-05-31,38276.66,57737.23,81122.58
1996-06-03,38602.17,57707.27,80512.51
1996-06-04,38787.46,58267.03,81679.94
1996-06-05,39167.58,59403.24,84073.16
1996-06-06,38478.23,57306.3,79625.69
1996-06-07,38728.34,58051.28,81170.43
1996-06-10,38581.17,57610.09,80245.09
1996-06-11,38696.91,57961.52,80975.32
1996-06-12,39045.18,59004.82,83161.65
1996-06-13,38748.44,58102.05,81257.25
1996-06-14,38147.84,56300.89,77486.91
1996-06-17,37999.06,55856.11,76572.57
1996-06-18,37307.48,53817.36,72384.05
1996-06-19,37400.75,54086.45,72919.69
1996-06-20,37217.49,53556.4,71847.77
1996-06-21,37671.54,54857.82,74470.21
1996-06-24,37931.47,55614.86,76011.75
1996-06-25,37419.4,54113.26,72940.87
1996-06-26,36951.66,52760.43,70205.59
1996-06-27,37594.61,54591.21,73863.3
1996-06-28,37940.48,55590.23,75894.54
1996-07-01,38994.03,57705.63,79702.43
1996-07-02,38604.09,56545.75,77303.38
1996-07-03,38245.07,55494.0,75146.62
1996-07-05,37327.19,52830.29,69743.58
1996-07-08,37230.14,52560.85,69206.55
1996-07-09,37501.92,53322.98,70715.25
1996-07-10,37314.41,52789.75,69654.53
1996-07-11,36083.03,49310.91,62765.69
1996-07-12,36043.34,49197.49,62552.29
1996-07-15,34443.02,44833.68,54226.58
1996-07-16,34859.78,45923.13,56200.43
1996-07-17,35828.88,48471.87,60881.92
1996-07-18,36534.71,50381.66,64480.04
1996-07-19,35928.23,48708.99,61268.94
1996-07-22,35418.05,47320.78,58652.75
1996-07-23,33958.83,43426.28,51409.14
1996-07-24,34339.17,44399.03,53136.49
1996-07-25,35211.38,46650.06,57180.17
1996-07-26,35950.82,48604.7,60776.81
1996-07-29,35221.02,46626.49,57069.42
1996-07-30,35777.51,48099.88,59774.51
1996-07-31,36099.51,48970.49,61394.4
1996-08-01,37466.92,51815.39,66288.9
1996-08-02,38433.56,54483.89,71413.04
1996-08-05,38041.54,53372.42,69227.8
1996-08-06,38654.01,55096.34,72578.42
1996-08-07,39268.61,56848.41,76040.41
1996-08-08,38989.8,56041.16,74420.75
1996-08-09,39036.59,56170.06,74681.22
1996-08-12,39099.05,56349.8,75039.69
1996-08-13,38508.65,54642.4,71632.89
1996-08-14,38974.61,55959.28,74226.0
1996-08-15,38970.71,55948.09,74196.31
1996-08-16,38694.02,55153.63,72615.93
1996-08-19,38577.93,54822.71,71955.13
1996-08-20,38153.58,53616.61,69580.61
1996-08-21,38416.84,54351.15,71013.97
1996-08-22,39235.12,56666.51,75551.76
1996-08-23,38999.7,55992.18,74199.38
1996-08-26,38730.61,55225.09,72670.88
1996-08-27,39083.06,56230.19,74654.79
1996-08-28,39118.23,56331.4,74856.36
1996-08-29,38625.34,54911.85,72026.79
1996-08-30,38192.74,53681.82,69599.49
1996-09-03,39025.49,55113.75,71915.06
1996-09-04,39021.59,55097.22,71886.3
1996-09-05,38038.25,52320.32,66444.5
1996-09-06,38730.54,54230.01,70079.02
1996-09-09,39183.69,55498.99,72531.78
1996-09-10,39164.1,55443.49,72422.99
1996-09-11,39367.75,56014.56,73545.54
1996-09-12,39981.89,57762.21,76987.47
1996-09-13,41277.3,61505.21,84470.66
1996-09-16,41355.73,61738.93,84960.59
1996-09-17,42129.08,64047.96,89735.37
1996-09-18,42428.2,64957.44,91646.73
1996-09-19,42958.55,66587.87,95092.65
1996-09-20,43345.18,67793.11,97669.66
1996-09-23,42760.02,65969.48,93723.81
1996-09-24,42943.89,66543.41,94942.22
1996-09-25,43476.39,68193.69,98474.07
1996-09-26,43411.17,67989.11,98030.93
1996-09-27,43419.86,68009.51,98079.95
1996-09-30,43003.03,66703.72,95255.25
1996-10-01,43320.31,66639.21,94558.31
1996-10-02,44091.42,69004.9,99598.26
1996-10-03,43840.09,68218.25,97895.13
1996-10-04,44773.89,71124.35,104150.63
1996-10-07,45118.65,72219.66,106556.51
1996-10-08,44428.33,70009.74,101654.91
1996-10-09,44472.76,70142.76,101949.71
1996-10-10,44321.55,69672.8,100920.02
1996-10-11,45159.23,72306.43,106642.19
1996-10-14,45534.05,73506.72,109297.58
1996-10-15,45716.19,74094.77,110609.15
1996-10-16,45277.31,72672.15,107423.6
1996-10-17,44575.51,70426.58,102439.15
1996-10-18,44637.92,70623.78,102869.39
1996-10-21,44017.45,68653.38,98569.45
1996-10-22,43449.63,66882.12,94744.96
1996-10-23,44218.69,69256.43,99785.39
1996-10-24,44143.51,69020.96,99266.5
1996-10-25,43856.58,68123.69,97330.81
1996-10-28,43742.55,67776.26,96581.36
1996-10-29,43125.78,65871.75,92505.63
1996-10-30,43427.67,66800.54,94457.5
1996-10-31,44348.33,69639.56,100474.44
1996-11-01,45059.12,70798.87,102388.08
1996-11-04,45104.18,70933.39,102685.01
1996-11-05,45920.56,73494.09,108250.53
1996-11-06,46935.41,76742.52,115427.54
1996-11-07,47442.31,78407.84,119178.94
1996-11-08,47636.82,79042.94,120632.92
1996-11-11,47998.86,80244.39,123383.35
1996-11-12,47365.28,78125.94,118497.37
1996-11-13,47640.0,79032.2,120559.23
1996-11-14,48297.43,81221.39,125562.43
1996-11-15,47684.05,79150.25,120765.95
1996-11-18,47316.88,77931.33,117976.26
1996-11-19,48059.76,80386.17,123544.74
1996-11-20,48213.55,80908.68,124743.12
1996-11-21,47741.06,79322.87,121075.67
1996-11-22,48815.23,82900.33,129260.39
1996-11-25,48976.32,83455.76,130552.99
1996-11-26,49231.0,84323.7,132589.62
1996-11-27,49639.62,85723.48,135891.1
1996-11-29,49738.9,86057.8,136692.86
1996-12-02,50876.93,88765.02,142433.62
1996-12-03,50469.91,87353.66,139029.46
1996-12-04,50273.08,86672.3,137402.82
1996-12-05,50343.46,86914.98,137966.17
1996-12-06,49824.93,85124.54,133716.81
1996-12-09,51598.69,91185.4,147984.39
1996-12-10,51134.31,89553.18,144003.61
1996-12-11,51579.17,91120.36,147776.51
1996-12-12,50795.17,88350.31,141037.9
1996-12-13,49896.1,85222.7,133548.79
1996-12-16,48459.09,80322.4,122023.53
1996-12-17,49132.67,82555.36,127099.7
1996-12-18,50380.64,86757.43,136797.41
1996-12-19,50813.91,88249.66,140313.1
1996-12-20,50229.55,86228.74,135486.33
1996-12-23,49672.0,84314.46,130974.64
1996-12-24,50312.77,86481.34,136030.26
1996-12-26,50770.62,88046.66,139730.28
1996-12-27,50303.53,86417.79,135859.75
1996-12-30,49780.37,84620.3,131607.34
1996-12-31,49471.74,83571.01,129159.45
1997-01-02,49621.93,82894.02,126936.6
1997-01-03,51596.89,89492.38,142105.52
1997-01-06,51911.63,90584.19,144706.05
1997-01-07,52602.05,92984.67,150465.35
1997-01-08,51902.44,90520.57,144476.83
1997-01-09,52136.01,91335.26,146441.72
1997-01-10,52662.58,93171.1,150864.26
1997-01-13,52588.85,92910.22,150230.63
1997-01-14,53624.85,96570.88,159094.24
1997-01-15,52568.44,92765.99,149691.77
1997-01-16,53151.95,94825.39,154691.47
1997-01-17,53747.25,96958.97,159904.57
1997-01-20,54741.58,100536.75,168763.29
1997-01-21,55590.07,103663.44,176627.66
1997-01-22,56307.18,106337.96,183463.15
1997-01-23,55530.15,103403.03,175867.77
1997-01-24,54658.32,100145.84,167566.81
1997-01-27,54139.07,98243.07,162774.4
1997-01-28,54198.62,98459.2,163311.56
1997-01-29,54301.6,98823.5,164226.1
1997-01-30,55474.51,103082.79,174851.53
1997-01-31,56073.64,105309.38,180516.72
1997-02-03,56358.66,104994.65,178935.03
1997-02-04,56251.58,104606.17,177932.99
1997-02-05,54474.03,98005.52,161082.74
1997-02-06,54359.63,97593.9,160067.92
1997-02-07,55240.26,100746.18,167831.21
1997-02-10,53533.33,94530.14,152290.04
1997-02-11,53511.92,94454.52,152107.29
1997-02-12,55277.81,100697.96,167181.13
1997-02-13,55720.04,102309.13,171193.47
1997-02-14,55240.84,100549.41,166776.68
1997-02-18,55097.22,100016.5,165459.15
1997-02-19,55102.73,100046.5,165525.33
1997-02-20,54033.73,96164.7,155891.76
1997-02-21,53055.72,92683.54,147411.24
1997-02-24,54037.25,96103.56,155577.83
1997-02-25,54145.33,96487.97,156526.85
1997-02-26,54064.11,96208.16,155838.13
1997-02-27,52085.36,89165.72,138711.52
1997-02-28,52205.16,89575.88,139682.5
1997-03-03,53053.01,91264.89,142958.12
1997-03-04,53424.39,92533.47,145945.94
1997-03-05,54044.11,94689.5,151039.45
1997-03-06,52768.67,90220.15,140360.97
1997-03-07,52119.61,88000.74,135181.65
1997-03-10,52974.37,90887.16,141846.1
1997-03-11,52582.36,89542.03,138697.12
1997-03-12,52014.47,87607.92,134189.46
1997-03-13,52087.3,87853.23,134753.06
1997-03-14,51993.54,87536.95,134025.39
1997-03-17,51577.59,86127.61,130795.38
1997-03-18,51288.76,85162.98,128598.02
1997-03-19,50309.14,81918.27,121242.21
1997-03-20,50922.91,83925.27,125691.8
1997-03-21,50362.76,82087.3,121556.54
1997-03-24,49723.15,79994.08,116913.08
1997-03-25,50021.49,80954.01,119017.51
1997-03-26,51707.22,86410.31,131050.18
1997-03-27,50740.29,83169.92,123685.16
1997-03-31,49395.67,78761.92,113864.56
1997-04-01,49880.7,79206.43,114250.2
1997-04-02,49072.64,76648.06,108709.06
1997-04-03,50373.06,80702.75,117340.56
1997-04-04,51481.27,84261.74,125096.77
1997-04-07,52104.19,86292.45,129625.28
1997-04-08,52609.6,87957.89,133384.41
1997-04-09,51883.59,85521.46,127848.96
1997-04-10,50928.93,82365.71,120778.91
1997-04-11,49457.09,77613.21,110319.46
1997-04-14,50510.52,80919.54,117368.87
1997-04-15,49959.96,79155.49,113530.91
1997-04-16,49999.93,79282.14,113803.38
1997-04-17,50599.92,81184.91,117888.92
1997-04-18,51116.04,82832.96,121484.54
1997-04-21,50241.96,80008.36,115264.53
1997-04-22,51216.65,83112.68,121972.92
1997-04-23,52461.22,87151.96,130864.75
1997-04-24,52445.48,87108.38,130760.06
1997-04-25,51244.48,83118.82,121776.84
1997-04-28,51920.91,85313.16,126611.38
1997-04-29,53603.14,90841.45,138918.01
1997-04-30,54760.97,94765.8,147906.0
1997-05-01,55725.16,96875.79,152160.67
1997-05-02,57452.64,102891.78,166326.83
1997-05-05,58923.43,108159.84,179100.73
1997-05-06,57792.1,104017.32,168802.44
1997-05-07,57439.57,102737.9,165696.48
1997-05-08,58077.15,105008.41,171197.6
1997-05-09,58065.53,104955.91,171077.76
1997-05-12,58413.93,106215.38,174157.16
1997-05-13,57526.03,102986.43,166198.18
1997-05-14,57485.77,102842.25,165849.16
1997-05-15,58865.42,107788.96,177806.89
1997-05-16,57823.51,103973.23,168365.34
1997-05-19,57713.64,103578.13,167422.5
1997-05-20,59514.31,110051.77,183109.98
1997-05-21,60043.98,112021.69,188017.33
1997-05-22,59761.78,110979.89,185385.09
1997-05-23,60580.51,114020.74,193004.42
1997-05-27,62191.96,120086.64,208425.47
1997-05-28,62067.57,119594.29,207154.07
1997-05-29,61304.14,116664.23,199530.8
1997-05-30,60568.49,113852.62,192327.74
1997-06-02,61056.28,114318.32,192731.33
1997-06-03,59218.48,107436.35,175308.42
1997-06-04,58721.05,105620.68,170873.11
1997-06-05,59273.03,107606.35,175674.65
1997-06-06,60185.83,110931.38,183808.38
1997-06-09,60793.71,113183.29,189396.16
1997-06-10,59936.52,110002.84,181403.64
1997-06-11,60439.98,111839.89,185956.87
1997-06-12,60500.42,112063.57,186533.34
1997-06-13,61420.03,115470.3,195039.26
1997-06-16,62150.93,118218.49,202002.16
1997-06-17,63008.61,121493.15,210385.25
1997-06-18,61874.46,117119.39,199024.45
1997-06-19,62536.51,119625.75,205413.13
1997-06-20,62505.24,119494.16,205084.47
1997-06-23,61717.68,116482.91,197332.28
1997-06-24,62822.42,120652.99,207948.75
1997-06-25,62363.82,118891.46,203394.68
1997-06-26,61609.22,116002.4,195991.11
1997-06-27,61331.98,114958.38,193364.83
1997-06-30,60970.12,113590.37,189922.93
1997-07-01,61224.24,113166.24,188118.82
1997-07-02,62669.13,118507.69,201437.63
1997-07-03,63352.22,121079.3,208004.5
1997-07-07,63643.64,122193.23,210854.16
1997-07-08,64591.93,125834.59,220279.34
1997-07-09,64869.68,126916.77,223120.94
1997-07-10,64863.19,126891.39,223054.01
1997-07-11,65219.94,128287.19,226756.7
1997-07-14,66909.14,134919.64,244353.02
1997-07-15,68006.45,139358.49,256399.63
1997-07-16,70855.92,151050.67,288654.7
1997-07-17,70310.33,148724.49,281986.78
1997-07-18,68770.53,142210.36,263488.44
1997-07-21,67965.91,138882.64,254240.0
1997-07-22,70052.47,147410.03,277655.5
1997-07-23,70122.52,147719.59,278516.23
1997-07-24,69856.05,146596.92,275341.15
1997-07-25,69695.39,145922.58,273441.3
1997-07-28,69040.25,143179.23,265730.25
1997-07-29,69854.92,146572.58,275163.67
1997-07-30,70693.18,150090.32,285069.57
1997-07-31,71082.0,151741.32,289773.21
1997-08-01,71703.69,152774.16,291782.64
1997-08-04,72686.03,156944.89,303745.72
1997-08-05,73485.57,160381.99,313738.96
1997-08-06,73838.3,161905.62,318225.42
1997-08-07,73439.58,160140.85,313038.35
1997-08-08,72110.32,154327.73,296009.06
1997-08-11,71216.15,150500.4,284997.53
1997-08-12,70546.72,147655.95,276932.1
1997-08-13,71082.87,149915.08,283273.84
1997-08-14,71367.21,151129.4,286701.46
1997-08-15,71367.21,151129.4,286701.46
1997-08-18,70460.84,147290.71,275806.8
1997-08-19,72504.21,155848.3,299829.57
1997-08-20,74048.55,162487.44,318988.68
1997-08-21,72345.43,155013.01,296978.46
1997-08-22,71839.01,152842.83,290771.61
1997-08-25,71637.86,151986.91,288329.13
1997-08-26,70692.24,147989.66,276940.13
1997-08-27,70607.41,147634.48,275943.15
1997-08-28,69230.57,141861.97,259772.88
1997-08-29,69465.95,142812.45,262396.58
1997-09-02,71827.05,150936.67,283875.73
1997-09-03,71676.21,150302.74,282087.31
1997-09-04,72027.42,151775.7,286234.0
1997-09-05,72373.15,153232.75,290384.39
1997-09-08,72807.39,155071.54,295611.31
1997-09-09,73389.85,157537.18,302676.42
1997-09-10,71841.33,150889.11,283517.0
1997-09-11,71977.83,151462.49,285133.05
1997-09-12,72042.61,151735.12,285902.91
1997-09-15,70364.01,144664.27,265918.3
1997-09-16,72721.21,154371.24,292669.68
1997-09-17,72204.89,152194.6,286465.08
1997-09-18,72248.21,152377.24,286980.72
1997-09-19,72862.32,154952.41,294270.03
1997-09-22,73182.91,156331.49,298183.82
1997-09-23,73922.06,159505.02,307248.61
1997-09-24,72672.78,154113.75,291701.83
1997-09-25,72062.33,151524.64,284321.77
1997-09-26,72083.95,151615.55,284577.66
1997-09-29,72862.45,154890.45,293797.98
1997-09-30,71456.21,148911.68,276787.07
1997-10-01,72272.81,150741.44,280974.99
1997-10-02,72981.09,153711.05,289263.75
1997-10-03,73740.09,156908.24,298259.86
1997-10-06,73835.95,157331.89,299452.9
1997-10-07,74810.59,161469.72,311281.29
1997-10-08,75109.83,162777.62,315047.79
1997-10-09,75297.6,163591.51,317410.65
1997-10-10,74612.4,160614.15,308745.34
1997-10-13,74791.47,161385.09,310937.43
1997-10-14,74200.61,158819.07,303537.12
1997-10-15,73391.83,155356.81,293581.1
1997-10-16,72100.13,149888.25,278080.02
1997-10-17,70506.72,143278.18,259671.12
1997-10-20,71366.9,146774.17,269175.08
1997-10-21,72829.92,152791.91,285729.35
1997-10-22,72050.64,149537.44,276586.01
1997-10-23,70472.73,142987.7,258414.31
1997-10-24,69338.12,138383.5,245932.9
1997-10-27,64193.23,117833.55,191163.64
1997-10-28,68654.66,134224.2,231040.38
1997-10-29,67528.73,129821.64,219696.3
1997-10-30,65624.42,122499.7,201088.02
1997-10-31,66864.72,127130.19,212489.71
1997-11-03,69419.34,135415.63,232478.27
1997-11-04,69211.08,134616.68,230409.21
1997-11-05,69162.63,134441.68,229948.39
1997-11-06,68318.85,131161.3,221555.28
1997-11-07,67929.43,129679.18,217788.84
1997-11-10,66822.18,125451.64,207117.19
1997-11-11,66782.09,125313.64,206765.09
1997-11-12,64745.24,117669.51,187846.08
1997-11-13,66247.33,123141.14,200938.95
1997-11-14,67896.88,129261.26,215929.0
1997-11-17,69343.09,134754.86,229705.27
1997-11-18,68455.5,131318.61,220907.56
1997-11-19,68640.33,132027.73,222696.91
1997-11-20,70184.73,137968.98,237728.95
1997-11-21,69791.7,136437.52,233758.88
1997-11-24,68046.91,129629.29,216250.34
1997-11-25,68564.06,131599.66,221180.84
1997-11-26,68975.45,133165.69,225139.98
1997-11-28,69389.3,134763.68,229192.5
1997-12-01,71797.28,142662.6,248527.29
1997-12-02,69987.99,135486.67,229763.48
1997-12-03,70624.88,137952.53,236013.04
1997-12-04,70038.69,135648.72,230112.72
1997-12-05,71201.33,140165.83,241595.34
1997-12-08,72041.51,143473.74,250171.97
1997-12-09,69894.67,134922.71,227831.62
1997-12-10,68734.42,130443.27,216462.82
1997-12-11,66651.77,122538.41,196764.7
1997-12-12,65098.78,116815.87,182991.17
1997-12-15,65489.37,118217.66,186303.31
1997-12-16,66347.28,121326.78,193643.66
1997-12-17,65438.33,118002.43,185665.55
1997-12-18,64319.33,113954.94,176122.34
1997-12-19,64525.15,114695.65,177830.72
1997-12-22,64912.3,116060.53,181013.89
1997-12-23,63172.65,109851.29,166478.48
1997-12-24,62471.44,107401.61,160918.1
1997-12-26,63477.23,110849.2,168674.35
1997-12-29,65102.25,116535.76,181645.41
1997-12-30,66430.33,121278.77,192743.94
1997-12-31,65918.82,119423.2,188310.83
1998-01-02,67587.79,124144.5,198780.04
1998-01-05,68202.84,126403.93,204206.74
1998-01-06,67459.43,123635.68,197508.76
1998-01-07,66447.54,119926.61,188620.86
1998-01-08,66673.46,120742.11,190525.93
1998-01-09,64099.86,111432.9,168482.08
1998-01-12,65106.23,114920.75,176400.74
1998-01-13,66707.84,120574.85,189419.11
1998-01-14,66794.56,120900.4,190176.79
1998-01-15,66741.13,120706.96,189720.37
1998-01-16,67428.56,123205.59,195601.7
1998-01-20,68837.82,128355.59,207865.92
1998-01-21,68810.28,128265.74,207637.27
1998-01-22,68418.06,126790.68,204065.91
1998-01-23,68678.05,127741.61,206371.86
1998-01-26,68135.5,125723.29,201501.48
1998-01-27,69430.07,130513.35,213007.21
1998-01-28,71269.97,137430.56,229941.29
1998-01-29,71654.83,138928.55,233689.33
1998-01-30,71798.13,139484.27,235091.47
1998-02-02,74315.25,147795.39,255286.91
1998-02-03,75006.38,150559.16,262434.95
1998-02-04,75898.96,154127.41,271777.63
1998-02-05,75253.82,151507.25,264820.12
1998-02-06,76570.76,156794.85,278696.7
1998-02-09,75789.74,153580.56,270140.71
1998-02-10,76941.74,158249.41,282459.13
1998-02-11,76872.5,157980.38,281724.73
1998-02-12,77279.92,159639.18,286175.98
1998-02-13,76731.23,157372.3,280080.44
1998-02-17,76186.44,155137.61,274114.72
1998-02-18,77001.64,158473.07,282941.22
1998-02-19,78079.66,162926.17,294853.04
1998-02-20,78282.67,163773.38,297123.41
1998-02-23,80020.54,171061.3,316941.54
1998-02-24,79132.31,167263.74,306419.08
1998-02-25,81023.58,175242.22,328358.69
1998-02-26,81469.2,177169.88,333743.77
1998-02-27,80605.63,173396.16,323097.34
1998-03-02,79978.26,169079.24,310135.69
1998-03-03,79850.3,168538.18,308647.04
1998-03-04,80129.77,169734.81,311918.7
1998-03-05,76523.93,154475.65,269840.87
1998-03-06,78988.0,164423.88,295907.5
1998-03-09,76626.26,154607.77,269394.19
1998-03-10,77997.87,160158.19,283887.59
1998-03-11,78356.66,161631.65,287776.85
1998-03-12,78991.35,164266.24,294798.61
1998-03-13,79402.11,165974.61,299367.99
1998-03-16,80140.55,169061.74,307720.35
1998-03-17,79307.09,165545.26,298119.48
1998-03-18,79925.68,168127.76,305095.47
1998-03-19,80549.1,170733.74,312204.2
1998-03-20,79413.36,165919.05,298997.96
1998-03-23,80072.49,168689.9,306472.91
1998-03-24,81337.64,174020.5,320999.73
1998-03-25,82492.63,178962.68,334674.31
1998-03-26,82707.11,179875.39,337251.31
1998-03-27,82277.03,178022.67,332023.91
1998-03-30,81939.7,176545.09,327906.81
1998-03-31,82890.2,180640.93,339350.76
1998-04-01,83915.56,183441.42,346307.93
1998-04-02,84033.04,183973.4,347797.05
1998-04-03,84268.33,185022.05,350753.33
1998-04-06,82338.59,176529.54,326621.5
1998-04-07,80749.45,169715.5,307742.77
1998-04-08,81363.15,172278.2,314728.54
1998-04-09,81761.83,173966.53,319355.04
1998-04-13,82178.81,175723.59,324209.24
1998-04-14,82869.11,178693.32,332411.74
1998-04-15,84112.15,184071.99,347403.5
1998-04-16,83851.4,182930.74,344172.65
1998-04-17,84102.96,184046.62,347304.62
1998-04-20,85599.99,190580.27,365815.96
1998-04-21,86729.91,195630.65,380338.85
1998-04-22,88178.3,202164.72,399393.83
1998-04-23,85973.84,192036.26,369399.35
1998-04-24,85397.82,189462.98,361974.43
1998-04-27,83339.73,180349.81,335839.87
1998-04-28,83506.41,181071.21,337854.91
1998-04-29,84675.5,186123.09,352011.03
1998-04-30,85259.76,188691.59,359297.66
1998-05-01,85991.31,190232.15,362748.0
1998-05-04,86283.68,191544.75,366484.31
1998-05-05,85696.95,188939.74,359008.03
1998-05-06,85354.16,187428.22,354664.03
1998-05-07,84005.57,181524.23,337888.42
1998-05-08,86156.11,190836.43,363872.04
1998-05-11,85036.08,185855.6,349644.64
1998-05-12,86320.13,191487.02,365518.51
1998-05-13,86777.62,193516.78,371330.25
1998-05-14,86985.89,194445.66,374003.83
1998-05-15,85846.37,189351.19,359268.08
1998-05-18,85365.63,187230.45,353232.38
1998-05-19,86261.97,191181.02,364394.52
1998-05-20,85037.05,185751.48,348871.31
1998-05-21,84067.63,181534.92,336974.8
1998-05-22,83411.9,178702.97,329055.89
1998-05-26,82452.67,174574.93,317670.56
1998-05-27,83095.8,177298.3,325072.28
1998-05-28,83461.42,178876.26,329395.75
1998-05-29,81900.69,172168.4,310883.7
1998-06-01,80571.4,164984.65,290614.41
1998-06-02,82061.97,171105.58,306772.57
1998-06-03,80461.76,164432.47,288795.7
1998-06-04,82618.13,173246.05,312014.87
1998-06-05,83411.27,176589.7,321032.1
1998-06-08,83436.29,176677.99,321288.93
1998-06-09,84571.02,181501.3,334429.65
1998-06-10,82896.52,174332.0,314597.97
1998-06-11,81918.34,170200.33,303429.74
1998-06-12,82049.41,170744.97,304886.2
1998-06-15,81122.25,166886.13,294550.56
1998-06-16,83701.94,177500.09,322650.69
1998-06-17,84614.29,181369.59,333201.36
1998-06-18,84842.75,182330.85,335866.97
1998-06-19,85699.66,186013.94,346043.74
1998-06-22,87370.8,193287.08,366321.91
1998-06-23,90026.87,205058.27,399767.1
1998-06-24,92016.47,214121.84,426271.66
1998-06-25,90654.62,207762.42,407302.57
1998-06-26,91316.4,210774.98,416181.76
1998-06-29,92613.1,216760.99,433911.11
1998-06-30,92446.39,216002.32,431611.38
1998-07-01,94256.94,222586.04,450346.48
1998-07-02,92616.87,214840.04,426838.39
1998-07-03,92616.87,214840.04,426838.39
1998-07-06,93311.49,218084.13,436484.94
1998-07-07,93572.77,219305.4,440151.41
1998-07-08,95762.37,229568.89,471050.04
1998-07-09,96135.84,231359.53,476561.33
1998-07-10,96683.82,233997.03,484710.52
1998-07-13,98733.51,243918.5,515538.11
1998-07-14,98565.67,243089.18,512857.32
1998-07-15,100753.82,253882.34,546962.33
1998-07-16,100965.41,254948.65,550408.19
1998-07-17,101752.94,258925.84,563287.74
1998-07-20,101885.21,259599.05,565484.56
1998-07-21,99521.48,247553.66,526126.84
1998-07-22,99431.91,247108.06,524706.3
1998-07-23,97711.74,238558.12,497421.57
1998-07-24,97907.16,239512.35,500406.1
1998-07-27,99140.79,245548.06,519321.45
1998-07-28,96840.72,234154.63,483176.68
1998-07-29,95920.74,229729.11,469454.46
1998-07-30,98836.73,243696.64,512268.7
1998-07-31,95723.37,228343.75,463859.31
1998-08-03,95607.54,225914.55,455443.61
1998-08-04,92031.82,209016.14,404342.84
1998-08-05,92915.32,213029.25,415987.91
1998-08-06,95424.04,224554.14,449724.53
1998-08-07,95299.99,223970.3,447925.64
1998-08-10,95214.22,223589.55,446761.03
1998-08-11,92929.08,212834.89,414549.56
1998-08-12,94638.97,220688.5,437474.15
1998-08-13,93503.3,215391.97,421725.08
1998-08-14,92923.58,212699.57,413838.82
1998-08-17,95562.61,224780.91,449056.5
1998-08-18,97903.9,235772.7,482017.25
1998-08-19,97698.3,234758.87,478932.34
1998-08-20,97698.3,234735.4,478884.45
1998-08-21,96056.97,226871.76,454796.56
1998-08-24,95788.01,225601.28,450976.27
1998-08-25,97004.51,231331.55,468158.47
1998-08-26,96005.37,226566.12,453692.37
1998-08-27,91685.13,206197.83,392489.27
1998-08-28,88384.46,191351.58,350100.43
1998-08-31,79669.75,153636.19,246575.73
1998-09-01,85420.87,174328.03,295650.82
1998-09-02,85873.6,176158.47,300322.1
1998-09-03,84997.69,172564.84,291102.21
1998-09-04,84751.2,171546.71,288540.51
1998-09-08,90446.48,194619.74,346739.14
1998-09-09,88709.91,187146.34,326766.96
1998-09-10,86855.87,179323.62,306246.0
1998-09-11,90712.27,195247.56,347037.96
1998-09-14,91982.24,200694.97,361578.85
1998-09-15,93104.43,205591.92,374812.64
1998-09-16,93616.5,207853.44,380959.57
1998-09-17,90826.73,195465.37,346901.78
1998-09-18,91453.43,198162.79,354082.65
1998-09-21,93355.67,206386.55,376142.0
1998-09-22,93953.14,209028.3,383363.92
1998-09-23,98068.29,227318.27,433699.61
1998-09-24,95381.22,214861.23,398092.87
1998-09-25,97746.67,225518.35,427710.98
1998-09-28,97267.71,223308.27,421380.86
1998-09-29,97384.43,223844.21,422897.83
1998-09-30,94608.98,211107.47,386782.35
1998-10-01,90039.67,189050.12,325317.18
1998-10-02,90228.75,189844.13,327399.21
1998-10-05,85365.42,169397.91,274491.5
1998-10-06,83752.02,162994.67,258927.83
1998-10-07,81365.08,153703.98,236789.5
1998-10-08,79794.74,147771.0,223079.39
1998-10-09,84670.2,165828.62,263969.84
1998-10-12,87887.66,178431.6,294062.4
1998-10-13,85303.77,167957.66,268155.5
1998-10-14,87334.0,175969.24,287328.62
1998-10-15,91857.9,194199.65,331979.49
1998-10-16,91453.72,192490.7,327564.16
1998-10-19,92606.04,197322.21,339913.33
1998-10-20,90698.36,189212.27,318940.68
1998-10-21,94144.89,203611.32,355331.81
1998-10-22,95783.01,210676.64,373844.6
1998-10-23,94748.56,206147.09,361769.41
1998-10-26,96747.75,214867.11,384705.6
1998-10-27,95644.83,209968.14,371548.66
1998-10-28,97529.03,218219.89,393470.04
1998-10-29,98679.87,223391.7,407438.22
1998-10-30,98975.91,224732.05,411145.91
1998-11-02,100769.1,231110.61,427741.26
1998-11-03,99559.87,225563.95,412299.81
1998-11-04,101849.75,235939.9,440789.72
1998-11-05,102420.11,238582.42,448194.99
1998-11-06,103577.45,243974.38,463388.8
1998-11-09,104240.35,247072.86,472239.53
1998-11-10,104938.76,250383.64,481731.54
1998-11-11,105169.62,251485.32,484910.97
1998-11-12,104160.0,246681.95,470994.02
1998-11-13,104066.25,246237.93,469722.34
1998-11-16,104805.12,249734.51,479727.43
1998-11-17,106440.08,257501.25,502130.7
1998-11-18,107600.28,263114.78,518550.37
1998-11-19,109203.52,270955.6,541729.57
1998-11-20,109684.02,273340.0,548880.4
1998-11-23,112864.86,289221.06,596687.88
1998-11-24,112277.96,286213.16,587439.22
1998-11-25,113535.47,292595.71,607118.44
1998-11-27,115658.58,303538.79,641177.78
1998-11-30,110662.13,277282.69,558017.02
1998-12-01,116486.8,304366.49,638720.07
1998-12-02,115531.61,299344.44,622943.68
1998-12-03,112296.72,282581.15,570616.41
1998-12-04,116305.72,302785.71,631786.49
1998-12-07,119655.32,320195.89,686309.67
1998-12-08,119033.11,316865.85,675603.23
1998-12-09,120259.15,323393.28,696546.93
1998-12-10,117926.13,310877.96,656077.56
1998-12-11,119518.13,319240.58,682583.09
1998-12-14,115167.67,296031.79,608113.28
1998-12-15,118714.83,314267.35,664302.94
1998-12-16,118180.62,311438.94,655334.85
1998-12-17,120556.05,323989.93,694917.08
1998-12-18,123799.01,341388.19,750927.39
1998-12-21,127525.36,361973.9,818811.23
1998-12-22,126135.33,354082.87,792036.1
1998-12-23,129780.64,374584.27,860784.84
1998-12-24,128859.2,369265.17,842450.12
1998-12-28,130134.9,376613.55,867555.13
1998-12-29,130082.85,376349.92,866600.82
1998-12-30,129198.29,371269.19,849008.83
1998-12-31,130981.22,381553.35,884242.69
1999-01-04,132796.03,389694.42,911284.97
1999-01-05,136275.29,410114.41,982911.97
1999-01-06,140636.1,436402.74,1077369.81
1999-01-07,140804.86,437450.11,1081356.08
1999-01-08,141325.84,440687.24,1093467.27
1999-01-11,143219.61,452541.72,1137534.0
1999-01-12,138894.38,425208.2,1034473.42
1999-01-13,139533.29,429120.12,1048852.6
1999-01-14,136477.51,410367.57,980047.87
1999-01-15,141882.02,442868.68,1096477.56
1999-01-19,145613.52,466163.57,1182989.64
1999-01-20,145613.52,466163.57,1182989.64
1999-01-21,140458.8,433159.19,1057474.44
1999-01-22,140627.35,434242.09,1061387.09
1999-01-25,142989.89,448832.63,1114774.86
1999-01-26,147651.36,478051.63,1223688.37
1999-01-27,145377.53,463279.83,1167031.59
1999-01-28,150698.35,497145.59,1295054.96
1999-01-29,152310.82,507834.22,1336755.73
1999-02-01,153085.88,510113.39,1344343.19
1999-02-02,149335.27,485117.83,1245533.96
1999-02-03,152292.11,504377.01,1319643.23
1999-02-04,145667.4,460445.77,1147297.83
1999-02-05,142856.02,442672.57,1080869.28
1999-02-08,146141.71,462991.24,1155341.18
1999-02-09,139039.23,417988.49,986892.43
1999-02-10,139678.81,421792.18,1000412.86
1999-02-11,146900.2,465405.5,1155576.89
1999-02-12,140715.7,426218.35,1009627.53
1999-02-16,140420.2,424428.24,1003266.88
1999-02-17,135884.63,397010.17,906050.32
1999-02-18,136944.53,403203.53,927161.29
1999-02-19,138779.58,414009.39,964340.46
1999-02-22,143414.82,441623.81,1060870.94
1999-02-23,145723.8,455888.26,1112217.09
1999-02-24,142911.33,438336.56,1047930.94
1999-02-25,141853.79,431849.18,1024666.88
1999-02-26,138321.63,410386.28,948226.73
1999-03-01,139723.97,416186.71,967132.03
1999-03-02,136188.95,395127.66,893726.7
1999-03-03,136992.47,399790.17,909545.67
1999-03-04,139389.83,413782.83,957296.82
1999-03-05,142052.18,429547.95,1012054.19
1999-03-08,146683.08,457554.48,1110931.89
1999-03-09,146287.04,455083.68,1101933.34
1999-03-10,147003.84,459543.5,1118131.76
1999-03-11,147386.05,461933.13,1126741.37
1999-03-12,144880.49,446181.21,1069164.89
1999-03-15,148589.43,469025.69,1151169.84
1999-03-16,149525.54,474935.41,1172926.95
1999-03-17,148897.54,470898.46,1158030.77
1999-03-18,151652.14,488368.79,1222417.29
1999-03-19,148118.65,465561.97,1136848.08
1999-03-22,146207.92,453503.92,1092738.37
1999-03-23,141456.16,424071.51,986305.65
1999-03-24,145218.89,446674.52,1065111.47
1999-03-25,150257.99,477629.07,1175883.07
1999-03-26,149101.0,470273.58,1148720.17
1999-03-29,154677.38,505450.04,1277721.44
1999-03-30,153316.22,496503.58,1243861.83
1999-03-31,151921.04,487467.21,1210028.78
1999-04-01,155301.8,506363.58,1279044.71
1999-04-05,160628.65,541049.48,1410530.51
1999-04-06,160564.4,540670.75,1408978.93
1999-04-07,158637.63,527748.72,1358396.58
1999-04-08,160985.46,543370.08,1418709.39
1999-04-09,161548.91,547119.33,1433463.97
1999-04-12,160595.77,540608.61,1407948.31
1999-04-13,157415.98,519146.45,1324175.39
1999-04-14,152236.99,484986.61,1193479.28
1999-04-15,154566.22,499827.2,1248259.97
1999-04-16,150995.74,476735.19,1161755.56
1999-04-19,142388.98,422387.38,963211.53
1999-04-20,146931.19,449293.45,1055294.56
1999-04-21,152397.03,482720.88,1173065.43
1999-04-22,158020.48,518297.41,1302806.46
1999-04-23,159979.93,531099.36,1351140.58
1999-04-26,163611.48,555211.27,1443288.37
1999-04-27,159733.89,528894.26,1340526.24
1999-04-28,155644.7,501761.98,1237439.77
1999-04-29,153387.85,487210.88,1183611.14
1999-04-30,154630.29,495054.98,1212254.53
1999-05-03,155238.88,496298.31,1215422.59
1999-05-04,152304.87,477538.23,1146508.13
1999-05-05,156538.94,504041.61,1242012.26
1999-05-06,150934.85,467952.23,1108744.34
1999-05-07,153772.42,485547.23,1171277.52
1999-05-10,155002.6,493364.54,1199505.31
1999-05-11,157994.15,512359.08,1268836.72
1999-05-12,161027.64,532033.67,1342048.6
1999-05-13,158225.76,513518.89,1271993.66
1999-05-14,154317.58,488099.71,1177611.73
1999-05-17,157990.34,511333.25,1261693.21
1999-05-18,156789.62,503612.12,1233052.77
1999-05-19,158749.49,516202.43,1279168.95
1999-05-20,155384.0,494367.06,1197941.72
1999-05-21,153534.93,482551.69,1155055.4
1999-05-24,149635.14,457989.81,1066924.68
1999-05-25,145161.05,430647.82,971328.23
1999-05-26,149080.4,453902.8,1050005.81
1999-05-27,148871.69,452586.48,1045490.79
1999-05-28,151744.91,470056.32,1106129.25
1999-06-01,147586.22,441758.27,1005040.69
1999-06-02,151143.04,463006.85,1077604.63
1999-06-03,147923.7,443282.75,1008853.45
1999-06-04,153677.93,477770.15,1126586.65
1999-06-07,156828.33,497358.73,1195984.39
1999-06-08,152029.38,466870.64,1086073.42
1999-06-09,155586.87,488673.5,1162207.17
1999-06-10,152848.54,471423.32,1100726.41
1999-06-11,150265.4,455489.22,1044809.51
1999-06-14,147831.1,440731.36,994136.25
1999-06-15,149959.87,453424.43,1037082.93
1999-06-16,157922.73,501578.1,1202290.24
1999-06-17,159628.3,512362.03,1241124.22
1999-06-18,160697.81,519227.68,1265946.7
1999-06-21,165309.84,548979.43,1374818.12
1999-06-22,161028.31,520542.29,1267994.75
1999-06-23,163169.99,534388.72,1318714.54
1999-06-24,159204.96,508417.43,1222448.38
1999-06-25,159268.64,508824.16,1223915.32
1999-06-28,163505.19,535893.61,1321706.15
1999-06-29,166137.62,553149.38,1385544.56
1999-06-30,167350.42,561280.68,1416026.54
1999-07-01,169713.56,574252.21,1463838.52
1999-07-02,171580.41,586885.76,1512145.2
1999-07-06,170327.88,578317.22,1479029.22
1999-07-07,171060.29,583232.92,1497960.79
1999-07-08,173540.66,600146.68,1563122.08
1999-07-09,174894.28,609448.95,1599542.83
1999-07-12,174247.17,604999.97,1581947.86
1999-07-13,173480.48,599615.47,1560907.95
1999-07-14,176655.17,621561.4,1646445.71
1999-07-15,177556.11,627839.17,1671471.68
1999-07-16,179757.81,643472.36,1733817.58
1999-07-19,177205.25,625262.1,1660130.33
1999-07-20,170241.08,576116.49,1464400.96
1999-07-21,172743.63,593111.93,1529127.49
1999-07-22,166766.7,552127.9,1370556.96
1999-07-23,168234.24,561845.35,1406739.67
1999-07-26,163220.86,528415.55,1281117.82
1999-07-27,168721.41,564030.76,1410638.83
1999-07-28,170543.6,576270.23,1456484.59
1999-07-29,165376.13,541348.25,1324090.14
1999-07-30,165954.94,545137.69,1337860.68
1999-08-02,166005.52,542691.24,1327519.96
1999-08-03,164129.65,530426.42,1282517.03
1999-08-04,161569.23,513930.16,1222623.48
1999-08-05,163621.16,526932.59,1269083.18
1999-08-06,162148.57,517447.81,1234817.93
1999-08-09,160348.72,505960.47,1193698.49
1999-08-10,158600.92,494930.53,1154664.55
1999-08-11,164326.41,530615.02,1279599.26
1999-08-12,162305.2,517614.95,1232510.01
1999-08-13,169105.79,560991.08,1387313.26
1999-08-16,169545.46,563908.24,1398134.31
1999-08-17,171325.69,575750.31,1442175.54
1999-08-18,169869.42,565904.98,1405255.84
1999-08-19,167032.6,547060.34,1334993.05
1999-08-20,169688.42,564456.86,1398805.72
1999-08-23,174880.88,599001.62,1527076.2
1999-08-24,176262.44,608525.75,1563420.62
1999-08-25,180369.36,636943.9,1672860.06
1999-08-26,177176.82,614332.39,1583863.9
1999-08-27,176096.04,606837.54,1554879.19
1999-08-30,173472.21,588814.46,1485531.58
1999-08-31,175675.31,603711.47,1541981.78
1999-09-01,176774.3,608259.68,1558060.85
1999-09-02,175872.75,601994.61,1534066.71
1999-09-03,184261.89,659424.9,1753591.66
1999-09-07,183174.74,651577.74,1722377.73
1999-09-08,180445.44,632160.72,1645387.44
1999-09-09,184180.66,658332.18,1747566.0
1999-09-10,186317.15,673605.48,1808556.06
1999-09-13,182534.91,646257.1,1698234.14
1999-09-14,185437.22,666743.45,1779070.08
1999-09-15,181079.44,635339.83,1653467.73
1999-09-16,181351.06,637309.39,1661073.68
1999-09-17,186501.43,673508.56,1802597.16
1999-09-20,187135.54,678021.07,1820803.39
1999-09-21,181858.32,639848.48,1666945.51
1999-09-22,184822.61,660643.56,1748292.45
1999-09-23,176671.93,602374.8,1516993.36
1999-09-24,176406.92,600627.91,1510318.59
1999-09-27,178382.68,614081.97,1561216.32
1999-09-28,178507.55,614880.28,1564338.76
1999-09-29,176347.61,600000.18,1507709.69
1999-09-30,177017.73,604560.18,1524897.58
1999-10-01,177269.2,603305.5,1518838.37
1999-10-04,181949.11,635160.04,1639130.37
1999-10-05,182222.03,637002.0,1646342.55
1999-10-06,186704.7,668406.2,1768007.26
1999-10-07,186667.35,668205.68,1767123.26
1999-10-08,188384.69,680567.48,1816072.57
1999-10-11,190117.83,693089.92,1866196.17
1999-10-12,186277.45,665089.09,1753104.69
1999-10-13,180949.92,627045.99,1602512.99
1999-10-14,182162.28,635448.41,1634883.76
1999-10-15,177207.47,600880.02,1501477.24
1999-10-18,174141.78,580029.48,1423400.42
1999-10-19,174159.19,580087.48,1423685.1
1999-10-20,181822.2,631193.19,1611753.91
1999-10-21,182622.22,636747.69,1633029.06
1999-10-22,183261.39,641268.6,1650339.17
1999-10-25,183133.11,640370.82,1646873.45
1999-10-26,181814.55,631213.52,1611465.68
1999-10-27,181160.02,626668.78,1593900.7
1999-10-28,187247.0,668718.26,1754406.5
1999-10-29,194437.28,720075.82,1956514.13
1999-11-01,193377.78,709046.61,1910045.79
1999-11-02,194170.63,714789.89,1933348.35
1999-11-03,197549.2,739664.57,2034269.13
1999-11-04,199801.26,756454.96,2103637.71
1999-11-05,203697.39,785881.06,2226490.15
1999-11-08,205958.43,803327.62,2300632.27
1999-11-09,204290.16,790233.38,2244496.85
1999-11-10,206802.93,809673.12,2327318.78
1999-11-11,210670.15,839873.92,2457648.63
1999-11-12,213556.33,862886.47,2558903.76
1999-11-15,212595.33,855120.49,2524358.55
1999-11-16,217336.2,893258.87,2693238.14
1999-11-17,215249.77,876018.97,2615403.56
1999-11-18,222030.14,931295.77,2862820.74
1999-11-19,223895.19,947034.67,2935250.1
1999-11-22,225440.07,960009.04,2995716.25
1999-11-23,221765.4,928616.74,2848926.16
1999-11-24,229793.31,995941.46,3158604.43
1999-11-26,230390.77,1001120.35,3183241.54
1999-11-29,226451.09,966781.93,3019622.93
1999-11-30,219317.88,905874.66,2734268.56
1999-12-01,222082.0,925045.98,2819272.91
1999-12-02,230321.24,993684.39,3133057.99
1999-12-03,235065.86,1034524.82,3326367.66
1999-12-06,236452.75,1046732.22,3385244.37
1999-12-07,237493.14,1055943.46,3429929.6
1999-12-08,234453.23,1028911.31,3298220.3
1999-12-09,234711.13,1031174.91,3309104.43
1999-12-10,237363.36,1054479.46,3421283.07
1999-12-13,240259.2,1080208.76,3546502.03
1999-12-14,234685.18,1030195.1,3300020.14
1999-12-15,240012.54,1076965.96,3524751.51
1999-12-16,246924.9,1138891.5,3828937.56
1999-12-17,248974.37,1157683.21,3923895.21
1999-12-20,251215.14,1178405.74,4029448.0
1999-12-21,261489.84,1274681.49,4523458.32
1999-12-22,264000.15,1299027.9,4653281.57
1999-12-23,266085.75,1319422.64,4763099.02
1999-12-27,266697.74,1325491.98,4795964.4
1999-12-28,265310.92,1311839.42,4721626.95
1999-12-29,273455.96,1392255.17,5156016.63
1999-12-30,273018.43,1387660.73,5130752.15
1999-12-31,274820.35,1405839.09,5231827.97
2000-01-03,281460.0,1469061.81,5582370.71
2000-01-04,263305.83,1279699.74,4502740.22
2000-01-05,260409.46,1251674.32,4354600.06
2000-01-06,248040.01,1132890.43,3734505.01
2000-01-07,262054.27,1260907.04,4367503.61
2000-01-10,275995.56,1395067.55,5064557.19
2000-01-11,263134.17,1265186.76,4357038.55
2000-01-12,258213.56,1217868.78,4113044.39
2000-01-13,268154.78,1311644.67,4588101.02
2000-01-14,275046.36,1378932.05,4941384.8
2000-01-18,278979.52,1418369.5,5153864.34
2000-01-19,281434.54,1443332.81,5289926.36
2000-01-20,285205.77,1482014.13,5502581.4
2000-01-21,285804.7,1488386.79,5537797.92
2000-01-24,271771.69,1342227.2,4722080.29
2000-01-25,279055.17,1414170.58,5101735.54
2000-01-26,268813.84,1310370.46,4540034.46
2000-01-27,266743.98,1290059.72,4434705.66
2000-01-28,255834.15,1184532.83,3890123.81
2000-01-31,265044.18,1269700.74,4309868.16
2000-02-01,275342.76,1363941.56,4787525.92
2000-02-02,277022.35,1380718.04,4875616.4
2000-02-03,286441.11,1474606.87,5373416.83
2000-02-04,288159.75,1492449.61,5470675.68
2000-02-07,292539.78,1537820.08,5720685.55
2000-02-08,302164.34,1639008.64,6285317.22
2000-02-09,295154.13,1562958.64,5847859.14
2000-02-10,304185.85,1658768.0,6385277.4
2000-02-11,295181.94,1560568.94,5818264.76
2000-02-14,296451.23,1574145.89,5893902.2
2000-02-15,297251.65,1582803.69,5942232.2
2000-02-16,297311.1,1583595.09,5946391.77
2000-02-17,306795.32,1684470.1,6514866.82
2000-02-18,294922.34,1554092.11,5758490.78
2000-02-22,295187.77,1556734.07,5773462.86
2000-02-23,310124.27,1714431.23,6650451.86
2000-02-24,316295.74,1782665.59,7047483.84
2000-02-25,310760.57,1720272.3,6677490.94
2000-02-28,309548.6,1706682.15,6598696.55
2000-02-29,317349.23,1792698.93,7096898.14
2000-03-01,320995.94,1828524.95,7307481.12
2000-03-02,315442.71,1765075.13,6927492.1
2000-03-03,330994.03,1938935.03,7951375.43
2000-03-06,332053.21,1951344.22,8028503.78
2000-03-07,327105.62,1893194.16,7669629.66
2000-03-08,331194.44,1940524.01,7957240.77
2000-03-09,341660.18,2063165.13,8712382.92
2000-03-10,341728.52,2063990.4,8717610.35
2000-03-13,329768.02,1919717.47,7803133.02
2000-03-14,314895.48,1746366.98,6746588.81
2000-03-15,307684.37,1666208.74,6282423.5
2000-03-16,324330.1,1846325.9,7301432.59
2000-03-17,330816.7,1920178.94,7739518.55
2000-03-20,317451.71,1765028.48,6802262.85
2000-03-21,331483.07,1920880.49,7703562.68
2000-03-22,342455.16,2048234.87,8469296.81
2000-03-23,347215.29,2105175.8,8821619.56
2000-03-24,349506.91,2133174.64,8997169.79
2000-03-27,350485.53,2145120.41,9072746.01
2000-03-28,341443.0,2034432.2,8370515.47
2000-03-29,328809.61,1884087.66,7442225.31
2000-03-30,316610.77,1744288.36,6613905.63
2000-03-31,327597.17,1865516.4,7303074.6
2000-04-03,304178.88,1593764.61,5705552.47
2000-04-04,300985.01,1560295.55,5525827.57
2000-04-05,300684.02,1557330.99,5509802.67
2000-04-06,304893.6,1600936.25,5741214.38
2000-04-07,320168.77,1761350.07,6604118.91
2000-04-10,298301.24,1520573.51,5250274.53
2000-04-11,291649.12,1452907.99,4899556.19
2000-04-12,271087.86,1248047.97,3863300.06
2000-04-13,265123.93,1193258.66,3608708.58
2000-04-14,239327.37,961050.52,2554965.68
2000-04-17,263307.97,1153645.05,3322988.36
2000-04-18,277210.63,1275469.97,3849349.72
2000-04-19,267314.21,1184401.41,3436699.43
2000-04-20,261513.49,1132998.39,3212970.29
2000-04-24,250189.96,1034880.73,2795605.45
2000-04-25,270180.14,1200254.67,3465991.64
2000-04-26,261534.37,1123438.37,3133256.44
2000-04-27,275474.15,1243196.9,3634264.15
2000-04-28,281479.49,1297524.61,3872308.45
2000-05-01,286209.18,1336965.34,4047084.83
2000-05-02,271068.72,1195514.41,3405217.18
2000-05-03,266189.48,1152595.44,3221675.97
2000-05-04,266828.33,1158127.9,3244872.04
2000-05-05,275606.99,1234448.53,3565465.39
2000-05-08,263149.55,1122854.38,3081988.29
2000-05-09,257439.21,1074122.5,2881659.05
2000-05-10,242456.24,949094.64,2378521.38
2000-05-11,252687.9,1029103.32,2679404.33
2000-05-12,254532.52,1044128.23,2738083.29
2000-05-15,262448.48,1109073.01,2993272.65
2000-05-16,272526.5,1194249.81,3337798.33
2000-05-17,265331.8,1131074.0,3073110.92
2000-05-18,256045.19,1052011.93,2750741.59
2000-05-19,243652.6,950282.37,2351608.98
2000-05-22,243944.99,952658.08,2360309.94
2000-05-23,225917.45,811855.21,1837029.22
2000-05-24,237642.57,896125.79,2123054.67
2000-05-25,231582.68,850423.37,1960853.3
2000-05-26,231744.79,851613.96,1964971.09
2000-05-30,255104.66,1023299.34,2559178.35
2000-05-31,248395.41,969371.46,2357003.26
2000-06-01,263480.68,1083637.39,2772188.08
2000-06-02,281212.93,1229386.61,3331615.63
2000-06-05,279300.68,1212789.89,3263983.84
2000-06-06,273016.42,1158214.35,3043664.93
2000-06-07,279732.62,1215198.5,3268287.4
2000-06-08,277578.68,1196484.44,3193116.79
2000-06-09,281548.06,1230703.89,3329782.19
2000-06-12,272425.9,1150954.28,3006127.36
2000-06-13,281960.81,1231521.08,3321770.73
2000-06-14,275334.73,1173762.74,3087918.07
2000-06-15,280924.02,1221300.13,3275663.49
2000-06-16,283564.71,1244260.58,3368364.77
2000-06-19,294510.31,1340441.92,3758758.24
2000-06-20,294510.31,1340575.96,3759134.12
2000-06-21,297219.8,1365242.56,3862886.22
2000-06-22,284796.01,1251108.28,3378480.29
2000-06-23,275910.38,1172914.01,3061916.69
2000-06-26,282366.68,1227806.39,3276557.05
2000-06-27,276945.24,1180658.63,3087827.36
2000-06-28,282345.67,1226704.31,3268156.48
2000-06-29,274468.23,1158254.21,2994611.78
2000-06-30,281796.53,1220104.99,3234779.65
2000-07-03,285373.56,1247214.17,3341073.29
2000-07-05,273758.86,1145566.22,2932794.13
2000-07-06,284544.96,1235722.28,3279157.12
2000-07-07,288130.22,1266862.48,3403109.26
2000-07-10,282943.88,1221255.43,3219681.67
2000-07-11,280878.39,1203302.98,3148848.67
2000-07-12,292619.11,1303899.11,3544029.18
2000-07-13,296774.3,1341060.23,3695359.23
2000-07-14,303125.27,1398323.5,3932231.76
2000-07-17,304671.21,1412726.24,3992788.13
2000-07-18,297115.36,1342513.74,3695325.41
2000-07-19,288350.46,1263171.18,3367919.58
2000-07-20,299711.46,1362709.07,3766007.67
2000-07-21,293207.73,1303567.49,3520840.57
2000-07-24,284352.85,1224832.02,3201500.33
2000-07-25,289954.6,1273212.88,3391029.15
2000-07-26,286417.16,1242146.49,3266917.49
2000-07-27,276163.42,1153208.8,2916050.55
2000-07-28,260836.35,1025202.62,2430528.13
2000-07-31,270748.13,1103015.5,2707365.29
2000-08-01,264629.68,1049553.59,2509378.76
2000-08-02,262327.4,1031186.41,2443633.04
2000-08-03,272348.31,1109865.93,2723429.02
2000-08-04,271994.26,1106869.29,2712535.3
2000-08-07,278902.91,1162987.56,2918959.24
2000-08-08,277090.04,1147985.02,2862331.43
2000-08-09,277588.8,1152117.77,2877788.02
2000-08-10,270232.7,1091055.53,2649003.87
2000-08-11,273934.89,1121059.56,2758142.83
2000-08-14,279577.95,1167247.21,2928320.25
2000-08-15,279801.61,1169114.81,2935348.21
2000-08-16,279689.69,1168296.42,2932119.33
2000-08-17,287912.57,1236992.25,3190439.04
2000-08-18,286185.09,1222024.65,3132692.1
2000-08-21,287701.87,1234978.11,3182188.63
2000-08-22,287730.64,1235101.61,3182825.07
2000-08-23,292909.79,1279688.78,3355015.91
2000-08-24,296864.07,1314240.37,3490894.05
2000-08-25,295498.5,1302017.94,3442370.62
2000-08-28,297212.39,1317251.55,3502612.11
2000-08-29,297034.06,1315670.84,3496657.67
2000-08-30,298281.61,1326854.05,3541065.22
2000-08-31,306454.52,1399698.33,3832494.89
2000-09-01,308581.38,1415040.44,3894322.81
2000-09-05,300126.25,1337496.22,3574209.47
2000-09-06,288871.52,1237317.75,3172468.33
2000-09-07,297595.44,1311928.01,3459576.71
2000-09-08,287060.56,1219043.51,3092169.66
2000-09-11,279022.86,1150777.07,2832736.63
2000-09-12,276009.42,1126035.37,2741239.24
2000-09-13,281640.01,1171977.61,2909277.2
2000-09-14,281302.04,1169282.06,2899094.73
2000-09-15,276716.82,1131046.54,2757039.09
2000-09-18,269881.91,1075172.84,2552742.49
2000-09-19,282755.28,1177636.81,2917784.67
2000-09-20,285328.35,1198952.04,2997148.41
2000-09-21,279878.58,1153271.96,2825711.52
2000-09-22,278591.14,1142777.19,2786999.28
2000-09-25,272629.29,1093980.6,2608352.62
2000-09-26,269657.63,1070131.83,2523059.49
2000-09-27,268848.66,1063711.04,2500351.96
2000-09-28,280382.26,1154977.44,2822147.25
2000-09-29,268746.4,1059114.31,2470789.92
2000-10-02,260765.14,992752.65,2237505.89
2000-10-03,252863.95,932691.12,2034340.36
2000-10-04,260399.3,988372.78,2216413.82
2000-10-05,258211.95,971768.11,2160560.19
2000-10-06,249742.59,908020.12,1947745.01
2000-10-09,250267.05,911833.81,1960015.81
2000-10-10,240406.53,840072.49,1728537.94
2000-10-11,233795.35,793784.49,1585760.71
2000-10-12,226547.7,744569.86,1438284.96
2000-10-13,247163.54,880007.11,1830792.93
2000-10-16,245037.93,864782.99,1783375.39
2000-10-17,239206.03,823619.32,1656220.72
2000-10-18,236718.28,806570.4,1604712.26
2000-10-19,256602.62,942074.23,2008939.28
2000-10-20,260656.94,971749.56,2103962.11
2000-10-23,258050.37,952314.57,2040843.24
2000-10-24,252863.56,914031.53,1917780.39
2000-10-25,234328.66,780125.91,1496252.26
2000-10-26,238827.77,810004.73,1582286.77
2000-10-27,239448.72,814135.75,1594470.38
2000-10-30,232337.1,765857.5,1452562.51
2000-10-31,247508.71,865878.49,1737119.51
2000-11-01,243693.36,836228.52,1647089.53
2000-11-02,249980.65,879377.91,1774574.26
2000-11-03,251005.57,886500.88,1796224.07
2000-11-06,248621.01,869746.01,1745211.31
2000-11-07,247800.56,864005.69,1727933.71
2000-11-08,231148.37,747796.92,1379409.48
2000-11-09,230986.56,746824.79,1376650.67
2000-11-10,218374.7,665346.2,1151292.95
2000-11-13,214312.93,640661.86,1087165.93
2000-11-14,229636.3,732276.5,1320471.74
2000-11-15,232437.86,750217.28,1368933.06
2000-11-16,220978.68,676320.88,1166604.75
2000-11-17,221707.91,680784.59,1178154.14
2000-11-20,210955.07,614748.49,1006614.9
2000-11-21,210512.07,612166.54,1000273.22
2000-11-22,201586.36,560193.6,872938.44
2000-11-24,213822.65,628145.09,1031813.24
2000-11-27,209225.46,601197.66,965364.46
2000-11-28,198031.9,536869.51,810326.93
2000-11-29,196645.68,529407.03,793391.1
2000-11-30,189369.79,490230.91,705324.69
2000-12-01,193135.55,507661.12,742315.82
2000-12-04,193483.19,509539.47,746398.56
2000-12-05,216082.03,628618.84,1008011.25
2000-12-06,207806.09,580529.5,892291.56
2000-12-07,205998.17,570486.34,869091.98
2000-12-08,219285.05,644079.08,1037348.19
2000-12-11,225161.89,678537.31,1120647.25
2000-12-12,216853.42,628461.26,996591.6
2000-12-13,208200.97,578247.2,877199.93
2000-12-14,199893.75,532103.08,772286.81
2000-12-15,193097.36,495920.07,693436.33
2000-12-18,192614.62,493440.47,688235.56
2000-12-19,181751.15,437780.38,571786.1
2000-12-20,167410.99,368698.64,436444.33
2000-12-21,168515.9,373528.59,445042.28
2000-12-22,184524.91,444536.38,571923.84
2000-12-26,182126.09,432978.43,549618.81
2000-12-27,186333.2,453025.33,587762.36
2000-12-28,186668.6,454656.22,590936.27
2000-12-29,177353.84,409327.0,502532.21
2001-01-01,177853.84,409827.0,503032.21
2001-01-02,161686.92,335279.47,365805.02
2001-01-03,192035.56,461143.38,571789.83
2001-01-04,186850.6,436195.52,525417.67
2001-01-05,172257.57,368061.78,402259.77
2001-01-08,173291.11,372515.33,409540.67
2001-01-09,175561.23,382275.23,425635.62
2001-01-10,183338.59,416106.59,482160.03
2001-01-11,191735.5,454221.95,548408.82
2001-01-12,190355.0,447635.73,536508.35
2001-01-16,187670.99,435012.4,513814.04
2001-01-17,194352.08,465985.29,568689.38
2001-01-18,202845.27,506712.4,643244.56
2001-01-19,201729.62,501087.89,632566.7
2001-01-22,200781.49,496327.56,623584.26
2001-01-23,207387.2,528985.91,685132.02
2001-01-24,207117.6,527610.55,682391.49
2001-01-25,197196.66,477065.46,584331.84
2001-01-26,199917.98,490280.17,608581.61
2001-01-29,204676.03,513666.54,652095.19
2001-01-30,204041.53,510481.8,646030.71
2001-01-31,196961.29,475105.41,578843.51
2001-02-01,198547.33,480789.51,588844.75
2001-02-02,188262.57,431027.8,497397.16
2001-02-05,187886.05,429346.79,494462.51
2001-02-06,188336.98,431407.66,498022.64
2001-02-07,183496.72,409233.3,459625.1
2001-02-08,179386.39,390899.65,428738.29
2001-02-09,172228.87,359744.95,377461.19
2001-02-12,174140.61,367731.29,390030.65
2001-02-13,168167.59,342504.92,349896.5
2001-02-14,175583.78,372713.85,396187.8
2001-02-15,180552.8,393809.46,429824.15
2001-02-16,168473.82,341157.13,343601.42
2001-02-20,159527.86,304960.36,288900.08
2001-02-21,156736.12,294317.24,273761.71
2001-02-22,154745.57,286841.59,263331.39
2001-02-23,156540.62,293525.0,272521.66
2001-02-26,159702.74,305383.41,289063.72
2001-02-27,149561.62,266630.25,234025.99
2001-02-28,145284.16,251379.0,213946.56
2001-03-01,150347.2,267646.63,234583.09
2001-03-02,143731.92,244066.96,203594.66
2001-03-05,146434.08,253243.88,215077.4
2001-03-06,150988.18,268995.65,235144.13
2001-03-07,152513.16,274429.36,242245.48
2001-03-08,148075.03,258457.57,221097.45
2001-03-09,138509.38,225090.7,178270.87
2001-03-12,128398.2,192227.45,139229.55
2001-03-13,136731.24,217178.58,166337.54
2001-03-14,133326.63,206341.37,153895.5
2001-03-15,129726.81,195198.93,141414.57
2001-03-16,125873.93,183604.12,128814.53
2001-03-19,132205.39,202093.05,148265.53
2001-03-20,123347.63,174992.37,118449.33
2001-03-21,122632.21,172944.96,116376.47
2001-03-22,130026.93,193819.42,137440.61
2001-03-23,130260.98,194536.55,138196.53
2001-03-26,128111.67,188116.85,131355.8
2001-03-27,132608.39,201303.84,145174.43
2001-03-28,122410.81,170343.31,111682.69
2001-03-29,119423.99,162030.55,103507.52
2001-03-30,120200.24,164120.75,105515.56
2001-04-02,116355.03,152768.05,94555.28
2001-04-03,107337.52,129089.0,72571.18
2001-04-04,105169.3,123860.9,68166.11
2001-04-05,116548.62,150664.4,90292.83
2001-04-06,111105.8,136607.41,77651.83
2001-04-09,113639.01,142850.37,82970.98
2001-04-10,122593.76,165349.3,102577.02
2001-04-11,126394.17,175584.42,112106.43
2001-04-12,131525.77,189859.44,125772.2
2001-04-16,126606.71,175657.95,111673.14
2001-04-17,128239.94,180189.93,115994.89
2001-04-18,140461.2,214534.13,149157.83
2001-04-19,149858.06,243238.79,179093.81
2001-04-20,148344.49,238325.37,173667.26
2001-04-23,139013.62,208320.21,140878.88
2001-04-24,135204.65,196904.26,129284.55
2001-04-25,139206.71,208560.99,140752.09
2001-04-26,135295.0,196839.86,128886.69
2001-04-27,138907.37,207370.8,139223.4
2001-04-30,142338.39,217614.91,149525.93
2001-05-01,147752.03,233121.22,165523.61
2001-05-02,151091.22,243658.3,176762.67
2001-05-03,144579.19,222654.95,153889.58
2001-05-04,148121.38,233565.05,165200.46
2001-05-07,145929.18,226674.88,157882.08
2001-05-08,148526.72,234767.17,166328.77
2001-05-09,144501.65,222019.31,152789.61
2001-05-10,141539.37,212894.32,143377.77
2001-05-11,140223.05,208934.48,139377.53
2001-05-14,138203.84,202938.06,133370.36
2001-05-15,138342.04,203323.65,133757.13
2001-05-16,146241.37,226563.54,156683.11
2001-05-17,148215.63,232680.76,163028.77
2001-05-18,148408.31,233285.73,163680.89
2001-05-21,158025.17,263519.56,195484.08
2001-05-22,157282.45,261042.47,192727.76
2001-05-23,150708.04,239219.32,168559.7
2001-05-24,154234.61,250414.78,180392.59
2001-05-25,150949.42,239747.11,168883.54
2001-05-29,144232.17,218409.62,146354.48
2001-05-30,136948.44,196372.09,124196.41
2001-05-31,138550.74,200986.84,128568.12
2001-06-01,142207.19,210654.49,137870.57
2001-06-04,142050.76,210191.05,137429.38
2001-06-05,148627.71,229633.72,156504.58
2001-06-06,147081.99,224834.37,151605.99
2001-06-07,151670.94,238886.52,165811.47
2001-06-08,146483.8,222570.57,148815.79
2001-06-11,142645.92,210907.87,137103.99
2001-06-12,143073.86,212173.32,138337.93
2001-06-13,138295.19,198000.14,124490.3
2001-06-14,132210.2,180556.33,108045.13
2001-06-15,131443.38,178479.93,106175.95
2001-06-18,128735.65,171126.56,99614.28
2001-06-19,129456.57,173060.29,101297.76
2001-06-20,132977.79,182492.08,109573.78
2001-06-21,135265.01,188788.05,115238.75
2001-06-22,133425.4,183671.9,110548.53
2001-06-25,134692.94,187161.66,113699.17
2001-06-26,135285.59,188827.4,115211.36
2001-06-27,135623.81,189771.54,116075.45
2001-06-28,139706.08,201214.76,126568.67
2001-06-29,141340.65,205943.31,131023.89
2001-07-02,141599.52,205741.4,130853.12
2001-07-03,141217.2,204630.4,129793.2
2001-07-05,135695.6,188648.76,114581.44
2001-07-06,129304.34,170896.92,98402.54
2001-07-09,131515.45,176724.5,103440.75
2001-07-10,125926.04,161702.92,90252.06
2001-07-11,127210.49,165001.66,93022.79
2001-07-12,135619.1,186831.38,111478.52
2001-07-13,135700.47,187036.89,111668.03
2001-07-16,130638.84,173065.23,99161.21
2001-07-17,134035.45,182064.63,106895.79
2001-07-18,129183.37,168864.94,95276.21
2001-07-19,131431.16,174741.44,100249.63
2001-07-20,129919.7,170739.86,96801.04
2001-07-23,126307.93,161263.8,88737.52
2001-07-24,124362.79,156296.88,84646.72
2001-07-25,126141.18,160782.6,88286.53
2001-07-26,129673.13,169770.34,95693.77
2001-07-27,130438.2,171756.66,97377.98
2001-07-30,129420.79,169077.25,95099.33
2001-07-31,130469.09,171833.21,97419.76
2001-08-01,134544.55,181725.37,105929.59
2001-08-02,136253.27,186323.02,109954.92
2001-08-03,134263.97,180882.39,105138.89
2001-08-06,132464.83,176052.83,100922.82
2001-08-07,131961.46,174714.83,99772.3
2001-08-08,126498.26,160265.91,87390.56
2001-08-09,126713.31,160794.79,87827.51
2001-08-10,125826.31,158527.58,85974.35
2001-08-13,128607.08,165550.36,91683.05
2001-08-14,126793.72,160881.84,87804.85
2001-08-15,122292.54,149443.14,78444.86
2001-08-16,123062.98,151341.07,79935.31
2001-08-17,117980.48,138825.16,70023.33
2001-08-20,119490.63,142379.08,72712.23
2001-08-21,115188.97,132142.03,64866.58
2001-08-22,117884.39,138326.27,69420.21
2001-08-23,116446.2,134964.95,66886.37
2001-08-24,122874.03,149865.08,77962.76
2001-08-27,122775.73,149625.29,77775.65
2001-08-28,118724.13,139764.98,70083.64
2001-08-29,116658.33,134901.16,66425.27
2001-08-30,113088.59,126645.21,60334.07
2001-08-31,114321.25,129393.41,62300.96
2001-09-04,111261.79,121840.02,56960.47
2001-09-05,110571.97,120329.21,55901.01
2001-09-06,106381.29,111208.25,49550.65
2001-09-07,105806.83,109996.08,48742.98
2001-09-10,106674.45,111800.02,49942.06
2001-09-17,97873.81,93341.83,37576.4
2001-09-18,95681.44,89160.12,35051.27
2001-09-19,94399.3,86770.63,33642.21
2001-09-20,91123.65,80740.07,30136.69
2001-09-21,88052.78,75298.19,27089.87
2001-09-24,93062.98,83859.59,31711.4
2001-09-25,92811.71,83398.37,31451.37
2001-09-26,91586.6,81196.65,30205.89
2001-09-27,89406.84,77339.81,28052.21
2001-09-28,91293.32,80595.81,29825.11
2001-10-01,90443.96,78719.71,28990.81
2001-10-02,91086.11,79829.65,29605.41
2001-10-03,98163.5,92227.2,36503.48
2001-10-04,99046.98,93887.29,37489.07
2001-10-05,99918.59,95539.71,38475.03
2001-10-08,100538.08,96724.4,39190.67
2001-10-09,97783.34,91423.9,35969.19
2001-10-10,102506.28,100255.45,41181.13
2001-10-11,109199.94,113348.81,49248.51
2001-10-12,109516.62,113994.9,49672.05
2001-10-15,108344.79,111555.41,48077.58
2001-10-16,110381.67,115749.89,50784.35
2001-10-17,103306.2,100922.33,41023.6
2001-10-18,104525.22,103304.1,42475.83
2001-10-19,105884.05,105979.67,44128.14
2001-10-22,108668.8,111564.8,47614.26
2001-10-23,108744.86,111720.99,47714.25
2001-10-24,111941.96,118279.02,51917.88
2001-10-25,116218.15,127303.71,57862.48
2001-10-26,114323.79,123140.87,55027.21
2001-10-29,108013.12,109546.12,45914.71
2001-10-30,105474.81,104397.45,42677.72
2001-10-31,107246.79,107905.21,44824.41
2001-11-01,112433.77,117836.46,51239.25
2001-11-02,112557.45,118107.49,51413.46
2001-11-05,116857.14,127130.9,57300.3
2001-11-06,120246.0,134491.78,62279.7
2001-11-07,120366.25,134774.21,62472.76
2001-11-08,119258.88,132280.89,60742.27
2001-11-09,119604.73,133048.12,61270.73
2001-11-12,120693.13,135469.59,62943.42
2001-11-13,124796.7,144681.52,69369.94
2001-11-14,125196.05,145621.95,70042.83
2001-11-15,124933.13,145010.34,69601.56
2001-11-16,124895.65,144923.33,69545.88
2001-11-19,127693.32,151415.9,74219.36
2001-11-20,122330.2,138712.11,64875.14
2001-11-21,122513.69,139128.24,65167.08
2001-11-23,124522.92,143691.65,68373.3
2001-11-26,127847.68,151379.15,73856.84
2001-11-27,127080.59,149547.46,72520.03
2001-11-28,122912.35,139737.15,65376.81
2001-11-29,126243.27,147324.88,70698.48
2001-11-30,125990.79,146720.85,70267.22
2001-12-03,124226.6,141965.06,66974.1
2001-12-04,129518.66,154046.29,75526.69
2001-12-05,136383.15,170375.19,87535.43
2001-12-06,136151.29,169795.92,87089.0
2001-12-07,132652.21,161085.39,80383.15
2001-12-10,130383.85,155592.38,76267.53
2001-12-11,131648.58,158595.31,78479.29
2001-12-12,132333.15,160244.7,79711.41
2001-12-13,126947.19,147184.76,69970.68
2001-12-14,127239.17,147876.53,70460.47
2001-12-17,129987.53,154264.79,75026.31
2001-12-18,131365.4,157519.78,77404.65
2001-12-19,129066.51,152006.59,73340.9
2001-12-20,123413.39,138690.81,63703.91
2001-12-21,125067.13,142421.59,66271.18
2001-12-24,124992.09,142250.69,66151.89
2001-12-26,126067.03,144697.4,67851.99
2001-12-27,127302.48,147547.94,69853.62
2001-12-28,128460.94,150233.31,71767.61
2001-12-31,124966.8,142060.62,65911.38
2002-01-02,128114.15,148590.93,70621.86
2002-01-03,132585.33,158977.44,78023.03
2002-01-04,133248.26,160567.21,79201.18
2002-01-07,131249.53,155734.14,75629.2
2002-01-08,132588.28,158895.54,77935.89
2002-01-09,131567.35,156448.55,76135.58
2002-01-10,131804.17,156996.12,76539.09
2002-01-11,130011.63,152725.83,73416.3
2002-01-14,127593.42,147044.43,69319.67
2002-01-15,128282.42,148632.51,70449.58
2002-01-16,124023.45,138778.17,63439.85
2002-01-17,127471.3,146494.24,68730.73
2002-01-18,123162.77,136605.88,61768.31
2002-01-22,119467.88,128409.52,56209.16
2002-01-23,123243.07,136525.01,61532.17
2002-01-24,124512.47,139337.42,63427.36
2002-01-25,123964.62,138111.25,62590.12
2002-01-28,124485.27,139285.2,63385.01
2002-01-30,122418.81,134674.86,60234.78
2002-01-31,123312.47,136641.11,61553.92
2002-02-01,122054.33,133246.3,59410.42
2002-02-04,118136.39,124705.21,53695.14
2002-02-05,116836.89,121949.23,51917.83
2002-02-06,115481.58,119132.2,50116.28
2002-02-07,112917.89,113842.73,46778.54
2002-02-08,115977.97,120013.01,50581.63
2002-02-11,118007.58,124225.46,53242.22
2002-02-12,116980.91,122063.94,51852.6
2002-02-13,118735.63,125725.86,54185.97
2002-02-14,117773.87,123689.1,52869.25
2002-02-15,114735.3,117319.11,48782.46
2002-02-19,110788.41,109247.56,43748.11
2002-02-20,112461.31,112557.76,45734.27
2002-02-21,107670.46,102967.84,39889.43
2002-02-22,108305.72,104172.56,40591.49
2002-02-25,112443.0,112131.34,45247.33
2002-02-26,111903.27,111043.67,44591.24
2002-02-27,110090.44,107445.86,42424.11
2002-02-28,108549.17,104448.12,40646.54
2002-03-01,115166.83,116712.8,48067.39
2002-03-04,119923.22,126353.28,54022.94
2002-03-05,120259.0,127073.49,54482.13
2002-03-06,121942.63,130631.55,56770.38
2002-03-07,120893.92,128371.62,55300.03
2002-03-08,124774.62,136600.24,60619.89
2002-03-11,124674.8,136368.02,60468.34
2002-03-12,122006.76,130531.47,56586.27
2002-03-13,119261.61,124644.5,52761.04
2002-03-14,118534.11,123123.84,51795.51
2002-03-15,119992.08,126165.0,53711.95
2002-03-18,120832.02,127931.31,54839.9
2002-03-19,120735.36,127726.62,54708.28
2002-03-20,116425.11,118619.71,48854.5
2002-03-21,119475.44,124823.52,52689.57
2002-03-22,117958.11,121665.49,50687.37
2002-03-25,114549.12,114633.22,46292.78
2002-03-26,115511.33,116547.6,47454.72
2002-03-27,115268.76,116058.1,47155.76
2002-03-28,116571.29,118692.61,48759.06
2002-04-01,119143.45,123412.03,51869.79
2002-04-02,113650.94,112045.79,44701.38
2002-04-03,112343.96,109468.73,43159.18
2002-04-04,112568.64,109906.61,43413.82
2002-04-05,110936.4,106719.32,41525.32
2002-04-08,112245.45,109237.89,42995.32
2002-04-09,108406.65,101766.02,38584.0
2002-04-10,109859.3,104483.17,40131.22
2002-04-11,106750.28,98558.98,36720.06
2002-04-12,108938.67,102609.75,38982.02
2002-04-15,109200.12,103102.28,39262.69
2002-04-16,113939.4,112051.55,44378.62
2002-04-17,113119.04,110426.81,43415.6
2002-04-18,112485.57,109201.07,42690.56
2002-04-19,111608.19,107497.53,41691.6
2002-04-22,108773.34,102036.66,38514.7
2002-04-23,106597.87,97955.19,36199.97
2002-04-24,104945.6,94918.58,34516.67
2002-04-25,104945.6,94918.58,34516.67
2002-04-26,100800.25,87420.01,30426.44
2002-04-29,100467.61,86843.04,30125.22
2002-04-30,102908.97,91063.61,32324.36
2002-05-01,102633.41,90181.0,32082.53
2002-05-02,99225.98,84192.98,28887.11
2002-05-03,96417.88,79436.08,26437.49
2002-05-06,94026.72,75488.11,24467.89
2002-05-07,93876.28,75239.0,24348.0
2002-05-08,103845.94,91227.28,32107.71
2002-05-09,100439.79,85251.9,28951.52
2002-05-10,96261.5,78158.94,25335.48
2002-05-13,100535.51,85099.45,28707.63
2002-05-14,105723.14,93873.21,33148.7
2002-05-15,106167.17,94661.74,33566.37
2002-05-16,106559.99,95352.77,33935.6
2002-05-17,107369.85,96792.6,34705.94
2002-05-20,104653.39,91885.21,32068.29
2002-05-21,101712.63,86721.26,29364.93
2002-05-22,102404.28,87909.35,29966.91
2002-05-23,104206.59,91003.75,31549.17
2002-05-24,101476.38,86235.16,29066.25
2002-05-28,100806.64,85105.48,28493.64
2002-05-29,98689.7,81531.05,26698.54
2002-05-30,99439.74,82762.17,27304.6
2002-05-31,97858.65,80130.33,26002.17
2002-06-03,94355.45,74067.02,23263.6
2002-06-04,95959.49,76577.89,24447.72
2002-06-05,97331.71,78760.36,25494.08
2002-06-06,94236.56,73759.08,23064.5
2002-06-07,92823.02,71546.31,22026.6
2002-06-10,92442.44,70966.78,21757.87
2002-06-11,89622.95,66637.81,19767.03
2002-06-12,91442.29,69343.3,20972.81
2002-06-13,90070.66,67269.94,20031.13
2002-06-14,90322.86,67639.92,20197.39
2002-06-17,93601.58,72557.35,22398.91
2002-06-18,92656.2,71091.69,21720.22
2002-06-19,89339.11,66001.52,19387.47
2002-06-20,86480.26,61784.02,17528.21
2002-06-21,84300.95,58663.93,16201.33
2002-06-24,86096.56,61163.02,17236.59
2002-06-25,83255.38,57120.14,15528.44
2002-06-26,83621.7,57622.8,15731.87
2002-06-27,85528.28,60250.4,16807.93
2002-06-28,85588.15,60340.77,16844.9
2002-07-01,81732.09,54677.6,14710.21
2002-07-02,78904.16,50899.38,13184.76
2002-07-03,81523.77,54284.19,14499.29
2002-07-05,86863.58,61395.42,17348.4
2002-07-08,83050.27,56004.9,15063.61
2002-07-09,81073.67,53344.67,13989.58
2002-07-10,78519.85,49983.95,12667.56
2002-07-11,81707.76,54047.65,14211.74
2002-07-12,81936.54,54350.31,14331.12
2002-07-15,83591.66,56546.07,15199.58
2002-07-16,82797.54,55471.69,14764.87
2002-07-17,84221.66,57385.47,15528.22
2002-07-18,81425.5,53575.07,13983.16
2002-07-19,79039.73,50435.57,12752.64
2002-07-22,76881.94,47681.79,11708.2
2002-07-23,73406.88,43376.12,10121.74
2002-07-24,77899.38,48685.36,11980.09
2002-07-25,73225.42,42838.25,9822.48
2002-07-26,74572.77,44414.7,10364.68
2002-07-29,79420.0,50188.61,12385.79
2002-07-30,80253.91,51247.59,12777.18
2002-07-31,78761.18,49341.18,12064.21
2002-08-01,75266.42,44812.2,10663.25
2002-08-02,73527.77,42746.36,9925.35
2002-08-05,70608.71,39352.3,8743.24
2002-08-06,74301.55,43468.55,10115.06
2002-08-07,75713.28,45124.7,10692.63
2002-08-08,78030.11,47890.85,11675.28
2002-08-09,77210.79,46889.93,11308.67
2002-08-12,77349.77,47054.04,11368.61
2002-08-13,74766.29,43910.83,10229.48
2002-08-14,79813.01,49834.4,12299.92
2002-08-15,80810.67,51085.25,12762.4
2002-08-16,82055.16,52653.56,13350.74
2002-08-19,84516.81,55812.78,14552.31
2002-08-20,83037.77,53859.33,13789.77
2002-08-21,85296.4,56794.66,14916.4
2002-08-22,86413.78,58282.68,15502.61
2002-08-23,83242.39,53998.91,13794.22
2002-08-26,83758.5,54673.89,14052.17
2002-08-27,80274.14,50125.02,12297.06
2002-08-28,77833.81,47077.42,11175.57
2002-08-29,79227.03,48762.79,11775.69
2002-08-30,77634.57,46797.65,11064.44
2002-09-03,74587.26,43007.76,9990.52
2002-09-04,76354.98,45046.32,10701.85
2002-09-05,73201.52,41320.99,9374.82
2002-09-06,76458.99,44998.56,10626.36
2002-09-09,77292.39,45975.03,10972.77
2002-09-10,78575.44,47501.4,11519.22
2002-09-11,78465.44,47368.4,11470.84
2002-09-12,75860.38,44227.87,10329.49
2002-09-13,76588.64,45081.47,10628.01
2002-09-16,75317.27,43584.77,10098.74
2002-09-17,74405.93,42534.37,9733.16
2002-09-18,74212.48,42313.19,9657.24
2002-09-19,71785.73,39545.91,8709.87
2002-09-20,72252.34,40063.96,8880.58
2002-09-23,69889.69,37443.78,8008.51
2002-09-24,69945.6,37503.69,8028.53
2002-09-25,72988.23,40762.76,9075.45
2002-09-26,72433.52,40143.17,8868.53
2002-09-27,71325.29,38914.79,8460.58
2002-09-30,69021.48,36397.0,7639.9
2002-10-01,72705.56,40276.76,9257.51
2002-10-02,70946.09,38327.37,8585.41
2002-10-03,69583.92,36851.77,8090.04
2002-10-04,68094.83,35274.51,7571.47
2002-10-07,67195.98,34343.26,7271.64
2002-10-08,67767.14,34927.1,7457.06
2002-10-09,67428.31,34577.83,7345.21
2002-10-10,70948.06,38187.75,8495.47
2002-10-11,74374.86,41876.69,9726.46
2002-10-14,75222.73,42831.48,10059.1
2002-10-15,79367.5,47555.79,11722.88
2002-10-16,76002.32,43523.06,10231.73
2002-10-17,78920.81,46865.63,11409.4
2002-10-18,79844.18,47962.29,11809.87
2002-10-21,81784.4,50293.25,12670.81
2002-10-22,80492.2,48703.99,12070.21
2002-10-23,82617.2,51275.56,13026.17
2002-10-24,80576.55,48747.67,12062.24
2002-10-25,83138.89,51843.15,13211.77
2002-10-28,81792.04,50168.61,12571.0
2002-10-29,80237.99,48257.19,11853.19
2002-10-30,82348.25,50795.52,12788.41
2002-10-31,82636.47,51151.09,12922.69
2002-11-01,85613.93,54734.66,14624.02
2002-11-04,87959.75,57734.12,15826.11
2002-11-05,88241.23,58109.39,15979.63
2002-11-06,89538.37,59823.61,16685.93
2002-11-07,86171.73,55324.88,14803.75
2002-11-08,84715.43,53454.9,14053.2
2002-11-11,81691.09,49643.56,12549.51
2002-11-12,84166.33,52651.96,13690.26
2002-11-13,85007.99,53705.0,14099.6
2002-11-14,88858.85,58576.05,16017.15
2002-11-15,89152.08,58956.79,16174.11
2002-11-18,87796.97,57170.4,15438.19
2002-11-19,86181.51,55066.53,14586.0
2002-11-20,89921.79,59851.81,16486.56
2002-11-21,93923.31,65172.64,18685.87
2002-11-22,93744.85,64924.98,18579.36
2002-11-25,94672.93,66210.5,19131.16
2002-11-26,91349.91,61562.52,17116.65
2002-11-27,94556.29,65884.21,18919.04
2002-11-29,93752.56,64764.18,18436.6
2002-12-02,94620.14,65773.24,19156.27
2002-12-03,91951.86,62057.05,17533.73
2002-12-04,90324.31,59854.02,16600.94
2002-12-05,88933.31,58016.51,15835.63
2002-12-06,90027.19,59437.91,16418.38
2002-12-09,85705.89,53737.81,14055.78
2002-12-10,87248.59,55667.0,14813.38
2002-12-11,87527.79,56017.7,14954.11
2002-12-12,87834.14,56409.83,15111.13
2002-12-13,84953.18,52709.34,13624.2
2002-12-16,88045.47,56546.58,15110.59
2002-12-17,87842.97,56286.47,15004.82
2002-12-18,85620.54,53438.37,13865.95
2002-12-19,84969.83,52631.45,13551.2
2002-12-20,85607.1,53420.93,13856.1
2002-12-23,87182.27,55392.16,14622.34
2002-12-24,86423.78,54428.33,14240.7
2002-12-26,85844.74,53698.99,13954.46
2002-12-27,84273.79,51733.61,13188.36
2002-12-30,83599.6,50905.87,12873.16
2002-12-31,83131.44,50330.64,12655.6
2003-01-02,87336.31,55329.15,14902.67
2003-01-03,87659.45,55733.05,15066.6
2003-01-06,90192.81,58960.0,16374.38
2003-01-07,91076.7,60109.72,16854.15
2003-01-08,88581.2,56821.71,15470.42
2003-01-09,91433.52,60475.35,16963.32
2003-01-10,92393.57,61745.33,17497.66
2003-01-13,92023.99,61251.37,17287.69
2003-01-14,93036.26,62592.77,17856.45
2003-01-15,91231.35,60157.92,16815.42
2003-01-16,90200.44,58798.35,16245.38
2003-01-17,86475.16,53935.72,14230.95
2003-01-21,85740.12,53018.82,13868.06
2003-01-22,87283.44,54927.49,14616.94
2003-01-23,88313.39,56218.29,15132.92
2003-01-24,84374.61,51209.24,13109.65
2003-01-27,83454.93,50092.88,12680.96
2003-01-28,85532.96,52592.51,13629.5
2003-01-29,86935.7,54312.29,14298.7
2003-01-30,83719.08,50298.61,12712.98
2003-01-31,84639.99,51410.21,13133.78
2003-02-03,85267.7,52071.13,13696.49
2003-02-04,82061.63,48150.18,12150.16
2003-02-05,82709.92,48910.95,12438.12
2003-02-06,82130.95,48226.19,12176.92
2003-02-07,81350.7,47309.9,11829.87
2003-02-10,83303.12,49576.04,12680.44
2003-02-11,82270.16,48351.51,12210.0
2003-02-12,81768.31,47761.62,11986.56
2003-02-13,80222.89,45961.01,11308.12
2003-02-14,83953.26,50230.79,12884.47
2003-02-18,86790.88,53626.39,14192.24
2003-02-19,84985.63,51400.9,13308.06
2003-02-20,85444.55,51950.88,13522.32
2003-02-21,87127.81,53997.75,14320.14
2003-02-24,84993.18,51346.46,13266.18
2003-02-25,85630.63,52121.79,13565.99
2003-02-26,83258.66,49229.03,12437.3
2003-02-27,85573.25,51961.24,13473.33
2003-02-28,86625.8,53244.69,13971.84
2003-03-03,84982.5,51100.45,13403.82
2003-03-04,84438.62,50446.36,13146.47
2003-03-05,85570.09,51793.28,13673.64
2003-03-06,85270.6,51430.73,13528.7
2003-03-07,85304.71,51471.87,13546.29
2003-03-10,82754.1,48399.0,12332.54
2003-03-11,82274.12,47842.41,12119.19
2003-03-12,83516.46,49287.25,12668.19
2003-03-13,88544.15,55216.51,14954.8
2003-03-14,87711.84,54178.44,14533.07
2003-03-17,92606.16,60230.17,16967.36
2003-03-18,93041.41,60796.33,17206.6
2003-03-19,91031.71,58169.93,16091.61
2003-03-20,93644.32,61508.89,17477.1
2003-03-21,94533.94,62683.71,17976.95
2003-03-24,89892.33,56534.44,15330.74
2003-03-25,92454.26,59756.9,16639.98
2003-03-26,92417.28,59709.09,16618.35
2003-03-27,92047.61,59231.42,16418.93
2003-03-28,89783.24,56323.16,15208.86
2003-03-31,88795.62,55084.05,14708.49
2003-04-01,89170.61,55433.97,15146.13
2003-04-02,92229.16,59236.74,16704.67
2003-04-03,93252.9,60551.8,17260.93
2003-04-04,90278.13,56688.59,15610.79
2003-04-07,91045.5,57646.63,16007.3
2003-04-08,91291.32,57952.16,16135.36
2003-04-09,88479.55,54382.3,14642.84
2003-04-10,89532.46,55671.16,15164.12
2003-04-11,88234.23,54051.13,14502.97
2003-04-14,90819.5,57223.93,15779.23
2003-04-15,91509.73,58099.46,16140.57
2003-04-16,90905.76,57326.74,15819.38
2003-04-17,93787.47,60955.52,17322.22
2003-04-21,92577.62,59388.96,16653.58
2003-04-22,95429.01,63041.38,18190.7
2003-04-23,96450.1,64396.77,18776.45
2003-04-24,96421.16,64358.14,18761.42
2003-04-25,93480.32,60432.29,17044.75
2003-04-28,96004.28,63689.59,18423.67
2003-04-29,95428.26,62918.95,18090.21
2003-04-30,96554.31,64410.13,18732.41
2003-05-01,97296.95,65234.68,19378.57
2003-05-02,98843.97,67309.14,20301.0
2003-05-05,100188.25,69146.68,21131.31
2003-05-06,100889.57,70107.82,21572.95
2003-05-07,98316.88,66532.32,19920.46
2003-05-08,98395.54,66638.77,19968.27
2003-05-09,99409.01,68011.53,20587.29
2003-05-12,101128.79,70364.73,21655.77
2003-05-13,101280.48,70582.86,21755.38
2003-05-14,99133.33,67583.09,20369.57
2003-05-15,99847.09,68563.04,20811.59
2003-05-16,99607.46,68233.94,20661.74
2003-05-19,96649.12,64180.84,18822.85
2003-05-20,95856.59,63134.7,18361.69
2003-05-21,95933.28,63235.71,18407.59
2003-05-22,98849.65,67080.44,20086.36
2003-05-23,98661.84,66825.54,19969.86
2003-05-27,102026.21,71376.36,22010.78
2003-05-28,102699.58,72318.52,22448.8
2003-05-29,104137.37,74336.21,23389.4
2003-05-30,104387.3,74685.59,23555.47
2003-06-02,103062.26,72569.13,22797.37
2003-06-03,104690.65,74862.32,23877.96
2003-06-04,107276.51,78553.03,25644.93
2003-06-05,107566.15,78969.36,25850.09
2003-06-06,105694.5,76221.23,24498.13
2003-06-09,103749.72,73416.28,23145.83
2003-06-10,105928.47,76499.77,24604.02
2003-06-11,107453.84,78710.61,25669.38
2003-06-12,106368.55,77112.79,24889.03
2003-06-13,104890.03,74976.76,23853.64
2003-06-16,108508.74,80142.66,26320.11
2003-06-17,107391.1,78491.72,25509.45
2003-06-18,109635.57,81764.83,27106.34
2003-06-19,106796.01,77529.41,25000.18
2003-06-20,106304.75,76808.39,24652.68
2003-06-23,103912.89,73352.01,22986.16
2003-06-24,103777.8,73153.96,22894.21
2003-06-25,103632.52,72949.13,22798.06
2003-06-26,106316.6,76720.6,24567.18
2003-06-27,104775.01,74503.37,23500.97
2003-06-30,104795.96,74533.17,23515.07
2003-07-01,107001.76,77456.74,25179.8
2003-07-02,109334.39,80833.86,26824.04
2003-07-03,107803.71,78578.59,25700.11
2003-07-07,112536.3,85477.79,29084.82
2003-07-08,113999.27,87691.67,30216.22
2003-07-09,112813.68,85867.68,29273.47
2003-07-10,110647.65,82570.36,27587.32
2003-07-11,111610.29,84007.09,28310.11
2003-07-14,113250.96,86476.9,29561.41
2003-07-15,112820.61,85819.67,29224.41
2003-07-16,112109.84,84738.34,28672.07
2003-07-17,109665.84,81043.75,26794.05
2003-07-18,111256.0,83394.02,27959.59
2003-07-21,108140.83,78715.62,25608.19
2003-07-22,111060.63,82966.26,27679.89
2003-07-23,111504.87,83629.99,28009.29
2003-07-24,109899.2,81221.45,26796.48
2003-07-25,112196.1,84616.5,28476.62
2003-07-28,112858.05,85614.98,28980.66
2003-07-29,110341.32,81787.99,27038.95
2003-07-30,110738.55,82376.86,27333.68
2003-07-31,113994.26,87228.86,29747.24
2003-08-01,111082.33,82500.22,27543.14
2003-08-04,112581.94,84727.72,28655.88
2003-08-05,108157.47,78059.65,25274.49
2003-08-06,109066.0,79371.05,25911.41
2003-08-07,108018.96,77847.13,25167.75
2003-08-08,106171.84,75176.97,23874.13
2003-08-11,108465.15,78417.1,25418.78
2003-08-12,109463.03,79867.82,26122.88
2003-08-13,108773.41,78861.48,25629.16
2003-08-14,110557.3,81440.25,26887.55
2003-08-15,110866.86,81888.18,27110.72
2003-08-18,113283.75,85458.5,28883.76
2003-08-19,114733.79,87646.24,29992.9
2003-08-20,115273.03,88470.11,30418.79
2003-08-21,114535.29,87328.85,29831.71
2003-08-22,115016.33,88071.14,30210.57
2003-08-25,114245.73,86899.8,29606.36
2003-08-26,115479.58,88776.83,30565.61
2003-08-27,116380.32,90161.75,31277.79
2003-08-28,117474.29,91865.81,32162.95
2003-08-29,118555.06,93556.14,33050.65
2003-09-02,120507.53,96341.7,34775.25
2003-09-03,119941.14,95436.09,34288.39
2003-09-04,121836.21,98442.33,35910.23
2003-09-05,119972.12,95429.99,34261.95
2003-09-08,122839.45,100001.09,36721.96
2003-09-09,120849.46,96761.05,34933.6
2003-09-10,117961.15,92126.2,32425.37
2003-09-11,120237.8,95682.27,34306.04
2003-09-12,120201.73,95624.86,34275.16
2003-09-15,119168.0,93980.11,33390.87
2003-09-16,122492.78,99224.2,36185.68
2003-09-17,121280.11,97259.56,35107.35
2003-09-18,124105.93,101782.13,37557.84
2003-09-19,122480.14,99105.26,36078.06
2003-09-22,120300.0,95577.12,34151.49
2003-09-23,122958.63,99811.18,36419.15
2003-09-24,118618.19,92754.53,32558.72
2003-09-25,117384.56,90825.24,31542.89
2003-09-26,115928.99,88563.69,30366.34
2003-09-29,118259.16,92132.81,32200.47
2003-09-30,115314.51,87535.38,29791.87
2003-10-01,118825.69,92613.22,32654.64
2003-10-02,117922.61,91196.24,31906.85
2003-10-03,123240.92,99431.26,36227.03
2003-10-06,123093.03,99192.62,36096.62
2003-10-07,123856.21,100412.69,36764.4
2003-10-08,122407.09,98073.08,35477.65
2003-10-09,123312.9,99534.36,36268.8
2003-10-10,123966.46,100589.43,36845.48
2003-10-13,124945.8,102188.8,37722.4
2003-10-14,126370.18,104508.49,39008.73
2003-10-15,125371.86,102857.25,38084.22
2003-10-16,126964.08,105459.54,39531.43
2003-10-17,123802.67,100207.66,36578.43
2003-10-20,125337.83,102692.81,37935.49
2003-10-21,127105.09,105588.74,39540.16
2003-10-22,123190.25,99084.48,35882.69
2003-10-23,123350.4,99352.0,36026.22
2003-10-24,121894.87,97007.3,34754.5
2003-10-27,121785.16,96822.98,34657.19
2003-10-28,126291.21,103987.88,38500.67
2003-10-29,126619.57,104528.62,38800.97
2003-10-30,125720.57,103044.31,37974.51
2003-10-31,125557.13,102776.4,37830.21
2003-11-03,129095.11,108243.99,41097.65
2003-11-04,127261.96,105180.69,39351.0
2003-11-05,128381.86,107042.39,40393.8
2003-11-06,128844.04,107813.09,40834.09
2003-11-07,128225.59,106778.09,40246.08
2003-11-10,126084.22,103211.7,38229.76
2003-11-11,125125.98,101653.2,37361.94
2003-11-12,128879.76,107752.39,40728.25
2003-11-13,128763.77,107569.22,40622.36
2003-11-14,125647.68,102362.87,37677.24
2003-11-17,123009.08,98073.86,35307.34
2003-11-18,121828.2,96190.84,34294.02
2003-11-19,123460.69,98759.14,35669.21
2003-11-20,124485.42,100388.66,36553.8
2003-11-21,122842.21,97738.4,35102.62
2003-11-24,126711.74,103895.92,38423.33
2003-11-25,126002.15,102732.29,37777.81
2003-11-26,124994.14,101078.3,36867.37
2003-11-28,127381.52,104939.49,38979.87
2003-12-01,129697.44,108444.52,41165.66
2003-12-02,128283.74,106080.42,39819.54
2003-12-03,127244.64,104372.53,38855.91
2003-12-04,128542.54,106501.73,40048.79
2003-12-05,125971.69,102231.01,37641.85
2003-12-08,127181.01,104204.07,38729.7
2003-12-09,123950.62,98900.08,35774.63
2003-12-10,123045.78,97456.14,34987.58
2003-12-11,127487.73,104502.22,38780.24
2003-12-12,125868.64,101847.86,37298.83
2003-12-15,125188.94,100747.91,36694.59
2003-12-16,126140.38,102269.2,37527.56
2003-12-17,124651.92,99865.87,36202.84
2003-12-18,128403.95,105867.81,39468.33
2003-12-19,126927.3,103443.44,38110.62
2003-12-22,127244.62,103971.0,38400.26
2003-12-23,129789.51,108129.84,40700.44
2003-12-24,129737.6,108032.52,40647.53
2003-12-26,129270.54,107243.89,40204.47
2003-12-29,131791.32,111415.67,42552.41
2003-12-30,131791.32,111415.67,42552.41
2003-12-31,130776.52,109699.87,41569.45
2004-01-02,131224.01,110111.71,42023.17
2004-01-05,134648.96,115859.54,45313.59
