date,A,B,C
2011-01-03,10164.0,10328.0,10492.0
2011-01-04,10151.8,10302.18,10453.18
2011-01-05,10237.08,10475.26,10716.6
2011-01-06,10268.81,10541.25,10817.34
2011-01-07,10264.71,10533.87,10805.44
2011-01-10,10299.61,10604.45,10914.57
2011-01-11,10319.18,10644.75,10976.78
2011-01-12,10392.44,10794.84,11209.49
2011-01-13,10395.56,10801.31,11218.46
2011-01-14,10476.64,10968.73,11479.85
2011-01-18,10500.74,11019.19,11559.06
2011-01-19,10386.28,10777.87,11179.92
2011-01-20,10308.39,10616.2,10928.38
2011-01-21,10227.98,10451.65,10673.74
2011-01-24,10372.19,10747.43,11126.31
2011-01-25,10388.79,10781.82,11178.6
2011-01-26,10434.5,10876.7,11326.16
2011-01-27,10506.5,11025.72,11559.48
2011-01-28,10237.53,10462.3,10672.87
2011-01-31,10288.72,10566.92,10834.03
2011-02-01,10992.63,11484.15,11975.54
2011-02-02,10973.94,11446.25,11915.66
2011-02-03,10983.82,11465.71,11946.64
2011-02-04,11055.21,11614.76,12179.6
2011-02-07,11107.17,11723.94,12351.33
2011-02-08,11174.92,11868.15,12578.59
2011-02-09,11162.63,11840.85,12535.83
2011-02-10,11178.26,11875.19,12589.73
2011-02-11,11248.68,12023.63,12826.42
2011-02-14,11279.05,12088.55,12930.31
2011-02-15,11262.14,12051.08,12870.83
2011-02-16,11337.59,12213.77,13130.82
2011-02-17,11335.32,12210.11,13124.26
2011-02-18,11311.52,12157.6,13040.26
2011-02-22,10982.35,11450.03,11901.85
2011-02-23,10879.12,11233.62,11565.03
2011-02-24,10937.87,11354.95,11751.22
2011-02-25,11094.28,11678.56,12254.18
2011-02-28,11116.47,11725.28,12327.7
2011-03-01,11439.9,11853.63,12242.76
2011-03-02,11497.1,11970.98,12425.17
2011-03-03,11718.99,12434.26,13145.83
2011-03-04,11660.4,12309.91,12949.96
2011-03-07,11502.98,11977.55,12425.49
2011-03-08,11550.14,12074.56,12577.08
2011-03-09,11476.22,11921.22,12336.86
2011-03-10,11286.86,11526.63,11724.95
2011-03-11,11361.36,11677.62,11955.93
2011-03-14,11319.32,11591.21,11823.22
2011-03-15,11165.38,11275.93,11342.01
2011-03-16,10885.13,10711.0,10489.09
2011-03-17,10995.07,10927.37,10806.91
2011-03-18,10974.18,10886.94,10746.4
2011-03-21,11179.39,11295.2,11350.34
2011-03-22,11155.92,11247.76,11278.84
2011-03-23,11218.39,11372.61,11467.19
2011-03-24,11423.69,11788.84,12097.89
2011-03-25,11444.25,11832.46,12164.43
2011-03-28,11379.02,11697.57,11955.2
2011-03-29,11489.39,11925.67,12304.29
2011-03-30,11543.39,12037.78,12479.01
2011-03-31,11556.09,12063.06,12518.94
2011-04-01,12076.59,12605.77,13084.04
2011-04-04,12033.11,12515.01,12944.04
2011-04-05,11998.21,12443.67,12832.72
2011-04-06,12021.01,12490.96,12907.15
2011-04-07,12023.42,12497.2,12916.19
2011-04-08,11963.3,12372.23,12722.44
2011-04-11,11928.6,12300.47,12613.03
2011-04-12,11845.1,12128.27,12348.16
2011-04-13,11939.86,12322.32,12643.28
2011-04-14,11912.4,12265.64,12554.77
2011-04-15,11893.34,12226.39,12494.51
2011-04-18,11814.85,12065.0,12247.12
2011-04-19,11889.28,12217.02,12478.59
2011-04-20,12152.03,12757.01,13305.92
2011-04-21,12252.9,12968.78,13637.24
2011-04-25,12285.98,13038.81,13747.7
2011-04-26,12349.87,13173.11,13960.79
2011-04-27,12440.02,13366.75,14267.93
2011-04-28,12421.36,13325.31,14202.29
2011-04-29,12391.55,13261.35,14100.04
2011-05-02,12892.84,13762.73,14602.96
2011-05-03,12830.95,13631.98,14394.14
2011-05-04,12802.72,13572.0,14299.13
2011-05-05,12736.15,13432.21,14077.5
2011-05-06,12779.45,13522.21,14219.68
2011-05-09,12821.62,13610.1,14359.03
2011-05-10,12930.61,13841.47,14726.62
2011-05-11,12832.34,13631.08,14392.33
2011-05-12,12911.9,13800.11,14660.03
2011-05-13,12758.25,13471.67,14136.66
2011-05-16,12536.25,13002.85,13398.73
2011-05-17,12566.34,13065.26,13496.54
2011-05-18,12670.64,13282.15,13832.61
2011-05-19,12706.12,13357.86,13950.18
2011-05-20,12608.28,13152.15,13627.93
2011-05-23,12422.94,12764.16,13025.58
2011-05-24,12352.13,12618.65,12802.84
2011-05-25,12391.65,12699.41,12925.75
2011-05-26,12472.2,12864.5,13176.51
2011-05-27,12527.08,12976.42,13349.12
2011-05-31,12722.5,13381.28,13973.86
2011-06-01,12943.51,13295.49,13557.66
2011-06-02,12966.8,13343.36,13632.23
2011-06-03,12774.89,12948.39,13028.32
2011-06-06,12675.25,12746.4,12724.76
2011-06-07,12644.83,12683.94,12631.87
2011-06-08,12555.05,12503.83,12364.08
2011-06-09,12576.4,12545.09,12425.9
2011-06-10,12377.69,12149.92,11838.15
2011-06-13,12383.88,12163.29,11857.09
2011-06-14,12539.91,12471.02,12306.48
2011-06-15,12309.18,12013.33,11628.39
2011-06-16,12258.71,11914.82,11485.36
2011-06-17,12219.48,11839.76,11376.25
2011-06-20,12283.03,11962.89,11553.72
2011-06-21,12547.11,12478.49,12300.09
2011-06-22,12458.03,12300.05,12036.87
2011-06-23,12565.17,12512.84,12348.62
2011-06-24,12354.07,12091.16,11725.02
2011-06-27,12550.5,12474.45,12283.13
2011-06-28,12737.5,12846.19,12830.96
2011-06-29,12785.9,12943.82,12977.23
2011-06-30,12957.24,13289.42,13497.62
2011-07-01,13667.17,14219.65,14654.1
2011-07-05,13724.57,14337.67,14837.28
2011-07-06,13767.12,14426.56,14975.27
2011-07-07,13965.36,14842.05,15623.7
2011-07-08,13924.86,14755.96,15487.77
2011-07-11,13671.43,14217.37,14640.59
2011-07-12,13566.16,13998.42,14302.39
2011-07-13,13616.36,14102.01,14461.15
2011-07-14,13458.41,13773.44,13956.45
2011-07-15,13641.44,14148.07,14525.88
2011-07-18,13567.78,13996.69,14292.01
2011-07-19,13881.19,14643.34,15282.45
2011-07-20,13821.5,14517.4,15083.77
2011-07-21,13916.87,14717.74,15396.01
2011-07-22,14063.0,15026.82,15880.98
2011-07-25,14032.06,14960.7,15776.17
2011-07-26,14062.93,15026.53,15880.29
2011-07-27,13702.92,14255.66,14659.1
2011-07-28,13728.96,14311.26,14744.12
2011-07-29,13676.79,14202.5,14577.51
2011-08-01,14124.33,14593.7,14910.15
2011-08-02,13757.1,13834.83,13747.16
2011-08-03,13876.79,14075.55,14105.96
2011-08-04,13242.62,12790.45,12173.44
2011-08-05,13165.81,12642.08,11961.63
2011-08-08,12361.38,11097.22,9769.06
2011-08-09,12964.61,12180.31,11198.27
2011-08-10,12438.25,11191.27,9834.32
2011-08-11,13001.7,12206.32,11171.79
2011-08-12,13091.41,12374.76,11403.05
2011-08-15,13283.86,12738.58,11905.92
2011-08-16,13164.3,12510.56,11585.65
2011-08-17,13087.95,12366.69,11385.22
2011-08-18,12436.17,11136.2,9685.41
2011-08-19,12227.24,10762.03,9197.26
2011-08-22,12266.37,10830.91,9285.56
2011-08-23,12772.97,11726.62,10436.97
2011-08-24,12867.49,11900.17,10668.67
2011-08-25,12646.17,11492.0,10119.23
2011-08-26,12968.65,12078.09,10893.35
2011-08-29,13340.85,12770.17,11830.18
2011-08-30,13423.56,12927.24,12049.04
2011-08-31,13443.7,12966.02,12103.26
2011-09-01,13807.05,13202.09,12232.72
2011-09-02,13488.11,12592.15,11386.22
2011-09-06,13486.76,12589.63,11382.8
2011-09-07,13836.06,13241.77,12267.25
2011-09-08,13776.57,13129.22,12110.22
2011-09-09,13461.09,12529.21,11279.46
2011-09-12,13636.08,12854.97,11720.49
2011-09-13,13814.71,13191.77,12181.11
2011-09-14,14015.03,13574.34,12710.98
2011-09-15,14225.25,13981.57,13282.98
2011-09-16,14346.17,14220.65,13623.02
2011-09-19,14363.38,14253.36,13670.7
2011-09-20,14282.95,14095.15,13442.4
2011-09-21,14048.71,13634.23,12782.38
2011-09-22,13590.72,12743.92,11530.99
2011-09-23,13729.34,13003.89,11883.83
2011-09-26,13899.59,13326.39,12327.1
2011-09-27,14019.12,13555.6,12646.37
2011-09-28,13815.85,13162.49,12096.25
2011-09-29,13672.16,12887.4,11717.64
2011-09-30,13308.48,12201.79,10781.4
2011-10-03,13459.13,12059.08,10425.14
2011-10-04,13744.46,12570.38,11088.18
2011-10-05,14090.82,13202.67,11925.34
2011-10-06,14317.68,13629.12,12502.53
2011-10-07,14218.89,13442.4,12244.98
2011-10-10,14709.44,14368.58,13511.11
2011-10-11,14813.88,14574.05,13800.24
2011-10-12,14892.39,14729.99,14021.05
2011-10-13,15018.98,14981.88,14379.99
2011-10-14,15310.35,15561.67,15215.46
2011-10-17,15068.44,15068.37,14492.73
2011-10-18,15265.84,15461.65,15060.84
2011-10-19,14955.94,14833.91,14142.13
2011-10-20,14888.64,14698.92,13949.8
2011-10-21,15080.71,15076.68,14488.26
2011-10-24,15394.38,15702.37,15390.88
2011-10-25,15080.34,15063.28,14450.5
2011-10-26,15072.8,15049.72,14430.27
2011-10-27,15493.33,15887.99,15636.64
2011-10-28,15502.63,15907.06,15664.78
2011-10-31,15235.98,15361.45,14858.05
2011-11-01,15325.27,15031.89,14153.98
2011-11-02,15458.6,15293.45,14521.98
2011-11-03,15787.87,15944.95,15449.93
2011-11-04,15712.09,15791.88,15227.45
2011-11-07,15809.5,15989.28,15512.21
2011-11-08,16002.38,16379.41,16081.51
2011-11-09,15429.49,15206.65,14354.35
2011-11-10,15415.61,15179.28,14317.03
2011-11-11,15706.96,15753.05,15128.81
2011-11-14,15611.15,15559.29,14850.44
2011-11-15,15776.63,15890.7,15324.17
2011-11-16,15497.38,15328.17,14510.45
2011-11-17,15148.69,14638.4,13531.0
2011-11-18,15027.5,14404.19,13206.25
2011-11-21,14741.98,13856.83,12453.5
2011-11-22,14775.89,13921.96,12540.67
2011-11-23,14443.43,13296.86,11695.43
2011-11-25,14339.43,13104.06,11441.64
2011-11-28,14828.41,13997.75,12612.12
2011-11-29,14742.4,13836.78,12393.93
2011-11-30,15301.14,14885.61,13803.12
2011-12-01,15897.53,15573.31,14564.87
2011-12-02,15848.25,15476.76,14429.41
2011-12-05,16019.41,15811.06,14898.37
2011-12-06,15982.56,15736.74,14794.08
2011-12-07,15976.17,15724.15,14776.33
2011-12-08,15714.16,15209.97,14050.81
2011-12-09,15962.44,15690.61,14716.82
2011-12-12,15780.47,15332.86,14213.5
2011-12-13,15616.36,15013.94,13770.04
2011-12-14,15372.74,14545.51,13126.98
2011-12-15,15329.7,14462.6,13015.4
2011-12-16,15409.41,14611.56,13217.14
2011-12-19,15252.24,14312.02,12811.37
2011-12-20,15711.33,15173.61,13968.24
2011-12-21,15485.08,14736.61,13363.42
2011-12-22,15607.42,14969.45,13680.13
2011-12-23,15751.01,15244.88,14056.33
2011-12-27,15788.81,15319.58,14158.94
2011-12-28,15608.82,14971.83,13676.12
2011-12-29,15732.12,15209.88,14001.62
2011-12-30,15681.78,15114.06,13868.6
2012-01-03,16495.71,16218.32,15203.42
2012-01-04,16550.14,16326.99,15355.45
2012-01-05,16687.51,16596.38,15736.26
2012-01-06,16739.24,16697.62,15881.04
2012-01-09,16700.74,16619.14,15769.87
2012-01-10,16819.32,16855.13,16107.35
2012-01-11,16854.64,16924.24,16207.21
2012-01-12,16923.74,17063.02,16406.56
2012-01-13,16852.66,16919.69,16199.84
2012-01-17,17004.34,17222.55,16635.61
2012-01-18,17237.29,17692.73,17317.67
2012-01-19,17349.34,17922.73,17655.37
2012-01-20,17316.37,17854.62,17552.97
2012-01-23,17318.11,17858.2,17556.48
2012-01-24,17295.59,17809.98,17486.25
2012-01-25,17520.43,18273.04,18169.96
2012-01-26,17441.59,18110.41,17926.49
2012-01-27,17492.17,18215.45,18082.45
2012-01-30,17516.66,18268.27,18160.2
2012-01-31,17535.93,18306.64,18218.31
2012-02-01,18183.83,19115.07,19178.79
2012-02-02,18240.19,19231.67,19355.23
2012-02-03,18484.61,19745.15,20131.37
2012-02-06,18479.07,19731.33,20111.24
2012-02-07,18506.79,19790.53,20201.74
2012-02-08,18606.72,20004.26,20529.01
2012-02-09,18740.69,20290.32,20970.39
2012-02-10,18618.88,20026.55,20563.56
2012-02-13,18780.86,20375.01,21100.27
2012-02-14,18822.18,20466.7,21241.64
2012-02-15,18681.01,20161.75,20765.83
2012-02-16,18946.28,20734.34,21650.45
2012-02-17,18887.55,20605.79,21449.1
2012-02-21,18930.99,20700.57,21599.25
2012-02-22,18855.27,20532.9,21337.9
2012-02-23,18966.51,20773.13,21713.44
2012-02-24,19034.79,20922.7,21945.78
2012-02-27,19053.83,20964.54,22009.42
2012-02-28,19248.18,21394.32,22685.11
2012-02-29,19173.11,21225.3,22417.42
2012-03-01,19826.56,22064.22,23453.69
2012-03-02,19812.68,22031.12,23402.09
2012-03-05,19612.57,21586.09,22693.01
2012-03-06,19418.41,21156.53,22016.76
2012-03-07,19560.16,21465.41,22498.93
2012-03-08,19779.24,21948.39,23257.14
2012-03-09,19852.42,22108.61,23512.97
2012-03-12,19852.42,22108.61,23512.97
2012-03-13,20231.6,22953.16,24860.26
2012-03-14,20314.55,23139.08,25163.56
2012-03-15,20363.31,23247.83,25342.22
2012-03-16,20349.05,23212.96,25286.47
2012-03-19,20501.67,23563.48,25857.94
2012-03-20,20534.47,23638.88,25982.06
2012-03-21,20528.31,23627.06,25961.27
2012-03-22,20487.25,23534.91,25808.1
2012-03-23,20464.72,23483.14,25725.51
2012-03-26,20835.13,24335.58,27124.98
2012-03-27,20866.38,24408.58,27244.33
2012-03-28,20782.92,24213.31,26917.4
2012-03-29,20716.41,24058.35,26656.3
2012-03-30,20664.62,23940.46,26459.05
2012-04-02,21388.97,24958.6,27813.65
2012-04-03,21376.13,24928.65,27763.58
2012-04-04,21085.42,24250.59,26633.6
2012-04-05,21220.36,24561.0,27142.31
2012-04-09,21046.36,24160.65,26477.32
2012-04-10,20701.2,23370.6,25177.28
2012-04-11,20800.56,23597.3,25542.35
2012-04-12,21048.09,24156.55,26451.66
2012-04-13,20730.26,23429.44,25256.05
2012-04-16,20508.45,22928.05,24445.33
2012-04-17,20918.62,23847.46,25914.49
2012-04-18,20862.14,23716.3,25701.99
2012-04-19,20636.83,23204.03,24869.25
2012-04-20,20554.28,23018.4,24570.82
2012-04-23,20381.62,22631.69,23949.18
2012-04-24,20267.49,22380.48,23549.22
2012-04-25,20812.68,23582.31,25447.29
2012-04-26,20933.39,23853.51,25887.53
2012-04-27,21056.9,24134.98,26345.74
2012-04-30,20922.14,23823.64,25837.27
2012-05-01,21447.84,24382.01,26432.08
2012-05-02,21510.04,24523.43,26659.4
2012-05-03,21273.43,23981.46,25776.97
2012-05-04,20747.98,22799.18,23869.47
2012-05-07,20758.35,22821.97,23905.28
2012-05-08,20683.62,22659.94,23649.49
2012-05-09,20617.44,22512.65,23420.09
2012-05-10,20578.26,22424.85,23284.26
2012-05-11,20576.2,22420.36,23277.27
2012-05-14,20374.56,21980.93,22590.59
2012-05-15,20299.17,21818.27,22342.09
2012-05-16,20148.96,21493.17,21843.87
2012-05-17,19735.9,20611.95,20500.47
2012-05-18,19495.13,20111.08,19752.2
2012-05-21,20021.49,21197.08,21352.13
2012-05-22,19973.44,21093.22,21196.26
2012-05-23,20035.36,21223.99,21393.38
2012-05-24,19911.14,20960.82,20997.61
2012-05-25,19877.29,20889.55,20890.52
2012-05-29,20127.75,21418.06,21682.27
2012-05-30,19958.67,21056.09,21133.71
2012-05-31,19860.88,20847.64,20820.93
2012-06-01,19827.42,20231.15,19647.24
2012-06-04,19982.07,20548.78,20108.95
2012-06-05,20058.01,20704.95,20336.18
2012-06-06,20531.38,21684.3,21778.01
2012-06-07,20443.09,21497.81,21497.08
2012-06-08,20635.26,21901.97,22103.29
2012-06-11,20296.84,21183.59,21013.6
2012-06-12,20530.25,21672.93,21740.67
2012-06-13,20378.33,21354.34,21260.2
2012-06-14,20480.22,21565.74,21576.98
2012-06-15,20732.13,22096.26,22373.17
2012-06-18,20904.2,22463.06,22928.02
2012-06-19,21132.06,22952.75,23680.06
2012-06-20,21153.19,22996.36,23748.74
2012-06-21,20618.01,21832.75,21946.21
2012-06-22,20848.94,22319.62,22681.41
2012-06-25,20429.87,21422.37,21313.72
2012-06-26,20560.62,21698.72,21725.07
2012-06-27,20688.1,21965.61,22126.99
2012-06-28,20454.32,21471.39,21379.09
2012-06-29,21092.5,22809.05,23378.04
2012-07-02,21670.23,23474.55,24133.53
2012-07-03,21841.43,23847.79,24707.91
2012-07-05,21854.53,23876.41,24752.39
2012-07-06,21563.87,23241.3,23764.77
2012-07-09,21546.62,23206.44,23710.11
2012-07-10,21341.92,22765.51,23034.37
2012-07-11,21222.41,22510.54,22645.09
2012-07-12,21010.18,22060.33,21965.73
2012-07-13,21337.94,22748.61,22993.73
2012-07-16,21271.79,22609.84,22782.19
2012-07-17,21393.04,22865.34,23169.49
2012-07-18,21675.43,23468.98,24087.0
2012-07-19,21922.53,24004.07,24910.77
2012-07-20,21611.23,23322.36,23847.08
2012-07-23,21379.99,22820.93,23079.21
2012-07-24,21193.99,22423.84,22479.15
2012-07-25,21043.51,22105.42,22000.34
2012-07-26,21338.12,22724.38,22922.16
2012-07-27,21852.37,23817.42,24577.14
2012-07-30,21810.85,23729.29,24439.5
2012-07-31,21815.21,23736.41,24451.72
2012-08-01,22252.73,24100.69,24742.13
2012-08-02,22172.62,23924.75,24472.44
2012-08-03,22598.33,24845.86,25884.5
2012-08-06,22752.0,25181.28,26409.96
2012-08-07,22947.67,25611.88,27088.69
2012-08-08,22920.13,25552.97,26993.88
2012-08-09,22968.26,25657.74,27161.24
2012-08-10,22995.82,25721.88,27261.74
2012-08-13,23044.12,25829.91,27433.49
2012-08-14,23037.2,25811.83,27406.05
2012-08-15,23101.71,25956.38,27636.27
2012-08-16,23376.62,26574.14,28625.64
2012-08-17,23479.47,26807.99,29003.5
2012-08-20,23512.34,26885.74,29128.22
2012-08-21,23408.89,26651.83,28746.64
2012-08-22,23502.53,26867.71,29094.47
2012-08-23,23321.56,26453.95,28422.39
2012-08-24,23456.82,26760.81,28916.94
2012-08-27,23494.35,26846.45,29058.63
2012-08-28,23496.7,26849.13,29064.44
2012-08-29,23508.45,26873.3,29105.13
2012-08-30,23252.21,26290.15,28156.31
2012-08-31,23408.0,26642.43,28725.06
2012-09-04,23905.61,27137.0,29219.22
2012-09-05,23862.58,27036.6,29058.51
2012-09-06,24404.26,28264.06,31034.49
2012-09-07,24365.21,28170.79,30882.42
2012-09-10,24048.46,27438.35,29678.01
2012-09-11,24019.6,27369.75,29568.2
2012-09-12,24077.25,27503.86,29784.05
2012-09-13,24419.15,28284.97,31052.85
2012-09-14,24624.27,28762.99,31838.49
2012-09-17,24634.12,28786.0,31879.88
2012-09-18,24641.51,28806.15,31911.76
2012-09-19,24698.19,28941.54,32135.14
2012-09-20,24678.43,28895.23,32058.01
2012-09-21,24678.43,28895.23,32054.81
2012-09-24,24525.42,28539.82,31461.79
2012-09-25,24184.52,27749.27,30152.98
2012-09-26,23986.2,27296.95,29414.24
2012-09-27,24331.61,28080.38,30681.99
2012-09-28,24139.39,27633.9,29951.76
2012-10-01,24595.03,28035.43,30290.36
2012-10-02,24639.31,28136.36,30453.93
2012-10-03,24811.78,28530.27,31093.46
2012-10-04,24898.62,28727.13,31416.84
2012-10-05,24751.72,28388.15,30860.76
2012-10-08,24531.43,27882.84,30036.78
2012-10-09,24136.47,26982.22,28583.0
2012-10-10,24018.21,26717.8,28165.68
2012-10-11,23936.54,26536.11,27875.58
2012-10-12,23943.72,26554.69,27903.45
2012-10-15,24118.51,26939.73,28511.75
2012-10-16,24458.58,27696.74,29714.94
2012-10-17,24434.13,27641.35,29625.8
2012-10-18,24158.02,27013.89,28618.52
2012-10-19,23578.23,25717.22,26557.99
2012-10-22,23722.05,26028.4,27041.34
2012-10-23,23470.6,25476.6,26181.43
2012-10-24,23379.07,25275.33,25872.49
2012-10-25,23397.77,25315.77,25934.58
2012-10-26,23470.3,25470.2,26173.18
2012-10-31,23313.05,25128.9,25644.48
2012-11-01,24170.25,26395.2,27318.37
2012-11-02,23889.87,25782.83,26364.96
2012-11-05,24040.38,26105.12,26860.62
2012-11-06,24112.5,26264.36,27105.05
2012-11-07,23497.63,24924.88,25031.51
2012-11-08,23135.77,24159.68,23877.56
2012-11-09,23239.88,24377.12,24197.52
2012-11-12,23228.26,24352.74,24161.22
2012-11-13,23040.11,23958.23,23574.11
2012-11-14,22770.54,23397.61,22746.66
2012-11-15,22702.23,23259.56,22544.21
2012-11-16,22790.77,23440.99,22805.72
2012-11-19,23344.58,24582.56,24470.54
2012-11-20,23332.91,24560.44,24436.28
2012-11-21,23384.24,24670.96,24600.01
2012-11-23,23735.01,25413.56,25709.47
2012-11-26,23844.19,25647.36,26061.69
2012-11-27,23751.2,25449.88,25759.37
2012-11-28,23964.96,25910.52,26457.45
2012-11-29,24096.76,26198.12,26896.64
2012-11-30,24077.49,26156.21,26832.09
2012-12-03,24520.96,26536.25,27146.23
2012-12-04,24484.18,26456.65,27026.79
2012-12-05,24209.95,25861.37,26115.99
2012-12-06,24379.42,26223.43,26661.81
2012-12-07,24235.58,25911.37,26187.23
2012-12-10,24301.02,26048.7,26396.73
2012-12-11,24616.93,26728.57,27428.84
2012-12-12,24548.01,26578.89,27198.44
2012-12-13,24358.99,26169.58,26570.15
2012-12-14,24120.27,25659.27,25791.65
2012-12-17,24453.13,26364.9,26856.84
2012-12-18,24829.71,27179.58,28100.32
2012-12-19,24698.11,26891.47,27650.71
2012-12-20,24722.81,26942.57,27730.9
2012-12-21,24458.27,26366.0,26837.96
2012-12-24,24397.13,26234.17,26636.68
2012-12-26,24204.39,25822.29,26008.05
2012-12-27,24165.66,25739.66,25883.21
2012-12-28,23921.59,25219.72,25098.95
2012-12-31,24421.55,26276.42,26675.17
2013-01-02,25721.53,28498.15,29794.85
2013-01-03,25587.78,28204.62,29333.03
2013-01-04,25516.14,28043.85,29083.7
2013-01-07,25513.58,28038.24,29074.98
2013-01-08,25462.56,27926.09,28897.62
2013-01-09,25546.58,28110.4,29183.71
2013-01-10,25702.42,28450.54,29714.85
2013-01-11,25740.97,28535.89,29848.57
2013-01-14,25622.56,28276.21,29439.64
2013-01-15,25504.7,28013.24,29030.43
2013-01-16,25614.37,28254.16,29404.92
2013-01-17,25729.63,28511.27,29804.83
2013-01-18,25693.61,28431.44,29676.67
2013-01-22,25721.87,28493.99,29771.63
2013-01-23,25871.06,28824.52,30292.64
2013-01-24,25508.87,28017.43,29020.35
2013-01-25,25631.31,28289.2,29441.14
2013-01-28,25685.13,28408.01,29623.68
2013-01-29,25695.41,28430.74,29662.19
2013-01-30,25649.16,28328.39,29504.98
2013-01-31,25582.47,28181.08,29271.89
2013-02-01,26392.85,29360.82,30831.77
2013-02-04,25930.98,28336.13,29216.18
2013-02-05,26306.98,29157.88,30484.16
2013-02-06,26225.42,28974.18,30197.61
2013-02-07,26228.05,28977.08,30203.65
2013-02-08,26506.06,29591.4,31161.11
2013-02-11,26498.11,29570.68,31129.95
2013-02-12,26384.17,29313.42,30725.26
2013-02-13,26489.71,29550.86,31097.03
2013-02-14,26468.51,29500.62,31019.29
2013-02-15,26404.99,29356.07,30792.85
2013-02-19,26579.26,29743.57,31399.47
2013-02-20,26169.94,28827.46,29948.81
2013-02-21,25897.78,28227.85,29014.41
2013-02-22,26143.8,28764.18,29841.32
2013-02-25,25796.09,28001.93,28653.64
2013-02-26,25912.17,28251.15,29037.6
2013-02-27,26181.66,28838.77,29943.57
2013-02-28,26155.48,28781.1,29856.73
2013-03-01,26743.44,29477.28,30660.3
2013-03-04,26858.44,29730.78,31055.82
2013-03-05,27245.2,30587.03,32397.43
2013-03-06,27179.81,30440.21,32164.17
2013-03-07,27247.76,30592.41,32402.18
2013-03-08,27294.08,30693.37,32564.19
2013-03-11,27370.51,30862.18,32834.48
2013-03-12,27263.76,30618.37,32447.03
2013-03-13,27241.95,30572.44,32372.4
2013-03-14,27326.4,30761.99,32670.23
2013-03-15,27249.89,30589.73,32395.8
2013-03-18,27181.76,30433.72,32149.59
2013-03-19,27132.83,30324.16,31975.98
2013-03-20,27314.62,30730.5,32618.7
2013-03-21,27011.43,30051.36,31535.76
2013-03-22,27265.34,30613.32,32421.91
2013-03-25,27153.55,30365.35,32026.37
2013-03-26,27319.19,30735.81,32612.45
2013-03-27,27351.97,30812.65,32733.11
2013-03-28,27436.76,31003.68,33037.53
2013-04-01,27721.65,31021.68,32766.17
2013-04-02,27954.51,31542.84,33595.15
2013-04-03,27700.12,30971.92,32681.36
2013-04-04,27700.12,30968.82,32678.1
2013-04-05,27470.21,30454.74,31864.41
2013-04-08,27613.06,30771.47,32361.5
2013-04-09,27798.07,31180.73,33008.73
2013-04-10,28337.35,32393.66,34933.14
2013-04-11,28337.35,32390.42,34929.64
2013-04-12,28311.85,32332.11,34835.33
2013-04-15,27725.79,30996.8,32675.54
2013-04-16,28130.59,31905.0,34110.0
2013-04-17,27570.79,30635.18,32077.04
2013-04-18,27173.77,29752.89,30691.31
2013-04-19,27554.2,30588.95,31983.42
2013-04-22,27846.28,31240.49,33003.69
2013-04-23,28096.89,31802.82,33894.79
2013-04-24,28085.65,31774.2,33850.73
2013-04-25,28228.89,32101.47,34372.03
2013-04-26,28149.85,31918.49,34079.86
2013-04-29,28411.64,32512.18,35030.69
2013-04-30,28613.37,32977.1,35780.35
2013-05-01,28970.71,33149.03,35750.66
2013-05-02,29353.12,34020.85,37162.81
2013-05-03,29690.68,34803.33,38444.92
2013-05-06,29800.54,35057.39,38867.82
2013-05-07,29776.7,34997.79,38770.65
2013-05-08,29931.54,35361.77,39375.47
2013-05-09,29859.7,35192.03,39091.97
2013-05-10,30059.76,35663.61,39881.63
2013-05-13,30071.79,35688.57,39925.5
2013-05-14,30213.12,36024.04,40484.45
2013-05-15,30279.59,36182.55,40751.65
2013-05-16,30246.29,36102.95,40617.17
2013-05-17,30545.72,36817.79,41819.44
2013-05-20,30466.3,36622.65,41489.06
2013-05-21,30521.14,36754.49,41713.1
2013-05-22,30246.45,36089.24,40582.68
2013-05-23,30167.81,35905.18,40270.19
2013-05-24,30164.8,35894.41,40254.08
2013-05-28,30375.95,36396.93,41099.42
2013-05-29,30202.81,35982.01,40396.62
2013-05-30,30374.96,36392.2,41083.36
2013-05-31,30071.21,35664.36,39850.86
2013-06-03,30662.93,36384.96,40718.06
2013-06-04,30488.15,35970.17,40017.7
2013-06-05,30113.14,35085.31,38541.05
2013-06-06,30248.65,35401.07,39057.5
2013-06-07,30666.08,36374.6,40670.58
2013-06-10,30663.02,36363.69,40654.31
2013-06-11,30350.26,35618.24,39406.22
2013-06-12,30004.26,34806.14,38058.53
2013-06-13,30382.32,35679.77,39493.33
2013-06-14,30187.87,35219.5,38731.11
2013-06-17,30468.62,35874.59,39811.71
2013-06-18,30724.55,36473.69,40810.99
2013-06-19,30349.71,35583.73,39317.3
2013-06-20,29639.53,33921.97,36561.16
2013-06-21,29512.08,33630.25,36089.52
2013-06-24,29208.11,32934.1,34970.75
2013-06-25,29395.04,33358.95,35645.68
2013-06-26,29674.29,33996.1,36665.15
2013-06-27,29807.82,34302.07,37160.13
2013-06-28,29834.65,34367.24,37264.18
2013-07-01,30519.69,35292.62,38455.26
2013-07-02,30544.11,35349.09,38543.71
2013-07-03,30666.29,35631.89,39010.09
2013-07-05,30893.22,36159.24,39876.11
2013-07-08,30924.11,36231.56,39991.75
2013-07-09,31112.75,36677.2,40727.6
2013-07-10,31283.87,37080.65,41395.53
2013-07-11,31897.03,38534.21,43829.59
2013-07-12,32101.17,39027.45,44671.12
2013-07-15,32110.8,39046.97,44706.85
2013-07-16,32085.11,38988.4,44604.03
2013-07-17,32165.33,39187.24,44943.02
2013-07-18,32088.13,38999.14,44614.93
2013-07-19,31744.79,38164.56,43182.8
2013-07-22,31852.72,38424.08,43618.94
2013-07-23,31604.27,37824.66,42598.26
2013-07-24,31705.4,38066.74,43011.46
2013-07-25,31917.83,38580.64,43880.29
2013-07-26,32071.03,38947.15,44507.78
2013-07-29,31994.06,38764.1,44191.78
2013-07-30,32163.63,39178.88,44898.84
2013-07-31,32215.09,39304.25,45109.87
2013-08-01,33097.86,40735.67,47210.78
2013-08-02,33279.9,41183.76,47989.75
2013-08-05,33276.57,41175.53,47975.36
2013-08-06,33053.62,40623.77,47015.85
2013-08-07,33017.26,40534.4,46855.99
2013-08-08,33139.42,40830.3,47371.41
2013-08-09,33016.8,40528.16,46845.59
2013-08-12,33096.04,40718.64,47178.19
2013-08-13,33254.91,41113.61,47862.28
2013-08-14,33131.86,40809.37,47331.0
2013-08-15,32568.62,39421.85,44917.12
2013-08-16,32542.57,39362.72,44813.81
2013-08-19,32497.01,39256.44,44630.08
2013-08-20,32626.99,39574.42,45170.1
2013-08-21,32512.8,39301.35,44700.33
2013-08-22,32834.68,40079.52,46023.46
2013-08-23,33071.09,40660.67,47022.17
2013-08-26,33054.55,40620.01,46951.64
2013-08-27,32386.85,38978.96,44106.37
2013-08-28,32519.64,39298.59,44648.88
2013-08-29,32744.02,39840.91,45573.11
2013-08-30,32537.73,39338.92,44707.22
2013-09-03,33229.35,40305.03,45998.35
2013-09-04,33581.58,41159.5,47461.09
2013-09-05,33638.67,41303.56,47707.89
2013-09-06,33675.67,41394.43,47865.33
2013-09-09,34069.68,42358.92,49540.61
2013-09-10,34233.21,42765.56,50249.04
2013-09-11,34178.44,42624.43,50002.82
2013-09-12,34134.01,42509.35,49802.81
2013-09-13,34164.73,42581.61,49932.3
2013-09-16,34062.24,42326.13,49482.91
2013-09-17,34300.67,42918.69,50522.05
2013-09-18,34736.29,44008.83,52446.94
2013-09-19,34802.29,44180.46,52751.13
2013-09-20,34663.08,43827.02,52123.39
2013-09-23,34604.15,43682.39,51862.78
2013-09-24,34597.23,43664.91,51831.66
2013-09-25,34489.98,43389.83,51344.44
2013-09-26,34762.45,44079.72,52566.44
2013-09-27,34720.74,43978.34,52382.46
2013-09-30,34592.27,43648.5,51795.77
2013-10-01,35471.27,45106.53,53995.39
2013-10-02,35474.81,45111.04,54006.19
2013-10-03,35045.57,44019.35,52040.36
2013-10-04,35357.47,44807.29,53435.04
2013-10-07,35064.01,44063.49,52104.51
2013-10-08,34390.78,42371.46,49098.08
2013-10-09,34266.97,42066.38,48567.82
2013-10-10,35010.56,43896.27,51734.44
2013-10-11,35262.64,44523.99,52846.73
2013-10-14,35505.95,45133.96,53935.37
2013-10-15,35381.68,44818.03,53369.05
2013-10-16,35785.03,45839.88,55194.28
2013-10-17,35999.74,46389.96,56182.25
2013-10-18,36572.14,47869.8,58867.76
2013-10-21,36652.6,48080.42,59250.4
2013-10-22,36714.91,48243.9,59552.58
2013-10-23,36487.27,47645.67,58444.9
2013-10-24,36666.06,48112.6,59298.2
2013-10-25,36900.72,48728.44,60430.79
2013-10-28,36889.65,48694.33,60370.36
2013-10-29,36989.26,48957.28,60853.33
2013-10-30,36918.98,48771.24,60512.55
2013-10-31,36834.06,48551.77,60101.06
2013-11-01,37356.46,49110.63,60710.15
2013-11-04,37412.5,49257.97,60977.27
2013-11-05,37457.39,49376.18,61196.79
2013-11-06,37419.94,49277.43,61013.2
2013-11-07,36712.7,47414.75,57553.75
2013-11-08,37215.66,48713.91,59913.45
2013-11-11,37174.73,48601.87,59709.75
2013-11-12,37200.75,48665.05,59829.17
2013-11-13,37647.16,49833.01,61983.02
2013-11-14,37752.57,50112.08,62503.67
2013-11-15,37835.63,50332.57,62909.95
2013-11-18,37464.84,49341.02,61054.1
2013-11-19,37344.95,49030.17,60474.09
2013-11-20,37225.44,48711.47,59887.49
2013-11-21,37620.03,49739.29,61785.93
2013-11-22,37834.47,50301.34,62836.29
2013-11-25,37895.0,50462.3,63137.9
2013-11-26,38095.85,51002.25,64148.11
2013-11-27,38370.14,51731.58,65527.29
2013-11-29,38561.99,52248.9,66510.2
2013-12-02,38987.77,52548.45,66628.24
2013-12-03,38968.28,52495.9,66521.64
2013-12-04,39011.14,52606.15,66734.51
2013-12-05,38952.62,52448.33,66434.2
2013-12-06,39248.66,53250.79,67955.54
2013-12-09,39382.11,53612.89,68648.69
2013-12-10,39358.48,53553.92,68531.99
2013-12-11,38850.76,52177.58,65886.65
2013-12-12,38753.63,51916.69,65392.5
2013-12-13,38711.0,51802.48,65170.17
2013-12-16,38927.78,52382.66,66265.03
2013-12-17,38853.82,52188.85,65893.94
2013-12-18,39304.52,53399.63,68193.64
2013-12-19,39182.68,53063.21,67552.62
2013-12-20,39547.08,54050.19,69437.34
2013-12-23,39974.19,55217.67,71694.05
2013-12-24,40014.16,55322.59,71901.97
2013-12-26,40146.21,55687.71,72613.8
2013-12-27,40029.78,55359.16,71974.79
2013-12-30,39985.75,55237.37,71737.28
2013-12-31,40229.66,55916.79,73057.24
2014-01-02,40407.9,55525.4,71813.94
2014-01-03,40125.04,54753.6,70313.03
2014-01-06,39992.63,54386.75,69609.9
2014-01-07,40344.57,55338.52,71440.64
2014-01-08,40453.5,55637.35,72026.45
2014-01-09,40283.59,55169.99,71118.92
2014-01-10,40424.59,55556.18,71872.78
2014-01-13,39830.34,53928.39,68710.37
2014-01-14,40599.07,56010.02,72688.7
2014-01-15,40931.98,56922.98,74469.58
2014-01-16,40948.35,56968.52,74558.94
2014-01-17,40723.14,56336.17,73321.26
2014-01-21,41024.49,57164.31,74941.66
2014-01-22,41139.36,57478.72,75563.68
2014-01-23,40983.03,57036.13,74694.7
2014-01-24,40163.37,54754.69,70213.01
2014-01-27,39793.87,53752.68,68282.16
2014-01-28,39758.05,53650.55,68090.97
2014-01-29,39328.66,52491.69,65884.82
2014-01-30,40060.18,54449.63,69567.78
2014-01-31,39940.0,54128.38,68948.63
2014-02-03,39505.83,52104.55,64628.89
2014-02-04,39845.58,53005.96,66302.78
2014-02-05,39670.26,52539.51,65427.58
2014-02-06,40162.17,53837.23,67854.95
2014-02-07,40901.16,55818.44,71600.54
2014-02-10,41134.29,56449.19,72817.75
2014-02-11,41590.88,57696.72,75235.3
2014-02-12,41657.43,57875.58,75588.9
2014-02-13,42028.18,58905.76,77599.57
2014-02-14,42078.62,59047.14,77871.17
2014-02-18,42255.35,59549.04,78860.13
2014-02-19,41951.11,58685.58,77148.87
2014-02-20,42169.25,59301.77,78360.1
2014-02-21,42063.83,58999.34,77764.57
2014-02-24,42328.83,59748.63,79242.09
2014-02-25,42252.64,59533.53,78814.19
2014-02-26,42223.06,59450.19,78648.68
2014-02-27,42489.07,60199.26,80135.14
2014-02-28,42446.58,60078.86,79894.73
2014-03-03,42624.48,59670.18,78585.85
2014-03-04,43225.48,61346.91,81902.17
2014-03-05,43311.94,61586.16,82385.4
2014-03-06,43238.31,61376.77,81973.47
2014-03-07,43035.09,60799.83,80817.64
2014-03-10,43069.51,60897.11,81011.61
2014-03-11,42897.24,60409.93,80039.47
2014-03-12,43077.4,60917.37,81047.96
2014-03-13,42431.24,59089.85,77400.81
2014-03-14,42155.44,58327.59,75899.23
2014-03-17,42555.92,59441.65,78069.95
2014-03-18,43066.59,60874.19,80888.27
2014-03-19,42790.96,60088.92,79327.13
2014-03-20,42923.61,60455.46,80056.94
2014-03-21,42447.16,59119.39,77399.05
2014-03-24,42031.18,57966.56,75131.26
2014-03-25,42174.09,58360.74,75897.6
2014-03-26,41630.04,56855.03,72960.36
2014-03-27,41401.07,56229.63,71756.51
2014-03-28,41496.3,56493.9,72258.81
2014-03-31,41778.47,57262.22,73732.89
2014-04-01,43014.12,59778.12,78115.27
2014-04-02,43104.45,60023.21,78599.58
2014-04-03,42772.54,59092.85,76776.07
2014-04-04,41617.68,55901.84,70557.21
2014-04-07,41247.29,54901.2,68666.28
2014-04-08,41606.14,55856.48,70458.47
2014-04-09,42338.41,57822.63,74171.63
2014-04-10,41013.21,54202.93,67206.91
2014-04-11,40533.36,52929.16,64841.23
2014-04-14,40861.68,53781.32,66410.39
2014-04-15,41016.95,54190.06,67167.46
2014-04-16,41550.17,55593.58,69780.28
2014-04-17,41566.79,55638.06,69864.02
2014-04-21,41866.07,56439.24,71373.08
2014-04-22,42205.19,57353.56,73107.44
2014-04-23,41833.78,56338.4,71170.1
2014-04-24,42235.39,57414.46,73212.68
2014-04-25,41555.4,55559.98,69669.18
2014-04-28,41696.69,55932.23,70372.84
2014-04-29,42038.6,56843.92,72096.98
2014-04-30,42131.09,57099.72,72580.03
2014-05-01,42776.03,57997.16,73832.75
2014-05-02,42694.76,57782.57,73419.29
2014-05-05,42903.96,58343.06,74491.21
2014-05-06,42324.76,56767.8,71481.77
2014-05-07,42206.25,56449.9,70874.17
2014-05-08,42134.5,56257.97,70512.71
2014-05-09,42315.68,56741.79,71422.33
2014-05-12,42992.73,58563.2,74857.74
2014-05-13,42975.53,58510.49,74760.43
2014-05-14,42760.65,57931.24,73646.49
2014-05-15,42427.12,57027.51,71923.17
2014-05-16,42690.17,57734.65,73253.75
2014-05-19,43027.42,58646.86,74997.18
2014-05-20,42846.7,58148.36,74044.72
2014-05-21,43266.6,59288.07,76221.64
2014-05-22,43448.32,59786.09,77182.03
2014-05-23,43765.49,60652.99,78864.6
2014-05-27,44308.19,62163.25,81806.25
2014-05-28,44179.69,61802.7,81094.53
2014-05-29,44458.02,62581.41,82635.33
2014-05-30,44471.36,62618.96,82709.7
2014-06-02,44926.39,62986.41,82951.75
2014-06-03,44890.45,62891.93,82760.96
2014-06-04,45052.06,63344.76,83663.05
2014-06-05,45453.02,64472.29,85896.86
2014-06-06,45666.65,65071.88,87099.41
2014-06-09,45680.35,65110.93,87177.8
2014-06-10,45739.73,65286.73,87526.51
2014-06-11,45703.14,65182.27,87316.45
2014-06-12,45291.81,64015.51,84967.64
2014-06-13,45432.22,64412.4,85766.33
2014-06-16,45486.74,64560.55,86066.52
2014-06-17,45504.93,64605.74,86161.19
2014-06-18,45787.06,65400.39,87755.17
2014-06-19,45741.27,65269.59,87491.91
2014-06-20,45764.14,65334.86,87623.14
2014-06-23,45796.18,65426.33,87807.15
2014-06-24,45727.48,65230.05,87403.24
2014-06-25,46061.3,66182.41,89326.11
2014-06-26,46056.69,66169.17,89299.31
2014-06-27,46268.55,66777.93,90522.71
2014-06-30,46328.7,66951.55,90875.75
2014-07-01,47376.59,69023.17,94573.9
2014-07-02,47438.18,69195.73,94933.28
2014-07-03,47727.56,70039.92,96670.56
2014-07-07,47579.6,69598.67,95761.86
2014-07-08,47013.4,67935.26,92333.59
2014-07-09,47366.01,68947.5,94401.86
2014-07-10,47209.7,68492.44,93467.28
2014-07-11,47507.12,69355.45,95243.16
2014-07-14,47811.16,70236.26,97062.3
2014-07-15,47629.48,69702.47,95946.09
2014-07-16,47848.58,70336.76,97260.55
2014-07-17,47188.27,68395.46,93233.96
2014-07-18,47943.28,70577.28,97699.87
2014-07-21,47871.36,70372.61,97269.99
2014-07-22,48206.46,71357.82,99312.66
2014-07-23,48505.34,72242.66,101159.87
2014-07-24,48466.54,72134.29,100927.21
2014-07-25,48248.44,71477.87,99554.6
2014-07-28,48272.56,71549.35,99713.88
2014-07-29,48171.19,71256.0,99095.66
2014-07-30,48378.33,71868.8,100373.99
2014-07-31,47362.38,68850.31,94040.39
2014-08-01,47704.44,68892.6,93604.44
2014-08-04,48062.22,69925.99,95710.54
2014-08-05,47644.08,68716.27,93222.07
2014-08-06,47634.55,68695.65,93175.46
2014-08-07,47434.49,68118.61,92001.45
2014-08-08,47804.47,69181.26,94154.28
2014-08-11,48081.74,69976.84,95783.15
2014-08-12,48019.23,69787.91,95400.02
2014-08-13,48561.85,71358.13,98624.54
2014-08-14,48804.66,72078.85,100113.77
2014-08-15,49029.16,72749.18,101505.35
2014-08-18,49436.1,73949.55,104022.68
2014-08-19,49678.34,74674.25,105541.41
2014-08-20,49683.31,74696.65,105583.63
2014-08-21,49762.8,74928.21,106079.87
2014-08-22,49832.47,75138.01,106525.41
2014-08-25,50011.87,75686.52,107686.53
2014-08-26,50061.88,75845.46,108020.36
2014-08-27,50081.9,75898.55,108139.18
2014-08-28,49996.76,75640.5,107587.68
2014-08-29,50196.75,76245.62,108878.73
2014-09-02,50858.98,77244.47,110439.7
2014-09-03,50548.74,76309.81,108429.7
2014-09-04,50488.08,76126.67,108039.35
2014-09-05,50785.96,77017.35,109940.84
2014-09-08,50857.06,77225.3,110391.6
2014-09-09,50440.03,75958.8,107675.97
2014-09-10,50848.6,77196.93,110303.26
2014-09-11,50818.09,77112.01,110115.75
2014-09-12,50528.43,76232.94,108221.76
2014-09-15,50038.3,74761.64,105083.32
2014-09-16,50503.66,76152.21,108004.64
2014-09-17,50579.41,76388.28,108501.46
2014-09-18,50943.58,77495.91,110855.94
2014-09-19,50907.92,77379.67,110612.06
2014-09-22,50424.3,75909.45,107470.68
2014-09-23,50303.28,75545.09,106707.64
2014-09-24,50831.46,77139.09,110079.6
2014-09-25,49758.92,73883.82,103100.55
2014-09-26,50331.15,75575.76,106647.21
2014-09-29,50250.62,75333.92,106135.3
2014-09-30,50280.77,75416.78,106315.73
2014-10-01,49968.28,73487.45,101699.26
2014-10-02,49983.27,73531.54,101790.79
2014-10-03,50503.09,75060.99,104966.66
2014-10-06,50366.73,74648.16,104105.94
2014-10-07,49641.45,72505.76,99618.97
2014-10-08,50674.0,75529.25,105845.16
2014-10-09,49772.0,72847.96,100203.61
2014-10-10,48537.65,69234.7,92748.46
2014-10-13,47751.34,66984.57,88231.61
2014-10-14,47779.99,67071.65,88399.25
2014-10-15,47474.2,66213.13,86693.14
2014-10-16,47213.09,65491.41,85271.38
2014-10-17,47841.03,67240.03,88682.23
2014-10-20,48525.16,69163.1,92486.7
2014-10-21,49796.51,72787.24,99746.91
2014-10-22,49522.63,71986.58,98101.08
2014-10-23,50310.04,74268.56,102770.69
2014-10-24,50682.34,75367.73,105052.2
2014-10-27,50733.02,75518.47,105367.36
2014-10-28,51494.02,77784.02,110098.35
2014-10-29,51293.19,77177.31,108810.2
2014-10-30,51421.42,77555.48,109615.4
2014-10-31,52141.32,79734.78,114230.21
2014-11-03,52783.45,80660.03,115648.05
2014-11-04,52619.82,80151.87,114560.96
2014-11-05,52582.99,80039.66,114320.38
2014-11-06,52719.71,80455.86,115212.08
2014-11-07,52672.26,80319.09,114912.53
2014-11-10,52867.15,80913.45,116188.06
2014-11-11,53009.89,81350.38,117129.18
2014-11-12,53115.91,81667.65,117820.24
2014-11-13,53344.31,82369.99,119340.12
2014-11-14,53488.33,82823.03,120318.71
2014-11-17,53343.92,82384.06,119356.16
2014-11-18,53701.32,83496.25,121767.16
2014-11-19,53454.29,82728.08,120086.77
2014-11-20,53700.18,83489.18,121743.97
2014-11-21,53818.32,83856.53,122535.3
2014-11-24,54238.11,85156.31,125390.37
2014-11-25,54286.92,85309.59,125728.93
2014-11-26,54661.5,86495.4,128344.09
2014-11-28,54912.94,87291.15,130102.4
2014-12-01,54775.7,85771.96,126083.56
2014-12-02,55005.75,86501.02,127684.82
2014-12-03,55093.76,86777.82,128310.48
2014-12-04,55082.74,86734.43,128220.66
2014-12-05,55077.24,86717.09,128182.19
2014-12-08,54653.14,85381.64,125221.19
2014-12-09,54860.82,86030.54,126661.23
2014-12-10,53966.59,83234.55,120480.16
2014-12-11,54241.82,84083.54,122323.51
2014-12-12,53639.74,82216.89,118250.13
2014-12-15,53103.34,80580.77,114714.46
2014-12-16,52237.76,77953.84,109104.92
2014-12-17,53204.15,80830.34,115149.33
2014-12-18,54518.3,84815.27,123670.38
2014-12-19,54698.21,85375.05,124882.35
2014-12-22,54851.36,85853.15,125918.88
2014-12-23,54670.35,85277.94,124659.69
2014-12-24,54719.56,85431.44,124996.27
2014-12-26,55113.54,86670.19,127708.69
2014-12-29,55097.0,86609.52,127580.98
2014-12-30,54711.32,85396.99,124889.02
2014-12-31,54120.44,83560.95,120855.1
2015-01-02,54543.97,83817.18,120833.28
2015-01-05,53649.45,81067.97,114900.36
2015-01-06,53005.66,79114.24,110752.46
2015-01-07,53641.73,81005.07,114728.47
2015-01-08,54682.38,84139.96,121394.2
2015-01-09,54332.41,83054.56,119051.29
2015-01-12,53772.78,81343.63,115384.51
2015-01-13,53724.39,81197.21,115072.97
2015-01-14,53461.14,80401.48,113381.4
2015-01-15,52734.07,78222.6,108766.78
2015-01-16,53409.06,80232.92,112954.3
2015-01-20,53782.93,81356.18,115337.63
2015-01-21,54051.84,82169.75,117067.7
2015-01-22,55062.61,85234.68,123623.49
2015-01-23,55161.72,85541.52,124303.42
2015-01-26,55128.63,85447.43,124092.1
2015-01-27,53706.31,81038.34,114499.78
2015-01-28,53384.07,80057.77,112427.34
2015-01-29,53912.57,81642.92,115766.43
2015-01-30,53486.66,80361.13,113034.34
2015-02-02,54510.33,82429.83,116826.84
2015-02-03,55039.08,84028.97,120226.5
2015-02-04,54934.51,83709.66,119553.23
2015-02-05,55390.47,85099.24,122530.1
2015-02-06,55030.43,84001.46,120153.02
2015-02-09,54865.34,83497.45,119083.66
2015-02-10,55710.26,86077.52,124597.23
2015-02-11,55921.96,86723.1,126005.18
2015-02-12,56581.84,88769.77,130465.76
2015-02-13,57051.47,90243.35,133714.36
2015-02-17,57068.59,90297.49,133834.7
2015-02-18,57142.78,90523.24,134343.28
2015-02-19,57417.06,91383.21,136264.38
2015-02-20,57824.72,92671.71,139153.19
2015-02-23,57905.68,92940.46,139751.55
2015-02-24,57923.05,93005.52,139891.3
2015-02-25,57789.83,92568.39,138912.06
2015-02-26,58073.0,93475.56,140940.18
2015-02-27,57794.24,92568.85,138896.54
2015-03-02,58848.04,94846.46,143383.29
2015-03-03,58530.26,93822.12,141060.48
2015-03-04,58354.67,93259.19,139790.93
2015-03-05,58442.2,93538.97,140419.99
2015-03-06,57746.74,91322.09,135421.04
2015-03-09,57925.75,91897.42,136694.0
2015-03-10,56825.17,88405.32,128902.44
2015-03-11,56512.63,87441.7,126788.44
2015-03-12,56919.52,88692.12,129514.39
2015-03-13,56640.61,87822.94,127597.58
2015-03-16,57371.28,90088.77,132522.84
2015-03-17,57440.12,90304.98,132986.67
2015-03-18,58054.73,92237.51,137255.55
2015-03-19,58112.79,92421.98,137653.59
2015-03-20,58531.2,93743.62,140613.14
2015-03-23,58361.46,93199.9,139389.81
2015-03-24,58168.86,92594.1,138023.79
2015-03-25,56830.98,88344.03,128513.95
2015-03-26,56649.12,87769.8,127267.36
2015-03-27,56881.38,88489.51,128820.02
2015-03-30,57535.52,90533.62,133277.2
2015-03-31,56891.12,88505.67,128799.08
2015-04-01,57092.69,88080.01,127294.95
2015-04-02,57155.49,88273.78,127715.02
2015-04-06,57618.45,89703.82,130818.49
2015-04-07,57526.26,89416.77,130190.57
2015-04-08,57946.2,90731.19,133054.76
2015-04-09,58317.06,91892.55,135609.41
2015-04-10,58556.16,92646.07,137277.41
2015-04-13,58386.34,92108.72,136083.09
2015-04-14,58234.54,91629.76,135008.04
2015-04-15,58589.77,92747.64,137478.68
2015-04-16,58513.6,92506.5,136942.52
2015-04-17,57624.2,89703.55,130711.63
2015-04-20,58494.32,92403.63,136619.8
2015-04-21,58740.0,93179.82,138341.21
2015-04-22,59068.94,94223.43,140665.34
2015-04-23,59281.59,94911.26,142198.59
2015-04-24,60070.04,97445.39,147886.53
2015-04-27,59913.85,96938.68,146733.02
2015-04-28,59782.04,96521.84,145779.26
2015-04-29,59423.35,95363.58,143155.23
2015-04-30,58442.86,92226.12,136083.36
2015-05-01,59809.33,95452.26,142593.03
2015-05-04,59857.17,95604.99,142935.25
2015-05-05,58881.5,92478.71,135931.42
2015-05-06,58486.99,91239.49,133185.61
2015-05-07,58779.43,92151.89,135170.07
2015-05-08,59543.56,94538.62,140428.19
2015-05-11,59275.62,93687.77,138532.41
2015-05-12,59032.59,92928.9,136842.31
2015-05-13,59109.33,93179.81,137389.68
2015-05-14,60025.52,96059.06,143764.57
2015-05-15,60013.52,96030.25,143692.68
2015-05-18,60265.57,96827.3,145488.84
2015-05-19,60145.04,96430.31,144601.36
2015-05-20,60169.1,96497.81,144760.42
2015-05-21,60494.01,97530.33,147091.06
2015-05-22,60463.77,97432.8,146870.43
2015-05-26,59738.2,95104.16,141597.78
2015-05-27,60711.94,98214.07,148536.07
2015-05-28,60572.3,97762.28,147511.17
2015-05-29,60208.86,96579.36,144841.22
2015-06-01,60890.99,97661.83,146663.82
2015-06-02,60714.41,97105.16,145402.52
2015-06-03,60860.12,97580.98,146463.95
2015-06-04,60415.84,96166.05,143271.04
2015-06-05,60282.93,95742.92,142325.45
2015-06-08,59668.04,93789.77,137970.29
2015-06-09,59614.34,93620.94,137611.57
2015-06-10,60395.29,96064.45,143005.94
2015-06-11,60437.56,96189.33,143291.95
2015-06-12,59972.2,94698.4,139967.58
2015-06-15,59690.33,93808.24,137994.04
2015-06-16,60000.72,94783.84,140146.75
2015-06-17,60174.72,95343.07,141380.04
2015-06-18,61023.18,98022.21,147346.27
2015-06-19,60772.99,97228.23,145548.65
2015-06-22,61186.24,98550.53,148517.84
2015-06-23,61247.43,98757.49,148978.25
2015-06-24,60922.82,97710.66,146609.49
2015-06-25,60782.7,97251.42,145583.23
2015-06-26,60381.53,95967.7,142700.68
2015-06-29,58974.64,91495.6,132725.9
2015-06-30,59204.64,92200.12,134265.52
2015-07-01,60146.46,94072.08,137757.32
2015-07-02,60200.59,94250.82,138143.04
2015-07-06,60001.93,93628.76,136761.61
2015-07-07,60145.93,94068.82,137732.61
2015-07-08,59093.38,90776.41,130501.65
2015-07-09,59099.29,90794.56,130540.8
2015-07-10,60027.14,93636.43,136676.22
2015-07-13,61035.6,96782.62,143564.7
2015-07-14,61432.33,98031.11,146349.86
2015-07-15,61499.91,98246.78,146818.18
2015-07-16,62403.96,101135.24,153292.86
2015-07-17,63308.81,104068.16,159961.1
2015-07-20,63555.72,104879.89,161816.65
2015-07-21,63485.81,104638.67,161266.47
2015-07-22,62793.81,102347.08,155976.93
2015-07-23,62517.52,101446.43,153918.03
2015-07-24,61898.59,99437.79,149362.06
2015-07-27,61378.65,97767.23,145598.14
2015-07-28,61937.19,99546.6,149572.97
2015-07-29,62228.3,100482.33,151681.94
2015-07-30,62458.54,101225.9,153365.61
2015-07-31,62327.38,100800.75,152399.41
2015-08-03,62714.29,100925.94,152058.46
2015-08-04,62538.69,100350.66,150765.97
2015-08-05,63013.98,101875.99,154203.43
2015-08-06,62005.76,98615.96,146786.25
2015-08-07,61887.95,98251.08,145964.24
2015-08-10,62612.04,100559.98,151102.18
2015-08-11,61804.34,97955.48,145239.42
2015-08-12,61995.94,98572.6,146604.67
2015-08-13,61871.94,98188.17,145739.7
2015-08-14,62026.62,98688.93,146847.32
2015-08-17,62516.63,100238.34,150312.92
2015-08-18,62185.3,99175.82,147907.91
2015-08-19,61756.22,97817.11,144861.01
2015-08-20,60033.22,92358.91,132750.63
2015-08-21,57463.8,84443.75,115692.17
2015-08-24,55291.67,78059.81,102572.68
2015-08-25,54987.56,77201.15,100869.98
2015-08-26,57769.93,85013.9,116182.04
2015-08-27,59208.4,89256.1,124872.45
2015-08-28,59267.61,89434.61,125247.07
2015-08-31,58520.84,87180.86,120512.73
2015-09-01,57197.1,82270.95,109806.95
2015-09-02,58764.3,86779.4,118844.07
2015-09-03,58464.6,85902.93,117037.64
2015-09-04,57774.72,83875.62,112894.5
2015-09-08,59415.52,88639.75,122513.11
2015-09-09,58726.3,86574.44,118237.41
2015-09-10,59319.43,88314.59,121808.18
2015-09-11,59693.15,89418.52,124098.17
2015-09-14,59496.16,88819.42,122857.19
2015-09-15,60210.11,90942.2,127267.76
2015-09-16,60535.25,91915.29,129316.77
2015-09-17,60553.41,91970.43,129433.16
2015-09-18,59711.72,89404.46,124022.85
2015-09-21,59878.91,89914.06,125077.05
2015-09-22,59022.64,87342.52,119711.24
2015-09-23,59016.74,87316.32,119663.36
2015-09-24,58845.59,86809.89,118622.29
2015-09-25,58345.4,85325.44,115585.55
2015-09-28,56670.89,80427.76,105633.64
2015-09-29,56393.2,79639.56,104080.82
2015-09-30,57741.0,83446.34,111553.83
2015-10-01,58404.07,84424.83,113006.28
2015-10-02,59443.67,87421.91,119029.52
2015-10-05,60335.32,90044.57,124385.85
2015-10-06,59991.41,89018.06,122258.85
2015-10-07,60363.36,90121.88,124532.86
2015-10-08,60598.77,90815.82,125977.45
2015-10-09,60877.53,91642.25,127703.34
2015-10-12,61054.07,92164.61,128801.59
2015-10-13,60638.91,90920.39,126186.91
2015-10-14,60554.01,90665.81,125669.55
2015-10-15,61547.1,93639.65,131852.49
2015-10-16,61830.21,94501.13,133685.24
2015-10-19,62157.91,95502.84,135797.47
2015-10-20,61822.26,94480.96,133611.13
2015-10-21,61476.06,93432.22,131379.82
2015-10-22,62724.02,97225.57,139393.99
2015-10-23,64405.02,102446.59,150615.21
2015-10-26,64501.63,102743.68,151277.91
2015-10-27,64617.73,103113.56,152094.81
2015-10-28,65166.98,104866.49,155958.02
2015-10-29,65056.2,104520.43,155178.23
2015-10-30,64750.44,103537.94,152990.22
2015-11-02,66020.39,106503.64,158939.12
2015-11-03,66231.66,107185.26,160480.83
2015-11-04,66211.79,107120.95,160320.35
2015-11-05,66006.53,106456.8,158829.37
2015-11-06,66065.94,106648.42,159274.09
2015-11-09,65339.21,104302.16,154018.05
2015-11-10,65143.19,103686.77,152647.29
2015-11-11,65078.05,103469.03,152174.08
2015-11-12,64401.24,101327.22,147441.47
2015-11-13,63184.06,97497.05,139081.54
2015-11-16,64074.95,100236.72,144950.78
2015-11-17,64081.36,100256.77,144979.77
2015-11-18,65311.72,104106.63,153330.6
2015-11-19,65337.85,104189.91,153514.6
2015-11-20,65775.61,105575.64,156584.89
2015-11-23,65611.17,105058.32,155426.16
2015-11-24,65532.44,104816.68,154882.17
2015-11-25,65578.31,104973.91,155222.91
2015-11-27,65683.23,105309.82,155983.5
2015-11-30,65459.91,104593.72,154392.47
2015-12-01,66692.07,107416.29,160034.9
2015-12-02,66271.91,106052.1,156994.24
2015-12-03,65145.28,102456.94,149003.23
2015-12-04,66689.23,107323.64,159612.26
2015-12-07,66369.12,106304.07,157329.81
2015-12-08,66382.39,106357.22,157439.94
2015-12-09,65353.47,103070.78,150134.72
2015-12-10,65647.56,103998.42,152176.56
2015-12-11,64157.36,99276.89,141798.11
2015-12-14,64619.29,100706.48,144860.95
2015-12-15,65000.54,101904.88,147439.48
2015-12-16,65949.55,104880.51,153912.07
2015-12-17,65013.07,101891.41,147340.03
2015-12-18,63836.33,98202.94,139324.73
2015-12-21,64481.08,100196.46,143560.2
2015-12-22,64887.31,101458.94,146273.49
2015-12-23,65386.94,103021.4,149652.41
2015-12-24,65360.79,102938.99,149472.82
2015-12-28,65341.18,102877.22,149338.3
2015-12-29,66327.83,105984.12,156103.32
2015-12-30,65777.31,104214.18,152200.74
2015-12-31,64948.51,101577.56,146432.33
2016-01-04,64087.19,97841.34,137778.45
2016-01-05,63894.92,97244.51,136524.66
2016-01-06,63319.87,95503.84,132852.15
2016-01-07,61350.62,89563.5,120457.04
2016-01-08,60853.68,88112.57,117529.94
2016-01-11,61036.24,88641.24,118587.71
2016-01-12,61750.37,90715.45,122750.14
2016-01-13,59601.45,84410.72,109947.3
2016-01-14,60882.89,88040.39,117027.9
2016-01-15,59001.6,82608.29,106191.12
2016-01-19,59084.21,82847.86,106647.74
2016-01-20,58930.59,82417.05,105815.89
2016-01-21,59018.98,82672.54,106302.64
2016-01-22,60689.22,87351.81,115327.74
2016-01-25,59791.02,84757.46,110195.65
2016-01-26,60323.16,86266.14,113137.88
2016-01-27,58827.15,81987.34,104720.42
2016-01-28,59644.84,84258.39,109076.79
2016-01-29,60968.96,88007.89,116352.21
2016-02-01,61573.46,88817.67,117459.84
2016-02-02,60231.15,84945.22,109777.97
2016-02-03,59930.0,84087.27,108120.32
2016-02-04,59870.07,83919.1,107795.96
2016-02-05,57810.54,78145.46,96682.2
2016-02-08,56891.35,75668.25,92080.12
2016-02-09,56709.3,75176.41,91186.95
2016-02-10,56975.83,75883.07,92463.56
2016-02-11,56918.86,75731.3,92176.93
2016-02-12,57738.49,77912.36,96149.75
2016-02-16,58962.54,81215.84,102264.88
2016-02-17,60324.58,84968.02,109351.83
2016-02-18,59642.91,83039.24,105633.87
2016-02-19,59821.84,83545.78,106595.14
2016-02-22,60784.97,86244.31,111754.34
2016-02-23,59800.25,83441.37,106311.91
2016-02-24,60350.42,84968.35,109235.48
2016-02-25,60929.78,86599.74,112392.39
2016-02-26,60850.57,86374.58,111965.3
2016-02-29,60357.68,84966.67,109233.34
2016-03-01,62774.7,90859.62,120114.12
2016-03-02,62787.25,90895.97,120174.18
2016-03-03,62661.68,90541.47,119465.15
2016-03-04,62705.54,90677.28,119727.97
2016-03-07,62335.58,89598.22,117596.81
2016-03-08,61787.03,88021.3,114492.26
2016-03-09,62188.64,89165.57,116724.86
2016-03-10,62095.36,88906.99,116211.27
2016-03-11,63182.03,92009.85,122300.74
2016-03-14,63264.17,92239.87,122765.48
2016-03-15,63257.84,92230.65,122740.93
2016-03-16,63795.53,93798.57,125870.82
2016-03-17,63738.12,93629.73,125530.97
2016-03-18,63891.09,94079.15,126434.79
2016-03-21,64127.48,94765.93,127825.57
2016-03-22,64281.39,95220.81,128745.92
2016-03-23,63773.57,93716.32,125694.64
2016-03-24,63818.21,93838.15,125946.03
2016-03-28,63709.72,93519.1,125303.71
2016-03-29,64716.33,96483.66,131255.63
2016-03-30,65052.86,97487.09,133303.22
2016-03-31,64948.77,97175.13,132663.36
2016-04-01,66155.62,99784.91,137477.86
2016-04-04,65857.92,98886.85,135621.91
2016-04-05,65258.61,97087.1,131932.99
2016-04-06,66322.33,100261.85,138397.71
2016-04-07,65320.86,97243.97,132142.13
2016-04-08,65314.33,97224.52,132115.7
2016-04-11,65079.2,96524.51,130675.64
2016-04-12,65625.86,98136.47,133955.6
2016-04-13,66485.56,100697.83,139206.66
2016-04-14,66485.56,100697.83,139192.74
2016-04-15,66319.35,100194.34,138148.79
2016-04-18,66644.31,101176.24,140179.58
2016-04-19,66231.12,99921.66,137572.24
2016-04-20,66277.48,100071.54,137874.9
2016-04-21,66284.1,100091.55,137902.47
2016-04-22,65309.73,97158.87,131834.76
2016-04-25,65309.73,97158.87,131834.76
2016-04-26,65002.77,96235.86,129962.71
2016-04-27,64469.75,94667.22,126778.62
2016-04-28,63702.56,92414.14,122239.95
2016-04-29,63371.31,91453.03,120333.01
2016-05-02,64458.92,93644.97,124168.0
2016-05-03,63872.35,91940.63,120778.21
2016-05-04,63438.01,90699.43,118326.41
2016-05-05,63399.95,90590.59,118113.43
2016-05-06,63704.27,91460.26,119814.26
2016-05-09,63869.9,91926.71,120736.83
2016-05-10,64764.08,94500.66,125807.78
2016-05-11,64161.78,92742.94,122297.74
2016-05-12,63892.3,91963.9,120769.02
2016-05-13,63655.89,91274.17,119416.4
2016-05-16,64451.59,93546.9,123882.58
2016-05-17,63600.83,91077.26,118964.44
2016-05-18,63829.79,91742.13,120261.15
2016-05-19,63497.88,90788.01,118373.05
2016-05-20,64196.36,92776.26,122267.52
2016-05-23,64080.8,92442.27,121607.28
2016-05-24,65394.46,96232.4,129073.97
2016-05-25,65865.3,97627.77,131874.87
2016-05-26,66036.55,98135.44,132890.31
2016-05-27,66399.75,99214.93,135069.71
2016-05-31,66565.75,99711.0,136082.73
2016-06-01,67012.1,100040.64,136241.28
2016-06-02,67179.63,100540.85,137263.09
2016-06-03,66857.17,99585.71,135300.22
2016-06-06,67064.42,100193.18,136544.99
2016-06-07,66910.17,99722.27,135589.17
2016-06-08,67023.92,100051.36,136267.12
2016-06-09,66903.28,99701.18,135544.9
2016-06-10,66140.58,97418.02,130895.71
2016-06-13,65571.77,95742.43,127531.69
2016-06-14,65604.56,95838.17,127722.99
2016-06-15,65374.94,95167.31,126394.67
2016-06-16,65590.68,95804.93,127658.62
2016-06-17,64849.5,93649.32,123343.75
2016-06-20,65232.12,94754.38,125526.94
2016-06-21,65427.81,95322.9,126656.68
2016-06-22,65296.96,94951.14,125909.41
2016-06-23,66224.17,97657.25,131285.74
2016-06-24,63528.85,89707.95,115255.75
2016-06-27,62270.98,86164.49,108421.08
2016-06-28,63597.35,89835.09,115349.19
2016-06-29,64697.59,92943.39,121335.81
2016-06-30,65480.43,95201.91,125752.44
2016-07-01,66277.34,96553.66,127944.22
2016-07-05,65879.67,95395.02,125641.22
2016-07-06,66386.95,96864.1,128543.54
2016-07-07,66606.02,97513.09,129828.97
2016-07-08,67631.76,100516.49,135840.05
2016-07-11,68024.02,101682.48,138217.25
2016-07-12,68364.14,102709.48,140304.34
2016-07-13,68186.39,102175.39,139209.96
2016-07-14,68643.24,103554.76,142022.0
2016-07-15,68547.14,103254.45,141411.31
2016-07-18,68992.7,104596.75,144168.83
2016-07-19,68744.33,103854.12,142626.22
2016-07-20,69548.63,106284.3,147632.4
2016-07-21,69395.63,105816.65,146658.03
2016-07-22,69680.15,106684.35,148461.92
2016-07-25,69680.15,106673.68,148447.08
2016-07-26,69770.73,106951.03,149040.86
2016-07-27,70231.22,108362.79,151991.87
2016-07-28,70505.12,109218.85,153785.38
2016-07-29,70639.08,109622.96,154646.58
2016-08-01,71530.35,111323.3,157690.98
2016-08-02,70979.56,109597.79,154032.55
2016-08-03,71206.7,110299.22,155511.26
2016-08-04,71349.11,110740.41,156444.33
2016-08-05,72062.6,112955.22,161137.66
2016-08-08,71961.71,112650.24,160476.99
2016-08-09,72127.23,113168.43,161584.29
2016-08-10,71939.7,112579.96,160340.09
2016-08-11,72241.84,113514.37,162344.34
2016-08-12,72299.64,113695.99,162733.96
2016-08-15,72603.29,114639.67,164768.14
2016-08-16,72153.15,113218.14,161703.45
2016-08-17,72275.81,113603.08,162544.31
2016-08-18,72326.41,113750.77,162869.4
2016-08-19,72290.24,113625.64,162608.81
2016-08-22,72326.39,113739.27,162852.72
2016-08-23,72478.27,114205.6,163862.41
2016-08-24,71949.18,112549.62,160290.21
2016-08-25,71826.87,112166.95,159472.73
2016-08-26,71948.98,112559.53,160301.98
2016-08-29,72056.9,112908.47,161039.37
2016-08-30,71826.32,112197.14,159509.5
2016-08-31,71754.49,111961.53,159015.02
2016-09-01,72449.58,113068.82,160807.09
2016-09-02,72674.17,113769.85,162302.6
2016-09-06,73139.29,115226.1,165418.81
2016-09-07,73175.86,115341.33,165666.94
2016-09-08,72751.44,114014.9,162800.9
2016-09-09,70896.27,108200.14,150346.63
2016-09-12,72158.23,112041.25,158360.1
2016-09-13,71523.24,110069.32,154195.23
2016-09-14,71873.7,111148.0,156461.9
2016-09-15,72994.93,114604.7,163768.68
2016-09-16,72965.73,114513.02,163572.15
2016-09-19,72630.09,113470.95,161331.21
2016-09-20,72768.09,113902.14,162250.8
2016-09-21,73503.04,116202.96,167167.0
2016-09-22,74069.02,118004.11,171045.28
2016-09-23,73580.16,116434.65,167641.47
2016-09-26,72947.37,114431.98,163316.32
2016-09-27,73698.73,116789.28,168362.8
2016-09-28,73831.39,117198.04,169255.12
2016-09-29,73270.27,115416.63,165413.03
2016-09-30,73834.45,117205.59,169250.61
2016-10-03,74193.21,117270.08,168800.01
2016-10-04,74081.93,116929.99,168057.29
2016-10-05,74363.44,117806.97,169956.34
2016-10-06,74303.95,117618.48,169548.44
2016-10-07,74162.77,117159.77,168565.06
2016-10-10,74607.74,118565.68,171599.23
2016-10-11,73511.01,115079.85,164031.71
2016-10-12,73474.26,114976.28,163802.06
2016-10-13,73224.44,114182.94,162114.9
2016-10-14,73304.99,114434.15,162666.09
2016-10-17,73114.4,113850.53,161413.56
2016-10-18,73779.74,115922.61,165804.01
2016-10-19,73735.47,115771.91,165488.98
2016-10-20,73676.48,115586.68,165091.81
2016-10-21,73971.19,116499.81,167056.4
2016-10-24,74858.84,119295.81,173053.73
2016-10-25,74574.38,118401.09,171098.22
2016-10-26,74104.56,116909.23,167864.46
2016-10-27,73734.04,115751.83,165363.28
2016-10-28,73262.14,114270.21,162204.84
2016-10-31,73196.2,114064.52,161766.89
2016-11-01,73165.59,112926.25,158778.15
2016-11-02,72551.0,111029.09,154776.94
2016-11-03,71818.23,108786.3,150087.2
2016-11-04,71530.96,107916.01,148286.16
2016-11-07,73269.16,113160.73,159096.22
2016-11-08,73745.41,114643.14,162214.5
2016-11-09,74055.14,115606.14,164258.41
2016-11-10,72855.45,111860.5,156275.45
2016-11-11,72928.31,112095.41,156759.9
2016-11-14,72162.56,109741.4,151821.96
2016-11-15,73122.32,112660.52,157864.48
2016-11-16,73546.43,113978.65,160627.11
2016-11-17,74075.96,115608.55,164080.59
2016-11-18,73794.48,114718.36,162193.66
2016-11-21,74576.7,117150.39,167351.42
2016-11-22,74807.89,117865.01,168891.05
2016-11-23,74501.17,116898.51,166813.69
2016-11-25,74747.03,117681.73,168481.83
2016-11-28,74545.21,117058.02,167133.98
2016-11-29,74791.21,117842.31,168805.32
2016-11-30,73833.88,114825.55,162323.19
2016-12-01,73151.97,111646.66,155040.24
2016-12-02,73232.44,111892.28,155551.88
2016-12-05,73832.95,113727.32,159362.9
2016-12-06,73995.38,114227.72,160414.69
2016-12-07,74972.12,117243.33,166767.11
2016-12-08,75084.58,117595.06,167517.57
2016-12-09,75655.22,119370.75,171320.21
2016-12-12,75322.34,118320.28,169058.79
2016-12-13,76271.4,121313.79,175466.12
2016-12-14,76042.58,120598.03,173904.47
2016-12-15,76232.69,121201.02,175191.36
2016-12-16,75943.0,120292.02,173211.7
2016-12-19,76254.37,121266.38,175324.88
2016-12-20,76544.14,122200.13,177341.12
2016-12-21,76467.59,121955.73,176809.09
2016-12-22,76245.84,121236.19,175253.17
2016-12-23,76329.71,121515.04,175849.03
2016-12-27,76726.62,122778.79,178609.86
2016-12-28,76112.81,120826.61,174341.09
2016-12-29,75991.03,120427.88,173486.82
2016-12-30,75147.53,117754.38,167709.71
2017-01-03,76388.87,120572.17,173155.07
2017-01-04,76793.74,121838.18,175890.92
2017-01-05,77223.78,123202.77,178863.48
2017-01-06,77880.18,125297.21,183424.5
2017-01-09,78160.55,126186.82,185387.14
2017-01-10,78316.87,126704.19,186518.0
2017-01-11,78551.82,127464.41,188196.66
2017-01-12,78418.28,127018.29,187218.04
2017-01-13,78700.59,127932.82,189239.99
2017-01-17,78472.36,127178.02,187574.68
2017-01-18,78645.0,127737.6,188831.43
2017-01-19,78574.22,127494.9,188302.71
2017-01-20,78762.8,128106.87,189639.65
2017-01-23,78802.18,128234.98,189924.11
2017-01-24,79353.79,130030.27,193893.53
2017-01-25,80139.39,132604.87,199632.78
2017-01-26,80227.55,132883.34,200271.6
2017-01-27,80404.05,133454.74,201573.37
2017-01-30,79801.02,131452.92,197037.97
2017-01-31,79609.5,130808.8,195599.59
2017-02-01,80670.26,133147.12,200237.29
2017-02-02,80589.59,132894.14,199656.6
2017-02-03,80807.18,133611.77,201273.82
2017-02-06,80904.15,133945.8,202018.53
2017-02-07,81187.32,134870.03,204119.53
2017-02-08,81357.81,135422.99,205385.07
2017-02-09,81601.88,136235.53,207233.53
2017-02-10,81830.37,136998.45,208974.29
2017-02-13,82304.99,138573.93,212589.55
2017-02-14,82527.21,139322.23,214311.53
2017-02-15,83014.12,140980.17,218126.27
2017-02-16,82989.22,140881.48,217908.14
2017-02-17,83362.67,142163.5,220871.69
2017-02-21,83771.14,143556.7,224118.51
2017-02-22,83796.28,143628.48,224297.8
2017-02-23,83486.23,142565.63,221808.1
2017-02-24,83661.55,143150.15,223183.31
2017-02-27,83728.48,143379.19,223718.95
2017-02-28,83460.55,142461.56,221548.87
2017-03-01,84917.7,146221.09,229642.95
2017-03-02,84484.62,144715.01,226106.44
2017-03-03,84645.14,145264.93,227395.25
2017-03-06,84433.53,144553.13,225712.53
2017-03-07,84289.99,144061.65,224561.39
2017-03-08,84424.85,144522.65,225639.29
2017-03-09,84492.39,144753.88,226158.26
2017-03-10,84838.81,145940.86,228940.0
2017-03-13,84974.55,146407.87,230038.92
2017-03-14,84779.11,145734.4,228451.65
2017-03-15,85313.22,147585.22,232792.23
2017-03-16,85244.97,147363.85,232256.81
2017-03-17,85193.82,147187.01,231838.74
2017-03-20,85261.98,147437.23,232418.34
2017-03-21,83991.57,143043.6,222006.0
2017-03-22,84545.92,144917.47,226379.52
2017-03-23,84351.46,144250.85,224817.5
2017-03-24,84494.86,144726.88,225941.59
2017-03-27,84655.4,145276.84,227229.45
2017-03-28,85171.8,147063.74,231410.48
2017-03-29,85538.04,148313.79,234372.53
2017-03-30,85683.45,148832.88,235591.27
2017-03-31,85632.04,148639.4,235143.64
2017-04-03,86071.75,148915.69,235125.23
2017-04-04,86200.86,149362.44,236183.29
2017-04-05,85856.05,148167.54,233325.47
2017-04-06,85890.4,148300.89,233628.8
2017-04-07,85847.45,148167.42,233301.72
2017-04-10,85898.96,148345.22,233721.66
2017-04-11,85529.59,147069.45,230706.65
2017-04-12,85187.48,145907.6,227961.24
2017-04-13,84812.65,144638.21,224974.95
2017-04-17,85533.56,147097.06,230734.31
2017-04-18,85413.81,146685.19,229765.22
2017-04-19,85541.93,147125.24,230776.19
2017-04-20,86234.82,149523.38,236407.13
2017-04-21,86208.95,149448.62,236218.0
2017-04-24,87252.08,153065.28,244816.34
2017-04-25,87889.02,155300.03,250177.82
2017-04-26,87774.76,154896.25,249227.14
2017-04-27,88248.75,156584.62,253289.54
2017-04-28,88442.9,157273.59,254961.25
2017-05-01,89681.12,160376.86,261796.69
2017-05-02,89914.29,161194.78,263812.53
2017-05-03,89608.58,160114.77,261148.02
2017-05-04,89626.51,160178.82,261304.71
2017-05-05,89940.2,161300.07,264048.41
2017-05-08,90147.06,162042.05,265870.34
2017-05-09,90453.56,163143.94,268582.22
2017-05-10,90507.83,163339.71,269065.67
2017-05-11,90390.17,162915.03,268016.31
2017-05-12,90589.03,163631.85,269812.02
2017-05-15,90869.86,164646.37,272321.27
2017-05-16,91187.9,165798.89,275180.65
2017-05-17,88899.09,157459.21,254432.03
2017-05-18,89628.06,160041.54,260691.05
2017-05-19,90031.38,161481.92,264210.38
2017-05-22,90796.65,164210.96,270921.33
2017-05-23,90860.21,164440.85,271490.26
2017-05-24,91287.25,166003.04,275345.42
2017-05-25,92054.06,168791.89,282284.13
2017-05-26,92210.56,169382.67,283752.01
2017-05-30,92311.99,169755.31,284660.01
2017-05-31,92219.68,169415.8,283806.03
2017-06-01,93164.73,171546.99,288400.04
2017-06-02,94208.18,175372.49,298061.44
2017-06-05,94151.65,175179.58,297554.74
2017-06-06,93812.7,173900.77,294311.39
2017-06-07,94150.43,175135.46,297460.52
2017-06-08,94272.83,175590.81,298620.62
2017-06-09,91972.57,167039.54,276791.45
2017-06-12,91429.93,165068.47,271919.92
2017-06-13,92124.8,167594.02,278146.89
2017-06-14,91728.66,166152.71,274558.79
2017-06-15,91306.71,164640.72,270797.34
2017-06-16,90996.27,163521.17,268035.2
2017-06-19,92452.21,168737.49,280874.09
2017-06-20,91712.59,166054.57,274161.2
2017-06-21,92611.37,169309.24,282221.54
2017-06-22,92574.33,169156.86,281854.65
2017-06-23,92944.63,170510.11,285265.09
2017-06-26,92535.67,169009.62,281499.59
2017-06-27,90842.27,162806.97,266017.11
2017-06-28,92150.4,167479.53,277482.45
2017-06-29,90546.98,161651.24,262997.87
2017-06-30,90447.38,161295.61,262156.28
2017-07-03,90147.04,158931.83,255695.88
2017-07-05,90985.41,161872.07,262804.23
2017-07-06,90166.54,158958.37,255708.52
2017-07-07,91113.29,162280.6,263737.76
2017-07-10,91723.75,164438.93,269012.52
2017-07-11,91971.4,165343.34,271218.42
2017-07-12,93084.25,169344.65,281063.65
2017-07-13,93316.96,170191.38,283171.63
2017-07-14,94035.51,172812.32,289741.21
2017-07-17,94063.72,172916.01,290001.98
2017-07-18,94712.76,175302.25,296005.02
2017-07-19,95290.5,177458.47,301451.51
2017-07-20,95376.27,177760.15,302235.28
2017-07-21,95385.8,177777.93,302295.73
2017-07-24,95710.11,178969.04,305348.92
2017-07-25,95537.84,178324.75,303700.03
2017-07-26,95862.66,179537.36,306797.77
2017-07-27,95316.25,177508.59,301582.21
2017-07-28,95182.8,177029.31,300345.72
2017-07-31,94725.93,175312.13,295990.71
2017-08-01,95463.99,176691.19,298744.04
2017-08-02,95769.48,177839.68,301641.86
2017-08-03,95395.98,176452.53,298112.65
2017-08-04,95539.07,176981.89,299424.34
2017-08-07,96102.75,179070.28,304724.15
2017-08-08,95968.21,178568.88,303444.31
2017-08-09,95853.04,178158.17,302382.26
2017-08-10,93725.11,170265.76,282273.84
2017-08-11,94428.05,172819.75,288625.0
2017-08-14,95665.05,177364.91,299996.82
2017-08-15,95655.49,177347.17,299936.82
2017-08-16,95808.54,177932.42,301406.51
2017-08-17,93844.46,170654.98,282900.15
2017-08-18,93760.0,170330.74,282108.03
2017-08-21,93684.99,170075.24,281459.19
2017-08-22,95090.27,175177.5,294124.85
2017-08-23,94738.43,173898.7,290889.48
2017-08-24,94454.22,172872.7,288300.56
2017-08-25,94265.31,172163.92,286541.93
2017-08-28,94519.83,173076.39,288834.26
2017-08-29,94907.36,174495.62,292415.81
2017-08-30,96055.74,178700.96,303001.26
2017-08-31,96958.66,182060.54,311545.89
2017-09-01,97448.91,182524.03,311921.08
2017-09-05,96552.38,179165.59,303312.05
2017-09-06,96851.7,180276.41,306132.86
2017-09-07,97064.77,181069.63,308153.33
2017-09-08,96239.72,177973.34,300264.61
2017-09-11,97336.85,182013.33,310503.63
2017-09-12,97580.19,182941.6,312863.46
2017-09-13,97726.56,183472.13,314240.06
2017-09-14,97149.98,181307.16,308646.58
2017-09-15,97460.86,182467.53,311609.59
2017-09-18,97353.65,182047.85,310550.12
2017-09-19,97519.15,182648.61,312102.87
2017-09-20,97236.35,181589.25,309356.36
2017-09-21,96604.31,179228.59,303354.85
2017-09-22,96565.67,179067.28,302960.49
2017-09-25,95503.45,175145.71,292993.09
2017-09-26,95732.65,175986.41,295102.64
2017-09-27,96651.69,179365.35,303601.6
2017-09-28,96574.37,179078.36,302872.95
2017-09-29,97327.65,181871.98,309960.18
2017-10-02,97866.78,182536.12,310863.78
2017-10-03,98082.08,183339.28,312915.48
2017-10-04,98140.93,183577.62,313510.02
2017-10-05,99092.9,187139.03,322664.51
2017-10-06,99211.81,187606.87,323858.37
2017-10-09,99112.6,187231.66,322886.79
2017-10-10,99191.89,187531.23,323694.01
2017-10-11,99479.55,188618.91,326542.52
2017-10-12,99290.54,187921.02,324713.88
2017-10-13,99657.91,189311.64,328318.2
2017-10-16,100016.68,190674.68,331896.87
2017-10-17,100146.7,191170.43,333224.46
2017-10-18,100016.51,190654.27,331891.56
2017-10-19,99656.45,189300.63,328340.32
2017-10-20,99925.52,190303.92,330967.04
2017-10-23,99256.02,187753.85,324314.61
2017-10-24,99454.53,188523.64,326292.93
2017-10-25,99046.77,186958.89,322246.89
2017-10-26,98769.44,185893.23,319507.8
2017-10-27,101643.63,196712.21,347368.88
2017-10-30,101877.41,197597.42,349730.98
2017-10-31,102223.79,198921.32,353263.27
2017-11-01,102723.79,199421.32,353763.27
2017-11-02,102518.35,198643.58,351676.06
2017-11-03,103492.27,202417.81,361698.83
2017-11-06,103792.4,203571.59,364809.44
2017-11-07,103906.57,204039.8,366049.79
2017-11-08,104322.2,205651.72,370405.79
2017-11-09,103769.29,203471.81,364516.33
2017-11-10,103717.4,203268.34,363969.56
2017-11-13,103831.49,203735.85,365207.06
2017-11-14,103457.7,202289.33,361299.34
2017-11-15,102878.34,200023.69,355229.51
2017-11-16,104205.47,205184.3,368976.89
2017-11-17,103799.07,203583.86,364659.86
2017-11-20,103705.65,203197.05,363638.82
2017-11-21,104856.78,207708.03,375747.99
2017-11-22,104982.61,208185.76,377063.11
2017-11-24,105360.55,209705.51,381173.09
2017-11-27,105307.87,209495.81,380563.22
2017-11-28,105581.67,210585.19,383531.61
2017-11-29,103755.1,203298.94,363626.32
2017-11-30,104647.4,206795.68,373007.88
2017-12-01,104695.26,205492.21,368652.28
2017-12-04,103470.33,200683.69,355712.58
2017-12-05,103491.02,200784.03,355961.58
2017-12-06,103956.73,202571.01,360731.47
2017-12-07,104341.37,204070.03,364735.58
2017-12-08,104810.91,205906.67,369623.04
2017-12-11,105628.43,209098.22,378235.26
2017-12-12,105459.43,208429.1,376419.73
2017-12-13,105638.71,209158.61,378377.11
2017-12-14,105564.76,208844.87,377544.68
2017-12-15,106831.54,213836.26,391098.54
2017-12-18,107611.41,216936.89,399624.48
2017-12-19,107073.35,214767.52,393630.12
2017-12-20,106934.16,214230.6,392134.32
2017-12-21,106934.16,214252.02,392173.54
2017-12-22,106805.84,213759.24,390800.93
2017-12-26,106271.81,211643.03,384977.99
2017-12-27,106303.69,211770.01,385324.48
2017-12-28,106409.99,212172.37,386441.92
2017-12-29,105665.12,209201.96,378326.64
2018-01-02,108076.09,217230.26,399245.39
2018-01-03,109146.05,221531.42,411102.98
2018-01-04,109287.94,222129.56,412747.39
2018-01-05,110424.53,226772.06,425666.38
2018-01-08,110811.02,228359.47,430135.88
2018-01-09,110833.18,228450.81,430393.96
2018-01-10,110578.26,227399.94,427424.25
2018-01-11,111341.25,230538.06,436229.18
2018-01-12,112176.31,233973.07,446000.72
2018-01-16,111817.35,232499.04,441763.71
2018-01-17,113036.16,237544.27,456165.21
2018-01-18,113058.76,237615.54,456393.29
2018-01-19,113443.16,239207.56,461002.86
2018-01-22,114634.32,244254.84,475570.55
2018-01-23,115585.78,248309.47,487364.7
2018-01-24,114857.59,245155.94,478104.77
2018-01-25,114811.65,244935.3,477483.24
2018-01-26,116579.75,252479.31,499590.71
2018-01-29,116008.51,249979.76,492196.77
2018-01-30,115057.24,245855.1,480039.51
2018-01-31,115379.4,247231.88,484023.84
2018-02-01,115068.24,244263.64,474397.29
2018-02-02,112709.34,234273.25,445269.3
2018-02-05,108302.41,215953.09,393039.21
2018-02-06,111139.93,227269.03,423892.78
2018-02-07,109739.57,221541.85,407869.64
2018-02-08,105141.48,202976.64,356559.64
2018-02-09,106918.37,209837.25,374637.21
2018-02-12,108768.06,217118.6,394118.35
2018-02-13,109268.39,219116.1,399557.18
2018-02-14,111289.86,227223.39,421732.6
2018-02-15,113293.07,235380.71,444463.99
2018-02-16,112885.22,233709.51,439708.22
2018-02-20,113031.97,234340.52,441467.06
2018-02-21,112692.87,232934.48,437493.85
2018-02-22,112737.95,233120.83,437975.1
2018-02-23,114981.44,242422.35,464166.01
2018-02-26,116522.19,248919.27,482825.48
2018-02-27,115042.36,242596.72,464429.83
2018-02-28,114271.57,239370.18,455141.23
2018-03-01,113027.04,232602.12,434909.56
2018-03-02,114044.29,236765.69,446608.63
2018-03-05,115218.94,241643.07,460408.83
2018-03-06,115748.95,243866.18,466762.47
2018-03-07,116026.75,245012.35,470076.49
2018-03-08,116641.69,247633.99,477597.71
2018-03-09,118892.88,257217.42,505298.38
2018-03-12,119392.23,259378.05,511665.14
2018-03-13,117971.46,253230.79,493449.86
2018-03-14,117877.08,252825.62,492265.58
2018-03-15,117712.05,252117.71,490148.84
2018-03-16,117523.71,251336.14,487845.14
2018-03-19,114926.44,240227.09,455501.01
2018-03-20,115282.71,241692.47,459691.61
2018-03-21,114740.88,239420.56,453209.96
2018-03-22,111872.36,227449.53,419264.54
2018-03-23,108952.49,215599.41,386478.05
2018-03-26,113070.9,231877.17,430266.01
2018-03-27,109316.94,216503.71,387454.54
2018-03-28,108158.18,211935.48,375172.24
2018-03-29,110169.93,219819.48,396144.36
2018-04-02,107471.56,207585.02,362255.3
2018-04-03,108610.76,212006.58,373811.24
2018-04-04,110315.95,218642.38,391380.37
2018-04-05,110900.63,220959.99,397603.32
2018-04-06,108183.56,210132.95,368379.47
2018-04-09,108843.48,212696.58,375083.98
2018-04-10,111259.81,222140.3,400027.06
2018-04-11,110714.63,219963.33,394146.67
2018-04-12,111943.57,224824.52,407232.34
2018-04-13,111473.4,222935.99,402101.21
2018-04-16,112264.86,226079.39,410625.75
2018-04-17,114644.88,235642.55,436700.49
2018-04-18,114931.49,236797.2,439932.07
2018-04-19,113954.57,232747.96,428669.81
2018-04-20,112154.09,225393.13,408350.86
2018-04-23,111840.06,224108.39,404879.88
2018-04-24,109491.42,214695.84,379331.96
2018-04-25,109579.01,215017.88,380204.42
2018-04-26,111858.25,223984.13,403967.2
2018-04-27,111970.11,224432.09,405179.1
2018-04-30,111119.14,220998.28,395900.5
2018-05-01,112913.92,226614.89,410155.6
2018-05-02,112281.6,224076.81,403264.98
2018-05-03,112259.15,224009.58,403063.35
2018-05-04,114380.85,232477.15,425917.04
2018-05-07,115273.02,236103.79,435883.5
2018-05-08,115169.27,235655.19,434663.03
2018-05-09,116482.2,241028.13,449528.5
2018-05-10,117670.32,245945.1,463284.08
2018-05-11,117482.05,245158.08,461106.64
2018-05-14,117681.77,245991.62,463458.28
2018-05-15,116399.03,240629.0,448303.2
2018-05-16,117097.43,243516.55,456372.66
2018-05-17,116617.33,241519.71,450759.27
2018-05-18,116022.58,239032.06,443817.58
2018-05-21,116683.91,241757.02,451451.24
2018-05-22,116485.55,240935.05,449103.7
2018-05-23,117498.97,245127.32,460825.3
2018-05-24,117428.47,244857.68,460041.9
2018-05-25,117616.36,245641.22,462250.1
2018-05-29,117040.04,243209.38,455408.8
2018-05-30,117882.73,246711.59,465245.63
2018-05-31,117741.27,246094.81,463524.22
2018-06-01,120215.9,254831.08,487225.43
2018-06-04,121225.71,259112.24,499552.23
2018-06-05,121613.63,260796.47,504397.89
2018-06-06,122343.31,263952.11,513527.49
2018-06-07,121376.8,259755.27,501305.54
2018-06-08,121376.8,259729.29,501255.41
2018-06-11,121643.83,260872.1,504613.82
2018-06-12,122337.2,263846.05,513192.25
2018-06-13,122276.03,263555.81,512371.15
2018-06-14,123535.47,268985.06,528203.42
2018-06-15,123127.81,267236.66,523027.02
2018-06-18,123053.93,266915.98,522085.57
2018-06-19,122660.16,265207.72,517021.34
2018-06-20,123555.58,269079.75,528344.11
2018-06-21,122480.64,264397.76,514607.16
2018-06-22,122137.7,262943.57,510335.92
2018-06-25,119438.45,251295.17,476449.62
2018-06-26,119952.04,253431.18,482548.17
2018-06-27,118284.71,246360.45,462377.66
2018-06-28,119337.44,250745.67,474723.14
2018-06-29,119492.58,251397.61,476574.56
2018-07-02,120964.52,255978.35,488667.48
2018-07-03,119549.23,249962.86,471466.38
2018-07-05,121019.69,256136.94,488910.64
2018-07-06,122834.99,263795.43,510862.72
2018-07-09,124001.92,268833.93,525473.4
2018-07-10,124113.52,269317.83,526892.18
2018-07-11,123455.72,266463.06,518514.59
2018-07-12,125542.12,275469.51,544751.43
2018-07-13,125705.32,276185.73,546875.96
2018-07-16,125403.63,274832.42,542883.77
2018-07-17,126193.67,278267.83,553089.98
2018-07-18,125953.91,277238.23,549992.68
2018-07-19,125311.54,274410.4,541577.79
2018-07-20,125273.95,274245.76,541090.37
2018-07-23,125637.24,275863.81,545851.96
2018-07-24,126227.74,278456.93,553493.89
2018-07-25,127969.68,286142.34,576463.89
2018-07-26,126126.92,277930.05,551618.29
2018-07-27,124361.14,270120.22,528395.16
2018-07-30,122595.21,262448.81,505885.53
2018-07-31,123257.23,265283.25,514080.88
2018-08-01,124462.64,268786.6,523328.75
2018-08-02,126155.33,276124.48,544732.9
2018-08-03,126559.03,277864.06,549907.86
2018-08-06,127305.73,281142.86,559586.24
2018-08-07,127713.11,282942.17,564902.31
2018-08-08,127828.05,283451.47,566484.03
2018-08-09,127789.7,283253.05,565917.55
2018-08-10,126780.16,278805.98,552561.89
2018-08-13,126653.38,278276.25,550959.46
2018-08-14,127438.63,281726.87,561207.31
2018-08-15,125858.39,274740.05,540274.28
2018-08-16,126198.21,276196.17,544596.47
2018-08-17,126248.69,276444.75,545304.45
2018-08-20,126147.69,275974.79,543941.19
2018-08-21,126589.21,277906.61,549652.57
2018-08-22,127057.59,279963.12,555753.71
2018-08-23,126879.71,279151.23,553363.97
2018-08-24,128110.44,284538.85,569411.53
2018-08-27,129365.92,290144.26,586209.17
2018-08-28,129559.97,290985.68,588788.49
2018-08-29,131101.74,297911.14,609749.36
2018-08-30,130800.2,296540.75,605542.09
2018-08-31,131009.48,297460.02,608388.13
2018-09-04,130957.14,295457.16,601216.14
2018-09-05,129254.7,287775.27,577768.71
2018-09-06,128052.63,282422.65,561648.97
2018-09-07,127655.67,280699.88,556481.8
2018-09-10,127949.28,282019.17,560377.17
2018-09-11,128985.67,286587.88,573938.3
2018-09-12,128650.3,285068.96,569404.18
2018-09-13,129911.08,290684.82,586201.61
2018-09-14,129638.26,289434.87,582449.92
2018-09-17,127732.58,280925.49,556822.12
2018-09-18,128754.44,285448.39,570241.53
2018-09-19,128690.06,285134.4,569329.15
2018-09-20,130041.31,291122.22,587263.02
2018-09-21,129391.1,288211.0,578454.07
2018-09-24,129688.7,289565.59,582503.25
2018-09-25,129935.11,290665.94,585823.52
2018-09-26,129935.11,290665.94,585823.52
2018-09-27,131078.54,295781.66,601289.26
2018-09-28,131039.22,295633.77,600808.23
2018-10-01,131841.76,297525.6,605517.38
2018-10-02,131551.7,296186.73,601460.42
2018-10-03,131709.57,296897.58,603625.68
2018-10-04,129167.57,285437.33,568675.75
2018-10-05,127604.64,278501.2,547975.95
2018-10-08,126813.5,275019.94,537728.8
2018-10-09,127143.21,276422.54,541869.31
2018-10-10,121498.05,251876.22,469746.51
2018-10-11,120112.97,246133.44,453634.2
2018-10-12,123440.1,259793.85,491376.57
2018-10-15,121909.45,253376.94,473146.5
2018-10-16,125493.58,268275.5,514878.02
2018-10-17,125531.23,268436.47,515341.41
2018-10-18,122731.89,256437.36,480813.53
2018-10-19,122584.61,255796.27,479034.52
2018-10-22,123173.01,258251.91,485884.72
2018-10-23,122778.86,256624.92,481268.81
2018-10-24,117094.2,232861.45,414420.58
2018-10-25,121016.85,248439.89,456028.4
2018-10-26,118185.06,236837.74,424060.81
2018-10-29,115797.72,227269.5,398362.72
2018-10-30,117453.63,233792.13,415492.32
2018-10-31,120166.81,244569.95,444244.39
2018-11-01,122440.61,252250.5,464313.14
2018-11-02,120640.73,244834.34,443836.93
2018-11-05,120158.17,242851.18,438466.51
2018-11-06,121059.36,246469.66,448288.16
2018-11-07,124775.88,261578.25,489530.67
2018-11-08,124002.27,258334.68,480425.4
2018-11-09,121931.43,249706.3,456356.08
2018-11-12,118297.87,234798.84,415512.22
2018-11-13,118333.36,234916.23,415844.62
2018-11-14,117280.2,230711.23,404699.99
2018-11-15,119367.78,238924.55,426310.97
2018-11-16,118961.93,237299.87,421962.6
2018-11-19,115083.77,221804.19,380652.46
2018-11-20,113069.81,214063.22,360706.27
2018-11-21,113917.83,217252.76,368786.09
2018-11-23,113086.23,214059.15,360672.8
2018-11-26,115698.52,223970.08,385703.49
2018-11-27,116091.9,225493.08,389637.66
2018-11-28,119772.01,239789.34,426653.24
2018-11-29,119412.7,238326.63,422770.7
2018-11-30,120391.88,242235.18,433170.86
2018-12-03,122862.42,250648.35,454833.99
2018-12-04,118218.22,231699.34,403255.82
2018-12-06,118974.81,234665.09,411038.66
2018-12-07,115048.65,219177.19,370345.83
2018-12-10,116256.66,223779.91,382011.72
2018-12-11,116628.68,225212.1,385717.24
2018-12-12,117666.67,229220.88,396015.89
2018-12-13,117737.27,229495.94,396728.72
2018-12-14,114723.2,217768.7,366299.62
2018-12-17,112176.34,208099.77,341867.44
2018-12-18,112927.93,210888.31,348738.97
2018-12-19,110341.88,201229.62,324780.61
2018-12-20,108609.51,194890.89,309450.96
2018-12-21,105188.31,182612.76,280207.85
2018-12-24,102632.23,173719.52,259752.67
2018-12-26,108954.38,195121.77,307754.97
2018-12-27,109401.09,196721.77,311509.58
2018-12-28,109346.39,196525.04,311073.46
2018-12-31,110122.75,199315.7,317699.33
2019-01-02,111164.8,201773.89,322845.04
2019-01-03,107429.66,188214.69,290302.26
2019-01-04,112242.51,205078.72,329347.91
2019-01-07,113387.39,209262.33,339425.96
2019-01-08,114498.58,213363.87,349405.08
2019-01-09,115357.32,216542.99,357231.76
2019-01-10,115714.93,217863.91,360518.29
2019-01-11,115367.79,216578.51,357309.68
2019-01-14,114317.94,212615.12,347519.39
2019-01-15,116570.0,220970.9,368023.03
2019-01-16,116546.69,220904.61,367839.02
2019-01-17,117420.79,224218.17,376078.62
2019-01-18,118571.51,228635.27,387172.94
2019-01-22,116164.51,219352.68,363594.1
2019-01-23,116373.61,220142.35,365557.51
2019-01-24,117141.67,223048.23,372759.0
2019-01-25,118629.37,228691.35,386923.84
2019-01-28,117051.6,222608.16,371485.58
2019-01-29,115927.91,218334.08,360786.79
2019-01-30,118988.4,229862.12,389361.11
2019-01-31,120713.73,236551.11,406337.25
2019-02-01,120668.27,234893.95,401304.26
2019-02-04,122152.49,240672.34,416072.26
2019-02-05,123264.08,245076.64,427472.64
2019-02-06,122808.0,243263.07,422727.69
2019-02-07,121186.94,236816.6,405945.4
2019-02-08,121332.36,237384.96,407366.21
2019-02-11,121259.56,237123.84,406673.69
2019-02-12,123114.83,244356.12,425299.35
2019-02-13,123139.46,244429.42,425512.0
2019-02-14,123250.28,244893.84,426703.43
2019-02-15,123829.56,247171.35,432677.28
2019-02-19,124027.69,247962.3,434797.4
2019-02-20,123953.27,247664.74,434014.76
2019-02-21,123482.25,245757.73,429023.59
2019-02-22,124457.76,249640.7,439191.45
2019-02-25,124893.36,251388.18,443802.96
2019-02-26,125030.74,251941.24,445267.51
2019-02-27,124918.21,251512.94,444109.81
2019-02-28,124580.93,250129.62,440468.11
2019-03-01,126031.55,254439.19,451022.19
2019-03-04,126018.95,254388.3,450886.88
2019-03-05,126119.76,254820.76,452014.1
2019-03-06,125337.82,251660.98,443606.64
2019-03-07,123833.76,245595.95,427592.44
2019-03-08,123635.63,244810.04,425539.99
2019-03-11,126244.34,255165.51,452519.23
2019-03-12,126900.81,257819.23,459578.53
2019-03-13,127877.95,261815.43,470240.75
2019-03-14,127634.98,260794.35,467513.35
2019-03-15,128758.17,265410.41,479902.46
2019-03-18,129092.94,266817.08,483693.69
2019-03-19,129493.13,268498.03,488240.41
2019-03-20,130049.95,270807.11,494489.88
2019-03-21,132026.71,279066.73,517088.07
2019-03-22,129082.51,266620.35,482494.88
2019-03-25,128927.61,265953.8,480709.65
2019-03-26,129533.57,268427.17,487439.58
2019-03-27,128782.28,265286.58,478909.39
2019-03-28,129001.21,266188.55,481303.94
2019-03-29,130033.22,270420.95,492807.1
2019-04-01,132295.42,278235.81,513286.04
2019-04-02,132665.84,279821.76,517648.97
2019-04-03,133461.84,283207.6,527018.42
2019-04-04,133381.76,282867.75,526122.49
2019-04-05,134062.01,285753.0,534119.55
2019-04-08,134437.38,287324.64,538552.74
2019-04-09,133886.19,284968.58,531928.54
2019-04-10,134649.34,288217.22,540971.33
2019-04-11,134353.11,286949.07,537455.01
2019-04-12,134944.27,289474.22,544495.67
2019-04-15,134957.76,289561.06,544713.47
2019-04-16,135416.62,291501.12,550215.08
2019-04-17,135877.03,293483.33,555827.27
2019-04-18,136040.08,294158.34,557772.67
2019-04-19,136040.08,294158.34,557772.67
2019-04-22,136461.81,295982.12,562959.95
2019-04-23,138181.23,303440.87,584239.84
2019-04-24,137711.41,301407.82,578339.02
2019-04-25,138289.8,303939.64,585568.25
2019-04-26,138455.75,304699.49,587734.86
2019-04-29,138677.28,305674.53,590497.21
2019-04-30,137664.93,301181.12,577506.27
2019-05-01,137639.91,299388.34,571417.0
2019-05-02,137144.4,297232.74,565245.7
2019-05-03,139311.28,306595.57,591981.82
2019-05-06,138391.83,302548.51,580319.78
2019-05-07,135651.67,290597.85,545906.81
2019-05-08,135244.72,288883.32,541048.24
2019-05-09,134622.59,286254.48,533635.88
2019-05-10,134689.9,286540.74,534436.34
2019-05-13,130029.63,266712.12,478961.84
2019-05-14,131407.95,272366.41,494192.83
2019-05-15,133208.23,279829.25,514504.16
2019-05-16,134566.96,285565.75,530299.43
2019-05-17,133207.83,279797.32,514231.36
2019-05-20,130956.62,270340.18,488108.41
2019-05-21,132279.28,275774.01,502849.28
2019-05-22,131736.94,273540.24,496714.52
2019-05-23,129734.53,265224.62,474064.34
2019-05-24,129604.8,264720.69,472689.55
2019-05-28,129203.03,263079.42,468293.54
2019-05-29,128104.8,258633.38,456398.88
2019-05-30,128617.22,260676.59,461830.03
2019-05-31,126533.62,252230.67,439385.09
2019-06-03,124365.91,242090.7,412128.34
2019-06-04,127723.79,255187.81,445551.95
2019-06-05,128694.49,259041.15,455665.98
2019-06-06,129672.57,262978.57,466100.73
2019-06-07,132188.22,273208.44,493274.4
2019-06-10,133695.17,279437.59,510144.39
2019-06-11,133909.08,280331.79,512593.08
2019-06-12,133172.58,277220.11,504084.04
2019-06-13,133851.76,280075.48,511846.93
2019-06-14,133289.58,277722.84,505397.66
2019-06-17,134129.31,281249.92,515000.21
2019-06-18,136074.18,289378.04,537351.22
2019-06-19,136645.69,291837.76,544175.58
2019-06-20,137902.83,297178.39,559140.41
2019-06-21,137737.35,296465.16,557127.51
2019-06-24,137640.93,296020.46,555901.83
2019-06-25,135301.04,285955.77,527495.24
2019-06-26,135936.95,288643.75,534880.18
2019-06-27,136467.11,290924.04,541191.76
2019-06-28,136712.75,292000.46,544168.32
2019-07-01,138955.35,299900.72,565365.71
2019-07-02,139525.07,302359.9,572263.17
2019-07-03,140557.55,306834.83,585024.64
2019-07-05,140262.38,305546.12,581338.99
2019-07-08,139266.52,301207.37,569014.6
2019-07-09,140004.63,304370.05,578005.03
2019-07-10,141376.68,310335.7,594940.58
2019-07-11,141263.57,309808.13,593453.23
2019-07-12,142097.03,313463.86,603957.35
2019-07-15,142523.32,315344.65,609332.57
2019-07-16,141810.7,312191.2,600192.58
2019-07-17,141130.01,309162.95,591489.79
2019-07-18,141398.16,310368.68,594920.43
2019-07-19,140153.86,304937.23,579274.02
2019-07-22,141415.24,310395.61,594856.49
2019-07-23,142306.16,314275.55,606039.8
2019-07-24,143302.3,318706.84,618827.24
2019-07-25,141854.95,312268.96,600138.65
2019-07-26,143415.35,319138.88,619883.22
2019-07-29,142913.4,316904.9,613436.43
2019-07-30,142255.99,313989.38,605032.35
2019-07-31,140406.67,305794.26,581375.59
2019-08-01,140047.14,302588.1,571285.45
2019-08-02,138100.48,294176.15,547462.85
2019-08-05,133128.86,272995.46,488282.11
2019-08-06,135019.29,280775.83,509131.76
2019-08-07,135572.87,283050.12,515343.17
2019-08-08,138677.49,296013.81,550747.24
2019-08-09,137262.98,290004.73,533949.45
2019-08-12,135739.36,283595.63,516222.33
2019-08-13,138725.63,296073.84,550293.0
2019-08-14,134452.88,277835.69,499445.93
2019-08-15,134358.76,277446.72,498397.09
2019-08-16,136495.07,286297.27,522220.47
2019-08-19,138569.79,294972.08,545981.51
2019-08-20,137585.95,290783.47,534352.1
2019-08-21,138824.22,295988.5,548726.17
2019-08-22,138366.1,294005.37,543238.91
2019-08-23,134007.57,275512.44,491957.16
2019-08-26,135977.48,283640.05,513701.66
2019-08-27,135814.31,282959.32,511852.34
2019-08-28,136208.17,284600.48,516305.45
2019-08-29,138264.91,293195.42,539642.46
2019-08-30,138057.51,292345.15,537268.03
2019-09-03,137088.8,286636.83,520667.01
2019-09-04,139062.88,294891.97,543211.89
2019-09-05,141649.45,305832.46,573468.79
2019-09-06,141465.31,305067.88,571289.61
2019-09-09,141097.5,303512.04,566890.68
2019-09-10,140772.97,302146.23,563035.82
2019-09-11,142082.16,307766.15,578800.83
2019-09-12,142622.07,310074.4,585341.28
2019-09-13,142179.95,308151.94,579956.14
2019-09-16,141454.83,304977.97,571024.81
2019-09-17,142105.52,307814.27,578962.06
2019-09-18,142105.52,307783.49,578904.16
2019-09-19,142347.1,308829.95,581798.68
2019-09-20,140937.86,302715.12,564519.26
2019-09-23,140853.3,302321.59,563446.67
2019-09-24,138895.44,293917.05,539950.95
2019-09-25,140576.07,301059.23,559605.16
2019-09-26,140013.77,298620.65,552833.94
2019-09-27,138389.61,291662.79,533540.04
2019-09-30,139607.44,296825.22,547678.85
2019-10-01,138930.54,292300.43,534309.92
2019-10-02,136513.15,282157.6,506472.38
2019-10-03,138096.7,288703.66,524097.61
2019-10-04,140181.96,297451.38,547891.65
2019-10-07,139663.28,295220.49,541755.26
2019-10-08,137484.54,285980.09,516346.94
2019-10-09,139038.11,292471.84,533902.73
2019-10-10,139941.86,296273.97,544260.45
2019-10-11,141817.08,304184.49,566085.29
2019-10-14,141788.72,304062.81,565745.64
2019-10-15,143603.61,311846.82,587526.85
2019-10-16,143187.16,310069.3,582474.12
2019-10-17,143588.09,311774.68,587308.65
2019-10-18,142252.72,306006.85,570981.47
2019-10-21,143547.22,311606.77,586626.36
2019-10-22,142355.78,306434.1,572078.03
2019-10-23,142626.25,307598.55,575338.87
2019-10-24,144023.99,313627.48,592253.84
2019-10-25,145147.38,318551.43,606171.8
2019-10-28,146613.36,325018.02,624599.42
2019-10-29,145469.78,319947.74,609983.8
2019-10-30,146109.85,322763.28,618096.58
2019-10-31,146124.46,322827.84,618282.01
2019-11-01,148032.05,329503.4,636541.05
2019-11-04,148935.05,333490.39,648126.1
2019-11-05,148920.15,333457.04,647996.48
2019-11-06,148666.99,332323.29,644626.89
2019-11-07,149098.12,334250.76,650170.69
2019-11-08,149754.16,337192.17,658752.94
2019-11-11,149499.57,336045.71,655393.3
2019-11-12,149903.22,337826.76,660636.45
2019-11-13,149828.27,337488.93,659711.55
2019-11-14,149798.31,337320.19,659249.76
2019-11-15,150846.89,342042.67,673094.0
2019-11-18,151088.25,343103.0,676257.54
2019-11-19,151269.56,343960.76,678759.7
2019-11-20,150271.18,339420.48,665320.25
2019-11-21,149940.58,337927.03,660929.14
2019-11-22,150060.53,338467.71,662449.28
2019-11-25,151876.26,346624.78,686429.94
2019-11-26,152134.45,347768.64,689862.09
2019-11-27,153199.4,352672.18,704418.18
2019-11-29,152448.72,349251.26,694133.68
2019-12-02,151235.69,341881.86,671224.52
2019-12-03,150237.54,337403.2,658001.4
2019-12-04,151003.75,340810.98,668003.02
2019-12-05,151215.15,341799.33,670875.43
2019-12-06,152833.16,349113.83,692410.53
2019-12-09,152206.54,346251.1,683824.64
2019-12-10,152054.33,345558.6,681773.17
2019-12-11,152936.25,349567.08,693636.02
2019-12-12,154113.86,354915.46,709589.65
2019-12-13,154499.14,356654.54,714840.61
2019-12-16,155997.78,363609.3,735713.96
2019-12-17,156091.38,364082.0,737111.82
2019-12-18,156185.04,364482.49,738364.91
2019-12-19,157293.95,369621.69,754018.24
2019-12-20,157970.32,372800.44,763745.08
2019-12-23,158286.26,374291.64,768403.92
2019-12-24,158349.57,374591.07,769326.01
2019-12-26,159790.55,381371.17,790251.67
2019-12-27,159662.72,380722.84,788276.05
2019-12-30,158545.08,375392.72,771801.08
2019-12-31,158973.15,377419.84,777975.49
2020-01-02,162008.77,389975.48,815686.61
2020-01-03,160583.1,383072.92,794070.92
2020-01-06,161578.71,387823.02,808840.64
2020-01-07,161546.4,387629.11,808274.45
2020-01-08,162758.0,393404.78,826379.8
2020-01-09,164173.99,400210.69,847865.67
2020-01-10,163747.14,398169.61,841337.11
2020-01-13,165646.6,407407.15,870615.64
2020-01-14,164967.45,404066.41,859907.06
2020-01-15,165000.45,404268.44,860509.0
2020-01-16,166633.95,412272.96,886066.12
2020-01-17,167517.11,416684.28,900243.17
2020-01-21,167383.1,416059.25,898172.61
2020-01-22,167784.82,418056.33,904639.46
2020-01-23,168304.95,420648.28,913052.6
2020-01-24,166924.85,413749.65,890591.51
2020-01-27,163469.5,396620.42,835285.78
2020-01-28,166003.28,408915.65,874126.57
2020-01-29,166202.49,409856.16,877186.01
2020-01-30,166834.06,412971.06,887185.93
2020-01-31,164198.08,399879.88,845044.6
2020-02-03,167168.55,412391.28,883509.55
2020-02-04,170979.99,431155.08,943853.25
2020-02-05,171595.52,434259.4,953952.48
2020-02-06,173036.92,441511.53,977896.69
2020-02-07,172223.65,437317.17,964010.56
2020-02-10,174342.0,448075.17,999582.55
2020-02-11,174359.43,448164.78,999882.42
2020-02-12,176103.03,457128.08,1029978.88
2020-02-13,175786.04,455482.42,1024314.0
2020-02-14,176295.82,458124.22,1033225.53
2020-02-18,176401.6,458719.78,1035188.66
2020-02-19,178024.49,467206.1,1063863.38
2020-02-20,176351.06,458469.34,1033968.82
2020-02-21,173035.66,441230.89,975652.98
2020-02-24,166304.58,406947.25,861891.84
2020-02-25,161814.35,385012.8,792164.79
2020-02-26,162526.34,388400.91,802621.37
2020-02-27,154513.79,350143.42,683993.93
2020-02-28,154977.33,352244.28,690081.48
2020-03-02,163126.81,387454.32,792442.24
2020-03-03,157923.07,362695.99,716526.28
2020-03-04,164445.29,392654.67,805232.23
2020-03-05,159347.49,368310.08,730265.11
2020-03-06,156750.12,356303.18,694555.15
2020-03-09,146044.09,307667.79,552310.25
2020-03-10,153842.84,340526.71,640735.12
2020-03-11,147119.91,310730.63,556670.68
2020-03-12,133481.9,253090.09,401804.89
2020-03-13,146923.52,304062.44,523230.33
2020-03-16,129013.55,229901.61,331832.68
2020-03-17,137347.82,259604.9,396141.85
2020-03-18,131853.91,238862.47,348644.44
2020-03-19,133937.2,246410.52,365170.19
2020-03-20,128526.14,226525.19,320948.08
2020-03-23,128757.48,227340.68,322681.2
2020-03-24,138813.44,262828.56,398253.13
2020-03-25,137272.61,256967.49,384951.48
2020-03-26,145124.61,286390.26,451047.65
2020-03-27,139450.23,263994.54,398139.76
2020-03-30,144972.46,284902.91,445478.58
2020-03-31,143580.73,279461.27,432693.34
2020-04-01,138043.75,256500.51,378784.26
2020-04-02,140804.62,266734.88,401473.44
2020-04-03,138819.28,259212.96,384491.11
2020-04-06,149022.49,297343.19,469309.85
2020-04-07,148426.4,294964.44,463678.13
2020-04-08,151751.15,308178.85,494837.3
2020-04-09,151918.08,308856.84,496470.26
2020-04-13,153649.95,315929.66,513499.19
2020-04-14,160272.26,343194.39,579945.99
2020-04-15,158429.13,335266.6,559879.86
2020-04-16,161486.81,348207.89,592296.9
2020-04-17,162859.45,354127.43,607400.47
2020-04-20,160905.13,345628.37,585534.06
2020-04-21,154935.55,320017.31,520422.67
2020-04-22,159754.05,339954.39,569030.15
2020-04-23,159322.71,338152.63,564477.9
2020-04-24,161999.34,349514.56,592927.59
2020-04-27,162938.93,353568.92,603244.53
2020-04-28,159989.74,340769.73,570488.35
2020-04-29,165621.38,364725.84,630674.87
2020-04-30,165952.62,366184.74,634395.86
2020-05-01,161226.01,343693.61,575152.16
2020-05-04,163370.31,352835.86,598100.73
2020-05-05,165151.05,360527.68,617718.43
2020-05-06,166158.47,364890.07,628960.91
2020-05-07,168318.53,374377.21,653553.28
2020-05-08,170506.67,384111.02,679041.86
2020-05-11,171955.98,390640.9,696425.33
2020-05-12,168499.66,374976.2,654500.52
2020-05-13,166427.12,365714.29,630284.0
2020-05-14,168174.6,373394.29,650074.92
2020-05-15,169250.92,378173.74,662556.36
2020-05-18,172568.24,392998.15,701514.67
2020-05-19,171946.99,390168.56,694008.47
2020-05-20,175403.13,405814.32,735787.78
2020-05-21,173421.07,396642.92,710844.57
2020-05-22,174080.07,399697.07,719019.28
2020-05-26,173627.46,397658.61,713482.83
2020-05-27,174582.41,402072.62,725326.65
2020-05-28,174111.04,399901.43,719451.5
2020-05-29,176670.47,411698.52,751251.26
2020-06-01,177967.74,415949.53,761975.08
2020-06-02,179053.34,421024.12,775919.22
2020-06-03,179930.7,425150.15,787325.23
2020-06-04,178545.24,418560.32,769059.29
2020-06-05,182151.85,435470.16,815741.19
2020-06-08,183590.85,442307.04,834992.68
2020-06-09,184802.55,448189.73,851609.03
2020-06-10,187168.02,459618.56,884225.66
2020-06-11,177790.91,413564.78,751326.54
2020-06-12,179195.45,420057.75,769057.85
2020-06-15,181292.04,429887.1,796051.78
2020-06-16,184482.78,445062.12,838162.92
2020-06-17,185091.57,448044.03,846544.55
2020-06-18,185646.85,450687.49,854078.79
2020-06-19,185591.15,450372.01,853224.72
2020-06-22,187855.37,461316.05,884367.42
2020-06-23,189320.64,468558.71,905150.05
2020-06-24,185477.43,449535.23,850026.41
2020-06-25,187313.66,458436.03,875272.2
2020-06-26,182630.82,435514.23,809626.78
2020-06-29,184712.81,445400.4,837235.06
2020-06-30,188333.18,462904.64,886548.2
2020-07-01,191118.06,474572.69,919159.35
2020-07-02,192283.88,480362.47,935979.96
2020-07-06,197167.89,504716.85,1007208.04
2020-07-07,195689.13,497095.63,984445.14
2020-07-08,198350.5,510566.92,1024512.05
2020-07-09,199976.98,518991.27,1049817.5
2020-07-10,201496.8,526879.94,1073753.34
2020-07-13,197144.47,504118.73,1004174.12
2020-07-14,198761.06,512436.69,1028977.22
2020-07-15,198979.69,513615.29,1032475.75
2020-07-16,197586.83,506373.31,1010690.51
2020-07-17,197942.49,508145.62,1016047.17
2020-07-20,203643.23,537465.62,1103935.25
2020-07-21,201423.52,525802.62,1067946.96
2020-07-22,202128.51,529483.24,1079053.61
2020-07-23,196731.67,501208.83,992621.41
2020-07-24,194921.74,491986.59,965225.06
2020-07-27,198469.32,509944.1,1018022.87
2020-07-28,195829.68,496379.59,977403.76
2020-07-29,198257.97,508689.8,1013763.18
2020-07-30,199229.43,513725.83,1028766.88
2020-07-31,202775.71,531963.1,1083600.15
2020-08-03,206060.59,547052.59,1128548.26
2020-08-04,206843.62,551155.48,1141300.85
2020-08-05,207381.41,554021.49,1150203.0
2020-08-06,210015.16,568149.04,1194140.75
2020-08-07,207641.99,555252.05,1153539.97
2020-08-10,206624.54,549866.11,1136698.28
2020-08-11,202719.34,529136.16,1072361.16
2020-08-12,207969.77,556545.41,1155683.62
2020-08-13,208364.91,558604.63,1162155.45
2020-08-14,208114.87,557208.12,1157855.48
2020-08-17,210424.95,569578.14,1196527.85
2020-08-18,212487.11,580741.87,1231705.77
2020-08-19,210978.45,572553.41,1205593.61
2020-08-20,213932.15,588584.9,1256228.54
2020-08-21,215386.89,596589.66,1281855.6
2020-08-24,216700.75,603927.71,1305441.74
2020-08-25,218477.7,613892.52,1337686.15
2020-08-26,223131.27,640105.73,1423298.07
2020-08-27,222283.37,635240.92,1406930.14
2020-08-28,223572.62,642673.24,1431551.42
2020-08-31,225718.91,654948.3,1472636.94
2020-09-01,229612.2,675177.3,1539575.42
2020-09-02,232000.16,689220.98,1587610.17
2020-09-03,219866.56,617197.39,1338672.9
2020-09-04,217074.25,601520.58,1287803.33
2020-09-08,206719.81,544195.67,1103647.45
2020-09-09,212838.71,576412.05,1201651.34
2020-09-10,208326.53,551972.18,1125226.32
2020-09-11,207076.57,545348.51,1105084.77
2020-09-14,210638.29,564053.97,1161996.63
2020-09-15,213650.42,580185.91,1211846.29
2020-09-16,210082.46,560807.7,1151011.61
2020-09-17,206973.24,544207.79,1099906.69
2020-09-18,204282.59,530058.39,1057010.33
2020-09-21,205099.72,534245.85,1069588.75
2020-09-22,208955.59,554280.07,1129806.6
2020-09-23,202352.59,519305.0,1022813.91
2020-09-24,203526.24,525380.87,1040713.16
2020-09-25,208288.75,549916.15,1113667.15
2020-09-28,212267.07,570977.94,1177591.64
2020-09-29,211481.68,566809.8,1164638.14
2020-09-30,213258.13,576332.21,1193987.02
2020-10-01,216857.62,593502.66,1246327.75
2020-10-02,210720.55,559969.76,1140639.16
2020-10-05,215461.76,585168.4,1217632.3
2020-10-06,211389.53,563049.03,1148470.79
2020-10-07,215363.66,584163.37,1213129.69
2020-10-08,216268.18,589011.93,1228293.81
2020-10-09,219533.83,606858.99,1284058.35
2020-10-12,226317.43,644362.87,1403090.56
2020-10-13,226226.9,643847.38,1401406.85
2020-10-14,224394.46,633417.06,1367352.67
2020-10-15,222778.82,624232.51,1337681.12
2020-10-16,221909.99,619363.49,1322030.25
2020-10-19,217826.84,596570.92,1249186.38
2020-10-20,218632.8,601045.2,1263177.27
2020-10-21,218392.31,599783.0,1259135.1
2020-10-22,218348.63,599543.09,1258379.62
2020-10-23,218894.5,602600.76,1267943.3
2020-10-26,215370.3,583197.02,1206828.44
2020-10-27,217136.33,592761.45,1236516.42
2020-10-28,208602.88,546111.12,1090607.48
2020-10-29,212503.75,566481.07,1151681.5
2020-10-30,206936.15,536740.81,1061044.16
2020-11-02,208037.72,540356.81,1070673.44
2020-11-03,211699.18,559377.37,1127205.0
2020-11-04,221035.11,608658.51,1276221.5
2020-11-05,226693.61,639760.96,1374107.69
2020-11-06,226942.98,641168.44,1378642.25
2020-11-09,222041.01,613469.96,1289444.09
2020-11-10,218177.49,592121.21,1222006.17
2020-11-11,223217.39,619477.21,1306691.2
2020-11-12,221989.7,612601.01,1285000.12
2020-11-13,224076.4,624056.65,1321108.63
2020-11-16,225488.08,631982.17,1346209.69
2020-11-17,224811.62,628190.27,1334093.8
2020-11-18,223260.42,619521.25,1306478.06
2020-11-19,224957.2,628999.92,1336396.41
2020-11-20,223472.48,620697.12,1309935.76
2020-11-23,223472.48,620635.05,1309804.77
2020-11-24,226735.18,638757.6,1367174.21
2020-11-25,228095.59,646422.69,1391783.35
2020-11-27,230080.02,657670.44,1428248.07
2020-11-30,230264.08,658722.72,1431818.69
2020-12-01,234271.7,679329.01,1497775.66
2020-12-02,234295.13,679464.88,1498224.99
2020-12-03,234505.99,680619.97,1502120.38
2020-12-04,235655.07,687290.04,1524351.76
2020-12-07,236927.61,694781.5,1549198.69
2020-12-08,237662.08,699089.15,1563606.24
2020-12-09,232552.35,669098.22,1462910.0
2020-12-10,233250.01,673112.81,1476076.19
2020-12-11,232760.18,670285.74,1466629.3
2020-12-14,234389.5,679669.74,1497428.51
2020-12-15,236897.47,694282.64,1545645.71
2020-12-16,238247.79,702266.89,1572230.82
2020-12-17,239820.22,711536.81,1603518.21
2020-12-18,239556.42,709971.43,1598226.6
2020-12-21,238646.1,704646.65,1580166.64
2020-12-22,239171.13,707676.63,1590437.72
2020-12-23,237951.35,700529.09,1566263.07
2020-12-24,239045.93,706903.91,1587720.88
2020-12-28,241460.29,721112.68,1635670.05
2020-12-29,241556.88,721617.45,1637469.28
2020-12-30,241581.03,721833.94,1638124.27
2020-12-31,242378.25,726670.23,1654505.51
2021-01-04,239235.08,705355.12,1580364.76
