date,A,B,C
1989-01-03,9843.0,9687.0,9530.0
1989-01-04,10008.36,10012.48,10009.36
1989-01-05,10004.36,10004.47,9997.35
1989-01-06,10006.36,10007.47,10002.35
1989-01-09,10013.36,10022.49,10024.35
1989-01-10,9980.32,9956.34,9924.11
1989-01-11,10010.26,10016.08,10013.43
1989-01-12,10089.34,10175.33,10251.74
1989-01-13,10095.4,10186.52,10269.17
1989-01-16,10101.45,10197.73,10286.63
1989-01-17,9982.26,9958.08,9923.51
1989-01-18,10070.1,10133.34,10185.49
1989-01-19,10177.85,10351.21,10513.47
1989-01-20,10163.6,10322.23,10469.31
1989-01-23,10044.69,10080.69,10101.84
1989-01-24,10156.18,10303.47,10437.22
1989-01-25,10234.39,10461.11,10677.27
1989-01-26,10371.53,10742.52,11107.57
1989-01-27,10345.6,10688.81,11024.26
1989-01-30,10415.95,10833.1,11248.05
1989-01-31,10510.73,11031.35,11556.25
1989-02-01,11123.04,11766.59,12425.17
1989-02-02,11212.03,11953.68,12722.13
1989-02-03,11217.63,11966.83,12742.49
1989-02-06,11188.47,11903.4,12641.82
1989-02-07,11341.75,12228.37,13160.14
1989-02-08,11222.66,11972.79,12746.91
1989-02-09,11141.86,11801.58,12472.85
1989-02-10,10965.82,11428.65,11881.64
1989-02-13,10977.88,11453.8,11919.66
1989-02-14,10961.41,11419.43,11866.02
1989-02-15,11066.64,11638.69,12207.76
1989-02-16,11090.99,11689.9,12288.33
1989-02-17,11132.02,11775.23,12423.5
1989-02-21,11111.99,11732.84,12356.42
1989-02-22,10969.75,11432.48,11881.93
1989-02-23,11011.44,11519.37,12018.57
1989-02-24,10900.22,11286.68,11655.61
1989-02-27,10854.44,11190.74,11507.59
1989-02-28,10853.36,11188.5,11504.13
1989-03-01,11353.36,11688.5,12004.13
1989-03-02,11456.67,11901.23,12331.85
1989-03-03,11478.44,11946.46,12402.14
1989-03-06,11582.89,12163.88,12740.72
1989-03-07,11533.09,12060.49,12577.64
1989-03-08,11505.41,12002.6,12487.08
1989-03-09,11450.18,11886.18,12306.01
1989-03-10,11428.43,11841.01,12235.87
1989-03-13,11483.28,11953.5,12410.84
1989-03-14,11449.98,11885.36,12304.11
1989-03-15,11451.13,11887.74,12307.8
1989-03-16,11559.91,12113.61,12658.57
1989-03-17,11243.17,11450.99,11619.3
1989-03-20,11111.62,11183.04,11211.47
1989-03-21,11244.96,11451.43,11615.08
1989-03-22,11155.0,11269.35,11337.48
1989-03-23,11182.89,11325.7,11422.51
1989-03-27,11189.6,11339.29,11443.07
1989-03-28,11242.19,11447.02,11605.56
1989-03-29,11324.26,11614.14,11859.72
1989-03-30,11387.68,11744.22,12060.15
1989-03-31,11479.92,11935.65,12354.42
1989-04-03,11977.52,12430.68,12846.71
1989-04-04,11958.36,12390.9,12785.04
1989-04-05,11994.23,12465.24,12901.39
1989-04-06,12001.43,12480.2,12924.61
1989-04-07,12143.05,12774.73,13382.14
1989-04-10,12200.12,12893.54,13569.49
1989-04-11,12305.04,13115.31,13919.58
1989-04-12,12409.63,13338.27,14274.53
1989-04-13,12363.72,13239.57,14116.09
1989-04-14,12544.23,13627.49,14735.78
1989-04-17,12541.72,13622.03,14726.94
1989-04-18,12685.95,13935.34,15235.02
1989-04-19,12765.87,14110.93,15522.96
1989-04-20,12739.06,14051.66,15423.62
1989-04-21,12816.77,14223.09,15707.41
1989-04-24,12780.88,14144.86,15577.04
1989-04-25,12711.87,13992.1,15324.69
1989-04-26,12713.14,13993.5,15327.76
1989-04-27,12863.15,14322.35,15868.83
1989-04-28,12921.04,14451.25,16083.05
1989-05-01,13439.82,14993.11,16652.7
1989-05-02,13439.82,14993.11,16652.7
1989-05-03,13496.27,15119.05,16862.53
1989-05-04,13530.01,15194.65,16987.31
1989-05-05,13620.66,15398.26,17327.06
1989-05-08,13593.42,15338.2,17224.83
1989-05-09,13570.31,15286.05,17135.26
1989-05-10,13592.03,15334.97,17215.79
1989-05-11,13626.01,15410.11,17343.19
1989-05-12,13869.91,15963.33,18276.25
1989-05-15,13986.42,16231.52,18736.82
1989-05-16,13943.06,16130.88,18562.56
1989-05-17,14108.98,16514.8,19225.25
1989-05-18,14131.56,16565.99,19315.6
1989-05-19,14234.72,16809.51,19740.55
1989-05-22,14219.06,16770.85,19673.43
1989-05-23,14102.46,16495.81,19189.46
1989-05-24,14194.13,16708.6,19561.74
1989-05-25,14250.91,16842.27,19796.48
1989-05-26,14357.79,17094.91,20243.88
1989-05-30,14300.36,16959.86,20002.98
1989-05-31,14363.28,17110.8,20269.02
1989-06-01,14936.11,17783.39,21074.32
1989-06-02,15088.46,18146.17,21719.2
1989-06-05,14783.67,17414.88,20405.19
1989-06-06,14853.15,17578.58,20692.9
1989-06-07,15233.39,18476.84,22280.04
1989-06-08,15199.88,18393.7,22130.77
1989-06-09,15158.84,18292.53,21949.3
1989-06-12,15145.2,18261.43,21892.23
1989-06-13,15002.83,17918.12,21272.68
1989-06-14,15011.83,17937.83,21308.84
1989-06-15,14764.14,17345.88,20256.18
1989-06-16,14744.95,17300.78,20177.19
1989-06-19,14708.08,17214.28,20025.86
1989-06-20,14622.78,17012.87,19675.4
1989-06-21,14614.0,16992.45,19639.99
1989-06-22,14704.61,17203.16,20005.29
1989-06-23,14845.77,17533.46,20581.44
1989-06-26,14801.24,17428.26,20396.21
1989-06-27,14823.44,17480.54,20487.99
1989-06-28,14624.8,17012.07,19664.38
1989-06-29,14326.46,16319.68,18462.88
1989-06-30,14176.03,15975.33,17879.46
1989-07-03,14739.14,16617.02,18616.55
1989-07-05,14803.99,16763.25,18860.43
1989-07-06,14897.26,16974.46,19216.89
1989-07-07,15034.31,17286.79,19747.28
1989-07-10,15016.27,17245.31,19676.19
1989-07-11,15059.82,17345.33,19847.37
1989-07-12,15126.08,17499.7,20111.34
1989-07-13,15169.94,17601.2,20286.31
1989-07-14,15270.07,17831.78,20685.95
1989-07-17,15332.67,17978.0,20940.39
1989-07-18,15164.01,17580.68,20247.26
1989-07-19,15323.24,17951.64,20887.07
1989-07-20,15142.42,17527.98,20147.67
1989-07-21,15127.28,17491.17,20085.21
1989-07-24,14930.63,17034.65,19299.88
1989-07-25,14923.16,17015.91,19269.0
1989-07-26,15058.96,17325.6,19795.04
1989-07-27,15263.76,17796.86,20600.7
1989-07-28,15292.76,17864.48,20716.07
1989-07-31,15373.82,18053.85,21045.45
1989-08-01,15873.82,18553.85,21545.45
1989-08-02,15767.46,18305.23,21110.23
1989-08-03,15895.18,18601.77,21621.1
1989-08-04,15938.09,18702.22,21796.23
1989-08-07,16205.85,19332.49,22896.94
1989-08-08,16277.16,19504.55,23201.47
1989-08-09,16137.18,19171.02,22605.19
1989-08-10,16104.9,19096.25,22471.82
1989-08-11,16022.77,18901.47,22128.0
1989-08-14,15912.21,18638.74,21667.74
1989-08-15,15990.18,18823.26,21988.42
1989-08-16,15916.62,18648.21,21682.78
1989-08-17,16012.12,18870.12,22070.91
1989-08-18,16053.76,18970.13,22245.27
1989-08-21,15865.93,18528.13,21466.68
1989-08-22,15954.78,18733.79,21825.18
1989-08-23,16111.13,19100.97,22466.84
1989-08-24,16327.02,19612.88,23367.76
1989-08-25,16358.04,19687.41,23500.95
1989-08-28,16405.48,19801.59,23705.41
1989-08-29,16320.17,19593.68,23333.24
1989-08-30,16401.77,19789.61,23683.23
1989-08-31,16446.06,19896.48,23875.07
1989-09-01,17061.29,20673.87,24872.32
1989-09-05,17066.41,20686.27,24894.7
1989-09-06,16921.35,20332.54,24257.4
1989-09-07,16885.81,20247.14,24102.15
1989-09-08,16997.26,20514.4,24579.38
1989-09-11,17019.35,20569.79,24677.69
1989-09-12,17123.17,20820.74,25129.29
1989-09-13,17145.43,20876.96,25229.81
1989-09-14,16977.41,20465.68,24485.53
1989-09-15,16943.45,20383.82,24336.17
1989-09-18,16928.2,20345.09,24268.03
1989-09-19,16943.44,20379.68,24331.13
1989-09-20,16972.24,20446.93,24452.78
1989-09-21,17228.52,21062.38,25558.05
1989-09-22,17094.14,20731.7,24957.43
1989-09-25,17094.14,20731.7,24957.43
1989-09-26,17092.43,20727.56,24949.95
1989-09-27,17087.3,20717.19,24929.99
1989-09-28,17273.56,21168.83,25745.2
1989-09-29,17285.65,21198.47,25799.26
1989-10-02,17919.04,22023.94,26891.0
1989-10-03,17969.21,22145.07,27114.19
1989-10-04,18138.12,22563.62,27881.52
1989-10-05,18203.42,22728.33,28185.43
1989-10-06,18412.76,23251.08,29160.65
1989-10-09,18598.73,23720.75,30044.21
1989-10-10,18544.79,23583.17,29782.83
1989-10-11,18466.9,23382.72,29404.59
1989-10-12,18424.43,23272.82,29198.76
1989-10-13,17648.76,21310.92,25508.03
1989-10-16,17669.94,21364.2,25602.41
1989-10-17,17615.16,21233.88,25366.87
1989-10-18,17794.84,21664.92,26140.56
1989-10-19,18188.1,22620.35,27871.07
1989-10-20,18149.91,22527.6,27698.26
1989-10-23,17970.22,22081.56,26875.63
1989-10-24,17767.16,21582.51,25967.23
1989-10-25,17761.83,21571.72,25946.46
1989-10-26,17442.12,20797.3,24547.94
1989-10-27,17189.21,20194.18,23480.11
1989-10-30,17208.12,20236.58,23555.24
1989-10-31,17486.89,20892.25,24700.03
1989-11-01,18042.65,21524.88,25434.39
1989-11-02,17730.51,20780.12,24114.34
1989-11-03,17698.59,20705.31,23986.54
1989-11-06,17385.33,19974.41,22715.25
1989-11-07,17583.52,20431.83,23494.38
1989-11-08,17803.32,20942.62,24375.42
1989-11-09,17826.46,20994.98,24468.05
1989-11-10,17977.98,21351.89,25094.43
1989-11-13,17995.96,21394.6,25169.72
1989-11-14,17884.39,21129.31,24701.56
1989-11-15,17963.08,21315.24,25025.15
1989-11-16,17910.99,21191.61,24809.93
1989-11-17,17986.21,21369.62,25122.54
1989-11-20,18049.16,21519.21,25386.32
1989-11-21,17996.82,21394.4,25165.46
1989-11-22,18067.01,21561.28,25459.9
1989-11-24,18164.57,21794.14,25872.35
1989-11-27,18068.3,21563.12,25460.98
1989-11-28,18062.88,21552.34,25440.61
1989-11-29,18055.65,21535.1,25410.08
1989-11-30,18131.49,21715.99,25730.25
1989-12-01,18704.15,22389.28,26534.52
1989-12-04,18821.99,22669.14,27033.37
1989-12-05,18870.92,22787.02,27244.23
1989-12-06,18608.62,22155.82,26110.87
1989-12-07,18658.86,22275.46,26319.76
1989-12-08,18599.15,22130.67,26064.45
1989-12-11,18286.69,21384.87,24748.2
1989-12-12,18083.7,20910.12,23921.61
1989-12-13,18092.75,20928.94,23955.1
1989-12-14,17962.48,20629.66,23440.07
1989-12-15,17779.26,20208.81,22722.8
1989-12-18,17505.46,19588.4,21675.28
1989-12-19,17533.47,19651.09,21779.32
1989-12-20,17703.54,20032.32,22413.1
1989-12-21,17951.39,20593.22,23356.69
1989-12-22,18068.08,20858.88,23809.81
1989-12-26,18068.08,20856.79,23807.43
1989-12-27,18396.92,21613.89,25104.93
1989-12-28,18396.92,21616.05,25107.44
1989-12-29,18584.56,22057.02,25875.73
1990-01-02,19414.73,23339.75,27747.27
1990-01-03,19276.88,23008.32,27156.25
1990-01-04,19159.29,22727.62,26659.29
1990-01-05,19025.18,22407.16,26096.78
1990-01-08,19059.42,22487.83,26237.7
1990-01-09,18857.39,22013.34,25405.97
1990-01-10,18463.27,21093.18,23813.01
1990-01-11,18202.94,20496.24,22803.34
1990-01-12,17800.66,19592.36,21293.76
1990-01-15,17700.97,19372.92,20936.03
1990-01-16,18067.38,20173.02,22234.06
1990-01-17,17955.37,19922.88,21822.73
1990-01-18,17953.57,19916.9,21814.0
1990-01-19,18239.03,20548.27,22852.35
1990-01-22,17741.11,19424.28,20978.45
1990-01-23,17691.43,19315.5,20802.24
1990-01-24,17629.51,19180.29,20581.73
1990-01-25,17546.65,19000.0,20291.53
1990-01-26,17330.83,18532.6,19542.77
1990-01-29,17228.58,18315.77,19198.82
1990-01-30,16852.99,17517.2,17945.14
1990-01-31,17218.7,18275.69,19111.57
1990-02-01,17814.39,18980.35,19931.24
1990-02-02,18040.63,19462.45,20690.62
1990-02-05,18116.4,19627.88,20953.39
1990-02-06,17991.4,19357.02,20521.75
1990-02-07,18144.32,19686.09,21045.05
1990-02-08,18182.43,19770.74,21179.74
1990-02-09,18291.52,20009.96,21563.1
1990-02-12,18148.85,19699.81,21060.68
1990-02-13,18176.07,19760.88,21157.56
1990-02-14,18252.41,19924.89,21422.03
1990-02-15,18416.68,20283.54,22000.42
1990-02-16,18278.56,19977.26,21503.21
1990-02-20,17989.75,19345.98,20483.96
1990-02-21,17962.77,19287.94,20391.78
1990-02-22,17914.27,19181.86,20224.57
1990-02-23,17702.88,18731.08,19510.64
1990-02-26,17952.49,19257.43,20333.99
1990-02-27,18053.03,19473.11,20677.63
1990-02-28,18240.78,19876.2,21320.71
1990-03-01,18847.6,20608.49,22196.02
1990-03-02,19068.12,21088.67,22972.89
1990-03-05,18965.15,20858.8,22598.43
1990-03-06,19016.36,20971.44,22781.47
1990-03-07,18944.09,20812.06,22521.77
1990-03-08,19209.31,21396.88,23469.93
1990-03-09,19272.7,21540.23,23704.63
1990-03-12,19245.72,21482.08,23607.44
1990-03-13,19062.89,21076.06,22936.99
1990-03-14,19135.32,21236.24,23196.18
1990-03-15,19240.57,21469.84,23578.92
1990-03-16,19644.62,22371.57,25064.39
1990-03-19,19817.49,22763.08,25723.58
1990-03-20,19551.94,22155.3,24692.07
1990-03-21,19454.18,21933.75,24324.15
1990-03-22,19156.53,21260.38,23205.24
1990-03-23,19332.77,21649.45,23843.39
1990-03-26,19508.7,22043.47,24494.31
1990-03-27,19602.34,22252.88,24844.58
1990-03-28,19310.27,21589.75,23734.03
1990-03-29,19209.85,21363.05,23361.4
1990-03-30,19213.69,21371.6,23375.42
1990-04-02,19668.35,21773.18,23713.07
1990-04-03,20051.89,22620.15,25097.91
1990-04-04,19929.57,22341.93,24636.11
1990-04-05,19798.03,22047.01,24148.31
1990-04-06,19651.53,21718.51,23609.81
1990-04-09,19620.09,21646.84,23494.12
1990-04-10,19722.11,21871.97,23860.63
1990-04-11,19842.42,22140.99,24299.66
1990-04-12,19981.31,22453.18,24812.38
1990-04-16,20063.24,22637.3,25120.06
1990-04-17,20023.11,22546.75,24971.85
1990-04-18,19712.75,21850.05,23813.16
1990-04-19,19501.82,21382.46,23048.75
1990-04-20,19293.15,20927.02,22311.19
1990-04-23,19017.26,20326.41,21351.81
1990-04-24,18937.39,20153.64,21080.64
1990-04-25,19013.14,20314.86,21333.61
1990-04-26,19032.15,20353.46,21395.48
1990-04-27,18836.12,19936.22,20736.5
1990-04-30,19033.9,20354.88,21389.7
1990-05-01,19651.1,21105.14,22281.52
1990-05-02,19790.63,21402.72,22753.89
1990-05-03,19941.04,21730.18,23274.96
1990-05-04,20190.3,22271.26,24145.44
1990-05-07,20410.37,22756.78,24935.0
1990-05-08,20424.66,22786.36,24984.87
1990-05-09,20449.17,22841.05,25074.81
1990-05-10,20580.04,23133.41,25556.25
1990-05-11,20966.95,24003.23,27000.18
1990-05-14,21247.91,24648.91,28088.28
1990-05-15,21307.4,24786.95,28324.22
1990-05-16,21369.19,24928.23,28567.81
1990-05-17,21512.37,25262.27,29142.03
1990-05-18,21690.92,25679.1,29864.75
1990-05-21,22042.31,26513.67,31319.16
1990-05-22,22101.83,26654.19,31569.71
1990-05-23,22406.83,27392.51,32879.86
1990-05-24,22498.7,27617.13,33284.28
1990-05-25,22039.73,26490.35,31250.61
1990-05-29,22385.75,27322.15,32719.39
1990-05-30,22435.0,27439.64,32932.07
1990-05-31,22417.05,27392.99,32849.73
1990-06-01,23084.34,28303.02,34083.43
1990-06-04,23301.34,28832.28,35041.17
1990-06-05,23079.97,28287.35,34046.0
1990-06-06,23100.75,28338.27,34141.33
1990-06-07,23033.75,28176.74,33847.72
1990-06-08,22775.78,27548.4,32713.82
1990-06-11,22992.15,28069.06,33642.89
1990-06-12,23297.94,28818.51,34988.61
1990-06-13,23486.65,29285.37,35842.33
1990-06-14,23336.34,28910.52,35154.16
1990-06-15,23362.01,28974.12,35273.68
1990-06-18,22967.19,27994.79,33485.3
1990-06-19,22974.08,28011.59,33515.44
1990-06-20,23024.63,28137.64,33740.0
1990-06-21,23105.21,28337.42,34097.64
1990-06-22,22871.85,27765.0,33061.07
1990-06-25,22597.39,27098.64,31870.87
1990-06-26,22599.65,27106.77,31883.62
1990-06-27,22794.0,27575.72,32709.41
1990-06-28,23033.34,28152.05,33736.48
1990-06-29,23134.69,28399.79,34185.18
1990-07-02,23629.96,28891.12,34667.83
1990-07-03,23606.33,28836.23,34567.3
1990-07-05,23518.99,28619.96,34180.14
1990-07-06,23634.23,28903.29,34686.01
1990-07-09,23745.31,29177.88,35178.55
1990-07-10,23652.7,28950.29,34763.44
1990-07-11,23863.21,29465.6,35688.15
1990-07-12,24125.71,30113.85,36865.86
1990-07-13,24255.99,30439.08,37459.4
1990-07-16,24399.1,30798.26,38122.43
1990-07-17,23937.95,29634.08,35960.89
1990-07-18,23610.0,28822.11,34482.9
1990-07-19,23430.57,28381.13,33693.24
1990-07-20,23036.94,27430.36,31998.47
1990-07-23,22534.73,26237.14,29908.97
1990-07-24,22446.84,26032.49,29559.04
1990-07-25,22671.31,26553.14,30448.76
1990-07-26,22517.15,26192.02,29824.56
1990-07-27,22361.78,25830.57,29207.19
1990-07-30,22191.83,25437.95,28544.19
1990-07-31,22138.57,25315.84,28338.67
1990-08-01,22611.4,25756.47,28737.74
1990-08-02,22190.83,24798.33,27134.17
1990-08-03,21545.08,23355.06,24765.36
1990-08-06,20416.12,20907.45,20872.24
1990-08-07,20538.61,21156.25,21245.86
1990-08-08,20834.37,21765.55,22163.68
1990-08-09,21194.8,22516.46,23311.76
1990-08-10,20900.2,21892.76,22341.99
1990-08-13,21021.42,22144.52,22728.5
1990-08-14,21109.71,22330.54,23014.88
1990-08-15,21128.71,22368.5,23074.72
1990-08-16,20492.73,21021.92,20988.77
1990-08-17,19949.67,19909.86,19322.26
1990-08-20,19570.63,19153.28,18220.89
1990-08-21,19079.41,18191.79,16848.86
1990-08-22,18751.24,17565.99,15979.46
1990-08-23,18070.57,16290.7,14237.7
1990-08-24,18748.22,17510.87,15838.01
1990-08-27,19661.26,19214.68,18150.36
1990-08-28,19755.63,19401.06,18413.54
1990-08-29,19552.15,19003.34,17846.41
1990-08-30,19329.25,18571.97,17237.84
1990-08-31,19623.06,19136.55,18023.89
1990-09-04,20239.77,19866.3,18848.06
1990-09-05,20142.62,19673.6,18574.76
1990-09-06,19816.31,19036.17,17672.03
1990-09-07,19933.23,19262.7,17986.59
1990-09-10,20020.93,19434.14,18225.81
1990-09-11,19846.75,19095.99,17748.29
1990-09-12,19989.65,19372.88,18133.43
1990-09-13,19715.79,18844.0,17389.96
1990-09-14,19694.1,18804.43,17334.31
1990-09-17,19701.98,18819.47,17356.85
1990-09-18,19684.25,18785.6,17309.98
1990-09-19,19617.32,18655.97,17131.69
1990-09-20,19119.04,17706.39,15824.54
1990-09-21,19038.74,17555.88,15623.57
1990-09-24,18456.16,16483.22,14190.89
1990-09-25,18779.14,17060.13,14935.91
1990-09-26,18649.56,16824.7,14625.24
1990-09-27,18101.26,15837.09,13336.76
1990-09-28,18399.94,16359.71,13995.6
1990-10-01,19720.19,18323.14,16381.47
1990-10-02,19739.91,18357.95,16428.98
1990-10-03,19268.13,17480.44,15251.02
1990-10-04,19162.15,17286.41,14997.86
1990-10-05,19041.43,17068.6,14714.4
1990-10-08,19169.01,17295.61,15008.68
1990-10-09,18536.43,16152.37,13521.32
1990-10-10,18091.56,15378.67,12549.14
1990-10-11,17633.84,14602.05,11597.92
1990-10-12,17797.84,14872.19,11920.34
1990-10-15,18079.04,15340.66,12484.17
1990-10-16,17666.84,14641.13,11630.25
1990-10-17,17857.64,14955.91,12005.91
1990-10-18,18402.3,15869.72,13105.65
1990-10-19,18641.53,16282.33,13616.77
1990-10-22,19062.83,17016.66,14538.63
1990-10-23,19045.67,16986.03,14499.37
1990-10-24,19053.29,16999.62,14516.77
1990-10-25,18933.25,16783.73,14240.95
1990-10-26,18600.03,16191.26,13487.61
1990-10-29,18337.77,15734.67,12915.73
1990-10-30,18471.63,15964.39,13197.29
1990-10-31,18425.46,15882.98,13097.0
1990-11-01,18961.41,16443.59,13673.14
1990-11-02,19399.42,17203.29,14619.32
1990-11-05,19793.23,17901.74,15509.64
1990-11-06,19771.46,17862.36,15458.45
1990-11-07,19423.48,17231.82,14640.7
1990-11-08,19493.41,17354.16,14797.36
1990-11-09,19990.49,18239.22,15929.36
1990-11-12,20696.15,19526.91,17614.68
1990-11-13,20828.61,19776.86,17952.88
1990-11-14,21109.79,20312.81,18681.77
1990-11-15,20791.04,19701.4,17837.35
1990-11-16,20287.89,18747.85,16542.36
1990-11-19,20515.12,19169.67,17099.84
1990-11-20,20106.87,18404.8,16077.27
1990-11-21,20175.23,18531.8,16242.87
1990-11-23,20211.54,18600.36,16332.2
1990-11-26,20304.52,18769.63,16555.95
1990-11-27,20749.19,19593.61,17645.33
1990-11-28,20805.21,19699.42,17788.26
1990-11-29,20961.25,19994.91,18188.5
1990-11-30,21131.03,20318.83,18630.48
1990-12-03,21840.86,21222.71,19687.17
1990-12-04,21960.98,21456.16,20012.01
1990-12-05,22345.3,22209.28,21064.64
1990-12-06,22396.69,22311.44,21209.99
1990-12-07,22378.77,22277.97,21161.21
1990-12-10,22389.96,22300.25,21192.95
1990-12-11,22067.55,21655.77,20275.29
1990-12-12,22233.05,21980.61,20729.46
1990-12-13,22233.05,21980.61,20729.46
1990-12-14,22019.62,21558.58,20132.45
1990-12-17,21898.51,21323.59,19802.28
1990-12-18,22369.33,22242.64,21081.51
1990-12-19,22499.07,22498.43,21446.22
1990-12-20,22622.81,22745.91,21800.08
1990-12-21,22763.08,23025.69,22203.38
1990-12-24,22592.35,22678.0,21701.59
1990-12-26,22520.06,22530.59,21491.08
1990-12-27,22362.42,22212.91,21037.62
1990-12-28,22391.49,22270.66,21119.67
1990-12-31,22516.88,22517.87,21472.36
1991-01-02,22929.42,22840.63,21719.68
1991-01-03,22544.2,22073.19,20622.84
1991-01-04,22591.54,22168.1,20754.82
1991-01-07,22078.72,21161.67,19341.42
1991-01-08,22047.81,21104.53,19262.12
1991-01-09,22001.51,21015.89,19142.7
1991-01-10,22505.34,21978.42,20457.8
1991-01-11,22518.84,22002.6,20492.58
1991-01-14,22241.86,21459.13,19734.35
1991-01-15,22422.02,21806.77,20213.9
1991-01-16,23296.48,23507.7,22578.92
1991-01-17,24018.67,24967.53,24681.02
1991-01-18,24275.67,25501.83,25473.28
1991-01-21,24605.82,26192.93,26510.04
1991-01-22,24330.23,25606.21,25619.31
1991-01-23,24773.04,26538.28,27018.12
1991-01-24,25226.39,27509.58,28501.41
1991-01-25,25367.66,27817.69,28980.24
1991-01-28,25509.72,28126.46,29464.21
1991-01-29,25764.82,28691.8,30351.08
1991-01-30,26316.18,29922.68,32302.66
1991-01-31,26676.71,30745.56,33633.52
1991-02-01,27413.15,31789.23,35024.41
1991-02-04,27695.51,32444.09,36110.17
1991-02-05,28243.88,33728.87,38255.11
1991-02-06,28887.84,35263.54,40867.93
1991-02-07,28463.19,34226.79,39065.66
1991-02-08,28585.58,34517.72,39565.7
1991-02-11,29151.57,35884.62,41915.9
1991-02-12,29020.39,35565.24,41354.23
1991-02-13,29269.97,36176.97,42425.3
1991-02-14,28713.84,34805.86,40011.3
1991-02-15,29035.43,35585.51,41355.68
1991-02-19,29322.88,36293.66,42588.08
1991-02-20,28965.14,35411.73,41033.62
1991-02-21,28857.97,35153.22,40582.25
1991-02-22,29065.75,35659.43,41458.82
1991-02-25,29231.43,36062.38,42163.62
1991-02-26,28971.27,35420.47,41033.64
1991-02-27,29194.34,35965.94,41981.52
1991-02-28,29241.06,36081.03,42183.03
1991-03-01,30011.7,37246.81,43844.01
1991-03-04,30128.74,37537.33,44361.36
1991-03-05,31174.21,40146.18,48983.82
1991-03-06,31289.56,40443.26,49527.54
1991-03-07,31458.52,40876.0,50324.93
1991-03-08,31257.19,40348.7,49353.66
1991-03-11,30344.48,37992.34,45025.35
1991-03-12,29807.38,36651.21,42639.0
1991-03-13,30567.47,38524.09,45905.15
1991-03-14,30414.63,38138.85,45221.16
1991-03-15,30277.76,37791.78,44606.16
1991-03-18,30395.85,38090.34,45132.51
1991-03-19,30183.08,37560.88,44189.24
1991-03-20,30448.69,38221.95,45360.25
1991-03-21,30077.21,37289.34,43704.6
1991-03-22,29993.0,37084.25,43341.86
1991-03-25,30409.9,38115.19,45149.21
1991-03-26,31468.16,40764.19,49858.27
1991-03-27,31691.59,41347.12,50925.24
1991-03-28,31495.1,40830.28,49972.94
1991-04-01,31959.91,41235.22,50301.33
1991-04-02,33078.5,44117.56,55577.94
1991-04-03,33233.97,44536.68,56367.15
1991-04-04,33493.2,45231.45,57680.5
1991-04-05,33268.79,44629.88,56526.89
1991-04-08,33295.41,44696.82,56656.9
1991-04-09,32969.11,43816.29,54985.52
1991-04-10,32741.62,43211.63,53847.32
1991-04-11,33635.47,45566.66,58252.04
1991-04-12,33726.29,45812.72,58723.88
1991-04-15,33614.99,45514.94,58148.38
1991-04-16,34065.43,46739.29,60491.76
1991-04-17,34228.95,47187.99,61362.84
1991-04-18,33551.21,45324.06,57724.03
1991-04-19,33094.92,44091.25,55368.89
1991-04-22,32770.59,43227.06,53746.58
1991-04-23,32868.9,43486.42,54235.67
1991-04-24,33158.14,44251.78,55672.92
1991-04-25,32846.46,43419.85,54102.94
1991-04-26,32767.63,43207.09,53707.99
1991-04-29,32145.04,41565.22,50641.26
1991-04-30,31842.88,40787.95,49218.24
1991-05-01,32414.03,41465.49,50041.41
1991-05-02,32696.03,42182.84,51342.49
1991-05-03,32771.23,42372.67,51691.62
1991-05-06,32797.45,42440.46,51820.85
1991-05-07,32666.26,42096.7,51193.82
1991-05-08,32780.59,42387.16,51726.23
1991-05-09,33278.86,43679.97,54090.12
1991-05-10,32969.37,42863.16,52575.6
1991-05-13,33002.33,42953.17,52738.58
1991-05-14,32645.91,42025.38,51035.12
1991-05-15,31666.53,39503.86,46441.96
1991-05-16,31983.2,40293.93,47835.22
1991-05-17,31954.41,40221.4,47710.85
1991-05-20,31727.54,39654.28,46699.38
1991-05-21,32051.16,40459.27,48123.71
1991-05-22,32596.03,41834.88,50578.02
1991-05-23,32778.56,42303.43,51427.73
1991-05-24,33063.74,43039.51,52764.85
1991-05-28,33539.86,44279.05,55044.29
1991-05-29,33660.6,44597.86,55638.77
1991-05-30,34014.04,45534.41,57391.39
1991-05-31,34228.32,46112.7,58481.83
1991-06-03,34971.42,47260.62,60214.55
1991-06-04,34995.9,47326.78,60334.98
1991-06-05,34526.96,46063.16,57915.55
1991-06-06,34133.35,45012.92,55934.84
1991-06-07,33679.38,43820.07,53708.63
1991-06-10,33406.57,43110.19,52403.51
1991-06-11,33513.47,43390.4,52911.82
1991-06-12,33020.83,42114.73,50578.41
1991-06-13,32958.09,41954.69,50290.12
1991-06-14,33333.81,42907.06,52005.01
1991-06-17,33303.81,42834.12,51869.8
1991-06-18,33044.04,42165.91,50656.04
1991-06-19,32396.38,40513.0,47672.4
1991-06-20,32432.01,40602.13,47829.72
1991-06-21,32396.34,40516.87,47676.67
1991-06-24,31226.83,37591.55,42513.28
1991-06-25,31242.44,37629.14,42572.8
1991-06-26,31423.65,38065.64,43309.31
1991-06-27,31772.45,38910.7,44751.51
1991-06-28,31639.01,38587.74,44192.12
1991-07-01,32762.5,40604.34,47293.2
1991-07-02,32379.18,39654.2,45633.21
1991-07-03,31916.16,38520.09,43675.54
1991-07-05,31858.71,38381.42,43435.33
1991-07-08,32738.01,40500.07,47036.11
1991-07-09,32960.63,41046.82,47990.95
1991-07-10,33293.53,41880.07,49449.87
1991-07-11,33360.12,42043.41,49741.63
1991-07-12,33813.82,43191.19,51776.06
1991-07-15,33999.79,43661.98,52625.19
1991-07-16,33442.2,42225.5,50030.77
1991-07-17,33301.74,41875.03,49405.38
1991-07-18,33664.73,42783.71,51016.0
1991-07-19,33752.26,43006.19,51413.92
1991-07-22,33424.86,42171.87,49917.78
1991-07-23,32789.79,40569.34,47072.46
1991-07-24,32606.16,40110.9,46276.94
1991-07-25,33030.04,41149.78,48077.11
1991-07-26,33413.19,42100.34,49745.39
1991-07-29,33466.65,42230.85,49979.19
1991-07-30,34059.01,43725.82,52633.08
1991-07-31,34416.63,44648.43,54296.29
1991-08-01,35185.49,45843.72,56056.61
1991-08-02,35343.83,46256.31,56813.37
1991-08-05,34919.7,45146.16,54768.09
1991-08-06,35251.44,46003.94,56323.5
1991-08-07,35484.1,46606.59,57433.07
1991-08-08,35767.97,47356.96,58817.21
1991-08-09,35689.28,47148.59,58429.02
1991-08-12,35956.95,47860.53,59749.51
1991-08-13,36241.01,48616.73,61171.55
1991-08-14,36530.94,49394.59,62639.67
1991-08-15,36154.67,48382.0,60710.37
1991-08-16,35858.2,47593.38,59222.96
1991-08-19,34890.03,45023.34,54425.9
1991-08-20,35176.13,45766.22,55770.22
1991-08-21,36699.25,49725.0,63009.2
1991-08-22,36508.42,49202.89,62019.95
1991-08-23,36793.18,49965.53,63465.02
1991-08-26,36785.82,49940.55,63420.59
1991-08-27,36793.18,49965.52,63464.99
1991-08-28,37190.55,51049.77,65527.6
1991-08-29,37023.19,50595.43,64649.53
1991-08-30,36871.4,50180.54,63847.88
1991-09-03,36971.52,49595.98,62288.74
1991-09-04,36642.47,48718.13,60631.86
1991-09-05,36503.23,48347.87,59940.66
1991-09-06,36401.02,48077.13,59443.15
1991-09-09,36579.39,48553.09,60322.91
1991-09-10,35935.59,46839.17,57131.83
1991-09-11,36359.63,47949.25,59160.01
1991-09-12,37126.82,49972.71,62904.84
1991-09-13,36339.73,47853.87,58904.09
1991-09-16,36219.81,47533.25,58315.05
1991-09-17,36158.24,47371.64,58011.81
1991-09-18,36541.51,48375.91,59856.59
1991-09-19,36863.08,49227.33,61436.8
1991-09-20,37268.57,50310.33,63464.22
1991-09-23,37041.24,49691.51,62296.47
1991-09-24,37363.49,50556.15,63922.41
1991-09-25,37576.47,51132.49,65015.48
1991-09-26,37437.43,50754.11,64293.81
1991-09-27,37179.11,50053.7,62969.36
1991-09-30,37387.32,50614.3,64027.25
1991-10-01,37997.19,51410.76,65088.63
1991-10-02,37560.22,50228.32,62849.58
1991-10-03,36947.99,48590.87,59776.24
1991-10-04,36962.77,48624.89,59841.99
1991-10-07,36748.39,48060.84,58806.73
1991-10-08,36899.06,48450.13,59524.17
1991-10-09,36437.82,47234.03,57286.06
1991-10-10,36780.33,48126.76,58907.26
1991-10-11,37092.97,48949.72,60415.28
1991-10-14,37838.53,50922.4,64064.36
1991-10-15,38648.28,53101.88,68170.89
1991-10-16,39220.27,54673.69,71197.68
1991-10-17,38537.84,52765.58,67474.04
1991-10-18,38622.62,52997.75,67926.11
1991-10-21,38325.23,52181.58,66363.81
1991-10-22,38317.56,52155.49,66317.36
1991-10-23,38125.98,51639.15,65329.23
1991-10-24,37637.96,50317.19,62820.59
1991-10-25,37280.4,49361.16,61030.2
1991-10-28,37735.22,50560.64,63257.8
1991-10-29,38222.01,51865.1,65712.21
1991-10-30,38833.56,53524.79,68866.39
1991-10-31,38542.31,52716.56,67310.01
1991-11-01,38710.45,52306.56,66074.08
1991-11-04,38300.12,51202.89,63979.53
1991-11-05,38583.54,51955.57,65393.48
1991-11-06,38633.7,52090.66,65648.51
1991-11-07,39093.44,53330.42,67998.73
1991-11-08,39449.19,54301.03,69855.09
1991-11-11,39756.89,55148.13,71482.72
1991-11-12,40305.54,56670.21,74442.1
1991-11-13,40422.42,56998.9,75082.3
1991-11-14,40183.93,56326.32,73760.85
1991-11-15,37977.83,50141.69,61612.44
1991-11-18,38520.92,51575.74,64255.61
1991-11-19,37958.51,50074.88,61447.64
1991-11-20,38064.8,50360.31,61969.95
1991-11-21,38521.57,51563.92,64194.67
1991-11-22,38217.25,50744.06,62666.84
1991-11-25,37773.93,49571.87,60492.3
1991-11-26,37925.03,49963.49,61212.16
1991-11-27,38072.94,50348.2,61922.22
1991-11-29,38015.83,50192.13,61637.37
1991-12-02,39752.18,53946.56,68121.2
1991-12-03,39752.18,53951.95,68128.02
1991-12-04,39911.19,54383.57,68938.74
1991-12-05,39807.42,54095.34,68394.12
1991-12-06,40050.25,54760.71,69652.58
1991-12-09,40002.19,54623.81,69394.86
1991-12-10,40078.19,54825.92,69783.47
1991-12-11,39877.8,54277.66,68736.72
1991-12-12,40300.51,55433.77,70929.42
1991-12-13,40751.87,56681.03,73319.74
1991-12-16,40980.08,57315.86,74551.51
1991-12-17,40418.66,55751.14,71494.9
1991-12-18,40515.66,56024.32,72016.82
1991-12-19,39826.89,54125.09,68351.16
1991-12-20,40002.13,54601.39,69246.56
1991-12-23,41014.19,57364.22,74502.37
1991-12-24,41526.86,58792.59,77288.76
1991-12-26,42419.69,61320.67,82273.89
1991-12-27,42839.65,62528.69,84709.19
1991-12-30,44189.1,66461.75,92705.74
1991-12-31,44745.88,68136.58,96210.02
1992-01-02,45589.75,69679.86,98915.01
1992-01-03,45785.78,70286.07,100200.9
1992-01-06,46069.65,71157.62,102054.62
1992-01-07,46447.43,72317.49,104554.96
1992-01-08,47083.76,74298.99,108852.17
1992-01-09,47907.72,76899.45,114566.91
1992-01-10,47466.97,75492.19,111416.32
1992-01-13,47623.61,75990.44,112519.34
1992-01-14,48214.14,77882.6,116716.31
1992-01-15,48623.96,79214.4,119704.25
1992-01-16,48123.14,77582.58,115993.41
1992-01-17,47819.96,76612.8,113812.74
1992-01-20,46739.23,73142.24,106084.85
1992-01-21,45388.47,68907.3,96876.69
1992-01-22,47358.33,74888.46,109490.03
1992-01-23,47325.18,74783.61,109249.15
1992-01-24,47239.99,74514.39,108659.21
1992-01-27,46559.73,72368.38,103965.13
1992-01-28,46610.95,72527.59,104308.22
1992-01-29,46126.2,71011.76,101043.37
1992-01-30,46661.26,72652.13,104549.57
1992-01-31,46269.31,71424.31,101904.47
1992-02-03,47194.91,73226.14,105189.87
1992-02-04,47959.46,75605.99,110312.62
1992-02-05,48506.2,77322.25,114074.28
1992-02-06,48258.82,76533.56,112328.94
1992-02-07,47945.14,75546.28,110149.76
1992-02-10,47729.38,74858.81,108651.72
1992-02-11,47614.83,74492.0,107858.57
1992-02-12,49214.69,79497.86,118741.5
1992-02-13,48363.28,76739.28,112566.94
1992-02-14,47932.84,75373.32,109550.14
1992-02-18,46806.42,71830.78,101837.81
1992-02-19,46740.89,71622.47,101399.91
1992-02-20,47745.82,74702.23,107940.21
1992-02-21,47339.98,73432.3,105187.73
1992-02-24,46866.58,71963.65,102021.58
1992-02-25,46777.54,71697.39,101450.26
1992-02-26,48087.31,75712.44,109982.23
1992-02-27,48029.6,75530.73,109586.29
1992-02-28,47823.08,74873.61,108161.67
1992-03-02,48429.39,75697.72,109367.97
1992-03-03,48298.63,75288.95,108493.02
1992-03-04,47728.7,73504.6,104641.52
1992-03-05,47155.96,71747.84,100884.89
1992-03-06,46524.07,69825.0,96829.32
1992-03-09,46565.94,69957.67,97100.44
1992-03-10,47543.83,72902.89,103227.48
1992-03-11,46806.9,70642.9,98427.4
1992-03-12,46774.13,70551.06,98230.55
1992-03-13,47003.33,71242.46,99674.54
1992-03-16,47252.44,72004.76,101269.33
1992-03-17,47899.8,73984.89,105441.62
1992-03-18,47861.48,73859.11,105178.02
1992-03-19,47851.91,73822.18,105104.4
1992-03-20,47617.43,73098.72,103559.36
1992-03-23,47360.3,72316.57,101892.06
1992-03-24,47360.3,72316.57,101892.06
1992-03-25,47166.12,71723.57,100638.78
1992-03-26,46557.68,69873.1,96754.13
1992-03-27,45291.31,66065.02,88849.31
1992-03-30,45028.62,65305.27,87312.22
1992-03-31,45127.68,65586.09,87879.75
1992-04-01,45750.88,66442.95,89095.63
1992-04-02,44867.89,63878.25,83936.99
1992-04-03,44683.93,63360.84,82912.96
1992-04-06,45836.77,66630.26,89338.71
1992-04-07,44200.4,61866.19,79761.6
1992-04-08,43904.26,61037.19,78158.39
1992-04-09,45133.58,64449.17,84715.88
1992-04-10,44208.34,61806.75,79505.86
1992-04-13,44796.31,63450.81,82678.14
1992-04-14,45275.63,64808.66,85340.38
1992-04-15,46054.37,67038.07,89752.47
1992-04-16,45091.84,64229.18,84116.02
1992-04-20,43486.57,59656.06,75132.43
1992-04-21,43169.11,58785.08,73487.03
1992-04-22,43721.68,60289.98,76308.93
1992-04-23,43437.49,59500.18,74813.27
1992-04-24,42911.89,58066.23,72105.03
1992-04-27,42324.0,56475.21,69141.52
1992-04-28,41612.96,54583.29,65663.7
1992-04-29,42790.61,57678.17,71245.11
1992-04-30,43479.53,59535.4,74686.25
1992-05-01,43926.76,59885.32,74908.06
1992-05-04,44387.99,61142.91,77267.67
1992-05-05,44969.47,62738.74,80296.56
1992-05-06,45018.94,62876.76,80553.51
1992-05-07,44676.79,61927.32,78724.94
1992-05-08,44466.81,61345.21,77614.92
1992-05-11,44560.19,61596.72,78096.13
1992-05-12,44292.83,60863.72,76698.21
1992-05-13,44106.8,60358.55,75739.49
1992-05-14,43506.95,58716.8,72649.31
1992-05-15,43285.07,58123.76,71545.05
1992-05-18,43505.82,58722.43,72646.84
1992-05-19,43766.85,59432.98,73961.75
1992-05-20,44213.28,60651.35,76232.37
1992-05-21,43983.37,60020.58,75043.15
1992-05-22,44044.94,60194.64,75365.83
1992-05-26,43688.18,59225.5,73541.98
1992-05-27,43998.37,60072.43,75115.78
1992-05-28,44557.14,61598.27,77977.69
1992-05-29,45029.45,62910.31,80465.18
1992-06-01,46062.15,64887.77,83798.96
1992-06-02,45808.8,64180.49,82424.66
1992-06-03,45822.55,64219.0,82498.84
1992-06-04,45620.93,63653.88,81409.85
1992-06-05,45233.15,62571.76,79333.9
1992-06-08,44798.91,61364.12,77041.15
1992-06-09,44023.89,59240.93,73042.72
1992-06-10,43698.11,58364.16,71421.17
1992-06-11,43693.74,58352.49,71399.74
1992-06-12,43916.58,58947.68,72492.16
1992-06-15,43881.45,58853.37,72318.18
1992-06-16,43205.67,57046.57,68984.31
1992-06-17,42367.48,54833.16,64969.42
1992-06-18,42155.65,54284.83,64001.38
1992-06-19,42868.08,56119.66,67246.25
1992-06-22,42632.3,55507.95,66143.41
1992-06-23,42947.78,56329.47,67618.41
1992-06-24,42638.56,55512.69,66151.09
1992-06-25,42054.41,53991.65,63438.89
1992-06-26,41877.78,53538.12,62639.56
1992-06-29,43431.45,57516.0,69617.61
1992-06-30,43492.25,57682.79,69916.97
1992-07-01,44691.73,60038.82,73782.9
1992-07-02,43940.91,58015.52,70056.86
1992-07-06,44165.0,58601.47,71121.73
1992-07-07,43268.45,56222.25,66790.41
1992-07-08,43458.84,56717.01,67672.05
1992-07-09,44136.79,58480.91,70832.33
1992-07-10,44229.48,58726.53,71285.66
1992-07-13,44543.51,59560.44,72804.04
1992-07-14,45167.12,61228.14,75861.81
1992-07-15,45189.7,61283.24,75968.02
1992-07-16,45465.36,62030.9,77358.23
1992-07-17,44628.8,59741.96,73080.32
1992-07-20,43883.5,57746.58,69419.0
1992-07-21,44563.69,59536.72,72646.98
1992-07-22,43988.82,58000.67,69842.81
1992-07-23,44182.37,58511.08,70764.73
1992-07-24,44319.34,58868.0,71415.77
1992-07-27,44088.87,58249.88,70294.54
1992-07-28,44807.52,60143.0,73724.91
1992-07-29,45300.41,61460.14,76150.46
1992-07-30,45422.72,61792.02,76759.67
1992-07-31,45413.63,61773.48,76721.29
1992-08-03,46189.11,63020.76,78603.55
1992-08-04,45939.69,62346.44,77338.03
1992-08-05,45278.16,60544.63,73989.3
1992-08-06,44979.33,59745.44,72524.31
1992-08-07,44794.91,59255.53,71632.26
1992-08-10,44929.3,59616.99,72284.11
1992-08-11,44673.2,58943.32,71055.28
1992-08-12,44440.9,58336.2,69953.92
1992-08-13,44489.78,58458.7,70177.78
1992-08-14,44632.15,58832.84,70851.48
1992-08-17,44359.89,58115.08,69547.82
1992-08-18,44368.77,58138.33,69589.55
1992-08-19,44053.75,57312.76,68107.29
1992-08-20,44221.15,57742.61,68876.9
1992-08-21,43668.39,56299.04,66294.02
1992-08-24,42934.76,54401.76,62946.17
1992-08-25,43136.55,54913.14,63833.71
1992-08-26,43744.78,56461.69,66533.88
1992-08-27,44225.97,57703.85,68729.49
1992-08-28,44177.32,57576.9,68502.69
1992-08-31,44194.99,57628.72,68591.74
1992-09-01,45101.72,59180.85,70971.04
1992-09-02,45787.26,60979.95,74207.31
1992-09-03,46029.94,61620.24,75379.79
1992-09-04,45762.96,60905.44,74075.72
1992-09-08,45671.44,60661.82,73623.86
1992-09-09,46301.7,62336.09,76671.89
1992-09-10,47019.38,64274.74,80244.8
1992-09-11,47075.8,64429.0,80533.68
1992-09-14,48488.08,68288.3,87773.65
1992-09-15,47780.15,66287.45,83920.39
1992-09-16,47565.14,65690.86,82787.47
1992-09-17,47684.05,66019.32,83408.37
1992-09-18,47784.19,66296.6,83933.84
1992-09-21,47683.84,66024.78,83413.45
1992-09-22,46939.97,63964.81,79509.7
1992-09-23,47169.98,64591.66,80678.5
1992-09-24,47429.41,65302.17,82001.62
1992-09-25,46338.54,62298.27,76335.31
1992-09-28,45986.36,61351.34,74594.87
1992-09-29,46400.24,62461.8,76616.39
1992-09-30,46780.72,63486.17,78493.49
1992-10-01,46651.89,62290.54,75849.55
1992-10-02,45952.11,60415.59,72428.73
1992-10-05,45846.42,60137.68,71928.98
1992-10-06,46492.86,61827.55,74964.38
1992-10-07,46102.32,60788.85,73082.77
1992-10-08,46549.51,61974.23,75216.79
1992-10-09,46139.87,60883.48,73223.54
1992-10-12,46513.61,61869.79,75002.88
1992-10-13,46820.6,62680.29,76480.43
1992-10-14,46736.32,62460.91,76075.09
1992-10-15,47119.56,63491.51,77954.14
1992-10-16,47760.38,65218.48,81134.67
1992-10-19,48729.92,67859.83,86067.66
1992-10-20,48817.63,68110.91,86541.03
1992-10-21,49222.82,69241.55,88704.56
1992-10-22,49227.74,69255.4,88731.17
1992-10-23,49129.29,68978.38,88189.91
1992-10-26,49389.67,69709.55,89592.13
1992-10-27,48900.71,68329.3,86931.24
1992-10-28,49316.37,69490.9,89147.99
1992-10-29,49982.14,71367.15,92758.48
1992-10-30,49687.25,70532.16,91125.93
1992-11-02,50367.92,71543.59,92615.49
1992-11-03,49703.06,69647.68,88938.66
1992-11-04,49976.43,70413.81,90415.04
1992-11-05,51305.8,74166.86,97639.2
1992-11-06,51557.2,74893.7,99074.5
1992-11-09,51928.41,75972.17,101214.51
1992-11-10,52510.01,77673.95,104615.31
1992-11-11,53040.36,79242.96,107774.7
1992-11-12,52881.24,78759.58,106793.95
1992-11-13,53140.36,79523.54,108353.14
1992-11-16,52550.5,77758.12,104755.81
1992-11-17,51573.06,74873.3,98920.91
1992-11-18,52501.38,77568.73,104252.75
1992-11-19,52874.14,78670.21,106473.34
1992-11-20,53186.09,79606.39,108368.56
1992-11-23,52367.03,77154.51,103361.93
1992-11-24,53362.0,80094.1,109263.9
1992-11-25,53313.98,79949.93,108968.89
1992-11-27,53260.66,79790.03,108641.98
1992-11-30,53510.99,80540.05,110184.7
1992-12-01,54275.64,81826.14,112300.69
1992-12-02,54107.39,81318.82,111245.07
1992-12-03,54605.18,82806.95,114304.31
1992-12-04,55162.15,84496.22,117790.59
1992-12-07,55691.7,86110.09,121171.18
1992-12-08,55496.78,85507.32,119911.0
1992-12-09,55069.46,84199.06,117153.04
1992-12-10,54568.33,82666.64,113966.48
1992-12-11,54000.82,80955.44,110422.12
1992-12-14,53774.01,80267.32,109019.76
1992-12-15,53397.59,79135.55,106719.45
1992-12-16,53707.3,80053.52,108576.36
1992-12-17,54921.09,83679.95,115948.7
1992-12-18,55080.36,84165.29,116957.45
1992-12-21,55300.68,84838.61,118372.64
1992-12-22,54731.08,83099.42,114726.76
1992-12-23,54862.44,83498.3,115564.27
1992-12-24,55027.02,83990.94,116592.79
1992-12-28,55258.14,84696.46,118061.86
1992-12-29,55374.18,85052.19,118805.65
1992-12-30,55396.33,85111.72,118936.33
1992-12-31,55435.11,85230.88,119186.1
1993-01-04,55342.19,83913.38,115880.08
1993-01-05,55945.42,85734.3,119657.77
1993-01-06,56991.6,88940.77,126358.61
1993-01-07,56535.67,87508.82,123313.37
1993-01-08,56773.12,88243.9,124854.78
1993-01-11,57590.65,90785.32,130260.99
1993-01-12,57141.45,89369.07,127199.86
1993-01-13,58375.7,93229.81,135429.69
1993-01-14,59227.99,95952.12,141361.51
1993-01-15,58902.23,94896.65,139029.05
1993-01-18,58825.66,94659.41,138500.74
1993-01-19,58402.11,93286.85,135495.27
1993-01-20,58355.39,93146.92,135183.63
1993-01-21,58915.6,94935.34,139076.92
1993-01-22,58679.94,94175.85,137408.0
1993-01-25,59184.59,95795.68,140939.38
1993-01-26,58924.18,94952.68,139078.98
1993-01-27,57875.33,91562.87,131638.26
1993-01-28,57574.38,90610.61,129584.7
1993-01-29,57557.1,90556.25,129468.07
1993-02-01,58829.26,93478.34,135140.8
1993-02-02,59135.17,94450.52,137262.51
1993-02-03,58993.25,93997.15,136274.22
1993-02-04,58633.39,92850.39,133794.03
1993-02-05,57812.52,90241.29,128161.31
1993-02-08,57297.99,88644.02,124752.21
1993-02-09,56862.53,87296.63,121907.86
1993-02-10,57544.88,89391.75,126296.55
1993-02-11,57395.26,88917.98,125298.8
1993-02-12,56591.73,86419.38,120023.72
1993-02-16,54350.7,79574.97,105764.91
1993-02-17,54198.51,79121.39,104865.9
1993-02-18,54572.48,80205.35,107026.14
1993-02-19,54517.91,80036.92,106694.36
1993-02-22,53329.42,76555.31,99727.22
1993-02-23,53468.08,76953.4,100505.09
1993-02-24,54863.59,80962.67,108364.59
1993-02-25,55104.99,81675.15,109795.0
1993-02-26,55022.34,81430.12,109300.92
1993-03-01,55200.31,80979.73,107890.39
1993-03-02,56326.39,84275.61,114482.49
1993-03-03,56917.82,86053.82,118100.14
1993-03-04,56217.73,83936.9,113742.24
1993-03-05,56223.35,83953.68,113776.37
1993-03-08,56836.19,85783.88,117496.85
1993-03-09,56830.5,85766.72,117461.6
1993-03-10,57126.02,86658.69,119282.26
1993-03-11,57200.29,86892.67,119759.39
1993-03-12,57343.29,87327.13,120657.58
1993-03-15,57607.07,88130.54,122322.66
1993-03-16,57497.61,87786.83,121613.19
1993-03-17,56238.41,83950.55,113635.36
1993-03-18,56215.92,83874.99,113487.64
1993-03-19,55591.92,82012.97,109719.85
1993-03-22,55252.81,81012.41,107711.97
1993-03-23,55048.38,80421.02,106527.14
1993-03-24,55108.93,80589.9,106868.03
1993-03-25,56034.76,83305.78,112264.86
1993-03-26,55760.19,82489.39,110625.8
1993-03-29,55565.03,81911.96,109464.23
1993-03-30,56565.2,84852.6,115364.35
1993-03-31,56836.71,85658.7,117014.06
1993-04-01,56528.26,83720.41,112531.46
1993-04-02,54431.07,77499.98,99995.46
1993-04-05,54991.71,79104.23,103095.32
1993-04-06,54331.8,77197.82,99373.57
1993-04-07,55070.72,79297.6,103428.02
1993-04-08,54492.47,77632.35,100170.03
1993-04-12,55680.41,81017.12,106721.15
1993-04-13,55179.29,79558.81,103839.68
1993-04-14,55278.61,79845.23,104400.42
1993-04-15,54864.02,78655.53,102061.85
1993-04-16,54342.81,77168.94,99163.29
1993-04-19,53831.99,75725.88,96376.8
1993-04-20,54085.0,76445.28,97745.35
1993-04-21,54268.89,76957.46,98732.58
1993-04-22,53992.12,76180.19,97231.85
1993-04-23,53225.43,74009.06,93080.05
1993-04-26,52208.82,71181.91,87737.25
1993-04-27,53378.3,74363.74,93624.42
1993-04-28,54184.31,76609.53,97874.97
1993-04-29,54075.95,76303.09,97287.72
1993-04-30,54232.77,76738.02,98124.39
1993-05-03,55542.81,79516.54,102993.46
1993-05-04,56881.39,83349.24,110439.88
1993-05-05,57216.99,84324.42,112383.62
1993-05-06,56633.38,82604.2,108944.69
1993-05-07,56876.9,83314.6,110350.07
1993-05-10,57138.54,84081.09,111872.9
1993-05-11,56841.42,83206.65,110127.69
1993-05-12,56511.74,82241.45,108211.46
1993-05-13,55986.18,80719.99,105203.19
1993-05-14,56322.09,81688.63,107096.84
1993-05-17,56783.93,83028.32,109731.42
1993-05-18,57317.7,84597.56,112836.82
1993-05-19,58716.26,88725.92,121085.2
1993-05-20,59643.97,91538.53,126836.74
1993-05-21,59035.6,89661.99,122942.85
1993-05-24,59100.54,89868.21,123360.86
1993-05-25,58958.7,89445.83,122485.0
1993-05-26,60267.59,93417.22,130642.5
1993-05-27,60008.43,92604.49,128944.15
1993-05-28,59264.33,90307.9,124147.42
1993-06-01,60481.5,92987.29,129134.73
1993-06-02,60505.69,93070.98,129302.61
1993-06-03,60402.83,92754.54,128643.16
1993-06-04,59847.13,91047.86,125079.75
1993-06-07,59152.9,88935.55,120726.97
1993-06-08,58567.29,87165.73,117129.31
1993-06-09,58485.29,86930.38,116649.08
1993-06-10,58374.17,86591.35,115972.51
1993-06-11,58946.24,88288.54,119393.7
1993-06-14,59606.44,90266.21,123405.33
1993-06-15,59576.63,90184.97,123232.56
1993-06-16,59260.88,89219.99,121260.84
1993-06-17,59094.95,88729.28,120254.38
1993-06-18,58113.97,85783.47,114253.68
1993-06-21,58096.54,85740.57,114162.28
1993-06-22,57823.48,84943.19,112564.01
1993-06-23,57621.1,84340.09,111370.83
1993-06-24,58087.83,85714.83,114088.28
1993-06-25,58802.31,87823.42,118298.14
1993-06-28,59813.71,90835.76,124390.49
1993-06-29,59406.98,89609.48,121865.36
1993-06-30,59436.68,89690.13,122035.98
1993-07-01,59541.1,89008.64,120122.02
1993-07-02,59618.5,89248.96,120602.51
1993-07-06,59058.09,87571.08,117201.51
1993-07-07,58579.72,86152.43,114341.8
1993-07-08,59042.5,87513.64,117051.7
1993-07-09,59331.81,88371.27,118760.65
1993-07-12,59397.07,88574.52,119164.44
1993-07-13,59248.58,88140.51,118282.62
1993-07-14,59538.9,88995.47,120009.55
1993-07-15,59003.05,87393.55,116769.29
1993-07-16,57463.07,82831.61,107637.93
1993-07-19,57135.53,81879.05,105786.56
1993-07-20,58232.53,85023.2,111879.87
1993-07-21,57720.08,83535.3,108937.43
1993-07-22,57015.9,81505.39,104961.21
1993-07-23,57814.12,83779.39,109359.08
1993-07-26,58340.23,85295.8,112333.65
1993-07-27,57622.65,83197.52,108177.31
1993-07-28,58406.31,85460.49,112590.94
1993-07-29,58493.92,85708.33,113086.34
1993-07-30,57762.75,83565.62,108856.91
1993-08-02,58653.11,85200.5,111565.92
1993-08-03,58817.34,85669.11,112491.92
1993-08-04,59458.45,87536.69,116181.65
1993-08-05,59838.98,88648.41,118400.72
1993-08-06,59958.66,89011.87,119122.97
1993-08-09,59820.75,88593.51,118289.11
1993-08-10,59216.56,86812.78,114716.77
1993-08-11,59394.21,87342.34,115760.7
1993-08-12,59340.76,87185.12,115436.57
1993-08-13,59512.85,87690.8,116452.41
1993-08-16,61185.16,92627.79,126280.99
1993-08-17,61772.54,94406.24,129917.89
1993-08-18,62044.34,95246.46,131645.79
1993-08-19,61126.08,92436.69,125813.88
1993-08-20,61223.88,92732.49,126430.37
1993-08-23,61162.66,92547.02,126038.44
1993-08-24,61248.28,92806.15,126555.2
1993-08-25,60746.05,91284.13,123441.94
1993-08-26,60205.41,89650.15,120133.69
1993-08-27,60506.44,90546.65,121947.71
1993-08-30,60972.34,91932.01,124752.51
1993-08-31,61521.09,93595.98,128133.3
1993-09-01,62275.37,94858.16,130202.63
1993-09-02,62343.88,95066.85,130632.3
1993-09-03,62200.48,94629.54,129730.94
1993-09-07,61031.12,91071.47,122414.11
1993-09-08,60725.96,90160.75,120577.9
1993-09-09,61302.86,91864.79,124002.31
1993-09-10,61695.19,93031.47,126370.76
1993-09-13,61189.29,91496.46,123249.4
1993-09-14,60626.35,89812.92,119835.39
1993-09-15,61147.74,91348.72,122915.16
1993-09-16,60884.8,90563.12,121329.55
1993-09-17,60957.87,90789.53,121778.47
1993-09-20,61171.22,91415.98,123044.97
1993-09-21,60871.48,90510.96,121223.9
1993-09-22,62259.35,94647.31,129527.74
1993-09-23,62769.88,96199.53,132714.12
1993-09-24,62933.08,96690.14,133736.02
1993-09-27,63675.69,98972.03,138483.65
1993-09-28,64261.5,100793.12,142291.95
1993-09-29,64409.31,101246.69,143259.54
1993-09-30,63713.69,99059.76,138632.25
1993-10-01,64226.53,99609.54,139229.65
1993-10-04,64477.01,100386.49,140858.63
1993-10-05,63967.64,98810.42,137534.37
1993-10-06,63820.52,98365.78,136599.14
1993-10-07,63412.07,97116.53,133990.09
1993-10-08,63970.09,98825.78,137514.03
1993-10-11,63861.34,98479.89,136798.96
1993-10-12,64180.65,99464.69,138864.62
1993-10-13,64803.2,101404.25,142919.47
1993-10-14,65755.81,104395.68,149236.51
1993-10-15,65834.72,104635.79,149758.84
1993-10-18,65400.21,103244.13,146778.64
1993-10-19,64203.38,99475.72,138735.17
1993-10-20,64402.41,100102.42,140039.28
1993-10-21,64975.6,101894.25,143792.33
1993-10-22,65112.04,102332.4,144712.6
1993-10-25,64981.82,101923.07,143844.33
1993-10-26,64507.45,100445.18,140708.52
1993-10-27,65455.71,103398.27,146913.77
1993-10-28,65285.53,102870.94,145782.53
1993-10-29,65579.31,103786.49,147736.02
1993-11-01,66759.93,106445.22,152831.33
1993-11-02,66806.66,106604.89,153167.56
1993-11-03,65557.38,102617.87,144574.86
1993-11-04,63787.33,97086.76,132878.75
1993-11-05,64827.06,100261.5,139389.81
1993-11-08,65034.51,100893.15,140714.02
1993-11-09,65216.6,101458.15,141881.94
1993-11-10,66410.07,105171.52,149685.45
1993-11-11,66688.99,106065.48,151586.46
1993-11-12,66775.69,106341.25,152192.8
1993-11-15,66087.9,104161.25,147505.26
1993-11-16,66471.21,105369.52,150057.1
1993-11-17,65188.31,101312.8,141383.8
1993-11-18,64503.83,99185.23,136916.08
1993-11-19,64303.87,98580.2,135656.45
1993-11-22,63088.53,94853.87,127951.16
1993-11-23,64413.39,98837.73,136024.88
1993-11-24,65057.52,100814.48,140119.23
1993-11-26,65272.21,101479.86,141520.42
1993-11-29,64743.51,99835.88,138081.47
1993-11-30,65345.62,101692.83,141933.95
1993-12-01,66899.15,105463.0,149270.78
1993-12-02,67447.72,107192.6,152942.84
1993-12-03,68405.48,110226.15,159442.91
1993-12-06,67933.48,108705.02,156142.44
1993-12-07,67587.02,107607.1,153769.08
1993-12-08,67215.3,106423.43,151231.89
1993-12-09,65931.48,102347.41,142551.18
1993-12-10,65885.33,102193.89,142237.56
1993-12-13,66023.69,102623.1,143147.88
1993-12-14,65178.59,100006.21,137665.32
1993-12-15,65537.07,101116.28,139950.56
1993-12-16,65746.79,101763.43,141294.09
1993-12-17,66233.31,103269.52,144430.82
1993-12-20,66345.91,103630.97,145181.86
1993-12-21,66140.24,102988.46,143831.67
1993-12-22,66120.4,102936.96,143716.6
1993-12-23,66444.39,103945.74,145843.61
1993-12-27,66703.52,104756.52,147549.98
1993-12-28,67197.13,106306.92,150825.59
1993-12-29,67304.64,106647.1,151564.63
1993-12-30,67701.74,107916.2,154262.48
1993-12-31,67796.52,108218.37,154894.96
1994-01-03,67825.27,107218.05,152178.28
1994-01-04,68279.7,108665.5,155252.28
1994-01-05,68771.32,110241.15,158621.26
1994-01-06,69307.73,111971.93,162348.86
1994-01-07,69404.77,112285.45,163030.72
1994-01-10,70112.69,114576.08,168019.46
1994-01-11,69930.4,113980.28,166708.91
1994-01-12,70035.3,114322.22,167475.77
1994-01-13,69951.25,114059.28,166889.61
1994-01-14,70594.81,116157.97,171495.76
1994-01-17,70432.44,115612.03,170295.29
1994-01-18,70460.61,115704.52,170499.65
1994-01-19,69678.5,113135.88,164804.96
1994-01-20,70563.41,115998.22,171067.55
1994-01-21,70570.47,116033.01,171135.97
1994-01-24,70168.22,114698.64,168192.43
1994-01-25,69698.09,113161.67,164794.95
1994-01-26,69816.58,113557.74,165651.88
1994-01-27,70284.35,115090.77,168998.05
1994-01-28,70727.14,116540.91,172209.01
1994-01-31,70981.76,117368.35,174051.65
1994-02-01,70831.28,115723.15,169786.39
1994-02-02,71100.43,116602.64,171721.95
1994-02-03,70801.81,115623.18,169558.26
1994-02-04,68628.2,108535.48,153958.9
1994-02-07,68998.79,109707.66,156453.03
1994-02-08,69316.18,110716.98,158612.08
1994-02-09,69739.01,112067.72,161514.68
1994-02-10,69292.68,110622.05,158397.45
1994-02-11,69382.76,110909.67,159015.2
1994-02-14,69951.7,112717.49,162911.07
1994-02-15,70497.32,114487.16,166739.48
1994-02-16,70574.87,114750.48,167306.4
1994-02-17,70341.97,113993.13,165650.06
1994-02-18,70440.45,114300.91,166329.23
1994-02-22,70877.18,115729.67,169439.59
1994-02-23,70607.85,114850.12,167491.03
1994-02-24,69548.73,111416.1,159970.68
1994-02-25,70181.63,113443.88,164337.88
1994-02-28,71171.19,116631.65,171272.94
1994-03-01,71241.16,115726.07,168663.85
1994-03-02,70977.57,114869.7,166791.68
1994-03-03,70977.57,114869.7,166775.0
1994-03-04,71644.76,117017.76,171461.38
1994-03-07,72217.92,118901.75,175593.6
1994-03-08,71640.17,116999.32,171361.79
1994-03-09,71833.6,117631.12,172749.82
1994-03-10,71258.93,115749.02,168603.83
1994-03-11,71201.92,115552.24,168182.32
1994-03-14,71807.14,117528.19,172487.79
1994-03-15,71792.78,117469.42,172367.05
1994-03-16,72223.54,118879.06,175469.65
1994-03-17,72772.43,120674.13,179452.81
1994-03-18,72612.34,120143.16,178250.48
1994-03-21,71828.12,117536.06,172457.34
1994-03-22,71425.88,116219.65,169542.81
1994-03-23,71397.31,116126.68,169339.36
1994-03-24,70254.96,112399.01,161194.14
1994-03-25,69545.38,110139.79,156326.07
1994-03-28,68509.16,106868.64,149353.93
1994-03-29,66611.45,100948.12,136927.68
1994-03-30,66131.85,99494.46,133983.74
1994-03-31,66601.39,100917.23,136850.99
1994-04-04,65779.49,97421.4,129233.55
1994-04-05,68213.33,104630.58,143578.47
1994-04-06,68117.83,104337.61,142975.44
1994-04-07,68506.1,105527.06,145420.32
1994-04-08,67444.26,102245.17,138643.73
1994-04-11,67262.16,101682.82,137506.85
1994-04-12,65789.12,97239.28,128486.4
1994-04-13,64348.34,92989.93,120057.7
1994-04-14,64065.2,92180.91,118484.94
1994-04-15,64180.52,92503.55,119112.91
1994-04-18,63160.05,89561.93,113431.23
1994-04-19,62616.87,88021.47,110504.7
1994-04-20,62272.48,87044.43,108670.32
1994-04-21,64315.02,92745.84,119352.61
1994-04-22,64675.18,93784.59,121357.74
1994-04-25,65677.65,96682.54,126988.74
1994-04-26,65795.87,97030.6,127674.48
1994-04-28,65269.5,95478.11,124597.52
1994-04-29,65406.57,95888.66,125394.95
1994-05-02,67066.52,99781.54,132542.2
1994-05-03,66583.64,98334.71,129666.03
1994-05-04,66663.54,98570.71,130145.8
1994-05-05,66790.2,98935.43,130874.61
1994-05-06,66142.34,97016.08,127079.25
1994-05-09,64984.85,93610.81,120394.88
1994-05-10,65342.27,94640.53,122381.4
1994-05-11,64486.28,92160.95,117584.05
1994-05-12,64744.23,92898.24,118995.05
1994-05-13,64420.51,91978.55,117222.03
1994-05-16,63653.9,89798.65,113048.92
1994-05-17,63653.9,89807.63,113060.23
1994-05-18,65079.75,93840.0,120669.18
1994-05-19,65632.93,95425.89,123734.18
1994-05-20,65396.65,94738.83,122397.85
1994-05-23,65311.63,94492.51,121920.5
1994-05-24,66565.62,98121.02,128955.31
1994-05-25,66785.28,98768.62,130231.97
1994-05-26,66351.18,97494.5,127705.47
1994-05-27,66530.33,98020.97,128739.88
1994-05-31,66889.59,99079.6,130825.47
1994-06-01,67456.98,99778.76,131719.45
1994-06-02,67713.32,100527.1,133207.88
1994-06-03,68092.51,101642.95,135432.45
1994-06-06,68099.32,101653.11,135459.53
1994-06-07,67602.2,100158.81,132479.42
1994-06-08,66000.02,95421.3,123073.38
1994-06-09,65874.62,95058.7,122371.87
1994-06-10,66645.36,97283.07,126679.36
1994-06-13,66152.18,95853.01,123879.74
1994-06-14,67131.23,98690.26,129380.0
1994-06-15,67205.08,98897.51,129794.02
1994-06-16,67211.8,98907.4,129819.98
1994-06-17,66170.01,95841.27,123783.35
1994-06-20,65435.53,93723.18,119673.74
1994-06-21,64218.43,90236.68,112983.98
1994-06-22,64616.58,91364.63,115096.78
1994-06-23,62884.86,86467.49,105843.0
1994-06-24,62576.72,85620.11,104287.11
1994-06-27,64247.52,90192.22,112650.93
1994-06-28,64408.14,90634.16,113484.55
1994-06-29,64530.51,90978.57,114120.06
1994-06-30,64098.16,89759.46,111826.25
1994-07-01,64552.94,90124.07,112079.13
1994-07-05,63991.33,88564.93,109165.07
1994-07-06,63402.61,86935.33,106141.2
1994-07-07,64410.71,89691.18,111193.52
1994-07-08,64423.59,89727.06,111271.36
1994-07-11,64333.4,89466.85,110792.89
1994-07-12,64783.73,90719.39,113130.62
1994-07-13,66189.54,94647.53,120484.11
1994-07-14,65898.31,93814.64,118893.72
1994-07-15,65845.59,93673.91,118620.27
1994-07-18,66016.79,94151.65,119533.64
1994-07-19,65396.23,92381.6,116162.79
1994-07-20,64467.6,89748.72,111202.64
1994-07-21,64951.11,91085.98,113693.58
1994-07-22,65464.22,92516.03,116376.75
1994-07-25,65654.07,93052.62,117377.59
1994-07-26,65279.84,91982.52,115358.7
1994-07-27,64888.16,90869.53,113270.7
1994-07-28,64946.56,91033.09,113576.53
1994-07-29,66381.88,95065.86,121118.02
1994-08-01,67497.19,97333.83,124986.84
1994-08-02,67355.45,96915.29,124186.92
1994-08-03,66937.85,95723.24,121889.46
1994-08-04,66409.04,94210.81,119000.68
1994-08-05,66335.99,94003.55,118607.98
1994-08-08,66647.77,94896.58,120292.21
1994-08-09,66967.68,95807.59,122024.42
1994-08-10,67556.99,97493.8,125258.07
1994-08-11,67658.33,97786.28,125821.73
1994-08-12,68104.87,99077.06,128313.0
1994-08-15,68125.3,99136.51,128441.31
1994-08-16,68745.24,100950.7,131960.6
1994-08-17,69893.29,104332.55,138585.03
1994-08-18,69662.64,103643.96,137226.89
1994-08-19,69390.96,102835.53,135621.34
1994-08-22,69155.03,102136.25,134238.0
1994-08-23,69867.32,104230.05,138372.53
1994-08-24,70174.74,105147.27,140199.05
1994-08-25,70729.12,106798.08,143507.75
1994-08-26,72129.56,111037.97,152046.46
1994-08-29,71978.09,110582.71,151103.77
1994-08-30,72575.5,112418.38,154851.14
1994-08-31,71878.78,110271.19,150406.91
1994-09-01,71235.19,107270.82,143753.93
1994-09-02,71199.58,107163.55,143538.3
1994-09-06,71612.53,108417.37,146050.22
1994-09-07,72221.24,110271.3,149789.1
1994-09-08,72892.9,112322.35,153983.2
1994-09-09,71821.37,109008.84,147177.14
1994-09-12,71246.8,107253.8,143630.17
1994-09-13,72158.76,109999.49,149159.93
1994-09-14,72360.81,110604.49,150397.96
1994-09-15,74054.05,115780.78,160955.9
1994-09-16,73572.7,114287.21,157833.35
1994-09-19,73462.34,113955.78,157138.88
1994-09-20,72184.09,109990.12,148936.23
1994-09-21,71613.84,108252.27,145406.45
1994-09-22,71585.19,108165.67,145231.96
1994-09-23,70976.72,106326.85,141528.54
1994-09-26,70742.5,105614.46,140113.26
1994-09-27,70820.31,105846.82,140575.63
1994-09-28,71301.89,107286.33,143429.32
1994-09-29,71166.42,106878.64,142611.77
1994-09-30,71643.23,108310.82,145492.53
1994-10-03,71934.02,108190.6,144736.99
1994-10-04,70099.7,102672.88,133664.61
1994-10-05,70884.82,104972.75,138155.74
1994-10-06,70126.35,102726.33,133720.94
1994-10-07,70953.84,105150.67,138441.29
1994-10-10,71961.38,108126.44,144325.05
1994-10-11,73321.45,112224.43,152522.71
1994-10-12,73240.8,111977.54,152019.39
1994-10-13,73240.8,111988.73,152034.59
1994-10-14,73043.05,111395.19,150818.31
1994-10-17,72685.14,110303.52,148601.28
1994-10-18,72895.93,110943.28,149894.11
1994-10-19,73945.63,114138.45,156369.54
1994-10-20,73812.53,113716.14,155509.51
1994-10-21,73362.27,112317.43,152648.13
1994-10-24,73046.81,111351.5,150663.71
1994-10-25,72988.37,111173.33,150317.18
1994-10-26,73966.42,114163.9,156374.96
1994-10-27,74291.87,115179.96,158454.75
1994-10-28,75428.54,118715.98,165743.67
1994-10-31,75647.28,119416.4,167202.21
1994-11-01,75599.02,118177.62,164063.07
1994-11-02,75387.34,117515.82,162684.94
1994-11-03,75251.64,117092.77,161806.44
1994-11-04,74017.52,113240.41,153829.39
1994-11-07,73780.66,112527.0,152368.01
1994-11-08,75116.09,116600.48,160641.59
1994-11-09,75281.35,117101.86,161685.76
1994-11-10,74874.83,115837.16,159066.45
1994-11-11,74627.74,115072.63,157491.69
1994-11-14,75993.43,119272.78,166122.24
1994-11-15,75925.03,119046.17,165657.1
1994-11-16,76099.66,119593.78,166783.56
1994-11-17,75780.04,118589.19,164682.09
1994-11-18,76045.27,119431.17,166427.72
1994-11-21,75467.33,117603.88,162616.53
1994-11-22,73376.88,111076.86,149086.83
1994-11-23,73237.47,110654.77,148237.04
1994-11-25,73977.17,112878.93,152713.8
1994-11-28,74465.42,114368.93,155737.53
1994-11-29,75440.91,117365.4,161842.44
1994-11-30,74648.78,114912.46,156760.59
1994-12-01,73983.98,111846.22,149963.7
1994-12-02,74627.64,113803.52,153892.74
1994-12-05,74754.5,114179.08,154662.21
1994-12-06,74246.17,112626.24,151522.57
1994-12-07,73459.16,110238.56,146719.3
1994-12-08,71703.49,104969.16,136214.2
1994-12-09,72133.71,106239.29,138679.68
1994-12-12,72176.99,106377.4,138943.17
1994-12-13,71924.37,105643.4,137498.16
1994-12-14,72686.77,107893.6,141884.35
1994-12-15,73064.74,109026.48,144111.93
1994-12-16,72750.56,108088.85,142252.89
1994-12-19,72452.29,107213.33,140517.4
1994-12-20,72488.51,107320.55,140728.18
1994-12-21,73822.3,111269.94,148496.38
1994-12-22,74191.41,112393.77,150738.67
1994-12-23,74443.66,113158.05,152261.13
1994-12-27,74979.66,114787.52,155534.75
1994-12-28,74282.35,112641.0,151179.77
1994-12-29,75404.01,116042.76,158028.22
1994-12-30,75026.99,114882.33,155641.99
1995-01-03,74356.32,111805.48,148881.39
1995-01-04,74661.18,112733.46,150727.52
1995-01-05,74355.07,111809.05,148888.64
1995-01-06,75024.27,113810.43,152893.75
1995-01-09,75384.38,114914.39,155110.71
1995-01-10,76138.23,117212.68,159764.03
1995-01-11,76046.86,116943.09,159204.85
1995-01-12,76084.88,117071.73,159459.58
1995-01-13,76678.35,118886.34,163174.99
1995-01-16,77268.77,120717.19,166960.65
1995-01-17,77871.47,122612.45,170884.22
1995-01-18,78315.33,124010.23,173806.34
1995-01-19,78049.06,123166.96,172033.52
1995-01-20,76612.96,118622.1,162520.07
1995-01-23,76942.39,119642.25,164616.57
1995-01-24,77265.55,120635.28,166674.28
1995-01-25,76755.6,119042.89,163374.13
1995-01-26,75941.99,116507.28,158162.5
1995-01-27,76078.69,116915.06,159000.76
1995-01-30,75051.62,113746.66,152545.33
1995-01-31,75727.09,115794.1,156664.05
1995-02-01,76554.87,117282.6,159175.75
1995-02-02,77320.41,119639.98,163966.94
1995-02-03,78255.99,122547.23,169935.34
1995-02-06,79155.93,125365.82,175798.11
1995-02-07,79084.69,125152.69,175341.03
1995-02-08,80041.62,128181.39,181705.91
1995-02-09,80185.69,128642.84,182687.12
1995-02-10,81003.59,131267.16,188259.08
1995-02-13,80630.97,130046.37,185642.28
1995-02-14,80824.49,130683.6,186997.47
1995-02-15,81325.6,132317.14,190494.32
1995-02-16,81016.56,131324.76,188341.73
1995-02-17,80036.26,128159.84,181523.76
1995-02-21,79876.19,127660.01,180452.77
1995-02-22,80698.91,130302.58,186046.81
1995-02-23,81037.85,131410.15,188409.6
1995-02-24,80543.52,129820.09,184980.55
1995-02-27,79850.84,127600.16,180226.55
1995-02-28,81304.13,132257.57,190084.94
1995-03-01,81296.94,131098.1,187021.0
1995-03-02,81654.65,132238.65,189470.98
1995-03-03,82601.84,135306.59,196045.62
1995-03-06,82709.23,135658.39,196790.59
1995-03-07,81741.53,132483.98,189883.24
1995-03-08,82665.21,135478.12,196320.29
1995-03-09,82665.21,135478.12,196339.92
1995-03-10,83557.99,138417.99,202720.96
1995-03-13,83382.52,137822.8,201423.55
1995-03-14,84416.46,141227.02,208896.36
1995-03-15,83901.52,139518.17,205094.45
1995-03-16,84111.28,140215.76,206632.66
1995-03-17,83968.29,139753.05,205599.5
1995-03-20,84472.1,141430.09,209300.29
1995-03-21,84573.46,141755.38,210032.84
1995-03-22,84573.46,141755.38,210032.84
1995-03-23,84894.84,142832.72,212406.21
1995-03-24,86142.8,147046.28,221794.56
1995-03-27,86461.52,148134.42,224256.48
1995-03-28,87109.99,150356.44,229279.83
1995-03-29,85472.32,144688.0,216325.52
1995-03-30,84822.73,142474.28,211371.66
1995-03-31,84585.22,141662.17,209575.0
1995-04-03,85340.48,143015.15,211965.68
1995-04-04,84077.44,138781.9,202575.6
1995-04-05,84607.13,140544.43,206424.54
1995-04-06,83701.83,137550.83,199818.95
1995-04-07,84480.26,140109.28,205393.9
1995-04-10,85494.02,143485.91,212808.62
1995-04-11,86246.37,146025.61,218448.05
1995-04-12,86944.97,148376.62,223734.49
1995-04-13,87318.83,149637.83,226598.29
1995-04-17,86960.82,148425.76,223833.79
1995-04-18,86273.83,146065.79,218506.55
1995-04-19,85066.0,141961.34,209307.42
1995-04-20,85440.29,143196.4,212049.35
1995-04-21,85884.58,144685.65,215357.32
1995-04-24,86846.49,147941.07,222614.86
1995-04-25,87358.88,149686.78,226555.14
1995-04-26,88110.17,152246.42,232377.61
1995-04-27,88550.72,153768.89,235863.28
1995-04-28,89356.53,156552.1,242278.76
1995-05-01,89182.6,154696.32,237340.51
1995-05-02,89057.75,154247.7,236319.95
1995-05-03,90883.43,160571.86,250877.26
1995-05-04,90728.93,160009.86,249572.7
1995-05-05,90003.1,157449.7,243582.95
1995-05-08,91245.14,161795.31,253642.93
1995-05-09,91099.15,161261.39,252400.08
1995-05-10,90497.9,159148.86,247427.79
1995-05-11,91773.92,163652.78,257918.73
1995-05-12,92462.22,166123.93,263747.7
1995-05-15,93063.22,168283.54,268917.15
1995-05-16,93965.94,171531.42,276715.75
1995-05-17,94661.29,174087.23,282886.51
1995-05-18,93383.36,169386.88,271457.9
1995-05-19,93738.22,170674.22,274552.52
1995-05-22,94741.21,174309.58,283338.2
1995-05-23,96276.02,179957.21,297136.77
1995-05-24,95775.39,178085.66,292501.43
1995-05-25,95995.67,178904.85,294548.94
1995-05-26,94920.52,174915.27,284681.55
1995-05-30,92243.76,165050.05,260625.96
1995-05-31,93396.81,169176.3,270399.44
1995-06-01,94450.8,171661.51,275667.27
1995-06-02,94771.93,172845.98,278506.64
1995-06-05,96345.14,178567.18,292348.42
1995-06-06,95246.81,174513.7,282379.34
1995-06-07,95637.32,175944.72,285852.6
1995-06-08,96354.6,178566.29,292255.7
1995-06-09,96267.88,178244.87,291466.61
1995-06-12,96518.18,179153.92,293710.9
1995-06-13,97213.11,181751.66,300084.43
1995-06-14,97358.93,182296.91,301464.82
1995-06-15,98498.03,186544.43,312016.09
1995-06-16,99571.66,190611.1,322219.01
1995-06-19,102060.95,200160.71,346417.66
1995-06-20,103795.99,206966.18,364084.96
1995-06-21,103017.52,203882.38,355929.46
1995-06-22,105046.96,211915.35,376929.3
1995-06-23,104773.84,210834.58,374026.94
1995-06-26,103202.23,204509.54,357195.73
1995-06-27,101540.67,197924.33,339907.46
1995-06-28,102078.84,200022.33,345345.97
1995-06-29,103150.67,204222.8,356189.84
1995-06-30,103501.38,205611.52,359822.97
1995-07-03,104178.18,206832.91,362196.65
1995-07-05,105032.44,210224.97,371106.69
1995-07-06,107059.57,218339.65,392593.77
1995-07-07,109703.94,229125.63,421724.23
1995-07-10,110866.8,233960.18,435092.88
1995-07-11,109015.33,226145.91,413294.73
1995-07-12,112056.86,238764.85,447887.5
1995-07-13,112740.4,241677.78,456083.84
1995-07-14,114014.37,247139.7,471545.08
1995-07-17,115382.54,253046.34,488473.55
1995-07-18,111817.22,237408.07,443192.05
1995-07-19,107668.8,219816.14,393909.1
1995-07-20,106376.78,214518.57,379688.98
1995-07-21,105887.44,212523.54,374411.3
1995-07-24,108756.99,224063.57,404888.38
1995-07-25,110703.74,232085.05,426630.89
1995-07-26,111500.81,235427.07,435846.12
1995-07-27,112928.02,241477.55,452626.19
1995-07-28,110985.66,233146.57,429225.42
1995-07-31,109964.59,228833.36,417335.87
1995-08-01,108586.69,221536.03,396526.24
1995-08-02,107099.05,215465.94,380268.67
1995-08-03,107388.22,216629.46,383386.87
1995-08-04,108848.7,222521.78,399029.06
1995-08-07,109447.37,224969.52,405573.13
1995-08-08,109852.32,226611.8,410034.44
1995-08-09,111752.77,234452.56,431315.22
1995-08-10,110635.24,229786.96,418418.9
1995-08-11,111774.79,234543.55,431389.88
1995-08-14,113540.83,241955.12,451837.76
1995-08-15,113404.58,241398.63,450256.33
1995-08-16,115808.75,251633.93,478892.63
1995-08-17,115774.01,251508.11,478509.52
1995-08-18,115623.51,250879.34,476691.18
1995-08-21,112397.61,236855.19,436744.46
1995-08-22,114409.53,245334.6,460197.64
1995-08-23,114809.96,247051.94,465029.72
1995-08-24,113225.58,240233.31,445777.49
1995-08-25,112636.81,237710.86,438778.78
1995-08-28,109911.0,226205.65,406879.56
1995-08-29,110064.87,226816.41,408547.77
1995-08-30,111231.56,231624.92,421539.59
1995-08-31,111999.06,234821.34,430223.3
1995-09-01,111801.57,232426.89,422754.92
1995-09-05,116117.11,250393.49,471752.22
1995-09-06,115873.26,249341.84,468827.35
1995-09-07,116846.6,253555.71,480688.69
1995-09-08,117851.48,257891.52,493042.38
1995-09-11,118923.93,262559.35,506453.14
1995-09-12,118186.6,259329.87,497083.75
1995-09-13,118517.52,260782.12,501308.97
1995-09-14,117818.27,257704.89,492435.8
1995-09-15,114872.81,244819.65,455503.11
1995-09-18,115286.35,246582.35,460422.55
1995-09-19,117211.63,254842.86,483535.76
1995-09-20,117633.6,256677.72,488757.94
1995-09-21,116010.25,249567.75,468474.49
1995-09-22,115581.01,247720.95,463274.42
1995-09-25,114667.92,243782.19,452248.49
1995-09-26,113268.98,237833.9,435741.42
1995-09-27,112385.48,234099.91,425501.5
1995-09-28,116139.15,249714.37,468094.2
1995-09-29,114118.33,241024.31,443659.68
1995-10-02,112417.66,232273.93,418620.5
1995-10-03,112282.76,231693.25,417071.6
1995-10-04,109509.37,220247.6,386124.89
1995-10-05,112203.3,231083.78,414620.91
1995-10-06,111159.81,226785.62,403052.98
1995-10-09,107146.94,210411.7,359402.35
1995-10-10,107896.97,213357.47,366949.8
1995-10-11,110551.24,223875.99,394067.39
1995-10-12,112264.78,230838.53,412430.93
1995-10-13,111658.55,228345.48,405749.54
1995-10-16,111357.07,227112.41,402462.97
1995-10-17,115466.15,243873.31,447015.62
1995-10-18,117140.41,250945.63,466460.8
1995-10-19,117784.68,253706.03,474157.41
1995-10-20,115923.68,245688.92,451634.93
1995-10-23,116225.09,246941.94,455112.52
1995-10-24,116411.05,247732.15,457342.57
1995-10-25,114466.98,239482.67,434475.44
1995-10-26,114100.69,237949.98,430347.93
1995-10-27,116268.6,246992.08,454877.76
1995-10-30,118931.15,258279.62,486082.37
1995-10-31,117301.79,251202.76,466104.39
1995-11-01,118225.88,253489.85,471597.05
1995-11-02,120933.25,265125.03,504042.93
1995-11-03,122311.89,271169.88,521331.6
1995-11-06,121137.7,265936.3,506265.12
1995-11-07,117297.63,249102.53,458169.93
1995-11-08,117790.28,251195.0,463897.06
1995-11-09,121371.11,266492.77,506250.86
1995-11-10,120715.7,263614.65,498049.59
1995-11-13,119677.55,259080.48,485150.11
1995-11-14,116398.38,244908.78,445319.29
1995-11-15,116747.58,246402.72,449371.69
1995-11-16,116397.34,244924.3,445327.35
1995-11-17,115826.99,242524.04,438781.03
1995-11-20,112456.42,228409.14,400475.45
1995-11-21,112962.48,230441.99,405841.82
1995-11-22,111945.82,226294.03,394843.51
1995-11-24,113770.53,233671.22,414151.36
1995-11-27,112905.88,230096.05,404667.29
1995-11-28,117647.92,249424.11,455614.9
1995-11-29,117953.81,250746.06,459214.26
1995-11-30,116797.86,245856.51,445759.28
1995-12-01,115972.39,240788.86,431131.09
1995-12-04,118141.08,249794.36,455317.55
1995-12-05,116806.08,244149.01,439836.75
1995-12-06,116560.79,243123.58,437065.78
1995-12-07,116001.3,240765.28,430728.32
1995-12-08,118425.73,250805.19,457691.92
1995-12-11,117774.39,248071.42,450185.77
1995-12-12,115583.78,238867.97,425110.42
1995-12-13,116080.79,240898.35,430551.84
1995-12-14,111878.67,223481.4,383836.96
1995-12-15,111285.71,221112.49,377733.95
1995-12-18,108269.87,209150.31,347061.96
1995-12-19,113596.75,229730.7,398288.3
1995-12-20,111654.24,221850.93,377816.28
1995-12-21,114735.9,234097.11,409137.25
1995-12-22,115607.89,237655.38,418465.58
1995-12-26,115584.77,237584.09,418256.35
1995-12-27,114648.53,233758.98,408134.55
1995-12-28,112986.13,226979.97,390380.69
1995-12-29,113833.52,230361.97,399125.22
1996-01-02,116265.76,238642.02,419846.26
1996-01-03,113556.77,227521.3,390499.0
1996-01-04,111807.99,220513.65,372457.95
1996-01-05,112132.24,221814.68,375735.58
1996-01-08,111739.78,220261.97,371752.78
1996-01-09,106041.05,197795.25,314874.61
1996-01-10,106210.71,198447.98,316417.49
1996-01-11,110161.75,213212.51,351729.68
1996-01-12,109666.02,211293.59,346981.33
1996-01-15,106036.08,197327.09,312560.78
1996-01-16,108337.06,205891.08,332939.75
1996-01-17,108228.72,205479.3,331940.93
1996-01-18,109982.03,212116.28,348040.06
1996-01-19,112027.69,220007.01,367495.5
1996-01-22,113338.42,225155.17,380394.6
1996-01-23,112567.72,222070.55,372596.51
1996-01-24,115505.73,233640.42,401733.55
1996-01-25,113542.14,225720.01,381285.32
1996-01-26,114495.89,229489.54,390855.58
1996-01-29,114335.6,228846.97,389174.9
1996-01-30,115879.13,235002.95,404897.56
1996-01-31,117431.91,241301.03,421174.45
1996-02-01,119936.75,250022.26,443179.84
1996-02-02,119840.8,249647.23,442160.53
1996-02-05,122645.08,261305.76,473155.98
1996-02-06,123393.21,264467.55,481767.42
1996-02-07,122566.48,260950.14,472132.07
1996-02-08,124306.92,268361.12,492244.9
1996-02-09,124145.32,267690.22,490374.37
1996-02-12,124604.66,269644.36,495768.49
1996-02-13,123258.93,263820.04,479705.59
1996-02-14,123074.04,263002.2,477498.94
1996-02-15,123603.26,265237.71,483610.93
1996-02-16,123368.41,264229.81,480805.98
1996-02-20,122924.29,262353.78,475661.36
1996-02-21,125001.71,271247.57,499824.96
1996-02-22,128214.25,285189.7,538361.46
1996-02-23,128047.57,284476.72,536315.69
1996-02-26,127112.82,280351.81,524624.01
1996-02-27,125752.72,274352.28,507783.58
1996-02-28,125815.59,274654.07,508596.03
1996-02-29,124104.5,267156.01,487794.45
1996-03-01,120990.97,252131.96,445812.83
1996-03-04,120337.62,249408.94,438590.67
1996-03-05,123213.69,261330.69,470037.62
1996-03-06,121599.59,254509.96,451612.14
1996-03-07,121940.07,255935.21,455405.68
1996-03-08,118367.22,240963.0,415421.07
1996-03-11,121125.18,252167.78,444417.46
1996-03-12,119829.14,246796.61,430196.1
1996-03-13,122980.65,259753.43,464095.55
1996-03-14,122144.38,256220.78,454628.0
1996-03-15,124379.62,265572.84,479541.61
1996-03-18,126693.08,275452.15,506252.08
1996-03-19,125920.25,272091.64,496987.67
1996-03-20,123087.05,259874.72,463490.7
1996-03-21,122336.22,256704.25,455008.82
1996-03-22,122605.36,257859.42,458057.38
1996-03-25,119589.27,245198.52,424298.55
1996-03-26,120438.35,248704.86,433378.54
1996-03-27,121630.69,253654.09,446293.22
1996-03-28,121630.69,253679.45,446337.85
1996-03-29,121946.93,255023.95,449863.92
1996-04-01,123108.14,258283.61,457659.81
1996-04-02,123674.44,260659.82,463975.52
1996-04-03,124230.97,263005.76,470192.79
1996-04-04,124119.17,262532.35,468876.25
1996-04-08,122629.74,256257.83,452043.59
1996-04-09,122715.58,256642.21,453038.09
1996-04-10,122322.89,254999.7,448688.92
1996-04-11,121307.61,250792.21,437561.44
1996-04-12,121501.7,251594.74,439705.49
1996-04-15,122716.72,256601.48,452852.68
1996-04-16,125698.73,269072.31,485910.93
1996-04-17,124642.86,264578.8,473714.57
1996-04-18,127198.04,275426.53,502848.01
1996-04-19,127109.0,275040.94,501842.32
1996-04-22,129371.54,284832.39,528690.88
1996-04-23,131415.61,293861.58,553803.7
1996-04-24,133321.14,302412.95,577949.54
1996-04-25,133854.43,304832.26,584942.73
1996-04-26,133854.43,304801.77,584884.23
1996-04-29,133921.35,305137.05,585820.05
1996-04-30,133867.78,304892.94,585117.06
1996-05-01,135698.03,311470.26,603068.45
1996-05-02,132346.28,296083.63,558381.08
1996-05-03,133219.77,299991.94,569437.03
1996-05-06,133592.78,301671.89,574220.3
1996-05-07,133165.29,299741.19,568765.2
1996-05-08,133711.27,302199.07,575761.02
1996-05-09,133510.7,301292.47,573170.09
1996-05-10,135526.71,310391.5,599134.7
1996-05-13,138752.25,325135.1,641853.0
1996-05-14,140139.77,331670.32,661172.78
1996-05-15,139074.71,326628.93,646164.15
1996-05-16,140103.86,331463.04,660444.38
1996-05-17,139207.19,327220.31,647763.85
1996-05-20,139708.34,329543.57,654694.92
1996-05-21,138618.62,324402.69,639375.06
1996-05-22,138729.51,324954.18,640973.5
1996-05-23,139464.78,328398.69,651164.98
1996-05-24,138823.24,325377.42,642178.9
1996-05-28,138045.83,321765.74,631454.51
1996-05-29,136444.5,314268.59,609416.75
1996-05-30,137849.88,320711.1,628186.79
1996-05-31,139531.64,328536.45,651178.42
1996-06-03,139401.5,326042.22,642815.6
1996-06-04,140070.63,329204.83,652136.42
1996-06-05,141443.32,335624.32,671244.02
1996-06-06,138953.92,323776.78,635735.21
1996-06-07,139857.12,327985.88,648068.47
1996-06-10,139325.66,325493.19,640680.49
1996-06-11,139743.64,327478.7,646510.69
1996-06-12,141001.33,333373.31,663966.47
1996-06-13,139929.72,328272.7,648761.64
1996-06-14,137760.81,318096.25,618659.1
1996-06-17,137223.54,315583.29,611358.92
1996-06-18,134726.07,304064.5,577917.59
1996-06-19,135062.89,305584.82,582194.18
1996-06-20,134401.08,302590.09,573635.93
1996-06-21,136040.78,309943.03,594573.64
1996-06-24,136979.46,314220.24,606881.31
1996-06-25,135130.23,305736.3,582363.31
1996-06-26,133441.11,298092.89,560524.68
1996-06-27,135762.98,308436.71,589728.02
1996-06-28,137012.0,314081.1,605945.54
1996-07-01,139492.17,323641.04,632704.63
1996-07-02,138097.25,317135.85,613660.22
1996-07-03,136812.95,311237.13,596539.1
1996-07-05,133529.44,296297.75,553647.94
1996-07-08,133182.26,294786.63,549384.85
1996-07-09,134154.49,299061.03,561361.44
1996-07-10,133483.72,296070.42,552941.02
1996-07-11,129078.76,276559.38,498255.15
1996-07-12,128936.77,275923.3,496561.09
1996-07-15,123211.98,251448.9,430468.81
1996-07-16,124702.84,257559.11,446137.87
1996-07-17,128169.58,271853.64,483301.15
1996-07-18,130694.52,282564.67,511864.25
1996-07-19,128524.99,273183.52,486373.41
1996-07-22,126699.94,265397.79,465605.27
1996-07-23,121479.9,243555.56,408103.02
1996-07-24,122840.47,249011.2,421815.28
1996-07-25,125960.62,261636.07,453915.42
1996-07-26,128605.8,272598.62,482466.7
1996-07-29,125995.1,261503.86,453036.23
1996-07-30,127985.82,269767.38,474510.15
1996-07-31,129137.69,274650.17,487369.38
1996-08-01,132710.11,288192.28,522508.1
1996-08-02,136134.03,303034.19,562897.98
1996-08-05,134745.46,296852.29,545673.3
1996-08-06,136914.86,306440.62,572083.89
1996-08-07,139091.81,316185.43,599372.29
1996-08-08,138104.26,311695.6,586605.66
1996-08-09,138269.98,312412.5,588658.78
1996-08-12,138491.21,313412.22,591484.34
1996-08-13,136400.0,303915.83,564630.95
1996-08-14,138050.44,311240.2,585070.59
1996-08-15,138036.63,311177.95,584836.56
1996-08-16,137056.57,306759.22,572379.54
1996-08-19,136645.4,304918.67,567170.89
1996-08-20,135142.3,298210.46,548454.25
1996-08-21,136074.78,302295.94,559752.41
1996-08-22,138973.18,315173.75,595520.59
1996-08-23,138139.34,311423.18,584860.77
1996-08-26,137186.18,307156.68,572812.64
1996-08-27,138434.57,312746.93,588450.42
1996-08-28,138559.16,313309.88,590039.24
1996-08-29,136813.32,305414.47,567735.76
1996-08-30,135281.01,298573.19,548603.06
1996-09-03,136948.72,304217.24,563324.83
1996-09-04,136935.03,304125.98,563099.5
1996-09-05,133484.27,288798.03,520472.87
1996-09-06,135913.68,299339.16,548942.73
1996-09-09,137503.87,306343.69,568155.73
1996-09-10,137435.12,306037.35,567303.5
1996-09-11,138149.78,309189.54,576096.7
1996-09-12,140304.92,318836.25,603058.03
1996-09-13,144850.8,339496.84,661675.27
1996-09-16,145126.01,340786.93,665512.98
1996-09-17,147839.87,353532.36,702914.81
1996-09-18,148889.53,358552.52,717886.9
1996-09-19,150750.65,367552.18,744879.44
1996-09-20,152107.41,374204.88,765065.68
1996-09-23,150053.96,364138.77,734157.02
1996-09-24,150699.19,367306.77,743701.07
1996-09-25,152567.86,376415.98,771366.74
1996-09-26,152339.01,375286.73,767895.59
1996-09-27,152369.47,375399.32,768279.54
1996-09-30,150906.73,368191.65,746153.09
1996-10-01,150770.82,365594.64,737319.93
1996-10-02,153454.54,378573.25,776619.08
1996-10-03,152579.85,374257.52,763338.89
1996-10-04,155829.8,390200.89,812116.25
1996-10-07,157029.69,396209.98,830876.13
1996-10-08,154627.14,384085.96,792655.83
1996-10-09,154781.76,384815.72,794954.53
1996-10-10,154255.5,382237.46,786925.49
1996-10-11,157170.93,396686.03,831544.17
1996-10-14,158475.45,403271.02,852249.62
1996-10-15,159109.35,406497.19,862476.61
1996-10-16,157581.9,398692.44,837637.29
1996-10-17,155139.38,386372.84,798770.92
1996-10-18,155356.58,387454.69,802125.76
1996-10-21,153197.12,376644.7,768596.9
1996-10-22,151220.88,366927.27,738775.34
1996-10-23,153897.49,379953.19,778078.19
1996-10-24,153635.86,378661.35,774032.18
1996-10-25,152637.23,373738.75,758938.55
1996-10-28,152240.37,371832.68,753094.73
1996-10-29,150093.79,361384.18,721314.13
1996-10-30,151144.44,366479.7,736533.86
1996-10-31,154348.7,382055.09,783451.06
1996-11-01,155576.49,386151.11,794926.38
1996-11-04,155732.07,386884.79,797231.66
1996-11-05,158550.82,400851.33,840441.62
1996-11-06,162054.79,418568.96,896162.9
1996-11-07,163804.98,427651.91,925288.19
1996-11-08,164476.58,431115.89,936576.71
1996-11-11,165726.61,437668.85,957930.66
1996-11-12,163539.02,426114.39,919996.61
1996-11-13,164487.54,431057.32,936004.55
1996-11-14,166757.47,442997.61,974848.74
1996-11-15,164639.65,431701.17,937609.51
1996-11-18,163371.92,425052.97,915950.73
1996-11-19,165936.86,438442.14,959183.61
1996-11-20,166467.86,441292.01,968487.69
1996-11-21,164836.48,432642.69,940014.15
1996-11-22,168545.3,452154.88,1003559.11
1996-11-25,169101.5,455184.31,1013594.7
1996-11-26,169980.83,459918.23,1029406.78
1996-11-27,171391.67,467552.87,1055039.01
1996-11-29,171734.45,469376.33,1061263.74
1996-12-02,174421.83,481858.18,1102323.11
1996-12-03,173026.45,474196.63,1075977.59
1996-12-04,172351.65,470497.9,1063388.65
1996-12-05,172592.94,471815.29,1067748.54
1996-12-06,170815.23,462095.9,1034861.89
1996-12-09,176896.26,494997.12,1145281.65
1996-12-10,175304.19,486136.67,1114473.58
1996-12-11,176829.34,494644.07,1143672.78
1996-12-12,174141.53,479606.89,1091521.3
1996-12-13,171059.23,462628.8,1033561.52
1996-12-16,166132.72,436027.65,944365.16
1996-12-17,168441.96,448149.22,983650.75
1996-12-18,172720.39,470960.01,1058703.31
1996-12-19,174205.79,479060.52,1085911.98
1996-12-20,172202.42,468090.04,1048556.61
1996-12-23,170290.97,457698.44,1013639.67
1996-12-24,172487.73,469461.29,1052766.17
1996-12-26,174057.36,477958.54,1081401.41
1996-12-27,172456.04,469116.3,1051446.59
1996-12-30,170662.49,459358.69,1018536.31
1996-12-31,169604.39,453662.64,999591.53
1997-01-02,168913.66,447804.36,979089.61
1997-01-03,175636.42,483449.59,1096090.82
1997-01-06,176707.8,489347.67,1116149.28
1997-01-07,179058.02,502315.39,1160572.02
1997-01-08,176676.54,489004.03,1114381.26
1997-01-09,177471.59,493405.06,1129536.84
1997-01-10,179264.05,503322.51,1163648.85
1997-01-13,179013.08,501913.2,1158761.53
1997-01-14,182539.64,521688.58,1227128.46
1997-01-15,178943.61,501134.05,1154605.17
1997-01-16,180929.88,512259.23,1193168.98
1997-01-17,182956.3,523785.06,1233378.77
1997-01-20,186340.99,543112.73,1301707.96
1997-01-21,189229.27,560003.54,1362367.55
1997-01-22,191670.33,574451.63,1415091.17
1997-01-23,189025.28,558596.76,1356506.4
1997-01-24,186057.58,541000.96,1292479.3
1997-01-27,184290.04,530721.95,1255514.39
1997-01-28,184492.76,531889.53,1259657.59
1997-01-29,184843.29,533857.53,1266711.67
1997-01-30,188835.91,556866.79,1348667.91
1997-01-31,190875.33,568895.11,1392364.75
1997-02-03,190648.11,565010.77,1376846.81
1997-02-04,190285.88,562920.23,1369136.47
1997-02-05,184272.84,527399.96,1239479.24
1997-02-06,183885.87,525184.88,1231670.52
1997-02-07,186864.82,542148.35,1291406.55
1997-02-10,181090.7,508697.8,1171822.3
1997-02-11,181018.26,508290.84,1170416.11
1997-02-12,186991.87,541888.86,1286404.35
1997-02-13,188487.8,550559.09,1317278.05
1997-02-14,186866.8,541089.47,1283292.28
1997-02-18,186380.95,538221.7,1273154.27
1997-02-19,186399.59,538383.16,1273663.53
1997-02-20,182783.44,517493.9,1199536.31
1997-02-21,179475.06,498760.62,1134281.54
1997-02-24,182795.35,517164.88,1197120.74
1997-02-25,183160.94,519233.54,1204423.17
1997-02-26,182886.19,517727.77,1199123.71
1997-02-27,176192.56,479830.09,1067340.02
1997-02-28,176597.8,482037.31,1074811.4
1997-03-03,178266.65,488906.8,1096602.56
1997-03-04,179514.52,495702.61,1119521.55
1997-03-05,181596.88,507252.48,1158592.86
1997-03-06,177311.2,483310.16,1076680.34
1997-03-07,175130.27,471420.73,1036950.84
1997-03-10,178002.41,486883.33,1088072.51
1997-03-11,176685.19,479677.46,1063917.3
1997-03-12,174776.99,469316.43,1029339.99
1997-03-13,175021.68,470630.51,1033663.22
1997-03-14,174706.64,468936.24,1028081.44
1997-03-17,173308.98,461386.37,1003304.68
1997-03-18,172338.45,456218.84,986449.16
1997-03-19,169046.79,438836.9,930024.26
1997-03-20,171109.16,449588.41,964156.16
1997-03-21,169226.96,439742.42,932435.42
1997-03-24,167077.78,428528.99,896816.38
1997-03-25,168080.24,433671.34,912959.08
1997-03-26,173744.55,462900.79,1005259.24
1997-03-27,170495.52,445542.01,948763.67
1997-03-31,165977.39,421928.28,873431.84
1997-04-01,166427.45,422132.58,873057.91
1997-04-02,163731.32,408497.7,830714.6
1997-04-03,168070.21,430107.23,896673.34
1997-04-04,171767.75,449074.95,955943.44
1997-04-07,173846.14,459897.66,990548.6
1997-04-08,175532.45,468773.69,1019274.51
1997-04-09,173110.1,455788.65,976974.61
1997-04-10,169924.87,438970.05,922947.92
1997-04-11,165014.04,413641.48,843020.63
1997-04-14,168528.84,431262.61,896889.65
1997-04-15,166691.88,421861.08,867561.35
1997-04-16,166825.23,422536.06,869643.5
1997-04-17,168827.14,432676.93,900863.7
1997-04-18,170549.17,441460.27,928340.05
1997-04-21,167632.78,426406.47,880809.04
1997-04-22,170884.86,442951.04,932072.12
1997-04-23,175037.36,464478.47,1000020.18
1997-04-24,174984.85,464246.23,999220.16
1997-04-25,170977.7,442983.75,930573.74
1997-04-28,173234.6,454678.52,967517.52
1997-04-29,178847.4,484141.69,1061560.22
1997-04-30,182710.51,505056.61,1130243.16
1997-05-01,184749.47,514100.52,1159350.97
1997-05-02,190476.71,546026.16,1267286.54
1997-05-05,195352.91,573982.7,1364614.15
1997-05-06,191602.14,551999.16,1286148.83
1997-05-07,190433.36,545209.57,1262483.7
1997-05-08,192547.17,557258.7,1304398.15
1997-05-09,192508.66,556980.07,1303485.08
1997-05-12,193663.72,563663.83,1326947.81
1997-05-13,190720.03,546528.45,1266306.29
1997-05-14,190586.52,545763.31,1263647.05
1997-05-15,195160.6,572014.53,1354756.0
1997-05-16,191706.26,551765.21,1282818.46
1997-05-19,191342.01,549668.51,1275634.67
1997-05-20,197311.89,584022.79,1395161.64
1997-05-21,199067.96,594476.8,1432551.98
1997-05-22,198132.34,588948.16,1412496.25
1997-05-23,200846.76,605085.34,1470549.84
1997-05-27,206189.28,637275.88,1588046.78
1997-05-28,205776.9,634663.05,1578359.69
1997-05-29,203245.84,619113.81,1520276.05
1997-05-30,200806.89,604193.16,1465394.09
1997-06-02,201266.63,604511.75,1465161.14
1997-06-03,195208.51,568120.15,1332710.57
1997-06-04,193568.76,558518.92,1298993.0
1997-06-05,195388.3,569019.07,1335494.7
1997-06-06,198397.28,586601.76,1397328.1
1997-06-09,200401.09,598509.78,1439806.88
1997-06-10,197575.44,581691.65,1379047.03
1997-06-11,199235.07,591405.9,1413661.11
1997-06-12,199434.31,592588.71,1418043.46
1997-06-13,202465.71,610603.41,1482706.24
1997-06-16,204875.05,625135.77,1535638.85
1997-06-17,207702.33,642452.03,1599367.87
1997-06-18,203963.69,619323.76,1513002.0
1997-06-19,206146.1,632577.29,1561569.37
1997-06-20,206043.02,631881.45,1559070.85
1997-06-23,203446.88,615958.04,1500137.98
1997-06-24,207088.58,638009.34,1580845.4
1997-06-25,205576.83,628694.4,1546224.88
1997-06-26,203089.35,613417.13,1489942.3
1997-06-27,202175.45,607896.37,1469977.07
1997-06-30,200982.62,600662.41,1443811.48
1997-07-01,200676.69,596292.99,1426835.31
1997-07-02,205412.66,624438.02,1527855.25
1997-07-03,207651.65,637988.33,1577663.33
1997-07-07,208606.85,643857.82,1599277.32
1997-07-08,211715.09,663044.78,1670765.02
1997-07-09,212625.47,668746.97,1692317.89
1997-07-10,212604.21,668613.22,1691810.19
1997-07-11,213773.53,675967.96,1719894.24
1997-07-14,219310.26,710915.51,1853358.03
1997-07-15,222906.95,734304.63,1944728.58
1997-07-16,232246.75,795912.79,2189375.44
1997-07-17,230458.45,783655.73,2138800.87
1997-07-18,225411.41,749331.61,1998495.53
1997-07-21,222774.1,731797.25,1928348.34
1997-07-22,229613.26,776729.6,2105949.22
1997-07-23,229842.88,778360.73,2112477.66
1997-07-24,228969.48,772445.19,2088395.42
1997-07-25,228442.85,768891.94,2073985.49
1997-07-28,226295.48,754436.77,2015499.1
1997-07-29,228965.77,772316.92,2087049.31
1997-07-30,231713.36,790852.53,2162183.09
1997-07-31,232987.78,799551.91,2197859.11
1997-08-01,233884.71,802852.09,2209790.58
1997-08-04,237088.93,824769.95,2300391.99
1997-08-05,239696.91,842832.41,2376074.89
1997-08-06,240847.46,850839.32,2410052.76
1997-08-07,239546.88,841565.17,2370768.9
1997-08-08,235211.08,811016.36,2241799.07
1997-08-11,232294.46,790903.15,2158404.15
1997-08-12,230110.89,775955.08,2097321.31
1997-08-13,231859.74,787827.2,2145349.97
1997-08-14,232787.18,794208.6,2171308.7
1997-08-15,232787.18,794208.6,2171308.7
1997-08-18,229830.78,774035.7,2088798.97
1997-08-19,236495.87,819007.17,2270733.36
1997-08-20,241533.23,853896.88,2415833.22
1997-08-21,235977.97,814617.62,2249140.73
1997-08-22,234326.12,803212.97,2202133.69
1997-08-25,233670.01,798714.98,2183635.77
1997-08-26,230585.57,777708.78,2097382.15
1997-08-27,230308.86,775842.28,2089831.58
1997-08-28,225817.84,745506.84,1967367.45
1997-08-29,226585.62,750501.74,1987237.86
1997-09-02,233126.1,790955.03,2146359.34
1997-09-03,232636.53,787633.02,2132837.27
1997-09-04,233776.45,795351.82,2164189.98
1997-09-05,234898.58,802987.2,2195570.74
1997-09-08,236307.97,812623.05,2235091.01
1997-09-09,238198.44,825543.75,2288509.69
1997-09-10,233172.45,790705.81,2143647.02
1997-09-11,233615.48,793710.49,2155865.81
1997-09-12,233825.73,795139.17,2161686.65
1997-09-15,228377.59,758085.68,2010584.75
1997-09-16,236028.24,808953.23,2212849.58
1997-09-17,234352.44,797546.99,2165937.17
1997-09-18,234493.05,798504.05,2169835.85
1997-09-19,236486.24,811998.77,2224949.68
1997-09-22,237526.78,819225.56,2254541.52
1997-09-23,239925.8,835855.84,2323079.58
1997-09-24,235871.06,807603.91,2205531.75
1997-09-25,233889.74,794036.16,2149731.8
1997-09-26,233959.91,794512.58,2151666.56
1997-09-29,236486.67,811674.06,2221380.55
1997-09-30,231922.48,780343.44,2092762.62
1997-10-01,233445.14,787792.94,2121103.01
1997-10-02,235732.9,803312.46,2183675.55
1997-10-03,238184.52,820021.36,2251587.86
1997-10-06,238494.16,822235.42,2260594.21
1997-10-07,241642.29,843860.21,2349887.68
1997-10-08,242608.86,850695.48,2378321.32
1997-10-09,243215.38,854948.96,2396158.73
1997-10-10,241002.12,839388.89,2330743.6
1997-10-13,241580.52,843417.95,2347291.88
1997-10-14,239672.04,830007.61,2291426.33
1997-10-15,237059.61,811913.44,2216267.55
1997-10-16,232887.36,783334.09,2099248.62
1997-10-17,227740.55,748789.06,1960278.36
1997-10-20,230518.99,767059.51,2032024.55
1997-10-21,235244.63,798508.95,2156994.06
1997-10-22,232727.51,781500.71,2087970.25
1997-10-23,227630.78,747270.98,1950790.61
1997-10-24,223965.92,723208.85,1856567.42
1997-10-27,207347.65,615812.34,1443109.86
1997-10-28,221758.31,701471.83,1744142.57
1997-10-29,218121.47,678463.56,1658505.17
1997-10-30,211970.45,640198.21,1518029.78
1997-10-31,215976.69,664397.71,1604102.07
1997-11-03,223079.23,705456.47,1751423.16
1997-11-04,222409.99,701294.27,1735835.5
1997-11-05,222254.3,700382.59,1732363.82
1997-11-06,219542.8,683293.25,1669132.54
1997-11-07,218291.41,675572.04,1640757.29
1997-11-10,214733.26,653548.39,1560360.18
1997-11-11,214604.42,652829.49,1557707.57
1997-11-12,208058.98,613006.89,1415177.33
1997-11-13,212885.95,641511.71,1513815.19
1997-11-14,218186.81,673394.84,1626745.8
1997-11-17,222834.19,702014.12,1730532.18
1997-11-18,219981.91,684112.76,1664252.8
1997-11-19,220575.86,687806.97,1677733.25
1997-11-20,225538.82,718758.29,1790980.24
1997-11-21,224275.8,710780.07,1761070.87
1997-11-24,218668.91,675312.14,1629166.66
1997-11-25,220330.79,685576.89,1666311.66
1997-11-26,221652.78,693735.25,1696138.64
1997-11-28,222982.69,702060.08,1726669.14
1997-12-01,229583.77,740990.11,1868797.01
1997-12-02,223798.26,703718.31,1727702.83
1997-12-03,225834.83,716525.98,1774696.35
1997-12-04,223960.4,704560.0,1730328.94
1997-12-05,227678.14,728021.85,1816672.36
1997-12-08,230364.74,745203.16,1881164.23
1997-12-09,223499.87,700789.05,1713176.26
1997-12-10,219789.77,677522.86,1627688.77
1997-12-11,213130.14,636464.97,1479569.09
1997-12-12,208164.21,606742.06,1375999.25
1997-12-15,209413.2,614022.96,1400904.84
1997-12-16,212156.51,630171.77,1456100.49
1997-12-17,209249.96,612905.06,1396109.15
1997-12-18,205671.79,591882.42,1324349.14
1997-12-19,206329.94,595729.65,1337195.32
1997-12-22,207567.92,602818.84,1361131.12
1997-12-23,202005.1,570568.03,1251832.29
1997-12-24,199762.84,557844.36,1210021.09
1997-12-26,202979.02,575751.16,1268344.11
1997-12-29,208175.29,605287.2,1365879.77
1997-12-30,212422.06,629922.39,1449335.03
1997-12-31,210786.41,620284.58,1416000.32
1998-01-02,215005.05,642636.19,1491291.54
1998-01-05,216961.6,654332.17,1532003.8
1998-01-06,214596.72,640002.3,1481754.07
1998-01-07,211377.77,620802.23,1415075.14
1998-01-08,212096.45,625023.68,1429367.4
1998-01-09,203909.53,576834.36,1263989.59
1998-01-12,207110.91,594889.27,1323397.1
1998-01-13,212205.84,624157.82,1421063.81
1998-01-14,212481.71,625843.05,1426748.06
1998-01-15,212311.72,624841.7,1423323.87
1998-01-16,214498.53,637775.93,1467446.91
1998-01-20,218981.55,664434.96,1559455.83
1998-01-21,218893.96,663969.85,1557740.43
1998-01-22,217646.26,656334.2,1530947.29
1998-01-23,218473.32,661256.71,1548246.99
1998-01-26,216747.38,650808.85,1511708.37
1998-01-27,220865.58,675604.67,1598026.91
1998-01-28,226718.52,711411.72,1725070.05
1998-01-29,227942.8,719166.1,1753188.7
1998-01-30,228398.68,722042.77,1763707.83
1998-02-02,235284.96,762860.65,1911695.6
1998-02-03,237473.11,777126.15,1965223.08
1998-02-04,240299.04,795544.04,2035185.02
1998-02-05,238256.49,782019.79,1983084.28
1998-02-06,242425.98,809312.28,2086997.9
1998-02-09,239953.24,792721.38,2022927.06
1998-02-10,243600.53,816820.11,2115172.54
1998-02-11,243381.29,815431.51,2109673.09
1998-02-12,244671.21,823993.55,2143005.92
1998-02-13,242934.04,812292.84,2097359.9
1998-02-17,241209.21,800758.28,2052686.13
1998-02-18,243790.15,817974.58,2118782.63
1998-02-19,247203.21,840959.67,2207983.37
1998-02-20,247845.94,845332.66,2224984.85
1998-02-23,253348.12,882949.96,2373391.34
1998-02-24,250535.95,863348.47,2294594.74
1998-02-25,256523.76,904530.19,2458887.73
1998-02-26,257934.64,914480.03,2499213.49
1998-02-27,255200.54,895001.6,2419488.58
1998-03-02,252146.3,870696.21,2319317.05
1998-03-03,251742.87,867909.98,2308184.33
1998-03-04,252623.97,874072.14,2332651.08
1998-03-05,241255.89,795493.06,2017976.45
1998-03-06,249024.33,846722.81,2212912.98
1998-03-09,241578.5,796173.46,2014635.97
1998-03-10,245902.75,824756.08,2123023.39
1998-03-11,247033.91,832343.84,2152108.81
1998-03-12,249034.88,845911.04,2204620.27
1998-03-13,250329.86,854708.52,2238791.88
1998-03-16,252657.93,870606.1,2301254.17
1998-03-17,250030.29,852497.49,2229455.04
1998-03-18,251980.52,865796.45,2281624.29
1998-03-19,253945.97,879216.3,2334786.14
1998-03-20,250365.33,854422.4,2236024.68
1998-03-23,252443.37,868691.25,2291925.3
1998-03-24,256431.97,896141.89,2400562.56
1998-03-25,260073.31,921592.32,2502826.52
1998-03-26,260749.5,926292.44,2522098.29
1998-03-27,259393.6,916751.63,2483005.77
1998-03-30,258330.09,909142.59,2452216.49
1998-03-31,261326.71,930234.7,2537798.85
1998-04-01,263476.22,942555.03,2586526.53
1998-04-02,263845.09,945288.44,2597648.59
1998-04-03,264583.86,950676.59,2619728.6
1998-04-06,258524.89,907040.53,2439491.28
1998-04-07,253535.35,872028.77,2298488.68
1998-04-08,255462.22,885196.4,2350664.37
1998-04-09,256713.99,893871.33,2385219.14
1998-04-13,258023.23,902899.43,2421474.47
1998-04-14,260190.63,918158.43,2482737.78
1998-04-15,264093.48,945795.0,2594709.25
1998-04-16,263274.79,939931.07,2570578.45
1998-04-17,264064.62,945664.65,2593970.72
1998-04-20,268764.97,979235.74,2732229.36
1998-04-21,272312.67,1005185.49,2840698.86
1998-04-22,276860.29,1038758.68,2983017.87
1998-04-23,269938.78,986716.87,2758993.23
1998-04-24,268130.19,973494.87,2703537.47
1998-04-27,261668.25,926669.76,2508342.06
1998-04-28,262191.59,930376.44,2523392.12
1998-04-29,265862.27,956333.95,2629122.24
1998-04-30,267696.72,969531.35,2683545.08
1998-05-01,268920.85,975366.53,2706054.24
1998-05-04,269835.18,982096.56,2733926.6
1998-05-05,268000.3,968740.04,2678154.5
1998-05-06,266928.3,960990.12,2645748.83
1998-05-07,262710.84,930718.93,2520604.91
1998-05-08,269436.23,978464.81,2714439.43
1998-05-11,265933.56,952926.88,2608304.85
1998-05-12,269949.16,981800.57,2726721.89
1998-05-13,271379.89,992207.65,2770076.77
1998-05-14,272031.2,996970.25,2790021.32
1998-05-15,268467.59,970849.63,2680094.48
1998-05-18,266964.17,959976.11,2635068.89
1998-05-19,269767.3,980231.61,2718337.07
1998-05-20,265936.6,952393.03,2602535.91
1998-05-21,262904.93,930773.71,2513789.43
1998-05-22,260854.27,916253.64,2454715.38
1998-05-26,257854.44,895088.18,2369782.23
1998-05-27,259865.71,909051.56,2424998.16
1998-05-28,261009.12,917142.12,2457250.63
1998-05-29,256128.25,882749.29,2319153.15
1998-06-01,250931.1,843944.69,2164932.28
1998-06-02,255573.32,875255.04,2285302.52
1998-06-03,250589.64,841120.09,2151383.79
1998-06-04,257305.45,886204.13,2324355.05
1998-06-05,259775.58,903307.87,2391528.91
1998-06-08,259853.51,903759.53,2393442.13
1998-06-09,263387.52,928432.16,2491333.91
1998-06-10,258172.45,891759.09,2343597.81
1998-06-11,255126.01,870624.4,2260400.09
1998-06-12,255534.21,873410.4,2271250.01
1998-06-15,252646.68,853671.32,2194254.63
1998-06-16,260680.84,907964.82,2403586.53
1998-06-17,263522.26,927758.45,2482183.81
1998-06-18,264233.77,932675.57,2502041.28
1998-06-19,266902.53,951515.62,2577853.13
1998-06-22,272107.13,988719.88,2728915.32
1998-06-23,280379.19,1048932.92,2978065.29
1998-06-24,286575.57,1095295.75,3175511.02
1998-06-25,282334.25,1062765.47,3034200.78
1998-06-26,284395.29,1078175.57,3100346.35
1998-06-29,288433.71,1108795.76,3232421.11
1998-06-30,287914.52,1104914.97,3215289.28
1998-07-01,292481.17,1136477.13,3351495.59
1998-07-02,287392.0,1096927.73,3176547.52
1998-07-03,287392.0,1096927.73,3176547.52
1998-07-06,289547.44,1113491.34,3248337.49
1998-07-07,290358.17,1119726.89,3275623.52
1998-07-08,297152.55,1172130.11,3505572.3
1998-07-09,298311.45,1181272.72,3546587.49
1998-07-10,300011.82,1194739.23,3607234.14
1998-07-13,306372.07,1245396.17,3836654.23
1998-07-14,305851.24,1241161.83,3816703.63
1998-07-15,312641.14,1296269.41,4070514.42
1998-07-16,313297.68,1301713.74,4096158.66
1998-07-17,315741.4,1322020.48,4192008.77
1998-07-20,316151.87,1325457.73,4208357.61
1998-07-21,308817.15,1263956.49,3915455.92
1998-07-22,308539.21,1261681.37,3904884.19
1998-07-23,303201.48,1218027.2,3701830.21
1998-07-24,303807.88,1222899.3,3724041.19
1998-07-27,307635.86,1253716.37,3864809.95
1998-07-28,300498.71,1195543.93,3595819.17
1998-07-29,297643.97,1172948.15,3493697.91
1998-07-30,306692.35,1244263.39,3812323.16
1998-07-31,297031.54,1165874.8,3452058.62
1998-08-03,295627.34,1151445.2,3386269.49
1998-08-04,284570.88,1065317.1,3006330.06
1998-08-05,287302.76,1085771.19,3092912.36
1998-08-06,295059.93,1144511.41,3343747.56
1998-08-07,294676.35,1141535.68,3330372.57
1998-08-10,294411.15,1139595.07,3321713.6
1998-08-11,287345.28,1084780.55,3082218.05
1998-08-12,292632.43,1124808.95,3252664.7
1998-08-13,289120.84,1097813.54,3135568.77
1998-08-14,287328.29,1084090.87,3076933.64
1998-08-17,295488.42,1145667.23,3338780.69
1998-08-18,302727.88,1201690.35,3583847.19
1998-08-19,302092.15,1196523.09,3560910.57
1998-08-20,302092.15,1196403.43,3560554.48
1998-08-21,297017.01,1156323.92,3381458.59
1998-08-24,296185.36,1149848.51,3353054.34
1998-08-25,299946.91,1179054.66,3480805.71
1998-08-26,296857.46,1154766.13,3373248.81
1998-08-27,283498.87,1050952.66,2918197.55
1998-08-28,273292.91,975284.06,2603032.21
1998-08-31,246346.23,783055.58,1833315.59
1998-09-01,263014.66,886201.36,2194343.73
1998-09-02,264408.64,895506.47,2229014.36
1998-09-03,261711.67,877238.14,2160583.62
1998-09-04,260952.71,872062.43,2141570.49
1998-09-08,278488.73,989354.83,2573525.25
1998-09-09,273141.75,951363.6,2425290.2
1998-09-10,267433.08,911596.61,2272981.97
1998-09-11,279307.11,992546.38,2575743.17
1998-09-14,283217.41,1020238.43,2683666.81
1998-09-15,286672.66,1045132.25,2781889.02
1998-09-16,288249.36,1056628.7,2827512.0
1998-09-17,279659.53,993653.63,2574732.42
1998-09-18,281589.18,1007366.05,2628029.39
1998-09-21,287446.24,1049171.74,2791755.62
1998-09-22,289285.89,1062601.14,2845357.32
1998-09-23,301956.62,1155578.74,3218952.74
1998-09-24,293683.0,1092253.03,2954676.72
1998-09-25,300966.34,1146428.78,3174504.67
1998-09-28,299491.61,1135193.77,3127522.0
1998-09-29,299851.0,1137918.24,3138781.08
1998-09-30,291305.24,1073170.69,2870729.17
1998-10-01,276252.03,959217.39,2411832.51
1998-10-02,276832.15,963246.11,2427268.23
1998-10-05,261910.9,859504.5,2035021.69
1998-10-06,256960.79,827015.23,1919635.96
1998-10-07,249637.4,779875.36,1755507.08
1998-10-08,244819.4,749772.17,1653863.22
1998-10-09,259777.87,841394.33,1957016.35
1998-10-12,269649.43,905340.3,2180116.22
1998-10-13,261721.73,852196.83,1988047.98
1998-10-14,267950.71,892846.62,2130193.41
1998-10-15,281830.56,985345.53,2461225.46
1998-10-16,280590.5,976674.49,2428491.17
1998-10-19,284125.94,1001189.02,2520045.28
1998-10-20,278272.95,960040.15,2364558.49
1998-10-21,288847.32,1033099.2,2634354.61
1998-10-22,293873.26,1068947.74,2771604.49
1998-10-23,290699.43,1045965.37,2682081.66
1998-10-26,296833.19,1090209.7,2852125.64
1998-10-27,293449.29,1065352.92,2754582.94
1998-10-28,299230.24,1107221.29,2917103.34
1998-10-29,302761.16,1133462.44,3020660.51
1998-10-30,303669.44,1140263.21,3048148.52
1998-11-02,308123.65,1170537.13,3167850.67
1998-11-03,304426.16,1142444.24,3053491.26
1998-11-04,311427.96,1194996.67,3264487.51
1998-11-05,313171.96,1208380.64,3319330.9
1998-11-06,316710.8,1235690.04,3431856.22
1998-11-09,318737.75,1251383.3,3497404.67
1998-11-10,320873.3,1268151.84,3567702.5
1998-11-11,321579.22,1273731.71,3591249.34
1998-11-12,318492.06,1249403.43,3488180.49
1998-11-13,318205.41,1247154.51,3478762.4
1998-11-16,320464.67,1264864.1,3552860.04
1998-11-17,325463.92,1304201.37,3718778.6
1998-11-18,329011.48,1332632.96,3840382.66
1998-11-19,333913.75,1372345.43,4012047.77
1998-11-20,335382.97,1384422.06,4065006.8
1998-11-23,345109.07,1464856.99,4419068.89
1998-11-24,343314.51,1449622.47,4350573.32
1998-11-25,347159.63,1481949.06,4496317.53
1998-11-27,353651.52,1537373.95,4748560.94
1998-11-30,338373.77,1404391.1,4132672.59
1998-12-01,355105.82,1539339.18,4726696.17
1998-12-02,352193.96,1513940.09,4609946.77
1998-12-03,342332.52,1429159.44,4222711.25
1998-12-04,354553.8,1531344.34,4675385.89
1998-12-07,364764.95,1619396.64,5078871.69
1998-12-08,362868.17,1602554.92,4999641.29
1998-12-09,366605.71,1635567.55,5154630.18
1998-12-10,359493.56,1572271.08,4855146.16
1998-12-11,364346.72,1614565.17,5051294.07
1998-12-14,351084.5,1497186.29,4500197.88
1998-12-15,361897.9,1589412.96,4916016.17
1998-12-16,360269.36,1575108.24,4849649.95
1998-12-17,367510.78,1638585.11,5142568.81
1998-12-18,377396.82,1726577.13,5557059.85
1998-12-21,388756.46,1830689.73,6059418.06
1998-12-22,384519.02,1790780.69,5861275.09
1998-12-23,395631.62,1894466.89,6370033.77
1998-12-24,392822.63,1867565.46,6234352.05
1998-12-28,396711.58,1904730.02,6420135.74
1998-12-29,396552.89,1903396.71,6413073.59
1998-12-30,393856.33,1877700.85,6282888.2
1998-12-31,399291.55,1929713.16,6543628.06
1999-01-04,403789.46,1968817.43,6740451.9
