date,A,B,C
1988-01-04,10356.0,10712.0,11068.0
1988-01-05,10514.45,11038.72,11574.91
1988-01-06,10636.41,11293.71,11976.56
1988-01-07,10798.09,11635.91,12521.5
1988-01-08,10125.37,10186.08,10181.23
1988-01-11,10169.92,10274.69,10314.6
1988-01-12,9967.54,9865.76,9698.82
1988-01-13,9955.58,9843.07,9664.88
1988-01-14,9987.43,9905.08,9756.69
1988-01-15,10230.13,10386.47,10467.96
1988-01-18,10180.0,10283.64,10313.03
1988-01-19,10114.85,10152.01,10115.02
1988-01-20,9759.82,9440.36,9050.92
1988-01-21,9790.07,9499.83,9136.0
1988-01-22,9880.14,9673.68,9387.24
1988-01-25,10054.03,10013.22,9881.95
1988-01-26,9936.4,9779.91,9536.08
1988-01-27,9949.32,9805.34,9573.27
1988-01-28,10091.59,10086.76,9984.92
1988-01-29,10185.44,10274.37,10264.5
1988-02-01,10651.25,10705.41,10661.16
1988-02-02,10674.68,10752.52,10731.52
1988-02-03,10514.56,10428.87,10247.53
1988-02-04,10568.19,10535.24,10404.32
1988-02-05,10610.46,10619.52,10529.17
1988-02-08,10601.97,10602.53,10502.85
1988-02-09,10673.01,10743.55,10712.9
1988-02-10,10895.0,11191.55,11382.46
1988-02-11,10942.94,11291.16,11533.85
1988-02-12,11008.6,11426.65,11741.45
1988-02-16,11116.48,11649.47,12085.48
1988-02-17,11134.27,11687.91,12144.7
1988-02-18,11129.82,11679.73,12131.34
1988-02-19,11218.86,11865.44,12421.28
1988-02-22,11428.65,12310.39,13119.35
1988-02-23,11500.65,12466.74,13368.62
1988-02-24,11580.0,12640.02,13646.69
1988-02-25,11466.52,12392.28,13245.48
1988-02-26,11457.35,12373.69,13215.01
1988-02-29,11591.4,12662.0,13677.54
1988-03-01,12090.19,13160.68,14174.7
1988-03-02,12264.29,13539.71,14788.47
1988-03-03,12361.17,13753.64,15137.47
1988-03-04,12422.98,13892.55,15366.05
1988-03-07,12498.76,14062.04,15647.25
1988-03-08,12580.0,14244.84,15952.37
1988-03-09,12693.22,14499.83,16381.49
1988-03-10,12497.75,14051.78,15623.03
1988-03-11,12459.0,13964.66,15479.29
1988-03-14,12551.2,14171.34,15824.48
1988-03-15,12488.44,14029.62,15585.53
1988-03-16,12635.81,14362.13,16138.82
1988-03-17,12692.67,14492.82,16358.31
1988-03-18,12677.44,14459.49,16301.05
1988-03-21,12527.84,14119.69,15725.63
1988-03-22,12605.52,14294.77,16018.12
1988-03-23,12552.57,14174.7,15814.69
1988-03-24,12238.76,13464.55,14627.01
1988-03-25,12106.58,13175.06,14154.56
1988-03-28,12104.16,13168.47,14144.65
1988-03-29,12161.05,13293.57,14345.5
1988-03-30,12054.03,13059.6,13966.78
1988-03-31,12133.59,13230.68,14241.93
1988-04-04,12498.41,13436.85,14270.18
1988-04-05,12607.14,13670.65,14642.64
1988-04-06,12876.94,14255.75,15582.69
1988-04-07,12929.73,14374.08,15775.92
1988-04-08,13046.1,14632.81,16203.45
1988-04-11,13119.16,14798.16,16477.28
1988-04-12,13130.97,14824.8,16521.77
1988-04-13,13151.98,14870.75,16599.43
1988-04-14,12633.79,13698.94,14635.71
1988-04-15,12623.68,13677.02,14600.59
1988-04-18,12653.98,13744.04,14707.17
1988-04-19,12712.19,13870.48,14910.13
1988-04-20,12609.22,13645.78,14547.81
1988-04-21,12546.17,13507.96,14328.14
1988-04-22,12637.76,13703.82,14640.5
1988-04-25,12716.11,13875.12,14914.27
1988-04-26,12887.78,14248.36,15516.81
1988-04-27,12921.29,14322.45,15637.84
1988-04-28,12886.4,14245.11,15511.17
1988-04-29,12827.12,14114.06,15298.67
1988-05-02,13389.76,14751.43,16023.01
1988-05-03,13559.81,15127.59,16635.09
1988-05-04,13531.33,15065.57,16531.95
1988-05-05,13459.62,14905.87,16267.44
1988-05-06,13421.93,14822.4,16130.8
1988-05-09,13251.47,14445.91,15516.21
1988-05-10,13205.09,14344.79,15353.29
1988-05-11,12938.35,13765.26,14422.88
1988-05-12,13006.92,13912.55,14653.65
1988-05-13,13168.21,14257.58,15198.77
1988-05-16,13255.12,14445.78,15499.7
1988-05-17,13184.87,14294.1,15254.81
1988-05-18,12897.44,13672.31,14258.67
1988-05-19,12902.6,13681.88,14274.35
1988-05-20,12867.76,13607.99,14158.73
1988-05-23,12699.19,13250.1,13600.88
1988-05-24,12817.29,13496.56,13980.34
1988-05-25,12801.91,13464.16,13931.41
1988-05-26,12865.92,13597.46,14138.99
1988-05-27,12846.62,13555.31,14073.95
1988-05-31,13130.53,14154.45,15007.05
1988-06-01,13893.6,15218.65,16403.36
1988-06-02,13875.54,15179.08,16339.38
1988-06-03,13997.65,15446.23,16770.74
1988-06-06,14134.82,15750.52,17265.48
1988-06-07,14136.24,15752.1,17268.93
1988-06-08,14392.1,16322.32,18204.91
1988-06-09,14373.39,16281.52,18135.73
1988-06-10,14527.19,16629.94,18719.7
1988-06-13,14527.19,16629.94,18719.7
1988-06-14,14608.54,16817.86,19036.06
1988-06-15,14633.38,16875.04,19135.05
1988-06-16,14507.53,16584.79,18641.37
1988-06-17,14464.01,16483.62,18471.73
1988-06-20,14404.7,16348.46,18246.38
1988-06-21,14530.02,16634.55,18724.43
1988-06-22,14702.93,17028.79,19391.02
1988-06-23,14719.1,17064.55,19453.07
1988-06-24,14732.35,17095.27,19505.6
1988-06-27,14557.04,16688.4,18809.25
1988-06-28,14798.68,17242.46,19745.95
1988-06-29,14766.13,17166.59,19617.6
1988-06-30,14865.06,17394.91,20009.95
1988-07-01,15440.35,18070.28,20813.5
1988-07-05,15599.38,18440.72,21454.55
1988-07-06,15479.27,18156.73,20958.95
1988-07-07,15394.13,17957.01,20613.13
1988-07-08,15294.07,17723.57,20211.17
1988-07-11,15257.37,17636.72,20063.63
1988-07-12,15220.75,17552.06,19919.17
1988-07-13,15292.29,17717.05,20200.03
1988-07-14,15338.16,17823.36,20379.81
1988-07-15,15324.36,17791.27,20324.79
1988-07-18,15347.34,17844.65,20416.25
1988-07-19,15103.32,17275.4,19440.35
1988-07-20,15059.52,17176.93,19273.17
1988-07-21,14829.11,16649.6,18386.6
1988-07-22,14784.62,16549.7,18221.12
1988-07-25,14762.45,16500.05,18139.13
1988-07-26,14608.92,16158.5,17575.0
1988-07-27,14419.0,15738.38,16887.82
1988-07-28,14488.21,15889.47,17131.0
1988-07-29,14727.27,16413.82,17978.99
1988-08-01,15250.11,16966.26,18563.99
1988-08-02,15173.86,16796.59,18285.53
1988-08-03,15219.38,16897.37,18450.1
1988-08-04,15228.51,16917.65,18483.31
1988-08-05,15120.39,16679.11,18091.46
1988-08-08,15112.83,16662.43,18064.33
1988-08-09,14899.74,16190.89,17298.4
1988-08-10,14513.84,15352.2,15954.31
1988-08-11,14677.84,15699.16,16495.17
1988-08-12,14604.45,15540.6,16246.09
1988-08-15,14296.3,14886.34,15219.34
1988-08-16,14512.17,15334.42,15907.25
1988-08-17,14533.94,15380.42,15978.83
1988-08-18,14587.72,15494.23,16156.2
1988-08-19,14524.99,15362.53,15949.4
1988-08-22,14280.97,14844.82,15143.95
1988-08-23,14255.26,14792.86,15063.69
1988-08-24,14453.41,15204.1,15691.85
1988-08-25,14333.45,14951.71,15301.12
1988-08-26,14370.72,15030.96,15422.0
1988-08-29,14520.17,15343.6,15903.16
1988-08-30,14486.77,15274.55,15795.02
1988-08-31,14372.33,15031.69,15419.1
1988-09-01,14629.91,15026.91,15142.25
1988-09-02,14912.27,15606.95,16020.5
1988-09-06,14952.53,15692.79,16151.87
1988-09-07,14965.99,15719.46,16193.86
1988-09-08,15042.31,15879.8,16441.63
1988-09-09,15260.43,16340.32,17156.84
1988-09-12,15269.58,16361.56,17189.44
1988-09-13,15294.02,16413.92,17271.95
1988-09-14,15390.37,16620.73,17598.39
1988-09-15,15253.39,16326.54,17130.27
1988-09-16,15361.69,16556.75,17493.43
1988-09-19,15314.07,16455.75,17332.49
1988-09-20,15375.33,16585.75,17538.75
1988-09-21,15462.97,16773.17,17836.91
1988-09-22,15503.17,16862.07,17977.82
1988-09-23,15433.41,16708.62,17733.32
1988-09-26,15294.51,16407.87,17254.52
1988-09-27,15288.39,16394.74,17233.81
1988-09-28,15398.46,16629.19,17604.34
1988-09-29,15550.91,16960.11,18128.95
1988-09-30,15599.12,17065.26,18295.74
1988-10-03,15867.29,17059.38,17983.76
1988-10-04,15822.86,16962.14,17830.9
1988-10-05,15784.89,16879.03,17700.73
1988-10-06,15819.61,16951.61,17815.79
1988-10-07,15797.47,16905.84,17742.74
1988-10-10,15702.68,16702.97,17421.6
1988-10-11,15763.92,16834.92,17627.18
1988-10-12,15554.26,16387.11,16922.09
1988-10-13,15692.69,16680.44,17375.6
1988-10-14,15739.77,16782.19,17533.72
1988-10-17,15775.97,16861.07,17656.45
1988-10-18,15884.83,17093.75,18021.94
1988-10-19,15884.83,17093.75,18021.94
1988-10-20,16188.23,17746.73,19054.6
1988-10-21,16131.57,17622.51,18854.53
1988-10-24,16012.2,17361.69,18435.96
1988-10-25,15920.93,17165.51,18122.55
1988-10-26,15826.99,16962.95,17799.96
1988-10-27,15641.82,16564.32,17173.41
1988-10-28,15695.0,16678.62,17350.29
1988-10-31,15685.58,16660.27,17320.8
1988-11-01,16167.78,17122.52,17761.99
1988-11-02,16114.42,17009.51,17584.37
1988-11-03,16136.98,17057.14,17656.46
1988-11-04,16072.44,16922.39,17446.35
1988-11-07,15866.71,16489.17,16776.41
1988-11-08,16090.43,16952.52,17484.38
1988-11-09,16067.9,16903.36,17409.19
1988-11-10,16047.01,16861.1,17343.04
1988-11-11,15673.12,16075.37,16130.76
1988-11-14,15646.48,16022.32,16050.11
1988-11-15,15566.68,15858.89,15804.54
1988-11-16,15328.51,15373.61,15079.11
1988-11-17,15391.35,15499.68,15264.58
1988-11-18,15420.6,15560.12,15353.12
1988-11-21,15169.24,15051.31,14600.82
1988-11-22,15219.3,15150.65,14745.36
1988-11-23,15482.59,15674.86,15509.17
1988-11-25,15346.35,15398.98,15099.73
1988-11-28,15372.44,15451.34,15176.74
1988-11-29,15480.04,15669.2,15496.97
1988-11-30,15667.35,16048.4,16059.51
1988-12-01,16371.06,16967.07,17187.12
1988-12-02,16398.89,17024.76,17274.77
1988-12-05,16516.96,17268.21,17646.18
1988-12-06,16627.63,17499.61,18000.86
1988-12-07,16516.22,17265.11,17637.25
1988-12-08,16423.73,17073.47,17342.71
1988-12-09,16415.52,17056.4,17314.96
1988-12-12,16349.86,16921.65,17108.91
1988-12-13,16268.11,16750.74,16850.56
1988-12-14,16326.67,16873.02,17034.24
1988-12-15,16398.51,17021.5,17259.09
1988-12-16,16626.45,17496.4,17980.52
1988-12-19,16757.8,17774.6,18408.45
1988-12-20,16727.64,17710.61,18307.21
1988-12-21,16689.16,17627.37,18179.06
1988-12-22,16699.18,17646.76,18209.96
1988-12-23,16781.0,17817.93,18475.83
1988-12-27,16744.08,17739.53,18352.04
1988-12-28,16735.71,17721.79,18324.51
1988-12-29,16884.66,18035.47,18811.94
1988-12-30,16953.89,18185.16,19045.21
1989-01-03,17179.86,18100.32,18626.59
1989-01-04,17468.48,18708.49,19563.5
1989-01-05,17461.49,18693.52,19540.03
1989-01-06,17464.99,18699.13,19549.8
1989-01-09,17477.21,18727.18,19592.81
1989-01-10,17419.54,18603.58,19396.88
1989-01-11,17471.8,18715.2,19571.45
1989-01-12,17609.82,19012.77,20037.25
1989-01-13,17620.39,19033.69,20071.31
1989-01-16,17630.96,19054.62,20105.44
1989-01-17,17422.92,18606.84,19395.71
1989-01-18,17576.24,18934.32,19907.76
1989-01-19,17764.3,19341.41,20548.79
1989-01-20,17739.43,19287.25,20462.49
1989-01-23,17531.88,18835.93,19744.25
1989-01-24,17726.49,19252.21,20399.76
1989-01-25,17862.98,19546.76,20868.96
1989-01-26,18102.34,20072.57,21709.97
1989-01-27,18057.09,19972.21,21547.15
1989-01-30,18179.88,20241.83,21984.56
1989-01-31,18345.31,20612.26,22586.93
1989-02-01,19037.53,21542.95,23793.39
1989-02-02,19189.84,21885.48,24362.06
1989-02-03,19199.43,21909.56,24401.04
1989-02-06,19149.51,21793.44,24208.27
1989-02-07,19411.86,22388.4,25200.81
1989-02-08,19208.04,21920.48,24409.5
1989-02-09,19069.74,21607.02,23884.7
1989-02-10,18768.44,20924.24,22752.56
1989-02-13,18789.08,20970.27,22825.37
1989-02-14,18760.9,20907.36,22722.66
1989-02-15,18941.0,21308.78,23377.07
1989-02-16,18982.67,21402.54,23531.36
1989-02-17,19052.91,21558.78,23790.2
1989-02-21,19018.61,21481.16,23661.74
1989-02-22,18775.17,20931.25,22753.12
1989-02-23,18846.52,21090.32,23014.79
1989-02-24,18656.17,20664.3,22319.74
1989-02-27,18577.81,20488.65,22036.28
1989-02-28,18575.96,20484.56,22029.67
1989-03-01,19075.96,20984.56,22529.67
1989-03-02,19249.55,21366.47,23144.73
1989-03-03,19286.12,21447.67,23276.65
1989-03-06,19461.63,21838.01,23912.1
1989-03-07,19377.94,21652.39,23606.03
1989-03-08,19331.43,21548.46,23436.07
1989-03-09,19238.64,21339.44,23096.24
1989-03-10,19202.09,21258.35,22964.59
1989-03-13,19294.26,21460.3,23292.99
1989-03-14,19238.31,21337.98,23092.67
1989-03-15,19240.23,21342.25,23099.6
1989-03-16,19423.01,21747.75,23757.94
1989-03-17,18890.82,20558.15,21807.41
1989-03-20,18669.8,20077.09,21041.97
1989-03-21,18893.84,20558.94,21799.48
1989-03-22,18742.69,20232.05,21278.47
1989-03-23,18789.54,20333.21,21438.06
1989-03-27,18800.82,20357.61,21476.65
1989-03-28,18889.18,20551.01,21781.62
1989-03-29,19027.07,20851.05,22258.63
1989-03-30,19133.62,21084.58,22634.81
1989-03-31,19288.6,21428.26,23187.1
1989-04-03,19784.65,21919.49,23672.88
1989-04-04,19752.99,21849.35,23559.25
1989-04-05,19812.25,21980.45,23773.64
1989-04-06,19824.14,22006.82,23816.43
1989-04-07,20058.06,22526.18,24659.54
1989-04-10,20152.34,22735.68,25004.77
1989-04-11,20325.65,23126.73,25649.89
1989-04-12,20498.41,23519.89,26303.97
1989-04-13,20422.57,23345.84,26011.99
1989-04-14,20720.74,24029.87,27153.92
1989-04-17,20716.6,24020.26,27137.63
1989-04-18,20954.84,24572.73,28073.87
1989-04-19,21086.85,24882.34,28604.47
1989-04-20,21042.57,24777.84,28421.4
1989-04-21,21170.93,25080.13,28944.35
1989-04-24,21111.65,24942.18,28704.12
1989-04-25,20997.65,24672.81,28239.11
1989-04-26,20999.75,24675.28,28244.76
1989-04-27,21247.54,25255.15,29241.8
1989-04-28,21343.16,25482.44,29636.56
1989-05-01,21873.74,26055.19,30263.14
1989-05-02,21873.74,26055.19,30263.14
1989-05-03,21965.61,26274.06,30644.45
1989-05-04,22020.52,26405.43,30871.22
1989-05-05,22168.06,26759.26,31488.64
1989-05-08,22123.72,26654.9,31302.86
1989-05-09,22086.11,26564.27,31140.09
1989-05-10,22121.45,26649.28,31286.44
1989-05-11,22176.75,26779.86,31517.96
1989-05-12,22573.72,27741.26,33213.63
1989-05-15,22763.34,28207.31,34050.61
1989-05-16,22692.77,28032.42,33733.94
1989-05-17,22962.82,28699.59,34938.25
1989-05-18,22999.56,28788.56,35102.46
1989-05-19,23167.45,29211.76,35874.71
1989-05-22,23141.97,29144.57,35752.74
1989-05-23,22952.2,28666.6,34873.22
1989-05-24,23101.39,29036.4,35549.76
1989-05-25,23193.8,29268.69,35976.36
1989-05-26,23367.75,29707.72,36789.42
1989-05-30,23274.28,29473.03,36351.63
1989-05-31,23376.69,29735.34,36835.1
1989-06-01,23993.68,30531.64,37883.93
1989-06-02,24238.42,31154.49,39043.18
1989-06-05,23748.8,29898.96,36681.07
1989-06-06,23860.42,30180.01,37198.27
1989-06-07,24471.25,31722.21,40051.38
1989-06-08,24417.41,31579.46,39783.03
1989-06-09,24351.49,31405.77,39456.81
1989-06-12,24329.57,31352.38,39354.22
1989-06-13,24100.87,30762.96,38240.5
1989-06-14,24115.33,30796.8,38305.51
1989-06-15,23717.43,29780.51,36413.22
1989-06-16,23686.6,29703.08,36271.2
1989-06-19,23627.38,29554.56,35999.17
1989-06-20,23490.34,29208.77,35369.18
1989-06-21,23476.25,29173.72,35305.52
1989-06-22,23621.8,29535.48,35962.2
1989-06-23,23848.57,30102.56,36997.91
1989-06-26,23777.02,29921.94,36664.93
1989-06-27,23812.69,30011.71,36829.93
1989-06-28,23493.6,29207.39,35349.36
1989-06-29,23014.33,28018.65,33189.52
1989-06-30,22772.68,27427.46,32140.73
1989-07-03,23372.75,28167.64,33061.79
1989-07-05,23475.59,28415.51,33494.9
1989-07-06,23623.49,28773.55,34127.96
1989-07-07,23840.82,29302.98,35069.89
1989-07-10,23812.22,29232.65,34943.64
1989-07-11,23881.27,29402.2,35247.65
1989-07-12,23986.35,29663.88,35716.44
1989-07-13,24055.91,29835.93,36027.17
1989-07-14,24214.68,30226.78,36736.91
1989-07-17,24313.96,30474.64,37188.77
1989-07-18,24046.5,29801.15,35957.82
1989-07-19,24298.99,30429.96,37094.09
1989-07-20,24012.26,29711.81,35780.96
1989-07-21,23988.25,29649.41,35670.04
1989-07-24,23676.4,28875.56,34275.34
1989-07-25,23664.57,28843.8,34220.5
1989-07-26,23879.91,29368.76,35154.72
1989-07-27,24204.68,30167.59,36585.52
1989-07-28,24250.67,30282.23,36790.4
1989-07-31,24379.2,30603.22,37375.36
1989-08-01,24879.2,31103.22,37875.36
1989-08-02,24712.51,30686.43,37110.28
1989-08-03,24912.68,31183.55,38008.35
1989-08-04,24979.94,31351.95,38316.22
1989-08-07,25399.61,32408.51,40251.19
1989-08-08,25511.36,32696.94,40786.53
1989-08-09,25291.97,32137.82,39738.31
1989-08-10,25241.38,32012.49,39503.86
1989-08-11,25112.65,31685.96,38899.45
1989-08-14,24939.37,31245.52,38090.34
1989-08-15,25061.58,31554.86,38654.08
1989-08-16,24946.29,31261.4,38116.78
1989-08-17,25095.97,31633.41,38799.07
1989-08-18,25161.22,31801.06,39105.59
1989-08-21,24866.84,31060.1,37736.89
1989-08-22,25006.09,31404.87,38367.1
1989-08-23,25251.15,32020.4,39495.09
1989-08-24,25589.51,32878.55,41078.84
1989-08-25,25638.13,33003.49,41312.99
1989-08-28,25712.49,33194.91,41672.42
1989-08-29,25578.78,32846.36,41018.16
1989-08-30,25706.67,33174.82,41633.43
1989-08-31,25776.08,33353.97,41970.66
1989-09-01,26454.76,34314.38,43337.06
1989-09-05,26462.7,34334.97,43376.07
1989-09-06,26237.76,33747.84,42265.64
1989-09-07,26182.66,33606.1,41995.14
1989-09-08,26355.47,34049.7,42826.64
1989-09-11,26389.73,34141.64,42997.95
1989-09-12,26550.71,34558.16,43784.81
1989-09-13,26585.22,34651.47,43959.95
1989-09-14,26324.69,33968.84,42663.13
1989-09-15,26272.04,33832.96,42402.89
1989-09-18,26248.4,33768.68,42284.16
1989-09-19,26272.02,33826.09,42394.1
1989-09-20,26316.68,33937.71,42606.07
1989-09-21,26714.06,34959.24,44531.86
1989-09-22,26505.69,34410.38,43485.37
1989-09-25,26505.69,34410.38,43485.37
1989-09-26,26503.04,34403.49,43472.32
1989-09-27,26495.09,34386.29,43437.54
1989-09-28,26783.89,35135.91,44857.95
1989-09-29,26802.64,35185.1,44952.15
1989-10-02,27507.41,36220.38,46474.82
1989-10-03,27584.43,36419.59,46860.57
1989-10-04,27843.72,37107.92,48186.72
1989-10-05,27943.96,37378.81,48711.95
1989-10-06,28265.31,38238.52,50397.39
1989-10-09,28550.79,39010.94,51924.43
1989-10-10,28468.0,38784.68,51472.69
1989-10-11,28348.43,38455.01,50818.98
1989-10-12,28283.23,38274.27,50463.25
1989-10-13,27092.51,35047.75,44084.7
1989-10-16,27125.02,35135.37,44247.81
1989-10-17,27040.93,34921.04,43840.73
1989-10-18,27316.75,35629.94,45177.87
1989-10-19,27920.45,37201.22,48168.65
1989-10-20,27861.81,37048.7,47870.0
1989-10-23,27585.98,36315.13,46448.26
1989-10-24,27274.26,35494.41,44878.31
1989-10-25,27266.08,35476.66,44842.41
1989-10-26,26775.29,34203.05,42425.4
1989-10-27,26387.05,33211.16,40579.9
1989-10-30,26416.07,33280.9,40709.75
1989-10-31,26844.01,34359.21,42688.25
1989-11-01,27428.78,35075.33,43589.9
1989-11-02,26954.26,33861.73,41327.58
1989-11-03,26905.74,33739.82,41108.55
1989-11-06,26429.51,32548.81,38929.79
1989-11-07,26730.81,33294.18,40265.08
1989-11-08,27064.94,34126.53,41775.03
1989-11-09,27100.13,34211.85,41933.77
1989-11-10,27330.48,34793.45,43007.27
1989-11-13,27357.81,34863.04,43136.3
1989-11-14,27188.19,34430.73,42333.96
1989-11-15,27307.82,34733.72,42888.54
1989-11-16,27228.63,34532.27,42519.7
1989-11-17,27342.99,34822.34,43055.44
1989-11-20,27438.69,35066.1,43507.53
1989-11-21,27359.12,34862.71,43129.01
1989-11-22,27465.82,35134.64,43633.62
1989-11-24,27614.13,35514.1,44340.48
1989-11-27,27467.78,35137.65,43635.47
1989-11-28,27459.54,35120.08,43600.56
1989-11-29,27448.55,35091.98,43548.24
1989-11-30,27563.84,35386.75,44096.95
1989-12-01,28173.29,36166.67,45114.27
1989-12-04,28350.78,36618.75,45962.42
1989-12-05,28424.49,36809.17,46320.93
1989-12-06,28029.39,35789.56,44393.98
1989-12-07,28105.07,35982.82,44749.13
1989-12-08,28015.13,35748.93,44315.06
1989-12-11,27544.48,34544.19,42077.15
1989-12-12,27238.73,33777.31,40671.78
1989-12-13,27252.35,33807.71,40728.72
1989-12-14,27056.14,33324.26,39853.05
1989-12-15,26780.16,32644.45,38633.55
1989-12-18,26367.75,31642.26,36852.54
1989-12-19,26409.94,31743.52,37029.43
1989-12-20,26666.11,32359.34,38106.99
1989-12-21,27039.44,33265.4,39711.29
1989-12-22,27215.2,33694.53,40481.69
1989-12-26,27215.2,33691.16,40477.64
1989-12-27,27710.51,34914.15,42683.67
1989-12-28,27710.51,34917.64,42687.94
1989-12-29,27993.16,35629.96,43994.19
1990-01-02,28986.09,37383.67,46807.89
1990-01-03,28780.29,36852.82,45810.88
1990-01-04,28604.73,36403.22,44972.54
1990-01-05,28404.5,35889.93,44023.62
1990-01-08,28455.63,36019.13,44261.35
1990-01-09,28154.0,35259.13,42858.27
1990-01-10,27565.58,33785.3,40171.05
1990-01-11,27176.9,32829.17,38467.8
1990-01-12,26576.29,31381.41,35921.23
1990-01-15,26427.47,31029.94,35317.76
1990-01-16,26974.51,32311.47,37507.46
1990-01-17,26807.27,31910.81,36813.57
1990-01-18,26804.59,31901.24,36798.84
1990-01-19,27230.78,32912.51,38550.47
1990-01-22,26487.38,31112.19,35389.33
1990-01-23,26413.22,30937.96,35092.06
1990-01-24,26320.77,30721.4,34720.08
1990-01-25,26197.07,30432.62,34230.53
1990-01-26,25874.84,29683.97,32967.42
1990-01-29,25722.18,29336.67,32387.2
1990-01-30,25161.44,28057.59,30272.31
1990-01-31,25707.44,29272.49,32240.01
1990-02-01,26348.96,30097.01,33273.68
1990-02-02,26683.59,30861.47,34541.4
1990-02-05,26795.66,31123.79,34980.08
1990-02-06,26610.77,30694.29,34259.49
1990-02-07,26836.96,31216.09,35133.11
1990-02-08,26893.32,31350.32,35357.96
1990-02-09,27054.68,31729.66,35997.94
1990-02-12,26843.66,31237.85,35159.18
1990-02-13,26883.92,31334.68,35320.92
1990-02-14,26996.83,31594.76,35762.43
1990-02-15,27239.8,32163.47,36728.01
1990-02-16,27035.51,31677.8,35897.96
1990-02-20,26608.35,30676.78,34196.4
1990-02-21,26568.43,30584.75,34042.51
1990-02-22,26496.7,30416.53,33763.37
1990-02-23,26184.04,29701.75,32571.52
1990-02-26,26553.23,30536.36,33946.04
1990-02-27,26701.93,30878.37,34519.72
1990-02-28,26979.63,31517.55,35593.29
1990-03-01,27636.26,32382.55,36714.09
1990-03-02,27959.61,33137.07,37999.09
1990-03-05,27808.63,32775.87,37379.7
1990-03-06,27883.71,32952.86,37682.48
1990-03-07,27777.75,32702.42,37252.9
1990-03-08,28166.64,33621.36,38821.24
1990-03-09,28259.59,33846.62,39209.46
1990-03-12,28220.03,33755.24,39048.7
1990-03-13,27951.94,33117.26,37939.71
1990-03-14,28058.15,33368.95,38368.43
1990-03-15,28212.47,33736.01,39001.51
1990-03-16,28804.94,35152.93,41458.61
1990-03-19,29058.42,35768.1,42548.97
1990-03-20,28669.04,34813.09,40842.75
1990-03-21,28525.69,34464.96,40234.2
1990-03-22,28089.25,33406.89,38383.42
1990-03-23,28347.67,34018.23,39438.97
1990-03-26,28605.63,34637.37,40515.65
1990-03-27,28742.94,34966.42,41095.03
1990-03-28,28314.67,33924.42,39258.08
1990-03-29,28167.43,33568.21,38641.73
1990-03-30,28173.07,33581.64,38664.91
1990-04-02,28607.12,33928.27,38898.59
1990-04-03,29164.96,35248.08,41170.27
1990-04-04,28987.05,34814.53,40412.74
1990-04-05,28795.74,34354.98,39612.56
1990-04-06,28582.65,33843.09,38729.2
1990-04-09,28536.92,33731.41,38539.43
1990-04-10,28685.31,34082.22,39140.64
1990-04-11,28860.29,34501.43,39860.83
1990-04-12,29062.31,34987.9,40701.9
1990-04-16,29181.47,35274.8,41206.6
1990-04-17,29123.1,35133.7,40963.48
1990-04-18,28671.7,34048.07,39062.78
1990-04-19,28364.91,33319.44,37808.86
1990-04-20,28061.4,32609.74,36598.98
1990-04-23,27660.13,31673.84,35025.22
1990-04-24,27543.95,31404.61,34580.4
1990-04-25,27654.13,31655.85,34995.37
1990-04-26,27681.78,31715.99,35096.85
1990-04-27,27396.66,31065.81,34015.87
1990-04-30,27684.33,31718.2,35087.37
1990-05-01,28353.43,32604.81,36224.38
1990-05-02,28554.74,33064.54,36992.34
1990-05-03,28771.76,33570.43,37839.46
1990-05-04,29131.4,34406.33,39254.66
1990-05-07,29448.94,35156.39,40538.29
1990-05-08,29469.55,35202.09,40619.36
1990-05-09,29504.91,35286.58,40765.59
1990-05-10,29693.75,35738.25,41548.29
1990-05-11,30251.99,37082.01,43895.77
1990-05-14,30657.36,38079.51,45664.77
1990-05-15,30743.2,38292.76,46048.36
1990-05-16,30832.36,38511.03,46444.37
1990-05-17,31038.94,39027.07,47377.9
1990-05-18,31296.56,39671.02,48552.88
1990-05-21,31803.56,40960.33,50917.4
1990-05-22,31889.43,41177.42,51324.74
1990-05-23,32329.51,42318.03,53454.72
1990-05-24,32462.06,42665.04,54112.21
1990-05-25,31799.83,40924.31,50805.95
1990-05-29,32299.09,42209.33,53193.83
1990-05-30,32370.15,42390.83,53539.59
1990-05-31,32344.25,42318.77,53405.74
1990-06-01,33084.02,43448.2,55091.67
1990-06-04,33395.01,44260.68,56639.75
1990-06-05,33077.75,43424.16,55031.18
1990-06-06,33107.52,43502.32,55185.26
1990-06-07,33011.51,43254.36,54710.67
1990-06-08,32641.78,42289.78,52877.86
1990-06-11,32951.88,43089.06,54379.6
1990-06-12,33390.14,44239.54,56554.78
1990-06-13,33660.6,44956.22,57934.72
1990-06-14,33445.17,44380.78,56822.37
1990-06-15,33481.96,44478.42,57015.56
1990-06-18,32916.12,42975.05,54124.88
1990-06-19,32925.99,43000.83,54173.59
1990-06-20,32998.43,43194.34,54536.55
1990-06-21,33113.92,43501.02,55114.64
1990-06-22,32779.47,42622.3,53439.15
1990-06-25,32386.12,41599.36,51515.34
1990-06-26,32389.36,41611.84,51535.95
1990-06-27,32667.9,42331.72,52870.73
1990-06-28,33010.92,43216.46,54530.87
1990-06-29,33156.17,43596.76,55256.13
1990-07-02,33649.43,44083.53,55728.25
1990-07-03,33615.79,43999.78,55566.64
1990-07-05,33491.41,43669.78,54944.3
1990-07-06,33655.51,44102.11,55757.47
1990-07-09,33813.7,44521.08,56549.23
1990-07-10,33681.82,44173.81,55881.95
1990-07-11,33981.59,44960.11,57368.41
1990-07-12,34355.39,45949.23,59261.56
1990-07-13,34540.91,46445.48,60215.68
1990-07-16,34744.7,46993.54,61281.49
1990-07-17,34088.02,45217.18,57806.83
1990-07-18,33621.02,43978.23,55430.97
1990-07-19,33365.5,43305.36,54161.6
1990-07-20,32804.96,41854.63,51437.27
1990-07-23,32089.81,40033.96,48078.42
1990-07-24,31964.66,39721.69,47515.9
1990-07-25,32284.31,40516.13,48946.13
1990-07-26,32064.77,39965.11,47942.74
1990-07-27,31843.53,39413.59,46950.32
1990-07-30,31601.51,38814.5,45884.55
1990-07-31,31525.67,38628.19,45554.18
1990-08-01,31987.24,39038.2,45892.99
1990-08-02,31392.28,37585.98,43332.16
1990-08-03,30478.76,35398.47,39549.26
1990-08-06,28881.68,31688.71,33332.12
1990-08-07,29054.97,32065.81,33928.76
1990-08-08,29473.36,32989.3,35394.49
1990-08-09,29983.25,34127.44,37227.92
1990-08-10,29566.48,33182.11,35679.24
1990-08-13,29737.96,33563.7,36296.49
1990-08-14,29862.86,33845.63,36753.83
1990-08-15,29889.74,33903.17,36849.39
1990-08-16,28990.06,31862.2,33518.2
1990-08-17,28221.82,30176.69,30856.86
1990-08-20,27685.61,29029.98,29098.02
1990-08-21,26990.7,27572.67,26906.94
1990-08-22,26526.46,26624.17,25518.54
1990-08-23,25563.55,24691.26,22737.02
1990-08-24,26522.18,26540.63,25292.66
1990-08-27,27813.81,29123.04,28985.39
1990-08-28,27947.32,29405.53,29405.67
1990-08-29,27659.46,28802.72,28499.98
1990-08-30,27344.14,28148.89,27528.13
1990-08-31,27759.77,29004.62,28783.41
1990-09-04,28423.68,29849.82,29795.87
1990-09-05,28287.25,29560.28,29363.83
1990-09-06,27828.99,28602.53,27936.75
1990-09-07,27993.18,28942.9,28434.02
1990-09-10,28116.35,29200.49,28812.2
1990-09-11,27871.74,28692.4,28057.32
1990-09-12,28072.42,29108.44,28666.16
1990-09-13,27687.83,28313.78,27490.85
1990-09-14,27657.37,28254.32,27402.88
1990-09-17,27668.43,28276.93,27438.5
1990-09-18,27643.53,28226.03,27364.42
1990-09-19,27549.54,28031.27,27082.56
1990-09-20,26849.79,26604.48,25016.16
1990-09-21,26737.02,26378.34,24698.46
1990-09-24,25918.86,24766.62,22433.61
1990-09-25,26372.44,25633.45,23611.37
1990-09-26,26190.47,25279.71,23120.26
1990-09-27,25420.47,23795.79,21083.36
1990-09-28,25839.91,24581.05,22124.88
1990-10-01,27483.06,27258.09,25568.38
1990-10-02,27510.55,27309.88,25642.53
1990-10-03,26853.04,26004.47,23803.96
1990-10-04,26705.35,25715.82,23408.81
1990-10-05,26537.11,25391.8,22966.39
1990-10-08,26714.91,25729.51,23425.71
1990-10-09,25833.32,24028.79,21104.22
1990-10-10,25213.32,22877.81,19586.83
1990-10-11,24575.42,21722.48,18102.15
1990-10-12,24803.97,22124.35,18605.39
1990-10-15,25195.87,22821.26,19485.42
1990-10-16,24621.41,21780.61,18152.62
1990-10-17,24887.32,22248.9,18738.95
1990-10-18,25646.38,23608.3,20455.44
1990-10-19,25979.79,24222.12,21253.2
1990-10-22,26566.93,25314.54,22692.04
1990-10-23,26543.02,25268.97,22630.77
1990-10-24,26553.64,25289.19,22657.93
1990-10-25,26386.35,24968.01,22227.43
1990-10-26,25921.95,24086.64,21051.6
1990-10-29,25556.45,23407.4,20159.01
1990-10-30,25743.01,23749.15,20598.48
1990-10-31,25678.65,23628.03,20441.93
1990-11-01,26228.39,24217.3,21059.2
1990-11-02,26834.27,25336.14,22516.5
1990-11-05,27379.0,26364.79,23887.76
1990-11-06,27348.89,26306.78,23808.93
1990-11-07,26867.55,25378.16,22549.43
1990-11-08,26964.27,25558.34,22790.71
1990-11-09,27651.86,26861.82,24534.2
1990-11-12,28627.97,28758.26,27129.92
1990-11-13,28811.19,29126.37,27650.82
1990-11-14,29200.14,29915.69,28773.44
1990-11-15,28759.22,29015.23,27472.88
1990-11-16,28063.24,27610.89,25478.35
1990-11-19,28377.55,28232.14,26336.97
1990-11-20,27812.84,27105.67,24762.02
1990-11-21,27907.4,27292.7,25017.07
1990-11-23,27957.64,27393.69,25154.66
1990-11-26,28086.24,27642.97,25499.28
1990-11-27,28701.33,28856.49,27177.13
1990-11-28,28778.82,29012.32,27397.27
1990-11-29,28994.66,29447.5,28013.71
1990-11-30,29229.52,29924.55,28694.44
1990-12-03,30017.9,31014.79,30044.0
1990-12-04,30183.0,31355.95,30539.72
1990-12-05,30711.2,32456.55,32146.11
1990-12-06,30781.83,32605.85,32367.92
1990-12-07,30757.21,32556.94,32293.47
1990-12-10,30772.59,32589.5,32341.91
1990-12-11,30329.46,31647.66,30941.51
1990-12-12,30556.93,32122.37,31634.6
1990-12-13,30556.93,32122.37,31634.6
1990-12-14,30263.59,31505.62,30723.52
1990-12-17,30097.14,31162.21,30219.66
1990-12-18,30744.23,32505.3,32171.85
1990-12-19,30922.54,32879.12,32728.42
1990-12-20,31092.62,33240.79,33268.44
1990-12-21,31285.39,33649.65,33883.9
1990-12-24,31050.75,33141.54,33118.13
1990-12-26,30951.39,32926.12,32796.88
1990-12-27,30734.73,32461.86,32104.87
1990-12-28,30774.68,32546.26,32230.08
1990-12-31,30947.02,32907.52,32768.32
1991-01-02,31327.52,33150.29,32885.73
1991-01-03,30801.22,32036.44,31225.0
1991-01-04,30865.9,32174.19,31424.84
1991-01-07,30165.25,30713.48,29284.81
1991-01-08,30123.01,30630.56,29164.74
1991-01-09,30059.76,30501.91,28983.92
1991-01-10,30748.13,31898.9,30975.12
1991-01-11,30766.57,31933.99,31027.78
1991-01-14,30388.15,31145.22,29879.75
1991-01-15,30634.29,31649.77,30605.83
1991-01-16,31829.03,34118.45,34186.71
1991-01-17,32815.73,36237.21,37369.49
1991-01-18,33166.85,37012.68,38569.05
1991-01-21,33617.92,38015.73,40138.81
1991-01-22,33241.4,37164.17,38790.15
1991-01-23,33846.4,38516.95,40908.09
1991-01-24,34465.79,39926.67,43153.94
1991-01-25,34658.79,40373.85,43878.93
1991-01-28,34852.88,40822.0,44611.71
1991-01-29,35201.41,41642.52,45954.52
1991-01-30,35954.72,43428.99,48909.4
1991-01-31,36447.3,44623.28,50924.46
1991-02-01,37268.74,45908.43,52766.64
1991-02-04,37652.61,46854.14,54402.41
1991-02-05,38398.13,48709.57,57633.91
1991-02-06,39273.61,50925.85,61570.31
1991-02-07,38696.29,49428.63,58855.06
1991-02-08,38862.68,49848.77,59608.4
1991-02-11,39632.16,51822.79,63149.14
1991-02-12,39453.82,51361.56,62302.94
1991-02-13,39793.12,52244.98,63916.59
1991-02-14,39037.05,50264.9,60279.73
1991-02-15,39474.27,51390.83,62305.13
1991-02-19,39865.06,52413.51,64161.83
1991-02-20,39378.71,51139.86,61819.92
1991-02-21,39233.01,50766.54,61139.9
1991-02-22,39515.49,51497.58,62460.52
1991-02-25,39740.72,52079.5,63522.35
1991-02-26,39387.03,51152.48,61819.95
1991-02-27,39690.31,51940.23,63247.99
1991-02-28,39753.82,52106.44,63551.58
1991-03-01,40620.13,53563.88,65793.79
1991-03-04,40778.54,53981.68,66570.15
1991-03-05,42193.56,57733.4,73506.76
1991-03-06,42349.68,58160.63,74322.69
1991-03-07,42578.36,58782.95,75519.28
1991-03-08,42305.86,58024.65,74061.76
1991-03-11,41070.53,54636.01,67566.54
1991-03-12,40343.58,52707.36,63985.52
1991-03-13,41372.34,55400.7,68886.81
1991-03-14,41165.48,54846.7,67860.4
1991-03-15,40980.24,54347.59,66937.49
1991-03-18,41140.06,54776.94,67727.36
1991-03-19,40852.08,54015.54,66311.85
1991-03-20,41211.58,54966.21,68069.12
1991-03-21,40708.8,53625.04,65584.6
1991-03-22,40594.81,53330.1,65040.24
1991-03-25,41159.08,54812.68,67752.42
1991-03-26,42591.42,58622.16,74819.0
1991-03-27,42893.82,59460.45,76420.13
1991-03-28,42627.87,58717.2,74991.07
1991-04-01,43080.43,59081.0,75234.4
1991-04-02,44588.25,63210.76,83126.49
1991-04-03,44797.81,63811.26,84306.88
1991-04-04,45147.24,64806.72,86271.23
1991-04-05,44844.75,63944.79,84545.81
1991-04-08,44880.63,64040.71,84740.27
1991-04-09,44440.8,62779.1,82240.43
1991-04-10,44134.15,61912.75,80538.05
1991-04-11,45339.02,65287.0,87126.06
1991-04-12,45461.43,65639.55,87831.78
1991-04-15,45311.41,65212.89,86971.03
1991-04-16,45918.58,66967.12,90475.97
1991-04-17,46138.99,67610.0,91778.82
1991-04-18,45225.44,64939.41,86336.34
1991-04-19,44610.37,63173.05,82813.81
1991-04-22,44173.19,61934.86,80387.37
1991-04-23,44305.71,62306.47,81118.89
1991-04-24,44695.6,63403.07,83268.54
1991-04-25,44275.46,62211.09,80920.37
1991-04-26,44169.2,61906.25,80329.65
1991-04-29,43329.99,59553.82,75742.83
1991-04-30,42922.68,58440.16,73614.46
1991-05-01,43518.21,59193.6,74596.2
1991-05-02,43896.82,60217.65,76535.7
1991-05-03,43997.79,60488.63,77056.14
1991-05-06,44032.98,60585.41,77248.78
1991-05-07,43856.85,60094.67,76314.07
1991-05-08,44010.35,60509.32,77107.74
1991-05-09,44679.31,62354.86,80631.56
1991-05-10,44263.79,61188.82,78373.88
1991-05-13,44308.05,61317.32,78616.84
1991-05-14,43829.53,59992.87,76077.52
1991-05-15,42514.64,56393.29,69230.54
1991-05-16,42939.79,57521.16,71307.46
1991-05-17,42901.14,57417.62,71122.06
1991-05-20,42596.54,56608.03,69614.27
1991-05-21,43031.03,57757.18,71737.5
1991-05-22,43762.56,59720.92,75396.12
1991-05-23,44007.63,60389.79,76662.77
1991-05-24,44390.49,61440.58,78656.0
1991-05-28,45029.72,63210.07,82053.94
1991-05-29,45191.82,63665.18,82940.12
1991-05-30,45666.34,65002.15,85552.74
1991-05-31,45954.04,65827.67,87178.24
1991-06-03,46779.21,67249.63,89510.72
1991-06-04,46811.96,67343.78,89689.74
1991-06-05,46184.68,65545.7,86093.18
1991-06-06,45658.17,64051.26,83148.79
1991-06-07,45050.92,62353.9,79839.47
1991-06-10,44686.01,61343.77,77899.37
1991-06-11,44829.0,61742.5,78654.99
1991-06-12,44170.02,59927.27,75186.31
1991-06-13,44086.09,59699.55,74757.75
1991-06-14,44588.67,61054.73,77306.99
1991-06-17,44548.54,60950.93,77105.99
1991-06-18,44201.07,60000.1,75301.71
1991-06-19,43334.73,57648.1,70866.44
1991-06-20,43382.39,57774.92,71100.3
1991-06-21,43334.67,57653.59,70872.78
1991-06-24,41770.29,53491.0,63197.25
1991-06-25,41791.18,53544.5,63285.73
1991-06-26,42033.57,54165.61,64380.57
1991-06-27,42500.14,55368.09,66524.45
1991-06-28,42321.64,54908.53,65692.89
1991-07-01,43652.38,57558.38,70045.32
1991-07-02,43141.64,56211.52,67586.73
1991-07-03,42524.72,54603.87,64687.26
1991-07-05,42448.17,54407.29,64331.48
1991-07-08,43619.74,57410.58,69664.56
1991-07-09,43916.36,58185.62,71078.75
1991-07-10,44359.91,59366.79,73239.54
1991-07-11,44448.63,59598.32,73671.65
1991-07-12,45053.13,61225.35,76684.82
1991-07-15,45300.93,61892.71,77942.46
1991-07-16,44557.99,59856.44,74099.89
1991-07-17,44370.85,59359.63,73173.64
1991-07-18,44854.49,60647.73,75559.1
1991-07-19,44971.11,60963.1,76148.47
1991-07-22,44534.89,59780.42,73932.55
1991-07-23,43688.73,57508.76,69718.39
1991-07-24,43444.07,56858.91,68540.15
1991-07-25,44008.85,58331.56,71206.36
1991-07-26,44519.35,59679.02,73677.22
1991-07-29,44590.58,59864.02,74023.5
1991-07-30,45379.83,61983.21,77954.15
1991-07-31,45856.32,63291.06,80417.5
1991-08-01,46713.26,64773.44,82778.61
1991-08-02,46923.47,65356.4,83896.12
1991-08-05,46360.39,63787.84,80875.86
1991-08-06,46800.82,64999.81,83172.73
1991-08-07,47109.7,65851.31,84811.23
1991-08-08,47486.58,66911.52,86855.19
1991-08-09,47382.11,66617.11,86281.94
1991-08-12,47737.47,67623.03,88231.91
1991-08-13,48114.6,68691.47,90331.83
1991-08-14,48499.52,69790.53,92499.8
1991-08-15,47999.97,68359.83,89650.8
1991-08-16,47606.37,67245.56,87454.36
1991-08-19,46321.0,63614.3,80370.56
1991-08-20,46700.83,64663.94,82355.71
1991-08-21,48722.98,70257.37,93045.48
1991-08-22,48469.62,69519.67,91584.66
1991-08-23,48847.68,70597.22,93718.59
1991-08-26,48837.91,70561.92,93652.98
1991-08-27,48847.68,70597.2,93718.54
1991-08-28,49375.23,72129.16,96764.39
1991-08-29,49153.05,71487.21,95467.75
1991-08-30,48951.52,70901.02,94283.95
1991-09-03,48922.39,69873.04,91750.86
1991-09-04,48486.98,68636.28,89310.29
1991-09-05,48302.73,68114.65,88292.15
1991-09-06,48167.48,67733.2,87559.33
1991-09-09,48403.5,68403.76,88855.21
1991-09-10,47551.6,65989.11,84154.77
1991-09-11,48112.71,67553.05,87142.26
1991-09-12,49127.89,70403.79,92658.37
1991-09-13,48086.37,67418.67,86765.29
1991-09-16,47927.69,66966.97,85897.64
1991-09-17,47846.21,66739.28,85450.97
1991-09-18,48353.38,68154.15,88168.31
1991-09-19,48778.89,69353.66,90495.96
1991-09-20,49315.46,70879.44,93482.32
1991-09-23,49014.64,70007.63,91762.25
1991-09-24,49441.06,71225.76,94157.24
1991-09-25,49722.88,72037.73,95767.33
1991-09-26,49538.9,71504.65,94704.32
1991-09-27,49197.08,70517.89,92753.41
1991-09-30,49472.59,71307.69,94311.66
1991-10-01,50117.51,72224.17,95636.53
1991-10-02,49541.16,70563.02,92346.63
1991-10-03,48733.64,68262.66,87830.88
1991-10-04,48753.13,68310.45,87927.49
1991-10-07,48470.36,67518.05,86406.35
1991-10-08,48669.09,68064.94,87460.51
1991-10-09,48060.73,66356.51,84171.99
1991-10-10,48512.5,67610.65,86554.06
1991-10-11,48924.85,68766.79,88769.84
1991-10-14,49908.24,71538.1,94131.54
1991-10-15,50976.28,74599.93,100165.37
1991-10-16,51730.73,76808.08,104612.71
1991-10-17,50830.61,74127.48,99141.47
1991-10-18,50942.44,74453.64,99805.72
1991-10-21,50550.18,73307.06,97510.19
1991-10-22,50540.07,73270.4,97441.93
1991-10-23,50287.37,72545.03,95990.04
1991-10-24,49643.7,70687.87,92304.03
1991-10-25,49172.08,69344.8,89673.36
1991-10-28,49771.98,71029.88,92946.44
1991-10-29,50414.04,72862.45,96552.76
1991-10-30,51220.66,75194.05,101187.29
1991-10-31,50836.51,74058.62,98900.46
1991-11-01,50900.15,73283.67,96855.81
1991-11-04,50360.61,71737.38,93785.48
1991-11-05,50733.27,72791.92,95858.14
1991-11-06,50799.23,72981.18,96231.99
1991-11-07,51403.74,74718.13,99677.09
1991-11-08,51871.51,76078.0,102398.27
1991-11-11,52276.11,77264.82,104784.15
1991-11-12,52997.52,79397.33,109122.22
1991-11-13,53151.21,79857.83,110060.67
1991-11-14,52837.62,78915.51,108123.6
1991-11-15,49936.84,70250.59,90315.64
1991-11-18,50650.93,72259.76,94190.19
1991-11-19,49911.43,70157.0,90074.07
1991-11-20,50051.18,70556.89,90839.7
1991-11-21,50651.8,72243.2,94100.85
1991-11-22,50251.65,71094.53,91861.25
1991-11-25,49668.73,69452.25,88673.66
1991-11-26,49867.4,70000.92,89728.88
1991-11-27,50061.88,70539.93,90769.74
1991-11-29,49986.79,70321.26,90352.19
1991-12-02,52107.42,75367.98,99601.26
1991-12-03,52107.42,75375.52,99611.22
1991-12-04,52315.85,75978.52,100796.6
1991-12-05,52179.83,75575.84,100000.3
1991-12-06,52498.12,76505.42,101840.31
1991-12-09,52435.13,76314.16,101463.5
1991-12-10,52534.75,76596.52,102031.69
1991-12-11,52272.08,75830.55,100501.22
1991-12-12,52826.16,77445.74,103707.21
1991-12-13,53417.82,79188.27,107202.14
1991-12-16,53716.96,80075.18,109003.14
1991-12-17,52981.03,77889.13,104534.01
1991-12-18,53108.19,78270.79,105297.11
1991-12-19,52205.35,75617.41,99937.48
1991-12-20,52435.05,76282.84,101246.66
1991-12-23,53761.66,80142.75,108931.29
1991-12-24,54433.68,82138.31,113005.32
1991-12-26,55604.0,85670.25,120294.16
1991-12-27,56154.48,87357.96,123854.87
1991-12-30,57923.35,92852.77,135546.77
1991-12-31,58653.18,95192.66,140670.43
1992-01-02,59602.75,97147.19,144389.12
1992-01-03,59859.04,97992.37,146266.18
1992-01-06,60230.17,99207.48,148972.1
1992-01-07,60724.05,100824.56,152621.92
1992-01-08,61555.97,103587.15,158894.68
1992-01-09,62633.2,107212.7,167236.65
1992-01-10,62056.98,105250.71,162637.64
1992-01-13,62261.76,105945.36,164247.75
1992-01-14,63033.81,108583.4,170374.2
1992-01-15,63569.6,110440.18,174735.78
1992-01-16,62914.83,108165.11,169318.97
1992-01-17,62518.47,106813.05,166135.77
1992-01-20,61105.55,101974.42,154855.15
1992-01-21,59339.6,96070.1,141413.72
1992-01-22,61914.94,104408.98,159825.79
1992-01-23,61871.6,104262.81,159474.17
1992-01-24,61760.23,103887.46,158613.01
1992-01-27,60870.88,100895.51,151760.93
1992-01-28,60937.84,101117.48,152261.74
1992-01-29,60304.09,99004.12,147495.95
1992-01-30,61003.61,101291.12,152614.06
1992-01-31,60491.18,99579.3,148752.92
1992-02-03,61546.2,101890.73,153312.6
1992-02-04,62543.25,105202.18,160778.93
1992-02-05,63256.24,107590.27,166261.49
1992-02-06,62933.64,106492.85,163717.69
1992-02-07,62524.57,105119.09,160541.56
1992-02-10,62243.21,104162.51,158358.2
1992-02-11,62093.82,103652.11,157202.18
1992-02-12,64180.18,110617.53,173063.88
1992-02-13,63069.86,106779.1,164064.56
1992-02-14,62508.54,104878.44,159667.63
1992-02-18,61039.59,99949.15,148427.03
1992-02-19,60954.13,99659.3,147788.79
1992-02-20,62264.65,103944.65,157321.17
1992-02-21,61735.4,102177.59,153309.48
1992-02-24,61118.04,100134.04,148694.87
1992-02-25,61001.92,99763.54,147862.18
1992-02-26,62709.97,105350.3,160297.38
1992-02-27,62634.72,105097.46,159720.31
1992-02-28,62365.39,104183.11,157643.95
1992-03-02,63003.69,105133.25,159171.89
1992-03-03,62833.58,104565.53,157898.51
1992-03-04,62092.15,102087.32,152293.11
1992-03-05,61347.04,99647.44,146825.79
1992-03-06,60524.99,96976.89,140923.39
1992-03-09,60579.46,97161.14,141317.98
1992-03-10,61851.63,101251.63,150235.14
1992-03-11,60892.93,98112.83,143249.21
1992-03-12,60850.31,97985.28,142962.71
1992-03-13,61148.47,98945.53,145064.26
1992-03-16,61472.56,100004.25,147385.29
1992-03-17,62314.74,102754.37,153457.57
1992-03-18,62264.88,102579.69,153073.92
1992-03-19,62252.43,102528.4,152966.77
1992-03-20,61947.39,101523.62,150718.16
1992-03-23,61612.88,100437.32,148291.6
1992-03-24,61612.88,100437.32,148291.6
1992-03-25,61360.27,99613.73,146467.61
1992-03-26,60568.72,97043.7,140813.96
1992-03-27,58921.25,91754.81,129309.46
1992-03-30,58579.51,90699.63,127072.41
1992-03-31,58708.38,91089.64,127898.38
1992-04-01,59368.24,92084.23,129438.4
1992-04-02,58222.44,88529.78,121943.92
1992-04-03,57983.72,87812.68,120456.2
1992-04-06,59479.7,92343.82,129791.56
1992-04-07,57356.28,85741.24,115877.9
1992-04-08,56971.99,84592.3,113548.76
1992-04-09,58567.21,89321.01,123075.5
1992-04-10,57366.58,85658.85,115506.36
1992-04-13,58129.56,87937.38,120115.06
1992-04-14,58751.54,89819.24,123982.76
1992-04-15,59762.07,92909.02,130392.67
1992-04-16,58513.04,89016.13,122204.01
1992-04-20,56429.98,82678.18,109152.62
1992-04-21,56018.04,81471.08,106762.18
1992-04-22,56735.07,83556.74,110861.85
1992-04-23,56366.29,82462.15,108688.96
1992-04-24,55684.26,80474.81,104754.42
1992-04-27,54921.38,78269.8,100449.01
1992-04-28,53998.7,75647.76,95396.43
1992-04-29,55526.87,79936.99,103505.12
1992-04-30,56420.85,82510.96,108504.42
1992-05-01,56852.55,82803.43,108601.1
1992-05-04,57449.5,84542.3,112022.04
1992-05-05,58202.09,86748.86,116413.3
1992-05-06,58266.11,86939.71,116785.82
1992-05-07,57823.29,85626.92,114134.79
1992-05-08,57551.52,84822.02,112525.49
1992-05-11,57672.37,85169.79,113223.14
1992-05-12,57326.34,84156.27,111196.45
1992-05-13,57085.57,83457.78,109806.49
1992-05-14,56309.21,81187.72,105326.39
1992-05-15,56022.03,80367.73,103725.43
1992-05-18,56307.74,81195.52,105322.8
1992-05-19,56645.59,82177.98,107229.14
1992-05-20,57223.37,83862.63,110521.08
1992-05-21,56925.81,82990.46,108796.95
1992-05-22,57005.51,83231.13,109264.77
1992-05-26,56543.76,81891.11,106620.57
1992-05-27,56945.22,83062.15,108902.25
1992-05-28,57668.43,85171.93,113051.42
1992-05-29,58279.71,86986.09,116657.76
1992-06-01,59467.44,89524.52,121258.28
1992-06-02,59140.36,88548.7,119269.65
1992-06-03,59158.11,88601.83,119376.99
1992-06-04,58897.81,87822.14,117801.22
1992-06-05,58397.18,86329.16,114797.28
1992-06-08,57836.57,84663.01,111479.64
1992-06-09,56835.99,81733.67,105693.85
1992-06-10,56415.41,80524.01,103347.45
1992-06-11,56409.77,80507.9,103316.44
1992-06-12,56697.46,81329.08,104897.18
1992-06-15,56652.1,81198.96,104645.43
1992-06-16,55779.66,78706.15,99821.28
1992-06-17,54697.53,75652.35,94011.68
1992-06-18,54424.04,74895.83,92610.9
1992-06-19,55343.81,77427.31,97306.28
1992-06-22,55039.42,76583.35,95710.45
1992-06-23,55446.71,77716.78,97844.8
1992-06-24,55047.49,76589.89,95721.56
1992-06-25,54293.34,74491.33,91796.98
1992-06-26,54065.31,73865.6,90640.34
1992-06-29,56071.13,79353.81,100737.67
1992-06-30,56149.63,79583.94,101170.84
1992-07-01,57550.36,82638.62,106530.71
1992-07-02,56583.52,79853.7,101150.91
1992-07-06,56872.09,80660.22,102688.4
1992-07-07,55717.59,77385.41,96434.68
1992-07-08,55962.75,78066.4,97707.62
1992-07-09,56835.77,80494.27,102270.56
1992-07-10,56955.12,80832.35,102925.09
1992-07-13,57359.5,81980.17,105117.4
1992-07-14,58162.53,84275.61,109532.33
1992-07-15,58191.62,84351.46,109685.68
1992-07-16,58546.59,85380.55,111692.92
1992-07-17,57469.33,82230.0,105516.3
1992-07-20,56509.59,79483.52,100229.94
1992-07-21,57385.49,81947.51,104890.63
1992-07-22,56645.22,79833.26,100841.85
1992-07-23,56894.45,80535.8,102172.96
1992-07-24,57070.83,81027.07,103112.95
1992-07-27,56774.06,80176.28,101494.08
1992-07-28,57699.48,82782.01,106446.99
1992-07-29,58334.17,84594.94,109949.1
1992-07-30,58491.67,85051.75,110828.69
1992-07-31,58479.97,85026.23,110773.28
1992-08-03,59333.85,86552.55,113265.07
1992-08-04,59013.45,85626.44,111441.5
1992-08-05,58163.66,83151.83,106616.08
1992-08-06,57779.78,82054.23,104505.09
1992-08-07,57542.88,81381.38,103219.67
1992-08-10,57715.51,81877.81,104158.97
1992-08-11,57386.53,80952.59,102388.27
1992-08-12,57088.12,80118.78,100801.25
1992-08-13,57150.92,80287.03,101123.82
1992-08-14,57333.8,80800.87,102094.6
1992-08-17,56984.06,79815.09,100216.06
1992-08-18,56995.46,79847.02,100276.19
1992-08-19,56590.79,78713.19,98140.31
1992-08-20,56805.84,79303.54,99249.3
1992-08-21,56095.77,77320.95,95527.45
1992-08-24,55153.36,74715.24,90703.31
1992-08-25,55412.58,75417.56,91982.23
1992-08-26,56193.9,77544.34,95873.08
1992-08-27,56812.03,79250.31,99036.89
1992-08-28,56749.53,79075.96,98710.07
1992-08-31,56772.23,79147.13,98838.39
1992-09-01,57793.41,81088.74,102040.39
1992-09-02,58671.87,83553.84,106693.43
1992-09-03,58982.83,84431.16,108379.19
1992-09-04,58640.73,83451.75,106504.23
1992-09-08,58523.45,83117.95,105854.56
1992-09-09,59331.07,85412.0,110236.93
1992-09-10,60250.71,88068.32,115373.98
1992-09-11,60323.01,88279.68,115789.32
1992-09-14,62132.7,93567.63,126198.78
1992-09-15,61225.56,90826.1,120658.65
1992-09-16,60950.04,90008.67,119029.76
1992-09-17,61102.42,90458.71,119922.49
1992-09-18,61230.73,90838.64,120678.0
1992-09-21,61102.15,90466.2,119929.79
1992-09-22,60148.96,87643.65,114317.08
1992-09-23,60443.69,88502.56,115997.54
1992-09-24,60776.13,89476.09,117899.9
1992-09-25,59378.28,85360.19,109753.02
1992-09-28,58927.0,84062.71,107250.65
1992-09-29,59457.34,85584.25,110157.14
1992-09-30,59944.89,86987.83,112855.99
1992-10-01,59640.98,85169.4,108844.42
1992-10-02,58746.36,82605.8,103935.54
1992-10-05,58611.25,82225.82,103218.38
1992-10-06,59437.66,84536.36,107574.2
1992-10-07,58938.39,83116.15,104874.09
1992-10-08,59510.09,84736.92,107936.41
1992-10-09,58986.4,83245.55,105076.1
1992-10-12,59464.19,84594.12,107629.45
1992-10-13,59856.66,85702.31,109749.75
1992-10-14,59748.91,85402.35,109168.07
1992-10-15,60238.85,86811.49,111864.52
1992-10-16,61058.1,89172.76,116428.6
1992-10-19,62297.58,92784.26,123507.45
1992-10-20,62409.72,93127.56,124186.75
1992-10-21,62927.72,94673.48,127291.41
1992-10-22,62934.01,94692.41,127329.6
1992-10-23,62808.14,94313.64,126552.89
1992-10-26,63141.03,95313.37,128565.08
1992-10-27,62515.93,93426.16,124746.7
1992-10-28,63047.32,95014.41,127927.74
1992-10-29,63898.45,97579.79,133108.81
1992-10-30,63521.45,96438.11,130766.1
1992-11-02,64251.93,97636.07,132683.77
1992-11-03,63403.81,95048.71,127416.23
1992-11-04,63752.53,96094.25,129531.34
1992-11-05,65448.34,101216.07,139880.89
1992-11-06,65769.04,102207.99,141937.14
1992-11-09,66242.58,103679.78,145002.98
1992-11-10,66984.49,106002.21,149875.08
1992-11-11,67661.04,108143.45,154401.31
1992-11-12,67458.05,107483.78,152996.26
1992-11-13,67788.6,108526.37,155230.0
1992-11-16,67036.15,106117.09,150076.37
1992-11-17,65789.27,102180.14,141717.11
1992-11-18,66973.48,105858.63,149355.66
1992-11-19,67448.99,107361.82,152536.94
1992-11-20,67846.94,108639.42,155252.1
1992-11-23,66802.1,105293.33,148079.45
1992-11-24,68071.34,109305.01,156534.79
1992-11-25,68010.07,109108.26,156112.14
1992-11-27,67942.06,108890.04,155643.81
1992-11-30,68261.39,109913.61,157853.95
1992-12-01,69098.32,111484.62,160665.92
1992-12-02,68884.12,110793.41,159155.66
1992-12-03,69517.85,112820.93,163532.44
1992-12-04,70226.93,115122.48,168520.18
1992-12-07,70901.11,117321.32,173356.71
1992-12-08,70652.96,116500.07,171553.8
1992-12-09,70108.93,114717.62,167608.06
1992-12-10,69470.94,112629.76,163049.12
1992-12-11,68748.44,110298.32,157978.29
1992-12-14,68459.7,109360.79,155971.97
1992-12-15,67980.48,107818.8,152680.96
1992-12-16,68374.77,109069.5,155337.61
1992-12-17,69920.04,114010.35,165885.03
1992-12-18,70122.8,114671.61,167328.23
1992-12-21,70403.3,115588.98,169352.9
1992-12-22,69678.14,113219.41,164136.83
1992-12-23,69845.37,113762.86,165335.03
1992-12-24,70054.91,114434.06,166806.51
1992-12-28,70349.14,115395.31,168908.28
1992-12-29,70496.87,115879.97,169972.4
1992-12-30,70525.07,115961.08,170159.37
1992-12-31,70574.44,116123.43,170516.7
1993-01-04,70321.05,114151.01,165578.37
1993-01-05,71087.55,116628.09,170976.23
1993-01-06,72416.88,120989.98,180550.89
1993-01-07,71837.55,119042.04,176199.62
1993-01-08,72139.27,120041.99,178402.11
1993-01-11,73178.07,123499.2,186126.92
1993-01-12,72607.28,121572.61,181752.94
1993-01-13,74175.6,126824.55,193512.36
1993-01-14,75258.56,130527.83,201988.2
1993-01-15,74844.64,129092.02,198655.39
1993-01-18,74747.34,128769.29,197900.5
1993-01-19,74209.16,126902.14,193606.06
1993-01-20,74149.79,126711.78,193160.77
1993-01-21,74861.63,129144.65,198723.8
1993-01-22,74562.19,128111.49,196339.11
1993-01-25,75203.42,130315.01,201385.03
1993-01-26,74872.53,129168.24,198726.75
1993-01-27,73539.8,124556.93,188094.86
1993-01-28,73157.39,123261.54,185160.58
1993-01-29,73135.44,123187.58,184993.94
1993-02-01,74614.79,126977.67,192876.6
1993-02-02,75002.79,128298.24,195904.76
1993-02-03,74822.78,127682.41,194494.25
1993-02-04,74366.36,126124.68,190954.45
1993-02-05,73325.23,122580.58,182915.27
1993-02-08,72672.64,120410.9,178049.72
1993-02-09,72120.33,118580.66,173990.19
1993-02-10,72985.77,121426.59,180253.84
1993-02-11,72796.01,120783.03,178829.83
1993-02-12,71776.86,117389.03,171301.1
1993-02-16,68934.5,108091.82,150950.53
1993-02-17,68741.48,107475.7,149667.45
1993-02-18,69215.8,108948.11,152750.6
1993-02-19,69146.58,108719.32,152277.07
1993-02-22,67639.19,103990.03,142333.38
1993-02-23,67815.05,104530.78,143443.58
1993-02-24,69585.02,109976.83,154660.86
1993-02-25,69891.2,110944.63,156702.39
1993-02-26,69786.36,110611.8,155997.23
1993-03-01,69878.7,109822.9,153774.17
1993-03-02,71304.23,114292.69,163169.78
1993-03-03,72052.92,116704.27,168325.94
1993-03-04,71166.67,113833.34,162114.71
1993-03-05,71173.79,113856.11,162163.35
1993-03-08,71949.58,116338.17,167466.09
1993-03-09,71942.39,116314.9,167415.85
1993-03-10,72316.49,117524.58,170010.8
1993-03-11,72410.5,117841.9,170690.84
1993-03-12,72591.52,118431.1,171971.02
1993-03-15,72925.44,119520.67,174344.22
1993-03-16,72786.89,119054.54,173333.02
1993-03-17,71192.85,113851.86,161962.38
1993-03-18,71164.38,113749.39,161751.83
1993-03-19,70374.45,111224.15,156381.67
1993-03-22,69945.17,109867.22,153519.88
1993-03-23,69686.37,109065.19,151831.16
1993-03-24,69763.03,109294.23,152317.02
1993-03-25,70935.04,112977.44,160009.03
1993-03-26,70587.46,111870.26,157672.9
1993-03-29,70340.41,111087.17,156017.33
1993-03-30,71606.53,115075.2,164426.67
1993-03-31,71950.24,116168.41,166777.97
1993-04-01,71428.7,113366.7,160185.38
1993-04-02,68778.69,104943.55,142340.73
1993-04-05,69487.11,107115.88,146753.3
1993-04-06,68653.27,104534.39,141455.5
1993-04-07,69586.95,107377.73,147226.89
1993-04-08,68856.29,105122.79,142589.24
1993-04-12,70357.36,109706.15,151914.58
1993-04-13,69724.14,107731.44,147812.88
1993-04-14,69849.64,108119.27,148611.07
1993-04-15,69325.77,106508.29,145282.18
1993-04-16,68667.18,104495.29,141156.17
1993-04-19,68021.7,102541.22,137189.68
1993-04-20,68341.41,103515.37,139137.77
1993-04-21,68573.77,104208.92,140543.07
1993-04-22,68224.04,103156.41,138406.81
1993-04-23,67255.26,100216.45,132496.84
1993-04-26,65970.68,96388.18,124891.52
1993-04-27,67448.43,100696.73,133271.74
1993-04-28,68466.9,103737.78,139322.28
1993-04-29,68329.96,103322.82,138486.35
1993-04-30,68528.12,103911.76,139677.33
1993-05-03,70049.74,107491.91,146387.18
1993-05-04,71737.94,112673.02,156970.98
1993-05-05,72161.19,113991.3,159733.67
1993-05-06,71425.15,111665.87,154845.82
1993-05-07,71732.27,112626.2,156843.33
1993-05-10,72062.24,113662.36,159007.77
1993-05-11,71687.52,112480.27,156527.25
1993-05-12,71271.73,111175.5,153803.67
1993-05-13,70608.9,109118.76,149527.93
1993-05-14,71032.56,110428.18,152219.43
1993-05-17,71615.02,112239.2,155964.03
1993-05-18,72288.21,114360.52,160377.81
1993-05-19,74052.04,119941.32,172101.43
1993-05-20,75222.06,123743.46,180276.25
1993-05-21,74454.8,121206.72,174741.77
1993-05-24,74536.7,121485.49,175335.89
1993-05-25,74357.81,120914.51,174091.0
1993-05-26,76008.55,126283.11,185685.46
1993-05-27,75681.71,125184.45,183271.55
1993-05-28,74743.26,122079.88,176453.85
1993-06-01,76146.18,125521.79,183324.19
1993-06-02,76176.64,125634.76,183562.51
1993-06-03,76047.14,125207.6,182626.34
1993-06-04,75347.5,122903.78,177567.59
1993-06-07,74473.47,120052.42,171388.24
1993-06-08,73736.19,117663.37,166280.87
1993-06-09,73632.96,117345.68,165599.12
1993-06-10,73493.05,116888.03,164638.65
1993-06-11,74213.28,119179.04,169495.49
1993-06-14,75044.47,121848.65,175190.53
1993-06-15,75006.95,121738.99,174945.27
1993-06-16,74609.41,120436.38,172146.14
1993-06-17,74400.51,119773.98,170717.33
1993-06-18,73165.46,115797.48,162198.53
1993-06-21,73143.51,115739.58,162068.78
1993-06-22,72799.74,114663.21,159799.81
1993-06-23,72544.94,113849.1,158105.94
1993-06-24,73132.55,115704.84,161963.72
1993-06-25,74032.08,118551.18,167940.18
1993-06-28,75305.43,122617.48,176589.1
1993-06-29,74793.36,120962.15,173004.34
1993-06-30,74830.75,121071.01,173246.55
1993-07-01,74833.57,119978.43,170323.74
1993-07-02,74930.85,120302.37,171005.04
1993-07-06,74226.5,118040.69,166182.69
1993-07-07,73625.27,116128.43,162127.84
1993-07-08,74206.91,117963.26,165970.27
1993-07-09,74570.52,119119.3,168393.43
1993-07-12,74652.55,119393.27,168965.97
1993-07-13,74465.92,118808.25,167715.62
1993-07-14,74830.8,119960.69,170164.27
1993-07-15,74157.32,117801.39,165569.83
1993-07-16,72221.82,111652.16,152622.27
1993-07-19,71810.15,110368.16,149997.17
1993-07-20,73188.91,114606.3,158637.01
1993-07-21,72544.85,112600.69,154464.85
1993-07-22,71659.8,109864.49,148826.89
1993-07-23,72663.04,112929.71,155062.73
1993-07-26,73324.27,114973.74,159280.44
1993-07-27,72422.38,112145.38,153387.06
1993-07-28,73407.33,115195.74,159645.26
1993-07-29,73517.44,115529.81,160347.69
1993-07-30,72598.47,112641.56,154350.69
1993-08-02,73588.23,114668.97,157978.67
1993-08-03,73794.28,115299.65,159289.9
1993-08-04,74598.63,117813.18,164514.61
1993-08-05,75076.06,119309.41,167656.84
1993-08-06,75226.22,119798.58,168679.54
1993-08-09,75053.2,119235.53,167498.79
1993-08-10,74295.16,116838.89,162440.32
1993-08-11,74518.04,117551.61,163918.53
1993-08-12,74450.98,117340.02,163459.56
1993-08-13,74666.89,118020.59,164898.0
1993-08-16,76765.03,124665.15,178815.39
1993-08-17,77501.97,127058.72,183965.28
1993-08-18,77842.98,128189.54,186412.01
1993-08-19,76690.9,124407.95,178153.96
1993-08-20,76813.61,124806.06,179026.92
1993-08-23,76736.79,124556.44,178471.93
1993-08-24,76844.23,124905.2,179203.67
1993-08-25,76214.1,122856.76,174795.26
1993-08-26,75535.8,120657.62,170110.74
1993-08-27,75913.48,121864.2,172679.42
1993-08-30,76498.01,123728.72,176651.04
1993-08-31,77186.49,125968.21,181438.29
1993-09-01,78005.01,127492.6,184157.93
1993-09-02,78090.81,127773.09,184765.65
1993-09-03,77911.2,127185.33,183490.77
1993-09-07,76446.47,122403.16,173141.89
1993-09-08,76064.24,121179.13,170544.76
1993-09-09,76786.85,123469.41,175388.24
1993-09-10,77278.29,125037.48,178738.15
1993-09-13,76644.6,122974.36,174323.32
1993-09-14,75939.47,120711.63,169494.56
1993-09-15,76592.55,122775.8,173850.57
1993-09-16,76263.21,121719.93,171607.9
1993-09-17,76354.72,122024.23,172242.85
1993-09-20,76621.96,122866.19,174034.17
1993-09-21,76246.52,121649.82,171458.47
1993-09-22,77984.94,127209.22,183203.37
1993-09-23,78624.41,129295.45,187710.18
1993-09-24,78828.84,129954.85,189155.55
1993-09-27,79759.02,133021.79,195870.57
1993-09-28,80492.8,135469.39,201257.01
1993-09-29,80677.93,136079.0,202625.56
1993-09-30,79806.61,133139.69,196080.75
1993-10-01,80322.67,133706.51,196718.36
1993-10-04,80635.93,134749.43,199019.96
1993-10-05,79998.91,132633.86,194323.09
1993-10-06,79814.91,132037.01,193001.69
1993-10-07,79304.09,130360.14,189315.36
1993-10-08,80001.97,132654.48,194294.36
1993-10-11,79865.97,132190.18,193284.02
1993-10-12,80265.3,133512.09,196202.61
1993-10-13,81043.87,136115.57,201931.73
1993-10-14,82235.21,140130.98,210857.11
1993-10-15,82333.9,140453.28,211595.11
1993-10-18,81790.49,138585.25,207384.37
1993-10-19,80293.73,133526.89,196019.71
1993-10-20,80542.64,134368.11,197862.29
1993-10-21,81259.47,136773.3,203165.0
1993-10-22,81430.11,137361.43,204465.26
1993-10-25,81267.25,136811.98,203238.46
1993-10-26,80674.0,134828.21,198807.87
1993-10-27,81859.91,138792.16,207575.29
1993-10-28,81647.07,138084.32,205976.96
1993-10-29,82014.48,139313.27,208737.05
1993-11-01,83364.38,142707.4,215723.4
1993-11-02,83422.74,142921.46,216197.99
1993-11-03,81862.73,137576.2,204069.29
1993-11-04,79652.44,130160.84,187560.08
1993-11-05,80950.77,134417.1,196750.53
1993-11-08,81209.82,135263.93,198619.66
1993-11-09,81437.2,136021.41,200268.2
1993-11-10,82927.51,140999.79,211282.95
1993-11-11,83275.8,142198.29,213966.24
1993-11-12,83384.06,142568.0,214822.11
1993-11-15,82525.2,139645.36,208205.59
1993-11-16,83003.85,141265.25,211807.54
1993-11-17,81401.88,135826.53,199565.07
1993-11-18,80547.16,132974.18,193258.81
1993-11-19,80297.46,132163.04,191480.83
1993-11-22,78779.84,127167.27,180604.72
1993-11-23,80434.21,132508.3,192000.88
1993-11-24,81238.56,135158.46,197780.1
1993-11-26,81506.64,136050.51,199757.91
1993-11-29,80846.44,133846.49,194903.79
1993-11-30,81598.31,136336.04,200341.6
1993-12-01,83411.88,141214.79,210482.0
1993-12-02,84095.86,143530.71,215659.86
1993-12-03,85290.02,147592.63,224825.4
1993-12-06,84701.52,145555.85,220171.52
1993-12-07,84269.54,144085.74,216824.91
1993-12-08,83806.06,142500.8,213247.3
1993-12-09,82205.37,137043.01,201006.9
1993-12-10,82147.82,136837.45,200564.69
1993-12-13,82320.33,137412.17,201848.3
1993-12-14,81266.63,133908.16,194117.51
1993-12-15,81713.6,135394.54,197339.86
1993-12-16,81975.08,136261.06,199234.33
1993-12-17,82581.7,138277.73,203657.33
1993-12-20,82722.09,138761.7,204716.35
1993-12-21,82465.65,137901.38,202812.48
1993-12-22,82440.91,137832.43,202650.23
1993-12-23,82844.87,139183.18,205649.46
1993-12-27,83167.96,140268.81,208055.56
1993-12-28,83783.41,142344.79,212674.39
1993-12-29,83917.46,142800.29,213716.49
1993-12-30,84412.57,144499.62,217520.65
1993-12-31,84530.75,144904.22,218412.48
1994-01-03,84444.04,143397.64,214380.99
1994-01-04,85009.81,145333.51,218711.49
1994-01-05,85621.88,147440.84,223457.53
1994-01-06,86289.74,149755.66,228708.78
1994-01-07,86410.54,150174.98,229669.36
1994-01-10,87291.93,153238.55,236697.24
1994-01-11,87064.97,152441.71,234851.0
1994-01-12,87195.57,152899.03,235931.32
1994-01-13,87090.93,152547.37,235105.56
1994-01-14,87892.17,155354.24,241594.47
1994-01-17,87690.02,154624.07,239903.31
1994-01-18,87725.09,154747.77,240191.19
1994-01-19,86751.34,151312.37,232168.81
1994-01-20,87853.09,155140.57,240991.22
1994-01-21,87861.87,155187.12,241087.62
1994-01-24,87361.06,153402.46,236940.91
1994-01-25,86775.74,151346.87,232154.7
1994-01-26,86923.26,151876.59,233361.91
1994-01-27,87505.64,153926.92,238075.82
1994-01-28,88056.93,155866.4,242599.26
1994-01-31,88373.94,156973.05,245195.07
1994-02-01,88065.18,154607.04,238987.6
1994-02-02,88399.83,155782.05,241712.05
1994-02-03,88028.55,154473.48,238666.48
1994-02-04,85326.07,145004.26,216709.17
1994-02-07,85786.84,146570.31,220219.86
1994-02-08,86181.45,147918.75,223258.89
1994-02-09,86707.16,149723.36,227344.53
1994-02-10,86152.24,147791.93,222956.78
1994-02-11,86264.23,148176.19,223826.31
1994-02-14,86971.6,150591.46,229310.05
1994-02-15,87649.98,152955.75,234698.84
1994-02-16,87746.39,153307.55,235496.82
1994-02-17,87456.83,152295.72,233165.4
1994-02-18,87579.27,152706.91,234121.38
1994-02-22,88122.26,154615.75,238499.45
1994-02-23,87787.4,153440.67,235756.7
1994-02-24,86470.59,148852.79,225171.23
1994-02-25,87257.47,151561.92,231318.4
1994-02-28,88487.8,155820.81,241080.04
1994-03-01,88453.87,154444.96,237207.44
1994-03-02,88126.59,153302.06,234574.44
1994-03-03,88126.59,153302.06,234550.98
1994-03-04,88954.98,156168.81,241141.86
1994-03-07,89666.62,158683.13,246953.38
1994-03-08,88949.29,156144.2,241001.8
1994-03-09,89189.45,156987.38,242953.92
1994-03-10,88475.94,154475.58,237123.02
1994-03-11,88405.16,154212.97,236530.22
1994-03-14,89156.6,156850.01,242585.39
1994-03-15,89138.77,156771.59,242415.58
1994-03-16,89673.6,158652.85,246779.06
1994-03-17,90355.12,161048.51,252380.94
1994-03-18,90156.34,160339.89,250689.99
1994-03-21,89182.65,156860.52,242542.57
1994-03-22,88683.23,155103.68,238443.6
1994-03-23,88647.75,154979.6,238157.47
1994-03-24,87229.39,150004.75,226702.09
1994-03-25,86348.37,146989.66,219855.69
1994-03-28,85061.78,142624.06,210050.12
1994-03-29,82705.57,134722.69,192573.95
1994-03-30,82110.09,132782.68,188433.61
1994-03-31,82693.07,134681.47,192466.09
1994-04-04,81554.17,129855.32,181561.8
1994-04-05,84571.67,139464.62,201715.16
1994-04-06,84453.27,139074.12,200867.95
1994-04-07,84934.66,140659.56,204302.8
1994-04-08,83618.17,136285.05,194782.29
1994-04-11,83392.4,135535.48,193185.07
1994-04-12,81566.11,129612.58,180512.13
1994-04-13,79779.81,123948.51,168670.53
1994-04-14,79428.78,122870.16,166460.95
1994-04-15,79571.75,123300.21,167343.19
1994-04-18,78306.56,119379.26,159360.92
1994-04-19,77633.12,117325.94,155249.41
1994-04-20,77206.14,116023.62,152672.27
1994-04-21,79738.5,123623.17,167679.96
1994-04-22,80185.04,125007.74,170496.98
1994-04-25,81427.91,128870.48,178408.04
1994-04-26,81574.48,129334.42,179371.44
1994-04-28,80921.88,127265.07,175048.59
1994-04-29,81091.82,127812.31,176168.9
1994-05-02,83027.83,132828.9,185997.02
1994-05-03,82430.03,130902.88,181960.88
1994-05-04,82528.95,131217.05,182634.14
1994-05-05,82685.75,131702.55,183656.89
1994-05-06,81883.7,129147.52,178330.84
1994-05-09,80450.74,124614.44,168950.64
1994-05-10,80893.22,125985.2,171738.32
1994-05-11,79833.51,122684.39,165006.18
1994-05-12,80152.85,123665.86,166986.26
1994-05-13,79752.08,122441.57,164498.16
1994-05-16,78803.03,119539.71,158642.03
1994-05-17,78803.03,119551.66,158657.89
1994-05-18,80568.22,124919.53,169335.57
1994-05-19,81253.05,127030.67,173636.69
1994-05-20,80960.54,126116.05,171761.41
1994-05-23,80855.29,125788.15,171091.54
1994-05-24,82407.71,130618.41,180963.53
1994-05-25,82679.66,131480.5,182755.06
1994-05-26,82142.24,129784.4,179209.62
1994-05-27,82364.03,130485.23,180661.21
1994-05-31,82808.79,131894.47,183587.93
1994-06-01,83392.1,132659.26,184640.19
1994-06-02,83708.99,133654.21,186726.62
1994-06-03,84177.76,135137.77,189844.96
1994-06-06,84186.18,135151.28,189882.93
1994-06-07,83571.62,133164.56,185705.5
1994-06-08,81590.97,126865.87,172520.41
1994-06-09,81435.95,126383.78,171537.05
1994-06-10,82388.75,129341.16,177575.15
1994-06-13,81779.07,127439.85,173650.74
1994-06-14,82989.4,131212.07,181360.83
1994-06-15,83080.69,131487.61,181941.19
1994-06-16,83089.0,131500.76,181977.57
1994-06-17,81801.12,127424.24,173515.62
1994-06-20,80893.13,124608.16,167754.9
1994-06-21,79388.52,119972.74,158377.4
1994-06-22,79880.72,121472.4,161339.06
1994-06-23,77739.92,114961.48,148367.4
1994-06-24,77359.0,113834.86,146186.4
1994-06-27,79424.48,119913.64,157910.55
1994-06-28,79623.04,120501.21,159079.08
1994-06-29,79774.33,120959.12,159969.93
1994-06-30,79239.84,119338.27,156754.53
1994-07-01,79684.02,119658.51,156908.57
1994-07-05,78990.77,117588.42,152828.95
1994-07-06,78264.05,115424.79,148595.59
1994-07-07,79508.45,119083.76,155668.74
1994-07-08,79524.35,119131.39,155777.7
1994-07-11,79413.02,118785.91,155107.86
1994-07-12,79968.91,120448.91,158380.64
1994-07-13,81704.24,125664.35,168675.38
1994-07-14,81344.74,124558.5,166448.86
1994-07-15,81279.66,124371.67,166066.03
1994-07-18,81490.99,125005.96,167344.74
1994-07-19,80724.97,122655.85,162625.62
1994-07-20,79578.68,119160.16,155681.5
1994-07-21,80175.52,120935.64,159168.77
1994-07-22,80808.91,122834.33,162925.15
1994-07-25,81043.25,123546.77,164326.31
1994-07-26,80581.31,122125.98,161499.9
1994-07-27,80097.82,120648.26,158576.75
1994-07-28,80169.91,120865.43,159004.9
1994-07-29,81941.66,126219.77,169562.83
1994-08-01,83200.12,129064.08,174773.57
1994-08-02,83025.4,128509.11,173655.02
1994-08-03,82510.65,126928.44,170442.4
1994-08-04,81858.81,124922.97,166402.92
1994-08-05,81768.77,124648.14,165853.79
1994-08-08,82153.08,125832.3,168208.91
1994-08-09,82547.41,127040.29,170631.12
1994-08-10,83273.83,129276.2,175152.84
1994-08-11,83398.74,129664.03,175941.03
1994-08-12,83949.17,131375.59,179424.66
1994-08-15,83974.36,131454.42,179604.09
1994-08-16,84738.53,133860.03,184525.24
1994-08-17,86153.66,138344.35,193788.41
1994-08-18,85869.35,137431.27,191889.28
1994-08-19,85534.46,136359.31,189644.18
1994-08-22,85243.64,135432.07,187709.81
1994-08-23,86121.65,138208.42,193491.27
1994-08-24,86500.59,139424.66,196045.35
1994-08-25,87183.94,141613.62,200672.02
1994-08-26,88910.19,147235.69,212612.01
1994-08-29,88723.47,146632.02,211293.81
1994-08-30,89459.88,149066.11,216533.9
1994-08-31,88601.06,146218.95,210319.38
1994-09-01,87693.27,142082.63,200826.54
1994-09-02,87649.42,141940.55,200525.3
1994-09-06,88157.79,143601.25,204034.49
1994-09-07,88907.13,146056.83,209257.78
1994-09-08,89733.97,148773.49,215116.99
1994-09-09,88414.88,144384.67,205608.82
1994-09-12,87707.56,142060.08,200653.65
1994-09-13,88830.21,145696.82,208378.82
1994-09-14,89078.94,146498.15,210108.36
1994-09-15,91163.39,153354.26,224857.97
1994-09-16,90570.82,151375.99,220495.72
1994-09-19,90434.97,150937.0,219525.54
1994-09-20,88861.4,145684.39,208066.31
1994-09-21,88159.39,143382.58,203135.14
1994-09-22,88124.13,143267.87,202891.37
1994-09-23,87375.08,140832.32,197717.64
1994-09-26,87086.74,139888.74,195740.47
1994-09-27,87182.53,140196.5,196386.41
1994-09-28,87775.37,142103.17,200373.05
1994-09-29,87608.6,141563.18,199230.93
1994-09-30,88195.58,143460.13,203255.39
1994-10-03,88438.36,143139.55,202003.1
1994-10-04,86183.18,135839.44,186549.86
1994-10-05,87148.43,138882.24,192817.93
1994-10-06,86215.95,135910.16,186628.48
1994-10-07,87233.29,139117.64,193216.46
1994-10-10,88472.01,143054.67,201428.16
1994-10-11,90144.13,148476.44,212869.28
1994-10-12,90044.97,148149.79,212166.82
1994-10-13,90044.97,148164.61,212188.03
1994-10-14,89801.85,147379.34,210490.53
1994-10-17,89361.82,145935.02,207396.32
1994-10-18,89620.97,146781.44,209200.67
1994-10-19,90911.51,151008.75,218238.13
1994-10-20,90747.87,150450.01,217037.82
1994-10-21,90194.31,148599.48,213044.33
1994-10-24,89806.47,147321.52,210274.75
1994-10-25,89734.63,147085.81,209791.12
1994-10-26,90937.07,151042.42,218245.7
1994-10-27,91337.19,152386.69,221148.37
1994-10-28,92734.65,157064.97,231321.19
1994-10-31,93003.58,157991.65,233356.82
1994-11-01,92830.36,156193.52,228782.13
1994-11-02,92570.43,155318.84,226860.36
1994-11-03,92403.81,154759.69,225635.31
1994-11-04,90888.38,149668.1,214511.49
1994-11-07,90597.54,148725.19,212473.63
1994-11-08,92237.36,154109.04,224010.95
1994-11-09,92440.28,154771.71,225467.02
1994-11-10,91941.1,153100.17,221814.46
1994-11-11,91637.7,152089.71,219618.49
1994-11-14,93314.67,157640.99,231653.59
1994-11-15,93230.68,157341.47,231004.96
1994-11-16,93445.11,158065.24,232575.79
1994-11-17,93052.64,156737.49,229645.34
1994-11-18,93378.33,157850.33,232079.58
1994-11-21,92668.65,155435.22,226764.95
1994-11-22,90101.73,146808.56,207898.11
1994-11-23,89930.54,146250.69,206713.09
1994-11-25,90838.84,149190.33,212955.83
1994-11-28,91438.37,151159.64,217172.35
1994-11-29,92636.21,155120.02,225685.51
1994-11-30,91663.53,151878.02,218598.98
1994-12-01,90735.0,147669.53,208932.79
1994-12-02,91524.39,150253.75,214406.83
1994-12-05,91679.99,150749.59,215478.86
1994-12-06,91056.56,148699.39,211104.64
1994-12-07,90091.36,145546.97,204412.62
1994-12-08,87938.18,138589.82,189776.68
1994-12-09,88465.81,140266.76,193211.64
1994-12-12,88518.89,140449.11,193578.74
1994-12-13,88209.07,139480.01,191565.52
1994-12-14,89144.09,142450.93,197676.46
1994-12-15,89607.64,143946.67,200779.98
1994-12-16,89222.32,142708.72,198189.92
1994-12-19,88856.51,141552.78,195772.0
1994-12-20,88900.94,141694.34,196065.66
1994-12-21,90536.72,146908.69,206888.49
1994-12-22,90989.4,148392.47,210012.5
1994-12-23,91298.77,149401.53,212133.63
1994-12-27,91956.12,151552.92,216694.5
1994-12-28,91100.92,148718.88,210627.06
1994-12-29,92476.55,153210.19,220168.46
1994-12-30,92014.17,151678.09,216843.92
1995-01-03,91080.2,147460.56,207237.42
1995-01-04,91453.62,148684.49,209807.17
1995-01-05,91078.67,147465.27,207247.52
1995-01-06,91898.37,150104.9,212822.48
1995-01-09,92339.49,151560.92,215908.41
1995-01-10,93262.88,154592.14,222385.66
1995-01-11,93150.96,154236.58,221607.31
1995-01-12,93197.54,154406.24,221961.88
1995-01-13,93924.48,156799.53,227133.59
1995-01-16,94647.7,159214.25,232403.09
1995-01-17,95385.95,161713.91,237864.56
1995-01-18,95929.65,163557.45,241932.05
1995-01-19,95603.49,162445.26,239464.34
1995-01-20,93844.39,156451.03,226221.96
1995-01-23,94247.92,157796.51,229140.23
1995-01-24,94643.76,159106.22,232004.48
1995-01-25,94019.11,157006.02,227410.79
1995-01-26,93022.51,153661.79,220156.39
1995-01-27,93189.95,154199.6,221323.21
1995-01-30,91931.88,150020.8,212337.49
1995-01-31,92759.27,152721.17,218070.6
1995-02-01,93660.29,154523.55,221368.31
1995-02-02,94596.89,157629.47,228031.49
1995-02-03,95741.51,161459.87,236331.84
1995-02-06,96842.54,165173.45,244485.29
1995-02-07,96755.38,164892.65,243849.63
1995-02-08,97926.12,168883.05,252701.37
1995-02-09,98102.39,169491.03,254065.96
1995-02-10,99103.03,172948.65,261814.97
1995-02-13,98647.16,171340.23,258175.74
1995-02-14,98883.91,172179.79,260060.42
1995-02-15,99496.99,174332.04,264923.55
1995-02-16,99118.9,173024.55,261929.92
1995-02-17,97919.56,168854.66,252448.05
1995-02-21,97723.72,168196.13,250958.61
1995-02-22,98730.28,171677.79,258738.33
1995-02-23,99144.95,173137.05,262024.3
1995-02-24,98540.16,171042.09,257255.46
1995-02-27,97692.72,168117.27,250644.0
1995-02-28,99470.72,174253.55,264354.22
1995-03-01,99350.9,172569.13,259901.45
1995-03-02,99788.05,174070.48,263306.16
1995-03-03,100945.59,178108.92,272442.88
1995-03-06,101076.82,178572.0,273478.16
1995-03-07,99894.22,174393.42,263879.08
1995-03-08,101023.03,178334.71,272824.58
1995-03-09,101023.03,178334.71,272851.86
1995-03-10,102114.07,182204.57,281719.55
1995-03-13,101899.63,181421.09,279916.54
1995-03-14,103163.19,185902.19,290301.45
1995-03-15,102533.89,183652.77,285017.96
1995-03-16,102790.23,184571.04,287155.6
1995-03-17,102615.49,183961.95,285719.82
1995-03-20,103231.18,186169.5,290862.78
1995-03-21,103355.06,186597.69,291880.8
1995-03-22,103355.06,186597.69,291880.8
1995-03-23,103747.81,188015.83,295179.05
1995-03-24,105272.9,193562.3,308225.96
1995-03-27,105662.41,194994.66,311647.27
1995-03-28,106454.88,197919.58,318628.17
1995-03-29,104453.52,190458.01,300625.68
1995-03-30,103659.68,187544.0,293741.35
1995-03-31,103369.43,186475.0,291244.55
1995-04-03,104181.04,188096.85,294370.25
1995-04-04,102639.16,182529.18,281329.65
1995-04-05,103285.79,184847.3,286674.91
1995-04-06,102180.63,180910.06,277501.31
1995-04-07,103130.91,184274.98,285243.6
1995-04-10,104368.48,188716.01,295540.89
1995-04-11,105286.92,192056.28,303372.73
1995-04-12,106139.75,195148.39,310714.35
1995-04-13,106596.15,196807.15,314691.49
1995-04-17,106159.1,195213.01,310852.26
1995-04-18,105320.45,192109.13,303453.97
1995-04-19,103845.96,186710.86,290678.56
1995-04-20,104302.88,188335.25,294486.45
1995-04-21,104845.26,190293.93,299080.44
1995-04-24,106019.52,194575.55,309159.45
1995-04-25,106645.04,196871.54,314631.57
1995-04-26,107562.19,200238.04,322717.6
1995-04-27,108100.0,202240.42,327558.37
1995-04-28,109083.71,205900.97,336467.95
1995-05-01,108761.83,203304.96,329419.87
1995-05-02,108609.56,202715.37,328003.37
1995-05-03,110836.06,211026.7,348208.37
1995-05-04,110647.64,210288.11,346397.69
1995-05-05,109762.46,206923.5,338084.14
1995-05-08,111277.18,212634.59,352047.02
1995-05-09,111099.13,211932.89,350321.99
1995-05-10,110365.88,209156.57,343420.65
1995-05-11,111922.04,215075.7,357981.68
1995-05-12,112761.45,218323.35,366072.07
1995-05-15,113494.4,221161.55,373247.08
1995-05-16,114595.3,225429.97,384071.25
1995-05-17,115443.3,228788.88,392636.03
1995-05-18,113884.82,222611.58,376773.54
1995-05-19,114317.58,224303.42,381068.76
1995-05-22,115540.78,229081.09,393262.96
1995-05-23,117412.54,236503.31,412414.86
1995-05-24,116802.0,234043.68,405981.19
1995-05-25,117070.64,235120.28,408823.06
1995-05-26,115759.45,229877.1,395127.49
1995-05-30,112495.03,216912.03,361739.21
1995-05-31,113901.22,222334.83,375304.43
1995-06-01,115076.19,225442.0,382418.59
1995-06-02,115467.45,226997.55,386357.5
1995-06-05,117384.21,234511.17,405559.47
1995-06-06,116046.03,229187.76,391729.89
1995-06-07,116521.82,231067.1,396548.17
1995-06-08,117395.73,234510.0,405430.85
1995-06-09,117290.07,234087.89,404336.19
1995-06-12,117595.03,235281.73,407449.58
1995-06-13,118441.71,238693.32,416291.23
1995-06-14,118619.37,239409.4,418206.17
1995-06-15,120007.22,244987.64,432843.39
1995-06-16,121315.3,250328.37,446997.37
1995-06-19,124348.18,262869.82,480566.87
1995-06-20,126462.1,271807.39,505075.78
1995-06-21,125513.63,267757.46,493762.08
1995-06-22,127986.25,278307.11,522894.04
1995-06-23,127653.49,276887.74,518867.76
1995-06-26,125738.69,268581.11,495518.71
1995-06-27,123714.29,259932.8,471535.61
1995-06-28,124369.98,262688.08,479080.18
1995-06-29,125675.86,268204.53,494123.29
1995-06-30,126103.16,270028.32,499163.35
1995-07-03,126818.39,271475.17,502261.6
1995-07-05,127858.3,275927.37,514617.24
1995-07-06,130325.96,286578.16,544413.57
1995-07-07,133545.02,300735.12,584809.06
1995-07-10,134960.59,307080.64,603347.51
1995-07-11,132706.75,296824.14,573119.8
1995-07-12,136409.27,313386.93,621089.92
1995-07-13,137241.37,317210.25,632455.87
1995-07-14,138792.19,324379.2,653896.12
1995-07-17,140457.7,332131.86,677370.99
1995-07-18,136117.56,311606.12,614578.7
1995-07-19,131067.59,288516.1,546237.55
1995-07-20,129494.78,281562.86,526518.38
1995-07-21,128899.11,278944.33,519199.77
1995-07-24,132392.27,294091.01,561462.63
1995-07-25,134762.1,304619.46,591613.18
1995-07-26,135732.38,309005.98,604392.02
1995-07-27,137469.76,316947.44,627661.11
1995-07-28,135105.28,306012.75,595211.03
1995-07-31,133862.31,300351.52,578723.69
1995-08-01,132078.15,290622.56,549683.28
1995-08-02,130268.68,282659.51,527146.26
1995-08-03,130620.4,284185.87,531468.86
1995-08-04,132396.84,291915.72,553152.79
1995-08-07,133125.02,295126.8,562224.5
1995-08-08,133617.59,297281.22,568408.97
1995-08-09,135929.17,307567.15,597909.39
1995-08-10,134569.88,301446.57,580031.9
1995-08-11,135955.95,307686.51,598012.89
1995-08-14,138104.05,317409.4,626358.7
1995-08-15,137938.33,316679.36,624166.45
1995-08-16,140862.62,330106.57,663863.43
1995-08-17,140820.36,329941.51,663332.34
1995-08-18,140637.3,329116.66,660811.68
1995-08-21,136713.51,310719.04,605435.66
1995-08-22,139160.69,321842.78,637947.56
1995-08-23,139647.75,324095.68,644646.01
1995-08-24,137720.61,315150.64,617957.66
1995-08-25,137004.46,311841.56,608255.73
1995-08-28,133688.95,296748.43,564035.54
1995-08-29,133876.12,297549.65,566348.08
1995-08-30,135295.21,303857.7,584357.95
1995-08-31,136228.74,308050.94,596395.72
1995-09-01,135881.03,304755.76,585853.15
1995-09-05,141126.03,328313.38,653753.53
1995-09-06,140829.67,326934.46,649700.26
1995-09-07,142012.64,332459.66,666137.68
1995-09-08,143233.95,338144.72,683257.42
1995-09-11,144537.37,344265.13,701842.02
1995-09-12,143641.24,340030.67,688857.94
1995-09-13,144043.44,341934.85,694713.23
1995-09-14,143193.58,337900.01,682416.81
1995-09-15,139613.74,321005.01,631235.55
1995-09-18,140116.35,323316.25,638052.89
1995-09-19,142456.3,334147.34,670083.15
1995-09-20,142969.14,336553.2,677320.05
1995-09-21,140996.16,327230.68,649211.26
1995-09-22,140474.48,324809.17,642005.02
1995-09-25,139364.73,319644.71,626725.3
1995-09-26,137664.48,311845.38,603849.83
1995-09-27,136590.7,306949.4,589659.35
1995-09-28,141152.83,327422.93,648684.26
1995-09-29,138696.77,316028.61,614822.94
1995-10-02,136524.19,304405.57,579941.87
1995-10-03,136360.36,303644.55,577796.08
1995-10-04,132992.26,288644.51,534923.61
1995-10-05,136263.87,302845.82,574400.98
1995-10-06,134996.61,297212.89,558375.19
1995-10-09,130123.24,275754.12,497903.16
1995-10-10,131034.1,279614.68,508359.12
1995-10-11,134257.54,293399.68,545926.86
1995-10-12,136338.53,302524.41,571367.05
1995-10-13,135602.3,299257.15,562110.91
1995-10-16,135236.18,297641.16,557557.81
1995-10-17,140226.39,319607.07,619279.46
1995-10-18,142259.67,328875.68,646218.12
1995-10-19,143042.1,332493.31,656880.71
1995-10-20,140782.04,321986.52,625678.88
1995-10-23,141148.07,323628.66,630496.61
1995-10-24,141373.91,324664.27,633586.04
1995-10-25,139012.96,313852.95,601906.74
1995-10-26,138568.12,311844.29,596188.63
1995-10-27,141200.92,323694.37,630171.38
1995-10-30,144434.42,338487.2,673401.13
1995-10-31,142455.66,329212.65,645724.35
1995-11-01,143470.31,332053.61,653138.95
1995-11-02,146755.78,347294.87,698074.91
1995-11-03,148428.79,355213.2,722018.88
1995-11-06,147003.87,348357.58,701152.53
1995-11-07,142343.85,326306.55,634543.04
1995-11-08,142941.7,329047.52,642474.83
1995-11-09,147287.12,349086.52,701132.78
1995-11-10,146491.77,345316.38,689774.43
1995-11-13,145231.94,339376.94,671909.27
1995-11-14,141252.59,320813.02,616745.52
1995-11-15,141676.35,322769.98,622357.9
1995-11-16,141251.32,320833.36,616756.68
1995-11-17,140559.19,317689.2,607690.36
1995-11-20,136468.91,299199.68,554638.99
1995-11-21,137083.02,301862.56,562071.15
1995-11-22,135849.28,296429.04,546839.03
1995-11-24,138063.62,306092.62,573579.45
1995-11-27,137014.34,301409.4,560444.48
1995-11-28,142768.94,326727.79,631004.45
1995-11-29,143140.14,328459.45,635989.38
1995-11-30,141737.36,322054.49,617354.89
1995-12-01,140630.08,315264.76,596909.61
1995-12-04,143259.86,327055.66,630396.24
1995-12-05,141641.03,319664.21,608962.77
1995-12-06,141343.58,318321.62,605126.3
1995-12-07,140665.13,315233.9,596351.97
1995-12-08,143605.03,328379.15,633683.6
1995-12-11,142815.21,324799.82,623291.19
1995-12-12,140158.84,312749.74,588573.87
1995-12-13,140761.53,315408.12,596107.62
1995-12-14,135665.96,292604.11,531429.94
1995-12-15,134946.93,289502.51,522980.21
1995-12-18,131289.87,273840.42,480514.21
1995-12-19,137749.33,300786.32,551438.11
1995-12-20,135393.82,290469.35,523094.19
1995-12-21,139130.69,306503.25,566458.7
1995-12-22,140188.08,311162.1,579373.96
1995-12-26,140160.04,311068.76,579084.27
1995-12-27,139024.74,306060.55,565070.43
1995-12-28,137008.89,297184.79,540489.87
1995-12-29,138036.45,301612.85,552596.84
1996-01-02,140877.72,312294.05,581083.54
1996-01-03,137595.27,297741.15,540465.8
1996-01-04,135476.3,288570.72,515496.28
1996-01-05,135869.18,290273.29,520032.65
1996-01-08,135393.64,288241.37,514520.3
1996-01-09,128488.56,258840.75,435798.7
1996-01-10,128694.15,259694.93,437934.11
1996-01-11,133481.57,279016.23,486807.56
1996-01-12,132880.9,276505.08,480235.66
1996-01-15,128482.54,258228.1,432596.28
1996-01-16,131270.61,269435.2,460801.56
1996-01-17,131139.34,268896.33,459419.15
1996-01-18,133263.8,277581.68,481700.98
1996-01-19,135742.51,287907.72,508628.07
1996-01-22,137330.69,294644.76,526480.91
1996-01-23,136396.85,290608.12,515688.05
1996-01-24,139956.8,305748.81,556014.86
1996-01-25,137577.54,295383.92,527713.7
1996-01-26,138733.19,300316.83,540959.32
1996-01-29,138538.96,299475.95,538633.19
1996-01-30,140409.24,307531.85,560393.97
1996-01-31,142290.72,315773.7,582921.81
1996-02-01,145218.17,327027.01,613176.32
1996-02-02,145101.99,326536.47,611766.02
1996-02-05,148497.38,341785.72,654650.81
1996-02-06,149403.21,345921.33,666565.46
1996-02-07,148402.21,341320.58,653234.15
1996-02-08,150509.52,351014.08,681061.92
1996-02-09,150313.86,350136.55,678473.89
1996-02-12,150870.02,352692.54,685937.1
1996-02-13,149240.62,345074.38,663712.74
1996-02-14,149016.76,344004.65,660659.66
1996-02-15,149657.53,346928.69,669116.1
1996-02-16,149373.19,345610.36,665235.23
1996-02-20,148835.44,343156.53,658117.21
1996-02-21,151350.76,354789.54,691549.57
1996-02-22,155240.48,373025.72,744868.04
1996-02-23,155038.66,372093.15,742037.54
1996-02-26,153906.88,366697.8,725861.12
1996-02-27,152260.08,358850.47,702560.98
1996-02-28,152336.21,359245.21,703685.08
1996-02-29,150264.43,349437.81,674904.36
1996-03-01,146392.27,329641.42,616644.18
1996-03-04,145601.75,326081.29,606654.54
1996-03-05,149081.63,341667.98,650151.67
1996-03-06,147128.66,332750.44,624665.73
1996-03-07,147540.62,334613.85,629912.92
1996-03-08,143217.68,315038.94,574606.57
1996-03-11,146554.65,329688.25,614714.1
1996-03-12,144986.52,322665.89,595043.25
1996-03-13,148799.66,339605.85,641932.66
1996-03-14,147787.83,334987.21,628837.24
1996-03-15,150492.34,347214.24,663297.52
1996-03-18,153291.5,360130.61,700243.19
1996-03-19,152356.42,355737.01,687428.74
1996-03-20,148928.4,339764.42,641096.04
1996-03-21,148019.94,335619.3,629363.98
1996-03-22,148345.58,337129.58,633580.72
1996-03-25,144696.28,320576.52,586885.82
1996-03-26,145723.63,325160.77,599445.18
1996-03-27,147166.29,331631.46,617308.65
1996-03-28,147166.29,331664.63,617370.38
1996-03-29,147548.92,333422.45,622247.6
1996-04-01,148848.39,337528.81,632836.11
1996-04-02,149533.09,340634.08,641569.25
1996-04-03,150205.99,343699.78,650166.28
1996-04-04,150070.8,343081.12,648345.81
1996-04-08,148269.95,334881.49,625070.2
1996-04-09,148373.74,335383.81,626445.35
1996-04-10,147898.95,333237.35,620431.48
1996-04-11,146671.38,327738.94,605044.78
1996-04-12,146906.06,328787.7,608009.5
1996-04-15,148375.12,335330.58,626188.98
1996-04-16,151980.63,351627.64,671900.78
1996-04-17,150704.0,345755.46,655036.07
1996-04-18,153793.43,359931.43,695320.79
1996-04-19,153685.77,359427.53,693930.14
1996-04-22,156421.38,372223.15,731055.41
1996-04-23,158892.84,384022.62,765780.54
1996-04-24,161196.78,395197.68,799168.57
1996-04-25,161841.57,398359.26,808838.51
1996-04-26,161841.57,398319.43,808757.63
1996-04-29,161922.49,398757.58,810051.64
1996-04-30,161857.72,398438.57,809079.58
1996-05-01,163965.06,406877.45,833705.05
1996-05-02,159915.13,386777.7,771927.5
1996-05-03,160970.57,391883.17,787211.67
1996-05-06,161421.28,394077.72,793824.25
1996-05-07,160904.74,391555.62,786282.92
1996-05-08,161564.45,394766.37,795954.2
1996-05-09,161322.1,393582.08,792372.4
1996-05-10,163758.06,405468.25,828266.87
1996-05-13,167655.5,424728.0,887322.3
1996-05-14,169332.06,433265.03,914030.7
1996-05-15,168045.14,426679.4,893282.2
1996-05-16,169288.67,432994.26,913023.74
1996-05-17,168205.22,427451.93,895493.68
1996-05-20,168810.76,430486.84,905075.47
1996-05-21,167494.04,423771.24,883896.7
1996-05-22,167628.03,424491.65,886106.44
1996-05-23,168516.46,428991.27,900195.53
1996-05-24,167741.29,425044.55,887772.84
1996-05-28,166801.93,420326.55,872947.03
1996-05-29,164867.03,410532.94,842481.18
1996-05-30,166565.16,418948.87,868429.6
1996-05-31,168597.26,429171.22,900214.12
1996-06-03,168336.32,425761.21,888464.41
1996-06-04,169144.33,429891.1,901347.14
1996-06-05,170801.95,438273.97,927756.62
1996-06-06,167795.83,422802.9,878678.29
1996-06-07,168886.51,428299.34,895724.65
1996-06-10,168244.74,425044.26,885513.39
1996-06-11,168749.47,427637.03,893571.56
1996-06-12,170268.22,435334.5,917697.99
1996-06-13,168974.18,428673.88,896682.71
1996-06-14,166355.08,415384.99,855076.63
1996-06-17,165706.3,412103.45,844986.73
1996-06-18,162690.44,397061.68,798765.95
1996-06-19,163097.17,399046.98,804676.82
1996-06-20,162297.99,395136.32,792848.07
1996-06-21,164278.03,404738.14,821787.03
1996-06-24,165411.54,410323.52,838798.02
1996-06-25,163178.49,399244.79,804910.58
1996-06-26,161138.76,389263.67,774726.43
1996-06-27,163942.57,402771.12,815089.68
1996-06-28,165450.84,410141.83,837504.64
1996-07-01,168340.54,422468.31,874290.25
1996-07-02,166657.13,413976.7,847974.11
1996-07-03,165107.22,406276.73,824315.63
1996-07-05,161144.65,386775.45,765047.34
1996-07-08,160725.67,384802.89,759156.47
1996-07-09,161898.97,390382.54,775706.08
1996-07-10,161089.47,386478.71,764070.49
1996-07-11,155773.52,361009.76,688503.92
1996-07-12,155602.17,360179.44,686163.01
1996-07-15,148693.43,328231.53,594834.71
1996-07-16,150492.62,336207.55,616486.69
1996-07-17,154676.32,354867.07,667840.04
1996-07-18,157723.44,368848.83,707309.38
1996-07-19,155105.23,356603.05,672085.38
1996-07-22,152902.74,346439.86,643387.33
1996-07-23,146603.15,317927.86,563928.99
1996-07-24,148245.1,325049.45,582877.01
1996-07-25,152010.53,341529.46,627233.95
1996-07-26,155202.75,355839.54,666686.96
1996-07-29,152052.13,341356.87,626019.06
1996-07-30,154454.55,352143.75,655692.36
1996-07-31,155844.65,358517.55,673461.63
1996-08-01,160050.01,376034.98,721812.9
1996-08-02,164179.3,395400.78,777609.04
1996-08-05,162504.68,387334.61,753814.2
1996-08-06,165121.0,399845.51,790298.81
1996-08-07,167746.42,412560.6,827996.06
1996-08-08,166555.42,406702.24,810359.75
1996-08-09,166755.29,407637.66,813196.01
1996-08-12,167022.1,408942.1,817099.35
1996-08-13,164500.07,396551.15,780003.04
1996-08-14,166490.52,406108.03,808239.15
1996-08-15,166473.87,406026.81,807915.85
1996-08-16,165291.9,400261.23,790707.24
1996-08-19,164796.03,397859.66,783511.81
1996-08-20,162983.27,389106.75,757655.92
1996-08-21,164107.86,394437.51,773263.63
1996-08-22,167603.35,411240.55,822675.18
1996-08-23,166597.73,406346.79,807949.29
1996-08-26,165448.21,400779.84,791305.53
1996-08-27,166953.79,408074.03,812908.18
1996-08-28,167104.05,408808.56,815103.03
1996-08-29,164998.54,398506.59,784292.13
1996-08-30,163150.55,389580.04,757861.49
1996-09-03,165057.95,396789.42,778003.05
1996-09-04,165041.44,396670.38,777691.85
1996-09-05,160882.4,376678.19,718820.58
1996-09-06,163810.46,390426.95,758140.06
1996-09-09,165727.04,399562.94,784674.96
1996-09-10,165644.17,399163.38,783497.95
1996-09-11,166505.52,403274.76,795642.17
1996-09-12,169103.01,415856.93,832878.22
1996-09-13,174581.95,442804.46,913833.99
1996-09-16,174913.65,444487.12,919134.22
1996-09-17,178184.54,461110.94,970789.57
1996-09-18,179449.65,467658.71,991467.39
1996-09-19,181692.77,479396.94,1028746.56
1996-09-20,183328.0,488074.03,1056625.59
1996-09-23,180853.08,474944.84,1013937.92
1996-09-24,181630.74,479076.86,1027119.11
1996-09-25,183882.97,490957.96,1065327.94
1996-09-26,183607.14,489485.09,1060533.96
1996-09-27,183643.86,489631.94,1061064.23
1996-09-30,181880.88,480231.0,1030505.58
1996-10-01,181614.88,476692.86,1018118.01
1996-10-02,184847.63,493615.46,1072383.7
1996-10-03,183794.0,487988.24,1054045.94
1996-10-04,187708.81,508776.54,1121399.48
1996-10-07,189154.17,516611.7,1147303.8
1996-10-08,186260.11,500803.38,1094527.83
1996-10-09,186446.37,501754.91,1097701.96
1996-10-10,185812.45,498393.15,1086615.17
1996-10-11,189324.3,517232.41,1148226.25
1996-10-14,190895.7,525818.47,1176817.08
1996-10-15,191659.28,530025.02,1190938.89
1996-10-16,189819.35,519848.54,1156639.85
1996-10-17,186877.15,503785.22,1102971.76
1996-10-18,187138.78,505195.82,1107604.24
1996-10-21,184537.55,491100.85,1061306.38
1996-10-22,182157.01,478430.45,1020127.7
1996-10-23,185381.19,495414.73,1074398.49
1996-10-24,185066.05,493730.32,1068811.62
1996-10-25,183863.12,487311.83,1047969.79
1996-10-28,183385.07,484826.54,1039900.42
1996-10-29,180799.34,471202.91,996016.63
1996-10-30,182064.94,477846.87,1017032.58
1996-10-31,185924.72,498155.36,1081817.55
1996-11-01,187300.91,503342.72,1097470.0
1996-11-04,187488.21,504299.08,1100652.66
1996-11-05,190881.75,522504.27,1160308.03
1996-11-06,195100.24,545598.96,1237236.46
1996-11-07,197207.32,557438.46,1277446.64
1996-11-08,198015.87,561953.71,1293031.49
1996-11-11,199520.79,570495.41,1322512.61
1996-11-12,196887.11,555434.33,1270141.11
1996-11-13,198029.06,561877.37,1292241.57
1996-11-14,200761.86,577441.37,1345869.59
1996-11-15,198212.18,562716.61,1294457.37
1996-11-18,196685.95,554050.78,1264555.41
1996-11-19,199773.92,571503.38,1324242.42
1996-11-20,200413.2,575218.15,1337087.57
1996-11-21,198449.15,563943.87,1297777.2
1996-11-22,202914.25,589377.74,1385506.94
1996-11-25,203583.87,593326.57,1399362.01
1996-11-26,204642.51,599497.17,1421192.05
1996-11-27,206341.04,609448.82,1456579.74
1996-11-29,206753.72,611825.67,1465173.56
1996-12-02,209885.84,627939.98,1521662.29
1996-12-03,208206.76,617955.73,1485294.56
1996-12-04,207394.75,613135.68,1467916.61
1996-12-05,207685.1,614852.46,1473935.07
1996-12-06,205545.95,602186.5,1428537.87
1996-12-09,212863.38,645062.18,1580962.86
1996-12-10,210947.61,633515.56,1538434.96
1996-12-11,212782.86,644602.09,1578741.96
1996-12-12,209548.56,625006.18,1506751.32
1996-12-13,205839.55,602880.96,1426742.83
1996-12-16,199911.37,568215.31,1303614.92
1996-12-17,202690.14,584011.69,1357845.3
1996-12-18,207838.47,613737.89,1461448.9
1996-12-19,209625.88,624294.18,1499008.13
1996-12-20,207215.18,609997.84,1447442.26
1996-12-23,204915.09,596455.89,1399242.43
1996-12-24,207558.5,611784.81,1453253.19
1996-12-26,209447.28,622858.11,1492781.67
1996-12-27,207520.36,611335.24,1451431.62
1996-12-30,205362.15,598619.46,1406001.81
1996-12-31,204088.91,591196.58,1379850.18
1997-01-02,203156.78,583412.83,1351362.82
1997-01-03,211242.42,629852.49,1512850.68
1997-01-06,212531.0,637536.69,1540535.85
1997-01-07,215357.66,654431.42,1601849.17
1997-01-08,212493.41,637088.98,1538095.58
1997-01-09,213449.63,642822.78,1559013.68
1997-01-10,215605.47,655743.52,1606095.89
1997-01-13,215303.62,653907.44,1599350.29
1997-01-14,219545.1,679671.39,1693711.95
1997-01-15,215220.06,652892.34,1593613.58
1997-01-16,217609.01,667386.55,1646840.27
1997-01-17,220046.23,682402.75,1702338.79
1997-01-20,224117.08,707583.41,1796648.36
1997-01-21,227590.9,729589.25,1880372.17
1997-01-22,230526.82,748412.66,1953142.57
1997-01-23,227345.55,727756.47,1872282.47
1997-01-24,223776.23,704832.14,1783910.74
1997-01-27,221650.35,691440.33,1732890.89
1997-01-28,221894.17,692961.5,1738609.43
1997-01-29,222315.77,695525.45,1748345.64
1997-01-30,227117.79,725502.6,1861463.61
1997-01-31,229570.66,741173.46,1921775.03
1997-02-03,229196.39,735962.57,1900168.87
1997-02-04,228760.92,733239.51,1889527.92
1997-02-05,221532.07,686972.1,1710589.63
1997-02-06,221066.85,684086.81,1699812.91
1997-02-07,224648.14,706182.82,1782253.84
1997-02-10,217706.51,662611.34,1617217.13
1997-02-11,217619.43,662081.25,1615276.47
1997-02-12,224800.87,705844.82,1775350.37
1997-02-13,226599.27,717138.34,1817958.78
1997-02-14,224650.52,704803.56,1771055.44
1997-02-18,224066.43,701068.1,1757064.1
1997-02-19,224088.84,701278.42,1757766.93
1997-02-20,219741.51,674068.82,1655464.89
1997-02-21,215764.19,649667.52,1565407.6
1997-02-24,219755.83,673640.26,1652131.19
1997-02-25,220195.34,676334.82,1662209.19
1997-02-26,219865.05,674373.45,1654895.47
1997-02-27,211817.99,625009.31,1473022.45
1997-02-28,212305.17,627884.35,1483333.61
1997-03-03,214209.68,636679.03,1513213.52
1997-03-04,215709.15,645528.86,1544839.68
1997-03-05,218211.38,660569.69,1598754.58
1997-03-06,213061.59,629390.8,1485722.63
1997-03-07,210440.93,613907.78,1430899.47
1997-03-10,213892.16,634043.96,1501442.81
1997-03-11,212309.36,624660.11,1468110.78
1997-03-12,210016.42,611167.45,1420397.18
1997-03-13,210310.44,612878.72,1426362.85
1997-03-14,209931.88,610672.36,1418660.49
1997-03-17,208252.43,600840.53,1384470.77
1997-03-18,207086.21,594111.12,1361211.66
1997-03-19,203130.87,571475.48,1283350.36
1997-03-20,205609.06,585476.63,1330449.32
1997-03-21,203347.36,572654.7,1286677.53
1997-03-24,200764.85,558052.0,1237526.45
1997-03-25,201969.44,564748.62,1259801.93
1997-03-26,208775.81,602812.68,1387167.9
1997-03-27,204871.7,580207.21,1309209.07
1997-03-31,199442.6,549456.22,1205257.87
1997-04-01,199882.62,549571.25,1204552.11
1997-04-02,196644.52,531820.1,1146131.33
1997-04-03,201855.6,559953.39,1237134.16
1997-04-04,206296.43,584647.33,1318908.73
1997-04-07,208792.61,598737.33,1366653.22
1997-04-08,210817.9,610292.96,1406286.17
1997-04-09,207908.61,593387.85,1347925.29
1997-04-10,204083.1,571491.84,1273385.02
1997-04-11,198185.09,538516.76,1163109.88
1997-04-14,202406.44,561457.57,1237432.6
1997-04-15,200200.21,549217.8,1196968.55
1997-04-16,200360.37,550096.54,1199841.28
1997-04-17,202764.69,563298.86,1242915.58
1997-04-18,204832.89,574733.83,1280824.51
1997-04-21,201330.25,555135.4,1215246.29
1997-04-22,205236.06,576674.66,1285973.62
1997-04-23,210223.29,604701.05,1379721.1
1997-04-24,210160.22,604398.7,1378617.33
1997-04-25,205347.56,576717.24,1283906.32
1997-04-28,208058.14,591942.57,1334877.4
1997-04-29,214799.23,630300.45,1464627.48
1997-04-30,219438.89,657529.43,1559388.88
1997-05-01,221786.38,669150.13,1599354.07
1997-05-02,228661.75,710704.35,1748253.93
1997-05-05,234515.5,747092.41,1882519.83
1997-05-06,230012.8,718478.77,1774274.94
1997-05-07,228609.72,709641.48,1741628.28
1997-05-08,231147.29,725324.56,1799450.34
1997-05-09,231101.06,724961.9,1798190.72
1997-05-12,232487.66,733661.44,1830558.16
1997-05-13,228953.85,711358.13,1746901.65
1997-05-14,228793.58,710362.23,1743233.16
1997-05-15,234284.63,744530.65,1868920.27
1997-05-16,230137.79,718174.27,1769680.6
1997-05-19,229700.53,715445.21,1759770.39
1997-05-20,236867.19,760160.53,1924660.88
1997-05-21,238975.31,773767.41,1976241.79
1997-05-22,237852.12,766571.37,1948574.4
1997-05-23,241110.7,787575.42,2028660.81
1997-05-27,247524.24,829474.44,2190750.81
1997-05-28,247029.19,826073.59,2177387.23
1997-05-29,243990.73,805834.79,2097259.38
1997-05-30,241062.84,786414.17,2021548.31
1997-06-02,241514.53,786678.1,2021037.29
1997-06-03,234244.94,739320.08,1838335.52
1997-06-04,232277.29,726825.57,1791825.63
1997-06-05,234460.69,740489.89,1842175.93
1997-06-06,238071.39,763371.02,1927468.68
1997-06-09,240475.91,778867.46,1986063.72
1997-06-10,237085.2,756981.28,1902251.84
1997-06-11,239076.71,769622.87,1949998.36
1997-06-12,239315.79,771162.11,1956043.35
1997-06-13,242953.39,794605.44,2045238.93
1997-06-16,245844.54,813517.05,2118253.96
1997-06-17,249237.19,836051.47,2206161.5
1997-06-18,244750.92,805953.62,2087028.78
1997-06-19,247369.76,823201.03,2154022.4
1997-06-20,247246.07,822295.51,2150575.96
1997-06-23,244130.77,801573.66,2069284.19
1997-06-24,248500.71,830270.0,2180611.68
1997-06-25,246686.66,818148.06,2132856.29
1997-06-26,243701.75,798267.06,2055220.32
1997-06-27,242605.09,791082.65,2027680.37
1997-06-30,241173.72,781668.77,1991587.65
1997-07-01,240707.02,775833.2,1967983.39
1997-07-02,246387.71,812452.53,2107316.62
1997-07-03,249073.34,830082.75,2176015.14
1997-07-07,250219.07,837719.51,2205826.55
1997-07-08,253947.34,862683.55,2304426.99
1997-07-09,255039.31,870102.63,2334154.1
1997-07-10,255013.81,869928.61,2333453.86
1997-07-11,256416.38,879497.83,2372189.19
1997-07-14,263057.57,924967.86,2556271.07
1997-07-15,267371.71,955399.31,2682295.24
1997-07-16,278574.59,1035557.31,3019727.98
1997-07-17,276429.56,1019609.73,2949972.26
1997-07-18,270375.76,974950.82,2756454.08
1997-07-21,267212.36,952136.97,2659702.54
1997-07-22,275415.78,1010598.18,2904661.15
1997-07-23,275691.19,1012720.44,2913665.59
1997-07-24,274643.57,1005023.76,2880449.81
1997-07-25,274011.89,1000400.65,2860574.7
1997-07-28,271436.18,981593.12,2779906.5
1997-07-29,274639.12,1004856.88,2878593.18
1997-07-30,277934.79,1028973.44,2982222.53
1997-07-31,279463.43,1040292.15,3031429.2
1997-08-01,280439.37,1044434.92,3047695.24
1997-08-04,284281.39,1072948.0,3172650.74
1997-08-05,287408.49,1096445.56,3277030.95
1997-08-06,288788.05,1106861.79,3323892.49
1997-08-07,287228.59,1094797.0,3269713.04
1997-08-08,282029.75,1055055.86,3091840.65
1997-08-11,278532.58,1028890.48,2976824.18
1997-08-12,275914.38,1009444.45,2892580.06
1997-08-13,278011.33,1024888.95,2958820.14
1997-08-14,279123.37,1033190.55,2994621.87
1997-08-15,279123.37,1033190.55,2994621.87
1997-08-18,275578.51,1006947.51,2880826.23
1997-08-19,283570.28,1065451.16,3131746.2
1997-08-20,289610.33,1110839.38,3331864.78
1997-08-21,282949.29,1059740.77,3101966.11
1997-08-22,280968.65,1044904.4,3037135.02
1997-08-25,280181.93,1039052.93,3011623.09
1997-08-26,276483.53,1011725.84,2892663.97
1997-08-27,276151.75,1009297.7,2882250.38
1997-08-28,270766.79,969834.16,2713350.51
1997-08-29,271687.4,976332.05,2740755.35
1997-09-02,279427.59,1028799.51,2960007.53
1997-09-03,278840.79,1024478.55,2941359.48
1997-09-04,280207.11,1034518.44,2984597.47
1997-09-05,281552.1,1044449.82,3027874.13
1997-09-08,283241.41,1056983.22,3082375.86
1997-09-09,285507.35,1073789.25,3156044.65
1997-09-10,279483.14,1028475.35,2956267.02
1997-09-11,280014.16,1032383.55,2973117.74
1997-09-12,280266.17,1034241.84,2981145.16
1997-09-15,273735.97,986046.17,2772763.11
1997-09-16,282906.12,1052209.87,3051703.08
1997-09-17,280897.49,1037373.71,2987006.98
1997-09-18,281066.03,1038618.56,2992383.59
1997-09-19,283455.09,1056171.21,3068390.13
1997-09-22,284702.29,1065571.14,3109199.72
1997-09-23,287577.79,1087202.23,3203719.39
1997-09-24,282717.72,1050454.8,3041611.19
1997-09-25,280342.89,1032807.16,2964658.43
1997-09-26,280427.0,1033426.84,2967326.62
1997-09-29,283455.61,1055748.86,3063468.0
1997-09-30,277984.91,1014996.95,2886093.21
1997-10-01,279710.25,1024534.88,2924984.9
1997-10-02,282451.41,1044718.21,3011271.95
1997-10-03,285388.9,1066448.35,3104922.51
1997-10-06,285759.91,1069327.76,3117342.2
1997-10-07,289531.94,1097451.08,3240477.21
1997-10-08,290690.07,1106340.44,3279686.99
1997-10-09,291416.79,1111872.14,3304284.64
1997-10-10,288764.9,1091636.07,3214077.67
1997-10-13,289457.94,1096875.92,3236897.62
1997-10-14,287171.22,1079435.59,3159859.46
1997-10-15,284041.05,1055903.9,3056216.07
1997-10-16,279041.93,1018736.08,2894847.86
1997-10-17,272875.1,973809.82,2703208.93
1997-10-20,276204.18,997570.78,2802146.38
1997-10-21,281866.36,1038471.18,2974478.38
1997-10-22,278850.39,1016351.74,2879295.07
1997-10-23,272743.57,971835.54,2690125.39
1997-10-24,268352.4,940542.43,2560192.33
1997-10-27,248440.65,800871.88,1990037.5
1997-10-28,265707.28,912273.16,2405159.32
1997-10-29,261349.68,882350.6,2287066.0
1997-10-30,253979.62,832586.03,2093351.51
1997-10-31,258779.83,864057.78,2212044.54
1997-11-03,267187.87,917295.8,2414992.36
1997-11-04,266386.3,911883.76,2393498.93
1997-11-05,266199.83,910698.31,2388711.93
1997-11-06,262952.19,888477.27,2301523.95
1997-11-07,261453.37,878437.48,2262398.04
1997-11-10,257191.68,849800.42,2151540.54
1997-11-11,257037.36,848865.63,2147882.92
1997-11-12,249197.72,797084.83,1951351.63
1997-11-13,254979.11,834149.28,2087360.84
1997-11-14,261328.09,875606.49,2243077.96
1997-11-17,266894.38,912819.77,2386186.33
1997-11-18,263478.13,889542.87,2294795.4
1997-11-19,264189.52,894346.4,2313383.24
1997-11-20,270133.78,934591.99,2469536.61
1997-11-21,268621.03,924218.02,2428295.35
1997-11-24,261905.51,878099.54,2246416.02
1997-11-25,263895.99,891446.65,2297634.31
1997-11-26,265479.37,902054.86,2338761.96
1997-11-28,267072.24,912879.52,2380859.68
1997-12-01,274876.97,963341.38,2576631.17
1997-12-02,267950.07,914885.31,2382095.52
1997-12-03,270388.41,931536.22,2446888.52
1997-12-04,268144.19,915979.57,2385716.3
1997-12-05,272595.38,946481.69,2504763.55
1997-12-08,275812.01,968818.66,2593682.65
1997-12-09,267592.81,911077.06,2362066.79
1997-12-10,263150.77,880829.31,2244199.66
1997-12-11,255177.3,827451.05,2039977.49
1997-12-12,249231.67,788809.09,1897179.07
1997-12-15,250727.06,798274.79,1931518.01
1997-12-16,254011.58,819269.42,2007619.82
1997-12-17,250531.62,796821.44,1924905.88
1997-12-18,246247.53,769490.46,1825965.72
1997-12-19,247035.53,774492.15,1843677.59
1997-12-22,248517.74,783708.61,1876679.41
1997-12-23,241857.46,741780.2,1725982.06
1997-12-24,239172.85,725238.5,1668334.26
1997-12-26,243023.53,748518.66,1748747.97
1997-12-29,249244.93,786917.66,1883226.69
1997-12-30,254329.53,818945.21,1998291.84
1997-12-31,252371.19,806415.35,1952331.13
1998-01-02,257321.72,835318.77,2055940.61
1998-01-05,259663.35,850521.57,2112067.79
