date,A,B,C
1995-01-03,9845.0,9690.0,9535.0
1995-01-04,9885.36,9770.43,9653.23
1995-01-05,9844.83,9690.31,9535.46
1995-01-06,9933.44,9863.77,9791.97
1995-01-09,9981.12,9959.44,9933.95
1995-01-10,10080.93,10158.63,10231.97
1995-01-11,10068.83,10135.27,10196.16
1995-01-12,10073.87,10146.42,10212.47
1995-01-13,10152.44,10303.69,10450.42
1995-01-16,10230.62,10462.36,10692.87
1995-01-17,10310.42,10626.62,10944.16
1995-01-18,10369.19,10747.77,11131.3
1995-01-19,10333.93,10674.68,11017.76
1995-01-20,10143.79,10280.79,10408.48
1995-01-23,10187.4,10369.2,10542.75
1995-01-24,10230.19,10455.26,10674.53
1995-01-25,10162.67,10317.26,10463.18
1995-01-26,10054.95,10097.5,10129.4
1995-01-27,10073.05,10132.84,10183.09
1995-01-30,9937.06,9858.24,9769.65
1995-01-31,10026.49,10035.69,10033.43
1995-02-01,10571.76,10625.24,10668.26
1995-02-02,10677.48,10838.81,10989.38
1995-02-03,10806.67,11102.19,11389.39
1995-02-06,10930.95,11357.54,11782.32
1995-02-07,10921.11,11338.23,11751.69
1995-02-08,11053.26,11612.62,12178.28
1995-02-09,11073.15,11654.42,12244.04
1995-02-10,11186.1,11892.17,12617.48
1995-02-13,11134.64,11781.58,12442.1
1995-02-14,11161.37,11839.31,12532.93
1995-02-15,11230.57,11987.3,12767.29
1995-02-16,11187.89,11897.39,12623.02
1995-02-17,11052.52,11610.67,12166.07
1995-02-21,11030.41,11565.38,12094.29
1995-02-22,11144.03,11804.79,12469.21
1995-02-23,11190.83,11905.13,12627.57
1995-02-24,11122.57,11761.08,12397.75
1995-02-27,11026.91,11559.96,12079.13
1995-02-28,11227.6,11981.9,12739.86
1995-03-01,11654.89,12325.88,12992.27
1995-03-02,11706.17,12433.11,13162.47
1995-03-03,11841.96,12721.56,13619.21
1995-03-06,11857.36,12754.64,13670.96
1995-03-07,11718.63,12456.18,13191.11
1995-03-08,11851.05,12737.69,13638.29
1995-03-09,11851.05,12737.69,13639.65
1995-03-10,11979.04,13014.1,14082.94
1995-03-13,11953.88,12958.14,13992.81
1995-03-14,12102.11,13278.2,14511.94
1995-03-15,12028.29,13117.53,14247.83
1995-03-16,12058.36,13183.12,14354.68
1995-03-17,12037.86,13139.62,14282.91
1995-03-20,12110.09,13297.29,14540.0
1995-03-21,12124.62,13327.88,14590.89
1995-03-22,12124.62,13327.88,14590.89
1995-03-23,12170.69,13429.17,14755.77
1995-03-24,12349.6,13825.33,15407.98
1995-03-27,12395.3,13927.64,15579.0
1995-03-28,12488.26,14136.55,15927.97
1995-03-29,12253.48,13603.6,15028.04
1995-03-30,12160.35,13395.47,14683.9
1995-03-31,12126.31,13319.11,14559.09
1995-04-03,12664.18,13902.03,15194.62
1995-04-04,12476.75,13490.53,14521.5
1995-04-05,12555.36,13661.86,14797.41
1995-04-06,12421.02,13370.86,14323.89
1995-04-07,12536.53,13619.56,14723.53
1995-04-10,12686.97,13947.79,15255.05
1995-04-11,12798.61,14194.67,15659.3
1995-04-12,12902.28,14423.2,16038.26
1995-04-13,12957.76,14545.8,16243.55
1995-04-17,12904.64,14427.98,16045.38
1995-04-18,12802.69,14198.57,15663.5
1995-04-19,12623.45,13799.59,15004.06
1995-04-20,12679.0,13919.65,15200.62
1995-04-21,12744.93,14064.41,15437.75
1995-04-24,12887.67,14380.86,15958.0
1995-04-25,12963.71,14550.56,16240.46
1995-04-26,13075.19,14799.37,16657.84
1995-04-27,13140.57,14947.36,16907.7
1995-04-28,13260.15,15217.91,17367.59
1995-05-01,13656.95,15482.14,17467.36
1995-05-02,13637.83,15437.25,17392.25
1995-05-03,13917.4,16070.17,18463.61
1995-05-04,13893.74,16013.93,18367.6
1995-05-05,13782.59,15757.7,17926.78
1995-05-08,13972.79,16192.62,18667.15
1995-05-09,13950.44,16139.18,18575.68
1995-05-10,13858.37,15927.76,18209.74
1995-05-11,14053.77,16378.51,18981.84
1995-05-12,14159.17,16625.83,19410.83
1995-05-15,14251.21,16841.96,19791.28
1995-05-16,14389.44,17167.01,20365.23
1995-05-17,14495.92,17422.8,20819.37
1995-05-18,14300.23,16952.39,19978.27
1995-05-19,14354.57,17081.23,20206.02
1995-05-22,14508.16,17445.06,20852.61
1995-05-23,14743.2,18010.28,21868.13
1995-05-24,14666.53,17822.97,21526.99
1995-05-25,14700.26,17904.95,21677.68
1995-05-26,14535.62,17505.67,20951.48
1995-05-30,14125.72,16518.35,19181.08
1995-05-31,14302.29,16931.31,19900.37
1995-06-01,14889.62,17635.26,20759.42
1995-06-02,14940.25,17756.94,20973.24
1995-06-05,15188.26,18344.7,22015.61
1995-06-06,15015.11,17928.27,21264.88
1995-06-07,15076.67,18075.28,21526.43
1995-06-08,15189.75,18344.61,22008.63
1995-06-09,15176.08,18311.59,21949.2
1995-06-12,15215.53,18404.97,22118.21
1995-06-13,15325.08,18671.85,22598.18
1995-06-14,15348.07,18727.86,22702.13
1995-06-15,15527.65,19164.22,23496.7
1995-06-16,15696.9,19582.0,24265.04
1995-06-19,16089.32,20563.06,26087.35
1995-06-20,16362.84,21262.2,27417.8
1995-06-21,16240.12,20945.4,26803.65
1995-06-22,16560.05,21770.65,28385.06
1995-06-23,16516.99,21659.62,28166.5
1995-06-26,16269.24,21009.83,26899.0
1995-06-27,16007.3,20333.31,25597.09
1995-06-28,16092.14,20548.84,26006.64
1995-06-29,16261.11,20980.37,26823.25
1995-06-30,16316.39,21123.04,27096.85
1995-07-03,16844.98,21698.72,27740.35
1995-07-05,16983.11,22054.58,28422.77
1995-07-06,17310.89,22905.88,30068.45
1995-07-07,17738.46,24037.43,32299.52
1995-07-10,17926.49,24544.62,33323.42
1995-07-11,17627.12,23724.83,31653.92
1995-07-12,18118.92,25048.68,34303.35
1995-07-13,18229.44,25354.27,34931.1
1995-07-14,18435.43,25927.28,36115.26
1995-07-17,18656.66,26546.94,37411.8
1995-07-18,18080.17,24906.34,33943.73
1995-07-19,17409.39,23060.78,30169.19
1995-07-20,17200.48,22505.01,29080.08
1995-07-21,17121.36,22295.72,28675.86
1995-07-24,17585.35,23506.38,31010.08
1995-07-25,17900.13,24347.9,32675.32
1995-07-26,18029.01,24698.51,33381.11
1995-07-27,18259.78,25333.27,34666.28
1995-07-28,17945.71,24459.27,32874.03
1995-07-31,17780.61,24006.77,31963.42
1995-08-01,17969.84,23673.54,30807.79
1995-08-02,17723.65,23024.89,29544.67
1995-08-03,17771.51,23149.22,29786.94
1995-08-04,18013.2,23778.88,31002.24
1995-08-07,18112.27,24040.45,31510.68
1995-08-08,18179.29,24215.94,31857.3
1995-08-09,18493.79,25053.81,33510.69
1995-08-10,18308.85,24555.24,32508.72
1995-08-11,18497.43,25063.54,33516.49
1995-08-14,18789.69,25855.54,35105.17
1995-08-15,18767.14,25796.08,34982.3
1995-08-16,19165.01,26889.83,37207.18
1995-08-17,19159.26,26876.38,37177.41
1995-08-18,19134.35,26809.19,37036.14
1995-08-21,18600.5,25310.56,33932.51
1995-08-22,18933.45,26216.68,35754.69
1995-08-23,18999.72,26400.19,36130.11
1995-08-24,18737.52,25671.55,34634.32
1995-08-25,18640.09,25402.0,34090.57
1995-08-28,18189.0,24172.54,31612.18
1995-08-29,18214.46,24237.81,31741.79
1995-08-30,18407.53,24751.65,32751.18
1995-08-31,18534.55,25093.22,33425.85
1995-09-01,18916.53,25278.42,33298.23
1995-09-05,19646.71,27232.45,37157.49
1995-09-06,19605.45,27118.07,36927.11
1995-09-07,19770.14,27576.37,37861.37
1995-09-08,19940.16,28047.92,38834.41
1995-09-11,20121.62,28555.59,39890.7
1995-09-12,19996.86,28204.36,39152.73
1995-09-13,20052.85,28362.3,39485.52
1995-09-14,19934.54,28027.62,38786.63
1995-09-15,19436.18,26626.24,35877.63
1995-09-18,19506.15,26817.95,36265.11
1995-09-19,19831.9,27716.35,38085.62
1995-09-20,19903.3,27915.91,38496.94
1995-09-21,19628.63,27142.64,36899.32
1995-09-22,19556.0,26941.79,36489.74
1995-09-25,19401.51,26513.41,35621.28
1995-09-26,19164.81,25866.48,34321.11
1995-09-27,19015.33,25460.38,33514.56
1995-09-28,19650.44,27158.59,36869.37
1995-09-29,19308.52,26213.47,34944.79
1995-10-02,19428.2,25690.34,33406.71
1995-10-03,19404.89,25626.12,33283.11
1995-10-04,18925.58,24360.19,30813.5
1995-10-05,19391.15,25558.71,33087.54
1995-10-06,19210.82,25083.32,32164.39
1995-10-09,18517.31,23272.3,28680.99
1995-10-10,18646.93,23598.11,29283.29
1995-10-11,19105.64,24761.5,31447.33
1995-10-12,19401.78,25531.58,32912.77
1995-10-13,19297.01,25255.84,32379.58
1995-10-16,19244.91,25119.46,32117.31
1995-10-17,19955.04,26973.28,35672.7
1995-10-18,20244.39,27755.5,37224.46
1995-10-19,20355.74,28060.81,37838.66
1995-10-20,20034.12,27174.09,36041.33
1995-10-23,20086.2,27312.68,36318.84
1995-10-24,20118.34,27400.08,36496.81
1995-10-25,19782.37,26487.66,34671.97
1995-10-26,19719.06,26318.13,34342.58
1995-10-27,20093.72,27318.22,36300.11
1995-10-30,20553.87,28566.67,38790.3
1995-10-31,20272.28,27783.94,37196.02
1995-11-01,20847.06,28484.76,38099.36
1995-11-02,21324.46,29792.21,40720.6
1995-11-03,21567.56,30471.47,42117.32
1995-11-06,21360.51,29883.37,40900.13
1995-11-07,20683.38,27991.75,37014.61
1995-11-08,20770.25,28226.88,37477.3
1995-11-09,21401.67,29945.9,40898.97
1995-11-10,21286.1,29622.48,40236.41
1995-11-13,21103.04,29112.98,39194.29
1995-11-14,20524.82,27520.5,35976.44
1995-11-15,20586.39,27688.37,36303.82
1995-11-16,20524.63,27522.24,35977.09
1995-11-17,20424.06,27252.52,35448.22
1995-11-20,19829.72,25666.43,32353.59
1995-11-21,19918.95,25894.86,32787.13
1995-11-22,19739.68,25428.75,31898.6
1995-11-24,20061.44,26257.73,33458.44
1995-11-27,19908.97,25855.99,32692.24
1995-11-28,20745.15,28027.89,36808.2
1995-11-29,20799.09,28176.44,37098.98
1995-11-30,20595.26,27627.0,36011.98
1995-12-01,20856.88,27491.32,35274.23
1995-12-04,21246.9,28519.5,37253.11
1995-12-05,21006.81,27874.96,35986.5
1995-12-06,20962.7,27757.89,35759.79
1995-12-07,20862.08,27488.63,35241.27
1995-12-08,21298.1,28634.91,37447.38
1995-12-11,21180.96,28322.79,36833.24
1995-12-12,20786.99,27272.01,34781.63
1995-12-13,20876.38,27503.83,35226.83
1995-12-14,20120.65,25515.3,31404.72
1995-12-15,20014.01,25244.84,30905.39
1995-12-18,19471.63,23879.09,28395.87
1995-12-19,20429.64,26228.79,32587.1
1995-12-20,20080.29,25329.15,30912.12
1995-12-21,20634.5,26727.32,33474.74
1995-12-22,20791.33,27133.57,34237.96
1995-12-26,20787.17,27125.43,34220.84
1995-12-27,20618.79,26688.71,33392.7
1995-12-28,20319.82,25914.74,31940.12
1995-12-29,20472.22,26300.87,32655.57
1996-01-02,21326.65,27704.06,34833.25
1996-01-03,20829.74,26413.05,32398.4
1996-01-04,20508.96,25599.53,30901.6
1996-01-05,20568.44,25750.56,31173.53
1996-01-08,20496.45,25570.31,30843.09
1996-01-09,19451.13,22962.14,26124.1
1996-01-10,19482.25,23037.91,26252.11
1996-01-11,20206.99,24751.93,29181.84
1996-01-12,20116.06,24529.17,28787.89
1996-01-15,19450.22,22907.79,25932.13
1996-01-16,19872.29,23901.99,27622.9
1996-01-17,19852.41,23854.18,27540.03
1996-01-18,20174.02,24624.67,28875.73
1996-01-19,20549.26,25540.71,30489.88
1996-01-22,20789.69,26138.36,31560.07
1996-01-23,20648.32,25780.27,30913.09
1996-01-24,21187.24,27123.42,33330.5
1996-01-25,20827.05,26203.94,31633.97
1996-01-26,21002.0,26641.54,32427.99
1996-01-29,20972.6,26566.94,32288.55
1996-01-30,21255.73,27281.6,33593.0
1996-01-31,21540.56,28012.74,34943.44
1996-02-01,22415.25,29482.18,37251.06
1996-02-02,22397.31,29437.95,37165.38
1996-02-05,22921.41,30812.7,39770.67
1996-02-06,23061.23,31185.54,40494.5
1996-02-07,22906.72,30770.77,39684.61
1996-02-08,23232.0,31644.66,41375.17
1996-02-09,23201.79,31565.55,41217.95
1996-02-12,23287.64,31795.98,41671.34
1996-02-13,23036.13,31109.18,40321.19
1996-02-14,23001.58,31012.75,40135.72
1996-02-15,23100.49,31276.35,40649.45
1996-02-16,23056.6,31157.5,40413.69
1996-02-20,22973.59,30936.29,39981.26
1996-02-21,23361.85,31985.03,42012.31
1996-02-22,23962.25,33629.06,45251.46
1996-02-23,23931.09,33544.98,45079.5
1996-02-26,23756.4,33058.58,44096.77
1996-02-27,23502.2,32351.13,42681.26
1996-02-28,23513.96,32386.71,42749.55
1996-02-29,23194.17,31502.56,41001.1
1996-03-01,23007.03,30146.41,37890.5
1996-03-04,22882.8,29820.83,37276.67
1996-03-05,23429.7,31246.26,39949.41
1996-03-06,23122.77,30430.74,38383.39
1996-03-07,23187.51,30601.15,38705.81
1996-03-08,22508.12,28810.98,35307.44
1996-03-11,23032.56,30150.69,37771.9
1996-03-12,22786.11,29508.48,36563.2
1996-03-13,23385.38,31057.68,39444.38
1996-03-14,23226.36,30635.29,38639.72
1996-03-15,23651.4,31753.48,40757.17
1996-03-18,24091.32,32934.71,43027.35
1996-03-19,23944.36,32532.91,42239.95
1996-03-20,23405.61,31072.18,39392.98
1996-03-21,23262.84,30693.1,38672.08
1996-03-22,23314.02,30831.22,38931.19
1996-03-25,22740.49,29317.4,36061.96
1996-03-26,22901.95,29736.64,36833.68
1996-03-27,23128.68,30328.4,37931.33
1996-03-28,23128.68,30331.44,37935.12
1996-03-29,23188.81,30492.19,38234.81
1996-04-01,23816.73,31326.91,39362.31
1996-04-02,23926.29,31615.11,39905.51
1996-04-03,24033.96,31899.65,40440.25
1996-04-04,24012.33,31842.23,40327.01
1996-04-08,23724.18,31081.2,38879.27
1996-04-09,23740.79,31127.82,38964.81
1996-04-10,23664.82,30928.61,38590.75
1996-04-11,23468.4,30418.28,37633.7
1996-04-12,23505.95,30515.62,37818.1
1996-04-15,23741.01,31122.88,38948.86
1996-04-16,24317.92,32635.46,41792.13
1996-04-17,24113.64,32090.44,40743.15
1996-04-18,24607.97,33406.15,43248.85
1996-04-19,24590.75,33359.38,43162.35
1996-04-22,25028.46,34546.98,45471.54
1996-04-23,25423.91,35642.12,47631.44
1996-04-24,25792.56,36679.3,49708.17
1996-04-25,25895.73,36972.74,50309.64
1996-04-26,25895.73,36969.04,50304.61
1996-04-29,25908.68,37009.7,50385.09
1996-04-30,25898.32,36980.1,50324.63
1996-05-01,26659.66,38225.95,52339.2
1996-05-02,26001.16,36337.59,48460.87
1996-05-03,26172.77,36817.25,49420.39
1996-05-06,26246.06,37023.42,49835.53
1996-05-07,26162.07,36786.47,49362.09
1996-05-08,26269.33,37088.12,49969.24
1996-05-09,26229.93,36976.86,49744.38
1996-05-10,26626.0,38093.56,51997.8
1996-05-13,27259.7,39903.0,55705.24
1996-05-14,27532.3,40705.05,57381.97
1996-05-15,27323.05,40086.34,56079.4
1996-05-16,27525.24,40679.61,57318.76
1996-05-17,27349.08,40158.91,56218.24
1996-05-20,27447.54,40444.04,56819.77
1996-05-21,27233.45,39813.12,55490.19
1996-05-22,27255.23,39880.8,55628.91
1996-05-23,27399.69,40303.53,56513.41
1996-05-24,27273.65,39932.74,55733.53
1996-05-28,27120.92,39489.49,54802.78
1996-05-29,26806.31,38569.38,52890.16
1996-05-30,27082.42,39360.06,54519.18
1996-05-31,27412.82,40320.44,56514.58
1996-06-03,27787.22,40448.97,56239.18
1996-06-04,27920.59,40841.33,57054.65
1996-06-05,28194.22,41637.74,58726.35
1996-06-06,27698.0,40167.92,55619.73
1996-06-07,27878.03,40690.11,56698.75
1996-06-10,27772.1,40380.86,56052.38
1996-06-11,27855.41,40627.18,56562.46
1996-06-12,28106.11,41358.47,58089.65
1996-06-13,27892.51,40725.69,56759.4
1996-06-14,27460.17,39463.19,54125.76
1996-06-17,27353.08,39151.43,53487.08
1996-06-18,26855.25,37722.41,50561.33
1996-06-19,26922.39,37911.02,50935.49
1996-06-20,26790.47,37539.49,50186.73
1996-06-21,27117.31,38451.7,52018.55
1996-06-24,27304.42,38982.33,53095.33
1996-06-25,26935.81,37929.81,50950.28
1996-06-26,26599.12,36981.57,49039.65
1996-06-27,27061.94,38264.83,51594.61
1996-06-28,27310.91,38965.07,53013.46
1996-07-01,28211.39,40601.67,55830.6
1996-07-02,27929.27,39785.57,54150.1
1996-07-03,27669.53,39045.56,52639.31
1996-07-05,27005.46,37171.37,48854.54
1996-07-08,26935.25,36981.8,48478.36
1996-07-09,27131.88,37518.04,49535.19
1996-07-10,26996.22,37142.86,48792.16
1996-07-11,26105.34,34695.14,43966.62
1996-07-12,26076.63,34615.34,43817.13
1996-07-15,24918.82,31544.96,37985.07
1996-07-16,25220.34,32311.5,39367.73
1996-07-17,25921.47,34104.79,42647.06
1996-07-18,26432.12,35448.52,45167.5
1996-07-19,25993.35,34271.63,42918.16
1996-07-22,25624.24,33294.89,41085.55
1996-07-23,24568.52,30554.72,36011.49
1996-07-24,24843.69,31239.15,37221.47
1996-07-25,25474.72,32822.97,40054.03
1996-07-26,26009.69,34198.25,42573.43
1996-07-29,25481.69,32806.38,39976.45
1996-07-30,25884.3,33843.07,41871.33
1996-07-31,26117.26,34455.63,43006.04
1996-08-01,27248.09,36612.52,46594.97
1996-08-02,27951.09,38498.07,50196.76
1996-08-05,27665.99,37712.71,48660.74
1996-08-06,28111.41,38930.83,51015.92
1996-08-07,28558.38,40168.83,53449.38
1996-08-08,28355.62,39598.43,52310.91
1996-08-09,28389.65,39689.51,52494.0
1996-08-12,28435.07,39816.51,52745.97
1996-08-13,28005.7,38610.07,50351.3
1996-08-14,28344.57,39540.57,52174.02
1996-08-15,28341.73,39532.67,52153.15
1996-08-16,28140.51,38971.3,51042.29
1996-08-19,28056.09,38737.47,50577.8
1996-08-20,27747.47,37885.25,48908.74
1996-08-21,27938.93,38404.28,49916.26
1996-08-22,28534.03,40040.3,53105.91
1996-08-23,28362.82,39563.82,52155.31
1996-08-26,28167.12,39021.8,51080.91
1996-08-27,28423.44,39731.99,52475.42
1996-08-28,28449.02,39803.51,52617.1
1996-08-29,28090.56,38800.46,50628.18
1996-08-30,27775.95,37931.33,48922.01
1996-09-03,28519.12,39092.35,50702.04
1996-09-04,28516.27,39080.62,50681.76
1996-09-05,27797.66,37110.96,46845.15
1996-09-06,28303.58,38465.51,49407.58
1996-09-09,28634.73,39365.6,51136.84
1996-09-10,28620.41,39326.24,51060.14
1996-09-11,28769.24,39731.3,51851.57
1996-09-12,29218.04,40970.91,54278.22
1996-09-13,30164.7,43625.83,59554.07
1996-09-16,30222.02,43791.61,59899.48
1996-09-17,30787.17,45429.41,63265.83
1996-09-18,31005.76,46074.51,64613.39
1996-09-19,31393.33,47230.98,67042.86
1996-09-20,31675.87,48085.86,68859.72
1996-09-23,31248.24,46792.35,66077.78
1996-09-24,31382.61,47199.45,66936.8
1996-09-25,31771.76,48369.99,69426.84
1996-09-26,31724.1,48224.88,69114.42
1996-09-27,31730.44,48239.35,69148.98
1996-09-30,31425.83,47313.15,67157.49
1996-10-01,31791.74,47411.52,66811.77
1996-10-02,32357.64,49094.63,70372.84
1996-10-03,32173.2,48534.95,69169.46
1996-10-04,32858.49,50602.54,73589.39
1996-10-07,33111.5,51381.82,75289.31
1996-10-08,32604.89,49809.54,71826.0
1996-10-09,32637.5,49904.18,72034.29
1996-10-10,32526.53,49569.82,71306.75
1996-10-11,33141.28,51443.56,75349.84
1996-10-14,33416.35,52297.52,77226.05
1996-10-15,33550.02,52715.9,78152.76
1996-10-16,33227.94,51703.76,75901.96
1996-10-17,32712.9,50106.11,72380.11
1996-10-18,32758.7,50246.41,72684.11
1996-10-21,32303.36,48844.53,69645.91
1996-10-22,31886.64,47584.34,66943.65
1996-10-23,32451.04,49273.59,70505.06
1996-10-24,32395.87,49106.06,70138.43
1996-10-25,32185.3,48467.68,68770.73
1996-10-28,32101.61,48220.49,68241.19
1996-10-29,31648.98,46865.5,65361.42
1996-10-30,31870.52,47526.3,66740.54
1996-10-31,32546.18,49546.17,70991.91
1996-11-01,33201.5,50516.6,72492.8
1996-11-04,33234.7,50612.58,72703.03
1996-11-05,33836.25,52439.7,76643.54
1996-11-06,34584.03,54757.53,81725.0
1996-11-07,34957.53,55945.77,84381.06
1996-11-08,35100.86,56398.93,85410.51
1996-11-11,35367.63,57256.2,87357.87
1996-11-12,34900.77,55744.63,83898.5
1996-11-13,35103.2,56391.27,85358.33
1996-11-14,35587.62,57953.31,88900.71
1996-11-15,35135.66,56475.5,85504.7
1996-11-18,34865.12,55605.78,83529.54
1996-11-19,35412.5,57357.36,87472.13
1996-11-20,35525.82,57730.18,88320.61
1996-11-21,35177.67,56598.67,85723.99
1996-11-22,35969.16,59151.27,91518.93
1996-11-25,36087.86,59547.58,92434.12
1996-11-26,36275.52,60166.88,93876.09
1996-11-27,36576.6,61165.65,96213.61
1996-11-29,36649.76,61404.19,96781.27
1996-12-02,37621.56,63482.75,100997.41
1996-12-03,37320.59,62473.38,98583.57
1996-12-04,37175.04,61986.08,97430.14
1996-12-05,37227.08,62159.64,97829.61
1996-12-06,36843.64,60879.16,94816.46
1996-12-09,38155.28,65213.75,104933.37
1996-12-10,37811.88,64046.43,102110.66
1996-12-11,38140.84,65167.24,104785.96
1996-12-12,37561.1,63186.15,100007.72
1996-12-13,36896.27,60949.36,94697.31
1996-12-16,35833.66,57444.78,86524.94
1996-12-17,36331.75,59041.74,90124.37
1996-12-18,37254.57,62046.96,97000.86
1996-12-19,37574.96,63114.17,99493.78
1996-12-20,37142.85,61668.86,96071.2
1996-12-23,36730.56,60299.81,92872.03
1996-12-24,37204.39,61849.51,96456.89
1996-12-26,37542.95,62968.99,99080.52
1996-12-27,37197.55,61804.06,96335.99
1996-12-30,36810.7,60518.54,93320.67
1996-12-31,36582.47,59768.11,91584.9
1997-01-02,36822.89,59424.36,90151.12
1997-01-03,38288.45,64154.53,100924.18
1997-01-06,38522.01,64937.22,102771.09
1997-01-07,39034.35,66658.06,106861.38
1997-01-08,38515.19,64891.62,102608.3
1997-01-09,38688.51,65475.64,104003.77
1997-01-10,39079.26,66791.7,107144.69
1997-01-13,39024.55,66604.69,106694.68
1997-01-14,39793.34,69228.91,112989.66
1997-01-15,39009.41,66501.29,106311.98
1997-01-16,39442.41,67977.62,109862.8
1997-01-17,39884.17,69507.12,113565.17
1997-01-20,40622.02,72071.93,119856.68
1997-01-21,41251.67,74313.37,125442.0
1997-01-22,41783.81,76230.65,130296.61
1997-01-23,41207.19,74126.69,124902.33
1997-01-24,40560.24,71791.69,119006.94
1997-01-27,40174.92,70427.65,115603.34
1997-01-28,40219.11,70582.59,115984.83
1997-01-29,40295.53,70843.75,116634.35
1997-01-30,41165.91,73897.11,124180.59
1997-01-31,41610.5,75493.29,128204.04
1997-02-03,41950.48,75408.14,127223.94
1997-02-04,41870.78,75129.13,126511.49
1997-02-05,40547.66,70388.49,114530.85
1997-02-06,40462.51,70092.85,113809.31
1997-02-07,41118.0,72356.85,119329.06
1997-02-10,39847.46,67892.44,108279.19
1997-02-11,39831.52,67838.12,108149.25
1997-02-12,41145.96,72322.22,118866.84
1997-02-13,41475.13,73479.38,121719.65
1997-02-14,41118.44,72215.53,118579.28
1997-02-18,41011.53,71832.79,117642.5
1997-02-19,41015.63,71854.34,117689.56
1997-02-20,40219.93,69066.39,110840.03
1997-02-21,39491.95,66566.19,104810.33
1997-02-24,40222.55,69022.48,110616.82
1997-02-25,40303.0,69298.57,111291.59
1997-02-26,40242.54,69097.6,110801.9
1997-02-27,38769.66,64039.66,98624.77
1997-02-28,38858.83,64334.24,99315.15
1997-03-03,39618.6,65690.05,101791.49
1997-03-04,39895.93,66603.15,103918.93
1997-03-05,40358.73,68155.0,107545.7
1997-03-06,39406.26,64938.08,99942.22
1997-03-07,38921.56,63340.61,96254.35
1997-03-10,39559.88,65418.18,100999.69
1997-03-11,39267.13,64449.99,98757.5
1997-03-12,38843.05,63057.87,95547.88
1997-03-13,38897.43,63234.43,95949.18
1997-03-14,38827.41,63006.79,95431.05
1997-03-17,38516.79,61992.38,93131.17
1997-03-18,38301.1,61298.06,91566.56
1997-03-19,37569.55,58962.61,86328.96
1997-03-20,38027.9,60407.19,89497.23
1997-03-21,37609.59,59084.27,86552.77
1997-03-24,37131.95,57577.62,83246.45
1997-03-25,37354.74,58268.56,84744.89
1997-03-26,38613.6,62195.86,93312.6
1997-03-27,37891.52,59863.51,88068.43
1997-03-31,36887.4,56690.75,81075.8
1997-04-01,37376.18,57150.71,81494.22
1997-04-02,36770.69,55304.74,77541.75
1997-04-03,37745.11,58230.37,83698.57
1997-04-04,38575.5,60798.32,89231.04
1997-04-07,39042.26,62263.56,92461.21
1997-04-08,39420.97,63465.25,95142.58
1997-04-09,38876.96,61707.26,91194.16
1997-04-10,38161.63,59430.27,86151.13
1997-04-11,37058.76,56001.14,78690.44
1997-04-14,37848.11,58386.79,83718.76
1997-04-15,37435.56,57113.96,80981.15
1997-04-16,37465.51,57205.34,81175.51
1997-04-17,37915.1,58578.27,84089.71
1997-04-18,38301.83,59767.4,86654.45
1997-04-21,37646.87,57729.34,82217.74
1997-04-22,38377.22,59969.23,87002.81
1997-04-23,39309.79,62883.74,93345.32
1997-04-24,39297.99,62852.3,93270.64
1997-04-25,38398.07,59973.66,86862.95
1997-04-28,38904.93,61556.97,90311.41
1997-04-29,40165.44,65545.86,99089.67
1997-04-30,41033.02,68377.44,105500.78
1997-05-01,41881.9,70041.47,108682.6
1997-05-02,43180.23,74391.04,118800.94
1997-05-05,44285.65,78199.86,127924.86
1997-05-06,43435.36,75204.81,120569.18
1997-05-07,43170.41,74279.79,118350.71
1997-05-08,43649.6,75921.37,122279.95
1997-05-09,43640.87,75883.41,122194.35
1997-05-12,43902.72,76794.01,124393.85
1997-05-13,43235.39,74459.48,118709.05
1997-05-14,43205.13,74355.23,118459.76
1997-05-15,44242.05,77931.72,127000.71
1997-05-16,43458.97,75172.94,120256.97
1997-05-19,43376.4,74887.28,119583.53
1997-05-20,44729.74,79567.73,130788.51
1997-05-21,45127.83,80992.0,134293.64
1997-05-22,44915.73,80238.77,132413.53
1997-05-23,45531.08,82437.31,137855.73
1997-05-27,46742.21,86822.98,148870.4
1997-05-28,46648.72,86467.0,147962.29
1997-05-29,46074.94,84348.56,142517.28
1997-05-30,45522.04,82315.76,137372.41
1997-06-02,46012.84,82790.92,137803.47
1997-06-03,44627.85,77806.9,125346.04
1997-06-04,44252.98,76491.97,122174.78
1997-06-05,44668.96,77930.02,125607.89
1997-06-06,45356.86,80338.05,131423.54
1997-06-09,45814.96,81968.92,135418.81
1997-06-10,45168.97,79665.59,129704.14
1997-06-11,45548.39,80996.01,132959.71
1997-06-12,45593.94,81158.0,133371.89
1997-06-13,46286.97,83625.2,139453.65
1997-06-16,46837.78,85615.48,144432.14
1997-06-17,47484.14,87987.03,150426.08
1997-06-18,46629.43,84819.5,142303.07
1997-06-19,47128.36,86634.63,146871.0
1997-06-20,47104.8,86539.34,146636.0
1997-06-23,46511.28,84358.54,141093.16
1997-06-24,47343.83,87378.58,148683.97
1997-06-25,46998.22,86102.85,145427.8
1997-06-26,46429.54,84010.55,140134.22
1997-06-27,46220.61,83254.46,138256.43
1997-06-30,45947.91,82263.73,135795.46
1997-07-01,46262.12,82093.34,134646.29
1997-07-02,47353.9,85968.15,144179.24
1997-07-03,47870.06,87833.66,148879.49
1997-07-07,48090.26,88641.73,150919.14
1997-07-08,48806.81,91283.25,157665.22
1997-07-09,49016.68,92068.29,159699.1
1997-07-10,49011.77,92049.87,159651.19
1997-07-11,49281.34,93062.42,162301.4
1997-07-14,50557.73,97873.75,174895.99
1997-07-15,51386.87,101093.8,183518.36
1997-07-16,53539.98,109575.57,206604.97
1997-07-17,53127.72,107888.1,201832.4
1997-07-18,51964.23,103162.6,188592.19
1997-07-21,51356.25,100748.6,181972.61
1997-07-22,52932.88,106934.56,198732.28
1997-07-23,52985.82,107159.13,199348.35
1997-07-24,52784.47,106344.72,197075.78
1997-07-25,52663.07,105855.53,195715.96
1997-07-28,52168.03,103865.45,190196.77
1997-07-29,52783.62,106327.06,196948.76
1997-07-30,53417.02,108878.91,204038.91
1997-07-31,53710.81,110076.57,207405.55
1997-08-01,54302.97,110963.59,208986.66
1997-08-04,55046.92,113992.9,217555.11
1997-08-05,55652.44,116489.34,224712.68
1997-08-06,55919.57,117595.99,227926.07
1997-08-07,55617.6,116314.2,224210.87
1997-08-08,54610.92,112091.99,212013.8
1997-08-11,53933.75,109312.11,204126.89
1997-08-12,53426.77,107246.11,198350.1
1997-08-13,53832.82,108886.98,202892.32
1997-08-14,54048.15,109768.96,205347.31
1997-08-15,54048.15,109768.96,205347.31
1997-08-18,53361.74,106980.83,197544.11
1997-08-19,54909.23,113196.41,214750.21
1997-08-20,56078.79,118018.58,228472.75
1997-08-21,54788.98,112589.73,212708.13
1997-08-22,54405.46,111013.47,208262.53
1997-08-25,54253.12,110391.8,206513.12
1997-08-26,53536.98,107488.49,198355.85
1997-08-27,53472.74,107230.52,197641.77
1997-08-28,52430.02,103037.81,186059.96
1997-08-29,52608.28,103728.16,187939.17
1997-09-02,54520.96,109773.1,203476.61
1997-09-03,54406.47,109312.05,202194.71
1997-09-04,54673.06,110383.31,205166.97
1997-09-05,54935.49,111442.99,208141.9
1997-09-08,55265.1,112780.3,211888.45
1997-09-09,55707.22,114573.51,216952.58
1997-09-10,54531.8,109738.51,203219.49
1997-09-11,54635.41,110155.51,204377.84
1997-09-12,54684.58,110353.79,204929.66
1997-09-15,53410.43,105211.31,190605.07
1997-09-16,55199.68,112270.99,209779.94
1997-09-17,54807.76,110687.97,205332.61
1997-09-18,54840.65,110820.79,205702.21
1997-09-19,55306.79,112693.66,210927.04
1997-09-22,55550.14,113696.64,213732.37
1997-09-23,56111.2,116004.68,220229.84
1997-09-24,55162.92,112083.72,209086.21
1997-09-25,54699.55,110200.71,203796.33
1997-09-26,54715.96,110266.83,203979.74
1997-09-29,55306.89,112648.6,210588.69
1997-09-30,54239.47,108300.36,198395.6
1997-10-01,54980.32,109768.68,201540.91
1997-10-02,55519.13,111931.13,207486.37
1997-10-03,56096.53,114259.3,213939.2
1997-10-06,56169.46,114567.8,214794.95
1997-10-07,56910.89,117580.93,223279.35
1997-10-08,57138.54,118533.33,225981.03
1997-10-09,57281.38,119126.0,227675.89
1997-10-10,56760.12,116957.91,221460.34
1997-10-13,56896.35,117519.31,223032.71
1997-10-14,56446.87,115650.75,217724.53
1997-10-15,55831.59,113129.56,210583.17
1997-10-16,54848.96,109147.4,199464.37
1997-10-17,53636.8,104334.0,186259.83
1997-10-20,54291.17,106879.75,193076.94
1997-10-21,55404.13,111261.82,204951.17
1997-10-22,54811.31,108891.94,198392.74
1997-10-23,53610.94,104122.48,185358.33
1997-10-24,52747.81,100769.73,176405.53
1997-10-27,48833.92,85805.43,137120.02
1997-10-28,52227.88,97740.96,165723.25
1997-10-29,51371.34,94535.06,157586.24
1997-10-30,49922.67,89203.28,144238.69
1997-10-31,50866.21,92575.17,152417.02
1997-11-03,52932.88,98752.75,166908.93
1997-11-04,52774.08,98170.11,165423.44
1997-11-05,52737.13,98042.49,165092.59
1997-11-06,52093.74,95650.25,159066.71
1997-11-07,51796.81,94569.4,156362.58
1997-11-10,50952.52,91486.44,148700.81
1997-11-11,50921.95,91385.81,148448.02
1997-11-12,49368.83,85811.27,134865.02
1997-11-13,50514.19,89801.5,144265.12
1997-11-14,51771.99,94264.63,155027.29
1997-11-17,52874.73,98270.88,164918.04
1997-11-18,52197.94,95764.97,158601.68
1997-11-19,52338.87,96282.1,159886.35
1997-11-20,53516.49,100614.8,170678.68
1997-11-21,53216.8,99497.97,167828.34
1997-11-24,51886.38,94533.02,155258.0
1997-11-25,52280.72,95969.92,158797.88
1997-11-26,52594.4,97111.97,161640.36
1997-11-28,52909.97,98277.31,164549.89
1997-12-01,54868.06,104180.43,178583.98
1997-12-02,53485.39,98940.15,165100.89
1997-12-03,53972.1,100740.86,169591.64
1997-12-04,53524.13,99058.49,165351.85
1997-12-05,54412.64,102357.14,173602.9
1997-12-08,55054.7,104772.77,179765.81
1997-12-09,53414.07,98528.31,163712.72
1997-12-10,52527.4,95257.17,155543.45
1997-12-11,50935.82,89484.59,141389.0
1997-12-12,49749.02,85305.66,131491.77
1997-12-15,50047.51,86329.32,133871.77
1997-12-16,50703.13,88599.79,139146.32
1997-12-17,50008.5,86172.15,133413.49
1997-12-18,49153.35,83216.45,126556.04
1997-12-19,49310.64,83757.35,127783.63
1997-12-22,49606.51,84754.07,130070.96
1997-12-23,48277.05,80219.72,119626.26
1997-12-24,47741.18,78430.82,115630.74
1997-12-26,48509.81,80948.45,121204.14
1997-12-29,49751.66,85101.11,130524.74
1997-12-30,50766.6,88564.72,138499.8
1997-12-31,50375.69,87209.68,135314.31
1998-01-02,51771.11,90797.06,142985.3
1998-01-05,52242.22,92449.57,146888.8
1998-01-06,51672.78,90424.93,142070.85
1998-01-07,50897.69,87712.18,135677.66
1998-01-08,51070.74,88308.62,137048.01
1998-01-09,49099.41,81500.03,121191.55
1998-01-12,49870.27,84050.98,126887.56
1998-01-13,51097.08,88186.28,136251.86
1998-01-14,51163.51,88424.39,136796.86
1998-01-15,51122.58,88282.91,136468.55
1998-01-16,51649.14,90110.36,140699.08
1998-01-20,52728.61,93876.98,149520.91
1998-01-21,52707.52,93811.26,149356.44
1998-01-22,52407.08,92732.43,146787.51
1998-01-23,52606.23,93427.93,148446.2
1998-01-26,52190.64,91951.77,144942.87
1998-01-27,53182.26,95455.13,153219.11
1998-01-28,54591.59,100514.25,165400.03
1998-01-29,54886.39,101609.86,168096.05
1998-01-30,54996.16,102016.3,169104.63
1998-02-02,57044.5,108236.7,183783.58
1998-02-03,57575.02,110260.73,188929.52
1998-02-04,58260.16,112873.91,195655.41
1998-02-05,57764.95,110955.05,190646.63
1998-02-06,58775.83,114827.39,200636.51
1998-02-09,58176.32,112473.42,194476.97
1998-02-10,59060.6,115892.62,203345.12
1998-02-11,59007.45,115695.6,202816.42
1998-02-12,59320.19,116910.4,206020.92
1998-02-13,58899.01,115250.27,201632.68
1998-02-17,58480.83,113613.72,197337.9
1998-02-18,59106.58,116056.42,203692.18
1998-02-19,59934.07,119317.6,212267.62
1998-02-20,60089.9,119938.05,213902.08
1998-02-23,61423.89,125275.3,228169.35
1998-02-24,60742.09,122494.18,220594.13
1998-02-25,62193.82,128337.16,236388.67
1998-02-26,62535.89,129748.87,240265.44
1998-02-27,61873.01,126985.21,232600.98
1998-03-02,61506.02,123953.87,223403.97
1998-03-03,61407.61,123557.22,222331.64
1998-03-04,61622.54,124434.48,224688.35
1998-03-05,58849.53,113247.82,194377.89
1998-03-06,60744.48,120540.98,213154.8
1998-03-09,58928.22,113344.68,194056.13
1998-03-10,59983.04,117413.76,204496.35
1998-03-11,60258.96,118493.96,207297.95
1998-03-12,60747.05,120425.41,212356.02
1998-03-13,61062.94,121677.84,215647.53
1998-03-16,61630.82,123941.05,221664.1
1998-03-17,60989.86,121363.07,214748.18
1998-03-18,61465.59,123256.34,219773.29
1998-03-19,61945.02,125166.81,224894.01
1998-03-20,61071.59,121637.11,215380.99
1998-03-23,61578.49,123668.45,220765.51
1998-03-24,62551.43,127576.37,231229.8
1998-03-25,63439.66,131199.54,241080.19
1998-03-26,63604.6,131868.65,242936.51
1998-03-27,63273.86,130510.41,239170.99
1998-03-30,63014.43,129427.17,236205.27
1998-03-31,63745.4,132429.88,244448.83
1998-04-01,64650.15,134618.09,249602.86
1998-04-02,64740.66,135008.48,250676.15
1998-04-03,64921.93,135778.03,252806.9
1998-04-06,63435.22,129545.82,235413.79
1998-04-07,62210.92,124545.35,221806.87
1998-04-08,62683.72,126425.99,226841.89
1998-04-09,62990.87,127664.96,230176.46
1998-04-13,63312.13,128954.38,233675.14
1998-04-14,63843.95,131133.71,239587.13
1998-04-15,64801.61,135080.83,250392.5
1998-04-16,64600.72,134243.33,248063.85
1998-04-17,64794.52,135062.21,250321.24
1998-04-20,65947.87,139856.92,263663.36
1998-04-21,66818.38,143563.13,274130.79
1998-04-22,67934.24,148358.14,287864.75
1998-04-23,66235.89,140925.4,266246.1
1998-04-24,65792.11,139037.0,260894.56
1998-04-27,64206.52,132349.32,242057.97
1998-04-28,64334.93,132878.71,243510.32
1998-04-29,65235.62,136586.03,253713.4
1998-04-30,65685.75,138470.92,258965.27
1998-05-01,66364.45,139735.26,261592.88
1998-05-04,66590.09,140699.43,264287.29
1998-05-05,66137.27,138785.92,258895.83
1998-05-06,65872.73,137675.63,255763.19
1998-05-07,64831.94,133338.85,243665.59
1998-05-08,66491.63,140179.13,262403.47
1998-05-11,65627.24,136520.46,252143.5
1998-05-12,66618.21,140657.03,263590.81
1998-05-13,66971.29,142147.99,267781.91
1998-05-14,67132.02,142830.3,269709.94
1998-05-15,66252.59,139088.15,259083.36
1998-05-18,65881.58,137530.36,254730.76
1998-05-19,66573.33,140432.25,262780.26
1998-05-20,65627.99,136443.97,251585.82
1998-05-21,64879.83,133346.7,243006.74
1998-05-22,64373.77,131266.49,237296.08
1998-05-26,63633.47,128234.23,229085.64
1998-05-27,64129.81,130234.69,234423.33
1998-05-28,64411.98,131393.77,237541.16
1998-05-29,63207.48,126466.51,224191.35
1998-06-01,62293.17,121316.5,209704.44
1998-06-02,63445.6,125817.34,221364.0
1998-06-03,62208.41,120910.46,208392.07
1998-06-04,63875.59,127391.27,225146.8
1998-06-05,64488.8,129849.92,231653.54
1998-06-08,64508.15,129914.84,231838.86
1998-06-09,65385.46,133461.52,241321.07
1998-06-10,64090.83,128189.79,227010.73
1998-06-11,63334.55,125151.69,218951.85
1998-06-12,63435.89,125552.17,220002.82
1998-06-15,62719.06,122714.7,212544.72
1998-06-16,64713.53,130519.35,232821.49
1998-06-17,65418.91,133364.67,240434.75
1998-06-18,65595.54,134071.5,242358.23
1998-06-19,66258.05,136779.75,249701.69
1998-06-22,67550.09,142127.84,264334.2
1998-06-23,69603.61,150783.42,288467.92
1998-06-24,71141.85,157448.05,307593.34
1998-06-25,70088.95,152771.84,293905.44
1998-06-26,70600.6,154987.03,300312.57
1998-06-29,71603.13,159388.67,313105.89
1998-06-30,71474.24,158830.81,311446.43
1998-07-01,72989.08,163808.0,325110.57
1998-07-02,71719.07,158107.48,308139.8
1998-07-03,71719.07,158107.48,308139.8
1998-07-06,72256.96,160494.91,315103.76
1998-07-07,72459.28,161393.68,317750.63
1998-07-08,74154.83,168946.9,340056.72
1998-07-09,74444.03,170264.69,344035.39
1998-07-10,74868.36,172205.7,349918.39
1998-07-13,76455.57,179507.23,372173.2
1998-07-14,76325.6,178896.9,370237.9
1998-07-15,78020.02,186839.92,394858.72
1998-07-16,78183.87,187624.65,397346.33
1998-07-17,78793.7,190551.6,406644.23
1998-07-20,78896.13,191047.03,408230.15
1998-07-21,77065.74,182182.45,379817.33
1998-07-22,76996.38,181854.52,378791.82
1998-07-23,75664.35,175562.35,359094.65
1998-07-24,75815.67,176264.6,361249.21
1998-07-27,76770.95,180706.47,374904.43
1998-07-28,74989.87,172321.69,348811.09
1998-07-29,74277.46,169064.81,338904.85
1998-07-30,76535.5,179343.95,369812.97
1998-07-31,74124.63,168045.28,334865.65
1998-08-03,74147.03,166387.9,328926.63
1998-08-04,71373.93,153942.09,292021.06
1998-08-05,72059.12,156897.78,300431.27
1998-08-06,74004.72,165385.95,324796.24
1998-08-07,73908.51,164955.94,323497.06
1998-08-10,73841.99,164675.52,322655.96
1998-08-11,72069.79,156754.62,299392.47
1998-08-12,73395.87,162538.87,315948.87
1998-08-13,72515.12,158637.94,304574.71
1998-08-14,72065.53,156654.96,298879.17
1998-08-17,74112.19,165552.96,324313.78
1998-08-18,75927.94,173648.5,348118.42
1998-08-19,75768.49,172901.82,345890.46
1998-08-20,75768.49,172884.53,345855.87
1998-08-21,74495.58,167092.89,328459.32
1998-08-24,74286.99,166157.17,325700.26
1998-08-25,75230.43,170377.57,338109.44
1998-08-26,74455.56,166867.79,327661.86
1998-08-27,71105.06,151866.37,283460.27
1998-08-28,68545.28,140932.0,252846.56
1998-08-31,61786.71,113154.3,178079.84
1998-09-01,66366.49,128543.01,213688.63
1998-09-02,66718.24,129892.71,217064.91
1998-09-03,66037.71,127242.9,210401.02
1998-09-04,65846.2,126492.17,208549.49
1998-09-08,70271.07,143505.37,250613.92
1998-09-09,68921.86,137994.76,236178.56
1998-09-10,67481.39,132226.58,221346.55
1998-09-11,70477.57,143968.3,250829.91
1998-09-14,71464.25,147985.01,261339.68
1998-09-15,72336.12,151595.85,270904.71
1998-09-16,72733.97,153263.4,275347.55
1998-09-17,70566.49,144128.9,250731.48
1998-09-18,71053.4,146117.88,255921.62
1998-09-21,72531.31,152181.78,271865.54
1998-09-22,72995.51,154129.7,277085.35
1998-09-23,76192.72,167616.05,313466.66
1998-09-24,74105.04,158430.69,287731.05
1998-09-25,75942.84,166288.85,309138.24
1998-09-28,75570.72,164659.22,304562.99
1998-09-29,75661.41,165054.41,305659.42
1998-09-30,73505.06,155662.81,279556.1
1998-10-01,70060.59,139515.85,235247.13
1998-10-02,70207.71,140101.82,236752.71
1998-10-05,66423.52,125012.85,198493.47
1998-10-06,65168.11,120287.37,187238.89
1998-10-07,63310.82,113430.99,171229.97
1998-10-08,62088.92,109052.55,161315.75
1998-10-09,65882.56,122378.77,190884.93
1998-10-12,68386.09,131679.56,212645.81
1998-10-13,66375.54,123949.97,193911.71
1998-10-14,67955.28,129862.38,207776.4
1998-10-15,71475.37,143316.13,240064.86
1998-10-16,71160.87,142054.95,236871.99
1998-10-19,72057.5,145620.53,245802.07
1998-10-20,70573.12,139635.52,230636.08
1998-10-21,73254.89,150261.78,256951.66
1998-10-22,74529.53,155475.87,270338.84
1998-10-23,73724.61,152133.14,261606.89
1998-10-26,75280.2,158568.37,278192.77
1998-10-27,74422.01,154953.01,268678.58
1998-10-28,75888.12,161042.66,284530.61
1998-10-29,76783.6,164859.37,294631.45
1998-10-30,77013.95,165848.53,297312.6
1998-11-02,78521.63,170690.23,309457.07
1998-11-03,77579.37,166593.66,298285.67
1998-11-04,79363.7,174256.97,318897.21
1998-11-05,79808.13,176208.65,324254.68
1998-11-06,80709.97,180190.96,335246.91
1998-11-09,81226.51,182479.39,341650.13
1998-11-10,81770.73,184924.61,348517.3
1998-11-11,81950.62,185738.28,350817.51
1998-11-12,81163.9,182190.68,340749.05
1998-11-13,81090.85,181862.74,339829.03
1998-11-16,81666.59,184445.19,347067.39
1998-11-17,82940.59,190181.43,363275.43
1998-11-18,83844.65,194327.39,375154.54
1998-11-19,85093.93,200118.35,391923.95
1998-11-20,85468.34,201879.39,397097.34
1998-11-23,87946.93,213608.58,431684.52
1998-11-24,87489.6,211387.05,424993.41
1998-11-25,88469.49,216100.98,439230.69
1998-11-27,90123.86,224183.16,463871.53
1998-11-30,86230.51,204791.31,403707.4
1998-12-01,90884.91,224937.69,462251.58
1998-12-02,90139.65,221226.22,450833.96
1998-12-03,87615.74,208837.55,412963.91
1998-12-04,90743.62,223769.44,457233.64
1998-12-07,93357.04,236636.18,496692.91
1998-12-08,92871.58,234175.16,488944.5
1998-12-09,93828.16,238999.17,504101.78
1998-12-10,92007.89,229749.9,474813.46
1998-12-11,93250.0,235930.18,493995.93
1998-12-14,89855.7,218778.05,440100.97
1998-12-15,92623.25,232254.78,480766.3
1998-12-16,92206.45,230164.49,474275.95
1998-12-17,94059.8,239440.12,502922.22
1998-12-18,96590.01,252298.05,543457.75
1998-12-21,99497.37,267511.62,592586.33
1998-12-22,98412.85,261679.87,573208.76
1998-12-23,101256.98,276831.14,622963.28
1998-12-24,100538.05,272900.13,609694.16
1998-12-28,101533.38,278330.85,627863.05
1998-12-29,101492.77,278136.01,627172.4
1998-12-30,100802.61,274381.18,614440.8
1998-12-31,102193.69,281981.54,639940.09
1999-01-04,103720.63,288131.17,659653.3
1999-01-05,106438.11,303229.24,711502.05
1999-01-06,109844.13,322666.23,779877.39
1999-01-07,109975.94,323440.63,782762.94
1999-01-08,110382.85,325834.09,791529.88
1999-01-11,111861.98,334599.03,823428.54
1999-01-12,108483.75,314389.25,748825.91
1999-01-13,108982.78,317281.63,759234.59
1999-01-14,106596.05,303416.42,709428.8
1999-01-15,110817.26,327447.0,793708.95
1999-01-19,113731.75,344670.72,856332.58
1999-01-20,113731.75,344670.72,856332.58
1999-01-21,109705.65,320268.03,765475.69
1999-01-22,109837.29,321068.7,768307.95
1999-01-25,111682.56,331856.61,806953.84
1999-01-26,115323.41,353460.47,885793.24
1999-01-27,113547.43,342538.55,844781.01
1999-01-28,117703.27,367578.11,937453.49
1999-01-29,118962.69,375481.04,967639.49
1999-02-01,119677.72,377296.98,973270.63
1999-02-02,116745.62,358809.42,901735.24
1999-02-03,119057.18,373054.16,955388.48
1999-02-04,113878.2,340561.14,830614.75
1999-02-05,111680.35,327415.48,782522.15
1999-02-08,114248.99,342443.85,836437.93
1999-02-09,108696.49,309158.31,714485.28
1999-02-10,109196.5,311971.65,724273.73
1999-02-11,114841.96,344229.52,836608.58
1999-02-12,110007.11,315245.39,730944.92
1999-02-16,109776.09,313921.36,726339.97
1999-02-17,106230.33,293642.04,655957.62
1999-02-18,107058.92,298222.86,671241.44
1999-02-19,108493.51,306215.23,698158.22
1999-02-22,112117.2,326639.79,768043.85
1999-02-23,113922.28,337190.25,805217.18
1999-02-24,111723.58,324208.43,758675.62
1999-02-25,110896.83,319410.14,741833.03
1999-02-26,108135.5,303535.46,686492.28
1999-03-01,109341.63,307957.52,700319.93
1999-03-02,106575.28,292374.87,647165.65
1999-03-03,107204.08,295824.89,658620.48
1999-03-04,109080.15,306178.76,693198.06
1999-03-05,111163.58,317844.17,732848.99
1999-03-08,114787.51,338567.61,804448.33
1999-03-09,114477.59,336739.35,797932.3
1999-03-10,115038.53,340039.39,809661.9
1999-03-11,115337.63,341807.6,815896.3
1999-03-12,113376.89,330151.96,774204.0
1999-03-15,116279.34,347055.74,833585.45
1999-03-16,117011.9,351428.64,849340.21
1999-03-17,116520.45,348441.5,838553.59
1999-03-18,118676.07,361368.68,885177.17
1999-03-19,115910.92,344492.76,823214.77
1999-03-22,114415.67,335570.4,791274.04
1999-03-23,110697.16,313791.88,714203.94
1999-03-24,113641.71,330516.98,771268.84
1999-03-25,117585.07,353421.81,851480.8
1999-03-26,116679.67,347979.12,831811.59
1999-03-29,121043.49,374007.95,925224.03
1999-03-30,119978.31,367388.01,900705.6
1999-03-31,118886.5,360701.55,876206.41
1999-04-01,121642.91,374818.85,926327.99
1999-04-05,125815.26,400493.94,1021554.51
1999-04-06,125764.93,400213.59,1020430.8
1999-04-07,124255.75,390648.49,983797.33
1999-04-08,126094.74,402211.68,1027477.93
1999-04-09,126536.07,404986.95,1038163.7
1999-04-12,125789.51,400167.6,1019684.39
1999-04-13,123298.88,384280.95,959013.17
1999-04-14,119242.34,358995.26,864358.57
1999-04-15,121066.75,369980.52,904032.63
1999-04-16,118270.11,352887.42,841383.16
1999-04-19,111528.71,312658.25,697590.78
1999-04-20,115086.48,332574.58,764280.46
1999-04-21,119367.7,357318.13,849574.16
1999-04-22,123772.36,383652.48,943537.06
1999-04-23,125307.14,393128.69,978542.29
1999-04-26,128151.61,410976.73,1045278.87
1999-04-27,125114.42,391496.44,970855.02
1999-04-28,121911.49,371412.67,896196.26
1999-04-29,120143.77,360641.7,857211.73
1999-04-30,121116.94,366448.03,877956.25
1999-05-03,121702.07,367498.46,880388.85
1999-05-04,119401.9,353607.01,830470.81
1999-05-05,122721.27,373232.2,899649.02
1999-05-06,118327.85,346508.78,803116.68
1999-05-07,120552.42,359537.51,848412.47
1999-05-10,121516.84,365326.06,868859.21
1999-05-11,123862.11,379391.12,919079.27
1999-05-12,126240.26,393959.73,972110.14
1999-05-13,124043.68,380249.94,921365.99
1999-05-14,120979.8,361427.56,853000.64
1999-05-17,123859.12,378631.52,913904.88
1999-05-18,122917.79,372914.18,893159.24
1999-05-19,124454.27,382237.03,926563.4
1999-05-20,121815.84,366068.41,867726.62
1999-05-21,120366.23,357319.37,836662.01
1999-05-24,117308.92,339131.82,772824.7
1999-05-25,113801.39,318885.65,703579.6
1999-05-26,116874.03,336105.47,760569.55
1999-05-27,116710.4,335130.77,757299.1
1999-05-28,118962.91,348066.81,801222.45
1999-06-01,115807.35,327234.53,728124.33
1999-06-02,118598.3,342974.51,780694.91
1999-06-03,116072.16,328363.79,730886.57
1999-06-04,120587.37,353910.49,816181.03
1999-06-07,123059.41,368420.83,866457.79
1999-06-08,119293.79,345836.63,786830.31
1999-06-09,122085.27,361987.2,841987.12
1999-06-10,119936.56,349209.05,797446.0
1999-06-11,117909.64,337405.79,756935.74
1999-06-14,115999.5,326473.84,720224.36
1999-06-15,117669.89,335876.28,751338.05
1999-06-16,123918.17,371546.35,871026.2
1999-06-17,125256.48,379534.59,899160.35
1999-06-18,126095.7,384620.36,917143.56
1999-06-21,129714.65,406659.1,996017.9
1999-06-22,126355.04,385594.16,918627.31
1999-06-23,128035.56,395850.96,955372.41
1999-06-24,124924.29,376612.61,885630.22
1999-06-25,124974.26,376913.9,886692.98
1999-06-28,128298.58,396965.72,957539.75
1999-06-29,130364.19,409748.01,1003788.91
1999-06-30,131315.85,415771.31,1025872.27
1999-07-01,133279.0,425512.53,1060653.1
1999-07-02,134745.07,434873.81,1095654.66
1999-07-06,133761.43,428524.65,1071659.82
1999-07-07,134336.61,432167.11,1085377.07
1999-07-08,136284.49,444699.96,1132590.97
1999-07-09,137347.51,451592.81,1158980.34
1999-07-12,136839.32,448296.18,1146231.55
1999-07-13,136237.23,444306.34,1130986.67
1999-07-14,138730.37,460567.95,1192964.74
1999-07-15,139437.89,465219.69,1211097.81
1999-07-16,141166.92,476803.66,1256271.76
1999-07-19,139162.35,463310.12,1202880.21
1999-07-20,133693.27,426893.94,1061060.63
1999-07-21,135658.56,439487.31,1107959.51
1999-07-22,130964.78,409118.74,993064.11
1999-07-23,132117.27,416319.23,1019281.0
1999-07-26,128180.17,391548.24,928259.21
1999-07-27,132499.84,417938.59,1022106.21
1999-07-28,133930.84,427007.85,1055324.67
1999-07-29,129872.74,401131.18,959395.65
1999-07-30,130327.29,403939.1,969373.37
1999-08-02,130474.06,402255.13,962017.39
1999-08-03,128999.7,393164.16,929405.0
1999-08-04,126987.31,380936.75,886001.79
1999-08-05,128600.05,390574.45,919669.86
1999-08-06,127442.64,383544.11,894838.77
1999-08-09,126028.03,375029.43,865040.64
1999-08-10,124654.33,366853.79,836753.81
1999-08-11,129154.35,393303.95,927290.58
1999-08-12,127565.75,383668.0,893166.28
1999-08-13,132910.75,415819.38,1005347.97
1999-08-16,133256.32,417981.64,1013189.68
1999-08-17,134655.51,426759.26,1045105.16
1999-08-18,133510.94,419461.68,1018350.46
1999-08-19,131281.31,405493.6,967432.94
1999-08-20,133368.68,418388.3,1013676.24
1999-08-23,137449.76,443993.66,1106630.35
1999-08-24,138535.62,451053.16,1132968.15
1999-08-25,141763.5,472117.34,1212275.92
1999-08-26,139254.28,455357.18,1147782.84
1999-08-27,138404.83,449801.82,1126778.41
1999-08-30,136342.6,436442.71,1076524.1
1999-08-31,138074.15,447484.71,1117432.01
1999-09-01,139045.3,450986.2,1129223.13
1999-09-02,138336.17,446341.05,1111833.09
1999-09-03,144934.81,488921.98,1270936.41
1999-09-07,144079.69,483103.81,1248313.74
1999-09-08,141932.9,468707.32,1192514.11
1999-09-09,144870.91,488111.8,1266569.24
1999-09-10,146551.42,499435.99,1310772.51
1999-09-13,143576.42,479158.89,1230815.38
1999-09-14,145859.29,494348.23,1289402.2
1999-09-15,142431.6,471064.43,1198370.4
1999-09-16,142645.24,472524.73,1203882.9
1999-09-17,146696.37,499364.13,1306453.73
1999-09-20,147195.14,502709.87,1319648.91
1999-09-21,143044.23,474407.31,1208138.58
1999-09-22,145375.85,489825.54,1267095.74
1999-09-23,138964.78,446622.93,1099458.97
1999-09-24,138756.33,445327.72,1094621.35
1999-09-27,140310.4,455303.06,1131510.09
1999-09-28,140408.62,455894.96,1133773.11
1999-09-29,138709.67,444862.3,1092730.53
1999-09-30,139236.77,448243.25,1105187.66
1999-10-01,139541.14,447441.9,1100933.2
1999-10-04,143225.03,471066.83,1188127.11
1999-10-05,143439.86,472432.93,1193354.87
1999-10-06,146968.48,495723.87,1281543.79
1999-10-07,146939.09,495575.15,1280903.02
1999-10-08,148290.93,504743.29,1316384.03
1999-10-11,149655.21,514030.57,1352716.23
1999-10-12,146632.17,493263.73,1270741.63
1999-10-13,142438.49,465049.05,1161584.92
1999-10-14,143392.83,471280.7,1185048.94
1999-10-15,139492.54,445643.03,1088348.94
1999-10-18,137079.32,430179.22,1031754.8
1999-10-19,137093.03,430222.24,1031961.15
1999-10-20,143125.13,468124.82,1168283.22
1999-10-21,143754.88,472244.32,1183704.56
1999-10-22,144258.02,475597.25,1196251.83
1999-10-25,144157.04,474931.42,1193739.7
1999-10-26,143119.11,468139.9,1168074.29
1999-10-27,142603.88,464769.29,1155342.28
1999-10-28,147395.37,495955.31,1271685.25
1999-10-29,153055.35,534044.68,1418183.39
1999-11-01,152326.91,525991.96,1384634.99
1999-11-02,152951.45,530252.5,1401527.54
1999-11-03,155612.8,548705.28,1474687.28
1999-11-04,157386.79,561160.89,1524974.11
1999-11-05,160455.83,582990.05,1614032.6
1999-11-08,162236.89,595932.43,1667779.88
1999-11-09,160922.77,586218.73,1627086.06
1999-11-10,162902.12,600639.71,1687125.53
1999-11-11,165948.39,623043.57,1781604.56
1999-11-12,168221.88,640114.97,1855006.67
1999-11-15,167464.89,634353.93,1829964.08
1999-11-16,171199.35,662646.12,1952388.68
1999-11-17,169555.84,649857.05,1895964.64
1999-11-18,174896.85,690863.03,2075322.9
1999-11-19,176365.98,702538.61,2127828.57
1999-11-22,177582.91,712163.39,2171661.84
1999-11-23,174688.31,688875.65,2065250.41
1999-11-24,181012.02,738819.13,2289743.13
1999-11-26,181482.65,742660.99,2307603.12
1999-11-29,178379.3,717187.72,2188992.32
1999-11-30,172760.35,672004.89,1982132.55
1999-12-01,175044.93,686358.5,2043895.89
1999-12-02,181539.1,737286.3,2271381.51
1999-12-03,185278.81,767588.76,2411525.74
1999-12-06,186371.95,776646.31,2454209.75
1999-12-07,187191.99,783480.8,2486605.32
1999-12-08,184795.93,763423.69,2391119.67
1999-12-09,184999.21,765103.22,2399010.37
1999-12-10,187089.7,782394.55,2480336.82
1999-12-13,189372.19,801484.98,2571117.15
1999-12-14,184978.76,764376.23,2392424.51
1999-12-15,189177.77,799078.91,2555348.62
1999-12-16,194626.09,845025.94,2775875.2
1999-12-17,196241.49,858968.87,2844716.91
1999-12-20,198007.66,874344.42,2921239.79
1999-12-21,206106.18,945778.35,3279383.79
1999-12-22,208084.8,963842.72,3373502.1
1999-12-23,209728.67,978975.05,3453116.75
1999-12-27,210211.04,983478.34,3476943.26
1999-12-28,209117.95,973348.51,3423050.64
1999-12-29,215537.87,1033014.77,3737971.3
1999-12-30,215193.01,1029605.82,3719655.24
1999-12-31,216613.28,1043093.66,3792932.45
2000-01-03,221954.91,1090137.94,4047213.08
2000-01-04,207638.81,949619.16,3264482.07
2000-01-05,205354.79,928822.5,3157080.61
2000-01-06,195600.43,840677.24,2707512.33
2000-01-07,206651.86,935673.77,3166435.67
2000-01-10,217645.74,1035229.46,3671798.8
2000-01-11,207503.45,938849.6,3158848.51
2000-01-12,203623.13,903736.62,2981952.99
2000-01-13,211462.62,973324.34,3326368.56
2000-01-14,216897.21,1023255.88,3582498.94
2000-01-18,219998.84,1052521.0,3736546.4
2000-01-19,221934.83,1071045.37,3835191.22
2000-01-20,224908.76,1099749.39,3989365.91
2000-01-21,225381.07,1104478.31,4014897.85
2000-01-24,214314.86,996018.54,3423503.4
2000-01-25,220058.5,1049405.13,3698753.07
2000-01-26,211982.35,972378.8,3291520.36
2000-01-27,210350.08,957306.92,3215157.09
2000-01-28,201746.77,878999.22,2820335.8
2000-01-31,209009.65,942199.26,3124650.03
2000-02-01,217240.56,1012270.47,3471104.14
2000-02-02,218565.72,1024721.39,3534972.45
2000-02-03,225996.96,1094402.45,3895893.14
2000-02-04,227352.94,1107644.72,3966408.81
2000-02-07,230808.7,1141317.12,4147673.69
2000-02-08,238402.31,1216415.78,4557049.08
2000-02-09,232871.38,1159974.09,4239878.46
2000-02-10,239997.24,1231080.5,4629523.3
2000-02-11,232893.32,1158200.54,4218421.63
2000-02-14,233894.76,1168276.88,4273261.11
2000-02-15,234526.28,1174702.41,4308301.85
2000-02-16,234573.19,1175289.76,4311317.66
2000-02-17,242056.07,1250155.71,4723479.63
2000-02-18,232688.5,1153393.66,4175083.64
2000-02-22,232897.92,1155354.43,4185938.86
2000-02-23,244682.55,1272391.83,4821782.97
2000-02-24,249551.74,1323033.03,5109643.42
2000-02-25,245184.58,1276726.87,4841387.14
2000-02-28,244228.36,1266640.73,4784258.77
2000-02-29,250382.92,1330479.42,5145470.31
2000-03-01,253366.66,1357199.72,5298291.03
2000-03-02,248983.41,1310104.89,5022779.89
2000-03-03,261258.3,1439150.22,5765146.76
2000-03-06,262094.32,1448360.78,5821068.69
2000-03-07,258189.12,1405199.63,5560866.92
2000-03-08,261416.48,1440329.62,5769399.43
2000-03-09,269677.24,1531358.45,6316915.43
2000-03-10,269731.18,1531971.0,6320705.58
2000-03-13,260290.59,1424886.22,5657663.57
2000-03-14,248551.48,1296219.0,4891615.92
2000-03-15,242859.65,1236722.55,4555072.74
2000-03-16,255998.36,1370412.25,5293905.54
2000-03-17,261118.33,1425228.74,5611539.87
2000-03-20,250569.15,1310070.26,4931982.4
2000-03-21,261644.3,1425749.46,5585470.06
2000-03-22,270304.73,1520276.65,6140665.79
2000-03-23,274061.96,1562540.35,6396117.48
2000-03-24,275870.77,1583322.13,6523400.22
2000-03-27,276643.21,1592188.74,6578196.78
2000-03-28,269505.82,1510031.8,6069044.35
2000-03-29,259534.1,1398440.45,5395987.33
2000-03-30,249905.39,1294676.17,4795413.94
2000-03-31,258577.1,1384656.16,5295096.08
2000-04-03,240190.38,1183061.88,4136919.66
2000-04-04,237668.38,1158217.58,4006606.69
2000-04-05,237430.72,1156016.96,3994987.53
2000-04-06,240754.75,1188385.44,4162777.0
2000-04-07,252816.56,1307461.66,4788442.39
2000-04-10,235549.19,1128731.65,3806811.7
2000-04-11,230296.44,1078503.09,3552516.68
2000-04-12,214060.54,926434.16,2801159.4
2000-04-13,209351.21,885763.7,2616562.99
2000-04-14,188981.34,713394.08,1852526.6
2000-04-17,207917.27,856358.25,2409396.1
2000-04-18,218895.3,946789.69,2791044.44
2000-04-19,211080.74,879188.9,2491844.47
2000-04-20,206500.28,841032.1,2329625.4
2000-04-24,197558.82,768198.72,2027007.06
2000-04-25,213343.77,890956.88,2513083.35
2000-04-26,206516.77,833935.64,2271827.35
2000-04-27,217524.11,922833.18,2635092.54
2000-04-28,222266.14,963160.99,2807691.11
2000-05-01,226107.63,992570.82,2934559.71
2000-05-02,214146.54,887556.83,2469138.54
2000-05-03,210291.9,855693.54,2336051.97
2000-05-04,210796.6,859800.87,2352871.54
2000-05-05,217731.81,916461.74,2585335.25
2000-05-08,207890.33,833613.6,2234763.79
2000-05-09,203379.11,797434.77,2089504.14
2000-05-10,191542.45,704613.36,1724676.72
2000-05-11,199625.54,764012.27,1942848.33
2000-05-12,201082.81,775166.85,1985396.7
2000-05-15,207336.48,823382.23,2170435.68
2000-05-16,215298.2,886617.98,2420252.82
2000-05-17,209614.33,839715.89,2228326.78
2000-05-18,202277.83,781019.75,1994575.3
2000-05-19,192487.58,705495.14,1705162.42
2000-05-22,192718.57,707258.88,1711471.52
2000-05-23,178476.66,602726.02,1332038.29
2000-05-24,187739.6,665288.98,1539436.65
2000-05-25,182952.24,631359.24,1421823.69
2000-05-26,183080.31,632243.14,1424809.52
2000-05-30,201534.8,759703.36,1855671.91
2000-05-31,196234.44,719666.99,1709073.83
2000-06-01,208263.08,804642.58,2010287.87
2000-06-02,222279.18,912867.01,2415963.96
2000-06-05,220767.68,900543.3,2366919.89
2000-06-06,215800.41,860018.85,2207152.8
2000-06-07,221109.1,902331.78,2370040.68
2000-06-08,219406.56,888435.87,2315529.74
2000-06-09,222544.07,913845.14,2414634.42
2000-06-12,215333.65,854627.97,2179931.95
2000-06-13,222870.32,914451.93,2408824.81
2000-06-14,217632.87,871564.14,2239243.54
2000-06-15,222050.82,906862.48,2375389.55
2000-06-16,224138.1,923911.5,2442613.07
2000-06-19,232789.83,995329.86,2725711.92
2000-06-20,232789.83,995429.39,2725984.5
2000-06-21,234931.49,1013745.29,2801221.67
2000-06-22,225111.36,928996.18,2449948.47
2000-06-23,218087.88,870933.92,2220388.3
2000-06-26,223191.14,911693.63,2376037.52
2000-06-27,218905.87,876684.59,2239177.76
2000-06-28,223174.53,910875.29,2369945.74
2000-06-29,216947.96,860048.45,2171581.28
2000-06-30,222740.48,905975.04,2345742.1
2000-07-03,225673.8,926236.2,2422964.22
2000-07-05,216488.87,850747.95,2126877.99
2000-07-06,225018.53,917701.81,2378062.28
2000-07-07,227853.77,940827.89,2467953.03
2000-07-10,223752.4,906958.09,2334930.36
2000-07-11,222119.01,893625.81,2283561.9
2000-07-12,231403.58,968332.92,2570148.92
2000-07-13,234689.51,995930.41,2679894.27
2000-07-14,239711.87,1038456.64,2851675.5
2000-07-17,240934.4,1049152.74,2895591.3
2000-07-18,234959.23,997009.85,2679869.75
2000-07-19,228027.93,938086.57,2442433.29
2000-07-20,237012.23,1012007.79,2731128.9
2000-07-21,231869.06,968086.65,2553332.41
2000-07-24,224866.62,909614.22,2321745.16
2000-07-25,229296.49,945543.98,2459192.47
2000-07-26,226499.07,922472.71,2369186.03
2000-07-27,218390.41,856423.66,2114735.45
2000-07-28,206269.74,761360.64,1762632.0
2000-07-31,214107.99,819147.91,1963395.78
2000-08-01,209371.55,779567.13,1819942.22
2000-08-02,207550.02,765924.7,1772259.74
2000-08-03,215478.43,824364.76,1975183.48
2000-08-04,215198.31,822138.97,1967282.74
2000-08-07,220664.35,863821.42,2116992.96
2000-08-08,219230.03,852678.12,2075923.29
2000-08-09,219624.64,855747.76,2087133.28
2000-08-10,213804.59,810393.13,1921206.18
2000-08-11,216733.71,832678.94,2000359.88
2000-08-14,221198.43,866985.31,2123782.08
2000-08-15,221375.39,868372.49,2128879.16
2000-08-16,221286.84,867764.63,2126537.39
2000-08-17,227792.67,918789.19,2313885.34
2000-08-18,226425.91,907671.84,2272004.01
2000-08-21,227625.97,917293.16,2307901.68
2000-08-22,227648.73,917384.89,2308363.26
2000-08-23,231746.41,950502.49,2433245.71
2000-08-24,234874.99,976166.05,2531792.16
2000-08-25,233794.56,967087.71,2496600.25
2000-08-28,235150.57,978402.63,2540290.75
2000-08-29,235009.48,977228.55,2535972.26
2000-08-30,235996.52,985534.99,2568179.11
2000-08-31,242462.82,1039640.87,2779540.25
2000-09-01,244250.53,1051166.36,2824520.89
2000-09-05,237558.06,993562.44,2592345.27
2000-09-06,228649.64,919144.62,2300965.67
2000-09-07,235554.85,974569.04,2509203.06
2000-09-08,227216.21,905569.55,2242725.69
2000-09-11,220854.16,854857.65,2054561.01
2000-09-12,218468.93,836478.21,1988198.69
2000-09-13,222925.7,870606.52,2110075.27
2000-09-14,222658.19,868604.13,2102690.0
2000-09-15,219028.86,840200.77,1999658.19
2000-09-18,213618.85,798694.86,1851483.52
2000-09-19,223808.47,874810.48,2116245.66
2000-09-20,225845.12,890644.55,2173807.55
2000-09-21,221531.48,856710.99,2049465.76
2000-09-22,220512.44,848914.92,2021388.07
2000-09-25,215793.47,812666.25,1891817.1
2000-09-26,213441.32,794950.13,1829954.68
2000-09-27,212801.0,790180.43,1813485.09
2000-09-28,221930.16,857977.91,2046880.62
2000-09-29,212720.06,786765.74,1792043.98
2000-10-02,206503.63,737589.27,1622969.32
2000-10-03,200246.57,692965.12,1475603.71
2000-10-04,206213.92,734335.14,1607670.24
2000-10-05,204481.72,721998.31,1567156.95
2000-10-06,197774.72,674635.22,1412791.99
2000-10-09,198190.05,677468.69,1421692.58
2000-10-10,190381.36,624151.9,1253790.68
2000-10-11,185145.87,589761.13,1150227.57
2000-10-12,179406.35,553195.94,1043256.41
2000-10-13,195732.33,653822.28,1327961.08
2000-10-16,194049.03,642511.16,1293566.89
2000-10-17,189430.66,611927.63,1201335.57
2000-10-18,187460.58,599260.73,1163974.04
2000-10-19,203207.27,699936.53,1457179.1
2000-10-20,206417.95,721984.53,1526103.67
2000-10-23,204353.77,707544.84,1480320.56
2000-10-24,200246.26,679101.53,1391057.23
2000-10-25,185568.21,579613.16,1085302.85
2000-10-26,189131.11,601812.34,1147707.76
2000-10-27,189622.86,604881.59,1156545.11
2000-10-30,183991.06,569012.11,1053612.6
2000-10-31,196005.67,643325.09,1260015.31
2000-11-01,193086.47,621419.98,1194842.46
2000-11-02,198068.1,653485.25,1287323.26
2000-11-03,198880.18,658778.48,1303028.61
2000-11-06,196990.82,646327.57,1266022.6
2000-11-07,196340.75,642061.8,1253488.97
2000-11-08,183146.65,555704.49,1000660.25
2000-11-09,183018.45,554982.07,998658.93
2000-11-10,173025.64,494433.53,835178.46
2000-11-13,169807.37,476090.05,788659.02
2000-11-14,181948.59,544170.92,957905.25
2000-11-15,184168.37,557503.11,993060.37
2000-11-16,175088.87,502589.05,846286.05
2000-11-17,175666.66,505906.14,854664.28
2000-11-20,167146.83,456833.25,730225.16
2000-11-21,166795.82,454914.55,725624.74
2000-11-22,159723.68,416292.3,633252.71
2000-11-24,169418.9,466788.56,748504.7
2000-11-27,165776.4,446763.33,700301.0
2000-11-28,156907.36,398959.65,587832.66
2000-11-29,155809.01,393414.11,575546.96
2000-11-30,150044.07,364301.47,511661.25
2000-12-01,153133.43,377387.12,538639.98
2000-12-04,153409.07,378783.45,541602.5
2000-12-05,171327.25,467305.14,731434.18
2000-12-06,164765.42,431556.3,647465.53
2000-12-07,163331.96,424090.38,630631.43
2000-12-08,173866.87,478798.04,752721.68
2000-12-11,178526.5,504413.73,813165.23
2000-12-12,171938.87,467188.0,723147.84
2000-12-13,165078.51,429859.68,636514.72
2000-12-14,158491.88,395556.87,560387.56
2000-12-15,153103.16,368659.01,503171.99
2000-12-18,152720.4,366815.71,499398.2
2000-12-19,144106.97,325438.9,414900.03
2000-12-20,132736.93,274084.64,316693.19
2000-12-21,133612.99,277675.15,322932.05
2000-12-22,146306.23,330461.2,414999.97
2000-12-26,144404.25,321869.2,398814.97
2000-12-27,147739.98,336771.75,426492.73
2000-12-28,148005.92,337984.13,428795.79
2000-12-29,140620.42,304287.11,364647.94
2001-01-01,141120.42,304787.11,365147.94
2001-01-02,128292.57,249346.33,265535.58
2001-01-03,152373.09,342950.95,415058.67
2001-01-04,148259.02,324397.3,381397.41
2001-01-05,136679.99,273726.44,291997.86
2001-01-08,137500.07,277038.53,297283.02
2001-01-09,139301.32,284296.94,308966.24
2001-01-10,145472.37,309457.22,349996.96
2001-01-11,152135.0,337803.5,398086.54
2001-01-12,151039.63,332905.35,389448.07
2001-01-16,148909.97,323517.42,372974.41
2001-01-17,154211.17,346551.86,412808.08
2001-01-18,160950.19,376840.5,466927.22
2001-01-19,160064.97,372657.57,459176.23
2001-01-22,159312.66,369117.32,452655.93
2001-01-23,164554.05,393405.24,497333.06
2001-01-24,164340.13,392382.39,495343.73
2001-01-25,156468.24,354792.15,424162.84
2001-01-26,158627.5,364619.9,441765.6
2001-01-29,162402.83,382012.26,473351.84
2001-01-30,161899.38,379643.79,468949.66
2001-01-31,156281.48,353334.47,420178.9
2001-02-01,157643.77,357691.27,427578.03
2001-02-02,149477.83,320670.22,361175.16
2001-02-05,149178.87,319419.61,359044.23
2001-02-06,149536.9,320952.82,361629.35
2001-02-07,145693.8,304455.85,333747.73
2001-02-08,142430.26,290816.23,311319.88
2001-02-09,136747.29,267638.17,274086.02
2001-02-12,138265.19,273579.74,283213.09
2001-02-13,133522.69,254812.17,254070.46
2001-02-14,139411.04,277286.6,287683.98
2001-02-15,143356.37,292981.03,312108.35
2001-02-16,133765.83,253809.46,249499.42
2001-02-20,126662.87,226880.28,209779.11
2001-02-21,124446.27,218962.16,198786.68
2001-02-22,122865.8,213400.52,191212.91
2001-02-23,124291.04,218372.75,197886.24
2001-02-26,126801.72,227195.01,209897.94
2001-02-27,118749.81,198363.96,169933.37
2001-02-28,115353.57,187017.54,155353.09
2001-03-01,119479.78,199256.14,170487.69
2001-03-02,114222.67,181701.68,147966.27
2001-03-05,116370.06,188533.66,156311.56
2001-03-06,119989.17,200260.45,170895.43
2001-03-07,121201.06,204305.71,176056.48
2001-03-08,117674.11,192415.12,160686.75
2001-03-09,110072.36,167574.33,129561.72
2001-03-12,102037.08,143108.48,101187.71
2001-03-13,108659.29,161683.96,120888.95
2001-03-14,105953.67,153615.93,111846.46
2001-03-15,103092.92,145320.67,102775.71
2001-03-16,100031.06,136688.62,93618.39
2001-03-19,105062.62,150453.16,107754.77
2001-03-20,98023.43,130277.39,86085.29
2001-03-21,97454.89,128753.15,84578.8
2001-03-22,103331.42,144293.65,99887.56
2001-03-23,103517.42,144827.54,100436.94
2001-03-26,101809.38,140048.23,95465.31
2001-03-27,105382.89,149865.61,105508.26
2001-03-28,97278.95,126816.28,81167.5
2001-03-29,94905.34,120627.65,75226.04
2001-03-30,95522.22,122183.74,76685.43
2001-04-02,92565.42,113850.51,68841.68
2001-04-03,85391.6,96203.68,52835.99
2001-04-04,83666.69,92307.44,49628.85
2001-04-05,92719.43,112282.76,65738.37
2001-04-06,88389.43,101806.78,56535.0
2001-04-09,90404.71,106459.35,60407.65
2001-04-10,97528.6,123226.7,74681.97
2001-04-11,100551.99,130854.43,81619.93
2001-04-12,104634.4,141492.9,91569.4
2001-04-16,100721.07,130909.23,81304.47
2001-04-17,102020.38,134286.69,84450.95
2001-04-18,111742.92,159881.73,108595.48
2001-04-19,119218.52,181273.91,130390.59
2001-04-20,118014.41,177612.17,126439.76
2001-04-23,110591.3,155250.8,102567.93
2001-04-24,107561.1,146743.06,94126.59
2001-04-25,110744.91,155430.25,102475.62
2001-04-26,107632.98,146695.07,93836.92
2001-04-27,110506.78,154543.25,101362.65
2001-04-30,113236.3,162177.69,108863.48
2001-05-01,117648.83,173869.91,120660.73
2001-05-02,120307.69,181728.83,128853.59
2001-05-03,115122.43,166063.81,112179.94
2001-05-04,117942.93,174200.93,120425.16
2001-05-07,116197.37,169062.01,115090.33
2001-05-08,118265.69,175097.52,121247.66
2001-05-09,115060.69,165589.73,111378.1
2001-05-10,112701.94,158783.99,104517.21
2001-05-11,111653.81,155830.61,101601.18
2001-05-14,110046.0,151358.27,97222.17
2001-05-15,110156.04,151645.85,97504.11
2001-05-16,116445.95,168978.97,114216.32
2001-05-17,118017.97,173541.4,118842.08
2001-05-18,118171.4,173992.61,119317.45
2001-05-21,125828.9,196542.05,142500.83
2001-05-22,125237.51,194694.56,140491.57
2001-05-23,120002.58,178418.09,122873.92
2001-05-24,122810.64,186768.06,131499.67
2001-05-25,120194.77,178811.74,123109.99
2001-05-29,114846.11,162897.49,106687.12
2001-05-30,109046.38,146461.14,90534.69
2001-05-31,110322.22,149902.97,93721.51
2001-06-01,113337.89,157246.31,100647.42
2001-06-04,113213.21,156900.37,100325.35
2001-06-05,118454.99,171413.65,114250.51
2001-06-06,117223.05,167831.1,110674.46
2001-06-07,120880.41,178320.55,121044.66
2001-06-08,116746.3,166141.26,108637.58
2001-06-11,113687.55,157435.45,100087.81
2001-06-12,114028.61,158380.07,100988.6
2001-06-13,110220.06,147800.28,90879.64
2001-06-14,105370.37,134779.07,78874.44
2001-06-15,104759.23,133229.11,77509.91
2001-06-18,102601.19,127740.07,72719.8
2001-06-19,103175.75,129183.54,73948.76
2001-06-20,105982.13,136224.04,79990.38
2001-06-21,107805.03,140923.77,84125.88
2001-06-22,106338.88,137104.74,80701.96
2001-06-25,107349.1,139709.73,83001.96
2001-06-26,107821.43,140953.14,84105.89
2001-06-27,108090.99,141657.91,84736.68
2001-06-28,111344.53,150199.88,92396.88
2001-06-29,112647.26,153729.58,95649.25
2001-07-02,112954.91,153705.2,95658.89
2001-07-03,112649.93,152875.19,94884.05
2001-07-05,108245.32,140935.64,83763.64
2001-07-06,103146.96,127673.59,71936.21
2001-07-09,104910.77,132027.26,75619.35
2001-07-10,100452.07,120804.94,65977.88
2001-07-11,101476.68,123269.37,68003.4
2001-07-12,108184.29,139577.9,81495.28
2001-07-13,108249.2,139731.44,81633.82
2001-07-16,104211.5,129293.5,72490.83
2001-07-17,106921.0,136016.76,78145.11
2001-07-18,103050.46,126155.55,69650.74
2001-07-19,104843.54,130545.76,73286.51
2001-07-20,103637.84,127556.26,70765.45
2001-07-23,100756.71,120476.89,64870.69
2001-07-24,99205.05,116766.2,61880.15
2001-07-25,100623.68,120117.39,64541.0
2001-07-26,103441.15,126831.95,69955.99
2001-07-27,104051.45,128315.89,71187.21
2001-07-30,103239.85,126314.16,69521.43
2001-07-31,104076.09,128373.08,71217.76
2001-08-01,107431.02,135896.66,77584.27
2001-08-02,108795.39,139334.85,80532.47
2001-08-03,107206.98,135266.27,77005.15
2001-08-06,105770.41,131654.66,73917.24
2001-08-07,105368.48,130654.09,73074.59
2001-08-08,101006.22,119848.99,64006.03
2001-08-09,101177.94,120244.49,64326.06
2001-08-10,100469.69,118549.05,62968.78
2001-08-13,102690.07,123800.77,67149.91
2001-08-14,101242.14,120309.59,64309.47
2001-08-15,97648.04,111755.58,57454.08
2001-08-16,98263.23,113174.87,58545.7
2001-08-17,94204.96,103815.31,51286.04
2001-08-20,95410.78,106472.98,53255.42
2001-08-21,91975.99,98817.58,47509.16
2001-08-22,94128.23,103442.24,50844.3
2001-08-23,92979.86,100928.59,48988.49
2001-08-24,98112.35,112071.11,57100.98
2001-08-27,98033.86,111891.79,56963.94
2001-08-28,94798.75,104518.12,51330.2
2001-08-29,93149.25,100880.89,48650.77
2001-08-30,90298.88,94706.98,44189.49
2001-08-31,91283.14,96762.12,45630.07
2001-09-04,88937.86,91231.87,41839.97
2001-09-05,88386.45,90100.6,41061.75
2001-09-06,85036.6,83270.97,36397.14
2001-09-07,84577.4,82363.32,35803.86
2001-09-10,85270.94,83714.08,36684.64
2001-09-17,78236.08,69892.88,27601.52
2001-09-18,76483.6,66761.68,25746.7
2001-09-19,75458.72,64972.47,24711.68
2001-09-20,72840.3,60456.88,22136.72
2001-09-21,70385.58,56382.09,19898.7
2001-09-24,74390.52,62792.73,23293.42
2001-09-25,74189.67,62447.37,23102.41
2001-09-26,73210.36,60798.76,22187.56
2001-09-27,71467.96,57910.82,20605.59
2001-09-28,72975.93,60348.87,21907.86
2001-10-01,72395.83,59065.99,21421.91
2001-10-02,72909.84,59898.82,21876.06
2001-10-03,78574.94,69201.11,26973.18
2001-10-04,79282.11,70446.73,27701.45
2001-10-05,79979.8,71686.59,28430.0
2001-10-08,80475.67,72575.51,28958.8
2001-10-09,78270.64,68598.37,26578.39
2001-10-10,82051.11,75224.97,30429.6
2001-10-11,87409.05,85049.35,36390.75
2001-10-12,87662.53,85534.14,36703.71
2001-10-15,86724.54,83703.71,35525.52
2001-10-16,88354.96,86850.96,37525.61
2001-10-17,82691.41,75725.36,30313.19
2001-10-18,83667.17,77512.47,31386.28
2001-10-19,84754.84,79520.05,32607.2
2001-10-22,86983.9,83710.75,35183.17
2001-10-23,87044.78,83827.95,35257.06
2001-10-24,89603.9,88748.65,38363.2
2001-10-25,93026.77,95520.17,42755.79
2001-10-26,91510.43,92396.66,40660.75
2001-10-29,86459.06,82196.07,33927.33
2001-10-30,84427.27,78332.86,31535.46
2001-10-31,85845.65,80964.84,33121.69
2001-11-01,90101.68,88552.28,38009.32
2001-11-02,90200.8,88755.95,38138.55
2001-11-05,93646.47,95536.9,42505.42
2001-11-06,96362.21,101068.49,46199.14
2001-11-07,96458.58,101280.74,46342.35
2001-11-08,95571.16,99407.04,45058.67
2001-11-09,95848.31,99983.6,45450.68
2001-11-12,96720.53,101803.3,46691.49
2001-11-13,100009.03,108725.93,51458.69
2001-11-14,100329.06,109432.65,51957.84
2001-11-15,100118.37,108973.03,51630.5
2001-11-16,100088.33,108907.65,51589.2
2001-11-19,102330.31,113786.71,55055.99
2001-11-20,98032.44,104240.0,48124.44
2001-11-21,98179.49,104552.72,48341.0
2001-11-23,99789.63,107982.05,50719.38
2001-11-26,102454.01,113759.09,54787.07
2001-11-27,101839.29,112382.61,53795.43
2001-11-28,98498.96,105010.31,48496.58
2001-11-29,101168.28,110712.37,52444.2
2001-11-30,100965.95,110258.45,52124.29
2001-12-03,99649.71,106804.37,49803.63
2001-12-04,103894.78,115893.42,56163.55
2001-12-05,109401.21,128178.13,65093.56
2001-12-06,109215.23,127742.32,64761.58
2001-12-07,106408.39,121189.14,59774.94
2001-12-10,104588.81,117056.59,56714.46
2001-12-11,105603.32,119315.78,58359.18
2001-12-12,106152.46,120556.67,59275.42
2001-12-13,101832.05,110731.3,52031.96
2001-12-14,102066.27,111251.74,52396.19
2001-12-17,104270.9,116057.81,55791.46
2001-12-18,105376.17,118506.63,57560.05
2001-12-19,103532.09,114358.9,54538.15
2001-12-20,98997.38,104341.06,47371.83
2001-12-21,100323.95,107147.83,49280.92
2001-12-24,100263.75,107019.26,49192.21
2001-12-26,101126.02,108859.99,50456.45
2001-12-27,102117.06,111004.53,51944.92
2001-12-28,103046.32,113024.81,53368.21
2001-12-31,100243.46,106876.26,49013.36
2002-01-02,102869.15,111918.28,52652.51
2002-01-03,106459.28,119741.36,58170.49
2002-01-04,106991.58,120938.78,59048.87
2002-01-07,105386.7,117298.52,56385.76
2002-01-08,106461.65,119679.68,58105.53
2002-01-09,105641.89,117836.61,56763.29
2002-01-10,105832.05,118249.04,57064.14
2002-01-11,104392.73,115032.67,54735.92
2002-01-14,102451.03,110753.45,51681.66
2002-01-15,103004.26,111949.59,52524.07
2002-01-16,99584.52,104527.33,47297.92
2002-01-17,102352.97,110339.05,51242.57
2002-01-18,98893.44,102891.17,46051.7
2002-01-22,95926.64,96717.7,41907.04
2002-01-23,98957.92,102830.25,45875.64
2002-01-24,99977.19,104948.56,47288.61
2002-01-25,99537.29,104025.01,46664.4
2002-01-28,99955.34,104909.22,47257.04
2002-01-30,98296.09,101436.73,44908.36
2002-01-31,99013.65,102917.7,45891.86
2002-02-01,98100.55,100480.64,44415.56
2002-02-04,94951.53,94039.83,40142.79
2002-02-05,93907.06,91961.55,38814.06
2002-02-06,92817.74,89837.24,37467.21
2002-02-07,90757.18,85848.47,34971.9
2002-02-08,93216.7,90501.45,37815.11
2002-02-11,94848.0,93678.05,39804.19
2002-02-12,94022.82,92048.06,38765.3
2002-02-13,95433.16,94809.5,40509.74
2002-02-14,94660.15,93273.58,39525.35
2002-02-15,92217.92,88469.99,36470.04
2002-02-19,89045.62,82383.26,32706.33
2002-02-20,90390.21,84879.47,34191.2
2002-02-21,86539.59,77647.74,29821.56
2002-02-22,87050.17,78556.22,30346.42
2002-02-25,90375.49,84557.91,33827.16
2002-02-26,89941.69,83737.7,33336.66
2002-02-27,88484.63,81024.6,31716.5
2002-02-28,87245.85,78764.01,30387.58
2002-03-01,92668.39,88149.51,36082.87
2002-03-04,96495.59,95430.66,40553.54
2002-03-05,96765.78,95974.62,40898.24
2002-03-06,98120.5,98661.9,42615.97
2002-03-07,97276.67,96955.05,41512.22
2002-03-08,100399.25,103169.87,45505.69
2002-03-11,100318.93,102994.48,45391.93
2002-03-12,98172.1,98586.32,42477.77
2002-03-13,95963.23,94140.08,39606.27
2002-03-14,95377.85,92991.57,38881.47
2002-03-15,96551.0,95288.46,40320.09
2002-03-18,97226.86,96622.5,41166.81
2002-03-19,97149.08,96467.9,41068.01
2002-03-20,93680.85,89589.74,36673.73
2002-03-21,96135.29,94275.28,39552.62
2002-03-22,94914.37,91890.12,38049.62
2002-03-25,92171.35,86578.87,34750.72
2002-03-26,92945.59,88024.74,35622.96
2002-03-27,92750.4,87655.03,35398.54
2002-03-28,93798.48,89644.8,36602.09
2002-04-01,95967.57,93335.93,39068.5
2002-04-02,91543.46,84739.69,33669.23
2002-04-03,90490.71,82790.68,32507.64
2002-04-04,90671.69,83121.84,32699.44
2002-04-05,89356.95,80711.31,31277.01
2002-04-08,90411.37,82616.09,32384.22
2002-04-09,87319.3,76965.15,29061.6
2002-04-10,88489.37,79020.12,30226.97
2002-04-11,85985.13,74539.68,27657.68
2002-04-12,87747.82,77603.26,29361.39
2002-04-15,87958.42,77975.76,29572.79
2002-04-16,91775.81,84744.05,33426.13
2002-04-17,91115.02,83515.26,32700.78
2002-04-18,90604.78,82588.25,32154.68
2002-04-19,89898.06,81299.87,31402.26
2002-04-22,87614.65,77169.84,29009.41
2002-04-23,85862.36,74083.04,27265.94
2002-04-24,84531.49,71786.47,25998.07
2002-04-25,84531.49,71786.47,25998.07
2002-04-26,81192.5,66115.34,22917.3
2002-04-29,80924.56,65678.98,22690.42
2002-04-30,82891.03,68870.97,24346.82
2002-05-01,82765.6,68323.47,24285.28
2002-05-02,80017.78,63786.79,21866.47
2002-05-03,77753.28,60182.84,20012.19
2002-05-06,75825.0,57191.75,18521.28
2002-05-07,75703.68,57003.02,18430.53
2002-05-08,83743.41,69116.16,24304.34
2002-05-09,80996.62,64589.05,21915.22
2002-05-10,77627.16,59215.24,19178.01
2002-05-13,81073.81,64473.56,21730.61
2002-05-14,85257.22,71120.78,25092.33
2002-05-15,85615.3,71718.2,25408.49
2002-05-16,85932.07,72241.74,25687.99
2002-05-17,86585.16,73332.59,26271.1
2002-05-20,84394.55,69614.63,24274.5
2002-05-21,82023.07,65702.28,22228.16
2002-05-22,82580.82,66602.41,22683.84
2002-05-23,84034.25,68946.81,23881.54
2002-05-24,81832.55,65334.0,22002.07
2002-05-28,81292.45,64478.12,21568.63
2002-05-29,79585.31,61770.04,20209.8
2002-05-30,80190.16,62702.77,20668.56
2002-05-31,78915.14,60708.82,19682.67
2002-06-03,76182.94,56226.42,17716.35
2002-06-04,77478.05,58132.5,18618.11
2002-06-05,78585.99,59789.27,19414.97
2002-06-06,76086.95,55992.66,17564.72
2002-06-07,74945.65,54312.88,16774.31
2002-06-10,74638.37,53872.94,16569.66
2002-06-11,72361.9,50586.69,15053.54
2002-06-12,73830.85,52640.51,15971.8
2002-06-13,72723.38,51066.56,15254.67
2002-06-14,72927.01,51347.43,15381.28
2002-06-17,75574.26,55080.38,17057.84
2002-06-18,74810.96,53967.76,16540.99
2002-06-19,72132.73,50103.67,14764.49
2002-06-20,69824.48,46902.04,13348.57
2002-06-21,68064.9,44533.49,12338.09
2002-06-24,69514.69,46430.62,13126.49
2002-06-25,67220.7,43361.55,11825.66
2002-06-26,67516.47,43743.14,11980.57
2002-06-27,69055.85,45737.82,12800.04
2002-06-28,69104.19,45806.43,12828.2
2002-07-01,66082.22,41615.59,11303.65
2002-07-02,63795.77,38739.95,10131.46
2002-07-03,65913.79,41316.16,11141.57
2002-07-05,70231.14,46728.57,13330.89
2002-07-08,67148.0,42625.81,11575.21
2002-07-09,65549.87,40601.08,10749.9
2002-07-10,63485.05,38043.21,9734.03
2002-07-11,66062.55,41136.13,10920.61
2002-07-12,66247.52,41366.49,11012.34
2002-07-15,67585.72,43037.69,11679.69
2002-07-16,66943.66,42219.98,11345.65
2002-07-17,68095.09,43676.57,11932.22
2002-07-18,65834.33,40776.44,10744.96
2002-07-19,63905.39,38386.94,9799.41
2002-07-22,62160.77,36291.02,8996.84
2002-07-23,59351.1,33013.94,7777.77
2002-07-24,62983.39,37054.84,9205.76
2002-07-25,59204.39,32604.56,7547.8
2002-07-26,60293.75,33804.4,7964.44
2002-07-29,64212.84,38198.98,9517.51
2002-07-30,64887.07,39004.97,9818.26
2002-07-31,63680.18,37553.99,9270.4
2002-08-01,60945.49,34214.34,8292.14
2002-08-02,59537.65,32637.06,7718.33
2002-08-05,57174.01,30045.68,6799.07
2002-08-06,60164.21,33188.46,7865.85
2002-08-07,61307.33,34452.94,8314.99
2002-08-08,63183.33,36564.9,9079.14
2002-08-09,62519.91,35800.7,8794.05
2002-08-12,62632.44,35926.0,8840.66
2002-08-13,60540.52,33526.14,7954.82
2002-08-14,64627.01,38048.82,9564.88
2002-08-15,65434.84,39003.84,9924.52
2002-08-16,66442.54,40201.26,10382.04
2002-08-19,68435.82,42613.34,11316.43
2002-08-20,67238.19,41121.87,10723.44
2002-08-21,69067.07,43363.01,11599.55
2002-08-22,69971.85,44499.12,12055.41
2002-08-23,67403.88,41228.44,10726.91
2002-08-26,67821.78,41743.79,10927.5
2002-08-27,65000.4,38270.71,9562.65
2002-08-28,63024.39,35943.85,8690.54
2002-08-29,64152.52,37230.64,9157.22
2002-08-30,62863.06,35730.24,8604.13
2002-09-03,60486.37,32944.16,7865.05
2002-09-04,61919.9,34505.71,8425.05
2002-09-05,59362.61,31652.09,7380.34
2002-09-06,62004.25,34469.13,8365.62
2002-09-09,62680.09,35217.11,8638.34
2002-09-10,63720.58,36386.32,9068.52
2002-09-11,63631.37,36284.43,9030.44
2002-09-12,61518.81,33878.78,8131.91
2002-09-13,62109.39,34532.64,8366.92
2002-09-16,61078.38,33386.15,7950.25
2002-09-17,60339.33,32581.55,7662.45
2002-09-18,60182.44,32412.12,7602.68
2002-09-19,58214.48,30292.37,6856.86
2002-09-20,58592.87,30689.2,6991.25
2002-09-23,56676.89,28682.13,6304.71
2002-09-24,56722.23,28728.02,6320.47
2002-09-25,59189.64,31224.48,7144.66
2002-09-26,58739.8,30749.87,6981.77
2002-09-27,57841.08,29808.92,6660.6
2002-09-30,55972.82,27880.29,6014.53
2002-10-01,59059.27,30979.92,7408.97
2002-10-02,57630.04,29480.49,6871.08
2002-10-03,56523.54,28345.49,6474.62
2002-10-04,55313.94,27132.31,6059.59
2002-10-07,54583.79,26416.01,5819.63
2002-10-08,55047.76,26865.09,5968.03
2002-10-09,54772.52,26596.44,5878.51
2002-10-10,57631.64,29373.1,6799.09
2002-10-11,60415.25,32210.55,7784.28
2002-10-14,61103.98,32944.95,8050.5
2002-10-15,64470.81,36578.77,9382.05
2002-10-16,61737.25,33476.89,8188.66
2002-10-17,64107.96,36047.92,9131.17
2002-10-18,64858.02,36891.44,9451.67
2002-10-21,66434.07,38684.36,10140.7
2002-10-22,65384.42,37461.94,9660.03
2002-10-23,67110.56,39439.93,10425.11
2002-10-24,65452.93,37495.54,9653.65
2002-10-25,67534.34,39876.51,10573.64
2002-10-28,66440.28,38588.5,10060.82
2002-10-29,65177.92,37118.27,9486.35
2002-10-30,66892.09,39070.7,10234.82
2002-10-31,67126.22,39344.19,10342.29
2002-11-01,69641.48,42222.89,11812.67
2002-11-04,71549.65,44536.7,12783.67
2002-11-05,71778.61,44826.19,12907.67
2002-11-06,72833.76,46148.56,13478.19
2002-11-07,70095.21,42678.19,11957.85
2002-11-08,68910.6,41235.67,11351.59
2002-11-11,66450.49,38295.57,10136.97
2002-11-12,68463.94,40616.28,11058.42
2002-11-13,69148.58,41428.6,11389.07
2002-11-14,72281.01,45186.18,12937.98
2002-11-15,72519.54,45479.89,13064.77
2002-11-18,71417.24,44101.85,12470.32
2002-11-19,70103.17,42478.9,11781.96
2002-11-20,73145.64,46170.31,13317.15
2002-11-21,76400.62,50274.86,15093.66
2002-11-22,76255.46,50083.81,15007.63
2002-11-25,77010.39,51075.47,15453.35
2002-11-26,74307.33,47489.97,13826.11
2002-11-27,76915.51,50823.77,15282.0
2002-11-29,76261.73,49959.76,14892.31
2002-12-02,77061.1,50853.35,15570.86
2002-12-03,74887.98,47980.14,14252.01
2002-12-04,73562.46,46276.84,13493.81
2002-12-05,72429.6,44856.14,12871.74
2002-12-06,73320.49,45955.12,13345.42
2002-12-09,69801.1,41548.02,11425.01
2002-12-10,71057.52,43039.6,12040.82
2002-12-11,71284.91,43310.75,12155.21
2002-12-12,71534.4,43613.92,12282.84
2002-12-13,69188.07,40752.85,11074.21
2002-12-16,71706.52,43719.65,12282.41
2002-12-17,71541.6,43518.54,12196.43
2002-12-18,69731.59,41316.51,11270.72
2002-12-19,69201.63,40692.63,11014.87
2002-12-20,69720.65,41303.02,11262.71
2002-12-23,71003.51,42827.1,11885.54
2002-12-24,70385.77,42081.91,11575.32
2002-12-26,69914.19,41518.01,11342.66
2002-12-27,68634.76,39998.45,10719.95
2002-12-30,68085.68,39358.47,10463.74
2002-12-31,67704.4,38913.72,10286.9
2003-01-02,71225.86,42901.84,12219.4
2003-01-03,71489.39,43215.02,12353.82
2003-01-06,73555.44,45717.17,13426.13
2003-01-07,74276.28,46608.66,13819.52
2003-01-08,72241.11,44059.16,12684.93
2003-01-09,74567.27,46892.17,13909.03
2003-01-10,75350.23,47876.9,14347.16
2003-01-13,75048.83,47493.89,14175.0
2003-01-14,75874.37,48534.0,14641.36
2003-01-15,74402.4,46646.03,13787.76
2003-01-16,73561.66,45591.83,13320.36
2003-01-17,70523.56,41821.39,11668.63
2003-01-21,69924.11,41110.42,11371.08
2003-01-22,71182.74,42590.4,11985.12
2003-01-23,72022.7,43591.27,12408.2
2003-01-24,68810.49,39707.29,10749.22
2003-01-27,68060.45,38841.67,10397.72
2003-01-28,69755.16,40779.87,11175.47
2003-01-29,70899.14,42113.37,11724.19
2003-01-30,68275.87,39001.19,10423.97
2003-01-31,69026.91,39863.12,10769.01
2003-02-03,69631.2,40488.25,11320.85
2003-02-04,67013.07,37439.48,10042.72
2003-02-05,67542.47,38031.02,10280.73
2003-02-06,67069.67,37498.59,10064.84
2003-02-07,66432.51,36786.12,9777.99
2003-02-10,68026.89,38548.17,10481.03
2003-02-11,67183.36,37596.03,10092.18
2003-02-12,66773.54,37137.36,9907.5
2003-02-13,65511.52,35737.28,9346.73
2003-02-14,68557.8,39057.28,10649.67
2003-02-18,70875.06,41697.55,11730.61
2003-02-19,69400.86,39967.1,10999.79
2003-02-20,69775.62,40394.75,11176.89
2003-02-21,71150.2,41986.3,11836.32
2003-02-24,69407.02,39924.77,10965.17
2003-02-25,69927.57,40527.64,11212.98
2003-02-26,67990.58,38278.35,10280.06
2003-02-27,69880.72,40402.8,11136.39
2003-02-28,70740.25,41400.75,11548.44
2003-03-03,69487.74,39839.23,11159.26
2003-03-04,69043.02,39329.29,10945.01
2003-03-05,69968.2,40379.38,11383.9
2003-03-06,69723.31,40096.73,11263.23
2003-03-07,69751.2,40128.81,11277.87
2003-03-10,67665.64,37733.12,10267.38
2003-03-11,67273.18,37299.18,10089.75
2003-03-12,68289.0,38425.62,10546.82
2003-03-13,72400.0,43048.22,12450.52
2003-03-14,71719.44,42238.92,12099.41
2003-03-17,75721.38,46957.0,14126.06
2003-03-18,76077.27,47398.4,14325.24
2003-03-19,74434.0,45350.79,13396.97
2003-03-20,76570.26,47953.92,14550.44
2003-03-21,77297.68,48869.84,14966.59
2003-03-24,73502.36,44075.71,12763.5
2003-03-25,75597.18,46588.03,13853.51
2003-03-26,75566.94,46550.76,13835.5
2003-03-27,75264.67,46178.35,13669.47
2003-03-28,73413.16,43910.99,12662.03
2003-03-31,72605.62,42944.95,12245.45
2003-04-01,73003.27,43327.65,12693.2
2003-04-02,75507.28,46299.93,13999.33
2003-04-03,76345.41,47327.79,14465.5
2003-04-04,73909.99,44308.27,13082.6
2003-04-07,74538.23,45057.08,13414.9
2003-04-08,74739.48,45295.88,13522.22
2003-04-09,72437.51,42505.66,12271.41
2003-04-10,73299.51,43513.04,12708.27
2003-04-11,72236.67,42246.81,12154.19
2003-04-14,74353.2,44726.7,13223.76
2003-04-15,74918.29,45411.02,13526.59
2003-04-16,74423.83,44807.05,13257.41
2003-04-17,76783.06,47643.34,14516.86
2003-04-21,75792.56,46418.91,13956.51
2003-04-22,78126.97,49273.67,15244.7
2003-04-23,78962.93,50333.05,15735.58
2003-04-24,78939.24,50302.85,15722.99
2003-04-25,76531.59,47234.38,14284.33
2003-04-28,78597.95,49780.31,15439.94
2003-04-29,78126.36,49177.97,15160.47
2003-04-30,79048.25,50343.49,15698.67
2003-05-01,79747.12,51097.7,16321.78
2003-05-02,81015.1,52722.61,17098.7
2003-05-05,82116.91,54161.94,17798.03
2003-05-06,82691.72,54914.79,18170.01
2003-05-07,80583.09,52114.14,16778.19
2003-05-08,80647.55,52197.52,16818.46
2003-05-09,81478.22,53272.79,17339.83
2003-05-12,82887.79,55116.03,18239.77
2003-05-13,83012.13,55286.89,18323.67
2003-05-14,81252.27,52937.19,17156.45
2003-05-15,81837.29,53704.78,17528.75
2003-05-16,81640.88,53447.0,17402.54
2003-05-19,79216.14,50272.25,15853.71
2003-05-20,78566.57,49452.81,15465.3
2003-05-21,78629.42,49531.93,15503.96
2003-05-22,81019.76,52543.48,16917.92
2003-05-23,80865.82,52343.81,16819.8
2003-05-27,83623.34,55908.42,18538.78
2003-05-28,84175.26,56646.42,18907.7
2003-05-29,85353.71,58226.85,19699.94
2003-05-30,85558.56,58500.52,19839.81
2003-06-02,84561.14,56947.3,19276.04
2003-06-03,85897.21,58746.83,20189.72
2003-06-04,88018.87,61643.05,21683.76
2003-06-05,88256.52,61969.76,21857.23
2003-06-06,86720.86,59813.21,20714.1
2003-06-09,85125.19,57612.09,19570.68
2003-06-10,86912.82,60031.79,20803.63
2003-06-11,88164.37,61766.71,21704.43
2003-06-12,87273.91,60512.85,21044.61
2003-06-13,86060.8,58836.64,20169.16
2003-06-16,89029.9,62890.49,22254.65
2003-06-17,88112.89,61594.94,21569.2
2003-06-18,89954.45,64163.45,22919.44
2003-06-19,87624.63,60839.79,21138.6
2003-06-20,87221.55,60273.98,20844.77
2003-06-23,85259.07,57561.65,19435.66
2003-06-24,85148.23,57406.23,19357.92
2003-06-25,85029.03,57245.49,19276.62
2003-06-26,87231.28,60205.08,20772.48
2003-06-27,85966.42,58465.16,19870.96
2003-06-30,85983.62,58488.54,19882.88
2003-07-01,87884.65,60893.87,21371.45
2003-07-02,89800.54,63548.85,22767.01
2003-07-03,88543.33,61775.83,21813.07
2003-07-07,92430.38,67199.75,24685.85
2003-07-08,93631.98,68940.23,25646.13
2003-07-09,92658.2,67506.27,24845.97
2003-07-10,90879.17,64914.03,23414.84
2003-07-11,91669.82,66043.53,24028.31
2003-07-14,93017.36,67985.21,25090.36
2003-07-15,92663.9,67468.52,24804.33
2003-07-16,92080.11,66618.42,24335.53
2003-07-17,90072.77,63713.86,22741.55
2003-07-18,91378.82,65561.56,23730.81
2003-07-21,88820.21,61883.56,21735.05
2003-07-22,91218.36,65225.27,23493.41
2003-07-23,91583.23,65747.07,23772.99
2003-07-24,90264.44,63853.55,22743.62
2003-07-25,92150.96,66522.63,24169.64
2003-07-28,92694.65,67307.6,24597.44
2003-07-29,90627.56,64298.95,22949.41
2003-07-30,90953.82,64761.9,23199.56
2003-07-31,93627.86,68576.38,25248.08
2003-08-01,91322.85,64959.43,23446.21
2003-08-04,92555.71,66713.33,24393.43
2003-08-05,88918.27,61462.99,21515.01
2003-08-06,89665.19,62495.57,22057.19
2003-08-07,88804.4,61295.66,21424.14
2003-08-08,87285.84,59193.21,20322.94
2003-08-11,89171.22,61744.44,21637.84
2003-08-12,89991.59,62886.71,22237.21
2003-08-13,89424.65,62094.34,21816.92
2003-08-14,90891.21,64124.83,22888.13
2003-08-15,91145.71,64477.51,23078.1
2003-08-18,93132.68,67288.73,24587.41
2003-08-19,94324.78,69011.32,25531.57
2003-08-20,94768.11,69660.03,25894.12
2003-08-21,94161.59,68761.42,25394.36
2003-08-22,94557.07,69345.89,25716.87
2003-08-25,93923.54,68423.59,25202.53
2003-08-26,94937.91,69901.54,26019.09
2003-08-27,95678.43,70992.0,26625.34
2003-08-28,96577.81,72333.75,27378.84
2003-08-29,97466.32,73664.69,28134.49
2003-09-02,99161.51,75966.89,29679.65
2003-09-03,98695.45,75252.81,29264.14
2003-09-04,100254.84,77623.27,30648.33
2003-09-05,98720.94,75248.0,29241.57
2003-09-08,101080.37,78852.38,31341.12
2003-09-09,99442.87,76297.56,29814.8
2003-09-10,97066.18,72642.91,27674.1
2003-09-11,98939.56,75446.92,29279.2
2003-09-12,98909.88,75401.65,29252.85
2003-09-15,98059.25,74104.74,28498.12
2003-09-16,100795.11,78239.79,30883.42
2003-09-17,99797.24,76690.64,29963.09
2003-09-18,102122.51,80256.76,32054.51
2003-09-19,100784.71,78146.0,30791.57
2003-09-22,98990.74,75364.01,29147.3
2003-09-23,101178.43,78702.63,31082.68
2003-09-24,97606.84,73138.36,27787.91
2003-09-25,96591.72,71617.08,26920.93
2003-09-26,95393.99,69833.81,25916.78
2003-09-29,97311.41,72648.12,27482.15
2003-09-30,94888.35,69022.97,25426.49
2003-10-01,97868.45,73138.17,27948.75
2003-10-02,97124.65,72019.16,27308.73
2003-10-03,101504.97,78522.48,31006.33
2003-10-06,101383.17,78334.03,30894.71
2003-10-07,102011.74,79297.54,31466.26
2003-10-08,100818.2,77449.91,30364.94
2003-10-09,101564.26,78603.91,31042.08
2003-10-10,102102.55,79437.11,31535.65
2003-10-13,102909.16,80700.16,32286.2
2003-10-14,104082.32,82532.06,33387.16
2003-10-15,103260.07,81228.05,32595.88
2003-10-16,104571.48,83283.12,33834.52
2003-10-17,101967.65,79135.62,31307.08
2003-10-20,103232.05,81098.18,32468.58
2003-10-21,104687.62,83385.15,33842.0
2003-10-22,101463.24,78248.63,30711.61
2003-10-23,101595.14,78459.9,30834.46
2003-10-24,100396.32,76608.24,29746.0
2003-10-27,100305.96,76462.69,29662.71
2003-10-28,104017.28,82120.93,32952.31
2003-10-29,104287.73,82547.96,33209.34
2003-10-30,103547.28,81375.77,32501.98
2003-10-31,103412.67,81164.2,32378.47
2003-11-03,106416.97,85592.25,35252.3
2003-11-04,104905.85,83169.99,33754.07
2003-11-05,105829.02,84642.09,34648.56
2003-11-06,106210.0,85251.52,35026.23
2003-11-07,105700.19,84433.1,34521.85
2003-11-10,103935.0,81613.04,32792.3
2003-11-11,103145.1,80380.68,32047.92
2003-11-12,106239.45,85203.52,34935.44
2003-11-13,106143.83,85058.67,34844.6
2003-11-14,103575.15,80941.84,32318.37
2003-11-17,101400.07,77550.37,30285.54
2003-11-18,100426.63,76061.4,29416.35
2003-11-19,101772.35,78092.24,30595.95
2003-11-20,102617.06,79380.77,31354.72
2003-11-21,101262.52,77285.11,30109.94
2003-11-24,104452.28,82154.08,32958.34
2003-11-25,103867.35,81233.95,32404.64
2003-11-26,103036.41,79926.08,31623.69
2003-11-28,105004.41,82979.26,33435.73
2003-12-01,107002.57,85858.42,35384.78
2003-12-02,105836.24,83986.71,34227.7
2003-12-03,104978.97,82634.52,33399.39
2003-12-04,106049.75,84320.26,34424.75
2003-12-05,103928.76,80939.02,32355.82
2003-12-08,104926.48,82501.14,33290.91
2003-12-09,102261.34,78301.84,30750.81
2003-12-10,101514.84,77158.63,30074.29
2003-12-11,105179.52,82737.2,33334.35
2003-12-12,103843.74,80635.67,32060.98
2003-12-15,103282.99,79764.81,31541.59
2003-12-16,104067.94,80969.26,32257.58
2003-12-17,102839.93,79066.48,31118.89
2003-12-18,105935.42,83818.38,33925.81
2003-12-19,104717.16,81898.93,32758.76
2003-12-22,104978.95,82316.62,33007.73
2003-12-23,107078.53,85609.28,34984.89
2003-12-24,107035.7,85532.24,34939.41
2003-12-26,106650.37,84907.85,34558.57
2003-12-29,108730.05,88210.77,36576.79
2003-12-30,108730.05,88210.77,36576.79
2003-12-31,107892.83,86852.32,35731.87
2004-01-02,108349.47,87282.44,36192.02
2004-01-05,111177.4,91838.58,39025.85
2004-01-06,111766.64,92802.89,39642.46
2004-01-07,112504.3,94037.16,40431.34
2004-01-08,113708.09,96049.56,41729.19
2004-01-09,114538.16,97451.88,42643.06
2004-01-12,114412.17,97227.74,42498.07
2004-01-13,112409.96,93834.5,40271.17
2004-01-14,114163.55,96762.13,42155.87
2004-01-15,114814.28,97874.9,42880.95
2004-01-16,115411.32,98883.01,43545.6
2004-01-20,114499.57,97320.66,42509.22
2004-01-21,115507.16,99033.5,43631.46
2004-01-22,113693.7,95913.94,41572.05
2004-01-23,112897.85,94571.15,40703.2
2004-01-26,115415.47,98789.02,43430.31
2004-01-27,112853.24,94402.79,40542.2
2004-01-28,110584.89,90598.36,38093.45
2004-01-29,109512.22,88831.69,36981.12
2004-01-30,110530.68,90475.08,38009.19
2004-02-02,110564.36,90219.98,38027.83
2004-02-03,111725.28,92105.58,39221.9
2004-02-04,109032.7,87666.09,36386.16
2004-02-05,110112.13,89393.11,37463.19
2004-02-06,111873.92,92244.75,39257.68
2004-02-09,111258.61,91230.06,38609.92
2004-02-10,112237.69,92835.71,39629.23
2004-02-11,113034.58,94153.98,40473.33
2004-02-12,111915.53,92280.31,39267.22
2004-02-13,110359.91,89705.69,37625.85
2004-02-17,112865.08,93787.3,40191.94
2004-02-18,113113.38,94190.59,40453.19
2004-02-19,110828.49,90385.29,37997.68
2004-02-20,111471.3,91442.8,38662.64
2004-02-23,108550.75,86660.34,35627.62
2004-02-24,110016.18,89008.83,37074.1
2004-02-25,109059.04,87468.98,36110.17
2004-02-26,110520.43,89821.89,37565.41
2004-02-27,108951.04,87279.94,35968.88
2004-03-01,111716.68,91422.8,38737.25
2004-03-02,110443.11,89338.36,37416.31
2004-03-03,110443.11,89347.3,37420.05
2004-03-04,111050.55,90330.12,38037.48
2004-03-05,112016.69,91910.89,39034.06
2004-03-08,108017.69,85357.65,34857.42
2004-03-09,107142.75,83974.85,34013.87
2004-03-10,106232.03,82547.28,33143.11
2004-03-11,105105.98,80805.53,32092.48
2004-03-12,107292.18,84167.04,34098.26
2004-03-15,104931.75,80455.28,31844.36
2004-03-16,104501.53,79795.54,31452.68
2004-03-17,107354.42,84160.36,34031.8
2004-03-18,105464.99,81206.33,32238.32
2004-03-19,104832.2,80223.73,31654.81
2004-03-22,102641.2,76870.38,29670.05
2004-03-23,102589.88,76793.51,29625.54
2004-03-24,104333.91,79396.81,31133.49
2004-03-25,106879.66,83271.38,33415.57
2004-03-26,106099.44,82047.29,32680.43
2004-03-29,108380.57,85575.32,34788.31
2004-03-30,108337.22,85515.42,34750.05
2004-03-31,108532.23,85831.82,34941.17
2004-04-01,109762.74,87480.04,36150.0
2004-04-02,112221.43,91407.89,38582.89
2004-04-05,113579.31,93629.1,39987.31
2004-04-06,111875.62,90810.87,38183.88
2004-04-07,112367.87,91600.92,38684.09
2004-04-08,111334.09,89915.47,37616.41
2004-04-12,112770.3,92235.28,39072.16
2004-04-13,110695.32,88831.8,36911.47
2004-04-14,111857.63,90697.27,38070.49
2004-04-15,109150.67,86316.59,35310.38
2004-04-16,109980.22,87628.6,36111.93
2004-04-19,110970.04,89205.92,37086.95
2004-04-20,108206.88,84772.38,34320.26
2004-04-21,109418.8,86662.81,35469.99
2004-04-22,112121.45,90935.29,38094.77
2004-04-23,111796.29,90398.77,37759.54
2004-04-26,111080.8,89232.62,37030.78
2004-04-27,111202.99,89428.93,37152.98
2004-04-28,109156.85,86137.95,35102.14
2004-04-29,107006.46,82744.11,33027.6
2004-04-30,105551.17,80493.47,31680.07
2004-05-03,106252.67,81309.35,32366.72
2004-05-04,108855.86,85293.51,34748.91
2004-05-05,108627.26,84935.27,34529.99
2004-05-06,106194.01,81138.67,32213.03
2004-05-07,106406.4,81463.22,32406.31
2004-05-10,106214.87,81161.81,32228.07
2004-05-11,107648.77,83353.18,33530.09
2004-05-12,107228.94,82711.36,33141.14
2004-05-13,107883.04,83720.44,33747.62
2004-05-14,105509.61,80045.11,31523.65
2004-05-17,105309.14,79748.94,31347.12
2004-05-18,106256.92,81184.42,32190.36
2004-05-19,105661.88,80267.04,31646.34
2004-05-20,105218.1,79584.77,31244.43
2004-05-21,105765.24,80420.41,31734.97
2004-05-24,106579.63,81658.88,32468.05
2004-05-25,109734.39,86484.92,35347.96
2004-05-26,110107.49,87073.02,35708.51
2004-05-27,109777.16,86550.58,35390.71
2004-05-28,111182.31,88766.28,36749.71
2004-06-01,111682.31,89275.21,37253.43
2004-06-02,112050.86,89864.42,37622.24
2004-06-03,109854.67,86341.74,35410.05
2004-06-04,110601.68,87515.98,36132.42
2004-06-07,113366.72,91891.78,38845.96
2004-06-08,113718.16,92452.32,39203.35
2004-06-09,111671.23,89124.04,37082.45
2004-06-10,112598.1,90612.41,38009.51
2004-06-14,110357.4,87006.04,35740.34
2004-06-15,113094.26,91330.24,38402.99
2004-06-16,112777.6,90809.65,38076.57
2004-06-17,110882.93,87758.45,36157.51
2004-06-18,112601.62,90487.74,37842.45
2004-06-21,110282.03,86750.59,35500.0
2004-06-22,112134.76,89656.74,37285.65
2004-06-23,113648.58,92077.47,38795.72
2004-06-24,112955.33,90944.92,38081.88
2004-06-25,114322.09,93154.88,39468.06
2004-06-28,112904.49,90844.64,37999.85
2004-06-29,114564.19,93515.47,39671.84
2004-06-30,115812.94,95554.11,40969.11
2004-07-01,112811.92,90271.65,37724.45
2004-07-02,112518.61,89793.21,37426.43
2004-07-06,110076.95,85896.19,34993.71
2004-07-07,111397.88,87957.69,36253.48
2004-07-08,109236.76,84553.73,34147.16
2004-07-09,109477.08,84934.22,34375.94
2004-07-12,109575.61,85087.11,34468.76
2004-07-13,108874.32,83997.99,33806.96
2004-07-14,107763.81,82276.03,32769.08
2004-07-15,109003.09,84168.38,33896.34
2004-07-16,106288.91,79976.79,31364.28
2004-07-19,107351.8,81584.33,32308.35
2004-07-20,108489.73,83313.92,33335.75
2004-07-21,105853.43,79264.86,30908.91
2004-07-22,107748.21,82110.47,32571.81
2004-07-23,104634.28,77372.69,29751.09
2004-07-26,103755.36,76072.83,29001.36
2004-07-27,106556.75,80188.37,31353.37
2004-07-28,106290.36,79787.43,31118.22
2004-07-29,105950.23,79284.77,30822.6
2004-07-30,107772.57,82020.1,32416.13
2004-08-02,107991.07,82090.99,32659.38
2004-08-03,105744.85,78676.01,30621.44
2004-08-04,106305.3,79502.1,31105.26
2004-08-05,103700.82,75598.55,28815.91
2004-08-06,100838.68,71425.51,26432.83
2004-08-09,100808.42,71382.65,26409.04
2004-08-10,103268.15,74873.27,28344.83
2004-08-11,101894.68,72881.64,27216.7
2004-08-12,99897.55,70017.39,25613.64
2004-08-13,99837.61,69933.37,25564.97
2004-08-16,102353.52,73465.0,27500.24
2004-08-17,102128.34,73141.76,27318.74
2004-08-18,104569.21,76645.25,29280.23
2004-08-19,103126.15,74537.5,28070.95
2004-08-20,105271.18,77645.72,29825.39
2004-08-23,105629.1,78173.71,30129.61
2004-08-24,104340.42,76258.45,29023.85
2004-08-25,106667.21,79667.21,30968.45
2004-08-26,105781.88,78344.73,30197.33
2004-08-27,106818.54,79880.29,31085.14
2004-08-30,104863.76,76956.67,29378.56
2004-08-31,103815.12,75425.23,28500.14
2004-09-01,104815.83,76654.11,29417.74
2004-09-02,108012.72,81330.01,32109.47
2004-09-03,105539.23,77613.23,29906.76
2004-09-07,105729.2,77900.4,30071.25
2004-09-08,105898.36,78157.47,30218.59
2004-09-09,107571.56,80635.06,31653.98
2004-09-10,108959.23,82715.45,32878.99
2004-09-13,110604.52,85221.73,34371.69
2004-09-14,110604.52,85213.2,34368.26
2004-09-15,108801.66,82435.25,32691.08
2004-09-16,108856.06,82517.69,32736.85
2004-09-17,109966.39,84192.8,33735.33
2004-09-20,110714.17,85337.82,34423.53
2004-09-21,110979.88,85755.98,34674.82
2004-09-22,108083.3,81270.94,31956.31
2004-09-23,108893.93,82490.0,32675.33
2004-09-24,107652.54,80600.98,31554.57
2004-09-27,106554.48,78956.72,30589.0
2004-09-28,107417.57,80235.82,31332.31
2004-09-29,108760.29,82233.69,32504.14
2004-09-30,108151.24,81312.67,31954.82
2004-10-01,112443.16,87531.38,35856.08
2004-10-04,112836.72,88152.85,36236.16
2004-10-05,113547.59,89263.58,36917.4
2004-10-06,114103.97,90129.44,37456.39
2004-10-07,112597.8,87750.02,35973.12
2004-10-08,110526.0,84520.82,33987.4
2004-10-11,111531.78,86059.1,34915.26
2004-10-12,111375.64,85818.13,34768.61
2004-10-13,110317.57,84187.59,33777.71
2004-10-14,110019.71,83732.97,33507.49
2004-10-15,111581.99,86119.36,34938.26
2004-10-18,112775.92,87970.93,36063.27
2004-10-19,111704.55,86290.69,35031.86
2004-10-20,112698.72,87818.03,35963.71
2004-10-21,114423.01,90505.26,37614.44
2004-10-22,111299.26,85563.68,34537.58
2004-10-25,111399.43,85726.25,34634.28
2004-10-26,111599.95,86043.43,34824.77
2004-10-27,114769.39,90930.7,37795.33
2004-10-28,115446.53,92003.68,38464.3
2004-10-29,114188.16,89988.8,37202.67
2004-11-01,116190.58,92859.61,39184.39
2004-11-02,117329.24,94679.66,40340.33
2004-11-03,116191.15,92833.4,39162.39
2004-11-04,118085.07,95859.77,41077.43
2004-11-05,117577.3,95044.96,40551.64
2004-11-08,118306.28,96223.52,41305.9
2004-11-09,119252.73,97772.72,42301.37
2004-11-10,117690.52,95220.85,40643.16
2004-11-11,119867.79,98753.55,42902.92
2004-11-12,121114.42,100807.62,44241.49
2004-11-15,121392.98,101281.42,44551.18
2004-11-16,119827.01,98658.23,42822.59
2004-11-17,122810.71,103571.41,46025.72
2004-11-18,122933.52,103768.19,46159.2
2004-11-19,120597.78,99825.0,43532.74
2004-11-22,121924.36,102021.15,44969.32
2004-11-23,120680.73,99939.92,43593.26
2004-11-24,123034.0,103827.58,46139.11
2004-11-26,122664.9,103194.23,45719.24
2004-11-29,121806.24,101759.83,44763.71
2004-11-30,122110.76,102258.46,45094.96
2004-12-01,125418.55,107475.07,48731.89
2004-12-02,126697.82,109678.31,50227.96
2004-12-03,125848.94,108208.62,49218.38
2004-12-06,126855.73,109939.96,50399.62
2004-12-07,124001.48,104992.66,46997.65
2004-12-08,125439.9,107428.49,48633.16
2004-12-09,126067.09,108513.52,49367.53
2004-12-10,125726.71,107927.54,48967.65
2004-12-13,125500.41,107549.8,48708.12
2004-12-14,127357.81,110733.27,50865.89
2004-12-15,126058.76,108463.24,49304.31
2004-12-16,124974.66,106608.52,48037.19
2004-12-17,124574.74,105926.22,47576.03
2004-12-20,123852.2,104697.48,46748.21
2004-12-21,125734.76,107880.28,48879.92
2004-12-22,126376.0,108980.66,49627.79
2004-12-23,126350.73,108926.17,49593.05
2004-12-27,124872.43,106377.3,47852.33
2004-12-28,126745.51,109557.98,50000.9
2004-12-29,127189.12,110324.89,50525.91
2004-12-30,126540.46,109199.57,49752.86
2004-12-31,126439.22,109024.85,49638.43
2005-01-03,125250.93,106611.49,48142.92
